ID,TYP,Q1_1,Q1_2,Q2K1_1_1,Q2K1_1_2,Q2K1_1_3,Q2K2_1,Q2K2_2,Q3,Q4A_1,Q4A_1_9999,Q4A_2,Q4A_2_9999,Q4A_3,Q4A_3_9999,Q4B_1_1,Q4B_2_1,Q4B_3_1,Q4C_1,Q4C_2,Q4C_3,Q5_1,Q5_2,Q5_3,Q5_4,Q5_5,Q6_1,Q6_2,Q6_3,Q6_4,Q6_5,Q6_6,Q6_7,Q7_1,Q7_2,Q7_3,Q7_4,Q7_5,Q7_6,Q7_7,Q8_1,Q8_2,Q8_3,Q8_4,Q8_5,Q8_6,Q8_7,Q8_8,Q8_9,Q9_1,Q9_2,Q9_3,Q9_4,Q9_5,Q9_6,Q9_7,Q9_8,Q9_9,Q10,Q11_1,Q11_2,Q11_3,Q12A_1,Q12A_2,Q12A_3,Q12A_4,Q12B_1,Q12B_2,Q12B_3,Q12B_4,Q13A_1,Q13A_2,Q13A_3,Q13A_4,Q13A_5,Q13B_1,Q13B_2,Q13B_3,Q13B_4,Q13B_5,Q14A_1,Q14A_2,Q14A_3,Q14A_4,Q14A_5,Q14B_1,Q14B_2,Q14B_3,Q14B_4,Q14B_5,Q15A_1,Q15A_2,Q15B_1,Q15B_2,Q16A_1,Q16A_2,Q16B_1,Q16B_2,Q17A_1,Q17A_2,Q17A_3,Q17A_4,Q17B_1,Q17B_2,Q17B_3,Q17B_4,Q18A_1,Q18A_2,Q18A_3,Q18A_4,Q18B_1,Q18B_2,Q18B_3,Q18B_4,Q19_1,Q19_2,Q19_3,Q19_4,Q19_5,Q20_1,Q20_2,Q20_3,Q20_4,Q20_5,Q20_6,Q20_7,Q20_8,Q20_9,Q20_10,Q21_1,Q21_2,Q21_3,Q21_4,Q22_1,Q22_2,Q22_3,Q22_4,Q23_1,Q23_2,Q23_3,Q23_4,Q23_5,Q23_6,Q23_7,Q23_8,Q24_1,Q24_2,Q24_3,Q24_4,Q24_5,Q25,Q26_1,Q26_2,Q26_3,Q26_4,Q26_5,Q26_6,Q26_7,Q26_8,Q26_9,Q26_10,Q26_11,Q26_12,Q27A_1_1,Q27A_2_1,Q27A_3_1,Q27A_4_1,Q27A_5_1,Q27A_6_1,Q27A_7_1,Q27A_8_1,Q27B_1,Q27B_2,Q27B_3,Q27B_4,Q27B_5,Q27B_6,Q27B_7,Q27B_8,Q27C_1,Q27C_2,Q27C_3,Q27C_4,Q27C_5,Q27C_6,Q27C_7,Q27C_8,사용빈도모두없음,Q28_1,Q28_2,Q28_3,Q28_4,Q28_5,Q28_6,Q28_7,Q28_9997,Q28_9997ET,Q29_1,Q29_2,Q29_3,Q29_4,Q29_5,Q29_6,Q29_7,Q29_8,Q29_9,Q29_10,Q30,Q31_1,Q31_2,Q31_3,Q31_4,EDQ1,EDQ2,WT
580,5,1,1,1, , ,2,2,1, ,1, ,1,38000, , , ,1,3,3,3,4,1,2,2,1,4,4,4,4,4,4,3,4,4,4,4,4,4,4,4,3,4,3,3,4,4,4,4,4,3,4,4,4,3,3,3,3,1,25,30,0,3,2,2,2,4,3,4,2,2,2,2,2,2,4,4,2,2,2,2,2,1,2,2,4,4,4,2,2,1,1,3,3,2,2,3,3,2,2,2,2,1,2,2,3,1,1,1,2,2,1,1,3,2,1,1,1,4,4,3,3,3,3,4,4,3,3,3,4,4,4,4,4,4,3,4,3,2,3,3,3,3,3,2,3,2,3,3,2,1,3,3,2,2,3,3,2,2,2,3,2,2,1,1,1, , , , ,1,1,4,1, , , , ,1,4,4,4,4,3,3,3,3, , , , , , , , , , ,3,3,3,3,3,3,3,4,3,3,4, , , ,4,22,1,1
584,5,2,1,1, , ,2,1,1,0, ,11000, ,40000, , ,1,1, ,3,3,4,1,2,2,1,4,4,4,4,4,4,4,4,4,4,4,4,3,4,4,3,4,3,3,4,4,4,4,4,3,4,4,4,4,3,3,3,1,25,30,0,4,4,2,2,4,4,4,2,1,1,2,1,2,4,4,2,2,3,3,2,2,2,2,4,4,4,2,2,1,1,3,3,2,2,4,3,3,2,2,2,3,2,2,2,3,2,3,3,3,3,3,3,1,1,3,1,4,3,4,3,3,3,3,3,3,3,3,4,3,3,3,3,3,3,3,3,3,3,3,3,3,3,3,3,3,3,2,2,1,3,3,3,3,3,3,3,4,4,3,3,2, ,1, , , , , ,1, ,3, , , , , ,1,2,3,2,3,3,3,3,3, , , , , , , , , , ,3,3,4,4,3,3,2,3,3,3,2, , ,3,4,33,1,1
585,5,2,1,1, , ,1,1,1,0, ,10000, ,33000, , ,1,1, ,2,3,3,1,2,2,2,4,4,4,2,4,2,3,4,4,4,4,4,3,3,4,3,4,3,4,4,4,4,4,4,4,4,4,4,4,3,3,3,1,20,30,10,4,3,3,2,4,3,4,2,1,3,2,2,2,4,4,2,2,2,2,2,2,2,2,4,4,4,2,2,2,2,4,3,2,2,4,3,2,1,1,1,2,1,1,2,1,1,2,2,2,1,2,3,2,1,3,1,4,3,4,4,3,3,3,3,3,3,3,3,3,3,3,3,3,3,4,3,2,3,3,3,3,3,3,3,2,3,3,2,1,3,2,2,2,3,3,2,2,2,3,3,3,1,1, , , , ,1,1,1,3, , , , ,1,2,3,4,3,3,3,3,4,3, , , , , , , , , , ,3,3,3,2,3,3,3,3,3,2,3, , , ,4,23,2,1
587,5,1,2,1, , ,1,2,1,10000, ,0, ,30000, ,1, ,1,2, ,2,3,1,3,2,2,4,4,3,3,4,3,3,4,4,4,4,4,4,4,4,3,3,3,3,4,4,4,4,3,3,4,3,4,3,3,3,3,1,15,30,10,4,2,2,2,4,2,4,2,1,1,1,2,2,3,4,2,2,2,3,2,2,2,2,4,4,4,2,2,1,1,3,3,2,2,4,3,2,2,2,2,2,2,2,2,2,2,2,2,2,2,2,3,1,1,3,1,4,4,3,3,3,3,4,4,3,3,3,4,3,3,4,3,3,2,3,3,2,3,3,4,3,3,2,3,2,3,3,2,1,3,3,2,3,3,3,2,2,3,3,3,3, ,1,1, , , , , , ,3,2, , , , , ,3,3,3,3,3,3,3,3, , , , , , , , , , ,3,2,3,2,3,3,3,3,3,3,4, ,2,3, ,21,2,1
597,5,1,2,1, , ,2,2,1,25000, ,0, ,45000, , , , ,3, ,3,3,1,3,2,1,4,4,4,4,4,4,4,4,4,4,4,4,4,4,4,4,4,4,3,4,4,4,4,4,3,4,4,4,3,4,3,3,1,25,30,0,4,4,2,2,4,3,4,3,1,2,2,2,2,3,4,2,2,2,3,2,2,2,2,4,4,4,2,2,2,2,3,3,2,2,4,3,1,1,1,2,2,2,2,2,2,1,2,3,3,1,2,3,1,1,3,2,4,3,4,4,3,3,3,3,3,3,3,4,4,3,3,3,2,2,3,2,2,2,3,3,2,3,2,2,2,3,2,1,1,3,2,2,2,3,3,2,2,2,3,3,3, ,1,1, , , , , , ,4,1, , , , , ,2,4,3,2,2,2,2,2, , , , , , , , , , ,3,3,3,2,3,3,2,2,3,2,4, ,2, , ,27,2,1
1195,5,1,2,1, , ,2,2,1,22000, ,0, ,38000, , , ,1,3, ,3,3,3,2,2,1,3,2,3,3,3,2,2,4,4,3,4,4,3,4,3,2,3,2,3,3,3,4,4,3,2,3,3,3,2,3,3,2,1,5,30,0,2,2,2,2,4,2,2,2,2,4,2,2,1,2,4,2,2,1,2,2,2,2,2,4,4,4,2,2,1,1,2,2,1,1,4,2,2,1,1,1,2,1,1,2,1,1,1,1,3,2,3,3,1,1,2,1,4,3,3,3,2,3,3,3,2,2,2,3,3,3,3,2,3,2,3,2,2,2,3,3,2,3,2,2,3,2,3,2,1,3,3,2,2,2,2,2,3,2,2,2,3, ,1,1, , , , , , ,3,1, , , , , ,3,3,3,2,2,2,2,2, , , , , , , , , , ,3,3,3,2,3,2,2,3,3,3,4, ,2, , ,39,2,1
1219,5,2,2,1, , ,1,2,1,0, ,17000, ,40000, , ,1,1, ,2,3,4,2,2,2,1,4,4,3,4,4,4,3,4,4,4,4,4,3,4,3,3,4,3,2,3,3,4,3,3,2,3,3,3,2,2,2,2,1,0,30,10,2,2,1,1,4,4,3,3,1,1,1,1,1,3,4,3,3,2,2,2,2,1,1,4,4,4,3,2,1,1,3,3,1,1,3,3,1,1,1,1,2,1,1,2,1,1,1,1,2,2,2,2,2,1,3,1,1,2,2,3,2,2,3,3,3,3,3,3,3,3,4,2,3,2,3,2,2,2,2,2,3,3,2,3,2,2,2,2,1,3,3,2,3,3,3,2,3,2,3,3,2, ,1,1, , , , , , ,3,2, , , , , ,2,4,3,3,3,2,3,3, , , , , , , , , , ,3,2,3,3,3,3,2,3,3,3,4, ,2,3, ,33,2,1
1221,5,1,2,1, , ,2,2,1,25000, ,0, ,35000, ,1, ,1,3, ,3,3,2,3,2,2,4,4,4,4,4,4,3,4,4,4,4,4,4,4,4,3,4,3,4,4,3,4,4,3,3,3,3,2,2,2,3,2,1,26,30,0,4,4,2,2,4,4,3,3,1,1,1,2,2,3,4,1,3,2,4,3,3,3,3,3,4,4,2,3,1,1,3,4,1,1,4,3,2,1,1,1,2,2,2,2,2,2,2,2,3,2,2,3,1,1,3,1,4,3,4,4,4,4,3,3,3,3,3,4,4,3,4,3,3,3,4,3,2,3,3,3,3,3,3,3,2,3,3,2,1,2,3,2,2,2,3,2,2,2,2,3,3, ,1,1,1, , , , , ,2,2,1, , , , ,3,4,4,4,3,3,3,3,1, , ,3, , , , , , ,3,2,3,3,4,3,3,3,4,3,3, , , ,4,36,2,1
1224,5,2,2,1, , ,2,1,1,0, ,22000, ,35000, , ,1,1, ,3,3,3,2,4,2,2,4,4,4,4,4,3,3,4,4,4,4,4,3,4,3,2,3,2,2,3,3,4,4,3,3,3,3,3,2,2,2,2,1,0,30,0,1,1,1,1,3,2,2,2,1,1,1,1,1,2,4,2,2,1,2,1,1,1,1,4,4,4,2,2,1,1,2,2,1,1,4,3,1,1,1,1,2,2,2,2,1,1,1,1,2,2,1,2,1,1,3,1,3,2,2,3,2,2,3,3,3,3,3,3,3,3,3,2,3,2,3,2,3,2,3,2,3,3,2,3,2,3,3,2,1,3,3,2,2,3,3,2,2,2,3,2,3, ,1, , , , , , , ,3, , , , , , ,2,4,3,2,2,2,2,2, , , , , , , , , , ,3,2,3,3,3,2,2,3,3,3,4, ,2, , ,36,2,1
1233,5,1,2,1, , ,2,2,1,20000, ,0, ,35000, , , , ,4, ,4,2,3,3,2,2,2,3,2,3,3,2,2,4,4,3,4,4,3,3,3,2,3,2,2,3,3,3,3,2,2,3,2,2,2,2,2,2,1,5,30,0,2,2,1,1,4,2,1,1,1,1,1,1,1,1,4,1,1,1,2,1,1,1,1,4,3,3,2,2,1,1,2,2,1,1,3,2,1,1,1,1,2,2,1,1,1,1,1,1,2,1,1,2,1,1,1,1,3,3,3,3,2,3,3,3,3,3,3,3,3,3,3,2,3,2,3,2,2,3,3,3,2,3,3,3,2,3,3,2,2,2,2,2,2,2,2,2,2,2,2,3,3, ,1, , , , , , , ,1, , , , , , ,3,3,3,3,3,3,2,2,1, ,2,3, , , , , , ,3,2,3,3,3,3,2,3,3,2,4,1,2, , ,46,1,0.944444444
1239,5,1,2,1, , ,2,2,1,20000, ,0, ,40000, , , ,1,3, ,4,2,3,3,2,2,2,3,2,3,3,2,2,4,4,3,4,3,3,3,3,2,3,2,2,3,3,4,4,3,3,3,3,3,2,2,2,2,1,2,30,0,2,2,1,1,4,2,2,2,1,1,1,1,1,2,4,2,2,2,2,1,1,1,1,4,3,3,2,2,2,2,2,2,1,1,3,2,1,1,1,1,3,2,2,2,1,1,1,1,2,2,1,2,1,1,2,1,3,3,3,3,2,3,3,2,2,3,3,3,3,3,3,2,2,2,3,3,3,2,3,3,3,3,2,3,2,3,2,2,1,2,3,2,2,2,2,2,2,2,2,2,3, ,1, , , , , , , ,3, , , , , , ,3,4,3,2,3,3,3,2, , , , , , , , , , ,3,2,3,2,3,3,2,3,3,2,4, ,2, , ,44,2,1
1242,5,1,1,1, , ,2,2,1,25000, ,0, ,35000, ,1, ,1,3, ,3,3,3,2,2,2,2,3,2,2,3,2,2,4,4,3,4,3,2,2,3,2,3,2,2,3,3,3,4,3,2,3,2,3,2,2,2,2,1,3,30,0,2,1,1,1,4,2,2,2,2,2,2,2,1,2,4,2,2,2,3,2,3,2,2,4,3,2,2,2,2,2,2,2,2,2,2,2,1,1,1,1,2,2,3,2,1,1,1,1,2,2,2,2,1,1,1,1,3,3,2,3,2,3,3,3,3,3,3,3,3,3,4,2,2,2,3,2,3,2,3,3,3,2,2,3,2,3,3,3,1,3,3,2,2,2,2,2,2,2,3,3,3, ,1, , , , , , , ,3, , , , , , ,3,4,3,3,3,2,2,2, , , , , , , , , , ,3,3,3,3,3,3,2,3,3,3,4, ,2, , ,45,2,1
1247,5,2,2,1, , ,2,2,1,0, ,0, ,30000, , , , , , ,4,2,3,2,2,2,2,2,2,2,2,1,1,3,3,2,3,3,2,2,2,2,3,2,2,3,3,3,3,2,2,2,2,2,2,2,2,2,1,0,30,0,1,1,1,1,4,1,1,1,1,1,1,1,1,2,4,1,1,1,1,1,1,1,1,3,3,3,2,2,1,1,2,2,1,1,2,2,1,1,1,1,2,1,1,1,1,1,1,1,2,1,1,2,1,1,1,1,3,3,3,3,2,3,3,3,3,2,2,3,3,3,3,1,2,2,3,2,2,2,2,3,2,2,2,2,2,3,2,2,2,2,2,2,2,2,2,2,1,2,1,2,2, ,1, , , , , , , ,2, , , , , , ,2,3,2,2,2,2,2,2,1, ,2, , , , , , , ,3,3,3,2,3,3,2,3,3,2,3,1, , , ,58,2,0.923076923
1316,5,1,2,1, , ,2,2,1,25000, ,0, ,45000, ,1, ,1,3, ,3,3,2,3,2,2,4,4,4,4,4,3,3,4,4,4,4,4,3,3,4,4,4,3,4,4,4,4,4,4,3,3,4,4,4,4,3,4,1,25,30,0,4,4,2,2,4,4,2,2,2,2,2,2,2,4,4,2,2,2,4,2,2,2,2,4,4,4,2,2,2,2,3,2,1,1,3,3,2,2,2,2,3,2,2,2,2,2,2,2,2,2,2,2,2,1,3,1,3,3,3,4,3,3,3,3,3,3,3,3,3,3,4,3,3,3,4,3,2,3,3,3,3,3,2,3,2,3,3,2,1,3,3,3,3,3,3,2,3,2,2,3,3, ,1,1, , , , , , ,3,3, , , , , ,3,4,3,3,3,3,3,3, , , , , , , , , , ,4,3,3,3,3,2,3,3,3,3,4, , ,3,4,35,1,1
1318,5,1,2,1, , ,2,2,1,20000, ,0, ,38000, ,1, ,1,4, ,4,3,3,3,2,2,4,4,4,4,4,3,2,4,4,4,4,4,3,3,3,2,3,3,3,3,3,3,3,3,3,3,3,3,2,3,2,2,1,5,30,0,3,2,2,2,4,2,2,2,1,1,1,1,1,2,4,2,2,2,2,2,2,2,2,4,3,2,2,2,1,1,2,2,1,1,2,2,1,1,1,1,2,2,2,2,1,1,1,1,2,2,2,2,1,1,3,1,1,3,4,3,3,3,4,3,3,3,3,3,3,3,4,3,3,3,4,2,3,2,3,3,3,3,2,3,2,3,2,2,1,2,3,2,2,2,3,2,2,2,3,2,3, ,1, , , , , , , ,3, , , , , , ,3,3,3,3,3,3,3,3, , , , , , , , , , ,3,3,2,3,3,3,2,3,3,2,3, ,2, , ,46,1,2
1323,5,2,2,1, , ,2,2,1,0, ,0, ,35000, , , , , , ,3,2,3,3,1,2,2,2,2,2,2,2,2,4,4,3,4,3,2,2,2,2,2,1,2,3,3,3,3,3,2,2,2,2,2,2,2,2,1,0,30,0,1,1,1,1,4,2,2,1,1,1,1,1,1,1,4,1,1,1,1,1,1,1,1,3,3,3,2,2,1,1,2,2,1,1,3,2,1,1,1,1,2,1,1,2,1,1,1,1,2,1,1,2,1,1,1,1,1,3,2,3,2,3,3,3,3,3,3,3,3,3,3,2,2,2,3,2,2,3,3,3,3,2,2,3,2,3,2,2,2,2,2,2,2,2,2,2,2,2,2,2,3, ,1, , , , , , , ,2, , , , , , ,2,3,3,2,2,2,2,2,1, ,2,3, , , , , , ,3,3,3,2,3,3,2,3,3,3,4,1, , , ,54,1,1
1324,5,2,2,1, , ,2,2,1,0, ,0, ,40000, , , , , , ,3,2,3,3,3,2,2,3,2,3,3,2,2,4,4,3,4,4,2,2,3,2,3,1,2,2,3,3,3,3,3,3,3,2,2,2,2,2,1,0,30,0,1,1,1,1,4,2,1,1,1,1,1,1,1,1,4,2,1,1,1,1,1,1,1,2,2,2,1,1,1,1,2,2,1,1,2,2,1,1,1,1,2,1,1,2,1,1,1,1,2,2,2,2,1,1,2,1,3,3,2,3,2,2,3,3,3,3,3,3,3,3,3,2,2,2,3,2,2,3,3,3,3,3,2,3,2,3,3,3,1,2,2,2,2,2,2,2,2,2,3,3,3, ,1, , , , , , , ,3, , , , , , ,3,3,3,3,3,2,3,2, , , , , , , , , , ,3,2,3,3,3,3,2,3,2,2,4,1, , , ,58,1,1
1327,5,1,2,1, , ,2,2,1,23000, ,0, ,33000, ,1, ,1,3, ,3,3,2,3,2,2,4,4,3,4,4,2,2,4,4,4,4,4,3,3,3,2,3,3,3,4,4,4,4,3,3,3,3,3,2,3,3,2,1,3,30,0,3,2,1,1,4,2,2,2,1,1,1,2,1,2,4,2,2,1,2,2,2,2,2,4,2,3,2,2,1,2,3,2,1,1,3,2,1,1,1,1,2,2,2,2,2,1,1,1,2,2,2,3,1,1,3,1,3,3,3,4,3,3,3,3,3,3,3,3,3,3,4,3,3,3,3,2,2,3,3,3,3,3,2,3,2,3,3,2,1,3,3,2,2,3,3,2,2,2,3,3,3, ,1,1, , , , ,1, ,3,3, , , , ,2,2,3,3,2,2,3,2,3, , , , , , , , , , ,3,3,3,2,3,3,3,3,3,3,3, , ,3, ,38,2,1
1331,5,2,2,1, , ,2,1,1,0, ,0, ,40000, , , ,1, , ,2,3,3,3,2,1,3,3,2,3,2,2,2,4,4,4,4,4,3,3,3,2,3,3,2,4,4,4,4,3,3,3,3,3,2,2,2,2,1,0,30,0,3,1,1,1,4,3,2,2,1,1,2,2,1,2,4,2,2,1,2,2,2,1,1,3,2,3,2,2,3,2,3,2,1,1,3,3,1,1,1,1,2,2,2,2,1,1,1,1,2,2,2,2,1,1,4,1,1,3,4,4,3,3,3,3,3,3,3,3,3,3,4,3,3,3,4,3,3,2,2,3,3,3,2,3,3,3,3,2,1,3,2,2,2,3,3,2,2,2,3,3,3, ,1, , , , , , , ,4, , , , , , ,3,4,4,3,3,3,3,3, , , , , , , , , , ,3,4,3,3,3,3,3,3,3,2,4,1,2, , ,37,2,1
1334,5,1,2,1, , ,2,2,1,20000, ,0, ,33000, ,1, ,1,4, ,4,2,3,3,2,2,2,3,2,3,3,2,2,4,4,3,4,4,3,3,3,2,3,2,2,2,4,3,3,3,2,3,2,3,2,2,2,2,1,2,30,0,2,2,2,2,4,2,2,2,1,1,1,1,1,2,4,2,2,1,2,1,1,1,1,4,2,3,2,1,1,1,2,2,1,1,3,2,1,1,1,1,3,2,2,2,1,1,1,1,2,1,1,2,1,1,3,1,1,3,2,3,2,3,3,3,3,3,3,3,3,3,3,2,3,2,3,2,3,2,3,3,2,3,2,2,2,2,2,2,1,3,3,2,2,3,2,2,2,2,3,3,3, ,1, , , , , , , ,3, , , , , , ,3,3,3,3,3,3,3,3, , , , , , , , , , ,3,3,3,3,4,3,2,3,3,2,4, ,2, , ,47,2,1
1337,5,1,2,1, , ,2,2,1,20000, ,0, ,35000, ,1, ,1,3, ,3,3,3,3,2,2,2,2,2,3,3,2,2,4,4,3,4,4,3,3,3,2,3,2,2,3,3,3,3,3,3,3,3,3,2,2,2,2,1,3,30,0,2,2,1,1,4,2,2,2,1,1,2,2,1,2,4,2,2,1,3,2,2,2,2,4,3,2,2,2,1,1,2,2,1,1,3,2,1,1,1,1,2,2,2,2,1,1,1,1,2,2,2,2,1,1,3,1,3,3,3,4,3,3,3,3,3,3,3,3,3,3,3,3,3,2,3,3,2,3,3,3,3,3,3,3,2,3,3,2,1,3,3,2,2,2,3,2,3,3,3,2,3, ,1,1, , , , , , ,3,2, , , , , ,3,4,3,3,3,3,3,3, , , , , , , , , , ,3,3,3,3,4,4,3,3,3,3,4,1,2, , ,44,2,1
1344,5,1,2,1, , ,2,2,1,22000, ,0, ,35000, ,1, ,1,3, ,3,2,4,3,2,2,2,3,2,3,3,2,2,4,4,3,4,3,2,2,3,2,3,3,2,3,4,3,3,3,2,3,2,2,2,2,2,2,1,7,30,0,3,1,1,1,4,2,1,1,1,1,1,2,1,2,4,2,2,1,2,2,2,2,2,4,3,3,2,2,1,1,3,2,1,1,3,2,1,1,1,1,2,2,2,2,1,1,1,1,2,2,2,2,1,1,2,1,2,3,3,4,2,3,3,3,3,3,3,3,3,3,3,2,2,2,3,3,2,2,3,3,3,3,3,3,2,3,2,2,1,2,3,2,2,2,2,2,2,2,2,2,2, ,1, , , , , , , ,3, , , , , , ,3,3,3,3,3,3,3,3, , , , , , , , , , ,2,2,3,3,3,3,2,3,3,2,4,1, , , ,48,2,1.014925373
1363,5,2,2,1, , ,2,2,1,0, ,0, ,33000, , , , , , ,3,2,3,3,1,1,2,2,1,1,2,1,1,3,3,2,3,3,2,2,2,1,2,1,2,2,3,3,3,2,2,2,2,2,2,2,2,1,1,0,30,0,1,1,1,1,2,1,1,1,1,1,1,1,1,1,4,1,1,1,1,1,1,1,1,3,2,2,2,2,1,1,2,2,1,1,2,2,1,1,1,1,2,1,1,2,1,1,1,1,1,1,1,1,1,1,2,1,2,2,3,3,2,3,2,2,3,3,3,3,3,3,3,2,2,2,3,2,2,3,3,3,2,3,2,2,2,3,2,2,2,2,2,2,1,2,2,2,1,2,2,2,2, ,1, , , , , , , ,2, , , , , , ,2,3,2,2,2,2,2,2,1, ,2,3, , , , , , ,2,3,3,3,3,3,2,3,3,2,4,1, , , ,55,2,0.923076923
1364,5,2,2,1, , ,2,2,1,0, ,0, ,35000, , , ,1, , ,2,2,3,3,2,2,2,3,2,3,3,2,2,4,4,3,4,3,2,2,3,2,3,2,2,2,3,3,3,3,2,2,2,2,2,2,2,2,1,0,30,0,2,1,1,1,3,1,1,1,1,1,1,1,1,1,4,1,2,1,1,1,1,1,1,3,2,2,2,1,1,1,2,2,1,1,3,2,1,1,1,1,2,1,1,2,1,1,1,1,1,1,1,1,1,1,2,1,2,2,2,3,2,3,2,2,3,2,2,3,3,3,3,2,2,2,3,2,3,3,3,3,3,3,2,3,2,3,3,2,1,2,2,2,2,2,2,2,2,2,2,2,2, ,1, , , , , , , ,3, , , , , , ,2,4,3,3,2,2,2,2, , , , , , , , , , ,3,2,3,3,3,2,3,3,3,3,3, ,2, , ,57,2,0.923076923
1367,5,1,2,1, , ,2,2,1,20000, ,0, ,35000, ,1, ,1,3, ,3,3,3,3,2,2,2,3,3,3,2,2,2,4,4,3,4,4,3,3,3,2,3,2,2,3,3,4,4,3,2,3,2,3,2,2,2,2,1,2,30,0,2,2,1,1,4,2,1,2,1,1,1,2,1,1,4,1,2,1,2,1,2,1,1,4,3,3,2,1,1,1,2,2,1,1,3,2,1,1,1,1,2,2,2,2,1,1,1,1,1,1,1,2,1,1,2,1,2,3,2,3,2,3,3,3,3,3,3,3,3,3,3,2,3,2,3,2,3,3,3,3,3,3,2,3,2,3,3,3,1,2,2,1,2,2,2,1,2,2,3,3,3, ,1, , , , , , , ,3, , , , , , ,3,4,4,3,4,3,3,4, , , , , , , , , , ,3,3,3,3,4,3,3,3,3,3,4,1, , , ,53,2,0.923076923
1368,5,2,2,1, , ,2,2,1,0, ,0, ,40000, , , , , , ,3,2,3,3,3,2,2,2,2,2,2,2,1,4,4,3,4,4,3,3,3,2,3,1,2,2,3,3,3,3,2,3,2,3,2,2,2,2,1,0,30,0,1,1,1,1,2,1,1,1,1,1,1,1,1,1,4,1,1,1,1,1,1,1,1,2,2,2,2,2,1,1,1,1,1,1,2,1,1,1,1,1,1,1,1,1,1,1,1,1,1,1,1,1,1,1,2,1,2,2,3,3,2,3,3,3,2,2,2,3,3,3,3,2,2,2,3,2,2,2,3,3,2,2,2,2,2,3,3,2,2,2,2,2,2,2,2,2,1,1,2,2,2, ,1, , , , , , , ,1, , , , , , ,3,3,3,3,3,2,2,2,1, ,2,3, ,5, , , , ,3,3,3,3,3,2,2,3,3,2,4,1, , , ,55,2,0.923076923
1370,5,2,2,1, , ,2,2,1,0, ,0, ,40000, , , , , , ,4,2,3,3,3,3,2,3,2,3,2,2,1,4,4,3,4,3,2,2,2,2,3,1,2,2,2,3,3,2,2,3,3,2,2,2,2,2,1,0,30,0,1,1,1,1,3,1,1,1,1,1,1,1,1,1,4,1,1,1,1,1,1,1,1,2,2,2,2,2,1,1,2,1,1,1,3,2,1,1,1,1,3,1,1,2,1,1,1,1,1,1,1,1,1,1,1,1,2,2,3,3,2,3,3,3,3,2,2,3,3,3,3,2,2,2,3,2,2,2,3,3,3,3,2,2,2,2,2,2,2,2,2,2,2,2,2,1,1,2,2,2,2, ,1, , , , , , , ,1, , , , , , ,3,4,3,4,3,3,3,3,1, ,2,3, , , , , , ,3,2,3,3,3,2,3,3,3,2,4,1, , , ,58,2,0.923076923
1406,5,1,2,1, , ,2,2,1,23000, ,0, ,40000, ,1, ,1,3, ,3,2,3,3,2,2,3,3,3,2,3,2,2,4,4,3,4,4,3,3,3,2,3,2,3,3,3,3,3,3,3,3,3,3,2,3,2,2,1,10,30,0,3,2,2,2,4,2,2,2,1,1,1,2,1,1,4,1,2,1,2,2,2,2,2,4,3,4,2,2,1,1,2,2,1,1,2,1,1,1,1,1,2,1,2,2,1,1,1,1,2,2,2,2,1,1,2,1,2,3,3,4,3,3,3,3,3,3,3,3,3,3,4,3,2,2,3,3,3,3,3,3,3,3,2,3,2,3,3,3,1,3,3,2,2,3,3,2,2,2,3,3,3, ,1,1, , , , , , ,4,2, , , , , ,3,4,4,3,3,3,3,3, , , , , , , , , , ,3,3,3,3,3,2,2,3,3,3,4,1,2, , ,56,1,1
1412,5,2,2,1, , ,1,2,1,25000, ,0, ,33000, ,1, ,1,3, ,2,3,3,2,2,2,3,3,2,3,3,2,2,4,4,4,4,4,3,3,4,2,4,3,3,4,3,4,4,3,3,3,3,3,2,3,3,2,1,0,30,5,2,2,2,2,4,2,2,2,1,1,1,1,1,2,4,1,2,1,2,1,2,1,1,4,4,2,2,2,1,1,3,2,1,1,3,3,1,1,1,1,2,2,2,2,1,1,1,1,3,2,2,2,1,1,3,1,3,3,3,4,3,3,4,4,3,3,3,3,3,3,4,2,3,3,3,3,2,2,3,3,3,3,2,3,2,3,3,2,1,3,3,2,2,3,3,2,2,2,3,3,3, ,1, , , , , , , ,3, , , , , , ,3,4,3,3,3,3,4,3, , , , , , , , , , ,4,3,3,3,3,3,3,3,3,3,4, ,2, , ,36,2,1
1414,5,1,2,1, , ,2,2,1,20000, ,0, ,30000, , , ,1,2, ,2,3,4,2,2,2,3,4,3,3,3,2,2,4,4,4,4,4,3,3,3,2,3,2,2,3,3,3,3,3,2,3,2,3,2,3,3,2,1,3,30,0,3,2,1,1,4,2,2,2,1,1,1,2,1,2,4,1,2,1,2,2,2,2,2,3,3,4,2,2,1,1,2,2,1,1,3,2,1,1,1,1,2,1,1,2,1,1,1,1,1,1,2,2,1,1,2,1,2,3,3,4,3,3,4,4,3,3,3,3,3,3,4,2,2,2,3,2,2,2,3,3,2,3,2,2,2,3,2,2,1,2,2,2,2,2,3,2,2,2,3,2,2, ,1, , , , , , , ,3, , , , , , ,3,4,3,3,3,3,3,3, , , , , , , , , , ,3,3,4,2,3,3,2,3,3,3,3, , ,3, ,47,2,1
1416,5,1,2,1, , ,2,2,1,20000, ,0, ,35000, ,1, ,1,3, ,3,3,3,3,2,2,3,3,3,3,3,3,2,4,4,3,4,3,3,3,3,2,4,2,3,3,3,4,4,3,3,3,3,3,2,3,3,2,1,2,30,0,2,1,1,1,3,1,1,1,1,1,1,1,1,2,4,1,2,1,2,2,2,1,1,4,3,3,2,2,1,1,2,2,1,1,3,2,1,1,1,1,2,2,2,2,1,1,1,1,3,2,2,2,1,1,3,1,3,2,3,3,3,3,3,3,3,3,3,3,3,3,3,2,3,2,3,3,2,2,3,3,2,3,2,3,2,3,3,2,1,3,3,2,2,3,3,2,2,2,3,2,2, ,1, , , , , , , ,3, , , , , , ,3,4,3,3,3,3,2,2, , , , , , , , , , ,3,3,3,3,4,3,3,4,3,3,4, ,2, , ,43,2,1
1420,5,2,1,1, , ,2,2,1, ,1,0, ,35000, , , , ,2, ,2,2,3,3,3,2,3,3,2,2,3,2,2,4,4,3,4,4,3,3,3,2,3,2,2,3,3,3,3,3,2,2,2,2,2,2,2,2,1,0,30,0,1,1,1,1,4,2,1,1,1,1,1,1,1,2,4,1,2,1,1,1,1,1,1,4,4,3,2,2,1,1,2,2,1,1,3,2,1,1,1,1,2,2,2,2,1,1,1,1,3,1,1,2,1,1,3,1,3,3,3,4,3,4,3,3,3,3,3,3,3,3,3,2,2,2,3,3,3,2,3,3,3,3,3,3,2,3,3,3,1,2,2,2,2,2,2,2,2,2,2,3,3, ,1, , , , , , , ,4, , , , , , ,3,4,3,2,2,2,3,2, , , , , , , , , , ,3,2,3,3,3,3,3,3,3,3,4,1, , , ,47,2,1
1422,5,1,2,1, , ,2,2,1,20000, ,0, ,40000, , , , ,3, ,3,2,3,3,2,2,2,2,3,3,3,2,2,4,4,3,4,4,3,3,3,2,4,3,2,3,3,4,4,3,3,3,2,3,2,2,2,2,1,3,30,0,3,2,1,1,4,2,2,2,1,1,2,2,1,3,4,1,2,1,2,2,2,2,2,4,4,4,2,2,1,1,3,2,1,1,3,3,2,2,2,2,2,2,2,2,2,2,2,2,2,2,2,2,1,1,3,1,3,3,3,4,3,3,3,3,3,3,3,3,3,3,3,2,3,2,3,3,3,3,2,3,2,3,3,3,2,2,3,2,1,3,2,2,2,2,3,2,2,2,3,3,3, ,1, , , , , , , ,3, , , , , , ,3,4,3,3,2,2,2,2, , , , , , , , , , ,3,4,3,4,3,4,3,3,3,3,3, ,2, , ,49,2,1
1424,5,2,2,1, , ,2,2,1,0, ,0, ,45000, , , , , , ,3,2,2,4,3,2,2,2,2,2,2,2,2,4,4,3,4,3,2,3,2,2,3,2,2,4,4,3,3,3,2,3,2,2,2,2,2,2,1,0,30,0,1,1,1,1,4,1,1,1,1,1,1,1,1,2,4,1,2,1,1,1,1,1,1,4,4,4,2,2,1,1,2,3,1,1,3,2,1,1,1,1,2,2,2,2,1,1,1,1,2,2,2,3,1,1,2,1,2,2,3,3,2,2,3,3,3,2,2,3,3,3,3,2,2,2,3,2,2,3,3,2,3,3,2,3,2,3,3,2,1,2,2,2,2,2,3,2,2,2,3,3,3, ,1, , , , , , , ,2, , , , , , ,2,3,2,2,2,2,2,2,1, ,2,3, , , , , , ,3,3,3,3,3,3,2,3,3,2,4, ,2, , ,51,2,0.923076923
1426,5,2,2,1, , ,2,2,1,0, ,0, ,35000, , , , , , ,3,2,4,4,2,2,2,2,2,2,2,2,2,4,4,3,4,3,2,3,2,1,3,1,2,2,3,3,3,3,2,3,2,3,2,2,2,2,1,0,30,0,1,1,1,1,3,1,1,1,1,1,1,1,1,2,4,1,2,1,1,1,1,1,1,2,2,2,2,2,1,1,2,2,1,1,3,2,1,1,1,1,2,1,1,1,1,1,1,1,1,1,1,1,1,1,1,1,2,3,2,3,2,3,3,3,3,2,2,3,3,3,3,2,2,2,3,2,2,2,3,3,2,3,2,2,2,3,3,2,2,2,2,1,2,2,2,2,1,2,2,2,2, ,1, , , , , , , ,1, , , , , , ,2,3,2,2,2,2,2,2,1, ,2,3, , , , , , ,3,3,3,3,3,3,2,3,3,2,4,1, , , ,57,2,0.923076923
1465,5,2,2,1, , ,2,2,1,0, ,0, ,35000, , , ,1, , ,3,2,4,3,2,2,2,3,2,3,2,2,2,4,4,3,4,3,2,3,3,2,3,1,2,2,3,3,3,3,3,3,3,3,2,2,2,2,1,0,30,0,1,1,1,1,4,1,2,1,1,1,1,1,1,1,4,1,1,1,1,1,1,1,1,2,2,3,2,2,1,1,2,2,1,1,3,2,1,1,1,1,1,1,1,1,1,1,1,1,1,1,1,1,1,1,2,1,2,3,3,4,3,3,3,3,3,3,3,3,3,3,3,2,2,2,3,2,2,3,3,3,2,3,2,3,2,3,3,2,1,2,3,2,2,2,2,2,2,2,2,3,3, ,1, , , , , , , ,2, , , , , , ,2,3,2,2,2,2,2,2,1, ,2, , , ,6, , , ,3,4,3,3,3,3,2,3,3,3,4,1, , , ,56,2,0.923076923
1471,5,2,2,1, , ,2,2,1,0, ,0, ,38000, , , ,1, , ,2,2,4,3,2,2,2,2,2,2,2,2,2,4,4,3,4,4,3,3,3,1,3,3,2,3,3,4,4,3,2,3,3,3,2,2,2,2,1,0,30,0,1,1,1,1,2,1,2,2,1,1,1,1,1,1,4,1,2,1,1,1,1,1,1,3,3,3,2,2,1,1,3,2,1,1,3,2,1,1,1,1,2,2,2,2,1,1,1,1,2,2,2,2,1,1,2,1,3,4,3,4,2,3,3,3,3,2,2,3,3,3,3,2,2,2,3,3,2,3,3,4,2,3,3,3,2,3,2,2,1,2,3,2,2,2,3,2,2,2,3,3,3, ,1, , , , , , , ,3, , , , , , ,2,4,2,2,2,2,2,2, , , , , , , , , , ,3,3,3,3,3,2,2,3,3,2,4,1, , , ,58,2,0.923076923
1480,5,1,2,1, , ,2,1,1,25000, ,0, ,40000, ,1, ,1,3, ,3,3,3,2,2,2,3,3,3,3,2,2,2,4,4,3,4,4,3,3,3,2,3,2,3,3,3,4,4,3,3,3,3,3,2,2,2,2,1,3,30,0,2,1,1,1,4,1,1,1,1,1,1,1,1,2,4,2,2,1,2,1,1,1,1,4,3,3,2,2,1,1,2,2,1,1,3,2,2,2,2,2,2,2,2,2,2,2,2,2,2,2,2,2,1,1,3,1,3,3,3,4,3,3,3,3,3,3,3,3,3,3,3,2,2,2,3,3,2,3,4,4,3,3,2,3,2,3,3,2,1,3,3,2,2,2,3,2,2,2,3,3,3, ,1, , , , , , , ,3, , , , , , ,2,4,3,2,3,3,2,2, , , , , , , , , , ,3,4,3,3,4,3,3,3,3,3,2, ,2, , ,52,2,0.923076923
1481,5,2,2,1, , ,2,2,1,0, ,0, ,38000, , , ,1, , ,2,3,4,2,2,2,2,2,2,2,2,2,1,4,4,3,4,4,3,3,2,1,3,1,2,2,2,3,3,3,2,2,2,2,2,2,2,2,1,0,30,0,1,1,1,1,3,1,1,1,1,1,1,1,1,2,4,1,2,1,1,1,1,1,1,2,2,2,2,2,1,1,2,2,1,1,3,2,1,1,1,1,2,2,2,2,1,1,1,1,2,1,1,1,1,1,1,1,2,3,3,3,2,3,3,3,3,2,2,3,3,3,3,2,2,2,3,2,3,2,3,3,3,2,2,3,2,3,2,2,2,2,2,1,2,2,1,1,1,2,2,2,2, ,1, , , , , , , ,1, , , , , , ,2,3,2,2,2,2,2,2,1, ,2,3, , , , , , ,3,3,3,3,3,3,2,3,3,2,4,1, , , ,56,2,0.923076923
2618,5,2,2,1, , ,2,2,1,0, ,0, ,90000, , , , , , ,3,2,1,2,4,1,3,3,2,2,3,2,3,3,2,3,3,2,2,2,3,2,2,2,2,3,3,2,3,3,2,2,2,2,2,2,2,2,1,0,30,0,1,1,1,1,3,2,2,2,1,1,1,1,1,2,2,2,3,2,1,1,1,1,1,3,3,3,2,3,1,1,2,2,1,1,2,2,1,1,1,1,2,2,2,2,1,1,1,1,2,2,2,2,1,1,1,1,1,2,2,2,2,2,2,2,2,2,2,3,3,3,3,2,2,2,2,2,2,2,2,2,2,2,2,2,2,2,2,2,2,1,1,1,1,1,1,1,1,1,1,1,1,1,1,1, ,1,1, , ,3,1,1, ,1,1, , ,3,3,3,3,3,3,3,3, , , , , , , , , , ,2,2,2,2,2,2,2,2,2,2,3, ,2, , ,29,1,1
2703,5,2,2,1, , ,2,2,1,0, ,0, , ,1, , , , , ,3,4,3,3,4,3,3,3,3,3,3,3,3,4,3,3,4,3,3,3,4,3,3,4,3,4,3,3,3,3,3,4,3,3,3,4,3,3,1,0,30,0,1,1,1,1,4,4,4,4,1,1,1,1,1,4,2,4,4,3,1,1,1,1,1,4,3,3,3,4,1,1,4,4,1,1,4,2,1,1,1,1,4,3,4,4,1,1,1,1,4,3,4,4,4,3,4,3,3,3,4,3,3,4,4,3,3,3,4,4,4,3,3,4,4,3,3,3,3,4,4,3,3,3,3,3,4,3,3,3,1,4,3,4,3,3,4,3,3,4,4,3,3,1, , ,1, , , , ,2, , ,2, , , , ,2,1,1,2,1,1,1,2,1, ,2,3, , , , , , ,4,3,3,4,3,3,3,4,3,3,4, ,2,3, ,24,1,1
2777,5,1,2,1, , ,2,2,1, ,1,35000, ,35000, , , , ,3,4,4,1,1,1,1,1,2,2,1,3,1,1,1,3,3,4,4,3,3,2,2,1,1,3,1,3,3,1,3,2,1,1,2,1,1,2,2,2,1,15,25,0,2,3,4,1,4,4,4,2,1,1,1,1,1,2,4,2,2,1,2,3,1,1,1,4,4,4,2,1,3,3,4,3,2,1,3,3,1,1,1,1,1,1,1,2,1,1,1,1,1,2,1,2,1,1,1,1,1,1,2,1,3,2,2,2,3,2,3,4,4,4,4,2,2,2,4,3,3,2,3,3,3,3,3,3,3,3,2,3,2,1,1,1,1,1,1,1,1,1,1,1,1, ,1, , , ,1, , , ,2, , , ,4, , ,2,3,3,4,3,4,3,3, , , , , , , , , , ,3,2,4,3,3,3,3,3,3,4,3,1,2,3,4,29,1,1
2781,5,1,2,1, , ,1,1,1, ,1, ,1, ,1, , , ,3,4,4,4,4,2,4,4,1,1,1,2,2,2,3,3,4,2,4,3,2,3,4,3,3,3,3,3,3,4,4,2,3,3,2,2,3,3,3,3,1,2,30,0,2,1,2,3,4,2,3,2,3,2,2,2,2,4,2,2,2,3,3,2,1,3,3,4,4,4,4,4,2,2,4,4,1,1,4,4,2,1,1,1,4,3,3,3,1,2,3,1,3,3,4,4,2,2,3,1,4,4,4,4,3,3,3,3,4,3,3,3,4,3,4,4,4,3,4,4,2,2,3,4,3,2,2,3,3,2,4,4,1,2,3,3,2,2,3,3,3,2,2,2,2,1,1,1,1,1,1,1,1,4,2,1,3,1,2,1,1,4,1,1,3,1,1,3,3, , , , , , , , , , ,2,4,2,2,2,2,2,2,2,2,1, ,2,3, ,14,1,1
2784,5,2,1,1, , ,2,2,1, ,1,37000, , ,1, , , ,3,3,3,3,3,3,4,4,2,2,3,3,3,2,2,3,3,3,3,3,3,3,3,3,2,3,2,3,3,3,3,3,2,3,3,3,2,3,2,2,1,3,30,0,4,2,3,3,4,2,3,4,1,1,1,1,1,1,1,1,1,1,2,2,2,2,2,2,2,2,2,2,1,1,1,1,2,1,2,1,1,1,1,1,1,1,1,1,1,1,1,1,1,1,1,1,1,1,1,1,1,3,3,2,3,3,2,2,3,2,2,2,2,2,2,2,2,2,2,2,3,2,2,2,2,3,3,3,2,3,2,2,2,2,2,2,2,2,2,2,2,2,2,2,2,1,1,1,1,1,1,1,1,1,1,1,1,1,1,1,1,1,1,1,1,1,1,1,1,1,1,2, , , , , , , ,3,2,3,2,2,2,2,3,3,3,4,1, , , ,15,1,1
2789,5,1,2,1,2, ,1,1,1, ,1, ,1, ,1, , , ,3,3,3,3,2,2,3,2,4,4,4,4,4,4,4,4,4,4,4,4,4,4,4,4,4,4,4,4,4,4,4,4,3,4,4,4,4,4,3,4,1,30,30,30,4,4,4,4,4,4,4,4,4,2,2,3,4,4,3,2,2,4,4,4,4,4,4,4,4,4,4,4,3,3,2,3,3,3,3,3,2,2,3,3,3,3,4,4,2,2,3,3,3,3,4,4,3,3,3,3,3,3,3,3,3,3,3,4,4,4,4,4,4,4,4,4,4,4,4,3,2,2,3,3,3,4,3,3,3,3,3,3,1,4,3,3,3,4,4,4,3,3,3,3,3,1,1,1,1,1,1,1,1,3,3,3,3,3,3,3,3,3,3,3,3,3,3,3,3, , , , , , , , , , ,4,3,4,3,4,4,4,3,4,4,1, , , ,4,26,1,1
2792,5,1,1,1, , ,1,1,1,38000, ,0, ,35000, ,1, ,1,2, ,2,2,2,2,3,3,2,3,3,3,2,3,4,3,3,4,4,3,3,4,3,3,4,3,3,4,3,3,4,4,4,4,3,4,4,4,3,4,1,30,30,30,2,3,2,2,4,4,4,4,3,3,3,3,3,4,4,4,4,4,2,2,3,2,3,4,4,4,4,4,2,3,3,3,3,3,3,3,3,3,3,3,4,4,4,4,4,4,3,3,3,3,3,4,3,3,3,4,4,4,4,4,4,3,3,3,4,4,4,3,3,4,4,4,4,4,4,4,4,4,4,4,4,3,3,4,4,3,4,4,1,4,4,4,4,3,4,4,4,3,4,4,4,1,1,1,1,1,1,1,1,1,4,1,4,3,1,3,4,2,3,3,4,2,3,3,4, , , , , , , , , , ,4,4,4,3,4,4,3,3,4,4,1, , ,3, ,29,1,1
2794,5,1,1,1, , ,1,1,1, ,1, ,1, ,1, , , ,2,2,3,4,4,4,4,4,4,4,3,3,4,4,4,4,4,4,4,4,3,4,4,4,4,4,3,4,4,4,4,4,4,4,4,4,4,4,4,3,1,1,4,5,4,4,4,4,4,4,4,4,4,4,4,4,4,4,4,4,4,4,4,3,3,4,4,4,2,2,4,4,4,4,4,4,4,4,4,4,4,4,4,4,4,4,4,4,4,4,4,3,4,4,4,3,3,2,3,3,3,4,4,4,4,4,3,4,4,3,4,4,4,4,4,4,4,4,4,3,4,3,3,4,4,4,4,4,3,4,4,4,1,4,3,4,4,4,4,4,3,4,4,3,4,1,1,1,1,1,1,1,1,3,2,1,3,2,2,1,1,3,2,1,2,2,2,3,1, , , , , , , , , , ,3,2,3,2,3,2,2,2,2,2,2, ,2,3, ,29,1,1
2796,5,2,2,1, , ,2,1,1, ,1, ,1,70000, , , , ,3,3,3,4,1,4,4,1,4,4,4,4,4,4,4,4,4,4,4,4,4,4,4,4,4,4,4,4,4,4,4,4,4,4,4,4,4,4,4,4,1,0,30,0,1,1,1,1,4,4,4,2,1,1,1,1,1,4,4,2,2,2,1,1,1,1,1,4,2,3,2,2,1,1,3,2,1,1,3,3,1,1,1,1,2,2,2,2,1,1,1,1,2,2,2,3,2,2,2,2,3,2,2,2,2,2,3,3,3,3,3,4,4,4,4,4,3,3,4,3,3,2,3,2,3,3,2,3,3,3,3,3,2,3,3,2,2,2,2,2,2,2,2,4,4,1,1,1,1,1,1,1,1,2,3,2,3,2,3,3,2,3,3,3,3,2,3,3,3, , , , , , , , , , ,3,3,3,3,3,4,4,4,4,4,2,1,2,3,4,24,1,1
2800,5,2,1,1, , ,2,1,1,20000, , ,1,60000, ,1, ,1,2,2,3,3,2,3,4,2,4,4,4,4,4,4,4,4,4,4,4,4,4,4,4,4,4,4,4,4,4,4,4,3,2,3,3,3,3,3,3,3,1,20,20,0,1,1,1,1,4,3,4,2,1,1,1,1,1,3,4,2,2,2,1,1,1,1,1,4,4,4,3,3,1,1,2,2,1,1,3,3,1,1,1,1,2,2,2,2,1,1,1,1,3,2,3,2,2,2,2,2,2,2,2,2,2,2,2,2,2,2,2,3,3,3,3,3,3,3,3,2,2,2,2,2,2,2,2,2,2,2,2,2,1,2,3,2,2,3,3,3,2,3,3,3,3,1,1,1,1,1,1,1, ,2,3,3,3,2,3,3, ,3,3,3,4,3,3,3,3, , , , , , , , , , ,3,3,3,3,3,3,3,3,3,3,2, ,2,3, ,23,1,1
2803,5,2,2,1, , ,1,1,1,0, ,0, ,80000, , , ,1, , ,4,4,1,1,4,1,3,3,3,2,3,3,3,3,3,3,3,3,3,3,4,4,4,4,4,4,4,4,4,4,3,4,4,4,3,4,3,3,1,0,30,0,1,1,1,1,4,4,4,2,1,1,1,1,1,4,4,2,2,2,1,1,1,1,1,4,4,4,4,4,1,1,4,4,1,1,4,4,1,1,1,1,3,3,2,3,1,1,1,1,2,2,2,2,2,2,2,2,4,2,2,2,2,2,2,3,3,3,3,4,4,4,4,4,4,4,4,3,2,2,2,3,2,3,2,3,2,2,2,2,2,3,2,2,2,2,2,2,2,2,2,2,2,1,1, ,1,1,1,1, ,1,1, ,1,1,1,1, ,3,3,3,3,3,3,3,3,1, ,2,3,4, , , , , ,3,3,3,3,3,3,3,3,3,3,2,1, , , ,22,1,1
2806,5,2,2,1, , ,2,2,1,0, ,0, ,70000, , , , , , ,3,3,1,1,2,2,4,4,4,4,4,4,4,4,4,4,4,4,4,4,4,4,4,4,4,4,4,4,4,4,4,4,4,4,4,4,4,4,1,0,30,0,1,1,1,1,4,4,4,3,1,1,1,1,1,4,4,2,2,2,1,1,1,1,1,4,4,4,3,3,1,1,3,3,1,1,3,3,1,1,1,1,2,2,2,2,1,1,1,1,3,3,3,3,2,3,3,3,4,2,2,2,2,2,3,3,3,3,3,4,4,4,4,4,4,4,4,3,1,3,3,2,3,3,2,3,2,2,3,3,1,3,3,3,2,3,3,2,2,2,3,3,3,1,1,1,1,1,1,1, ,2,3,3,2,1,3,3, ,3,4,4,3,2,3,3,3, , , , , , , , , , ,4,4,4,4,4,4,4,4,4,4,2, , ,3, ,23,1,1
2813,5,1,1,1, , ,2,1,1, ,1, ,1, ,1, , , ,2,2,3,4,1,3,2,1,4,4,4,4,4,4,4,4,4,4,4,4,4,4,4,4,4,4,4,4,4,4,4,4,4,4,4,4,1,4,2,4,1,22,30,0,3,4,2,4,4,2,4,2,1,2,2,1,4,4,4,3,4,2,1,2,4,4,1,4,4,4,3,2,1,1,4,4,3,3,4,4,1,1,1,1,1,1,1,1,4,4,4,1,4,4,4,4,4,1,4,1,4,4,4,4,4,4,4,4,3,4,3,4,4,4,4,4,4,4,4,4,3,3,3,4,3,3,3,4,4,4,4,4,1,4,3,2,3,4,4,2,3,2,4,3,4,1,1,1,1,1,1,1,1,1,4,3,3,1,1,1,3,1,4,3,4,1,1,1,3, , , , , , , , , , ,4,4,4,4,4,3,4,2,4,4,4, , , ,4,23,1,1
2817,5,1,1,1, , ,1,1,1, ,1, ,1, ,1, , , ,3,3,3,4,4,4,4,4,4,4,4,4,4,4,4,4,4,4,4,4,4,4,4,4,4,4,4,4,4,4,4,4,4,4,4,4,4,4,4,4,1,15,29,10,4,4,4,4,4,4,4,4,2,2,2,2,2,4,4,4,4,4,2,2,2,2,2,4,4,4,4,4,2,3,4,4,4,4,4,4,4,4,4,4,4,4,4,4,4,4,4,4,4,4,4,4,3,3,3,3,1,4,4,4,4,4,4,4,4,4,4,4,4,4,4,4,4,4,4,4,4,4,4,4,4,4,4,4,4,4,4,4,1,1,1,1,1,1,1,1,3,3,1,1,4,1,1,1,1,1,1,1,1,4,1,2,2,1,1,1,3,4,1,4,4,3,3,3,3, , , , , , , , , , ,4,4,4,4,4,4,4,4,4,4,3, , , ,4,20,1,1
2822,5,2,2,1, , ,1,2,1,0, , ,1, ,1, , , , ,3,3,3,3,3,4,3,3,3,3,2,4,4,3,4,3,4,3,4,4,3,4,4,4,3,4,3,3,4,4,4,4,4,4,3,3,4,3,3,1,25,30,0,4,4,4,4,4,4,4,4,2,4,2,2,4,2,3,4,4,4,3,3,4,4,2,4,4,3,4,4,2,2,4,4,3,3,3,4,3,3,3,4,3,4,3,3,3,4,4,3,3,3,4,3,3,3,4,2,3,4,4,4,3,3,3,4,4,3,3,4,4,3,4,3,3,2,3,3,3,3,4,4,3,3,3,3,3,3,4,3,1,3,3,3,3,3,4,4,3,3,3,4,4, ,1,1,1,1, , , , ,1,4,3,3, , , ,2,3,3,3,3,3,2,3, , , , , , , , , , ,3,3,4,3,3,4,3,4,3,3,3, ,2, , ,29,1,1
2825,5,1,1,1, , ,1,1,1, ,1, ,1,70000, , , , ,3,3,4,3,3,3,3,3,2,3,3,3,3,3,3,3,3,3,3,3,3,3,3,3,3,3,3,3,3,3,3,3,3,3,3,3,3,3,3,3,1,15,30,5,2,2,2,2,2,3,3,3,3,3,3,3,3,3,3,3,3,3,3,3,2,3,3,3,3,3,2,3,1,1,1,3,2,2,2,2,1,1,1,1,1,1,1,1,1,1,1,3,1,1,1,3,1,1,3,1,3,3,3,3,3,3,3,3,3,3,3,3,3,3,3,3,3,3,3,3,3,3,3,3,3,3,3,3,3,3,3,1,2,3,3,3,3,3,3,3,3,3,3,3,3,1,1,1,1,1,1,1,1,1,1,1,1,1,1,1,1,1,1,1,1,1,1,1,1,1,1,2,3, , , , , , ,3,3,3,3,3,3,3,3,3,3,2, , ,3,4,34,1,1
2827,5,1,1,1, , ,1,1,1, ,1, ,1,50000, , , , ,4,4,4,3,3,3,3,3,2,3,3,3,3,3,3,3,3,3,3,3,3,3,3,3,3,3,3,3,3,3,3,3,3,3,3,3,3,3,3,3,1,30,30,10,3,2,2,2,3,3,3,2,3,3,3,2,2,2,2,3,1,1,2,2,3,2,2,3,3,3,2,3,3,2,2,2,3,3,3,3,1,1,1,1,1,1,1,1,1,1,1,4,1,1,1,4,1,1,3,2,3,3,3,3,3,3,3,3,3,3,3,3,3,3,3,3,3,3,3,3,3,3,3,3,3,3,3,3,3,3,3,3,2,3,3,3,3,3,3,3,3,3,3,3,3,1,1,1,1,1,1,1,1,1,1,1,1,1,1,1,1,1,1,1,1,1,1,1,1,1,1,2,3, , , , , , ,3,3,3,3,3,3,3,3,4,4,2,1,2,3,4,32,1,1
2831,5,1,1,1, , ,2,2,1, ,1, ,1,70000, , , , ,4,4,4,2,3,2,3,2,2,2,1,2,2,1,3,3,3,2,3,2,1,3,3,2,2,2,2,3,3,3,3,3,2,3,2,2,2,3,2,2,1,15,30,0,3,2,2,1,3,3,1,1,3,3,3,1,1,3,3,3,1,1,3,3,3,3,1,3,3,3,3,3,1,3,1,1,3,3,3,3,1,1,1,1,1,1,1,1,1,1,1,4,1,1,1,3,1,1,1,1,3,2,2,3,2,2,2,3,3,3,3,3,3,3,2,3,3,3,2,3,3,2,2,3,3,3,2,3,3,3,3,3,2,3,3,3,3,3,3,3,3,3,3,3,3,1,1,1,1,1,1,1,1,1,1,1,1,1,1,1,1,1,1,1,1,1,1,1,1,1, ,2,3, ,5, , , , ,3,3,3,3,3,3,3,4,4,4,2,1,2,3,4,30,1,1
2837,5,1,1,1, , ,1,2,1,20000, , ,1,42000, , , , ,4,4,4,3,3,3,3,1,2,2,2,2,2,2,3,2,3,3,3,2,2,3,3,1,2,2,2,3,2,3,3,2,2,2,2,2,2,2,1,1,1,15,30,5,2,2,2,2,2,3,2,2,2,2,2,2,2,2,3,3,2,2,2,3,3,3,2,2,3,2,3,3,2,2,1,3,3,3,3,3,1,1,1,1,1,1,1,1,1,1,1,1,1,1,1,3,1,1,1,1,3,2,2,2,2,2,2,2,2,3,3,3,3,3,3,3,3,3,3,2,2,3,3,3,2,2,2,3,2,3,3,1,2,1,2,2,2,2,2,3,2,2,3,4,4,1,1,1,1,1,1,1,1,1,1,1,1,1,1,1,1,1,1,1,1,1,1,1,1,1, ,2, , ,5, , , , ,3,4,3,4,2,4,3,4,4,4,2, , , ,4,38,1,1
2841,5,1,2,1, , ,1,1,1,48000, ,0, ,50000, ,1, ,1,3, ,3,4,3,3,3,3,3,3,3,3,3,3,3,3,3,3,3,3,3,3,3,3,3,3,3,3,3,3,3,3,3,3,3,3,3,3,3,3,1,10,30,30,3,3,3,3,4,4,4,4,2,2,3,3,2,4,4,4,4,4,3,3,3,3,3,4,4,4,4,4,3,3,4,4,3,3,4,4,3,3,3,3,4,4,4,4,3,3,3,3,4,4,4,4,1,1,1,1,1,3,3,3,3,3,3,3,3,3,3,3,3,3,3,3,3,3,3,3,3,3,3,3,3,3,3,3,3,3,3,3,1,3,3,3,3,3,3,3,3,3,3,3,3,1,1,1,1,1,1,1,1,3,4,2,2,2,4,2,3,3,4,3,3,4,3,4,2, , , , , , , , , , ,3,3,3,3,3,3,3,3,3,3,1, ,2, , ,36,1,1
2842,5,1,1,1, , ,2,2,1,75000, ,40000, , ,1, , , ,3,3,3,2,3,3,3,3,1,1,1,2,2,1,3,2,2,2,3,2,2,3,3,2,2,2,2,3,3,2,3,2,2,2,2,2,3,2,2,2,1,10,20,0,2,2,2,1,3,2,4,2,1,1,1,1,1,2,2,2,2,2,2,1,1,1,1,4,3,3,1,1,1,1,1,2,1,1,1,1,1,1,1,1,1,1,1,1,1,1,3,1,1,1,3,2,1,1,1,1,1,3,3,3,3,3,3,3,3,3,3,3,3,3,3,3,2,2,3,2,2,2,2,4,3,2,2,2,3,3,3,3,2,2,2,2,2,2,2,2,2,2,4,2,3,1,1,1,1,1,1,1,1,2,1,1,2,1,1,1,1,3,3,3,3,3,3,3,3,1,1,2,3, , , , , , ,3,3,3,3,3,3,3,4,3,3,2,1,2, ,4,30,1,1
2846,5,2,1,1, , ,1,2,1, ,1, ,1,50000, , , , ,4,4,4,3,1,1,1,1,2,3,2,3,4,4,4,4,4,4,4,4,2,3,3,4,1,3,3,4,4,4,4,3,3,3,3,3,3,3,3,3,1,0,30,0,1,1,1,1,2,2,4,3,1,1,1,1,1,3,3,3,3,2,1,1,1,1,1,4,3,2,1,1,1,1,3,2,1,1,2,2,1,1,1,1,1,1,1,1,1,1,1,1,1,1,1,2,1,1,1,1,1,3,3,3,3,3,4,3,3,4,3,3,3,3,3,2,2,3,2,2,2,2,2,2,2,1,1,2,2,2,2,2,2,2,2,3,2,2,2,2,2,2,3,2,2,1,1,1,1,1,1,1,1,1,1,1,1,1,1,1,1,2,2,2,2,2,2,2,2,1,1, , ,4, , , , , ,3,2,2,2,2,2,2,3,3,2,4, , , ,4,32,1,1
2849,5,2,2,1, , ,1,2,1,0, ,0, ,22000, , , , , , ,2,3,3,3,3,3,2,2,2,3,2,2,3,2,2,2,2,2,2,2,4,4,4,4,4,4,4,3,3,3,2,3,4,4,3,3,3,2,1,0,30,0,1,1,1,1,2,3,3,1,1,1,1,1,1,4,4,4,1,1,1,1,1,1,1,3,4,4,3,2,1,1,1,1,1,1,1,1,1,1,1,1,1,1,1,1,1,1,1,1,1,1,1,1,1,1,1,1,1,3,3,4,4,2,3,3,3,3,2,3,3,3,3,3,3,3,3,3,3,3,3,3,3,3,2,3,2,2,3,3,2,3,3,3,2,2,3,3,3,2,3,3,3,1,1,1,1,1,1,1,1,2,3,2,2,2,2,2,2,3,3,4,3,2,3,3,3, , , , , , , , , , ,3,3,3,3,3,3,3,3,2,2,2, , ,3, ,37,1,1
2852,5,2,1,1, , ,2,2,1,24000, ,0, ,27000, , , , ,2, ,3,3,3,3,3,4,3,3,3,3,3,3,3,4,4,4,3,4,3,3,1,1,2,3,3,3,3,3,3,4,1,1,1,2,2,2,1,3,1,10,30,30,2,3,3,3,4,4,4,4,4,3,4,2,3,4,4,4,4,4,1,1,1,1,1,3,3,3,3,4,1,1,3,3,1,1,3,3,1,1,1,1,2,2,2,2,1,1,1,1,2,2,2,2,4,1,1,1,1,3,3,4,4,3,3,3,3,3,3,4,4,4,3,3,3,3,3,3,3,2,2,2,3,3,3,3,3,2,2,3,2,3,3,3,2,2,3,3,3,3,2,3,3,1,1,1,1,1,1,1,1,1,1,1,1,1,1,1,1,1,1,1,2,2,2,1,2,1, , ,3, , ,6, , , ,3,3,2,3,3,3,2,2,2,3,2, ,2, ,4,34,1,1
2855,5,2,2,1, , ,2,1,1,0, ,0, ,75000, , , , , , ,3,3,1,2,4,2,3,3,3,3,3,3,3,3,3,3,3,3,3,3,3,3,3,3,3,3,3,3,3,3,3,3,3,3,3,3,3,3,1,0,30,0,1,1,1,1,3,3,1,1,1,1,1,1,1,1,4,1,1,1,1,1,1,1,1,2,3,2,1,1,1,1,2,2,1,1,2,2,1,1,1,1,2,2,2,2,1,1,1,1,2,2,2,3,2,3,3,2,3,3,3,3,3,3,3,3,3,3,3,3,3,3,3,3,3,3,3,3,3,3,3,3,3,3,3,3,3,3,3,3,1,3,3,3,2,3,3,2,2,2,3,3,3, ,1, ,1,1,1,1, , ,3, ,3,3,3,3, ,3,3,2,3,3,4,4,3, , , , , , , , , , ,3,3,3,3,3,4,3,4,4,3,1, , ,3, ,36,1,1
2861,5,1,2,1, , ,2,2,1,25000, ,0, ,60000, , , ,1,2, ,3,3,2,2,4,2,3,2,3,3,3,3,3,3,3,3,3,3,3,3,3,3,3,2,3,3,3,3,3,3,3,3,3,3,3,3,3,3,1,15,20,0,3,3,2,2,3,3,3,2,2,3,2,2,2,2,4,2,2,2,2,3,3,2,2,3,3,3,2,2,1,1,1,1,1,1,2,2,2,2,2,2,2,2,3,3,1,1,1,1,2,3,3,3,2,3,3,2,4,3,3,3,3,3,3,3,3,3,3,4,4,4,4,3,3,3,3,3,3,3,3,3,3,3,3,3,3,3,3,3,1,3,3,2,2,2,2,2,2,2,3,3,3,1,1, ,1,1,1,1, ,2,2, ,2,3,3,3, ,3,3,3,3,3,3,3,3, , , , , , , , , , ,3,3,3,3,3,3,3,3,3,3,2,1,2,3, ,38,1,1
2889,5,1,1,1, , ,1,1,1, ,1, ,1, ,1, , , ,3,3,3,4,4,3,4,4,3,2,3,3,2,2,3,3,3,3,3,3,3,3,2,2,2,4,2,4,4,2,4,3,3,3,3,3,3,3,3,3,1,7,30,0,1,1,1,1,2,2,2,2,2,2,2,2,2,3,2,3,3,2,2,2,2,3,2,4,4,4,4,4,4,4,4,4,4,3,4,4,4,3,3,3,4,4,4,4,4,3,4,4,4,4,4,4,2,2,2,2,2,3,3,3,3,3,3,3,3,3,3,2,2,2,2,2,2,2,2,3,3,3,3,3,3,3,3,3,3,3,3,2,1,1,2,2,1,2,3,3,2,2,1,3,2,1,1,1,1,1,1,1,1,2,1,3,3,2,2,3,2,3,2,3,3,3,2,2,3, , , , , , , , , , ,3,2,3,2,1,2,3,2,1,3,3,1,2,3, ,29,2,0.952380952
2891,5,1,1,1, , ,1,2,1, ,1, ,1, ,1, , , ,3,3,2,4,1,1,1,1,3,3,3,3,3,1,3,3,3,3,3,4,2,4,4,4,2,3,3,4,4,4,4,4,3,4,4,3,2,3,2,3,1,20,30,20,3,4,4,4,4,4,2,2,2,2,2,2,3,3,4,2,2,3,2,1,2,3,2,3,2,2,3,3,1,3,3,3,4,3,4,3,2,3,2,1,3,2,3,2,3,3,3,3,3,2,2,2,3,4,2,1,2,3,3,3,3,3,3,3,3,3,2,3,3,3,3,3,3,3,3,4,4,4,4,4,4,4,4,3,3,4,4,4,1,1,3,3,3,3,3,3,3,2,3,3,3,1,1,1,1,1,1,1,1,4,1,2,2,1,1,1,3,3,3,3,2,3,3,3,4, , , , , , , , , , ,3,3,3,3,3,3,3,3,3,3,3, , , ,4,23,2,0.952380952
2894,5,2,1,1, , ,1,1,1,60000, , ,1,30000, ,1,1,1,4,4,4,3,1,1,3,1,3,2,2,3,3,2,2,3,3,3,3,3,3,3,3,3,3,3,3,3,3,3,3,4,4,3,3,3,1,3,3,3,1,30,30,30,4,4,4,4,1,3,2,2,4,2,2,4,3,3,1,1,2,1,3,4,4,1,1,2,2,2,1,1,3,3,3,3,3,3,3,3,1,1,1,1,1,1,1,1,1,1,1,1,1,1,1,1,1,1,1,1,1,4,4,4,2,4,4,4,4,4,4,4,4,4,4,4,3,3,3,3,3,3,3,3,3,3,3,3,3,3,3,2,2,3,3,3,2,2,4,4,3,3,4,4,3,1,1,1,1,1,1,1,1,2,2,1,2,1,1,1,1,3,3,3,3,3,3,3,3,1, , ,3, , , , , , ,3,3,3,2,3,3,3,3,3,3,3, , , ,4,17,2,0.952380952
2895,5,1,1,1, , ,2,2,1, ,1, ,1, ,1, , , ,4,4,4,3,2,2,4,2,1,1,1,1,1,1,1,3,2,1,4,4,3,3,3,1,1,4,3,3,3,3,4,3,2,3,3,2,3,3,2,2,1,30,30,30,2,3,3,2,3,2,3,2,3,3,3,3,1,4,4,4,4,3,3,2,3,2,2,3,3,3,2,2,3,3,3,3,2,2,2,2,3,1,1,1,3,1,1,1,2,2,1,1,2,1,1,1,1,2,1,1,1,1,1,2,2,3,2,3,3,3,3,3,3,3,3,2,2,2,2,3,1,1,3,3,2,1,2,3,1,2,2,1,1,2,2,2,2,2,2,2,2,2,4,4,4,1,1,1,1,1,1,1,1,1,1,3,3,1,1,1,1,3,3,3,3,3,3,3,3, , , , , , , , , , ,3,4,3,4,3,4,3,4,3,3,4,1, , , ,16,2,0.952380952
2896,5,1,1,1, , ,2,2,1, ,1, ,1, ,1, , , ,2,2,3,1,1,1,3,1,3,3,3,3,3,3,3,3,3,3,3,3,3,3,3,3,3,3,3,3,3,3,3,3,3,3,3,3,3,3,3,3,1,30,30,30,3,3,2,3,3,2,3,3,3,3,3,2,3,3,3,3,3,3,3,3,3,3,2,3,2,3,2,2,3,3,3,3,3,3,3,3,3,3,4,3,3,3,4,3,3,3,3,3,3,3,3,3,2,2,2,2,2,2,2,2,2,2,3,2,2,2,2,3,3,3,3,3,3,2,3,3,3,3,3,3,3,3,3,3,3,3,3,3,1,3,3,3,3,3,3,3,3,3,3,3,3,1,1,1,1,1,1,1,1,3,3,3,3,3,3,3,3,3,3,3,3,3,3,3,3, , , , , , , , , , ,3,3,3,3,3,3,3,3,3,3,3,1, , , ,15,2,0.952380952
2897,5,2,2,1, , ,2,2,1, ,1, ,1, ,1, , , ,3,3,3,3,2,2,3,2,1,1,1,1,1,1,1,3,3,1,4,3,3,3,3,1,3,1,2,3,4,3,3,3,2,3,2,2,1,3,2,1,1,0,30,0,1,1,1,1,2,2,4,1,1,1,1,1,1,3,4,2,1,1,1,1,1,1,1,3,4,2,2,1,1,1,1,3,1,1,3,2,1,1,1,1,1,1,1,1,1,1,1,1,2,1,2,3,2,1,2,2,3,3,3,2,3,3,3,3,3,3,3,4,4,4,4,3,3,3,4,2,2,2,2,3,3,3,2,2,2,2,2,3,2,3,3,3,2,3,3,3,2,3,3,2,2, ,1, ,1, ,1,1,1, ,1, ,2, ,1,1,1,3,3,3,3,3,4,3,3,1, , ,3, , , , , , ,3,3,4,2,3,2,3,2,3,3,4,1, , , ,25,2,0.952380952
2898,5,2,2,1, , ,2,2,1, ,1, ,1,57000, , , , ,3,3,3,3,3,4,3,3,3,3,3,2,2,2,3,3,4,4,3,3,3,4,3,3,2,3,3,3,4,3,3,3,3,3,4,3,3,4,3,3,1,15,30,20,3,2,2,2,3,3,3,2,2,2,2,2,3,4,3,2,4,2,2,3,2,4,1,4,3,4,2,2,3,2,3,3,3,2,4,2,2,2,2,3,3,3,4,4,2,2,1,1,3,2,2,3,3,2,2,2,3,3,3,3,3,3,3,3,3,3,3,3,3,3,3,3,3,3,3,3,3,3,2,3,3,3,3,3,3,3,3,3,2,2,1,2,2,2,1,2,2,1,2,2,2, , , , , , , , , , , , , , , , ,3,3,2,3,2,3,3,3, , , , , , , , , , ,2,2,2,2,3,2,2,2,2,2,2, ,2, , ,24,2,0.952380952
2901,5,1,2,1, , ,1,2,1,60000, ,0, ,70000, , , , ,4, ,4,4,4,4,4,4,3,3,3,3,3,3,3,3,3,3,3,3,3,3,3,3,3,3,3,3,3,3,3,3,3,3,3,3,3,3,3,3,1,25,30,25,3,4,4,2,3,3,3,3,3,3,2,3,3,4,4,4,4,4,3,4,4,2,3,2,4,4,2,3,3,3,3,3,3,3,3,3,3,1,2,3,4,1,1,3,4,4,4,4,4,4,4,4,4,4,1,3,3,3,3,3,3,3,3,3,3,3,3,3,3,3,3,3,3,3,3,2,2,2,2,2,2,2,2,2,2,2,2,2,1,2,2,2,2,2,2,2,2,2,2,2,2,1,1,1,1,1,1,1,1,2,2,2,2,2,2,2,2,3,3,3,3,3,3,3,3,1,1, , , , , , , , ,2,2,2,2,2,2,2,2,2,2,2,1, , , ,26,2,0.952380952
2902,5,1,2,1, , ,2,2,1, ,1, ,1, ,1, , , ,4,1,1,2,3,2,2,3,2,2,1,1,2,1,1,2,1,2,1,2,2,1,3,1,3,3,3,3,4,3,4,2,2,1,1,2,2,1,1,2,1,20,30,0,2,3,2,3,3,3,2,3,3,2,3,2,3,3,3,3,2,2,4,3,2,3,4,4,4,4,4,4,3,4,4,3,4,4,4,4,3,2,1,1,4,3,1,1,2,3,2,2,3,3,3,3,3,2,3,2,3,4,4,3,3,4,3,2,3,3,2,3,3,3,3,2,2,1,1,2,2,3,3,2,2,3,3,3,3,2,3,3,1,2,2,1,2,2,1,1,2,2,1,3,3,1,1,1,1,1,1,1,1,3,3,1,2,3,2,2,1,3,3,3,3,3,3,1,1, , , , , , , , , , ,3,2,2,2,3,3,2,2,3,2,3, ,2, , ,23,2,0.952380952
2906,5,1,1,1, , ,1,1,1,50000, , ,1,100000, , , , ,4,4,4,3,4,2,3,1,2,3,2,3,3,2,3,3,3,3,3,3,3,3,3,3,3,3,3,3,3,3,3,3,3,3,3,3,3,3,3,3,1,30,30,30,3,4,4,3,4,4,4,4,4,4,4,3,4,4,4,4,4,4,4,4,3,3,3,4,4,4,4,4,2,3,4,4,4,4,4,4,2,2,2,2,3,2,3,3,1,1,1,1,4,4,4,4,2,2,2,2,2,2,2,2,2,2,2,2,2,2,2,3,3,3,3,3,3,3,3,3,2,3,3,3,3,3,3,3,3,3,3,3,1,3,3,3,3,3,3,3,3,3,3,3,3,1,1,1,1,1,1,1,1,3,3,3,3,3,3,3,3,3,3,3,3,3,3,3,3, , , , , , , , , , ,4,4,4,4,4,4,4,4,4,4,2, ,2,3, ,21,2,0.952380952
2909,5,2,2,1, , ,2,2,1,0, ,0, ,80000, , , , , , ,4,4,1,2,4,2,3,3,2,3,3,3,3,3,3,3,3,3,3,3,3,3,3,3,3,3,3,3,3,3,3,3,3,3,3,3,3,3,1,0,30,0,2,2,2,2,3,3,3,3,2,2,2,2,2,3,3,3,3,2,2,2,2,2,2,3,3,3,3,2,2,2,3,3,2,2,3,3,2,2,2,2,3,3,3,3,2,2,2,2,3,3,3,3,2,2,2,2,4,3,3,3,3,3,3,3,3,3,3,4,4,4,4,4,4,4,4,3,3,3,3,3,3,3,3,3,3,3,3,3,2,2,3,2,3,3,3,2,2,3,3,3,3,1,1, , ,1,1,1, ,1,1, , ,1,1,1, ,2,3,2,3,3,3,3,3,1,1,2,3, , , , , , ,3,3,3,3,3,3,3,3,3,3,2,1,2,3, ,21,2,0.952380952
2912,5,1,2,1, , ,1,1,1,25000, , ,1,55000, ,1, ,1,2,2,3,3,1,3,3,1,2,3,3,2,3,2,2,3,3,3,3,3,3,3,3,3,3,3,3,3,3,3,3,3,3,3,3,3,3,3,3,3,1,10,20,0,3,2,3,2,2,3,3,2,2,3,2,2,2,2,3,2,2,2,2,2,2,2,2,2,3,3,2,2,2,2,2,2,3,3,3,3,2,2,2,2,2,2,2,2,2,2,2,2,2,2,2,2,2,2,2,2,2,3,3,3,3,3,3,3,3,3,3,3,3,3,3,3,3,3,3,3,2,2,2,3,3,3,2,3,2,2,3,3,1,3,3,2,2,2,2,2,2,2,2,2,2,1, , ,1, ,1,1, ,1, , ,1, ,1,1, ,3,3,3,4,3,3,3,3,1,1,2,3, , , , , , ,3,3,3,3,3,3,3,3,3,3,3,1,2, , ,20,2,0.952380952
2913,5,1,1,1, , ,2,1,1, ,1, ,1,80000, , , , ,4,4,4,4,1,1,4,1,3,3,2,3,3,2,3,3,3,3,3,3,3,3,3,3,3,3,3,3,3,3,3,3,3,3,3,3,3,3,2,2,1,30,30,0,1,1,1,1,1,1,1,1,1,1,1,1,1,3,3,3,3,2,1,1,1,1,1,3,3,2,2,2,1,1,4,3,1,1,2,2,1,1,1,1,2,1,3,2,1,1,1,1,3,2,3,3,1,1,1,1,1,1,1,2,2,2,2,2,3,2,3,4,4,4,4,3,3,3,3,1,1,1,1,2,2,2,1,1,1,2,2,2,2,2,2,2,2,2,2,2,2,2,2,2,2,1,1,1,1, , , , ,1,1,1,3, , , , ,1,1,1,3,2,3,3,2, , , , , , , , , , ,2,2,2,2,2,2,2,2,2,2,3,1,2,3, ,21,2,0.952380952
2918,5,2,2,1, , ,2,1,1,0, ,0, ,90000, , , , , , ,4,4,1,1,3,1,4,4,4,4,4,4,4,4,4,4,4,4,4,4,4,4,4,4,4,4,4,4,4,4,4,4,4,4,4,4,4,4,1,0,30,0,1,1,1,1,4,4,4,3,1,1,1,1,1,4,4,2,2,2,1,1,1,1,1,4,4,4,4,4,1,1,2,2,1,1,3,3,1,1,1,1,2,2,2,2,1,1,1,1,2,2,2,3,1,1,1,1,4,3,3,3,3,3,3,3,3,3,3,4,4,4,4,4,4,4,4,3,2,2,3,3,3,3,3,3,2,3,3,3,2,2,3,2,2,2,2,2,2,2,2,2,2,1,1,1,1,1,1,1, ,2,3,1,1,2,3,3, ,2,3,2,2,3,3,3,2, , , , , , , , , , ,4,4,4,4,4,4,4,4,4,4,2,1,2,3,4,23,2,0.952380952
2920,5,2,1,1, , ,2,1,1,40000, ,0, ,60000, ,1, ,1,4, ,4,4,1,1,1,1,3,3,3,3,4,3,4,3,3,3,3,3,3,3,4,4,4,4,4,4,4,4,4,4,4,4,4,4,4,4,4,4,1,20,30,0,1,1,1,1,4,4,4,4,1,1,1,1,1,4,4,4,4,4,1,1,1,1,1,4,4,4,4,4,1,1,3,3,1,1,4,2,1,1,1,1,3,2,2,2,1,1,1,1,2,1,3,3,2,1,1,1,4,3,3,2,2,2,2,2,2,2,2,3,3,3,3,3,3,3,3,4,2,3,2,3,2,2,2,3,1,2,3,2,2,1,2,2,2,2,2,2,2,2,2,2,2,1,1, ,1, , ,1, ,2,3, ,2, , ,2, ,2,3,3,2,3,3,2,3, , , , , , , , , , ,3,3,3,3,3,3,3,3,3,3,3, ,2,3,4,22,2,0.952380952
2925,5,1,1,1, , ,1,2,1, ,1, ,1, ,1,1, , ,3,3,3,3,3,3,3,3,3,3,3,3,3,4,4,4,4,4,4,4,4,4,4,4,4,4,4,4,4,4,4,4,4,4,4,4,4,4,4,4,1,20,30,10,4,4,4,4,4,4,4,4,4,4,2,2,3,4,4,3,2,2,1,4,4,2,2,4,4,4,4,4,2,2,4,4,3,3,4,4,4,4,4,4,4,4,4,4,3,3,3,3,4,4,4,4,4,4,4,4,4,4,4,4,4,4,4,4,4,4,4,4,4,4,4,4,4,4,4,4,4,4,4,4,4,4,4,4,4,4,4,4,1,3,3,3,3,3,3,3,3,3,3,3,3,1,1,1,1,1,1,1,1,3,3,2,2,2,3,2,2,3,3,2,2,2,3,3,4, , , , , , , , , , ,4,4,4,4,3,3,3,4,4,4,3, ,2,3, ,25,2,0.952380952
2927,5,1,1,1, , ,2,2,1, ,1,38000, , ,1, , , ,3,3,3,3,3,3,3,3,3,3,4,4,4,3,3,4,4,4,4,4,3,4,3,2,3,3,2,4,4,4,4,3,2,3,2,3,3,3,2,2,2, , , , , , , , , , , , , , , , , , , , , , , , , , , , , , , , , , , , , , , , , , , , , , , , , , , , , , , , , , , , ,2,2,2,2,2,2,3,2,3,3,3,3,3,3,2,2,2,3,3,3,2,2,3,3,3,3,2,2,3,2,1,1,2,3,2,2,3,2,2,3,3,3,2,3,1,1, , , , , , ,2,2, , , , , , ,2,3,3,3,2,3,3,2,1,1,2,3, , , , , , ,3,2,3,2,3,3,3,3,3,3,3, , , ,4,20,2,0.952380952
2929,5,1,1,1, , ,1,2,1, ,1, ,1, ,1,1, , ,3,3,3,3,3,3,3,3,3,3,2,4,4,3,4,4,4,4,4,4,4,4,4,4,4,4,4,4,4,4,4,4,4,4,4,4,4,4,4,4,1,20,30,30,4,4,4,4,4,4,4,4,4,4,2,2,4,4,4,2,2,4,2,4,4,4,2,4,4,4,4,4,2,2,4,4,3,3,4,4,4,4,4,4,4,4,4,4,3,3,3,3,4,4,4,4,4,4,4,4,4,4,4,4,4,4,4,4,4,4,4,4,4,4,4,4,4,4,4,4,2,3,3,3,3,2,2,4,4,4,4,4,1,3,3,3,3,3,3,3,3,3,3,3,3,1,1,1,1,1,1,1,1,3,2,4,4,4,4,3,4,4,4,4,4,4,4,4,4, , , , , , , , , , ,4,4,4,4,4,4,4,4,4,4,2, , , ,4,22,2,0.952380952
2932,5,1,1,1, , ,1,1,1, ,1, ,1, ,1,1, , ,3,3,3,4,4,4,4,4,4,4,4,4,4,4,4,4,4,4,4,4,4,4,4,4,4,4,4,4,4,4,4,4,4,4,4,4,4,4,4,4,1,10,30,10,4,4,4,4,4,4,4,4,4,4,2,2,4,4,4,3,3,1,1,4,4,2,2,4,4,4,4,4,2,3,4,4,3,4,3,3,4,4,4,4,4,4,4,4,4,4,4,4,4,4,4,4,3,2,2,2,2,3,3,3,3,3,3,3,3,3,3,3,3,3,3,4,4,4,4,3,2,3,3,3,3,3,3,4,4,4,4,4,1,3,3,3,3,3,3,3,3,3,3,3,3,1,1,1,1,1,1,1,1,3,3,2,2,2,2,2,2,3,3,3,3,3,3,3,3, , , , , , , , , , ,3,3,3,3,3,3,4,4,4,4,2, ,2, ,4,28,2,0.952380952
2934,5,2,1,1, , ,1,1,1,0, ,13800, ,50000, , ,1,1, ,2,3,3,2,3,2,2,3,2,2,3,4,3,3,3,3,4,4,4,4,3,3,3,3,3,3,4,3,3,3,3,3,3,3,3,2,4,3,2,1,30,30,30,2,2,2,2,4,4,4,4,2,2,2,2,4,4,4,4,4,4,2,2,2,3,1,4,4,4,4,1,3,2,3,3,4,4,4,4,2,3,3,3,2,2,1,2,3,2,3,2,3,2,3,3,3,3,3,1,4,3,3,4,4,3,2,3,2,3,3,4,4,4,4,2,2,2,3,3,3,3,3,3,4,4,2,2,2,3,2,2,1,3,3,2,2,3,3,3,3,2,1,1,2, ,1,1, , ,1, ,1, ,2,2, , ,1, ,3,3,2,2,2,2,3,3,3, , , , , , , , , , ,3,3,3,3,3,2,2,3,3,3,2, , ,3, ,28,2,0.952380952
2935,5,1,1,1, , ,2,2,1,26000, ,0, ,34000, , , , ,3, ,2,2,3,3,3,3,2,2,3,3,2,3,3,2,3,3,3,2,3,3,3,3,3,2,3,3,3,3,3,3,2,3,3,3,2,3,3,3,1,0,30,0,1,1,1,1,3,1,2,2,1,1,1,1,1,3,2,2,2,2,1,1,1,1,1,4,2,3,2,2,1,1,2,1,1,1,2,2,1,1,1,1,2,1,2,1,1,1,1,1,2,2,2,2,1,1,1,1,1,1,1,1,1,1,1,2,2,1,2,2,2,2,2,1,1,2,2,1,1,1,2,1,1,2,2,1,1,1,2,2,2,1,1,2,2,2,3,2,2,2,2,1,2, , , , , , , , , , , , , , , , ,1,1,1,2,1,2,1,1, , , , , , , , , , ,2,2,2,2,3,2,3,3,3,3,3,1, , , ,62,1,0.965517241
2938,5,1,2,1, , ,2,1,1, ,1, ,1,48000, ,1,1,1,3,3,3,2,3,3,3,2,3,2,2,3,3,2,3,3,3,2,3,3,3,3,3,2,2,3,2,3,3,3,3,3,3,3,3,2,2,3,3,2,1,10,20,0,4,4,4,4,4,4,4,4,2,2,1,3,2,2,2,1,2,2,4,3,4,3,3,4,2,4,3,3,2,2,2,2,3,3,3,3,2,2,3,2,2,2,3,2,2,3,3,3,2,2,3,3,2,2,2,2,2,3,3,2,2,3,3,2,2,2,2,3,3,3,3,3,3,2,3,4,3,3,3,2,3,3,2,3,3,3,3,3,2,2,2,2,2,2,2,2,2,2,2,2,2, , , , , , , , , , , , , , , , ,2,3,2,2,2,3,3,2, , , , , , , , , , ,3,3,3,3,3,3,3,3,3,3,3,1,2, , ,57,1,0.965517241
2940,5,1,1,1, , ,2,1,1, ,1, ,1, ,1, , , ,3,3,3,2,2,3,3,2,2,2,2,2,3,2,3,2,3,2,3,3,2,3,3,2,2,2,2,2,3,3,2,2,2,2,1,2,2,3,2,2,1,15,25,0,2,2,2,2,3,2,2,2,2,2,2,2,1,2,3,2,2,1,2,2,2,2,1,3,2,2,2,2,2,2,2,2,2,2,3,2,2,2,2,2,2,2,3,2,2,2,2,2,2,2,2,2,1,1,1,1,2,2,2,2,2,2,3,2,2,2,3,3,2,3,2,2,2,2,2,2,2,2,2,2,3,3,2,2,2,2,3,2,2,2,2,2,2,2,2,2,2,1,1,2,2, ,1, , , , , , , ,1, , , , , , ,3,3,2,3,3,3,3,3,1, ,2, ,4,5, , , , ,2,2,2,2,3,2,2,2,3,2,2,1,2, , ,52,1,0.965517241
2946,5,1,2,1, , ,2,2,1, ,1,0, , ,1, , , ,3, ,4,2,3,3,3,2,2,2,2,2,2,2,3,3,3,2,3,2,2,3,3,2,2,2,2,2,3,3,3,2,2,2,2,2,2,2,2,2,1,3,20,0,2,2,2,2,3,2,2,2,2,2,2,2,2,1,3,1,1,1,2,2,2,2,2,3,2,2,2,2,2,2,2,2,2,2,3,2,2,2,2,2,2,2,2,2,2,2,2,2,2,2,2,2,2,1,1,2,3,3,2,2,2,2,3,3,2,2,3,3,2,2,2,2,2,2,2,2,2,2,2,2,2,2,2,2,2,2,2,2,2,2,2,2,2,2,2,2,2,2,2,2,2, , , , , ,1, , , , , , , ,1, , ,3,2,3,3,2,3,2,2,1, ,2, , ,5, , , , ,3,2,3,3,3,3,3,2,3,2,2,1, , , ,53,1,0.965517241
2950,5,2,2,1, , ,2,2,1,0, ,0, ,25000, , , , , , ,1,3,3,3,3,3,1,1,1,1,1,1,2,2,1,1,2,2,2,2,1,1,1,1,1,2,1,1,1,1,1,1,1,1,2,2,2,2,3, , , , , , , , , , , , , , , , , , , , , , , , , , , , , , , , , , , , , , , , , , , , , , , , , , , , , , , , , , , , ,2,2,2,3,2,3,3,3,2,2,1,2,2,2,1,1,1,1,3,3,3,3,2,3,3,3,2,2,3,3,3,2,2,2,3,2,2,2,3,3,2,3,2,3,1,1,1,1,1,1,1,1,2,2,3,2,2,3,3,2,1,1,1,1,1,1,1,1, , , , , , , , , , ,1,1,1,1,1,1,2,2,2,2,3,1, , , ,56,1,0.965517241
2958,5,1,1,1, , ,2,2,1, ,1, ,1,67000, , , , ,3,3,3,3,3,3,3,3,2,2,2,2,2,2,2,3,3,2,2,2,2,2,3,2,3,3,3,3,3,3,3,2,4,2,2,2,3,3,3,2,1,5,20,0,3,2,2,2,3,3,3,3,2,2,2,2,2,2,2,2,2,2,1,1,1,1,1,3,2,3,3,1,2,2,3,2,2,1,3,2,2,1,1,1,1,1,1,4,2,2,3,2,2,2,2,2,2,2,2,2,2,1,1,4,1,3,3,3,3,3,3,2,3,3,3,2,3,2,3,2,2,3,4,4,2,1,4,2,3,3,3,3,2,2,2,2,2,2,2,2,2,2,2,2,2,1,1,1,1,1,1,1,1,1,1,1,1,1,1,1,1,2,3,2,3,3,4,3,2,1,1,2,3, ,5,6,7, , ,3,3,3,3,3,3,3,3,3,3,2, ,2, , ,50,1,0.965517241
2960,5,2,2,1, , ,2,2,1, ,1, ,1,49900, , , , ,4,4,4,3,2,2,3,3,2,1,1,1,2,1,1,1,1,1,1,1,1,1,2,2,2,2,1,1,1,1,1,3,2,1,2,1,2,1,1,1,3, , , , , , , , , , , , , , , , , , , , , , , , , , , , , , , , , , , , , , , , , , , , , , , , , , , , , , , , , , , , ,3,3,2,3,2,2,2,2,2,2,2,2,2,3,2,3,2,3,3,1,2,2,3,3,3,2,2,2,3,3,2,2,2,2,1,1,2,2,1,1,1,1,1,1, , , , , , , , , , , , , , , , ,1,1,1,1,1,1,1,1, , , , , , , , , , ,2,1,1,1,1,1,1,1,2,1,3,1, , , ,52,1,0.965517241
2963,5,1,1,1, , ,2,1,1,49900, , ,1,59900, , , , ,1,1,1,3,3,2,3,3,1,1,1,1,1,1,2,1,1,1,1,2,1,1,3,3,3,2,2,3,3,3,2,2,2,2,2,2,2,2,2,2,2, , , , , , , , , , , , , , , , , , , , , , , , , , , , , , , , , , , , , , , , , , , , , , , , , , , , , , , , , , , , ,3,3,4,2,2,3,3,2,3,3,2,3,2,2,3,3,2,3,3,2,3,2,2,3,3,2,3,3,3,3,3,2,1,1,1,1,1,1,1,1,2,2,1,1, , , , , , , , , , , , , , , , ,1,1,1,1,1,1,1,1, , , , , , , , , , ,1,1,1,1,2,2,1,1,2,2,3,1, , , ,51,1,0.965517241
2965,5,2,1,1, , ,2,2,1,0, ,100000, ,0, , ,1, , ,2, ,3,2,3,3,2,3,3,2,3,2,2,3,3,3,3,3,3,2,3,3,3,3,2,3,3,3,3,3,3,3,3,2,3,4,3,3,2,1,0,30,0,1,1,1,1,4,2,4,1,1,1,1,1,1,1,3,1,2,1,1,1,1,1,1,4,4,4,3,2,1,1,1,1,1,1,3,1,1,1,1,1,1,1,1,1,1,1,1,1,1,3,1,3,1,1,1,1,4,3,3,3,3,3,2,2,2,2,2,3,3,3,3,3,3,3,4,3,3,3,3,2,2,3,2,2,2,2,2,2,2,3,3,3,2,3,2,3,3,2,4,4,3,1,1,1,1,1,1,1,1,1,1,1,1,1,1,1,1,3,3,2,3,2,2,2,3,1,1, , , , ,6, , , ,4,4,4,4,4,4,4,4,4,4,4, ,2, , ,50,1,0.965517241
2969,5,1,2,1, , ,2,2,1,50000, ,50000, ,50000, , , , ,4,4,4,3,3,3,3,3,3,3,3,3,3,3,3,3,3,3,3,3,3,3,3,3,3,3,3,3,3,3,3,3,3,3,3,3,3,3,3,3,1,0,20,0,1,1,1,1,3,2,3,3,1,1,1,1,1,3,3,3,3,3,1,1,1,1,1,3,3,3,3,3,1,1,3,3,1,1,3,3,1,1,1,1,2,2,2,2,1,1,1,1,3,3,3,3,2,2,2,2,2,3,3,3,3,3,3,3,3,3,3,3,3,3,3,2,2,2,2,3,2,2,2,3,2,2,2,3,3,3,3,3,2,3,3,3,3,3,3,3,3,3,3,3,3,1,1,1,1,1,1,1,1,1,1,1,1,1,1,1,1,2,2,2,2,2,2,2,2,1, , ,3, , , , , , ,3,3,3,3,3,3,3,3,3,3,4,1,2, , ,51,1,0.965517241
2973,5,2,1,1, , ,2,2,1, ,1, ,1,40000, , , , ,3,3,4,3,1,1,2,1,2,3,3,3,4,3,3,4,3,4,4,4,4,4,4,1,3,3,1,3,4,2,4,3,1,4,4,3,2,4,3,2,1,30,30,0,4,2,4,1,4,1,4,1,3,3,2,3,1,3,3,2,1,1,2,4,4,3,2,4,4,1,1,3,3,3,3,2,3,3,4,3,2,2,2,1,1,1,1,1,3,2,3,3,3,2,1,2,1,1,1,1,1,3,3,3,4,4,4,4,3,3,3,3,3,4,4,4,4,3,4,3,3,4,3,1,3,3,1,2,2,2,3,3,2,4,4,4,4,3,3,3,4,3,2,2,2, , , , , , , , , , , , , , , , ,3,3,3,2,3,4,4,3, , , , , , , , , , ,3,3,3,2,4,3,4,4,4,3,3, , ,3, ,51,1,0.965517241
2977,5,2,2,1, , ,2,1,1,120800, ,42000, ,79800, ,1,1,1,3,3,3,3,4,4,3,2,2,2,1,2,3,2,2,3,3,2,4,2,1,3,4,3,4,3,3,3,4,3,3,2,3,1,1,1,1,1,1,1,1,0,30,0,1,1,1,1,2,3,2,2,1,1,1,1,1,3,3,1,2,2,1,1,1,1,1,4,4,3,2,2,1,1,3,3,1,1,3,3,1,1,1,1,3,3,3,3,1,1,1,1,3,3,2,3,2,1,3,1,3,4,3,4,4,3,3,3,2,3,3,3,3,3,3,2,2,2,2,4,2,2,3,3,3,2,1,3,2,3,3,3,1,3,3,3,3,3,3,3,3,3,3,3,3,1,1,1,1,1,1,1,1,2,3,2,3,1,3,2,1,3,3,2,3,3,4,3,2, , , , , , , , , , ,3,3,3,3,3,3,3,3,3,3,2,1, , , ,54,1,0.965517241
2981,5,2,2,1, , ,2,2,1, ,1, ,1,50000, , , , ,3,3,3,3,3,3,3,3,3,3,3,3,2,3,3,3,3,3,3,3,3,3,3,3,3,3,3,3,3,3,3,3,3,3,3,3,3,3,3,3,1,0,30,0,1,1,1,1,2,2,2,2,2,2,2,2,2,2,2,2,2,2,1,1,1,1,1,3,2,3,3,2,2,2,3,3,1,1,3,3,1,1,1,1,2,2,2,3,1,1,1,1,2,2,3,2,1,1,1,1,1,3,2,2,3,3,3,2,2,2,3,3,3,3,3,3,3,3,3,2,2,2,2,2,2,2,2,2,2,2,3,3,2,2,2,2,2,2,2,2,2,2,2,2,2,1,1,1,1,1,1,1,1,2,2,2,2,2,2,2,2,3,3,3,2,3,3,3,3,1, ,2, , , , , , , ,3,3,3,3,3,2,3,3,3,3,4,1, , , ,51,1,0.965517241
2983,5,2,1,1, , ,1,2,1,25400, ,0, ,48000, ,1, ,1,3, ,3,3,1,1,1,1,2,2,3,3,4,3,2,3,3,4,3,3,3,3,3,2,1,1,1,3,4,4,4,1,1,1,2,1,1,2,1,1,1,20,30,20,2,2,4,3,4,1,4,3,1,2,2,1,1,1,4,1,1,1,1,2,4,2,4,4,4,3,2,1,1,1,1,1,1,1,1,1,1,1,1,1,3,1,1,1,1,1,1,1,1,1,1,1,1,1,1,1,3,2,1,1,1,2,2,1,2,1,1,4,4,4,4,3,3,2,4,3,2,3,3,3,4,3,2,3,3,3,3,3,2,1,1,1,1,1,1,1,1,1,1,1,1, ,1,1,1,1,1, , , ,1,3,3,2,3, , ,3,3,4,4,4,4,3,3, , , , , , , , , , ,1,1,1,1,4,1,3,2,3,3,3,1,2, , ,53,1,0.965517241
2985,5,1,1,1, , ,1,1,1, ,1, ,1,45000, , , , ,2,2,2,3,3,3,2,2,3,3,3,3,3,4,3,3,3,3,4,4,4,4,4,4,4,4,4,4,4,4,4,4,4,4,4,4,2,3,3,3,1,30,30,30,3,3,3,3,4,4,4,4,3,2,3,3,2,4,4,4,4,4,3,3,2,4,3,4,4,4,4,4,3,3,4,4,4,4,4,4,3,4,3,4,2,2,2,2,3,3,3,3,3,2,3,2,3,3,3,1,4,3,3,3,3,3,3,3,3,3,4,3,3,3,3,3,3,3,4,4,4,4,4,3,3,3,4,3,3,4,3,3,1,2,2,3,3,3,2,2,3,3,3,3,3, ,1,1,1,1,1,1,1, ,2,2,4,2,3,3,4,3,4,4,4,4,4,4,4, , , , , , , , , , ,3,3,3,3,4,3,3,4,4,4,3, ,2, , ,50,1,0.965517241
2987,5,2,2,1, , ,2,2,1,0, ,0, ,28000, , , , , , ,4,3,3,2,3,3,2,2,2,2,2,2,2,3,3,2,3,3,3,3,3,2,2,2,2,2,2,2,2,3,3,2,2,1,1,2,2,2,3, , , , , , , , , , , , , , , , , , , , , , , , , , , , , , , , , , , , , , , , , , , , , , , , , , , , , , , , , , , , ,3,3,3,3,3,3,3,3,3,3,2,2,2,3,3,3,3,3,3,3,3,3,3,3,3,3,3,3,3,3,3,2,2,2,2,1,1,1,1,1,2,2,1,2, , , , , , , , , , , , , , , , ,1,1,1,1,1,1,1,1, , , , , , , , , , ,2,2,1,1,1,1,2,2,2,2,3,1, , , ,61,1,0.965517241
2988,5,2,2,1, , ,2,2,1, ,1, ,1,40000, , , , ,4,4,4,3,1,1,1,1,1,1,1,1,1,1,1,2,2,1,1,2,1,1,1,1,1,1,1,1,2,1,3,1,1,1,1,1,1,1,1,1,1,0,30,0,1,1,1,1,1,2,2,1,1,1,1,1,1,1,2,1,1,1,1,1,1,1,1,2,2,3,1,1,1,1,1,1,1,1,1,1,1,1,1,1,1,1,1,1,1,1,1,1,1,1,1,1,1,1,1,1,2,2,2,1,1,1,1,2,1,1,1,3,3,3,3,1,1,1,2,3,3,3,3,3,3,3,3,3,3,3,3,3,2,1,1,1,1,1,1,1,1,1,1,1,1, ,1,1, , ,1, , , ,3,3, , ,2, , ,2,4,3,2,3,4,3,3, , , , , , , , , , ,1,1,1,1,1,1,1,1,1,1,3,1,2, , ,66,1,0.965517241
2994,5,2,2,1, , ,2,2,1, ,1, ,1,17500, , , , ,3,3,3,3,1,1,1,1,1,1,1,1,1,1,1,2,2,1,1,2,2,2,1,1,1,1,1,3,3,3,3,1,1,1,1,1,1,1,1,1,1,0,25,0,1,1,1,1,1,3,3,1,1,1,1,1,1,1,3,1,1,1,1,1,1,1,1,2,2,3,1,1,1,1,1,1,1,1,1,1,1,1,1,1,1,1,1,1,1,1,1,1,1,1,1,1,1,1,1,1,3,3,2,1,1,1,1,1,1,1,1,1,1,1,1,1,1,1,1,3,3,2,2,2,2,2,2,3,3,2,3,2,2,1,1,1,1,1,1,1,1,1,1,1,1, ,1,1, , , , , , ,1,1, , , , , ,4,4,4,4,4,4,4,4,1, ,2, , ,5, , , , ,1,1,1,1,1,1,1,1,1,1,3,1,2,3,4,70,1,0.965517241
2995,5,1,2,1, , ,2,2,1, ,1, ,1,25000, , , , ,2,2,2,3,1,1,1,1,1,1,1,1,1,1,1,1,1,1,1,1,1,1,1,1,1,1,1,1,1,1,1,1,1,2,2,2,2,2,2,2,2, , , , , , , , , , , , , , , , , , , , , , , , , , , , , , , , , , , , , , , , , , , , , , , , , , , , , , , , , , , , ,3,3,3,3,3,3,3,2,3,3,3,3,3,3,3,3,3,3,3,3,3,3,3,3,3,2,3,3,3,3,3,2,3,3,2,2,2,2,2,3,3,3,3,3, , , , ,1,1,1,1, , , , ,1,1,1,1,2,2,2,2,4,4,4,4,1,1,2, , , ,6, , , ,2,2,2,2,2,2,2,4,3,3,3,1,2,3,4,72,1,0.965517241
2999,5,2,1,1, , ,2,2,1, ,1, ,1, ,1, , , ,3,3,3,2,3,3,3,3,2,2,1,3,3,3,2,3,3,3,3,3,2,2,2,2,2,3,3,3,2,3,4,2,1,2,1,1,2,2,3,2,1,0,30,0,1,2,2,2,2,2,2,2,1,1,1,1,1,1,4,1,1,1,1,2,2,1,1,2,3,4,2,2,1,1,1,1,1,1,2,1,2,3,1,1,2,2,1,1,2,2,1,1,2,2,1,1,1,1,2,1,3,2,3,2,2,2,1,1,1,2,3,3,3,3,3,2,2,3,3,2,2,3,3,2,3,2,2,2,2,3,2,2,2,1,2,2,2,2,1,2,2,1,2,2,2, ,1, , , , , , , ,1, , , , , , ,3,2,3,2,3,3,2,3,1,1, ,3, ,5,6, , , ,4,3,4,4,4,3,3,3,3,3,2,1, , , ,60,1,0.965517241
3000,5,1,1,1, , ,1,2,1,90000, ,90000, ,100000, ,1, , ,3,3,3,3,2,2,2,2,3,3,3,3,3,2,3,2,3,3,3,3,2,3,3,2,2,2,3,3,3,3,3,3,3,2,2,3,2,2,2,2,1,1,30,0,2,2,2,2,4,2,4,2,2,2,2,2,2,3,4,2,3,2,2,2,2,2,2,4,4,4,3,2,2,2,2,3,2,2,3,3,2,2,2,2,3,3,3,3,2,2,2,2,2,3,2,3,2,2,2,2,3,2,2,2,2,2,2,2,3,3,3,3,4,4,4,3,3,3,3,3,3,2,3,2,3,3,3,3,3,3,3,2,1,2,3,3,3,3,2,3,3,3,3,3,3,1,1,1,1,1,1,1,1,1,2,1,2,2,3,3,3,2,2,2,2,2,3,2,2, , , , , , , , , , ,3,3,3,3,3,2,3,3,3,3,4, ,2, , ,51,1,0.965517241
3005,5,2,2,1, , ,2,2,1, ,1, ,1, ,1,1,1,1,3,2,3,3,3,4,3,3,3,2,3,3,3,2,2,3,3,3,3,3,3,2,3,3,3,3,3,2,2,2,3,3,2,3,3,3,2,3,2,2,2, , , , , , , , , , , , , , , , , , , , , , , , , , , , , , , , , , , , , , , , , , , , , , , , , , , , , , , , , , , , ,3,3,2,2,3,2,3,3,2,2,3,2,2,2,3,2,2,2,3,2,3,3,3,3,2,2,2,3,3,3,3,2,2,2,1,2,2,2,3,2,2,2,1,1, , , , , , , , , , , , , , , , ,2,2,3,3,3,2,3,3, , , , , , , , , , ,2,2,3,3,3,2,2,2,3,2,4,1, , , ,52,1,0.965517241
3007,5,1,2,1, , ,2,2,1, ,1,13000, ,35000, , , , ,4,4,4,3,2,3,3,2,2,2,2,3,3,3,2,4,4,2,2,4,2,2,3,3,3,3,3,3,3,3,3,3,2,3,3,3,2,3,3,3,2, , , , , , , , , , , , , , , , , , , , , , , , , , , , , , , , , , , , , , , , , , , , , , , , , , , , , , , , , , , , ,2,2,2,2,2,3,3,3,3,3,3,3,3,3,3,3,3,3,2,2,3,3,3,3,3,1,3,3,3,3,3,2,2,2,2,2,2,2,2,2,2,2,2,2,1,1,1,1,1,1,1,1,2,2,2,1,2,1,1,1,3,3,3,3,3,3,3,3,1, ,2,3, ,5, , , , ,2,2,1,2,2,2,2,2,2,3,4, , ,3,4,55,1,0.965517241
3008,5,2,2,1, , ,2,2,1, ,1, ,1, ,1, , , ,3,2,4,2,3,3,3,3,1,1,1,1,1,1,1,1,3,1,2,2,1,1,3,2,2,2,2,3,3,3,3,2,3,1,1,1,1,1,1,1,1,0,30,0,1,1,1,1,2,3,3,2,1,1,1,1,1,2,2,2,2,1,1,1,1,1,1,3,3,3,3,3,1,1,1,1,1,1,1,1,1,1,1,1,2,2,2,3,1,1,1,1,2,2,2,3,1,1,1,1,2,2,2,2,2,2,1,1,1,1,2,3,3,3,4,2,2,2,4,2,1,2,1,3,3,3,1,2,1,2,1,1,2,2,2,2,1,1,1,2,2,2,1,3,3,1,1,1,1,1,1,1,1,2,3,3,3,3,3,3,3,3,3,3,3,3,3,3,3, , , , , , , , , , ,3,4,3,3,4,4,3,3,3,3,3,1, , , ,51,1,0.965517241
3009,5,2,2,1, , ,2,2,1, ,1,20000, , ,1, , , ,3,3,3,3,2,1,1,1,1,1,1,1,1,1,1,2,2,1,2,3,2,1,1,1,1,1,1,1,2,3,3,1,1,1,1,1,1,1,1,1,1,0,25,0,1,1,1,1,1,1,2,1,1,1,1,1,1,1,2,1,1,1,1,1,1,1,1,1,1,3,1,1,1,1,1,1,1,1,1,1,1,1,1,1,1,1,1,1,1,1,1,1,1,1,1,1,1,1,1,1,3,2,1,2,1,1,1,1,1,1,1,1,1,1,1,1,1,1,1,3,2,3,3,3,3,3,1,3,2,3,3,3,2,1,1,1,1,1,1,1,1,1,1,1,1, ,1, ,1, ,1, ,1, ,1, ,1, ,3, ,1,3,3,3,3,3,3,3,3, , , , , , , , , , ,1,1,1,1,1,1,1,1,1,1,3,1,2, , ,59,1,0.965517241
3013,5,2,2,1, , ,2,2,1, ,1, ,1, ,1, , , ,4,4,4,3,3,3,3,3,2,3,2,3,3,2,2,2,2,3,2,3,2,2,3,2,4,2,3,3,2,3,4,2,3,2,2,3,2,3,2,3,1,0,30,0,3,1,4,1,4,1,4,1,2,3,4,2,4,3,3,4,2,4,2,3,4,2,4,2,3,4,3,4,2,4,2,4,2,4,2,4,2,3,2,4,2,3,2,4,2,4,3,4,2,4,3,4,2,2,3,4,4,2,3,2,3,2,3,3,2,3,2,2,3,2,3,1,2,1,4,1,2,2,3,1,2,3,3,2,3,1,3,2,1,4,3,3,4,3,4,2,3,4,2,3,3, , , , , , , , , , , , , , , , ,3,2,4,1,2,3,4,4, , , , , , , , , , ,4,3,4,3,2,3,3,2,3,4,1,1,2, , ,55,1,0.965517241
3015,5,2,2,1, , ,2,1,1,42000, ,26000, ,32000, ,1,1,1,3,3,3,3,3,3,3,3,3,3,3,2,3,3,3,3,3,2,3,3,2,3,3,3,3,3,3,3,3,3,3,3,3,3,3,3,3,3,3,3,1,0,30,0,1,1,1,1,3,2,3,3,1,1,1,1,1,2,2,2,2,2,1,1,1,1,1,4,3,3,3,3,1,1,3,3,1,1,3,3,1,1,1,1,3,3,3,3,1,1,1,1,2,2,2,2,3,3,3,3,3,4,4,4,4,4,4,4,4,4,4,3,3,3,3,3,3,3,3,4,3,3,3,3,3,3,3,3,3,3,3,2,1,3,3,3,3,3,3,3,3,3,3,3,3,1,1,1,1,1,1,1,1,3,3,3,3,3,3,3,3,3,4,3,4,3,3,3,3, , , , , , , , , , ,3,3,3,3,3,3,3,3,3,3,2,1, , , ,54,1,0.965517241
3016,5,2,2,1, , ,2,1,1, ,1, ,1, ,1, , , ,3,3,3,1,4,3,4,1,1,1,1,1,1,1,1,2,1,1,1,1,1,1,1,1,1,1,1,1,1,1,1,1,1,1,1,1,1,1,1,1,2, , , , , , , , , , , , , , , , , , , , , , , , , , , , , , , , , , , , , , , , , , , , , , , , , , , , , , , , , , , , ,3,3,3,2,2,1,1,1,1,2,1,3,3,3,1,1,1,1,3,1,2,3,4,3,2,1,2,2,2,1,2,2,1,1,1,1,1,1,1,1,1,1,1,1, ,1,1,1,1,1,1,1, ,1,1,1,1,1,1,1,1,3,3,3,3,3,3,3,1, ,2, , ,5, , , , ,3,3,3,2,3,2,2,3,3,3,4, , , ,4,55,1,0.965517241
3020,5,2,1,2,2, ,2,2,1,0, ,0, ,15000, , , , , , ,3,3,2,2,4,1,3,3,3,2,3,1,1,1,1,2,3,2,1,1,1,2,2,2,2,3,3,2,3,3,3,2,2,2,2,3,2,1,1,20,0,0,1,4,3,4,1,1,1,1,1,1,3,1,1,1,1,1,1,1,2,4,3,2,3,1,1,1,1,1,1,3,1,1,1,1,1,1,1,1,4,3,1,1,1,1,3,3,2,2,1,1,1,1,1,1,2,1,2,3,3,3,3,2,1,1,2,3,3,4,4,4,4,3,2,3,3,2,1,1,2,1,3,1,1,1,1,1,1,1,1,3,3,3,3,3,3,3,2,2,3,2,3,1,1,1,1,1,1,1,1,2,3,3,3,2,2,2,3,3,4,2,4,2,2,2,3, , , , , , , , , , ,3,4,3,3,3,3,3,4,4,4,2, , ,3, ,42,1,0.944444444
3024,5,1,2,1, , ,1,1,1, ,1, ,1,35000, , , , ,3,2,2,3,4,3,3,3,3,3,2,3,3,4,3,2,3,3,3,3,3,3,2,3,2,4,2,3,3,3,4,2,4,2,4,3,3,3,3,3,1,10,30,0,1,1,1,1,1,1,1,1,1,1,1,1,1,4,4,2,2,2,1,1,1,1,1,3,3,3,2,2,2,2,4,4,1,1,3,3,1,1,1,1,4,4,4,4,1,1,1,1,3,3,3,4,1,1,1,1,1,4,4,4,3,3,3,3,4,3,3,3,4,4,4,3,3,4,4,3,3,3,3,3,3,3,3,3,3,3,3,3,1,3,3,3,3,2,2,2,2,2,2,2,2,1,1,1,1,1,1,1,1,1,1,1,1,1,1,1,1,2,2,2,2,2,2,2,2,1,1,2,3, , , , , , ,3,3,2,2,2,2,2,2,2,2,4,1, , ,4,42,1,0.944444444
3027,5,2,1,1, , ,2,2,1,120000, ,0, ,70000, ,1, ,1,3, ,3,2,3,3,3,3,1,1,1,1,1,1,1,2,3,1,3,3,1,2,3,2,1,1,1,3,3,2,3,2,1,2,1,1,1,1,1,1,1,0,20,0,1,1,1,1,2,1,3,1,1,1,1,1,1,1,3,1,1,1,1,1,1,1,1,3,3,3,2,3,1,1,1,1,1,1,1,1,1,1,1,1,1,1,1,1,1,1,1,1,1,1,1,1,1,1,2,1,1,3,3,3,3,3,3,3,3,3,3,3,3,3,3,2,2,1,3,1,2,1,3,3,3,3,2,3,2,3,2,3,2,2,2,2,2,2,2,2,2,2,2,2,2,1,1,1,1,1,1,1,1,1,3,2,1,3,2,1,1,3,3,3,3,3,3,3,3, , , , , , , , , , ,3,3,3,2,3,3,3,3,3,3,4,1,2,3,4,49,1,0.944444444
3163,5,2,2,1, , ,2,1,1,36000, ,32000, ,30000, ,1,1,1,3,3,3,3,3,3,3,3,2,2,2,2,2,2,2,3,3,3,3,3,2,2,3,2,3,3,3,3,3,3,3,3,2,2,2,2,2,2,2,2,1,0,30,0,2,2,2,2,3,3,3,3,1,2,1,1,1,2,3,3,3,3,2,2,2,2,2,2,2,2,3,3,1,1,2,2,1,1,3,3,1,1,1,1,1,1,1,1,1,1,1,1,2,2,2,2,3,2,3,2,3,4,4,4,4,4,3,3,3,3,3,3,3,3,3,3,3,3,3,3,3,3,3,3,3,3,3,3,2,3,3,2,1,3,3,3,3,3,3,3,3,3,3,3,3,1,1,1,1,1,1,1,1,3,3,3,3,3,3,3,3,4,4,4,3,4,3,3,3, , , , , , , , , , ,3,3,3,3,3,3,3,3,3,3,2,1, , , ,44,1,0.944444444
3164,5,1,2,1, , ,2,2,1,40000, ,40000, ,50000, , , , ,1,1,1,3,4,4,4,3,2,3,2,3,2,3,1,4,4,4,4,4,4,4,4,3,3,3,4,4,3,3,3,3,4,3,3,4,4,3,3,3,1,4,30,0,1,1,4,4,3,3,3,3,1,1,1,1,1,2,2,2,2,2,1,1,1,1,1,4,4,1,1,1,1,1,3,3,1,1,3,2,1,1,1,1,2,2,1,1,1,2,1,1,2,2,2,1,2,2,2,1,4,3,3,3,3,3,3,2,2,2,4,4,3,3,3,1,2,3,2,3,4,3,3,4,3,3,1,3,3,3,4,3,1,2,2,1,2,3,2,2,2,1,1,3,3,1,1,1,1, , , , ,2,2,3,3, , , , ,1,1,3,3,1,1,1,1, , , , , , , , , , ,3,2,3,2,2,3,3,4,4,4,2, , ,3, ,48,1,0.944444444
3166,5,1,2,1, , ,2,2,1, ,1, ,1, ,1, , , ,3,3,4,3,2,2,4,2,1,2,2,3,2,2,2,3,2,2,3,3,3,3,3,2,3,2,1,1,3,2,2,1,2,3,3,2,2,3,2,3,2, , , , , , , , , , , , , , , , , , , , , , , , , , , , , , , , , , , , , , , , , , , , , , , , , , , , , , , , , , , , ,3,3,4,4,3,2,2,3,3,3,3,3,4,3,3,2,2,3,3,2,2,3,3,2,3,2,3,2,3,3,3,2,2,3,2,2,3,3,2,2,2,3,3,3, ,1, , , ,1, , , ,3, , , ,3, , ,2,3,2,3,3,3,3,3, , , , , , , , , , ,2,3,2,3,4,3,3,3,3,2,2,1, , , ,45,1,0.944444444
3167,5,2,2,1, , ,2,2,1, ,1, ,1, ,1,1,1,1,3,3,3,3,3,2,3,4,1,1,1,1,1,1,1,4,3,3,4,3,3,1,4,1,2,2,2,2,4,1,1,1,1,2,3,1,1,1,1,1,2, , , , , , , , , , , , , , , , , , , , , , , , , , , , , , , , , , , , , , , , , , , , , , , , , , , , , , , , , , , , ,3,3,3,3,3,3,2,2,3,4,3,4,3,4,3,2,2,3,3,1,1,4,3,2,2,2,4,4,2,2,1,2,3,3,2,2,3,3,3,2,2,2,2,3, , , , , , , , , , , , , , , , ,2,4,3,2,1,4,3,3, , , , , , , , , , ,3,3,3,3,3,3,3,2,4,4,3,1, , , ,46,1,0.944444444
3168,5,2,2,1, , ,2,2,1, ,1, ,1, ,1,1,1,1,4,4,4,2,4,3,4,2,1,1,1,1,1,1,1,1,3,1,1,1,1,1,3,1,1,1,1,3,3,1,3,1,1,1,1,1,1,1,1,1,1,0,25,0,1,1,1,1,3,1,1,1,1,1,1,1,1,1,1,1,1,1,1,1,1,1,1,3,3,2,3,2,1,1,1,1,1,1,1,1,1,1,1,1,1,1,1,1,1,1,1,1,1,1,1,1,1,1,1,1,1,3,3,3,3,3,3,3,3,3,3,1,1,1,1,1,1,1,1,2,2,2,3,3,3,3,3,2,2,2,2,2,2,1,1,1,1,1,1,1,1,1,1,1,1,1,1,1,1,1,1,1,1,1,1,1,1,1,3,1,1,3,3,3,3,3,3,3,3, , , , , , , , , , ,2,3,2,3,2,3,3,3,3,2,3, ,2, , ,47,1,0.944444444
3170,5,2,1,1, , ,2,2,1,0, ,30000, , ,1, , , , ,2,2,2,3,3,4,4,1,3,3,3,2,2,3,4,4,4,4,4,2,4,4,3,3,3,3,3,4,4,4,2,2,4,4,4,2,3,2,2,1,7,30,0,2,4,3,3,2,4,3,2,2,2,2,2,2,3,4,4,2,3,3,2,1,1,2,3,2,3,2,2,3,2,3,3,2,2,4,3,1,1,1,1,2,2,2,2,3,2,1,1,3,1,1,1,1,1,2,2,1,3,4,4,4,3,2,3,2,3,3,4,4,4,4,4,4,4,4,3,2,2,3,4,4,3,2,2,2,3,3,2,1,2,3,2,2,2,2,2,3,3,3,3,3,1,1,1,1,1,1,1,1,1,1,1,1,1,4,1,1,1,1,1,1,1,4,1,1, , , , , , , , , , ,3,3,3,3,3,3,3,2,3,3,4, ,2, , ,48,1,0.944444444
3172,5,1,2,1, , ,2,1,1,20000, , ,1,100000, ,1, , ,2,2,1,1,2,2,1,1,1,2,3,3,3,3,2,4,4,4,4,4,3,3,4,3,4,4,4,4,4,3,4,4,3,3,4,4,3,4,4,4,1,20,25,0,4,4,4,3,4,4,4,3,4,4,2,4,2,4,4,2,4,2,4,4,4,4,2,4,4,4,4,2,1,4,1,4,4,4,4,4,3,2,2,1,3,2,2,1,2,4,4,4,3,3,4,2,2,1,2,2,3,2,3,1,1,2,3,2,2,2,2,4,4,4,4,3,3,2,3,3,2,3,3,4,2,2,1,4,4,3,3,3,1,2,3,1,3,3,3,3,4,3,4,4,4,1,1,1,1,1,1,1,1,1,1,1,1,1,2,3,3,1,1,1,1,1,4,4,3, , , , , , , , , , ,3,4,3,3,4,4,3,4,4,3,4,1, , , ,42,1,0.944444444
3173,5,2,1,1, , ,2,1,1,20000, ,0, ,70000, , , , ,2, ,3,3,3,3,3,2,4,4,4,4,3,3,4,4,4,4,4,3,3,4,4,4,4,4,3,4,4,3,4,4,4,4,4,4,3,2,3,2,1,10,30,0,3,3,3,4,3,3,3,2,3,3,3,3,3,2,3,3,4,4,2,3,3,4,3,4,4,4,2,4,3,3,4,4,4,4,4,4,3,2,3,2,3,3,2,2,3,3,3,4,4,4,4,4,3,3,4,1,4,3,3,3,3,4,4,3,3,3,3,3,3,4,3,3,2,3,2,4,4,4,4,4,3,3,3,4,4,3,3,4,1,3,3,3,3,2,3,4,3,2,3,3,3, ,1, , , , , ,1, ,2, , , , , ,3,2,2,2,3,2,3,3,3, , , , , , , , , , ,3,3,2,3,3,2,3,2,3,3,1, , ,3, ,45,1,0.944444444
3176,5,2,1,1, , ,1,2,1,33000, ,0, ,71750, , , , ,3, ,3,2,4,4,4,3,4,4,3,3,3,3,3,4,3,3,4,4,2,4,3,3,3,3,3,4,4,4,4,3,2,3,3,2,2,4,2,3,1,10,30,10,2,2,2,2,3,2,3,2,2,2,2,2,3,3,2,3,2,3,2,3,3,3,2,4,4,4,2,2,2,2,2,4,3,3,4,4,1,1,1,1,1,1,1,1,2,2,2,2,1,1,1,3,2,1,2,2,3,4,3,3,3,3,2,3,3,3,3,3,3,3,3,3,3,3,3,3,3,3,3,3,2,1,2,3,2,3,2,2,1,3,3,2,3,2,2,2,2,2,3,3,2,1,1,1,1,1,1,1,1,2,3,2,1,1,1,1,1,3,3,3,3,3,4,2,2, , , , , , , , , , ,4,4,4,3,4,2,4,4,3,3,2, ,2, , ,44,1,0.944444444
3177,5,1,1,1, , ,1,2,1,40000, ,20000, ,40000, , , , ,4,4,4,1,3,1,3,1,3,3,3,3,2,3,3,3,3,3,3,3,3,3,3,3,3,3,3,3,3,3,3,3,3,3,3,3,3,3,3,3,1,7,31,9,3,4,4,4,4,4,4,4,3,3,4,3,3,4,4,4,4,4,3,2,1,2,1,4,4,4,4,4,3,2,2,2,3,3,4,4,3,2,2,2,4,4,4,4,3,3,3,3,4,4,4,4,1,1,1,1,1,3,4,4,3,3,3,3,3,3,3,4,4,4,4,3,3,3,3,3,3,3,3,3,3,3,3,3,3,3,3,3,2,3,3,3,3,3,3,3,3,3,3,3,3,1,1,1,1,1,1,1,1,4,4,1,3,4,4,2,2,4,4,1,4,4,4,2,2, , , , , , , , , , ,3,4,4,4,4,4,4,4,4,4,3, , , ,4,49,1,0.944444444
3179,5,1,2,1, , ,2,2,1,0, ,0, ,98000, , , , , , ,4,3,3,3,3,3,2,2,2,3,3,2,2,4,4,3,3,4,3,3,3,3,3,3,3,3,3,3,3,3,3,3,3,3,2,3,3,3,1,0,30,0,1,1,1,1,1,4,1,4,2,1,1,1,1,4,4,4,4,4,2,2,1,1,1,4,4,4,4,3,1,2,4,4,1,1,4,4,1,1,1,1,1,1,1,3,1,1,1,1,3,2,1,4,1,1,1,1,1,2,2,2,2,2,3,3,3,3,3,3,3,3,3,3,3,3,3,2,2,3,3,3,3,3,3,3,3,3,3,3,2,3,3,3,2,2,2,2,2,2,2,2,3,1,1,1,1,1,1,1,1,1,1,1,1,1,1,1,1,3,3,3,3,3,3,3,3,1, ,2,3, , , , , , ,2,2,2,2,2,2,2,2,2,2,4, ,2,3,4,47,1,0.944444444
3181,5,1,2,1, , ,2,2,1,27000, ,0, ,36000, ,1, , ,2, ,3,2,3,3,2,1,3,3,2,3,3,3,2,3,2,3,3,3,3,3,3,1,1,2,1,3,4,3,3,3,3,2,3,2,2,3,3,2,1,10,15,0,4,3,2,2,3,3,2,2,2,3,3,3,2,2,4,3,3,2,2,4,3,3,3,4,4,3,3,2,2,2,2,3,3,2,4,2,2,3,3,3,3,3,3,3,3,3,3,3,1,3,3,3,1,1,1,1,2,3,3,3,2,2,3,3,3,3,3,3,3,3,3,3,3,3,3,3,3,4,3,2,3,3,1,2,3,3,3,2,2,2,3,2,1,2,2,3,2,1,3,3,3,1,1,1,1,1,1,1,1,2,3,2,2,2,1,1,1,3,3,2,2,2,1,1,1, , , , , , , , , , ,3,3,3,3,3,2,3,3,3,3,2, ,2, , ,48,1,0.944444444
3183,5,1,1,1, , ,1,2,1, ,1, ,1, ,1, , , ,2,2,2,2,2,2,3,2,4,3,4,3,4,2,4,4,3,4,4,4,3,4,4,3,3,4,3,4,3,4,3,4,4,3,4,3,3,3,4,3,1,5,30,0,3,3,3,4,2,3,3,4,3,3,3,4,4,4,4,4,3,3,4,4,3,3,4,3,3,2,4,4,2,2,1,1,2,2,2,2,2,2,2,2,3,3,3,3,3,3,2,3,3,3,3,2,4,4,2,1,4,3,3,3,3,4,4,4,3,2,3,3,3,2,2,2,2,2,2,3,4,3,3,2,3,3,2,3,3,2,2,3,1,2,3,3,2,3,3,2,3,3,4,3,3,1,1,1,1,1,1,1,1,1,3,1,1,1,1,4,3,3,4,4,4,4,4,4,4, , , , , , , , , , ,3,3,3,4,3,3,4,3,3,4,3, ,2, , ,47,1,0.944444444
3184,5,1,1,1, , ,2,2,1,20000, , ,1,30000, ,1,1,1,3,3,3,3,3,3,2,1,3,3,3,3,4,3,4,4,3,3,4,3,3,4,3,2,2,3,3,4,3,3,4,3,3,3,3,2,2,3,3,2,1,10,20,0,4,2,1,1,4,2,1,1,2,4,3,3,2,2,4,3,3,2,3,4,2,3,3,4,4,4,1,3,3,3,3,4,3,3,3,3,3,2,3,3,3,2,3,3,3,3,3,3,1,3,2,3,2,1,1,1,2,3,3,2,2,2,3,3,4,3,4,3,3,3,3,3,3,4,4,3,3,3,3,3,3,3,2,2,2,2,2,3,1,2,2,2,1,2,2,3,3,3,3,3,3,1,1,1,1,1,1,1,1,2,2,1,1,1,1,2,2,3,3,2,2,1,1,2,1,1, ,2, , , , , , , ,3,3,3,3,3,4,4,4,3,3,2, ,2, , ,45,1,0.944444444
3190,5,2,2,1, , ,1,2,1, ,1,0, ,100000, ,1, ,1,2, ,4,1,1,1,4,1,3,3,1,1,3,2,4,3,3,3,3,2,1,3,3,3,2,3,3,4,4,4,4,3,2,3,2,1,1,2,1,1,1,20,30,15,2,3,1,1,3,3,4,2,1,1,1,1,1,3,3,2,2,1,1,1,2,2,1,4,3,4,1,1,1,1,3,3,1,1,3,3,1,1,1,1,3,1,1,1,1,1,1,1,1,1,1,1,1,1,1,1,1,3,3,4,3,3,2,2,2,2,2,3,3,3,3,3,3,3,4,3,2,3,3,3,3,3,2,3,2,2,2,1,2,3,3,2,2,3,3,2,3,3,2,2,3,1,1,1,1,1,1,1,1,3,1,1,1,1,1,1,1,3,3,2,3,3,3,3,3, , , , , , , , , , ,3,2,3,2,2,2,3,2,3,3,4, , , ,4,23,2,1
3192,5,1,1,1, , ,1,1,1, ,1, ,1, ,1, , , ,2,2,2,3,3,3,3,3,4,4,4,4,4,4,4,4,4,4,4,4,4,4,4,3,4,4,4,4,4,4,4,4,4,4,4,4,4,4,4,4,1,30,30,30,1,1,1,1,4,4,4,4,1,1,1,1,1,4,4,4,4,4,1,1,1,1,1,4,4,4,4,4,1,1,4,4,1,1,4,4,1,1,1,1,1,1,1,1,1,1,1,1,2,2,2,2,3,3,3,3,3,3,3,3,4,3,3,3,4,4,4,4,4,4,4,4,4,4,4,4,4,4,4,4,4,4,4,3,4,3,3,4,1,4,4,3,3,4,4,4,3,3,4,4,4,1,1,1,1,1,1,1,1,3,3,3,3,3,3,3,3,3,3,3,3,3,3,3,3, , , , , , , , , , ,4,4,4,4,4,3,3,4,4,4,4, , , ,4,24,2,1
3195,5,1,1,1, , ,1,1,1, ,1, ,1, ,1, , , ,1,1,1,3,3,3,3,1,2,3,3,3,3,3,3,3,3,3,3,3,3,3,3,3,3,3,3,3,3,3,3,3,3,3,3,3,3,3,3,3,1,10,30,30,2,3,3,3,4,4,4,4,3,2,3,2,4,4,4,4,4,4,3,3,3,3,3,2,3,3,3,3,2,2,2,2,3,3,3,3,2,3,2,2,2,2,2,2,3,3,3,3,3,3,3,3,2,2,3,2,3,3,3,3,3,3,3,3,3,3,3,3,3,3,3,3,3,3,3,3,2,3,3,3,3,3,3,3,3,3,3,3,1,3,3,3,3,3,3,3,3,3,3,3,3,1,1,1,1,1,1,1,1,1,1,1,3,1,1,1,2,3,3,3,3,3,3,3,3, , , , , , , , , , ,3,3,3,3,3,3,3,3,3,3,4, , , ,4,23,2,1
3196,5,1,2,1, , ,2,2,1, ,1, ,1,35000, ,1,1, ,3,3,3,2,3,3,3,3,3,3,2,2,3,2,3,3,3,3,3,3,3,3,3,3,3,3,3,3,3,3,3,3,3,3,3,3,3,3,2,3,1,20,30,0,2,2,2,2,3,3,2,3,3,2,3,1,2,3,3,3,2,3,1,2,2,2,2,3,2,3,2,3,3,2,3,3,2,2,3,3,2,1,1,1,2,2,2,2,2,1,2,2,2,3,3,3,2,2,3,2,3,3,3,3,3,3,3,3,3,3,3,3,3,3,3,3,3,3,3,3,2,2,3,3,3,3,2,3,3,3,3,3,1,2,3,2,2,3,3,3,3,3,3,3,3,1,1,1,1,1,1,1,1,1,1,1,1,1,1,1,1,3,3,3,3,3,3,3,3,1,1,2,3, , , , , , ,3,3,3,3,3,3,3,3,3,3,3, ,2, ,4,24,2,1
3198,5,1,1,1, , ,1,1,1, ,1, ,1, ,1, , , ,3,3,3,3,4,3,4,1,4,4,4,4,4,4,4,4,4,4,4,4,4,4,4,4,4,4,4,4,4,4,4,4,4,4,4,4,4,4,4,4,1,30,30,30,4,4,4,4,4,4,4,4,4,4,4,4,4,4,2,3,4,4,1,1,1,1,1,4,4,4,4,4,4,4,3,3,4,4,4,4,1,1,1,1,1,1,1,1,2,2,1,1,1,1,1,1,2,2,1,1,4,4,4,4,4,4,4,3,4,4,4,4,4,4,4,4,4,4,4,4,3,2,3,4,3,3,1,3,3,3,3,2,1,3,3,3,4,3,3,3,3,4,4,4,4,1,1,1,1,1,1,1,1,3,4,4,4,4,1,2,4,3,4,4,4,4,3,3,4, , , , , , , , , , ,4,4,3,4,4,4,3,4,3,4,4, , , ,4,25,2,1
3200,5,2,1,1, , ,2,2,1, ,1, ,1, ,1, , , ,3,3,3,1,3,2,3,3,2,2,2,2,2,1,3,2,3,2,3,2,2,2,2,3,2,2,3,3,3,2,3,2,2,2,2,2,2,2,2,2,1,0,30,0,1,1,1,1,3,2,2,2,1,1,1,1,1,2,4,1,1,3,1,1,1,1,1,4,3,3,2,1,1,1,2,1,1,1,2,2,1,1,1,1,2,1,1,1,1,1,1,1,1,1,1,1,1,2,1,1,2,3,3,3,3,3,3,3,2,3,3,3,3,3,3,2,2,2,2,2,2,2,2,4,3,2,3,3,2,2,3,2,2,1,2,1,1,2,2,2,2,1,4,2,2,1,1,1,1,1,1,1,1,1,3,1,2,2,1,1,1,2,3,1,1,2,1,1,1, , , , , , , , , , ,3,3,3,3,3,3,2,4,3,3,3,1,2,3,4,24,2,1
3204,5,1,1,1, , ,1,2,1, ,1, ,1, ,1,1, , ,3,3,3,4,4,4,3,3,4,4,4,3,3,3,4,4,3,3,3,4,4,3,3,3,4,4,3,3,3,3,4,3,3,3,4,4,3,4,3,3,1,20,30,0,4,4,4,2,4,2,4,4,2,2,2,2,2,4,4,4,4,4,2,2,2,2,2,4,4,4,4,4,2,2,4,4,2,2,4,4,2,2,2,2,4,4,4,4,3,2,2,2,4,4,4,4,4,4,4,3,3,3,3,3,3,3,3,4,4,4,4,4,4,3,3,4,4,4,4,3,2,3,3,3,3,3,2,4,4,4,4,4,1,3,3,3,4,4,4,4,3,4,4,3,3,1,1,1,1,1,1,1,1,2,2,2,2,1,1,1,1,3,3,3,4,4,4,4,4,1,1, ,3,4, , , , , ,4,4,4,4,4,4,3,4,4,3,4,1,2, , ,27,2,1
3205,5,2,1,1, , ,1,1,1,50000, , ,1, ,1,1, , ,3,3,3,4,4,4,4,4,3,3,3,3,3,3,3,3,3,3,3,3,3,4,4,4,4,4,3,3,3,3,3,4,4,4,4,4,4,4,4,4,1,30,30,10,2,3,3,2,4,4,2,4,2,2,1,2,2,3,4,3,2,2,2,2,2,1,1,4,4,3,2,2,2,2,2,2,2,2,3,3,2,2,2,2,2,3,3,2,2,2,2,3,3,2,3,4,3,2,3,2,3,4,4,4,4,4,4,4,4,4,4,3,3,3,3,4,4,4,4,3,3,3,3,3,3,3,3,3,3,3,3,3,1,3,3,3,4,4,4,4,4,4,4,4,4, , , , , , , , , , , , , , , , ,4,4,4,4,4,4,4,4, , , , , , , , , , ,4,4,4,4,4,4,4,4,4,4,1,1,2,3,4,29,2,1
3212,5,1,1,1, , ,2,2,1,20000, , ,1,45000, ,1,1,1,2,2,3,3,3,3,2,2,3,4,3,3,3,3,3,4,3,3,3,4,3,3,3,3,3,3,4,3,3,3,4,3,3,3,3,2,2,3,4,2,1,10,25,0,4,4,1,1,4,3,1,1,2,4,2,3,2,3,4,3,3,2,2,4,3,3,3,4,4,4,3,3,3,3,3,4,3,3,3,3,3,2,3,1,3,2,3,3,3,3,3,3,1,3,2,3,2,2,1,1,2,3,3,2,2,3,3,3,4,3,3,3,3,3,3,3,3,4,4,3,3,3,3,3,3,3,2,2,2,2,2,2,1,2,2,2,1,2,2,3,3,2,3,3,3,1,1,1,1,1,1,1,1,2,3,3,2,1,1,1,1,3,3,4,3,3,4,4,3, , , , , , , , , , ,3,3,3,3,4,4,3,3,3,4,2, ,2, , ,39,1,1
3216,5,2,2,1, , ,1,1,1,28000, ,0, ,25000, ,1, ,1,3, ,3,2,2,3,3,2,4,4,4,4,4,4,4,4,4,4,4,4,4,4,4,3,4,4,3,4,4,4,4,4,4,3,3,4,4,4,3,3,1,0,30,30,4,4,4,4,4,4,4,4,4,4,3,4,4,4,4,4,4,4,4,4,2,4,4,4,4,4,4,4,4,4,4,4,4,4,4,4,4,4,3,4,4,4,4,4,4,4,4,4,4,4,4,4,3,2,3,2,4,3,3,3,4,4,3,3,3,4,4,4,4,4,4,3,4,2,4,3,3,3,4,4,4,3,3,3,3,3,4,3,1,3,3,3,3,3,4,4,4,3,3,3,3, ,1,1,1,1,1,1,1, ,4,4,4,4,4,3,4,4,4,4,4,4,4,2,4, , , , , , , , , , ,4,4,4,4,4,3,4,3,3,4,2, , ,3, ,39,1,1
3218,5,2,2,1, , ,2,2,1,0, ,0, ,60000, , , , , , ,3,3,1,1,4,2,3,3,3,3,2,3,2,3,3,3,3,3,3,2,3,3,3,3,3,3,3,3,3,3,3,3,3,3,3,3,3,3,1,0,20,0,1,1,1,1,3,2,2,2,1,1,1,1,1,2,4,2,2,2,1,1,1,1,1,3,2,2,2,2,1,1,2,2,1,1,2,2,1,1,1,1,1,1,1,1,1,1,1,1,2,1,1,1,1,1,1,1,1,2,2,2,2,2,2,2,2,2,2,3,3,3,3,2,2,2,2,2,2,2,2,3,2,3,2,2,2,2,3,3,2,1,1,1,1,1,1,1,1,1,1,3,3, ,1, , ,1,1,1, , ,1, , ,1,1,1, ,2,2,2,2,2,2,2,2,1, ,2,3,4, , , , , ,3,3,3,3,3,3,3,3,3,3,3,1, , , ,34,1,1
3221,5,2,2,1, , ,2,2,1,0, ,0, ,80000, , , , , , ,3,3,1,3,4,1,3,3,2,2,3,3,2,3,3,3,3,3,3,3,3,2,2,3,3,3,3,3,3,3,3,3,2,2,2,2,2,3,1,0,20,0,1,1,1,1,3,1,2,1,1,1,1,1,1,1,4,1,1,1,1,1,1,1,1,3,3,3,1,1,1,1,1,1,1,1,1,1,1,1,1,1,1,1,1,1,1,1,1,1,1,1,1,1,1,1,1,1,1,2,2,2,2,2,2,2,2,2,2,3,3,3,3,3,2,2,3,3,1,2,2,2,2,2,1,2,2,2,2,2,2,1,1,1,1,1,1,1,1,1,3,3,3,1,1,1,1,1,1,1,1,1,1,1,1,1,2,1,1,2,2,2,2,2,2,2,2,1, ,2,3,4, , , , , ,3,4,3,3,3,4,3,4,3,2,3,1, , , ,39,1,1
3225,5,2,2,1, , ,2,2,1,0, ,0, ,90000, , , , , , ,4,4,1,1,3,1,3,3,3,3,3,2,3,3,3,3,3,3,3,3,3,3,3,3,3,3,3,3,3,3,3,3,3,3,3,3,3,3,1,0,30,0,1,1,1,1,4,3,4,2,1,1,1,1,1,3,3,1,1,1,1,1,1,1,1,4,4,4,3,3,1,1,2,2,1,1,3,3,1,1,1,1,2,2,2,2,1,1,1,1,2,2,2,2,2,2,2,2,3,2,2,2,2,3,3,3,3,3,3,3,3,3,3,3,3,3,3,3,2,3,3,3,3,3,3,3,3,3,3,3,2,2,2,2,2,2,2,2,2,2,2,2,2,1,1,1,1, ,1,1, ,2,2,2,2, ,2,2, ,2,3,3,2,3,3,3,3,1,1,2,3, , , , , , ,3,3,3,3,3,3,3,3,3,3,2,1,2,3, ,31,1,1
3226,5,2,2,1, , ,2,1,1,0, ,0, ,65000, , , , , , ,2,3,1,2,4,2,3,3,2,3,3,3,3,3,3,3,3,3,3,3,3,3,3,3,3,3,3,3,3,3,3,3,3,3,3,3,3,3,1,0,30,0,1,1,1,1,4,3,3,1,1,1,1,1,1,2,4,3,3,3,1,1,1,1,1,4,4,4,3,2,1,1,3,3,1,1,3,3,1,1,1,1,2,2,2,2,1,1,1,1,3,3,2,3,2,3,3,2,4,3,3,3,3,3,3,3,4,4,4,4,4,4,4,4,4,4,4,4,3,4,4,4,4,3,3,4,3,3,3,3,1,3,3,3,2,3,3,3,2,3,4,4,4,1,1,1,1,1,1,1, ,2,4,3,2,2,4,3, ,3,4,4,2,2,4,4,3, , , , , , , , , , ,4,4,4,4,4,4,4,4,4,4,1, , ,3,4,31,1,1
3229,5,2,2,1, , ,2,2,1,0, ,0, ,90000, , , , , , ,4,3,1,3,3,1,3,3,1,3,3,2,2,3,3,3,3,3,3,2,3,2,2,2,2,3,3,3,3,2,2,3,2,2,3,2,3,2,1,0,20,0,1,1,1,1,3,2,2,1,1,1,1,1,1,1,4,1,1,1,1,1,1,1,1,3,3,3,2,2,1,1,1,1,1,1,1,1,1,1,1,1,1,1,1,1,1,1,1,1,1,1,1,1,1,1,1,1,1,2,2,2,2,2,2,2,2,2,2,3,3,3,3,2,2,2,3,2,1,1,2,2,2,2,1,2,2,2,2,2,2,1,1,1,1,1,1,1,1,1,1,1,1,1,1,1,1,1,1,1,1,1,1,1,1,1,1,1,1,3,3,3,3,3,3,3,3,1, ,2, , , , , , , ,3,3,3,3,3,3,3,3,3,3,3,1, , , ,35,1,1
3230,5,1,2,1, , ,2,2,1,30000, , ,1,60000, ,1, ,1,3,3,3,2,4,2,4,3,2,2,2,2,2,2,2,2,2,2,2,2,2,2,2,2,2,2,2,2,2,2,2,2,2,2,2,2,2,2,2,2,2, , , , , , , , , , , , , , , , , , , , , , , , , , , , , , , , , , , , , , , , , , , , , , , , , , , , , , , , , , , , ,2,2,2,2,2,2,2,2,2,2,2,2,2,2,2,2,2,2,2,2,2,2,2,2,2,2,2,2,2,2,2,2,2,2,2,2,2,2,2,2,2,2,2,2, , , , , ,1, , , , , , , ,1, , ,3,3,3,3,3,3,3,3,1, ,2, ,4, , , , , ,2,2,2,2,2,2,2,2,2,2,3,1,2, , ,39,1,1
3233,5,2,2,1, , ,2,2,1,0, ,0, ,90000, , , , , , ,4,4,1,2,4,1,3,2,2,3,3,3,3,3,3,3,3,3,3,3,3,3,3,3,3,3,3,3,3,3,3,3,3,3,3,3,3,3,1,0,30,0,1,1,1,1,3,3,2,2,1,1,1,1,1,3,2,2,2,2,1,1,1,1,1,4,4,2,2,2,1,1,2,2,1,1,2,2,1,1,1,1,2,2,2,2,1,1,1,1,2,2,2,2,1,1,1,1,1,2,2,2,2,2,2,2,2,2,2,3,3,3,3,3,3,3,3,2,2,2,2,2,2,2,2,2,2,2,2,2,2,2,2,2,2,2,2,2,2,2,2,2,2, ,1, , ,1,1,1, , ,2, , ,2,2,2, ,2,2,2,2,2,2,2,2,1,1,2,3,4,5, , , , ,3,3,3,3,3,3,3,3,3,3,3,1,2, , ,36,1,1
3235,5,2,2,1, , ,2,1,1,0, ,0, ,80000, , , , , , ,4,3,1,2,4,1,3,3,3,3,3,2,3,3,3,3,3,3,3,3,3,3,3,3,3,3,3,3,3,3,3,3,3,3,3,3,3,3,1,0,20,0,1,1,1,1,4,3,2,2,1,1,1,1,1,1,4,2,2,2,1,1,1,1,1,4,4,4,1,1,1,1,2,2,1,1,2,2,1,1,1,1,2,2,2,2,1,1,1,1,2,2,2,2,2,2,2,2,2,3,3,3,3,3,3,3,4,4,4,3,3,3,3,3,3,3,3,3,3,3,3,3,3,3,3,3,3,3,3,3,2,1,1,2,2,2,2,2,2,2,3,4,4, ,1, ,1, ,1,1, , ,1, ,1, ,1,1, ,2,3,2,2,3,3,3,3,1,1, ,3, , , , , , ,3,3,3,3,3,3,3,3,3,3,2,1,2,3, ,33,1,1
3255,5,2,2,1, , ,2,2,1,0, ,0, ,70000, , , , , , ,4,3,3,1,1,1,3,3,2,3,3,2,3,3,3,3,3,3,3,3,3,3,3,3,3,3,3,3,3,3,3,3,3,3,3,3,3,3,1,0,30,0,1,1,1,1,3,3,3,3,1,1,1,1,1,3,3,2,2,3,1,1,1,1,1,3,3,2,3,3,1,1,3,3,1,1,3,3,1,1,1,1,2,2,2,3,1,1,1,1,2,2,3,3,1,1,1,1,3,2,2,2,2,2,2,2,2,2,2,3,3,3,3,3,2,2,3,3,2,2,3,3,3,2,2,2,2,2,2,2,2,2,2,2,2,2,2,2,2,2,2,2,2,1,1, , ,1, ,1, ,2,2, , ,2, ,2, ,3,3,3,3,3,3,3,3,1, ,2,3, , , , , , ,3,3,3,3,3,3,3,3,3,3,3,1,2, , ,34,1,1
3259,5,2,2,1, , ,2,2,1, ,1, ,1, ,1, , , ,3,3,4,2,2,3,2,2,2,1,1,1,1,1,1,3,3,3,3,2,2,3,3,2,3,2,2,4,3,3,3,2,3,2,2,2,2,2,2,2,1,0,30,0,1,1,1,1,2,3,2,2,1,1,1,1,1,2,2,2,2,2,1,1,1,1,1,3,4,4,2,3,1,1,2,2,1,1,2,3,1,1,1,1,2,2,3,3,1,1,1,1,2,2,2,2,2,2,2,3,2,3,3,3,2,2,2,3,3,3,3,3,3,3,4,2,3,3,4,3,2,2,3,2,3,2,1,2,2,2,2,1,2,2,2,2,2,2,3,3,3,3,3,2,2,1,1,1,1,1,1,1,1,1,1,1,2,1,1,1,1,2,1,1,3,1,1,1,1,1,1,2, , , , , , , ,3,3,3,4,4,4,3,3,3,3,3,1, , , ,38,1,1
3260,5,2,2,1, , ,2,2,1, ,1, ,1,30000, , , , ,3,3,2,2,3,2,2,2,3,3,3,2,3,2,2,3,3,3,3,3,2,3,3,3,3,3,3,3,3,3,3,3,3,3,3,3,2,2,2,2,1,0,30,0,1,1,1,1,3,4,2,2,1,1,1,1,1,3,3,3,2,3,1,1,1,1,1,4,4,2,3,3,1,1,3,3,1,1,2,2,1,1,1,3,1,1,1,3,1,2,3,3,1,2,3,3,1,1,2,1,4,4,4,3,3,3,3,3,3,3,3,4,4,4,4,3,3,3,3,3,2,3,3,3,3,3,2,2,2,2,2,2,2,2,3,3,3,3,3,3,3,3,3,3,3,1,1,1,1,1,1,1,1,2,3,1,3,1,4,3,1,2,3,2,3,2,3,3,1, , , , , , , , , , ,3,4,3,4,3,4,3,4,4,4,2, , ,3, ,38,1,1
3262,5,2,2,1, , ,2,2,1,30000, ,30000, ,60000, , , , ,3,3,3,3,2,2,2,2,2,2,2,2,2,2,2,2,3,2,3,2,2,3,3,2,2,2,3,3,3,2,2,3,3,2,2,2,2,2,2,2,1,0,30,0,1,1,1,1,3,2,3,2,1,1,1,1,1,2,3,2,2,2,1,1,1,1,1,3,2,2,2,2,1,1,2,2,1,1,2,2,1,1,1,1,2,2,2,3,1,1,1,1,2,2,2,3,2,2,2,2,2,2,2,2,2,3,2,2,3,3,3,3,3,3,3,2,2,2,3,2,2,2,3,2,3,3,2,2,2,3,3,2,1,2,2,2,2,2,2,2,2,2,2,3,3,1,1,1,1,1,1,1,1,1,1,1,3,1,3,1,1,3,3,3,3,3,3,3,3, , , , , , , , , , ,3,3,3,2,3,3,3,3,3,4,3,1, , , ,32,1,1
3265,5,2,2,1, , ,2,2,1,0, ,0, ,15000, , , , , , ,1,3,3,2,3,2,2,1,1,1,1,1,3,3,2,2,2,2,2,2,2,2,2,1,1,1,2,1,1,2,2,1,1,2,1,1,1,1,2, , , , , , , , , , , , , , , , , , , , , , , , , , , , , , , , , , , , , , , , , , , , , , , , , , , , , , , , , , , , ,3,3,3,2,2,2,2,1,1,2,1,2,1,1,2,2,2,2,2,2,2,3,2,1,2,3,3,3,2,3,3,2,1,1,2,2,2,1,1,1,2,2,2,2, , , , , , , , , , , , , , , , ,1,1,2,1,1,1,2,1, , , , , , , , , , ,1,1,1,1,1,2,1,1,1,1,3,1, , , ,32,1,1
3268,5,2,2,1, , ,1,2,1, ,1, ,1, ,1,1,1,1,3,3,3,3,3,2,3,2,4,4,4,3,3,2,3,3,3,3,3,4,3,3,4,4,3,4,4,3,4,3,4,4,3,4,4,3,4,4,3,3,1,2,29,3,4,4,4,3,4,4,4,4,2,3,2,2,2,4,4,3,2,3,3,3,2,2,2,4,3,3,2,2,2,3,2,3,3,2,4,2,3,3,2,2,3,2,2,2,1,1,2,1,1,1,2,1,4,4,3,3,2,4,4,4,4,4,4,4,4,4,4,3,3,3,3,3,3,3,3,4,2,3,3,4,3,3,2,3,2,2,3,2,1,3,3,3,3,3,3,3,3,3,3,3,3,1,1,1,1,1,1,1,1,4,3,3,3,2,2,2,3,3,3,2,2,2,2,3,3, , , , , , , , , , ,3,3,4,3,4,4,3,3,3,4,1, ,2, , ,35,1,1
3272,5,1,1,1, , ,1,1,1,50000, ,20000, ,110000, , , , ,3,2,3,3,2,2,3,2,3,4,4,3,3,3,3,3,4,4,4,4,3,4,4,4,4,3,3,4,4,4,4,4,3,4,3,3,3,3,3,3,1,20,30,0,3,3,3,3,4,4,4,4,2,2,2,2,3,3,3,2,2,3,2,2,3,2,3,4,4,4,4,4,2,2,3,2,3,2,3,2,2,2,2,2,2,2,2,2,2,3,2,2,2,3,2,2,2,2,2,2,2,3,3,3,4,3,3,2,2,2,3,3,3,3,3,4,4,3,4,3,2,2,2,3,2,3,2,2,2,3,4,4,1,3,3,3,2,3,3,2,3,2,2,2,2, , , ,1,1,1,1, , , , ,1,2,3,3, ,3,3,3,3,3,3,3,3, , , , , , , , , , ,3,2,2,3,3,2,2,2,2,2,2, , , ,4,32,1,1
3274,5,2,2,1, , ,1,2,1, ,1, ,1, ,1,1,1,1,2,2,2,4,1,3,3,3,3,3,2,3,3,2,4,3,3,3,3,4,3,4,4,2,3,3,3,4,4,4,4,3,1,3,4,4,3,4,3,3,1,0,28,0,1,1,1,1,3,3,3,4,1,1,1,1,1,4,4,2,2,2,1,1,1,1,1,4,4,4,4,4,1,1,3,3,1,1,4,3,1,1,1,1,1,1,3,1,1,1,1,1,3,1,4,1,1,1,1,1,3,4,4,4,3,3,4,4,3,4,4,4,3,3,3,3,4,4,3,4,3,4,3,3,4,4,3,4,3,4,4,3,1,3,3,3,3,3,3,3,3,3,3,3,4,1, ,1, ,1, , , ,1, ,1, ,2, , , ,3,4,3,3,3,3,3,3,1, , , ,4, , , , , ,4,3,3,3,4,3,4,4,4,3,1, , ,3, ,38,1,1
3278,5,2,1,1, , ,2,2,1,27000, , ,1, ,1, , , ,2,2,2,3,3,3,3,2,2,3,4,3,3,2,2,4,4,4,3,4,3,3,1,1,2,3,3,3,3,3,3,3,1,1,1,2,2,3,2,2,1,2,30,30,3,3,3,3,4,4,4,4,4,3,4,3,3,4,4,4,4,4,2,2,2,1,1,2,3,3,3,3,1,1,3,3,1,1,3,3,1,1,1,1,2,2,2,2,1,1,1,1,2,2,2,2,1,1,1,1,1,3,3,4,4,4,3,3,3,3,3,4,4,4,3,3,3,3,3,3,3,2,2,2,3,3,3,3,3,2,2,3,1,3,3,3,2,2,3,3,3,3,3,2,2, , , , , , , , , , , , , , , , ,1,1,1,2,2,2,1,1, , , , , , , , , , ,3,3,2,2,3,3,2,2,2,3,3,1,2, , ,37,1,1
3281,5,1,2,1, , ,2,2,1, ,1,30000, ,120000, , , , ,4,4,4,3,2,3,3,3,3,3,3,3,3,3,3,3,3,3,3,3,3,3,3,3,3,3,3,3,3,3,3,3,3,3,3,3,3,3,3,3,1,10,30,0,3,4,2,4,2,2,2,3,3,3,3,2,3,2,2,2,2,2,3,2,2,4,4,4,2,3,3,3,3,3,3,3,3,3,4,4,2,2,2,2,2,1,2,3,2,3,4,2,3,3,3,3,2,2,2,2,3,3,3,2,3,3,3,3,3,3,3,3,3,3,3,3,3,3,3,3,3,3,3,2,3,3,3,3,3,3,3,3,2,3,3,3,3,3,3,3,3,3,3,3,3,1,1,1,1,1,1,1,1,2,1,3,3,2,2,2,2,3,3,3,3,3,3,3,3, , , , , , , , , , ,3,3,3,3,3,3,3,3,3,3,4,1,2,3, ,33,1,1
3284,5,2,2,1, , ,2,1,1, ,1,0, ,60000, , , ,1,3, ,3,4,1,1,2,2,4,4,4,4,4,4,4,4,4,4,4,4,4,4,4,4,4,4,4,4,4,4,4,4,4,4,4,4,4,4,4,4,1,0,30,0,1,1,1,1,4,3,4,1,1,1,1,1,1,4,4,2,2,2,1,1,1,1,1,4,4,4,4,3,1,1,2,2,1,1,3,3,1,1,1,1,2,2,2,2,1,1,1,1,3,2,3,3,2,3,3,2,4,2,2,2,2,2,3,3,3,3,3,4,4,4,4,4,4,4,4,3,2,2,3,3,3,3,2,3,3,3,3,3,1,4,4,3,2,3,4,4,4,3,4,4,4,1,1,1,1,1,1,1,1,3,4,3,4,3,3,4,2,4,4,3,4,3,4,3,3, , , , , , , , , , ,4,4,4,4,4,4,4,4,4,4,1, , ,3,4,26,1,1
3286,5,1,2,1, , ,2,2,1, ,1, ,1, ,1, , , ,2,2,2,1,3,3,3,1,3,1,1,1,3,1,3,3,3,1,3,3,1,1,4,4,4,3,4,4,4,4,4,4,4,4,4,4,4,1,1,1,1,30,30,7,4,1,1,1,4,3,2,3,1,1,3,3,2,4,4,3,3,2,3,3,1,1,1,4,4,4,1,1,1,1,1,1,1,1,1,1,1,1,1,1,1,1,1,1,1,1,1,1,2,2,2,2,1,1,1,1,4,4,4,4,4,4,4,4,4,4,4,3,3,2,2,1,1,1,4,3,1,1,1,1,1,1,1,1,1,1,1,4,1,1,1,1,1,1,1,1,1,1,1,1,1,1,1,1,1,1,1,1,1,1,1,1,1,1,1,1,1,3,3,3,3,3,3,3,3,1,1,2,3,4,5, , , , ,3,3,3,3,3,3,3,3,3,3,3, ,2, , ,19,1,1
3288,5,1,1,1, , ,1,1,1, ,1, ,1,70000, , , , ,4,4,4,3,3,3,3,3,3,3,2,3,3,3,3,3,3,3,3,3,3,4,3,3,3,3,3,3,3,3,3,3,3,3,3,3,3,3,3,3,1,30,30,30,3,3,3,3,3,3,3,3,3,3,3,3,3,3,3,3,3,2,2,3,3,3,3,4,2,3,3,3,3,3,3,3,3,3,3,3,1,1,1,1,1,1,1,1,1,1,1,4,2,2,2,4,1,1,1,2,4,3,3,3,3,3,3,3,3,3,3,3,3,3,3,3,3,3,3,3,3,3,3,3,3,3,3,3,3,3,3,1,2,3,3,3,3,3,3,3,3,3,4,4,4,1,1,1,1,1,1,1,1,1,1,1,1,1,1,1,1,1,1,1,1,1,1,1,1,1,1, ,3, , , , , , ,3,3,3,3,3,3,3,3,3,3,2,1,2,3,4,27,1,1
3290,5,1,1,1, , ,1,1,1, ,1, ,1, ,1, , , ,3,3,3,3,3,3,2,2,3,3,2,3,4,3,3,3,4,4,4,4,3,3,3,3,3,3,3,4,4,4,4,3,3,3,3,4,3,4,3,4,1,10,30,0,3,4,3,3,2,4,4,4,2,3,2,2,3,4,4,2,3,2,4,4,2,2,3,4,4,4,4,2,2,3,4,4,4,4,4,4,3,2,2,2,3,2,2,3,4,3,2,3,3,3,3,2,3,3,2,2,2,4,4,4,4,4,4,3,2,4,4,4,4,4,4,4,4,4,4,3,3,3,4,4,4,3,3,3,4,4,4,2,1,3,4,3,3,3,3,3,3,3,4,4,4,1,1,1,1,1,1,1,1,1,1,1,1,1,1,1,4,3,3,3,4,4,3,4,4, , , , , , , , , , ,4,4,3,2,4,4,3,2,4,4,3, , , ,4,24,1,1
3294,5,1,1,1, , ,1,1,1, ,1, ,1, ,1, , , ,2,2,2,3,3,3,2,2,2,3,2,3,3,3,4,3,3,3,3,3,3,4,3,3,3,3,4,4,4,3,4,3,3,3,4,4,2,3,3,4,2, , , , , , , , , , , , , , , , , , , , , , , , , , , , , , , , , , , , , , , , , , , , , , , , , , , , , , , , , , , , ,4,4,3,4,4,4,4,3,3,3,4,4,4,4,4,4,4,4,4,3,4,3,4,4,3,4,3,3,2,2,4,1,3,4,4,3,3,3,3,3,3,4,4,4,1,1,1,1,1,1,1,1,2,3,3,3,2,2,2,4,4,3,3,3,2,3,2,4, , , , , , , , , , ,3,4,4,4,3,4,4,2,3,4,3, , , ,4,20,1,1
3296,5,1,2,1, , ,2,2,1,12000, , ,1,35000, , , , ,3,3,3,1,2,1,4,1,2,2,2,2,2,1,2,3,1,2,2,2,1,2,2,3,2,2,2,3,4,3,3,1,1,2,2,3,1,1,1,1,1,0,30,0,1,1,1,1,3,2,2,2,1,1,1,1,1,1,4,1,1,1,1,1,1,1,1,4,3,3,2,2,1,1,1,1,1,1,2,2,1,1,1,1,1,1,1,1,1,1,1,1,1,1,1,1,1,1,1,1,1,3,3,3,3,3,2,2,2,4,4,3,3,4,4,4,3,2,4,3,2,2,3,4,3,3,2,3,4,3,3,2,1,1,3,2,2,2,2,2,2,2,3,2,3,1,1,1,1,1,1,1,1,1,1,1,1,1,1,1,1,2,3,2,3,3,3,3,3,1,1,2, , ,5, , , , ,3,3,3,3,3,4,3,3,3,2,1,1,2,3, ,22,1,1
3299,5,1,2,1, , ,1,2,1, ,1, ,1,86000, ,1,1, ,3,2,4,3,3,2,4,1,3,4,2,4,4,2,4,4,4,4,4,4,2,4,2,3,3,4,4,4,4,4,4,4,3,4,4,4,2,4,4,2,1,10,30,15,2,4,2,2,4,3,4,3,2,2,1,1,1,4,4,3,3,2,1,2,1,2,1,4,4,4,3,2,1,1,1,3,4,3,3,3,1,1,1,1,2,1,1,1,1,1,1,1,1,1,3,3,1,1,1,1,3,3,3,3,3,2,3,3,3,3,3,4,4,4,4,4,4,4,4,3,2,2,3,3,3,3,2,3,3,3,3,2,1,2,3,2,3,3,3,3,3,3,3,3,2,1,1,1,1,1,1,1,1,1,1,2,1,1,1,1,1,2,4,3,3,2,3,3,3,1,1, ,3, , , , , , ,3,2,3,3,3,3,3,4,3,3,2, , , ,4,22,1,1
3302,5,1,1,1, , ,1,1,1, ,1, ,1,100000, , , , ,4,2,4,1,2,1,4,1,3,2,3,4,4,2,4,4,4,4,4,4,2,4,4,4,4,4,4,4,4,4,4,3,1,3,3,3,2,3,2,2,1,30,30,30,1,1,1,1,4,4,4,4,2,2,2,2,2,4,3,3,3,3,2,2,2,2,2,4,4,4,4,4,3,3,4,4,3,3,3,3,1,1,1,1,1,1,1,1,3,3,3,2,3,2,3,4,1,1,1,1,4,3,3,3,3,3,2,2,3,3,3,4,4,4,4,3,3,3,4,3,2,3,3,3,3,3,2,2,2,3,2,2,2,3,3,3,3,3,3,3,3,3,3,3,2,1,1,1,1, ,1, , ,2,1,1,3, ,1, , ,2,1,3,2,3,4,3,3, , , , , , , , , , ,3,2,3,2,3,2,2,3,3,3,2, , , ,4,27,1,1
3305,5,1,1,1, , ,1,2,1,18000, ,13000, ,69000, ,1,1,1,2,2,3,3,3,2,4,1,3,4,3,3,4,3,4,3,3,3,3,3,3,3,4,3,3,3,3,4,3,4,4,3,3,3,3,3,3,4,3,3,1,30,30,15,2,4,2,3,4,4,2,3,2,3,2,2,4,2,3,2,2,4,3,3,4,4,3,4,4,4,4,3,2,1,1,1,3,3,3,3,1,2,2,3,1,2,3,3,3,2,3,4,3,2,3,4,2,2,2,2,4,3,4,3,3,3,2,2,3,3,2,4,4,4,4,4,4,3,4,3,3,3,3,3,3,3,3,3,3,3,3,2,1,3,3,3,3,3,3,3,3,3,3,3,3,1,1,1,1,1,1,1,1,3,3,3,2,2,1,1,2,4,4,4,3,3,3,3,4, , , , , , , , , , ,4,3,3,2,3,3,4,2,3,4,2, , ,3, ,48,2,1
3306,5,1,1,1, , ,1,2,1,20000, , ,1, ,1, , , ,2,2,2,2,3,3,3,3,2,2,2,1,1,2,2,2,2,2,1,1,1,1,2,2,3,3,4,3,4,3,4,3,3,3,3,2,3,3,3,3,1,2,15,8,4,4,4,4,3,3,3,3,2,2,2,2,2,4,4,4,4,4,2,2,2,2,2,4,4,4,4,4,3,3,4,4,3,3,4,4,3,2,2,2,4,4,4,4,2,2,2,2,3,2,2,2,3,3,3,2,3,3,3,3,3,3,3,3,3,3,3,3,4,4,4,2,3,3,3,3,2,3,3,3,2,2,2,2,2,3,3,3,1,2,2,2,1,1,2,2,2,2,2,2,2,1,1,1,1,1,1,1,1,2,3,2,3,2,1,3,2,3,3,2,2,2,2,2,2, , , , , , , , , , ,3,2,3,3,3,2,2,2,2,2,1,1, , , ,49,2,1
3309,5,2,2,1, , ,2,2,1, ,1,33000, , ,1, , , ,2,1,2,3,3,3,3,3,1,1,1,1,2,1,3,4,4,3,4,4,4,3,4,3,2,3,3,4,4,4,4,2,2,2,2,3,3,3,3,3,1,0,30,0,1,1,1,1,4,4,4,1,1,1,1,1,1,4,4,4,1,2,1,1,1,1,1,4,4,4,1,1,1,1,1,3,1,1,4,4,1,1,1,1,1,1,1,1,1,1,1,1,1,1,1,1,2,2,2,2,1,4,4,4,4,4,2,2,3,3,3,3,3,3,3,3,3,3,3,2,2,2,3,4,3,3,2,2,2,2,3,3,2,2,2,2,2,2,2,2,2,2,2,2,2,1,1,1,1,1,1,1,1,1,1,1,2,3,3,1,1,1,3,3,3,4,3,2,2, , , , , , , , , , ,2,2,2,3,3,3,3,3,3,3,1,1, , , ,48,2,1
3311,5,2,1,1, , ,1,1,1, ,1, ,1, ,1, , , ,3,3,3,3,2,2,2,3,2,3,3,3,3,3,3,3,3,3,3,3,3,3,3,3,3,3,3,3,3,3,3,3,4,3,3,3,3,3,3,3,1,0,15,0,1,1,1,1,3,2,3,4,1,1,1,1,1,4,4,4,4,3,1,1,1,1,1,4,4,4,4,4,1,1,4,4,1,1,4,3,1,1,1,1,4,3,3,4,1,1,1,1,3,3,3,3,2,2,3,3,4,2,3,2,3,3,3,3,3,3,3,3,3,4,3,3,3,3,3,3,2,2,3,3,2,2,2,2,2,2,2,2,2,2,3,2,2,3,2,2,2,2,3,2,3,1,1,1,1,1,1,1,1,3,3,4,4,3,2,4,2,3,4,4,4,3,1,4,3, , , , , , , , , , ,3,2,3,2,4,3,3,2,3,3,2,1, , ,4,48,2,1
3312,5,1,2,1, , ,2,2,1, ,1,0, , ,1, , , ,1, ,1,1,4,1,4,1,1,1,1,1,1,1,1,3,3,1,3,1,1,1,1,1,1,1,1,3,3,3,4,3,1,3,1,1,3,3,3,1,1,0,20,0,1,1,1,1,4,2,1,1,1,1,1,1,1,2,3,2,2,1,1,1,1,1,1,2,1,4,2,1,1,1,1,1,1,1,1,1,1,1,1,1,1,1,1,1,1,1,1,1,1,1,1,1,1,1,2,1,1,3,3,3,3,2,1,1,3,3,3,3,3,3,3,2,2,2,3,3,3,3,3,3,3,3,2,3,3,3,3,3,2,1,1,1,1,1,1,1,1,1,1,1,1,1,1,1,1,1,1,1,1,1,1,1,1,1,2,2,1,3,4,3,3,3,3,3,3,1, , , ,4, , , , , ,3,3,3,3,3,3,3,3,3,3,1, ,2, , ,47,2,1
3313,5,2,2,1, , ,1,1,1,23450, ,0, , ,1, , , ,2, ,2,1,1,1,3,1,3,3,2,2,2,3,2,3,3,2,3,3,3,3,3,2,3,2,2,2,4,2,2,2,2,2,2,2,3,3,3,3,1,0,20,0,1,1,1,1,3,1,1,1,1,1,1,1,1,4,4,1,1,1,1,1,1,1,1,4,1,2,1,1,1,1,1,4,1,1,1,1,1,1,1,1,1,1,1,1,1,1,1,1,1,1,1,1,1,1,1,1,1,3,3,3,3,3,2,2,1,3,3,3,3,3,3,3,3,3,3,3,2,1,3,4,2,1,2,3,3,3,2,3,1,1,1,1,1,2,1,1,1,1,1,1,1,1,1,1,1,1,1,1,1,1,1,1,1,1,1,3,1,3,3,3,3,3,3,3,3, , , , , , , , , , ,2,2,2,2,3,3,3,3,3,3,2,1, , , ,49,2,1
3315,5,1,1,1, , ,1,1,1, ,1, ,1,50000, , , , ,4,4,4,3,3,3,3,3,3,3,3,3,2,3,3,3,3,3,3,3,3,3,3,3,3,3,3,3,3,3,3,3,3,3,3,3,2,3,2,2,1,15,30,10,3,3,1,1,3,3,1,1,1,1,1,1,1,3,2,3,2,3,3,3,3,3,3,2,2,3,3,2,1,1,2,3,3,3,3,3,1,1,1,1,1,1,1,1,1,1,1,3,1,1,1,3,1,1,1,1,3,3,3,3,3,3,3,3,3,3,3,3,3,3,3,3,3,3,3,3,3,3,3,3,3,3,3,3,3,3,3,1,2,3,3,3,3,3,3,3,3,3,3,3,3,1,1,1,1,1,1,1,1,1,1,1,1,1,1,1,1,1,1,1,1,1,1,1,1,1,1,2,3,4,5,6,7, , ,3,3,3,3,3,3,3,3,3,3,2,1,2,3,4,45,2,1
3317,5,1,1,1, , ,1,1,1, ,1, ,1, ,1, , , ,3,3,3,3,3,3,3,3,3,3,3,3,3,2,3,3,3,3,3,3,3,3,3,3,3,3,3,3,3,3,3,3,3,3,3,3,3,3,3,3,1,15,30,0,3,3,3,3,3,2,3,2,3,3,3,2,2,2,3,2,2,2,3,3,3,3,3,3,3,3,2,3,1,1,3,3,3,3,3,3,1,1,1,1,1,1,1,1,1,1,1,3,1,1,1,3,2,2,2,2,3,3,3,3,3,3,3,3,3,3,3,3,3,3,3,3,3,3,3,3,3,3,3,3,3,3,3,3,3,3,3,1,2,3,3,3,3,3,3,3,3,3,3,3,3,1,1,1,1,1,1,1,1,1,1,1,1,1,1,1,1,1,1,1,1,1,1,1,1,1,1,2,3,4,5,6, , , ,3,3,3,3,3,3,3,3,3,3,2,1,2, , ,40,2,1
3318,5,1,1,1, , ,2,2,1, ,1, ,1, ,1, , , ,3,3,3,3,3,3,3,3,2,2,2,2,2,2,2,3,3,3,3,2,1,3,3,2,3,2,2,3,3,3,3,2,2,2,2,1,1,2,1,1,1,10,30,0,3,3,3,2,3,2,3,1,2,3,3,1,1,3,3,3,1,1,3,3,3,2,3,3,3,3,3,1,1,1,1,3,3,3,3,3,1,1,1,1,1,1,1,1,1,1,1,3,1,1,1,3,1,1,1,1,3,2,3,2,2,2,2,2,2,2,2,3,3,3,3,3,3,3,3,3,3,3,3,3,3,3,3,3,3,3,3,1,2,3,3,3,3,3,3,3,3,3,3,4,4,1,1,1,1,1,1,1,1,1,1,1,1,1,1,1,1,1,1,1,1,1,1,1,1,1, ,2, , , , , , , ,3,3,3,3,3,3,3,3,3,3,3,1,2,3,4,48,2,1
3320,5,1,2,1, , ,2,2,1,40000, ,38000, ,70000, , , , ,4,4,4,1,1,1,1,1,1,1,1,1,1,1,1,1,1,1,1,1,1,1,1,1,1,1,1,3,3,2,3,1,1,1,1,1,1,1,1,1,1,5,30,0,1,1,1,1,3,2,1,1,1,1,1,1,1,3,1,1,1,1,1,1,1,1,1,3,3,3,3,1,1,1,1,2,1,1,2,2,1,1,1,1,1,1,1,1,1,1,1,1,1,1,1,1,1,1,1,1,1,2,2,2,2,2,2,2,2,2,3,3,2,2,2,2,2,2,2,2,2,2,2,2,1,1,1,2,2,2,1,1,2,1,1,1,1,1,1,1,1,1,1,4,4, ,1, , , ,1,1, , ,1, , , ,1,1, ,1,1,1,1,1,1,1,1,1, ,2, ,4,5, , , , ,2,4,3,4,1,4,2,4,4,4,2, ,2, , ,49,2,1
3322,5,1,2,1, , ,2,2,1,31500, , ,1, ,1,1, , ,4,4,4,1,1,1,1,1,1,1,1,1,1,1,2,3,3,2,3,2,2,2,3,2,2,2,2,4,3,2,2,2,2,2,2,2,2,2,2,2,1,0,30,0,1,1,1,1,3,2,3,2,1,1,1,1,1,2,3,2,2,2,1,1,1,1,1,4,4,2,3,3,1,1,2,2,1,1,2,2,1,1,1,1,2,2,2,2,1,1,1,1,2,2,2,2,2,2,2,2,2,2,2,2,2,2,2,2,2,2,2,2,3,3,3,3,2,2,3,3,2,2,2,2,2,2,2,3,3,3,2,2,2,2,2,2,2,2,2,2,2,2,2,2,2,1,1,1,1,1,1,1,1,1,1,1,1,1,1,1,1,3,3,3,3,3,3,3,3,1,1,2,3,4,5, , , , ,3,3,3,3,3,3,3,3,3,3,1, , ,3, ,45,2,1
3323,5,1,2,1, , ,2,2,1,31500, ,0, ,81479, , , , ,4, ,4,1,1,3,3,3,2,2,2,1,1,1,3,3,3,2,3,2,2,2,3,2,2,2,2,3,3,3,3,2,2,2,2,2,2,2,2,2,1,0,30,0,1,1,1,1,3,2,3,3,1,1,1,1,1,2,3,3,2,2,1,1,1,1,1,2,2,3,2,2,1,1,1,1,1,1,2,2,1,1,1,1,2,2,2,2,1,1,1,1,2,2,2,3,2,2,2,2,2,3,2,2,2,2,3,2,3,3,3,2,2,2,2,2,2,2,3,3,2,2,3,3,3,2,3,4,4,2,2,2,1,2,2,2,2,2,2,3,2,2,3,2,2,1,1,1,1,1,1,1,1,2,2,2,2,2,2,2,2,3,3,3,3,3,3,3,3,1, ,2, ,4, , , , , ,3,3,3,2,3,3,2,3,3,3,4,1,2, , ,45,2,1
3326,5,2,2,1, , ,2,2,1, ,1,0, ,100000, , , , ,2, ,3,3,2,3,1,3,1,1,1,1,1,1,1,1,1,1,3,3,1,1,1,1,3,3,3,3,4,3,3,4,1,1,1,1,1,1,1,1,1,30,30,0,2,3,2,1,4,3,2,3,3,2,3,1,2,4,3,3,4,3,4,3,3,3,4,4,2,3,4,2,3,4,4,4,4,3,1,3,1,3,2,1,3,2,2,1,1,3,2,4,1,3,3,3,1,2,3,3,3,3,4,4,3,4,3,4,3,4,3,3,4,3,4,2,1,2,2,3,3,2,3,3,3,4,2,3,2,3,3,3,1,2,3,1,3,4,2,1,2,3,4,2,1,1,1,1,1,1,1,1,1,2,3,4,4,4,4,4,3,3,4,2,4,3,4,3,2, , , , , , , , , , ,3,3,4,3,4,3,2,2,3,2,2,1, , , ,46,2,1
3327,5,2,1,1, , ,1,2,1,35000, , ,1,89000, , , , ,3,3,3,1,2,2,4,1,4,3,3,4,4,2,4,3,4,4,4,4,2,4,2,4,3,4,4,4,4,4,4,3,4,2,2,2,4,4,4,2,1,30,30,0,4,4,4,3,2,1,2,2,1,1,1,1,2,2,4,2,3,2,1,4,4,4,2,3,2,1,1,1,1,4,1,1,4,4,1,1,2,1,1,3,2,1,3,2,4,3,4,4,4,4,4,4,1,1,3,1,4,4,4,4,3,4,3,3,4,4,4,4,4,4,4,3,3,4,4,4,2,4,4,3,3,2,1,2,1,3,3,2,1,3,4,3,2,3,3,4,3,2,4,4,4,1,1,1,1,1,1,1,1,3,4,1,4,2,2,2,1,2,4,3,3,3,3,3,1, , , , , , , , , , ,4,3,4,4,3,4,3,4,3,3,1, ,2, , ,43,2,1
3328,5,1,1,1, , ,1,1,1, ,1, ,1, ,1, , , ,4,4,4,2,2,3,3,3,1,1,1,1,2,1,3,3,3,3,3,2,2,3,3,2,2,3,3,3,3,3,3,3,2,2,2,2,2,3,2,2,1,20,30,5,3,2,2,1,3,3,2,1,3,3,3,2,3,3,3,2,3,2,3,3,3,3,3,2,3,3,3,3,3,3,3,3,3,3,3,3,1,1,1,1,1,1,1,1,1,1,1,3,1,1,1,3,1,1,1,1,3,3,3,3,2,2,2,2,3,3,3,3,3,3,3,3,3,3,3,3,3,3,3,3,3,2,1,3,2,2,2,1,2,3,3,3,3,3,3,3,3,3,3,3,4,1,1,1,1,1,1,1,1,1,1,1,1,1,1,1,1,1,1,1,1,1,1,1,1,1,1,2, , ,5, , , , ,3,3,3,3,2,3,3,4,4,1,2,1,2,3,4,40,2,1
3330,5,1,2,1, , ,2,2,1, ,1, ,1, ,1,1,1,1,3,3,3,2,2,2,3,2,2,2,2,3,2,2,2,4,4,3,3,4,3,3,3,3,3,3,3,3,3,3,3,3,3,3,3,3,2,3,3,3,1,10,30,0,1,1,1,1,4,1,4,1,2,1,1,1,3,4,4,1,1,4,2,2,1,1,1,4,4,4,4,3,1,2,4,4,1,1,4,4,1,1,1,1,1,1,1,3,1,1,1,1,3,2,1,4,1,1,1,1,1,2,2,2,2,2,3,3,3,3,3,3,3,3,3,3,3,3,3,2,2,3,3,3,3,3,1,3,3,3,3,3,2,2,2,2,2,2,2,2,2,2,2,2,2,1,1,1,1,1,1,1,1,1,1,1,1,1,1,1,1,3,3,3,3,3,3,3,3,1, ,2,3, , , , , , ,2,2,2,2,2,2,2,2,2,2,4, , , ,4,47,2,1
3331,5,2,2,1, , ,2,2,1, ,1, ,1, ,1, , , ,3,3,3,3,2,2,2,2,2,1,1,1,1,1,1,2,2,2,3,3,2,2,2,2,2,2,2,3,3,3,3,3,3,3,2,2,2,2,2,2,1,0,17,0,1,1,1,1,2,1,2,2,1,1,1,1,1,2,2,2,2,2,1,1,1,1,1,3,3,3,1,1,1,1,1,3,1,1,1,2,1,1,1,1,2,1,1,1,1,1,1,1,1,1,1,2,1,1,1,1,1,3,3,3,3,3,1,1,1,1,1,1,1,1,1,2,2,1,1,2,1,2,3,3,2,2,1,2,1,2,2,3,2,1,1,1,1,1,1,1,1,1,1,1,1,1,1,1,1,1,1,1,1,1,1,1,1,1,1,1,1,1,1,1,1,1,1,1,1,1, ,2,3, , , , , , ,2,2,1,1,2,2,1,1,1,1,4, , , ,4,47,2,1
3333,5,1,1,1, , ,2,2,1,15000, , ,1, ,1,1,1,1,3,3,3,2,2,2,3,2,4,4,4,4,2,3,3,2,2,2,2,2,1,1,1,1,1,1,1,3,2,1,1,1,1,1,1,1,1,3,1,1,2, , , , , , , , , , , , , , , , , , , , , , , , , , , , , , , , , , , , , , , , , , , , , , , , , , , , , , , , , , , , ,3,3,3,3,3,2,2,2,3,3,1,1,1,4,3,2,2,3,1,1,1,3,1,3,3,1,2,2,2,3,2,2,3,3,2,2,2,2,2,1,1,1,1,1,1,1,1,1,1,1,1,1,1,1,1,1,1,1,1,1,2,3,3,3,3,3,3,2,1, ,2,3, , , , , , ,1,1,1,1,1,1,1,1,1,1,4,1,2,3, ,48,2,1
3334,5,2,1,1, , ,1,1,1,43000, ,0, ,39000, ,1, ,1,3, ,3,3,1,3,1,1,4,4,3,4,4,4,4,4,4,4,4,4,4,4,4,3,4,4,4,4,4,4,4,4,4,4,4,3,3,3,3,3,1,25,30,30,4,4,2,4,4,4,4,4,2,3,3,3,3,4,4,4,4,4,2,2,2,2,2,4,4,4,4,4,2,2,4,4,3,3,4,4,2,3,2,3,4,4,4,4,2,3,2,3,4,4,4,4,4,2,4,4,4,4,4,4,4,3,3,3,3,3,3,4,4,4,4,4,4,4,4,4,3,3,3,3,3,3,3,4,4,4,4,4,1,4,4,4,3,3,3,3,3,3,3,3,3,1,1,1,1,1,1,1,1,4,4,4,4,3,3,3,3,4,4,4,4,4,4,4,4, , , , , , , , , , ,4,3,4,3,3,3,3,3,3,3,3, , ,3, ,46,2,1
3336,5,1,1,1, , ,1,2,1,30000, ,30000, ,100000, ,1,1,1,3,3,4,4,1,1,4,1,3,2,2,2,3,1,4,3,3,3,3,3,1,3,3,2,2,3,3,3,3,3,3,3,3,2,2,3,2,2,2,2,1,30,30,30,4,2,2,1,4,3,1,1,2,4,1,1,1,4,4,3,3,3,4,4,4,2,2,4,4,4,1,1,2,4,3,3,3,1,1,1,1,2,1,1,2,2,1,1,1,1,1,1,1,1,1,1,1,1,1,1,1,3,3,3,3,3,3,3,3,3,3,4,4,4,4,3,3,3,3,3,2,3,3,3,3,3,3,3,3,3,3,3,2,2,2,2,2,2,2,2,2,2,2,2,2,1,1,1,1,1,1,1,1,1,2,1,1,1,2,1,1,3,3,3,3,3,3,3,3,1, ,2,3,4, , , , , ,4,2,4,1,4,1,4,3,3,4,4, , , ,4,40,2,1
3337,5,1,2,1, , ,1,2,1,27000, , ,1, ,1, , , ,4,4,4,1,1,1,2,1,3,3,3,3,2,3,3,3,3,3,3,2,1,2,3,3,3,2,3,3,3,4,3,3,3,3,2,2,2,2,3,3,1,7,30,2,3,3,3,2,4,4,4,4,4,4,4,3,3,4,4,4,4,4,3,3,2,3,2,4,4,4,4,4,2,2,2,2,1,1,4,4,3,3,3,2,4,4,4,4,3,3,3,3,4,4,4,4,1,1,1,1,1,3,3,3,3,3,3,3,3,4,4,3,3,4,4,4,4,4,4,2,2,3,3,3,3,3,2,3,3,3,3,3,1,4,3,3,4,4,3,3,3,4,4,4,4,1,1,1,1,1,1,1,1,3,3,2,2,2,2,2,2,4,4,4,4,4,4,4,4, , , , , , , , , , ,3,3,3,4,4,4,4,3,3,3,4,1, , , ,47,2,1
3340,5,2,1,1, , ,2,2,1,0, ,50000, ,110000, , , , , ,3,3,3,3,3,3,3,2,3,3,3,3,3,3,3,3,3,3,3,3,3,3,3,3,3,3,3,3,3,3,3,3,3,3,3,3,3,3,3,1,0,30,0,1,1,1,1,2,3,2,3,1,1,1,1,1,3,2,3,3,2,1,1,1,1,1,3,2,3,3,3,1,1,3,3,1,1,4,4,1,1,1,1,3,3,3,3,1,1,1,1,3,3,3,3,2,2,2,2,2,3,3,3,3,3,3,3,3,3,3,3,3,3,3,3,3,3,3,3,3,3,3,3,3,3,3,3,3,3,3,3,2,3,3,3,3,3,3,3,3,3,3,3,3,1,1,1,1,1,1,1,1,2,2,2,3,3,2,2,2,2,3,3,3,3,2,3,3, , , , , , , , , , ,3,3,3,3,3,3,3,3,3,3,2, ,2, , ,47,2,1
3341,5,1,1,1, , ,1,1,1,31000, ,0, ,59000, ,1, ,1,2, ,3,2,1,1,4,1,2,3,2,4,4,2,4,4,4,4,4,4,2,3,4,4,4,3,2,4,4,4,4,3,2,4,4,2,1,2,2,2,1,10,30,30,4,3,2,2,1,1,1,1,1,3,1,3,2,1,4,1,1,1,1,1,1,1,3,2,3,4,4,4,2,3,1,1,1,1,1,2,3,1,1,1,4,1,1,2,2,4,1,1,2,4,3,3,2,4,2,3,2,3,4,4,4,3,3,3,2,3,3,4,4,4,4,2,3,2,3,3,2,3,3,4,4,3,2,3,3,3,4,4,1,4,3,3,2,2,2,2,3,2,3,4,3,1,1,1,1,1,1,1,1,1,3,2,3,3,3,1,1,3,3,3,3,3,4,2,2, , , , , , , , , , ,3,3,2,3,4,4,4,4,4,4,1, , , ,4,49,2,1
3343,5,2,1,1, , ,1,2,1,22000, ,0, ,45000, ,1, ,1,3, ,3,3,1,3,1,1,3,3,3,3,3,3,3,3,3,3,3,3,3,3,4,3,3,3,3,3,3,3,3,3,3,3,3,3,3,3,3,3,1,20,30,30,3,3,3,3,4,4,4,4,2,3,3,1,1,4,4,4,4,4,2,2,2,2,2,4,4,4,4,4,2,2,4,4,3,3,4,4,2,2,1,1,4,4,3,4,1,1,1,1,3,3,3,3,4,4,4,4,4,4,4,4,4,4,3,4,4,4,4,4,4,4,4,4,4,4,4,3,2,3,3,3,3,3,3,3,3,3,3,3,1,3,3,3,3,3,3,3,3,3,3,3,3,1,1,1,1,1,1,1,1,3,4,4,4,4,4,3,4,3,3,3,3,3,3,3,3, , , , , , , , , , ,4,4,4,3,4,4,4,4,4,3,2, , ,3,4,46,2,1
3345,5,1,2,1, , ,2,2,1,15000, ,0, ,25000, ,1, ,1,2, ,3,2,2,2,3,2,2,1,1,1,1,2,1,1,1,1,1,1,1,1,3,2,2,3,1,3,3,2,3,2,2,1,1,1,1,1,1,2,1,0,30,0,1,1,1,1,3,2,2,2,1,1,1,1,1,3,3,2,2,2,1,1,1,1,1,3,2,3,2,2,1,1,3,3,1,1,3,2,1,1,1,1,2,2,3,2,1,1,1,1,2,2,2,2,1,1,1,1,1,2,2,1,1,2,1,1,1,1,2,2,3,2,2,2,2,2,2,1,1,2,3,3,2,2,2,2,1,1,2,2,1,2,1,1,1,1,1,1,2,2,2,2,2, , , , , , , , , , , , , , , , ,2,2,2,1,2,1,1,2, , , , , , , , , , ,3,3,3,2,4,2,4,3,2,3,4,1, , , ,49,2,1
3346,5,1,1,1, , ,1,2,1, ,1, ,1, ,1, , , ,3,3,3,3,3,3,4,4,3,3,3,4,4,3,3,2,2,3,3,3,3,3,2,2,3,2,2,3,3,3,3,2,2,2,2,2,2,2,2,3,1,6,30,0,2,1,1,1,3,3,3,3,1,1,1,1,1,3,3,2,2,2,2,1,1,1,1,3,3,2,2,2,1,1,2,2,2,1,3,3,1,1,1,1,1,1,1,1,1,1,1,1,2,3,2,3,1,1,3,1,3,4,4,4,3,3,3,3,4,4,4,3,3,4,4,3,3,3,3,3,3,3,3,3,3,3,3,2,2,2,2,2,2,2,2,2,2,2,2,2,2,2,2,2,2,1,1,1,1,1,1,1,1,1,1,1,1,1,1,1,1,4,4,4,4,4,4,4,4,1, ,2,3, , , , , , ,2,2,2,2,2,1,1,1,1,1,4,1,2,3,4,47,2,1
3348,5,1,2,1, , ,2,1,1,12000, ,25000, ,20000, ,1,1,1,1,1,1,1,3,3,2,2,1,4,1,1,4,1,3,4,4,4,4,4,3,4,2,4,4,2,3,4,4,4,4,3,1,4,4,3,2,4,4,2,1,12,30,0,2,2,2,2,4,2,2,2,2,2,2,2,2,2,2,2,2,2,2,2,2,2,2,4,4,4,4,3,1,1,1,1,3,3,3,3,1,1,1,2,1,1,1,2,3,1,3,2,4,1,3,2,1,1,1,1,1,3,3,3,4,2,3,3,3,3,4,4,4,4,4,4,4,3,4,3,2,2,2,4,4,4,2,2,2,2,2,2,1,4,4,2,3,3,3,3,2,2,4,4,4,1,1,1,1,1,1,1,1,2,2,1,2,1,1,1,2,2,3,2,2,2,2,2,2,1,1, ,3, , , , , , ,3,4,3,2,4,3,3,3,3,3,3,1,2, , ,48,2,1
3351,5,2,1,1, , ,2,1,1,25000, , ,1,60000, ,1, ,1,3,2,3,2,4,2,4,3,2,2,2,2,2,2,3,3,3,2,3,2,2,2,3,2,2,3,2,2,3,2,2,2,2,3,2,2,2,3,2,2,1,0,20,0,1,1,1,1,2,1,2,1,1,1,1,1,1,2,4,2,2,2,1,1,1,1,1,3,2,2,2,2,1,1,2,2,1,1,2,2,1,1,1,1,1,1,1,1,1,1,1,1,1,1,1,1,1,1,1,1,1,3,3,3,3,3,3,3,3,3,3,3,3,3,3,2,2,2,2,2,2,2,2,3,3,3,2,3,2,3,2,3,2,2,2,1,1,1,1,1,1,1,1,1,3, , , , , ,1,1, , , , , , ,2,2, ,2,2,2,2,2,2,2,2,1, ,2,3,4, , , , , ,3,3,3,3,3,3,3,3,3,3,3,1, , , ,43,2,1
3353,5,2,1,1, , ,2,2,1,18000, ,17000, ,53000, ,1,1,1,2,2,3,2,2,2,3,2,2,2,2,2,3,2,2,2,2,2,3,3,2,2,3,2,2,1,2,3,3,2,2,2,2,2,2,2,2,3,2,2,3, , , , , , , , , , , , , , , , , , , , , , , , , , , , , , , , , , , , , , , , , , , , , , , , , , , , , , , , , , , , ,3,3,3,3,3,3,2,3,3,3,3,3,3,3,2,2,2,3,2,3,2,3,2,3,3,3,2,2,2,3,1,2,1,3,2,2,2,2,2,2,2,3,3,3,1,1,1,1,1,1,1,1,1,1,1,1,1,3,1,1,3,3,3,2,2,3,3,3, , , , , , , , , , ,3,2,3,3,4,4,3,3,3,4,3, ,2, , ,49,2,1
3357,5,1,1,1, , ,1,1,1,160000, ,60000, , ,1, , , ,4,3,3,3,3,3,3,3,3,3,3,3,3,3,3,4,4,4,4,4,2,3,4,4,4,4,4,4,4,4,4,3,3,4,3,4,3,3,3,3,1,30,30,30,1,1,1,1,4,4,4,4,1,1,1,1,1,4,4,4,4,4,1,1,1,1,1,4,4,4,4,4,1,1,3,4,1,1,2,2,1,1,1,1,3,1,3,2,1,1,1,1,3,3,3,3,3,2,2,2,4,4,4,4,4,4,4,3,3,4,4,3,3,3,3,3,3,3,3,4,3,3,3,3,3,3,3,3,3,4,4,4,1,3,3,3,3,3,3,3,3,3,3,3,3,1,1,1,1,1,1,1,1,3,3,3,4,4,4,4,4,4,4,3,4,4,4,4,4, , , , , , , , , , ,3,3,3,3,3,3,3,3,3,3,2, , , ,4,38,2,1
3359,5,1,2,1, , ,2,2,1,150000, ,46940, , ,1, , , ,3,3,3,1,2,1,4,1,2,2,2,2,4,1,4,4,1,2,2,2,1,2,2,3,2,2,2,2,4,3,3,4,1,2,2,3,1,2,1,1,1,3,30,0,2,2,2,2,3,4,4,4,1,1,1,1,1,4,4,4,4,2,4,1,1,1,1,4,2,2,1,1,1,1,1,1,1,1,2,2,1,1,1,1,1,1,1,1,1,1,1,1,1,1,1,1,1,1,1,1,1,3,3,3,3,3,2,2,2,4,4,3,3,4,4,4,2,2,4,3,2,2,3,4,2,1,2,3,4,3,3,2,2,1,2,2,2,2,2,2,2,2,3,2,2,1,1,1,1,1,1,1,1,1,1,1,1,1,1,1,1,3,3,3,3,3,3,3,2,1,1,2, , ,5, , , , ,3,2,3,3,2,4,2,3,3,2,1,1,2, , ,39,2,1
3362,5,2,1,1, , ,2,2,1,34000, ,12000, , ,1, , , ,3,3,3,2,3,3,3,2,2,3,2,1,3,4,4,3,3,3,3,3,3,3,3,3,2,2,3,3,3,3,3,3,2,2,2,2,2,4,2,1,2, , , , , , , , , , , , , , , , , , , , , , , , , , , , , , , , , , , , , , , , , , , , , , , , , , , , , , , , , , , , ,4,4,4,4,4,4,3,3,3,4,4,4,4,4,4,4,4,4,3,2,3,3,3,3,3,1,2,3,2,3,2,2,1,3,3,2,2,4,4,2,2,2,2,1,1,1,1,1,1,1,1,1,1,1,1,1,1,1,1,1,2,3,3,4,4,4,3,3,1,1,2,3, , , ,7, , ,4,3,3,3,3,3,4,4,4,4,3,1,2, , ,34,2,1
3363,5,1,2,1, , ,2,2,1,24800, , ,1,100000, ,1, ,1,3,3,3,1,3,3,3,3,3,3,3,2,2,2,2,3,3,3,3,3,2,3,3,3,3,3,3,3,3,3,3,3,3,3,3,3,2,3,2,2,1,10,30,0,2,2,2,3,3,3,3,3,2,2,2,2,2,3,3,3,3,3,2,2,2,2,2,3,3,2,3,2,2,2,2,2,2,2,2,2,2,2,2,3,2,2,2,3,1,1,1,1,2,2,2,3,2,2,2,2,2,3,3,2,2,3,3,3,3,3,3,3,3,3,3,3,2,3,4,2,2,3,3,3,3,2,2,2,3,3,2,2,1,2,2,2,2,2,3,3,2,3,3,3,3,1,1,1,1,1,1,1,1,2,2,2,2,2,2,2,2,3,3,2,3,2,2,2,2,1,1,2,3, , , ,7, , ,3,3,3,3,3,3,3,3,3,3,1, ,2, ,4,31,2,1
3365,5,2,2,1, , ,2,2,1, ,1, ,1, ,1, , , ,2,2,2,2,3,2,3,3,3,3,3,3,3,3,2,4,4,4,4,4,3,4,3,2,2,3,3,3,3,3,3,4,3,3,3,3,3,2,2,2,1,10,30,3,1,1,1,1,4,2,4,2,2,2,2,2,2,2,2,3,1,3,2,2,1,1,2,3,3,3,2,3,2,2,3,3,1,1,2,1,2,2,2,2,2,2,3,3,3,1,2,2,3,2,2,2,2,2,2,2,3,3,3,3,3,2,2,2,3,3,3,4,4,3,3,4,4,3,3,3,2,3,3,3,3,2,2,2,2,3,3,3,2,3,2,3,3,3,3,2,3,2,3,3,3,1,1,1,1,1,1,1,1,2,2,2,2,2,2,2,2,2,2,2,2,2,2,2,2,1, ,2,3, , , , , , ,3,3,2,3,3,3,3,2,4,4,3, , ,3, ,30,2,1
3366,5,1,2,1, , ,1,2,1,140000, , ,1, ,1, , , ,2,2,2,3,1,3,1,3,3,3,2,2,4,2,3,3,3,3,4,4,1,3,3,4,4,3,3,4,4,4,4,4,4,4,4,3,2,4,4,3,1,30,30,25,4,4,4,4,4,4,4,4,2,4,4,3,3,4,4,4,2,2,4,4,4,4,4,4,4,4,4,4,2,2,3,3,2,2,3,3,3,2,2,1,3,3,3,3,3,1,3,3,3,2,2,3,2,2,2,2,2,3,3,3,3,3,2,3,3,3,3,2,3,2,3,3,3,3,3,3,3,3,3,3,3,3,3,3,3,3,3,3,2,2,3,3,3,3,3,3,3,3,2,3,3,1,1,1,1,1,1,1,1,2,3,3,4,2,3,2,2,3,3,3,4,3,3,2,2, , , , , , , , , , ,3,3,3,3,3,3,3,3,3,3,2, , ,3, ,35,2,1
3368,5,1,1,1, , ,1,1,1,43000, , ,1,75000, , , , ,3,3,3,4,1,1,3,4,3,3,3,2,4,2,4,3,4,3,3,3,3,4,4,2,2,3,2,4,3,4,4,4,3,2,4,3,4,4,3,3,1,20,30,10,4,3,1,1,4,2,1,1,2,2,3,1,1,2,4,2,1,1,2,1,1,1,1,4,4,4,4,4,1,1,3,4,3,3,4,4,3,1,1,1,4,1,1,3,2,1,2,1,2,4,2,4,2,2,1,1,4,4,3,4,4,4,3,4,2,3,3,4,4,4,4,3,3,4,4,3,4,3,3,4,4,4,3,4,4,4,4,4,2,2,2,1,1,3,4,4,3,3,2,2,2,1,1,1,1,1,1,1,1,1,1,1,1,1,1,1,1,2,3,3,2,2,3,2,3,1, ,2, , , ,6, , , ,4,2,3,3,4,2,4,4,2,4,2, ,2, , ,30,2,1
3369,5,1,1,1, , ,2,2,1, ,1, ,1, ,1,1,1,1,4,4,4,3,2,2,2,2,2,2,1,1,1,1,3,3,3,3,3,2,1,3,3,2,2,2,2,3,3,3,3,2,1,1,1,1,1,3,2,2,1,5,30,0,3,2,3,1,3,2,3,1,2,3,3,1,1,3,3,3,1,1,3,3,3,2,1,3,2,2,3,1,2,2,2,2,3,3,3,3,1,1,1,1,1,1,1,1,1,1,1,3,1,1,1,3,1,1,1,1,3,2,2,2,2,2,2,2,2,3,3,3,3,3,3,3,3,3,3,3,2,3,3,3,3,2,1,3,2,2,2,1,2,2,2,2,2,2,2,3,2,2,3,3,3,1,1,1,1,1,1,1,1,1,1,1,1,1,1,1,1,1,1,1,1,1,1,1,1,1, ,2,3, , , , , , ,3,3,3,3,3,3,3,3,3,3,3,1, , , ,37,2,1
3371,5,2,1,1, , ,1,2,1,30000, ,26000, ,26000, , , , ,2,2,2,3,2,2,3,2,3,2,3,3,4,2,2,4,4,4,4,4,3,4,4,4,4,4,3,4,4,4,4,3,3,4,4,4,4,4,4,3,1,30,30,30,2,2,4,3,4,2,4,3,2,2,1,2,3,4,4,2,2,3,1,1,1,2,2,4,4,4,4,4,1,1,4,3,2,2,3,3,1,1,1,1,3,3,2,3,3,3,2,1,3,3,2,3,3,2,2,2,3,4,3,4,4,4,4,3,3,3,3,4,4,4,4,3,3,3,4,3,2,3,3,3,3,4,2,2,2,3,4,4,1,3,3,2,3,3,3,3,3,3,4,4,4,1,1, ,1, ,1,1, ,4,4, ,4, ,3,3, ,3,3,3,3,3,3,3,3, , , , , , , , , , ,3,3,3,3,2,3,4,3,3,3,4, ,2, , ,33,2,1
3374,5,1,1,1, , ,1,2,1, ,1, ,1,70000, , , , ,4,4,4,3,2,2,2,1,2,2,2,1,2,1,3,1,3,3,3,2,1,3,3,1,2,1,1,3,3,3,3,2,1,1,1,1,1,1,1,1,1,10,30,0,3,3,2,1,3,3,3,1,3,1,3,1,1,3,1,3,1,1,3,3,3,2,1,2,2,3,3,1,1,1,1,3,3,3,3,3,1,1,1,1,1,1,1,1,1,1,1,3,1,1,1,3,1,1,1,1,3,2,2,2,2,2,3,2,3,3,3,3,3,3,2,3,3,2,2,3,2,2,3,3,2,2,1,2,2,2,2,1,2,1,1,1,1,1,1,3,2,2,4,4,4,1,1,1,1,1,1,1,1,1,1,1,1,1,1,1,1,1,1,1,1,2,2,1,1,1, ,2, , ,5, , , , ,2,3,3,3,2,3,2,3,3,3,2, , , ,4,30,2,1
3376,5,2,1,1, , ,1,1,1, ,1,43000, ,43000, , ,1, ,3,2,3,3,2,2,3,3,3,3,3,4,4,3,3,4,4,4,4,4,3,4,4,2,3,3,3,4,4,4,4,3,2,3,3,3,3,3,2,3,1,20,20,20,3,3,2,2,3,3,3,4,2,3,3,2,3,2,3,3,2,3,3,2,2,3,3,4,2,3,3,3,2,2,2,2,3,3,3,3,2,2,2,2,2,2,2,2,3,3,2,3,3,3,2,3,3,3,3,2,4,2,2,2,2,2,2,3,3,3,3,4,4,4,4,3,3,3,3,3,3,2,3,4,3,3,2,3,2,3,3,2,1,3,3,2,2,2,3,3,3,3,4,4,4, , , , , , , , , , , , , , , , ,3,3,2,3,2,2,2,3, , , , , , , , , , ,3,3,3,2,3,3,3,2,3,3,3, , , ,4,30,2,1
3517,5,1,2,1, , ,2,2,1, ,1, ,1,41000, , , , ,3,3,3,3,4,2,2,2,3,3,3,2,2,3,3,3,3,3,3,2,3,4,2,2,3,3,4,2,3,4,3,3,2,2,2,2,3,3,2,1,1,15,30,0,3,3,3,2,3,3,3,3,3,3,2,3,4,3,3,2,3,4,2,2,3,2,2,3,2,2,2,4,2,3,3,4,4,4,4,4,3,2,3,2,2,2,1,2,3,3,2,3,2,3,2,2,3,3,3,2,4,2,2,3,3,2,3,2,3,3,3,3,3,3,3,2,2,3,3,3,3,3,4,4,4,3,3,3,3,2,3,3,1,3,3,3,2,3,3,3,3,2,2,1,2,1,1,1, ,1,1,1,1,2,3,2, ,1,1,1,3,3,3,1,2,3,3,3,3, , , , , , , , , , ,3,3,3,3,3,4,3,4,3,3,3, ,2, , ,37,2,1
3519,5,1,1,1, , ,1,1,1,25000, ,5000, ,60000, ,1,1,1,3,3,3,3,1,1,3,2,2,3,3,3,3,2,3,3,3,3,3,3,3,3,3,3,3,3,3,3,3,3,3,3,3,3,3,3,3,3,3,3,1,30,30,30,2,2,2,2,4,4,4,3,2,4,2,2,2,3,3,2,2,2,3,3,3,3,3,3,3,3,3,3,3,3,3,3,3,3,3,3,2,3,3,2,3,3,3,3,2,2,3,3,2,2,3,3,2,3,3,2,4,3,3,3,3,3,3,3,3,3,3,4,4,4,4,3,3,3,3,3,3,3,3,3,3,3,3,3,3,3,3,3,2,2,3,2,2,3,2,2,2,2,2,2,3,1,1,1,1, ,1,1, ,2,3,1,1, ,3,2, ,3,3,2,2,2,3,2,2, , , , , , , , , , ,3,4,3,3,3,4,4,4,3,3,2,1,2,3, ,39,2,1
3520,5,1,2,1, , ,1,1,1,20000, ,7000, ,65000, ,1,1,1,1,1,3,4,4,4,4,4,4,4,4,4,4,2,4,3,3,3,4,4,3,4,3,4,4,4,4,3,3,4,4,4,4,4,4,4,4,4,4,4,1,10,20,5,2,3,2,2,4,2,4,4,1,1,1,3,3,3,2,3,3,2,2,2,2,2,2,4,4,4,4,4,2,2,2,2,3,3,4,4,3,3,3,3,2,2,3,3,1,1,1,1,1,1,3,2,2,2,2,3,3,4,4,4,4,3,3,3,4,4,4,4,4,4,4,4,4,4,4,2,2,2,3,3,3,4,2,2,2,2,1,1,1,4,4,4,4,3,3,3,3,3,4,3,4,1,1,1,1,1,1,1,1,4,3,1,1,1,4,4,1,4,4,1,3,2,4,4,1, , , , , , , , , , ,3,3,3,4,4,4,3,3,3,4,2, ,2, ,4,31,2,1
3521,5,2,2,1, , ,2,2,1,30000, , ,1,70000, ,1, ,1,3,3,3,2,4,1,4,3,2,2,2,2,2,2,2,2,2,2,2,2,2,2,2,2,2,2,2,2,2,2,2,2,2,2,2,2,2,2,2,2,1,0,30,0,1,1,1,1,2,2,2,2,1,1,1,1,1,2,2,2,2,2,1,1,1,1,1,2,2,2,2,2,1,1,2,2,1,1,2,2,1,1,1,1,2,2,2,2,1,1,1,1,2,2,2,2,1,1,1,1,1,3,3,3,3,3,2,2,3,3,3,2,2,2,2,2,2,2,2,2,2,2,2,3,3,3,3,2,2,3,3,3,2,1,1,1,1,1,1,1,1,1,1,1,1, , , , , , , , , , , , , , , , ,2,3,4,2,3,4,3,2, , , , , , , , , , ,3,3,3,3,3,3,3,3,3,3,4,1, , , ,38,2,1
3522,5,2,1,1, , ,2,1,1,25000, , ,1,45000, ,1, ,1,1,1,1,3,2,3,4,3,3,2,2,3,2,3,3,3,3,3,3,3,3,3,3,3,3,3,3,3,3,3,3,3,3,3,3,3,3,3,3,3,1,10,20,0,4,3,2,2,4,4,2,2,1,4,1,1,1,1,4,2,1,1,3,3,2,3,1,4,4,4,4,1,2,2,2,2,2,2,2,2,2,2,2,2,2,2,2,2,1,1,1,1,2,2,2,2,2,2,2,2,2,3,3,3,3,3,3,3,3,3,3,4,4,4,4,4,4,4,4,3,3,3,3,3,3,3,3,3,3,3,3,3,1,3,3,2,2,2,2,2,2,2,4,4,4,1,1, ,1,1,1,1, ,1,1, ,1,1,1,1, ,2,3,2,2,2,3,3,2,1,1, ,3, ,5, , , , ,3,3,3,3,3,3,3,3,3,3,2,1,2,3, ,32,2,1
3523,5,1,2,1, , ,2,1,1, ,1, ,1,70000, , , , ,3,3,3,2,3,3,4,3,2,2,2,2,2,2,2,3,3,2,3,3,2,2,3,3,2,2,2,3,3,3,2,2,2,2,2,2,2,2,2,2,1,0,15,0,1,1,1,1,3,2,2,2,1,1,1,1,1,2,4,1,1,1,1,1,1,1,1,3,2,2,2,2,1,1,2,2,1,1,2,2,1,1,1,1,2,2,2,2,1,1,1,1,2,2,2,2,1,1,1,1,1,2,2,2,2,2,2,2,2,2,2,2,2,2,2,2,2,2,2,2,1,1,2,2,2,1,1,2,2,2,2,2,2,1,1,1,1,1,1,1,1,1,3,3,3, , , , , , , , , , , , , , , , ,3,3,3,2,3,3,2,2, , , , , , , , , , ,3,4,3,3,3,4,3,4,3,3,3,1, , , ,32,2,1
3525,5,2,1,1, , ,2,2,1,35000, , ,1,80000, ,1, ,1,3,3,3,2,1,2,3,1,2,2,1,3,2,2,3,4,4,4,4,4,4,4,3,2,3,3,3,3,3,3,3,3,2,3,2,3,2,3,2,2,1,0,30,0,1,1,1,1,2,2,4,3,1,1,1,1,1,3,2,2,2,2,1,1,1,1,1,4,4,3,2,3,1,1,3,2,1,1,3,3,1,1,1,1,2,2,2,2,1,1,1,1,3,2,2,3,1,1,1,1,1,3,3,2,3,2,3,2,3,2,3,3,3,3,3,2,2,2,3,3,2,2,2,3,2,2,2,2,2,2,2,2,2,1,1,1,1,1,1,1,1,1,1,1,1, ,1, , , , ,1, , ,3, , , , ,3, ,3,3,3,3,3,3,3,3, , , , , , , , , , ,3,4,3,3,3,3,3,3,3,3,2,1,2, , ,35,2,1
3526,5,2,2,1, , ,2,1,1,0, ,0, ,70000, , , , , , ,3,3,1,1,4,3,3,3,2,3,3,3,3,3,3,3,3,3,3,3,3,3,3,3,3,3,3,3,3,3,3,3,3,3,3,3,3,3,1,0,30,0,1,1,1,1,3,3,3,2,1,1,1,1,1,2,2,2,2,2,1,1,1,1,1,2,3,3,2,2,1,1,2,2,1,1,2,2,1,1,1,1,2,2,2,2,1,1,1,1,2,2,3,2,1,1,1,1,3,3,3,3,3,3,3,3,3,3,3,3,3,3,3,3,3,3,3,3,3,3,3,3,3,3,3,3,3,3,3,3,2,1,1,1,2,2,2,2,2,2,2,2,3, , , ,1, ,1, , , , , ,1, ,1, , ,2,2,2,2,2,2,2,2,1, ,2, , ,5, , , , ,3,3,3,3,3,3,3,3,3,3,3,1, , , ,36,2,1
3527,5,1,2,1, , ,2,2,1, ,1, ,1,70000, , , , ,3,3,3,3,3,3,4,3,2,2,2,2,2,2,3,3,3,3,3,3,3,3,3,2,2,2,2,3,3,3,2,2,3,3,3,3,2,2,2,2,1,5,20,0,2,2,2,2,3,2,3,3,2,2,2,2,2,2,2,2,2,2,2,2,2,2,2,2,3,2,2,2,2,2,2,2,2,2,2,2,2,2,2,2,2,2,2,2,2,2,2,2,2,2,2,2,1,1,1,1,1,3,3,3,3,3,2,2,2,2,2,3,3,3,3,3,3,3,3,2,2,2,2,2,2,2,2,2,2,2,2,2,2,2,2,2,2,2,2,2,2,2,3,3,3, ,1, ,1, , , , , ,2, ,2, , , , ,3,3,3,3,3,3,3,3,1, ,2,3, , , , , , ,3,3,3,3,3,3,3,3,3,3,3,1, , , ,38,2,1
3530,5,2,1,1, , ,2,1,1,25000, ,0, ,50000, ,1, ,1,1, ,3,3,1,1,4,2,3,3,3,3,3,3,3,3,3,3,3,3,3,3,3,3,3,3,3,3,3,3,3,3,3,3,3,3,3,3,3,3,1,5,30,0,1,1,1,1,3,3,3,3,1,1,1,1,1,3,3,3,2,3,1,1,1,1,1,3,3,3,3,2,1,1,3,2,1,1,2,2,1,1,1,1,3,2,2,2,1,1,1,1,2,2,3,2,2,2,3,2,2,3,3,3,3,3,3,3,3,3,3,3,3,3,3,3,3,3,3,3,2,2,3,3,3,3,2,3,2,3,2,2,2,2,2,2,2,2,2,2,2,2,2,2,2,1, , ,1, ,1, , ,2, , ,2, ,2, , ,2,2,2,2,2,2,2,2,1, ,2,3, , , , , , ,3,3,3,3,3,3,3,3,3,3,2,1,2, , ,34,2,1
3531,5,2,2,1, , ,2,2,1,0, ,0, ,90000, , , , , , ,4,3,3,3,4,2,2,2,2,3,3,3,3,3,3,3,3,3,3,3,3,3,3,3,3,3,3,3,3,3,3,3,3,3,3,3,3,3,1,0,20,0,1,1,1,1,2,2,3,1,1,1,1,1,1,3,4,1,1,1,1,1,1,1,1,3,4,3,1,2,1,1,1,1,1,1,1,1,1,1,1,1,1,1,1,1,1,1,1,1,1,1,1,1,1,1,1,1,1,3,3,3,3,3,2,2,2,2,2,3,3,3,3,3,3,3,3,2,1,2,2,3,2,2,1,3,2,3,3,2,1,3,2,2,2,2,2,2,2,2,2,2,2, ,1, ,1,1, , , , ,2, ,2,3, , , ,3,3,3,3,3,3,3,3, , , , , , , , , , ,3,3,3,3,3,3,3,3,3,3,2,1,2, , ,33,2,1
3532,5,2,2,1, , ,2,1,1,0, ,0, ,80000, , , , , , ,4,3,1,2,3,2,3,2,2,3,3,3,3,3,3,3,3,3,3,3,3,3,3,3,3,3,3,3,3,3,3,3,3,3,3,3,3,3,1,0,25,0,1,1,1,1,3,2,2,2,1,1,1,1,1,2,4,2,2,2,1,1,1,1,1,3,2,3,1,2,1,1,1,1,1,1,2,2,1,1,1,1,2,2,2,2,1,1,1,1,2,2,2,2,1,1,1,1,1,2,2,2,2,2,2,2,2,2,2,3,3,3,3,3,3,3,3,2,1,1,2,3,2,2,1,2,2,2,2,1,2,2,2,2,2,2,2,2,2,2,2,2,2, ,1, , ,1, , , , ,1, , ,1, , , ,3,3,3,3,3,3,3,3,1,1,2, , , , , , , ,3,3,3,3,3,3,3,3,3,3,3,1, , , ,31,2,1
3533,5,1,2,1, , ,2,2,1,18000, , ,1,38000, , , , ,2,2,3,3,1,3,1,1,3,3,2,3,3,1,3,3,2,3,3,3,2,3,3,2,2,4,3,3,3,2,4,3,2,2,2,2,2,3,2,2,1,20,30,0,3,2,2,3,4,3,3,3,2,2,4,3,3,2,2,3,2,1,2,2,4,3,3,4,4,4,4,4,4,4,3,2,2,2,4,4,1,1,1,1,1,1,1,1,1,1,1,2,1,1,1,2,1,1,1,1,1,2,3,2,2,2,2,2,2,2,3,3,3,3,3,3,2,2,3,4,3,3,3,2,3,3,2,3,3,3,3,3,2,2,2,2,2,2,2,2,2,2,2,2,2,1,1,1,1,1,1,1,1,1,1,1,1,1,1,1,1,1,1,1,1,1,1,1,1,1, ,2,3, , , , , , ,3,4,3,2,3,3,2,3,3,3,1, ,2, , ,76,2,1
3535,5,1,2,1, , ,2,1,1,15000, ,0, , ,1, , , ,2, ,3,3,1,3,1,1,3,3,2,3,2,2,3,3,3,3,3,3,2,3,3,3,3,3,3,3,3,3,3,3,2,3,3,3,3,3,3,3,1,25,30,10,3,2,2,3,4,3,2,3,3,2,3,3,3,3,2,3,2,2,4,4,4,2,3,4,4,4,4,4,2,3,3,3,3,3,4,4,1,1,1,2,1,1,1,1,2,2,2,2,2,2,2,2,1,1,1,1,1,3,3,3,3,3,2,2,3,3,3,3,3,3,3,3,3,3,3,3,3,3,3,3,3,2,2,3,3,3,2,3,2,1,2,1,1,3,3,3,2,2,2,2,2,1,1,1,1,1,1,1,1,1,1,1,1,1,1,1,1,1,1,1,1,1,1,1,1,1,1,2, , , ,6, , , ,3,3,3,2,3,3,3,2,3,3,1,1, , , ,56,2,1
3537,5,2,2,1, , ,2,2,1,0, ,0, ,45000, , , , , , ,4,3,3,3,3,3,4,3,2,2,3,2,2,3,3,3,4,4,3,3,4,3,3,3,2,3,4,3,3,2,2,2,2,2,2,2,2,2,1,0,10,0,1,1,1,1,3,2,2,2,1,1,1,1,1,3,2,2,2,2,1,1,1,1,1,4,4,4,3,3,1,1,3,4,1,1,4,4,1,1,1,1,4,2,4,2,1,1,1,1,2,2,2,3,2,1,3,3,3,4,4,4,4,4,3,3,3,3,4,4,4,4,4,3,3,3,4,4,3,3,3,4,3,3,3,3,3,3,3,3,1,3,3,3,3,3,3,3,3,3,4,4,4,1,1,1,1,1,1,1,1,1,4,3,4,3,1,1,1,3,4,3,3,3,3,3,3, , , , , , , , , , ,3,3,3,3,4,3,2,1,1,1,2,1,2,3,4,75,2,1
3540,5,1,2,1, , ,2,2,1,35000, ,17000, ,60000, , , , ,4,2,4,3,3,1,2,1,3,3,2,2,3,2,3,3,4,3,4,4,4,4,4,3,4,3,2,4,4,4,4,4,2,4,3,4,4,4,4,3,1,15,30,15,3,3,2,2,3,3,2,3,1,1,1,1,1,3,3,1,1,2,1,1,1,1,1,4,4,4,3,2,1,1,3,3,1,1,2,1,1,1,1,1,1,1,2,2,1,1,1,1,3,1,1,2,2,1,1,1,2,1,1,1,1,2,2,2,2,2,2,4,4,4,4,3,3,3,3,2,2,2,2,3,3,2,1,2,2,2,2,3,1,3,3,2,2,3,3,3,3,3,3,4,4,1,1,1,1,1,1,1,1,1,3,1,2,1,1,2,2,1,3,1,4,4,4,4,3, , , , , , , , , , ,4,4,4,4,4,4,4,4,4,4,1, ,2, , ,53,2,1
3543,5,2,2,1, , ,2,2,1,20000, ,0, ,50000, , , , ,3, ,3,1,1,1,3,3,1,1,1,1,1,1,1,2,2,2,2,2,2,2,3,3,3,3,3,3,3,3,3,2,2,2,2,2,2,2,2,2,1,0,30,0,1,1,1,1,3,3,3,3,1,1,1,1,1,2,2,2,2,2,1,1,1,1,1,2,2,2,2,3,1,1,3,3,1,1,3,3,1,1,1,1,2,2,2,2,1,1,1,1,2,2,2,2,2,2,2,2,2,2,2,2,2,2,2,2,2,2,2,3,3,3,3,2,2,2,2,2,2,2,2,2,2,2,2,2,2,4,4,4,2,2,2,2,2,2,2,2,2,2,2,2,2,1,1,1,1,1,1,1,1,1,1,1,1,1,1,1,1,1,1,1,1,1,1,1,1,1, ,2, , , , , , , ,3,3,3,3,3,3,3,3,3,3,4,1, , , ,50,2,1
3548,5,2,1,1, , ,1,1,1, ,1, ,1,25000, ,1, , ,2,2,3,4,3,2,3,4,3,3,2,3,2,4,2,4,2,2,1,3,2,3,4,2,2,4,3,3,3,3,2,4,3,2,3,3,2,4,2,3,1,30,30,30,2,2,3,2,2,4,2,2,2,2,3,2,3,4,3,4,2,3,4,3,2,1,3,4,3,2,2,3,4,3,4,3,3,4,3,3,4,3,3,3,3,2,4,4,2,4,4,4,4,4,4,4,3,4,2,3,3,4,3,2,3,4,3,2,3,3,2,4,3,2,3,4,4,4,4,4,3,3,3,4,3,3,2,3,3,3,3,3,1,2,3,1,3,2,3,2,3,3,3,2,3,1, ,1,1,1,1,1,1,3, ,2,1,4,2,3,3,4,1,3,4,3,4,4,4, , , , , , , , , , ,4,2,3,2,3,3,2,4,3,3,1,1, , , ,50,2,1
3551,5,2,2,1, , ,2,2,1,15000, ,0, ,30000, ,1, ,1,3, ,3,2,3,4,4,4,2,2,3,3,3,2,4,3,3,4,4,3,2,3,3,3,4,2,2,3,2,3,3,1,1,2,2,1,2,3,2,2,1,0,20,0,1,1,1,1,3,2,2,2,1,1,1,1,1,2,3,2,2,2,2,2,1,1,1,2,3,1,1,1,1,1,1,1,1,1,1,1,1,1,1,1,1,1,1,1,1,1,1,1,2,1,1,1,1,1,1,1,1,3,4,3,3,3,3,3,4,3,3,4,3,3,4,2,2,2,3,3,2,2,3,2,2,2,3,2,1,2,2,2,2,2,2,1,2,2,2,1,2,2,2,3,3, ,1,1,1, ,1, , , ,2,2,2, ,1, , ,3,4,3,3,3,4,3,2,1, ,2,3, , , , , , ,3,4,3,3,3,4,3,3,4,3,3,1,2, , ,59,2,1
3556,5,2,2,1, , ,2,2,1,0, ,0, ,34000, , , , , , ,2,3,3,3,3,3,3,3,3,3,3,3,2,4,3,3,2,4,3,3,3,4,4,3,3,3,3,3,3,3,3,3,2,3,3,2,3,3,1,0,30,0,1,1,1,1,2,2,2,2,1,1,1,1,1,1,3,1,2,1,2,2,1,1,1,3,2,3,1,1,1,1,1,1,1,1,1,1,1,1,1,1,1,1,1,1,1,1,1,1,1,1,1,1,2,1,1,1,1,3,3,3,3,3,3,3,3,3,4,3,3,2,3,3,4,4,3,3,2,3,3,3,2,3,3,1,1,1,1,1,2,3,3,3,2,3,3,3,2,3,3,3,3, ,1,1, , , , , , ,1,1, , , , , ,2,2,2,3,2,2,3,2,1,1,2, , ,5, , , , ,3,4,4,4,3,3,3,4,3,3,3,1, , , ,57,2,1
3559,5,2,2,1, , ,2,2,1, ,1, ,1,30000, , , , ,3,3,3,4,4,4,4,4,1,1,1,1,1,1,1,3,3,1,4,3,2,3,3,2,1,1,1,2,2,3,1,3,2,1,1,1,1,1,1,1,2, , , , , , , , , , , , , , , , , , , , , , , , , , , , , , , , , , , , , , , , , , , , , , , , , , , , , , , , , , , , ,4,4,4,4,3,3,3,3,3,4,4,3,3,3,3,2,2,3,4,4,4,4,2,2,3,2,3,3,3,3,2,2,4,4,3,1,1,4,4,1,1,1,2,1,1,1,1,1,1,1,1,1,1,1,1,1,1,1,1,1,3,4,3,3,3,4,3,3,1,1,2,3, ,5, , , , ,4,3,3,3,3,3,2,3,3,3,3,1, , , ,59,2,1
3568,5,1,2,1, , ,2,2,1, ,1, ,1, ,1, , , ,2,2,2,3,3,1,4,1,1,1,1,1,1,1,1,1,1,1,1,1,1,1,1,1,1,1,4,4,4,4,1,1,1,1,1,1,1,4,4,1,1,0,30,0,1,1,1,1,4,2,2,2,1,1,1,1,1,4,4,1,1,1,1,1,1,1,1,2,4,2,2,2,1,1,1,1,1,1,1,1,1,1,1,1,1,1,4,1,1,1,1,1,1,1,1,1,1,1,1,1,1,4,4,4,4,3,4,4,4,4,4,4,4,4,4,2,2,2,4,4,1,4,3,4,2,1,2,2,3,3,3,1,2,1,1,1,1,1,1,1,1,1,1,4,4, ,1,1,1,1,1,1,1, ,1,1,1,1,1,1,1,2,2,2,2,2,2,2,2,1, ,2, ,4,5, ,7, , ,4,2,3,3,4,4,4,3,4,4,1,1, , , ,60,2,1
3571,5,1,2,1, , ,1,2,1,0, ,0, ,54000, , , , , , ,4,2,2,2,2,2,2,2,2,2,2,2,2,2,1,1,1,1,1,2,3,1,1,1,1,1,1,1,1,1,1,1,1,1,1,1,1,1,3, , , , , , , , , , , , , , , , , , , , , , , , , , , , , , , , , , , , , , , , , , , , , , , , , , , , , , , , , , , , ,3,3,2,2,2,2,2,2,3,3,3,3,3,3,2,2,2,1,3,3,2,2,2,4,3,3,3,3,3,2,3,2,1,1,2,1,1,1,2,2,2,1,1,1, , , , , , , , , , , , , , , , ,1,1,1,1,1,1,1,1, , , , , , , , , , ,2,2,2,2,3,2,2,2,2,3,3,1, , ,4,61,2,1
3574,5,2,2,1, , ,2,2,1,0, ,0, ,25000, , , , , , ,2,1,3,1,2,1,1,1,1,1,1,1,1,1,1,1,4,1,1,1,1,1,1,1,1,1,3,3,1,1,1,1,1,1,1,1,1,1,1,0,20,0,1,1,1,1,3,1,1,1,1,1,1,1,1,1,2,1,1,1,1,1,1,1,1,3,1,1,1,1,1,1,1,3,1,1,3,1,1,1,1,1,1,1,1,1,1,1,1,1,1,1,1,1,1,1,1,1,3,3,4,3,2,2,3,4,3,2,2,3,3,3,3,1,1,1,1,4,3,3,2,3,3,3,2,2,1,3,2,2,1,1,1,1,1,1,1,1,1,1,1,1,1, , , , , , , , , , , , , , , , ,1,1,3,1,1,1,1,1, , , , , , , , , , ,2,3,2,1,2,3,2,2,2,2,4,1, , , ,59,2,1
3576,5,2,1,1, , ,2,2,1, ,1, ,1,30000, , , , ,3,3,3,2,3,3,3,3,2,2,1,1,3,1,3,3,2,2,4,3,2,3,3,2,1,1,2,2,3,4,3,2,2,2,2,2,2,4,2,1,2, , , , , , , , , , , , , , , , , , , , , , , , , , , , , , , , , , , , , , , , , , , , , , , , , , , , , , , , , , , , ,3,2,3,3,3,2,2,3,3,4,4,4,4,4,3,3,3,3,4,3,4,4,3,3,3,2,3,3,4,4,3,2,1,3,3,1,1,4,4,1,1,2,2,1, , , , , , , , , , , , , , , , ,1,1,1,1,1,1,1,1, , , , , , , , , , ,4,3,3,3,3,3,2,3,3,3,3,1, , , ,55,2,1
3579,5,2,1,1, , ,2,2,1,0, ,0, ,20200, , , , , , ,3,1,1,1,4,3,1,1,1,1,1,1,1,1,1,1,1,1,1,1,1,1,1,1,1,1,1,1,1,1,1,1,1,1,1,1,1,1,2, , , , , , , , , , , , , , , , , , , , , , , , , , , , , , , , , , , , , , , , , , , , , , , , , , , , , , , , , , , , ,3,3,3,3,3,3,3,3,2,2,1,1,3,3,1,1,1,3,1,1,1,3,2,2,2,2,2,3,3,2,2,2,1,1,1,1,1,1,1,1,1,1,1,1, , , , , , , , , , , , , , , , ,1,3,2,2,2,2,3,2, , , , , , , , , , ,3,4,1,3,4,4,4,4,4,4,4,1, , , ,75,2,1
3582,5,1,1,1, , ,1,1,1,50000, , ,1, ,1,1, , ,4,4,4,3,1,3,3,1,3,1,1,2,3,1,3,3,3,3,3,3,3,3,3,3,3,3,3,3,3,4,4,3,3,3,3,3,3,3,2,2,1,30,30,8,4,4,4,4,1,1,2,1,4,4,4,4,4,4,4,4,4,4,4,4,4,4,4,4,4,4,4,4,4,4,4,4,4,4,4,4,1,1,2,1,4,4,4,4,1,2,1,2,4,4,4,4,4,4,4,4,4,4,4,4,4,4,4,4,4,4,4,4,4,4,4,4,4,4,4,2,2,2,2,2,2,2,2,2,2,2,2,2,2,1,1,1,1,1,1,1,4,1,1,1,1, , , , , , , , , , , , , , , , ,1,1,1,1,1,1,1,1, , , , , , , , , , ,3,2,3,3,2,1,3,2,3,2,1, , , ,4,50,2,1
3584,5,1,1,1, , ,1,2,1,46000, , ,1, ,1, , , ,3,2,2,2,3,3,3,3,3,3,3,2,3,1,2,2,2,2,3,3,2,2,2,2,2,3,3,3,3,3,3,3,3,3,3,3,3,3,2,2,1,5,5,0,4,3,1,1,1,1,1,2,1,1,3,1,1,1,1,1,1,1,3,4,4,4,3,1,1,3,1,1,1,1,3,2,2,2,2,1,3,1,1,3,1,1,1,1,1,1,1,1,1,1,1,1,2,2,2,2,2,3,3,3,3,3,2,2,3,3,3,3,3,3,3,3,3,3,3,3,2,2,3,3,3,3,2,3,3,3,3,3,2,3,3,2,2,2,2,2,2,2,2,2,2,1,1,1,1,1,1,1,1,3,2,2,3,2,3,3,2,3,3,2,3,1,2,2,1, , , , , , , , , , ,2,2,2,2,2,2,2,2,2,2,3,1, , , ,50,2,1
3588,5,1,2,1, , ,1,1,1, ,1, ,1,80000, , , , ,3,3,3,1,1,1,1,1,3,1,1,2,2,2,4,2,2,4,4,4,2,4,4,1,2,3,2,3,4,4,4,4,3,4,4,3,3,4,3,3,1,15,30,0,1,1,1,1,3,3,4,4,1,1,1,1,1,2,2,1,1,1,1,1,1,1,1,4,2,4,1,1,1,1,1,1,1,1,3,3,1,1,1,1,3,1,1,1,1,1,1,1,1,1,3,3,1,1,1,1,1,4,4,4,3,4,4,4,4,4,4,4,4,4,4,4,3,3,4,3,3,4,4,4,4,4,4,4,3,4,3,1,1,2,2,2,2,2,3,3,2,3,4,4,3,1,1,1,1,1,1,1,1,2,1,1,2,1,1,1,2,2,3,3,1,1,1,1,1,1,1,2,3,4,5,6,7, , ,4,3,4,4,3,3,4,2,3,4,1, , ,3, ,52,2,1
3590,5,2,2,1, , ,2,2,1,32000, , ,1,50000, ,1, ,1,3,3,3,2,2,3,3,3,2,2,1,1,2,1,2,2,2,1,3,2,1,2,3,2,2,1,2,3,1,3,3,2,2,1,1,1,1,1,1,1,1,0,25,0,1,1,1,1,2,4,2,3,1,1,1,1,1,4,4,2,2,2,1,1,1,1,1,2,3,3,2,1,1,1,1,3,1,1,3,2,1,1,1,1,1,1,1,1,1,1,1,1,1,1,1,1,3,2,1,1,3,3,2,3,2,2,2,2,2,2,2,3,3,3,3,2,2,2,3,3,2,3,3,3,2,2,1,2,2,2,2,3,1,3,2,2,1,2,2,2,2,2,3,3,3,1,1,1,1,1,1,1,1,2,3,2,3,2,3,2,2,3,3,3,2,3,3,3,3, , , , , , , , , , ,3,3,3,3,3,3,3,3,3,3,2, ,2, , ,52,2,1
3591,5,1,2,1, , ,1,1,1, ,1, ,1, ,1, , , ,3,3,3,2,2,3,4,1,4,4,3,3,4,3,4,4,4,4,4,4,4,4,3,3,3,3,3,3,4,4,4,4,4,4,4,4,4,4,4,4,1,30,30,30,4,1,4,4,4,2,4,4,1,1,1,1,1,4,4,4,3,3,1,1,1,1,1,4,1,4,1,1,1,1,1,1,1,1,2,3,1,1,1,1,1,1,1,1,1,1,1,1,1,1,1,1,1,1,1,1,1,3,3,3,2,2,3,3,3,3,3,3,3,2,4,2,2,1,4,3,4,4,4,4,4,4,3,4,4,4,4,4,2,2,2,2,2,3,3,3,3,3,2,3,2, , , , , , , , , , , , , , , , ,1,1,1,1,1,1,1,1, , , , , , , , , , ,3,2,3,3,3,4,4,3,3,3,1, , ,3, ,52,2,1
3596,5,1,2,1, , ,2,2,1,35000, , ,1, ,1,1, , ,3,3,3,2,3,2,3,3,2,2,2,2,2,2,3,3,3,2,3,3,2,2,3,2,2,2,2,3,3,3,3,2,2,2,2,2,2,3,2,3,1,30,30,0,3,2,2,2,3,2,2,2,2,2,2,2,2,2,3,2,2,2,2,2,2,2,2,3,3,3,2,2,2,2,2,2,2,2,2,2,2,2,2,2,2,2,2,2,2,2,2,2,3,3,3,3,2,2,2,2,3,3,3,2,3,2,2,2,2,2,2,3,3,3,3,3,3,2,3,2,3,2,2,3,2,2,2,3,2,3,3,2,2,2,2,2,2,3,3,3,3,3,3,3,3, , , , , , , , , , , , , , , , ,1,1,3,1,1,1,3,1, , , , , , , , , , ,3,3,3,3,3,2,3,3,3,3,3, ,2, , ,56,2,1
3597,5,1,2,1, , ,2,2,1,34000, ,0, ,55000, ,1, ,1,4, ,3,2,3,3,3,4,2,3,2,2,2,2,2,3,3,2,3,3,3,2,3,3,3,2,3,3,3,3,3,2,1,1,2,2,2,3,2,3,1,0,30,0,1,1,1,1,2,1,3,3,1,1,1,1,1,3,2,2,2,2,1,1,1,1,1,3,3,3,2,3,1,1,1,2,1,1,2,3,1,1,1,1,1,1,2,2,1,1,1,1,3,2,3,3,3,2,3,2,3,3,3,3,3,2,2,3,3,3,3,4,4,4,4,4,3,3,4,2,2,2,2,3,3,3,2,3,3,3,3,2,1,2,2,2,2,3,3,3,3,3,3,3,3,1,1,1,1,1,1,1,1,1,3,2,2,2,3,3,3,3,3,3,3,3,3,4,4, , , , , , , , , , ,3,3,3,3,4,3,2,3,3,3,4, , ,3, ,50,2,1
3601,5,2,2,1, , ,2,2,1,23000, ,0, , ,1,1, , ,3, ,3,3,3,3,3,3,3,3,3,3,3,3,3,2,3,2,3,2,2,2,3,3,3,3,3,3,3,3,3,3,3,3,3,3,3,3,3,3,1,0,30,0,1,1,1,1,4,4,4,4,1,1,1,1,1,4,4,4,4,4,1,1,1,1,1,4,4,4,4,4,1,1,4,4,1,1,4,4,1,1,1,1,4,4,4,4,1,1,1,1,4,4,4,4,1,1,1,1,1,3,3,3,3,3,3,3,3,3,3,3,3,3,3,3,3,3,3,3,3,3,3,3,3,3,3,3,3,3,3,3,1,3,3,3,3,3,3,3,3,3,3,3,3,1,1,1,1,1,1,1,1,2,4,2,2,2,4,2,3,2,2,2,3,4,3,4,2, , , , , , , , , , ,3,3,3,3,3,3,3,3,3,3,1,1, , , ,65,2,1
3605,5,1,1,1, , ,1,1,1, ,1, ,1,50000, , , , ,4,4,4,3,3,3,2,2,2,2,2,2,2,2,2,3,3,3,3,3,3,3,3,2,2,3,2,3,3,3,3,2,1,1,1,1,1,3,2,2,1,10,30,15,3,3,3,2,3,3,3,1,3,3,2,2,2,3,3,3,1,1,3,3,2,3,2,3,2,2,3,1,3,3,3,3,3,3,3,3,1,1,1,1,1,1,1,1,1,1,1,2,1,1,1,2,1,1,1,2,3,3,2,3,2,2,2,2,2,3,3,3,3,3,3,3,3,3,3,3,2,2,3,3,2,2,2,3,2,3,2,1,2,3,3,3,2,2,3,3,3,2,3,3,3,1,1,1,1,1,1,1,1,1,1,1,1,1,1,1,1,1,1,2,2,2,2,2,2,1, ,2, , , , , , , ,3,3,3,3,3,3,3,3,3,3,2, ,2, , ,58,2,1
3608,5,1,1,1, , ,1,2,1, ,1, ,1, ,1, , , ,4,4,4,3,2,1,1,1,1,1,1,1,1,1,3,2,2,2,2,2,2,2,3,2,2,2,2,3,3,2,3,3,3,2,2,2,2,2,2,2,1,30,30,0,1,1,1,1,2,3,3,3,1,1,1,1,1,3,3,3,3,2,1,1,1,1,1,3,3,3,3,2,1,1,1,1,1,1,1,1,1,1,1,1,1,1,1,1,1,1,1,1,1,1,3,2,1,1,1,1,1,1,1,1,1,1,1,1,1,1,1,3,2,2,2,2,2,2,2,1,1,1,1,1,1,1,1,1,1,1,1,1,2,2,2,2,2,2,2,2,2,2,2,2,2,1,1,1,1,1,1,1,1,1,1,1,1,1,1,1,1,1,1,1,1,1,1,1,1,1, ,2, , ,5, , , , ,1,4,2,4,1,4,1,1,4,1,2, ,2, , ,50,2,1
3623,5,1,1,1, , ,2,2,1,50000, ,40000, ,34000, , , , ,4,4,4,3,3,2,2,2,1,1,1,1,1,1,2,1,1,1,1,1,1,1,2,1,2,1,1,2,3,3,2,1,1,1,1,1,1,1,1,1,1,0,30,0,1,1,1,1,2,2,2,2,1,1,1,1,1,2,2,2,2,2,1,1,1,1,1,3,2,2,2,1,1,1,2,2,1,1,2,2,1,1,1,1,1,1,1,1,1,1,1,1,1,1,1,1,1,1,1,1,3,2,2,3,2,2,2,2,2,2,2,1,1,1,1,1,1,1,1,1,1,1,1,1,1,1,1,1,1,1,1,1,2,1,1,1,1,1,1,1,1,1,4,4,4, ,1,1, , ,1,1,1, ,1,1, , ,1,1,1,1,1,1,1,1,1,1,1,1, ,2, , , , , , , ,3,4,3,4,1,4,1,4,4,4,2, ,2, , ,55,2,1
3626,5,1,1,1, , ,2,2,1, ,1, ,1,50000, , , , ,4,4,4,3,3,3,3,2,2,2,2,2,2,1,3,3,3,2,3,2,2,3,3,2,3,2,2,3,3,3,3,3,2,2,2,2,1,2,1,1,1,5,30,5,3,3,1,1,3,3,1,1,2,3,3,2,2,3,3,3,3,2,2,2,2,2,2,3,3,3,3,3,2,2,2,2,3,2,2,2,1,1,1,1,1,1,1,1,1,1,1,3,1,1,1,3,1,1,1,1,3,3,3,3,3,3,3,3,3,3,3,3,3,3,3,3,3,3,3,3,3,3,3,3,3,3,3,3,3,3,3,1,2,3,3,3,3,3,3,3,3,3,3,3,3,1,1,1,1,1,1,1,1,1,1,1,1,1,1,1,1,1,1,1,1,1,1,1,1,1, ,2,3, , , , , , ,3,3,3,3,3,3,3,3,4,4,2,1,2,3,4,55,2,1
3629,5,2,2,1, , ,1,2,1, ,1,0, , ,1, , , ,4, ,4,1,1,1,3,1,2,2,2,2,2,2,2,2,2,2,2,2,2,2,2,2,3,3,2,3,3,4,4,4,3,2,2,2,2,3,3,3,1,0,25,5,1,1,1,1,4,2,1,2,1,1,1,1,1,3,3,4,4,2,1,1,1,1,1,3,3,4,2,3,1,1,3,3,1,1,3,4,2,2,2,2,3,2,4,3,2,2,2,2,2,2,3,3,3,4,3,3,4,3,3,3,3,2,3,3,3,3,3,3,3,3,4,3,3,3,4,3,2,2,2,2,2,2,2,2,2,2,2,2,1,2,2,1,2,2,2,2,2,2,2,3,3,1,1,1,1,1,1,1,1,1,3,1,3,3,2,1,1,1,3,2,3,3,3,1,1, , , , , , , , , , ,3,3,3,3,4,3,3,3,3,4,3,1, , , ,59,2,1
3630,5,2,2,1, , ,2,2,1,0, , ,1,28000, , , , , ,3,3,1,2,2,3,3,2,2,1,1,2,2,2,3,3,2,2,2,2,2,3,2,3,2,2,3,3,3,2,2,3,3,2,3,3,2,2,2,1,0,20,0,1,1,1,1,2,2,2,2,1,1,1,1,1,2,3,2,2,2,1,1,1,1,1,3,2,2,3,2,1,1,1,1,1,1,2,2,1,1,1,1,2,2,2,2,1,1,1,1,1,1,1,1,1,1,1,1,1,3,3,3,3,2,3,3,3,3,3,3,3,3,3,2,2,2,3,3,3,3,3,2,3,2,2,2,2,2,2,2,1,2,3,2,2,2,2,2,1,1,3,2,3,1,1,1,1,1,1,1,1,1,2,2,2,1,2,1,2,1,1,2,2,1,1,1,1,1, ,2, ,4,5, , , , ,3,3,3,3,3,3,3,3,3,3,2,1, , , ,71,2,1
3631,5,2,2,2,2, ,2,1,1, ,1, ,1, ,1, , , ,1,1,1,1,1,1,1,1,2,1,1,4,1,1,1,2,2,1,1,1,2,1,3,3,2,2,3,2,2,2,2,1,1,2,2,2,2,2,2,2,3, , , , , , , , , , , , , , , , , , , , , , , , , , , , , , , , , , , , , , , , , , , , , , , , , , , , , , , , , , , , ,3,3,3,3,3,3,3,2,3,3,2,2,3,3,1,1,1,1,3,3,3,3,1,3,2,2,3,3,3,3,3,2,2,2,2,2,2,2,1,2,2,2,2,2, , , , , , , , , , , , , , , , ,1,1,1,1,1,1,1,1, , , , , , , , , , ,2,2,3,3,3,3,3,3,3,3,3,1, , , ,75,2,1
3633,5,2,2,1, , ,2,2,1,0, , ,1,25000, , , , , ,3,3,3,2,3,1,2,1,3,1,1,2,1,1,3,3,3,3,2,1,2,1,1,3,2,1,1,1,1,1,1,1,1,1,1,1,1,1,1,3, , , , , , , , , , , , , , , , , , , , , , , , , , , , , , , , , , , , , , , , , , , , , , , , , , , , , , , , , , , , ,3,2,3,4,2,3,1,1,1,3,2,2,1,2,1,1,1,2,3,2,1,3,3,2,2,1,3,2,3,4,4,2,1,1,1,1,1,1,1,1,1,1,1,1, ,1,1, , , , , , ,1,2, , , , , ,3,4,3,3,2,3,3,2,1, ,2, ,4,5, , , , ,1,1,1,1,1,1,3,2,2,2,2,1,2, , ,74,2,1
3636,5,2,2,1, , ,2,2,1,0, ,0, , ,1, , , , , ,1,4,4,4,4,4,1,1,1,1,1,1,1,1,1,1,1,1,1,1,1,1,1,1,1,1,1,1,1,1,1,1,3,1,1,1,1,1,3, , , , , , , , , , , , , , , , , , , , , , , , , , , , , , , , , , , , , , , , , , , , , , , , , , , , , , , , , , , , ,2,2,2,3,3,2,1,1,3,3,1,1,1,1,2,2,2,2,3,1,3,1,3,1,3,3,3,2,2,2,2,2,1,1,1,1,1,1,1,1,1,1,1,1, , , , , , , , , , , , , , , , ,1,1,1,1,1,1,1,1, , , , , , , , , , ,1,1,1,1,1,1,1,1,1,1,4,1,2,3,4,77,2,1
3637,5,2,2,1, , ,2,2,1, ,1, ,1, ,1, , , ,3,3,3,1,3,2,3,3,1,1,1,1,1,1,1,1,1,1,4,3,1,3,3,1,1,1,1,1,3,1,3,1,1,1,1,1,1,1,1,1,1,0,10,0,1,1,1,1,1,2,4,1,1,1,1,1,1,1,4,1,1,1,1,1,1,1,1,3,1,3,1,1,1,1,1,1,1,1,1,1,1,1,1,1,1,1,1,1,1,1,1,1,1,1,1,1,1,1,1,1,1,4,3,3,4,3,3,2,2,3,2,3,3,3,4,2,2,2,3,3,3,3,3,4,3,3,3,3,3,4,3,3,1,1,1,1,1,1,1,1,1,2,4,4,2, , , , , , , , , , , , , , , , ,1,1,1,1,1,1,1,1, , , , , , , , , , ,3,3,3,3,3,2,2,3,3,2,3, ,2, , ,73,2,1
3639,5,2,2,1, , ,2,2,1,0, ,0, , ,1, , , , , ,1,4,4,4,4,4,1,1,1,1,1,1,1,1,1,1,1,1,1,1,1,1,1,1,1,1,1,1,1,1,1,1,3,1,1,1,1,1,3, , , , , , , , , , , , , , , , , , , , , , , , , , , , , , , , , , , , , , , , , , , , , , , , , , , , , , , , , , , , ,2,2,2,3,3,2,1,1,3,3,1,1,1,1,2,2,2,2,3,1,3,1,3,1,3,3,3,2,2,2,2,2,1,1,1,1,1,1,1,1,1,1,1,1, , , , , , , , , , , , , , , , ,1,1,1,1,1,1,1,1, , , , , , , , , , ,1,1,1,1,1,1,1,1,1,1,3,1,2,3,4,70,2,1
3642,5,2,2,1, , ,1,2,1,9000, ,13000, ,25000, ,1,1,1,2,2,2,2,2,2,2,3,1,1,1,1,1,1,1,1,1,1,3,1,1,1,2,1,1,2,1,1,1,1,1,1,1,1,1,1,1,1,1,1,3, , , , , , , , , , , , , , , , , , , , , , , , , , , , , , , , , , , , , , , , , , , , , , , , , , , , , , , , , , , , ,3,3,3,3,3,2,2,3,3,3,3,3,3,3,2,2,2,3,3,3,3,3,3,3,2,3,2,3,3,3,2,1,1,1,1,1,1,1,1,1,1,1,1,1,1,1,1,1,1,1,1,1,1,1,1,1,1,1,1,1,3,3,3,3,1,3,1,2,1,1,2,3, ,5, , , , ,3,2,3,2,3,2,3,2,3,3,4,1, , , ,69,2,1
3646,5,1,1,2,2, ,1,1,1, ,1, ,1, ,1, , ,1,1,1,1,1,1,1,1,1,1,1,2,1,1,1,1,1,1,2,3,3,1,1,3,1,1,1,1,1,4,1,1,1,1,1,1,1,1,1,1,1,1,0,30,0,1,1,1,1,4,4,1,1,1,1,1,1,1,1,4,1,1,1,1,1,1,1,1,4,1,1,1,1,1,1,1,1,1,1,1,1,1,1,1,1,2,1,1,1,1,1,1,1,1,1,1,1,1,1,2,1,1,4,4,4,4,4,4,4,4,4,4,1,1,1,2,3,2,1,3,3,2,3,4,4,4,4,2,1,3,3,3,3,2,1,1,1,1,1,1,1,1,1,1,1,1, , , , , , , , , , , , , , , , ,1,1,3,3,1,1,2,1, , , , , , , , , , ,4,4,4,4,1,4,4,4,4,4,3,1,2,3,4,80,2,1
3650,5,2,2,1, , ,2,2,1, ,1, ,1, ,1, , , ,3,3,3,1,3,1,1,1,1,1,1,1,1,1,1,4,1,1,1,2,1,1,1,1,1,1,1,1,1,1,1,1,1,1,1,1,1,1,1,1,3, , , , , , , , , , , , , , , , , , , , , , , , , , , , , , , , , , , , , , , , , , , , , , , , , , , , , , , , , , , , ,2,3,3,3,3,2,3,2,2,2,3,2,2,2,1,1,1,1,3,2,2,2,3,3,2,2,3,3,3,1,1,2,1,1,1,1,1,1,1,1,1,1,1,1, , , , , , , , , , , , , , , , ,1,1,1,1,1,1,1,1, , , , , , , , , , ,1,1,1,1,2,2,1,1,1,1,3,1, , , ,74,2,1
3652,5,2,2,2, ,3,2,2,1,0, ,0, , ,1, , , , , ,1,1,2,2,3,3,2,1,3,1,1,1,1,2,1,4,4,3,3,2,3,4,4,1,4,4,1,1,4,1,2,1,4,4,4,3,3,3,3, , , , , , , , , , , , , , , , , , , , , , , , , , , , , , , , , , , , , , , , , , , , , , , , , , , , , , , , , , , , ,3,4,2,3,3,4,2,3,3,4,1,1,3,3,4,4,4,4,3,2,2,3,3,4,4,4,4,4,4,4,4,1,1,1,1,1,1,1,2,2,3,3,2,2,1,1,1,1,1,1,1,1,1,1,1,1,1,1,1,1,4,4,4,4,4,4,4,4,1, ,2,3,4, , , , , ,4,4,3,2,3,4,3,3,3,3,2,1, ,3,4,68,2,1
3655,5,2,1,1, , ,1,1,1,18000, ,22000, ,58000, ,1,1,1,2,2,3,3,2,2,2,2,4,4,3,3,4,4,4,4,4,4,4,4,4,4,4,4,4,3,4,4,4,4,4,4,4,4,4,4,4,4,4,4,1,30,30,2,4,4,2,4,4,4,4,2,2,2,3,2,4,4,4,4,2,3,2,3,3,3,2,4,4,4,4,4,1,1,1,3,3,2,4,4,3,2,2,3,3,1,4,3,2,1,4,3,1,1,3,3,2,3,3,3,4,3,4,4,4,3,4,3,3,3,3,4,4,4,4,3,3,3,3,4,3,4,4,4,4,3,3,3,3,3,3,2,2,2,2,2,2,3,3,3,3,3,4,4,4,1,1,1,1,1,1,1,1,1,1,1,1,1,1,1,1,3,3,3,3,3,2,3,3,1, ,2,3,4, , , , , ,3,3,4,2,3,3,3,2,3,3,2, , , ,4,60,2,1
3658,5,2,2,1, , ,2,2,1,12000, ,10000, ,30000, , , , ,1,1,2,1,3,1,2,3,1,1,1,1,1,1,1,2,1,1,3,2,1,1,2,1,1,1,1,2,1,1,1,2,2,2,2,2,2,2,2,1,3, , , , , , , , , , , , , , , , , , , , , , , , , , , , , , , , , , , , , , , , , , , , , , , , , , , , , , , , , , , , ,3,3,4,4,3,3,2,3,3,3,3,3,3,3,2,2,1,3,3,2,3,3,4,3,2,3,3,3,4,3,3,1,1,3,1,1,1,1,1,1,1,3,3,3,1,1,1,1,1,1,1,1,1,1,3,1,1,1,2,1,3,3,3,3,3,3,3,3, , , , , , , , , , ,3,4,3,3,4,4,3,3,3,3,3,1, , , ,77,2,1
3661,5,1,1,1, , ,1,1,1,0, ,0, ,69000, , , ,1, , ,3,3,2,2,2,2,3,3,3,2,3,3,3,3,3,3,3,3,3,3,3,3,3,3,3,3,3,3,3,3,3,3,3,3,3,3,3,3,1,30,30,30,4,4,4,4,3,3,3,3,3,3,3,3,2,1,1,1,1,1,3,2,2,3,3,3,2,2,3,3,3,3,3,3,3,3,3,3,3,3,3,3,1,1,1,1,3,3,3,3,1,1,1,1,3,3,3,3,3,3,3,3,3,3,3,3,3,3,3,3,3,3,3,3,3,3,3,3,3,3,3,3,3,3,3,3,3,3,3,3,1,3,3,3,3,3,3,3,3,3,3,3,3,1,1,1,1,1,1,1,1,3,3,3,3,2,3,2,2,3,3,3,3,3,3,3,3, , , , , , , , , , ,3,3,3,3,3,3,3,3,3,3,1,1,2,3,4,28,1,1
3665,5,2,1,1, , ,1,2,1,0, ,0, ,69000, , , ,1, , ,3,3,2,2,2,2,3,2,3,3,3,3,3,3,3,3,3,3,3,3,3,3,3,3,3,3,3,3,3,3,3,3,3,3,3,3,3,3,1,0,30,30,4,4,4,4,2,2,2,2,3,3,3,3,3,1,1,1,1,1,3,3,3,3,3,1,1,1,1,1,3,3,1,1,3,3,3,3,1,1,1,1,1,1,1,1,1,1,3,3,1,1,1,1,3,3,3,2,3,3,3,3,3,3,3,3,3,3,3,3,3,3,3,3,3,3,3,3,3,3,3,3,3,3,3,3,3,3,3,3,2,3,2,2,2,2,2,2,2,2,2,3,3,1,1,1,1,1,1,1,1,3,3,3,3,3,3,3,3,4,4,4,4,4,4,4,4, , , , , , , , , , ,3,3,3,3,3,3,3,3,3,3,1,1,2, , ,32,1,1
3668,5,2,1,1, , ,2,2,1,40000, ,0, ,19000, ,1, ,1,3, ,3,2,3,4,4,4,1,3,3,3,3,2,3,3,3,3,3,3,2,3,3,3,3,2,2,3,2,3,3,2,2,2,2,2,2,3,2,2,1,10,30,0,2,1,3,2,3,2,3,3,1,3,2,2,2,2,2,2,2,2,2,3,1,1,1,2,2,2,1,1,1,1,1,1,1,1,1,1,1,1,1,1,1,1,1,1,1,1,1,1,1,1,1,1,1,1,1,1,1,3,3,3,3,3,3,3,3,3,3,3,3,3,3,2,2,2,2,3,2,2,3,2,2,2,3,2,2,2,2,2,2,2,2,2,2,2,2,2,2,2,2,2,2,1,1,1,1,1,1,1,1,1,3,1,1,1,1,1,1,3,4,3,3,3,3,3,3, , , , , , , , , , ,3,3,3,3,3,3,3,3,3,3,3,1, , , ,50,1,1
3671,5,1,1,1, , ,1,1,1,43000, ,0, ,69000, ,1, ,1,3, ,3,3,2,2,2,2,3,3,3,3,2,3,3,3,3,3,3,3,3,3,3,3,3,3,3,3,3,3,3,3,3,3,3,3,3,3,3,3,1,30,30,30,4,4,4,4,2,2,2,2,3,3,3,3,3,2,2,2,2,2,4,4,4,4,4,3,2,3,2,3,4,4,3,3,3,2,1,1,1,1,3,1,1,1,1,1,2,3,3,3,1,1,1,1,3,2,3,2,3,3,3,3,3,3,3,3,3,3,3,3,3,3,3,3,3,3,3,3,3,3,3,3,3,3,3,3,3,3,3,3,1,3,3,3,3,3,3,3,3,3,3,3,3,1,1,1,1,1,1,1,1,3,3,3,3,3,3,3,3,4,4,4,4,4,4,4,4, , , , , , , , , , ,3,3,3,3,3,3,3,3,3,3,1, , ,3,4,28,2,1
3674,5,1,1,1, , ,1,1,1,43000, ,0, , ,1,1, ,1,2, ,2,3,3,3,3,3,3,2,3,3,3,3,3,3,3,3,3,3,3,3,3,3,3,3,3,3,3,3,3,3,3,3,3,3,3,3,3,3,1,30,30,0,4,4,4,4,4,4,4,4,3,3,2,3,2,2,3,3,3,2,3,3,2,2,3,4,4,4,4,4,3,3,3,3,3,3,3,3,2,2,2,2,2,2,2,2,2,2,3,3,2,2,3,3,1,1,1,1,3,3,3,3,3,3,3,3,3,3,3,4,4,4,4,4,4,4,4,3,3,3,3,3,3,3,3,3,3,3,3,3,2,3,3,3,3,3,3,3,3,3,3,3,3,1,1,1,1,1,1,1,1,3,3,3,3,3,3,3,3,3,3,3,3,3,3,3,3, , , , , , , , , , ,3,3,3,3,3,3,3,3,3,3,1,1,2,3,4,32,2,1
3679,5,1,2,1, , ,2,2,1,30000, ,0, ,35000, ,1, ,1,2, ,2,3,3,3,3,3,2,3,2,2,3,3,2,3,3,3,3,3,3,3,3,2,3,2,2,3,3,3,3,3,3,3,3,3,3,3,3,3,1,0,30,0,2,2,2,2,2,2,2,2,2,2,2,2,2,2,2,2,2,2,3,3,2,3,3,3,3,3,2,2,1,1,1,1,1,1,1,1,1,1,1,1,1,1,1,1,1,1,1,1,1,1,1,1,1,1,1,1,1,3,3,3,3,3,3,3,3,3,3,3,3,3,3,3,3,3,3,3,3,3,3,3,3,3,3,3,3,3,3,3,1,3,3,2,2,2,2,2,2,2,2,2,2,1,1,1,1,1,1,1,1,1,3,1,3,1,1,1,1,3,4,2,3,3,3,3,3, , , , , , , , , , ,3,3,3,3,3,3,3,3,3,3,3,1,2,3,4,31,2,1
3682,5,2,1,1, , ,2,2,1,0, ,0, ,69000, , , ,1, , ,3,3,3,3,3,3,3,3,3,2,3,3,3,3,3,3,3,3,3,3,3,2,3,3,3,3,3,3,3,3,3,3,3,3,3,3,3,3,1,10,30,0,3,2,3,3,3,3,3,3,1,1,3,3,3,3,3,2,2,3,3,3,3,3,2,3,3,3,3,3,3,3,3,3,3,3,3,3,1,1,1,1,1,1,1,1,3,3,3,3,1,1,1,1,1,1,1,1,1,3,3,3,3,3,3,3,3,3,3,3,3,3,3,3,3,3,3,3,3,3,3,3,3,3,3,3,3,3,3,3,2,2,2,2,2,2,2,2,2,2,2,2,2,1,1,1,1,1,1,1,1,1,3,1,3,1,4,1,1,3,4,3,4,3,4,3,3, , , , , , , , , , ,3,3,3,3,3,3,3,3,3,3,4,1,2,3,4,40,2,1
3685,5,1,1,1, , ,1,2,1,32000, ,0, ,59000, , , , ,3, ,3,3,3,3,3,3,3,3,2,3,3,3,3,3,3,3,3,3,3,3,3,3,3,3,3,3,3,3,3,3,3,3,3,3,3,3,3,3,1,30,30,0,2,3,2,3,3,3,2,2,2,3,2,3,3,2,3,3,3,3,3,3,3,3,3,4,4,4,4,4,3,3,3,3,3,3,3,3,3,3,3,3,3,3,3,3,3,3,3,3,3,3,3,3,1,1,3,1,3,3,3,3,3,3,3,3,3,3,3,3,3,3,3,3,3,3,3,2,2,2,2,2,2,2,2,2,2,2,2,2,2,2,2,2,2,2,2,2,2,2,2,2,2,1,1,1,1,1,1,1,1,2,3,2,3,1,1,1,1,3,4,3,4,3,3,3,3, , , , , , , , , , ,3,2,3,3,3,3,3,3,3,3,3,1, , , ,44,2,1
3688,5,1,1,1, , ,2,2,1,49000, ,0, ,50000, ,1, ,1,2, ,2,2,3,3,3,3,3,3,3,3,3,3,3,3,3,3,3,3,3,3,3,3,3,3,3,3,3,3,3,3,3,3,3,3,3,3,3,3,1,20,30,0,1,1,1,4,1,1,1,1,4,4,1,1,1,4,4,1,1,1,3,3,3,3,3,3,3,3,2,2,1,1,1,1,1,1,1,1,1,1,1,1,1,1,1,1,1,1,1,1,1,1,1,1,1,1,1,1,1,4,4,4,4,4,4,4,4,4,4,3,3,3,3,3,3,3,3,3,3,3,3,3,3,3,3,3,3,3,3,3,2,3,3,3,3,3,3,3,3,3,3,3,3,1,1,1,1,1,1,1,1,1,1,1,1,1,1,1,1,3,3,3,3,3,3,3,3,1, ,2, , , , , , , ,3,3,3,3,3,3,3,3,3,3,4,1,2,3,4,40,2,1
3691,5,1,1,1, , ,1,1,1,49000, ,0, ,69000, ,1, ,1,3, ,3,3,3,3,3,3,3,3,2,3,2,3,3,3,3,3,3,3,3,3,3,3,3,3,3,3,3,3,3,3,3,3,3,3,3,3,3,3,1,30,30,0,2,2,3,3,4,4,4,4,4,4,4,4,4,4,4,4,4,4,4,4,4,4,4,4,4,4,4,4,4,4,4,4,4,4,4,4,2,2,2,2,2,2,2,2,2,2,2,2,2,2,2,2,4,1,4,4,4,4,4,4,4,4,4,4,4,4,4,3,3,3,3,3,3,3,3,3,3,3,3,3,3,3,3,3,3,3,3,3,1,3,2,2,2,2,2,2,2,2,2,2,2,1,1,1,1,1,1,1,1,2,4,4,4,4,1,1,1,4,4,4,4,4,4,4,4, , , , , , , , , , ,3,3,3,3,3,3,3,3,3,3,1,1, , , ,50,2,1
3693,5,1,1,1, , ,1,1,1,24000, ,9900, ,30000, , , , ,3,3,3,3,3,3,3,3,2,3,3,3,3,3,3,3,3,3,3,3,3,3,3,3,3,3,3,3,3,3,3,3,3,3,3,3,3,3,3,3,1,30,30,10,4,4,4,4,4,4,4,4,4,4,4,4,4,4,4,4,4,4,4,4,4,4,4,4,4,4,4,4,4,4,4,4,4,4,4,4,4,1,4,3,4,2,3,2,2,2,3,3,1,3,3,3,2,2,2,2,2,3,3,3,3,3,3,3,3,3,3,3,3,3,3,3,3,3,3,3,3,3,3,3,3,3,3,3,3,3,3,3,1,3,3,3,3,3,3,3,3,3,3,3,3,1,1,1,1,1,1,1,1,3,3,3,3,3,3,3,3,3,3,3,3,3,3,3,3, , , , , , , , , , ,3,3,3,3,3,3,3,3,3,3,1,1,2,3,4,53,2,1
3694,5,2,1,1, , ,1,1,1,29000, ,0, ,39000, , , , ,2, ,2,3,2,2,2,2,3,3,3,3,2,2,3,3,3,3,3,3,3,3,3,3,3,3,3,3,3,3,3,3,3,2,3,3,2,3,3,3,1,0,30,30,3,3,3,3,1,1,1,1,3,3,3,3,2,1,1,1,1,1,2,2,2,2,2,3,3,3,2,3,3,3,1,1,2,2,1,1,2,2,2,2,2,2,2,2,2,2,2,2,2,2,2,2,3,2,3,2,3,3,3,3,3,3,3,3,3,3,3,3,3,3,3,3,3,3,3,3,3,3,3,3,3,3,3,3,3,3,3,3,2,2,2,2,2,2,2,2,2,2,2,2,2,1,1,1,1,1,1,1,1,2,2,2,2,2,2,2,2,4,4,4,3,3,3,3,3,1, ,2, , , , , , , ,3,3,3,3,3,3,3,3,3,3,2,1, , , ,58,2,1
3701,5,1,2,1, , ,2,2,1,33000, ,0, ,25000, , , , ,2, ,2,2,2,2,2,2,2,2,2,2,2,2,2,2,2,2,2,2,2,2,2,2,2,2,2,2,3,2,3,2,2,2,2,2,2,2,2,2,1,10,30,0,2,2,2,2,3,3,2,3,2,2,2,2,2,2,2,2,2,2,2,2,2,2,2,3,2,3,2,2,2,3,2,2,2,2,2,2,2,2,2,2,2,2,2,2,2,2,2,2,2,2,2,2,2,2,2,2,2,3,3,3,3,3,3,3,3,3,3,3,3,3,3,3,3,3,3,3,3,3,3,3,3,3,3,3,3,3,3,3,2,2,2,2,2,2,2,2,2,2,2,2,2,1,1,1,1,1,1,1,1,2,2,2,2,2,2,2,2,1,4,2,2,2,3,2,2,1, ,2, , , , , , , ,3,3,3,3,3,3,3,3,3,3,1,1, , , ,52,2,1
3703,5,1,1,1, , ,2,2,1,0, ,0, ,69000, , , , , , ,2,2,2,2,2,2,2,2,2,2,2,2,2,2,2,2,2,2,2,2,2,2,2,2,3,3,3,2,3,3,2,2,2,2,2,2,2,2,1,30,30,0,3,3,3,3,1,1,1,1,3,3,3,3,3,1,1,1,1,1,3,3,3,3,3,1,1,1,1,1,2,2,2,2,2,2,2,2,2,2,2,2,2,2,2,2,2,2,2,2,1,1,1,1,2,2,2,2,2,3,3,3,3,3,3,3,3,3,3,3,3,3,3,3,3,3,3,3,3,3,3,3,3,3,3,3,3,3,3,3,2,2,2,2,2,2,2,2,2,2,2,2,2,1,1,1,1,1,1,1,1,2,2,2,3,2,2,2,2,1,3,2,2,3,2,2,2, , , , , , , , , , ,3,3,3,3,3,3,3,3,3,3,3,1, , , ,50,2,1
3710,5,1,1,1, , ,2,2,1,40000, , ,1,44000, , , , ,4,4,4,3,3,3,2,2,2,2,2,1,2,1,3,1,3,2,3,1,1,1,3,2,2,3,2,3,3,3,3,2,1,1,1,1,1,1,1,1,1,0,30,0,2,2,2,2,3,3,3,3,2,2,2,2,2,3,2,2,2,2,2,2,2,2,2,3,3,3,2,3,2,2,3,2,2,2,2,2,1,1,1,1,1,1,1,1,2,2,2,2,1,1,1,3,2,2,2,2,3,2,2,2,2,2,1,1,1,1,2,2,2,2,2,2,2,2,2,2,2,2,2,2,2,2,2,2,2,2,2,1,2,2,2,2,2,3,3,3,3,3,3,4,4,1,1,1,1,1,1,1,1,1,1,1,1,1,1,1,1,1,1,1,1,1,1,1,1,1, ,2, , ,5, , , , ,3,4,3,4,2,4,3,4,4,4,2,1,2,3,4,45,1,1
3714,5,2,2,1, , ,2,1,1, ,1,33800, ,100000, , , , ,3,3,4,2,1,3,3,2,1,2,2,1,1,1,2,1,2,2,1,1,1,2,1,1,3,2,2,3,3,1,3,1,1,3,1,1,1,2,2,2,1,0,30,0,1,1,1,1,3,1,2,2,1,1,1,1,1,1,2,1,1,1,1,1,1,1,1,3,2,2,3,1,1,1,1,1,1,1,1,1,1,1,1,1,1,1,1,1,1,1,1,1,1,1,1,1,2,1,2,1,1,3,3,3,3,3,3,1,1,3,3,3,3,3,3,3,2,3,3,3,1,1,3,2,3,2,1,3,2,3,3,3,1,1,1,1,1,1,1,1,1,1,1,1,1,1,1,1,1,1,1,1,1,2,3,3,2,1,3,1,1,3,3,3,3,3,3,2,2, , , , , , , , , , ,2,1,1,2,2,2,2,3,3,3,3, ,2, , ,40,1,1
3717,5,2,1,1, , ,1,1,1, ,1, ,1, ,1, , , ,3,3,3,2,2,3,3,2,3,2,4,4,4,4,4,4,4,4,3,3,4,4,4,4,2,3,3,4,4,3,4,4,4,4,3,3,4,4,3,4,1,5,30,30,1,3,4,4,4,4,4,4,3,4,3,4,4,4,4,4,3,4,3,3,4,3,4,4,4,3,4,4,4,3,3,4,4,4,4,4,3,3,4,3,4,4,4,4,4,4,3,3,4,4,3,4,2,2,2,1,4,3,4,3,3,3,3,4,4,3,3,4,3,4,4,3,3,2,3,3,3,3,3,4,4,4,4,4,3,4,4,4,1,3,3,3,4,4,4,3,4,3,3,4,4, ,1, ,1, , , ,1, ,4, ,4, , , ,4,3,4,3,4,2,3,3,4, , , , , , , , , , ,3,3,2,3,3,4,3,3,4,3,3, ,2, , ,43,1,1
3721,5,2,1,1, , ,2,2,1,0, ,15000, ,35000, , , , , ,2,3,2,2,2,3,2,3,3,1,3,3,4,2,2,3,3,3,2,2,2,2,2,1,1,1,3,3,3,3,2,2,2,1,2,2,3,2,2,1,5,30,0,2,3,2,2,4,2,4,1,1,1,1,1,1,1,4,4,1,1,1,2,1,2,2,2,3,4,1,1,2,2,2,1,1,1,1,2,2,2,2,2,2,2,2,2,1,1,1,1,1,1,1,1,1,2,2,1,3,2,3,2,3,3,2,2,1,1,1,4,4,3,3,2,3,2,3,2,2,3,3,2,3,3,2,2,2,3,2,2,2,2,2,2,2,1,1,1,1,2,2,2,1, , , , , ,1, , , , , , , ,2, , ,2,1,2,2,1,1,1,1,1, ,2,3, , , , , , ,4,4,3,3,3,4,4,3,3,2,2,1,2,3, ,48,1,1
3722,5,2,1,1, , ,2,2,1,78000, ,22000, ,56000, ,1,1,1,3,3,3,2,3,3,3,3,2,2,2,3,3,2,3,2,3,2,3,2,1,3,3,3,2,3,2,3,3,2,3,2,2,2,2,2,2,2,2,2,1,10,30,0,3,3,2,3,3,3,2,2,2,2,2,2,2,3,2,2,2,2,3,3,3,2,2,3,3,2,2,2,2,2,3,3,2,2,3,3,1,1,1,1,2,2,2,2,2,2,2,2,2,2,2,2,2,2,2,2,2,4,4,4,4,4,3,3,3,3,3,3,3,3,3,3,3,3,3,3,2,2,3,3,3,2,2,2,2,2,2,2,1,2,2,2,2,2,2,2,2,2,2,2,2,1,1,1,1,1,1,1,1,2,2,2,2,2,2,2,2,3,4,3,3,4,4,3,3,1, ,2,3,4, , , , , ,3,3,3,3,3,3,3,3,3,3,2,1, , , ,49,1,1
3724,5,2,2,1, , ,2,2,1,0, ,0, ,55000, , , , , , ,2,2,1,4,4,4,2,2,2,2,1,1,1,2,2,1,1,2,1,1,2,1,1,1,1,1,3,1,1,1,1,1,1,1,1,1,1,1,1,0,5,0,1,1,1,1,2,1,1,1,1,1,1,1,1,1,4,1,1,1,1,1,1,1,1,2,2,2,1,1,1,1,1,1,1,1,1,1,1,1,1,1,1,1,1,1,1,1,1,1,1,1,1,1,1,1,1,1,1,2,2,2,2,2,1,1,2,2,2,2,2,2,2,2,2,2,2,2,1,1,1,2,2,1,1,2,1,1,1,1,2,1,1,1,1,1,1,1,1,1,1,1,1, , , , , , , , , , , , , , , , ,3,3,3,3,3,3,3,3, , , , , , , , , , ,1,4,2,4,3,4,3,4,3,3,3,1, , , ,49,1,1
3725,5,2,2,1, , ,2,2,1,0, ,0, ,70000, , , , , , ,3,2,4,3,4,3,1,1,1,1,1,1,1,1,1,1,1,1,1,1,2,1,3,2,1,2,3,2,1,2,2,2,2,2,2,2,2,2,2, , , , , , , , , , , , , , , , , , , , , , , , , , , , , , , , , , , , , , , , , , , , , , , , , , , , , , , , , , , , ,3,3,3,3,3,2,2,3,2,3,3,3,3,3,2,2,2,3,2,2,2,2,4,3,2,2,3,2,2,2,2,2,1,1,1,1,1,1,1,1,1,1,1,2, , , , , , , , , , , , , , , , ,3,4,2,3,3,3,3,3, , , , , , , , , , ,3,4,3,4,3,4,3,4,3,3,3,1, , , ,48,1,1
3726,5,2,2,1, , ,2,2,1,0, ,0, ,29000, , , , , , ,2,2,2,2,2,2,2,1,1,1,1,1,1,2,3,2,2,3,2,2,2,3,2,3,2,3,3,2,2,3,3,2,2,2,2,2,2,2,1,0,30,0,1,1,1,1,2,1,3,3,1,1,1,1,1,2,3,2,3,2,1,1,1,1,1,3,3,2,3,2,1,1,3,3,1,1,3,3,1,1,1,1,3,2,3,3,1,1,1,1,2,3,3,3,2,3,2,3,2,2,3,2,3,3,3,2,3,2,2,2,3,2,2,3,3,2,2,3,3,2,3,2,2,2,2,2,3,2,3,2,2,3,2,3,2,2,2,2,2,2,2,2,2, , , , , , , , , , , , , , , , ,3,2,3,3,2,2,3,3, , , , , , , , , , ,3,3,2,2,3,2,3,2,2,3,4, , , ,4,47,1,1
3727,5,1,2,1, , ,2,2,1,25000, , ,1,55000, ,1, ,1,2,2,2,3,3,3,4,2,3,3,2,2,3,3,3,3,3,3,4,3,3,3,3,3,3,2,3,3,3,3,3,3,3,3,4,3,3,3,3,3,1,10,20,0,3,3,2,2,3,3,2,2,2,3,2,2,2,2,4,2,2,2,2,3,2,2,2,3,3,3,2,2,2,2,2,2,2,2,2,2,2,2,2,3,2,2,2,3,3,2,2,2,3,2,2,3,1,1,1,1,1,3,3,4,3,3,3,3,3,3,3,3,3,3,4,2,2,2,3,3,3,2,3,3,3,3,2,3,3,3,3,3,2,1,1,1,1,1,1,1,1,1,3,4,4, , , , , , , , , , , , , , , , ,3,4,3,3,3,3,3,3, , , , , , , , , , ,3,4,3,4,3,3,3,3,3,3,3,1,2, , ,43,1,1
3734,5,1,1,1, , ,1,1,1,130000, , ,1, ,1,1,1,1,4,4,4,3,2,2,2,2,3,3,3,3,3,3,2,4,4,4,4,4,4,4,3,3,3,3,3,3,4,4,4,4,4,4,4,4,4,4,4,4,1,30,30,20,4,4,2,2,4,4,4,4,2,3,2,3,4,4,4,4,4,4,2,3,2,4,2,4,4,4,4,4,3,3,4,4,3,3,4,4,2,2,3,3,1,1,3,3,3,2,3,3,3,2,3,3,4,4,3,2,3,4,4,4,3,3,3,2,2,4,3,4,4,4,4,3,3,3,3,3,3,3,3,3,3,4,2,3,3,4,4,2,1,3,3,3,3,4,4,4,4,4,3,3,3,1,1,1,1,1,1,1,1,3,3,3,2,3,2,1,4,3,3,3,3,3,3,1,4, , , , , , , , , , ,3,4,3,3,4,4,3,3,2,2,2, , , ,4,30,1,1
3738,5,1,1,1, , ,1,1,1, ,1, ,1,60000, , , , ,3,2,3,4,2,3,3,1,3,3,2,3,3,3,3,3,3,3,3,3,2,4,3,3,3,3,3,3,3,3,3,3,3,4,4,3,3,3,3,3,1,15,30,7,2,2,3,3,3,3,3,3,2,2,3,2,2,4,4,4,4,3,2,2,2,2,2,3,3,3,3,3,3,2,2,2,2,3,2,2,2,2,2,2,2,2,2,2,2,2,2,2,2,2,2,2,3,3,3,3,3,3,3,2,3,2,3,3,3,3,3,3,3,2,2,3,3,3,2,3,2,3,3,3,2,3,2,2,2,3,2,2,1,3,3,3,3,4,3,3,3,3,3,3,3,1,1,1,1,1,1,1,1,2,3,3,4,2,2,2,2,3,4,4,3,3,3,3,3, , , , , , , , , , ,3,4,2,3,2,3,2,4,1,2,1, , ,3, ,40,1,1
3741,5,2,2,1, , ,2,2,1,35000, ,7000, , ,1,1, , ,2,1,2,2,3,3,3,3,1,1,1,1,1,1,1,1,1,1,1,1,1,1,1,1,1,1,1,1,1,1,2,2,1,1,1,1,1,2,2,1,1,0,30,0,1,1,1,1,3,1,1,1,1,2,1,1,1,2,1,1,1,1,1,1,1,1,1,2,2,2,2,2,1,1,1,1,1,1,2,1,1,1,1,1,1,1,1,1,1,1,1,1,1,1,1,1,1,1,1,1,1,3,3,3,3,3,2,3,1,3,3,3,1,2,1,1,1,1,1,3,2,1,3,2,3,2,1,2,2,3,2,3,2,2,3,2,1,1,1,1,1,1,4,3,2,1,1,1,1,1,1,1,1,1,1,2,1,1,1,1,1,2,2,2,1,1,1,2,1,1, , , , , , ,7, , ,3,3,2,3,3,2,2,2,1,1,3,1, , , ,63,1,1
3747,5,2,1,1, , ,1,2,1, ,1, ,1, ,1,1, ,1,1,1,1,4,3,3,3,2,4,4,4,4,4,4,4,3,3,3,3,3,3,3,3,3,3,3,3,3,3,3,3,4,4,4,4,4,4,4,4,4,1,0,30,0,1,1,1,1,4,4,4,4,1,1,1,1,1,4,4,4,4,4,1,1,1,1,1,4,4,4,4,4,1,1,3,3,1,1,4,4,1,1,1,1,3,2,2,3,1,1,1,1,4,2,2,3,2,2,2,4,4,2,2,3,2,3,2,3,3,3,3,3,3,3,3,3,3,3,3,3,2,1,2,3,2,3,2,2,2,2,2,2,1,3,3,3,3,3,3,3,3,3,3,3,3, , , , , , , , , , , , , , , , ,2,3,2,2,3,3,3,3, , , , , , , , , , ,3,3,3,3,3,3,3,3,3,3,2, , ,3, ,24,2,1
3749,5,2,1,1, , ,1,2,1,0, , ,1,0, , , , , ,3, ,3,3,4,4,3,2,2,2,2,3,1,2,2,2,2,3,3,2,3,2,2,3,4,2,3,3,3,3,3,2,3,3,2,3,3,3,3,1,0,30,0,1,1,1,1,4,2,4,3,2,1,1,1,1,2,3,2,2,2,2,2,2,2,2,4,4,4,4,4,2,2,4,4,2,3,4,4,1,1,1,1,1,1,2,2,1,1,1,1,3,1,2,4,4,2,3,2,3,3,3,3,3,3,2,2,2,2,2,3,3,3,3,3,2,2,3,4,4,3,2,4,2,2,2,3,1,3,4,1,1,1,1,1,1,1,1,1,1,1,1,1,1, , , , , , , , , , , , , , , , ,3,3,3,3,3,3,3,3, , , , , , , , , , ,3,3,3,3,3,3,3,3,3,3,2, ,2,3, ,36,2,1
3757,5,1,1,1, , ,1,1,1,48000, , ,1,45000, ,1,1,1,3,3,3,4,3,3,3,3,2,4,3,2,3,2,3,4,3,3,3,3,3,3,3,3,3,3,3,4,3,3,3,3,3,3,4,3,3,3,3,3,1,10,30,30,3,3,3,3,4,4,4,4,3,2,2,2,2,4,2,3,4,4,2,2,2,3,3,4,4,4,4,4,3,3,3,3,3,3,3,3,2,2,2,2,2,2,2,3,3,3,3,3,4,2,4,4,1,1,1,1,1,3,3,3,3,4,3,3,4,3,3,3,4,3,3,3,3,3,4,3,2,3,3,3,3,3,2,3,2,3,3,3,1,3,3,2,3,3,3,2,3,3,3,3,3,1,1,1,1,1,1,1,1,2,4,2,2,2,2,2,3,3,3,3,3,4,3,4,3, , , , , , , , , , ,3,3,3,3,3,4,3,3,3,3,1, ,2, , ,39,2,1
3760,5,2,2,1, , ,2,1,1,0, , ,1,0, , , , , ,3, ,3,3,4,4,3,2,2,2,2,3,1,2,2,2,2,3,3,2,3,2,2,3,4,2,3,3,3,3,3,2,3,3,2,3,3,3,3,1,0,30,0,1,1,1,1,4,2,4,3,1,1,1,1,1,3,3,2,2,2,2,2,2,2,1,4,4,4,4,4,2,2,4,4,2,1,4,4,1,1,1,1,1,1,2,2,1,1,1,1,3,1,2,4,4,2,3,2,3,3,3,3,3,3,2,2,2,2,2,3,3,3,3,3,2,2,3,4,4,3,2,4,2,2,2,3,1,3,4,1,2,1,1,1,1,1,1,1,1,1,1,1,1, , , , , , , , , , , , , , , , ,3,3,3,3,3,3,3,3, , , , , , , , , , ,3,3,3,3,3,3,3,3,3,3,4,1,2, , ,34,2,1
3764,5,1,1,1, , ,1,1,1,90000, ,0, ,110000, ,1, ,1,1, ,1,1,4,4,4,1,1,1,1,1,1,1,1,3,3,2,3,3,2,3,3,3,3,1,1,3,2,3,3,1,1,1,1,1,1,1,1,1,1,10,30,0,2,2,2,2,2,2,3,2,2,2,2,2,2,2,3,2,2,2,2,2,2,2,2,2,3,3,3,2,2,2,2,2,1,1,3,3,1,1,1,1,3,2,2,2,2,2,2,2,2,2,2,2,2,1,3,1,3,4,4,3,4,1,3,3,2,3,3,4,4,3,2,1,1,1,1,4,4,4,4,4,4,4,4,4,4,4,4,4,1,3,2,2,1,1,1,1,1,1,1,1,1,1,1,1,1,1,1,1,1,1,2,1,1,1,1,1,1,2,3,1,1,2,1,1,1,1,1,2,3, ,5, , , , ,3,4,2,4,1,4,1,1,1,2,3,1, , , ,48,2,1
3769,5,1,1,1, , ,2,2,1,70000, ,0, ,95000, ,1, , ,2, ,2,2,3,4,4,1,2,2,2,4,4,2,4,2,2,3,4,4,2,4,3,3,3,3,4,4,4,4,4,3,3,2,2,2,2,3,2,3,1,20,25,0,2,2,2,2,3,3,3,2,2,2,1,1,2,2,2,2,2,2,2,2,3,3,2,3,3,3,2,3,1,2,1,2,2,2,2,2,3,3,3,2,2,2,2,3,2,2,3,3,2,2,3,3,2,2,3,2,3,3,4,4,4,3,2,2,2,2,3,3,3,3,2,3,3,3,2,3,3,3,3,4,3,3,3,3,3,3,3,2,1,3,3,3,2,2,3,2,2,3,3,3,4,1,1,1,1,1,1,1,1,2,1,1,1,1,1,1,3,2,3,1,3,2,3,1,3, , , , , , , , , , ,3,4,2,4,3,4,2,4,2,2,3, ,2, , ,48,2,1
3774,5,1,1,1, , ,1,2,1,120000, ,0, ,45000, ,1, ,1,3, ,3,1,4,3,3,1,3,4,4,4,4,3,4,4,4,4,4,4,3,4,4,4,4,4,4,4,4,4,4,4,4,4,4,4,3,4,3,2,1,25,30,2,4,4,2,4,4,2,4,2,2,3,3,2,4,4,4,4,4,3,3,3,2,4,2,4,4,4,2,2,2,2,3,3,3,2,3,2,3,3,2,3,3,3,3,3,3,3,2,3,3,3,3,3,3,2,3,2,3,4,4,4,3,3,3,2,2,3,3,4,4,3,4,3,3,3,3,3,3,3,3,4,4,3,2,3,3,3,3,2,1,3,3,3,4,3,4,4,4,3,4,3,3,1,1,1,1,1,1,1,1,3,3,2,2,3,3,2,4,3,3,2,3,3,3,3,4, , , , , , , , , , ,3,4,2,3,4,4,2,2,2,2,2, , , ,4,42,2,1
3788,5,2,2,1, , ,2,2,1,0, ,0, ,12850, , , , , , ,1,2,3,2,3,2,1,1,1,1,1,1,1,1,3,1,3,3,1,1,3,1,1,1,1,1,3,1,1,1,1,1,1,1,1,3,1,1,2, , , , , , , , , , , , , , , , , , , , , , , , , , , , , , , , , , , , , , , , , , , , , , , , , , , , , , , , , , , , ,3,3,3,2,2,2,2,2,2,2,3,3,3,3,2,2,2,3,2,2,2,2,4,3,2,2,3,2,3,2,2,2,1,1,1,1,1,1,1,1,1,1,1,1,1,1,1,1,1,1,1,1,2,4,2,2,3,2,1,1,3,3,3,3,3,3,3,3, , , , , , , , , , ,3,3,3,3,3,3,3,3,3,3,3,1, , , ,61,2,1
3795,5,2,2,1, , ,2,2,1,0, ,0, ,12840, , , , , , ,2,3,3,3,3,3,2,2,2,2,2,2,2,2,3,2,3,3,2,2,3,2,3,2,2,3,3,3,2,3,3,2,2,3,3,3,3,3,3, , , , , , , , , , , , , , , , , , , , , , , , , , , , , , , , , , , , , , , , , , , , , , , , , , , , , , , , , , , , ,3,3,3,3,3,3,3,2,2,3,3,3,3,3,3,3,3,3,2,3,2,2,4,3,2,2,3,2,3,2,2,1,2,3,2,2,3,2,3,3,2,2,2,2,1,1,1,1,1,1,1,1,2,3,3,3,3,3,3,2,3,3,3,3,3,3,3,2, , , , , , , , , , ,3,3,3,3,3,3,3,3,3,3,3, ,2, , ,59,2,1
3798,5,1,2,1, , ,2,2,1, ,1, ,1,52000, ,1,1,1,3,3,3,3,3,3,3,3,2,2,2,3,3,2,3,3,3,2,3,3,3,3,3,2,3,3,1,3,3,3,3,3,3,3,3,2,2,2,3,2,1,0,30,0,1,1,1,1,2,2,2,2,1,1,1,1,1,2,4,3,1,1,2,1,1,1,1,2,2,4,4,3,1,1,3,4,1,1,4,3,1,1,1,1,3,2,3,3,1,1,2,2,3,3,3,2,1,1,3,3,2,4,4,4,3,3,3,3,4,4,4,3,3,4,4,3,2,2,3,3,3,4,3,3,3,4,1,2,3,3,3,3,1,3,3,3,3,2,2,3,2,2,3,4,3,1,1,1,1,1,1,1,1,2,3,3,2,4,3,2,4,3,3,3,2,4,3,3,4, , , , , , , , , , ,3,3,3,3,4,2,4,4,4,4,2, ,2, , ,54,2,1
3804,5,1,1,1, , ,2,2,1,27000, ,7800, ,54000, , , , ,2,2,3,4,3,4,4,4,3,3,3,3,4,4,4,4,4,4,4,4,4,3,4,4,3,3,3,4,4,4,4,4,3,3,4,4,4,4,4,4,1,20,30,2,4,4,3,4,4,4,3,3,4,4,3,4,2,4,3,3,4,3,4,4,4,4,4,3,4,4,4,2,4,4,2,3,4,4,4,4,4,4,4,4,3,4,3,3,4,3,3,4,3,3,2,3,3,3,3,3,3,4,4,4,3,4,4,4,4,4,4,4,4,4,4,4,4,4,4,3,3,3,3,2,3,3,1,2,2,2,3,4,1,3,3,3,4,3,3,4,3,3,3,4,4,1,1,1,1,1,1,1,1,4,2,3,3,2,2,3,4,3,1,3,3,2,1,2,4, , , , , , , , , , ,3,3,2,3,3,4,4,4,4,3,2, ,2, , ,51,2,1
3824,5,2,2,1, , ,2,2,1,0, ,0, ,90000, , , , , , ,3,3,2,3,3,2,3,3,2,2,3,2,2,3,3,2,3,3,3,2,3,2,2,2,2,3,3,3,3,3,3,3,2,2,2,2,2,2,1,0,20,0,1,1,1,1,3,1,1,1,1,1,1,1,1,1,4,1,1,1,1,1,1,1,1,3,3,3,2,2,1,1,2,2,1,1,2,2,1,1,1,1,1,1,1,1,1,1,1,1,1,1,1,1,1,1,1,1,1,2,2,2,2,2,2,2,2,2,2,3,2,3,3,2,2,2,2,2,1,1,2,2,2,1,1,2,2,2,2,2,2,1,1,1,1,1,1,1,1,1,1,1,1, , , , , , , , , , , , , , , , ,2,2,2,2,2,2,2,2, , , , , , , , , , ,2,4,3,3,3,4,3,4,3,3,3,1, , , ,51,1,1
3830,5,2,2,1, , ,2,2,1,0, ,0, ,70000, , , , , , ,3,3,1,3,4,2,2,2,2,2,2,2,2,3,3,2,2,2,2,2,2,2,2,2,2,2,3,2,2,2,2,2,2,2,2,2,2,2,1,0,30,0,1,1,1,1,2,1,1,1,1,1,1,1,1,2,3,2,2,2,1,1,1,1,1,3,2,2,2,2,1,1,2,2,1,1,3,2,1,1,1,1,2,2,2,2,1,1,1,1,2,2,2,2,1,1,1,1,1,2,2,2,2,2,2,2,2,2,2,2,2,2,2,2,2,2,2,2,2,2,2,2,2,2,2,2,2,2,2,2,2,1,1,1,1,1,1,1,1,1,1,1,1, , , , ,1, ,1, , , , , ,1, ,1, ,2,3,3,3,3,3,3,2,1,1,2, , , , , , , ,2,4,2,2,2,2,2,2,2,2,3,1, , , ,52,1,1
4774,5,2,2,1, , ,2,2,1,0, ,0, , ,1, , , , , ,2,3,4,3,3,3,3,3,3,2,3,3,2,4,3,3,4,3,3,3,3,4,3,3,4,3,3,3,3,3,3,2,3,3,2,2,3,3,1,0,30,0,1,1,1,1,4,4,4,4,1,1,1,1,1,4,3,4,4,4,1,1,1,1,1,4,3,4,3,3,1,1,4,3,1,1,3,3,1,1,1,1,4,4,3,3,1,1,1,1,4,4,3,3,4,3,3,4,3,4,3,4,3,3,3,4,3,3,3,3,3,3,3,3,3,2,3,3,3,3,4,3,3,3,2,3,2,3,2,2,1,3,3,2,3,2,3,2,2,3,3,2,2, , , ,1, , , , , , , ,2, , , , ,1,2,1,2,1,1,1,1,1, ,2,3, , , , , , ,3,3,2,3,3,2,2,3,3,2,4, ,2,3, ,28,2,1
4912,5,2,2,1, , ,2,2,1, ,1, ,1,35000, , , , ,3,3,3,3,2,3,3,2,4,3,3,3,3,3,3,3,3,3,3,3,3,3,3,3,2,3,3,3,3,2,3,3,3,3,3,3,3,3,3,2,1,0,30,0,1,1,1,1,2,3,3,2,1,1,1,1,1,3,3,2,3,3,1,1,1,1,1,3,3,3,3,3,1,1,3,3,1,1,3,3,1,1,1,1,2,2,3,2,1,1,1,1,3,3,3,3,3,2,2,2,2,4,4,4,4,3,3,3,3,3,3,3,3,3,3,3,3,3,3,3,2,3,3,2,3,3,2,2,2,2,2,2,1,3,3,3,3,3,3,2,2,2,2,2,2,1,1,1,1,1,1,1,1,2,3,2,2,2,3,2,2,4,4,3,3,3,4,3,3, , , , , , , , , , ,3,3,3,3,3,3,3,3,3,3,1, , ,3, ,58,1,1
4914,5,2,1,1, , ,2,2,1, ,1, ,1, ,1, , , ,4,4,4,1,4,1,4,1,1,1,1,1,1,1,1,1,1,1,1,1,1,1,2,2,2,2,2,3,3,2,3,1,1,1,1,1,1,1,1,1,1,0,30,0,1,1,1,1,1,1,1,1,1,1,1,1,1,4,4,1,1,1,1,1,1,1,1,1,1,1,1,1,1,1,1,3,1,1,2,3,1,1,1,1,1,1,1,1,1,1,1,1,1,1,1,1,1,1,1,1,1,2,2,2,2,2,2,2,2,2,2,3,3,3,3,2,2,2,2,2,2,2,2,2,2,2,2,2,2,2,2,2,2,2,2,2,2,2,2,2,2,2,2,2,2, , , , , , , , , , , , , , , , ,1,1,1,1,1,1,1,1, , , , , , , , , , ,3,3,3,3,3,3,3,3,3,3,2,1, , , ,54,1,1
4918,5,2,2,1, , ,2,2,1,0, ,0, ,40000, , , , , , ,3,2,4,4,4,4,1,1,1,1,1,1,1,2,3,1,1,2,2,1,2,1,1,1,1,2,3,2,1,1,1,1,1,1,1,1,1,1,1,0,8,0,1,1,1,1,2,1,1,1,1,1,1,1,1,1,4,1,1,1,1,1,1,1,1,2,2,2,1,1,1,1,1,1,1,1,1,1,1,1,1,1,1,1,1,2,1,1,1,1,1,1,1,1,1,1,1,1,1,1,1,1,1,1,1,1,1,1,1,2,2,2,2,2,2,2,2,1,1,1,1,2,2,1,1,2,2,2,2,2,2,1,1,1,1,1,1,1,1,1,1,4,4, , , , , , , , , , , , , , , , ,2,3,2,2,2,3,3,2, , , , , , , , , , ,2,2,2,2,2,4,2,4,3,3,3,1,2, , ,50,1,1
4919,5,2,2,1, , ,2,2,1,35700, , ,1, ,1, , , ,3,3,3,2,2,2,2,2,1,1,1,1,1,1,1,1,1,1,1,1,1,1,1,1,1,1,1,1,1,1,3,2,2,2,2,2,2,3,1,1,1,0,30,0,1,1,1,1,2,2,2,2,1,1,1,1,1,1,2,1,1,1,1,1,1,1,1,2,2,3,2,2,1,1,2,2,1,1,2,2,1,1,1,1,1,1,1,1,1,1,1,1,1,1,1,1,1,1,1,1,1,3,3,3,3,3,2,2,3,2,2,1,1,1,1,1,1,1,1,1,1,1,1,3,1,1,1,1,1,2,2,3,1,2,2,2,2,2,2,2,2,2,3,3,3,1,1,1,1,1,1,1,1,1,1,1,1,1,1,1,1,1,2,2,2,1,3,1,2,1, ,2,3,4,5,6,7, , ,2,2,2,2,2,1,1,1,1,1,3, ,2, , ,53,1,1
4922,5,2,2,1, , ,2,2,1, ,1,0, , ,1, , , ,2, ,3,1,1,1,1,1,1,1,1,1,1,1,1,1,1,1,1,1,1,1,1,1,1,1,1,1,1,1,1,1,1,1,1,1,1,1,1,1,2, , , , , , , , , , , , , , , , , , , , , , , , , , , , , , , , , , , , , , , , , , , , , , , , , , , , , , , , , , , , ,3,3,3,3,3,1,1,2,3,3,3,3,2,2,1,1,1,1,3,2,2,3,3,2,2,2,1,1,3,2,2,2,1,1,1,1,1,1,1,1,1,1,1,1, , , , , , , , , , , , , , , , ,1,1,1,1,1,1,1,1, , , , , , , , , , ,1,1,1,1,1,1,1,1,1,1,3,1,2, , ,50,1,1
4923,5,1,1,1, , ,2,2,1,50000, ,23000, ,70000, , , , ,4,4,4,3,3,3,2,2,2,2,1,1,2,1,3,1,3,2,3,2,1,2,3,3,3,1,1,3,3,3,2,2,1,1,1,1,1,1,1,1,1,5,30,0,2,2,2,2,2,2,2,2,2,2,2,2,2,2,2,2,2,2,2,2,2,2,2,2,2,2,2,2,1,1,2,2,1,1,2,2,2,2,2,2,1,1,1,1,2,2,2,2,2,2,2,3,1,1,1,1,3,2,2,2,2,2,1,1,1,2,2,2,2,2,2,1,1,1,2,2,2,2,2,2,1,1,1,1,1,1,1,1,2,1,1,1,1,1,1,1,1,1,2,2,4, ,1, ,1,1,1,1,1, ,1, ,1,1,1,1,1,1,1,1,1,1,1,1,1,1, ,2, , , , , , , ,1,4,1,4,2,4,2,4,4,4,3, ,2, ,4,56,1,1
4924,5,2,1,1, , ,2,2,1,28000, , ,1,34000, , , , ,4,4,4,3,2,1,1,1,1,1,1,1,1,1,1,1,1,1,1,1,1,1,1,1,1,1,2,2,3,2,2,1,1,1,1,1,1,1,1,1,1,0,30,0,1,1,1,1,1,1,1,1,1,1,1,1,1,1,1,1,1,1,1,1,1,1,1,3,2,1,1,1,2,2,1,1,2,2,1,1,1,1,1,1,1,1,1,1,1,1,1,1,1,1,1,3,1,1,1,1,1,3,3,2,2,1,1,1,1,1,2,1,1,1,1,1,1,1,1,1,1,1,1,1,1,1,1,1,1,1,1,1,2,1,1,1,1,1,1,1,1,1,3,3,3,1,1,1,1,1,1,1,1,1,1,1,1,1,1,1,1,1,1,1,1,1,1,1,1,1, ,2, , , , , , , ,1,4,2,4,1,4,1,4,4,4,2, , , ,4,59,1,1
4926,5,2,2,1, , ,1,1,1, ,1, ,1, ,1, , , ,3,2,2,2,3,3,2,3,3,2,3,3,3,3,3,3,3,3,3,3,4,3,3,3,3,3,4,4,3,3,4,2,3,3,3,3,3,3,3,3,1,15,30,3,4,3,2,4,3,2,2,2,2,4,2,2,4,2,2,2,2,4,3,4,3,3,3,2,3,4,4,4,3,4,3,4,3,3,4,4,3,2,3,2,3,4,4,4,2,2,2,1,3,3,4,3,1,3,3,4,3,3,4,3,3,3,3,3,4,3,3,3,3,4,4,4,3,3,4,3,2,3,2,3,3,3,4,2,3,3,3,3,2,3,3,2,2,3,3,3,2,3,2,3,2,1,1,1,1,1,1,1,1,4,2,2,3,3,3,3,3,3,2,2,4,4,4,4,4, , , , , , , , , , ,3,4,3,3,3,3,3,4,4,4,3,1, , ,4,50,1,1
4930,5,1,1,1, , ,1,1,1,25000, ,6000, ,50000, ,1,1,1,2,2,2,4,1,1,1,1,4,4,4,4,4,4,4,4,4,4,4,4,4,4,4,4,4,3,3,4,4,4,4,4,4,4,4,4,4,4,4,4,1,30,30,20,4,4,4,4,4,4,4,4,1,4,2,2,2,2,4,2,2,2,4,4,4,4,4,4,4,4,4,4,3,3,3,3,3,3,4,4,2,2,3,3,3,3,3,3,1,1,2,4,3,3,3,4,2,2,3,2,4,2,2,2,2,2,3,3,3,3,3,4,4,4,4,4,4,4,4,3,4,4,4,4,4,2,3,3,3,4,4,4,2,3,4,3,3,3,3,3,3,3,3,3,3,1,1,1,1,1,1,1,1,2,2,1,2,2,4,4,2,3,3,3,3,3,3,4,3, , , , , , , , , , ,4,4,4,4,4,4,4,4,4,4,2, , ,3, ,70,1,1
4931,5,1,1,1, , ,1,1,1,20000, , ,1, ,1,1,1,1,2,2,2,3,3,3,3,3,3,4,4,4,4,4,4,4,4,4,4,4,4,4,3,4,4,4,4,4,3,3,4,3,4,4,4,4,4,4,4,4,1,20,15,22,4,4,4,4,4,4,4,4,4,4,4,4,4,4,4,4,4,4,4,4,4,4,4,4,4,4,4,4,4,4,4,4,4,4,4,4,4,4,4,4,4,4,4,4,4,4,4,4,4,4,4,4,4,4,4,4,4,4,4,4,4,3,3,3,4,3,4,4,4,4,4,4,4,4,4,4,4,4,4,4,4,4,4,3,3,3,3,4,1,4,4,4,3,4,4,4,4,4,4,4,4,1,1,1,1,1,1,1,1,4,4,4,4,3,3,3,4,4,4,4,4,4,4,4,4, , , , , , , , , , ,3,4,4,3,3,3,3,3,3,4,1, , , ,4,53,1,1
4933,5,1,1,1, , ,1,1,1,13000, ,18000, ,56000, ,1,1,1,2,2,2,4,1,1,1,1,4,4,4,4,4,3,4,4,4,4,4,4,4,4,4,3,3,4,3,4,4,4,4,3,3,4,4,4,4,4,3,4,1,30,11,0,3,4,4,4,3,4,4,4,4,4,2,2,2,4,4,3,2,3,4,4,3,3,2,4,4,4,2,2,4,3,4,3,4,4,4,4,3,2,3,3,3,1,3,3,1,3,3,3,2,2,3,4,3,2,3,3,4,3,3,3,3,3,2,3,3,3,4,4,4,4,4,4,4,4,4,4,2,4,4,4,4,4,3,3,3,2,3,2,1,3,3,3,3,3,3,3,3,3,4,4,4,1,1,1,1,1,1,1,1,3,2,3,3,2,2,3,3,4,4,4,4,4,4,4,4, , , , , , , , , , ,4,3,4,2,3,3,4,2,4,4,1,1,2,3, ,50,1,1
4936,5,1,2,1, , ,1,1,1, ,1, ,1,50000, , , , ,2,2,2,3,2,2,2,2,3,3,1,3,3,2,3,3,3,3,3,3,3,3,3,2,2,3,2,3,3,3,3,4,2,3,4,3,3,3,3,3,1,20,30,10,3,3,2,2,4,2,2,2,2,1,1,1,1,2,1,1,1,1,3,4,4,3,1,4,4,4,2,2,2,2,2,2,3,2,3,2,2,1,1,1,2,1,1,1,3,2,2,2,2,2,2,3,1,1,1,1,1,3,3,4,4,3,2,2,2,3,3,3,3,3,3,3,3,1,3,3,2,3,3,4,3,3,2,2,2,3,2,1,2,1,2,1,1,2,3,3,2,2,1,1,2,1,1,1,1,1,1,1,1,1,1,1,1,1,1,2,1,1,1,1,1,1,1,3,1,1,1,2, , ,5,6, , , ,3,3,4,2,4,3,3,2,3,3,1,1, , , ,60,1,1
4939,5,1,2,2, ,3,2,2,1, ,1, ,1, ,1, , , ,1,1,1,3,2,2,2,3,1,1,1,1,1,1,1,1,1,1,1,1,1,1,1,1,1,1,1,1,1,1,1,1,2,2,2,1,1,1,1,2,3, , , , , , , , , , , , , , , , , , , , , , , , , , , , , , , , , , , , , , , , , , , , , , , , , , , , , , , , , , , , ,3,2,3,3,3,1,1,2,2,1,1,2,2,2,1,1,1,1,2,2,2,2,2,2,2,2,2,2,2,2,2,2,1,1,1,1,1,1,1,1,1,2,2,3, , , , , , , , , , , , , , , , ,2,2,2,2,2,2,2,2, , , , , , , , , , ,1,1,1,1,1,1,1,1,1,1,3,1,2,3,4,79,1,1
4941,5,1,2,1, , ,1,1,1,32000, , ,1,50000, ,1, ,1,2,2,3,3,3,2,3,2,3,2,2,2,3,2,2,2,2,3,3,3,2,3,3,3,2,2,2,3,3,3,2,2,2,2,2,2,2,2,2,2,1,0,30,0,1,1,1,1,3,2,2,2,1,1,1,1,1,2,3,2,2,2,1,1,1,1,1,3,2,2,2,2,1,1,2,3,1,1,2,2,1,1,1,1,2,2,2,2,1,1,1,1,2,2,2,2,1,1,1,1,1,2,2,2,2,2,2,2,2,2,2,3,3,3,3,2,2,2,2,2,2,2,2,2,2,2,2,2,2,2,2,2,2,1,1,1,1,1,1,1,1,1,1,1,1, ,1, , , ,1, , , ,2, , , ,2, , ,3,3,3,3,3,3,3,3,1,1,2, , , , , , , ,2,3,2,2,2,2,2,2,2,2,3,1, , , ,62,1,1
4942,5,1,2,1, , ,2,1,1, ,1, ,1,40000, ,1, ,1,3,3,4,2,4,2,4,4,2,2,2,2,2,2,2,2,2,2,2,2,2,2,2,2,2,2,2,2,2,2,2,2,2,2,2,2,2,2,2,2,2, , , , , , , , , , , , , , , , , , , , , , , , , , , , , , , , , , , , , , , , , , , , , , , , , , , , , , , , , , , , ,3,3,2,2,2,2,2,3,3,3,3,3,3,3,2,2,2,2,2,2,2,2,2,2,2,2,2,2,2,2,2,2,1,1,1,1,1,1,1,1,1,1,1,1,1,1, , , , , , ,1,1, , , , , , ,2,2,2,2,2,2,2,2,1,1,2,3, , , , , , ,2,4,3,3,3,3,3,3,3,3,2,1, , , ,42,2,1.014925373
4943,5,2,1,1, , ,2,2,1,0, ,20000, ,78000, , , , , ,2,3,4,4,4,3,3,4,4,2,4,4,3,4,4,4,3,4,4,4,3,4,4,3,3,3,4,3,3,4,4,4,4,3,4,3,4,3,4,1,30,30,0,2,3,3,3,4,4,4,4,2,3,2,3,2,4,4,2,4,4,2,3,3,2,3,4,4,2,2,4,2,3,3,3,2,3,2,3,2,2,2,2,2,2,1,2,2,2,3,2,3,3,3,3,3,1,3,1,4,4,4,4,3,3,3,3,4,4,4,4,4,3,4,3,3,3,3,3,3,3,3,4,4,4,3,3,3,3,3,3,1,3,3,3,3,3,3,2,3,3,3,2,2, ,1, , , , ,1,1, ,4, , , , ,4,4,4,4,4,4,4,4,4,4, , , , , , , , , , ,4,4,4,4,3,3,4,4,3,4,3,1, , , ,42,2,1.014925373
4947,5,2,1,1, , ,2,2,1,0, ,0, ,92000, , , ,1, , ,3,3,2,2,3,2,3,3,3,3,2,3,3,3,3,3,4,4,3,4,4,4,4,3,3,4,4,3,4,3,3,3,3,3,3,3,3,3,1,20,30,0,2,3,2,3,3,2,3,2,3,3,1,1,3,2,3,1,1,3,3,2,2,1,1,4,3,3,2,2,1,1,2,2,3,3,3,3,1,1,1,1,2,2,2,2,2,2,1,2,2,2,1,2,2,1,1,1,2,3,3,3,3,3,3,3,3,3,3,3,3,3,3,3,3,2,3,3,2,3,3,3,3,3,2,3,2,3,2,2,1,3,3,2,2,2,2,3,3,2,2,3,2,1,1,1,1,1,1,1,1,1,3,2,2,1,3,2,1,3,3,3,3,3,3,3,3, , , , , , , , , , ,3,3,3,2,3,3,3,2,3,3,1,1,2,3,4,47,2,1.014925373
4948,5,2,2,1, , ,2,1,1, ,1, ,1, ,1, , , ,3,3,3,3,3,2,3,2,2,2,2,2,2,2,2,3,3,2,3,3,2,3,3,3,3,3,3,3,3,3,3,3,4,2,2,2,3,3,3,3,1,0,30,0,2,2,1,1,2,2,3,2,1,1,1,1,1,2,2,2,2,2,1,1,1,1,1,3,2,3,3,2,1,1,2,2,1,1,2,3,1,1,1,1,2,2,2,4,1,1,1,1,3,2,2,4,1,1,1,1,1,2,3,3,3,3,3,3,3,3,3,3,3,3,3,3,3,3,3,2,2,2,3,3,3,3,3,3,3,3,3,3,1,1,1,1,1,1,1,1,1,1,1,1,1,1,1,1,1,1,1,1,1,1,1,1,1,1,1,1,1,1,1,1,1,1,1,1,1,1,1,2, , ,5, , , , ,2,2,2,2,2,2,2,2,2,2,2,1, , , ,46,2,1.014925373
4949,5,2,1,1, , ,1,1,1, ,1, ,1, ,1,1,1,1,3,2,2,3,3,3,4,4,3,2,3,2,4,3,3,4,4,3,3,4,2,3,3,3,3,4,4,4,3,3,4,3,3,3,2,2,3,3,2,3,1,0,20,1,4,2,3,2,4,2,3,4,2,3,3,3,2,3,4,4,4,2,4,2,3,3,3,4,4,4,4,3,3,3,3,4,3,2,4,2,2,2,3,2,2,3,3,2,3,3,2,3,3,3,3,3,3,3,3,3,4,3,3,3,3,4,4,4,4,3,4,3,4,3,3,3,4,2,3,3,3,2,3,4,3,3,4,3,2,3,3,2,1,2,3,2,3,2,2,2,3,3,3,2,3,1,1,1,1,1,1,1,1,3,2,2,3,2,3,3,3,3,3,2,3,2,3,3,3, , , , , , , , , , ,3,3,2,2,2,3,2,3,3,3,4,1, , , ,49,2,1.014925373
4952,5,2,1,1, , ,1,1,1, ,1, ,1, ,1,1,1,1,3,3,3,3,2,1,1,1,3,3,3,3,3,1,3,3,3,3,3,3,3,3,3,3,3,3,3,3,3,3,3,3,3,2,3,1,2,2,2,2,1,20,30,30,3,3,3,4,4,4,3,4,4,4,4,3,4,4,4,3,2,2,3,2,2,2,2,4,4,4,4,3,3,3,4,4,3,3,4,4,3,2,3,3,4,4,4,4,3,3,3,3,4,4,4,4,3,3,3,3,3,3,3,3,3,3,3,4,3,4,4,4,4,4,4,4,4,4,4,4,3,3,3,4,4,4,3,3,3,3,3,3,1,3,3,2,3,3,3,2,3,2,2,3,4,1,1,1,1,1,1,1,1,4,2,3,3,3,2,2,1,3,2,3,3,3,2,3,3, , , , , , , , , , ,3,3,2,2,2,3,3,2,2,3,3,1, , , ,43,2,1.014925373
4954,5,1,2,1, , ,2,2,1, ,1, ,1,110000, , , , ,2,2,4,3,3,2,2,2,3,3,2,3,3,3,3,4,3,3,4,4,3,4,3,3,3,4,4,3,4,4,3,4,1,4,2,3,3,4,2,3,1,18,30,0,4,3,1,1,4,1,2,2,3,3,3,3,2,2,3,2,2,2,3,3,2,3,2,3,3,2,3,1,3,2,4,1,3,1,4,2,3,2,3,2,3,3,1,1,3,3,3,3,4,3,3,2,3,3,3,2,2,3,3,3,2,2,2,3,3,3,4,3,3,3,3,3,3,3,2,3,3,3,2,2,3,3,3,3,2,2,3,3,2,3,3,3,3,3,3,2,2,2,3,3,3,1,1,1,1,1,1,1,1,1,3,1,2,1,1,2,1,3,3,2,3,3,2,2,3, , , , , , , , , , ,3,3,3,2,2,3,3,3,2,3,2,1, , , ,49,2,1.014925373
4957,5,2,2,1, , ,2,2,1, ,1, ,1,45000, , , , ,3,3,4,2,2,2,3,3,1,1,1,1,1,1,1,1,1,1,1,1,1,1,3,2,2,2,2,3,3,2,2,1,3,2,1,1,1,1,1,1,1,0,30,0,1,1,1,1,2,3,3,2,1,1,1,1,1,2,2,2,2,2,1,1,1,1,1,2,2,2,2,2,1,1,2,3,1,1,2,2,1,1,1,1,2,2,3,3,1,1,1,1,3,2,2,3,2,2,2,2,2,2,2,3,2,2,2,3,3,3,3,3,2,3,3,2,2,2,3,2,2,2,2,3,3,3,2,2,1,2,1,1,2,2,3,2,2,2,3,2,2,3,3,3,3,1,1,1,1,1,1,1,1,1,2,1,1,2,1,1,1,3,3,3,3,3,3,2,3,1,1, ,3, , , , , , ,3,3,4,3,3,4,4,4,4,4,2,1, , , ,47,2,1.014925373
4960,5,1,1,1, , ,1,1,1,34900, ,34900, ,79900, , , , ,3,3,3,4,4,4,4,3,4,4,3,4,4,3,3,3,3,3,3,3,3,3,3,4,4,4,4,4,4,4,4,3,3,2,3,3,3,3,2,3,1,3,30,10,2,2,2,2,4,4,4,4,2,2,2,2,2,3,3,3,3,3,3,3,3,3,3,2,4,4,4,4,2,2,4,4,2,2,4,4,3,2,3,3,4,4,4,4,3,2,3,2,3,2,4,2,2,1,4,1,3,4,4,4,4,4,4,4,4,4,4,4,3,4,4,4,4,4,4,3,2,4,3,4,4,4,2,3,3,3,4,2,1,2,2,2,2,3,3,2,3,3,4,4,4,1,1,1,1,1,1,1,1,3,4,2,3,1,1,1,1,3,4,2,3,1,1,1,1, , , , , , , , , , ,3,3,3,2,3,3,3,3,2,2,1,1, , , ,45,2,1.014925373
4963,5,2,1,1, , ,1,2,1,60000, , ,1,70000, , , , ,3,3,3,2,2,2,3,2,3,2,3,2,3,2,2,3,3,3,3,3,3,3,3,3,3,3,3,3,3,3,3,2,3,3,3,3,2,2,2,2,1,0,30,0,1,1,1,1,2,2,3,2,1,1,1,1,1,3,2,2,2,2,1,1,1,1,1,3,4,4,3,3,1,1,2,3,1,1,3,3,1,1,1,1,2,1,2,3,1,1,1,1,2,2,2,3,2,2,2,2,2,3,3,3,3,3,3,3,3,3,3,3,3,3,3,3,3,3,3,2,2,3,3,2,3,3,2,2,2,2,2,2,1,3,3,3,2,2,2,3,3,3,2,2,3,1,1,1,1,1,1,1,1,3,3,1,2,2,3,2,2,2,3,1,2,2,3,2,2, , , , , , , , , , ,4,2,3,2,3,2,4,3,4,4,2, , ,3, ,47,2,1.014925373
4965,5,1,1,1, , ,1,1,1,48000, , ,1,35000, , , , ,1,1,1,4,4,4,4,4,4,4,4,4,4,3,3,4,4,4,4,4,4,4,4,4,4,4,4,4,4,4,4,3,4,4,4,4,4,4,4,4,1,0,30,0,1,1,1,1,4,4,4,4,1,1,1,1,1,2,3,3,3,3,1,1,1,1,1,4,4,4,4,4,1,1,1,4,1,1,4,4,1,1,1,1,4,1,4,4,1,1,1,1,4,4,4,4,3,3,3,3,3,4,4,4,4,4,4,4,4,4,4,4,4,4,4,4,4,4,4,4,4,4,4,4,4,4,4,4,4,4,4,4,2,4,4,3,4,4,4,4,4,4,4,4,3,1,1,1,1,1,1,1,1,3,2,2,3,2,1,2,2,4,4,2,4,4,4,4,4, , , , , , , , , , ,4,4,4,4,4,4,4,4,4,3,2, , , ,4,45,2,1.014925373
4970,5,1,1,1, , ,2,2,1,100000, , ,1,30000, ,1, , ,2,2,2,2,3,3,3,3,3,3,2,3,3,2,2,4,4,4,4,3,2,4,4,4,4,2,4,4,4,4,4,4,4,4,2,4,4,4,4,4,1,30,30,0,4,3,4,4,4,2,4,4,1,1,1,1,1,1,3,1,2,1,2,1,1,3,3,4,2,4,4,3,1,3,1,3,1,1,2,2,1,1,1,1,1,1,3,1,3,3,3,3,3,3,3,3,1,1,1,1,3,3,3,3,3,3,3,3,3,3,3,3,3,3,3,3,3,3,3,3,2,3,3,4,3,3,3,2,2,2,2,1,2,3,3,3,2,2,3,3,3,3,4,4,4,1,1,1,1,1,1,1,1,1,1,3,1,1,1,1,1,3,3,3,3,3,3,3,3, , , , , , , , , , ,3,3,3,3,4,3,4,3,2,2,2, ,2, ,4,48,2,1.014925373
4974,5,1,1,1, , ,2,2,1, ,1, ,1, ,1,1,1,1,3,3,4,3,3,3,2,2,3,3,3,4,4,4,4,4,3,4,4,3,3,3,4,1,1,3,1,4,4,1,4,3,3,3,2,3,3,2,2,3,1,15,30,0,4,4,2,2,4,1,2,1,2,2,2,1,1,4,4,3,2,1,4,4,4,4,4,4,3,3,1,1,3,3,3,2,3,3,3,4,4,3,3,3,2,2,3,1,3,3,3,2,1,1,1,1,2,2,1,2,2,3,3,4,3,3,3,4,4,4,3,3,3,3,4,3,4,2,4,3,3,3,3,1,3,2,1,2,2,3,3,3,2,4,4,4,2,2,3,2,2,2,3,2,2, , , , , , , , , , , , , , , , ,1,4,3,3,3,4,3,2, , , , , , , , , , ,3,2,4,3,3,4,2,2,2,2,3,1, , , ,45,2,1.014925373
4978,5,1,1,1, , ,2,1,1, ,1,47900, ,79900, , , , ,4,4,4,3,3,3,2,2,2,2,1,2,2,2,3,3,3,2,3,3,3,2,3,3,3,3,2,3,3,3,3,3,3,2,3,3,2,2,3,3,1,0,20,0,2,1,1,1,2,2,2,2,1,1,1,1,1,2,2,2,2,2,1,1,1,1,1,4,2,2,1,1,1,1,1,2,2,1,3,2,1,1,1,1,1,1,1,1,1,1,1,1,3,2,3,3,1,1,1,1,1,3,3,3,3,3,2,3,3,3,3,2,3,3,3,1,2,2,1,3,3,2,3,3,3,3,3,3,3,3,3,2,2,1,1,1,1,1,1,1,1,1,2,2,2, , , , , , , , , , , , , , , , ,1,1,1,1,1,1,1,1, , , , , , , , , , ,1,1,1,1,1,1,1,1,1,1,3,1, , , ,48,2,1.014925373
4980,5,2,2,1, , ,2,2,1,0, ,30000, ,100000, , , , , ,3,3,3,3,2,3,3,2,2,2,2,2,2,2,3,3,3,3,3,3,3,3,3,3,3,3,3,3,3,3,3,2,2,2,2,2,2,2,2,1,0,30,0,1,1,1,1,2,3,3,2,1,1,1,1,1,2,2,3,3,2,1,1,1,1,1,3,3,3,3,3,1,1,3,3,1,1,3,3,1,1,1,1,2,2,2,2,1,1,1,1,3,2,3,3,2,2,2,2,2,2,3,2,3,3,3,3,3,3,3,3,3,3,3,2,2,2,2,3,2,3,3,3,3,2,3,2,3,3,3,3,2,2,2,2,2,2,2,2,2,2,2,2,2,1,1,1,1,1,1,1,1,1,1,1,2,1,1,1,1,3,3,3,3,3,3,3,3,1, ,2,3,4, , , , , ,3,3,3,3,3,3,3,3,3,3,4,1, , , ,46,2,1.014925373
4986,5,1,2,1, , ,1,1,1,48000, , ,1,60000, ,1, ,1,3,3,3,2,3,3,3,3,3,4,2,3,3,2,3,2,3,4,3,3,2,3,3,3,3,2,4,3,3,3,3,3,3,2,3,3,2,3,2,3,1,20,30,20,3,3,3,3,4,3,2,1,4,4,4,4,4,2,4,2,3,2,4,4,4,4,4,4,3,2,1,1,1,1,1,1,1,1,2,2,1,1,1,1,2,2,2,2,3,2,3,2,2,2,2,2,2,2,2,2,2,3,3,3,3,3,3,2,3,3,3,3,4,4,4,2,2,3,3,3,3,3,3,3,3,3,3,3,3,3,3,3,2,2,1,2,2,2,2,2,1,1,3,3,3,1,1, , , , , , ,3,4, , , , , , ,3,3,2,2,2,3,3,3, , , , , , , , , , ,3,2,3,2,3,3,3,2,3,3,3,1,2, , ,48,2,1.014925373
4988,5,1,2,1, , ,2,1,1, ,1, ,1,95000, , , ,1,3,3,4,3,1,3,3,2,2,2,3,4,2,2,2,1,2,1,2,3,1,4,3,3,4,3,3,4,3,3,4,1,2,2,1,2,3,3,2,4,1,20,30,0,3,3,2,2,3,3,3,3,3,2,1,1,1,3,2,1,1,1,2,2,2,3,3,4,3,3,2,2,2,2,2,2,3,3,3,3,2,2,2,2,2,2,2,2,1,1,1,1,1,1,1,1,3,1,1,1,2,3,3,3,3,3,3,3,4,3,3,3,3,3,3,3,3,3,3,3,3,3,3,3,3,3,2,3,2,3,4,4,1,2,1,1,2,2,2,1,1,1,1,2,3,1,1, ,1,1,1,1,1,1,3, ,3,4,4,2,1,3,4,1,3,3,4,3,3, , , , , , , , , , ,2,3,3,4,4,4,3,3,3,3,4, ,2, , ,41,2,1.014925373
4991,5,2,2,1, , ,2,2,1,0, ,0, ,45000, , , , , , ,3,2,2,2,2,2,1,3,1,1,1,1,1,3,1,1,1,1,1,1,2,3,2,2,1,2,2,2,1,3,2,2,2,1,2,2,2,1,1,0,30,0,1,1,1,1,1,1,1,1,1,1,1,1,1,1,2,1,2,2,1,1,1,1,1,1,2,1,2,2,1,1,1,1,1,1,3,2,1,1,1,1,1,1,1,2,1,1,1,1,2,2,1,2,1,1,1,1,1,3,2,2,2,3,3,3,2,2,3,3,3,3,3,2,2,2,2,2,3,2,2,3,2,1,2,3,3,3,3,3,1,2,2,2,2,2,2,2,2,2,3,2,3,1,1,1,1,1,1,1,1,3,3,3,1,3,1,3,1,4,4,3,4,3,4,3,3, , , , , , , , , , ,4,3,4,4,4,3,3,3,4,3,2,1, , , ,40,2,1.014925373
4992,5,2,2,1, , ,2,2,1, ,1, ,1,45000, , , , ,3,3,4,3,3,3,2,3,1,1,1,1,1,1,1,3,3,3,3,3,3,3,3,3,3,2,3,3,3,3,3,2,2,1,1,1,1,2,1,1,1,0,30,0,1,1,1,1,2,4,3,3,1,1,1,1,1,2,2,2,2,2,1,1,1,1,1,3,3,3,2,3,1,1,2,2,1,1,2,2,1,1,1,1,2,2,3,2,1,1,1,1,3,2,3,3,2,2,2,2,2,2,3,3,2,2,2,2,3,3,3,3,3,3,4,3,3,3,4,2,2,3,3,2,3,3,2,2,2,2,2,2,1,2,3,2,2,2,3,3,3,3,3,4,4,1,1,1,1,1,1,1,1,2,2,1,2,1,3,1,1,2,2,1,3,1,3,1,1, , , , , , , , , , ,3,4,3,3,4,4,3,3,4,4,2, ,2, , ,45,2,1.014925373
4998,5,2,2,1, , ,2,2,1, ,1, ,1,60000, , , , ,3,3,4,2,2,3,3,3,2,2,2,3,2,2,2,2,2,2,3,3,2,4,3,2,3,3,3,3,3,2,3,2,1,1,2,1,1,1,1,1,1,0,30,0,1,1,1,1,3,3,4,3,1,1,1,1,1,2,2,3,2,3,1,1,1,1,1,3,4,3,2,3,1,1,2,3,1,1,2,1,1,1,1,1,2,1,2,1,1,1,1,1,2,2,2,3,2,2,2,2,2,3,3,2,3,2,2,2,3,3,4,3,4,3,4,3,4,3,4,2,3,2,3,2,2,3,2,2,3,2,1,1,1,2,2,2,2,1,2,2,2,1,2,2,2,1,1,1,1,1,1,1,1,1,1,1,2,1,3,2,1,2,2,3,2,3,4,3,3, , , , , , , , , , ,1,3,2,3,3,2,3,4,3,4,2,1, , , ,46,2,1.014925373
4999,5,2,2,1, , ,2,2,1, ,1, ,1,72000, , , , ,3,3,3,2,2,2,3,2,2,2,2,2,2,2,2,3,3,2,3,3,2,2,3,2,2,2,2,3,3,2,3,2,2,2,2,2,2,2,2,2,2, , , , , , , , , , , , , , , , , , , , , , , , , , , , , , , , , , , , , , , , , , , , , , , , , , , , , , , , , , , , ,3,3,3,3,3,3,3,3,3,3,3,3,3,3,2,2,2,2,2,2,2,2,2,2,2,2,2,2,2,2,2,2,2,2,2,2,2,2,2,2,2,2,2,2,1,1,1,1,1,1,1,1,1,2,1,3,2,1,2,2,2,2,2,3,2,2,2,2, , , , , , , , , , ,2,3,2,3,2,2,2,2,2,2,2,1, , , ,42,2,1.014925373
5026,5,2,2,1, , ,2,2,1, ,1,50000, ,120000, , , , ,3,3,3,3,3,3,3,3,3,3,3,2,3,3,3,3,3,3,3,3,3,3,3,3,3,3,3,3,3,3,3,3,3,3,3,3,3,3,3,3,1,0,30,0,2,1,1,1,3,3,3,3,1,1,1,1,1,2,2,3,3,3,1,1,1,1,1,3,3,3,2,2,2,1,3,3,1,1,3,3,1,1,1,1,1,1,1,1,1,1,1,1,3,2,2,2,1,1,1,1,1,3,2,2,2,2,2,2,2,2,2,3,3,3,3,2,2,2,2,3,3,3,3,3,3,3,3,2,2,2,2,4,2,3,3,2,2,3,2,3,2,2,2,2,2,1,1,1,1,1,1,1,1,1,1,1,1,1,1,1,1,3,3,3,3,3,3,3,3,1,1,2,3, ,5, ,7, , ,3,2,3,2,3,3,3,3,3,3,4,1, , , ,46,2,1.014925373
5029,5,2,1,1, , ,1,2,1,40000, ,10000, ,90000, , , , ,3,2,4,2,3,3,3,2,2,2,2,2,2,2,2,2,2,2,2,2,2,2,3,2,3,3,3,3,3,3,3,3,3,2,2,2,2,2,2,2,1,0,29,0,2,2,1,1,2,3,2,3,2,2,2,1,1,3,3,3,3,3,3,2,2,2,1,3,3,2,3,3,1,1,3,3,1,1,3,3,2,1,1,1,3,3,3,3,1,1,1,1,3,3,3,3,3,3,3,3,3,3,3,3,3,3,2,2,2,3,2,3,3,3,3,2,2,2,3,3,3,3,3,3,3,2,2,3,3,2,2,2,1,3,2,2,2,2,2,2,2,2,2,2,2, , , , , , , , , , , , , , , , ,2,2,2,2,2,2,1,1, , , , , , , , , , ,3,2,3,2,2,2,2,2,2,2,3,1, , , ,41,2,1.014925373
5032,5,2,1,1, , ,2,2,1,0, ,50000, ,100000, , , , , ,2,3,3,3,3,3,3,3,3,3,3,3,2,2,3,3,3,3,3,3,3,3,3,3,3,3,3,3,3,3,3,2,3,3,3,2,3,3,2,2, , , , , , , , , , , , , , , , , , , , , , , , , , , , , , , , , , , , , , , , , , , , , , , , , , , , , , , , , , , , ,3,3,3,3,3,3,2,2,3,3,3,3,3,3,3,3,3,3,3,2,3,3,3,3,3,3,3,3,3,2,2,1,3,3,3,3,3,3,3,3,3,3,3,3,1,1,1,1,1,1,1,1,3,3,3,3,3,3,1,1,4,3,3,3,3,4,3,3, , , , , , , , , , ,3,3,3,3,3,3,3,3,3,3,1,1, , , ,44,2,1.014925373
5034,5,2,2,1, , ,1,2,1, ,1, ,1,60000, , , , ,3,3,3,3,2,3,3,3,2,2,2,2,3,1,2,4,4,3,3,3,2,4,4,1,3,3,3,4,4,4,4,3,4,3,3,2,4,3,3,2,1,0,30,0,4,4,4,4,4,4,4,4,2,2,1,1,1,4,4,4,4,3,2,1,1,2,1,4,4,4,4,3,1,1,4,4,1,1,4,4,1,1,1,1,4,3,3,4,1,1,1,2,4,3,4,3,3,3,3,3,2,4,3,3,2,3,2,2,2,2,3,3,3,3,3,3,3,2,3,3,2,3,2,3,3,3,2,3,2,2,2,3,2,2,2,2,2,2,2,2,2,2,2,2,2,1,1,1,1,1,1,1,1,3,3,2,2,2,2,2,2,3,4,3,3,3,4,3,3, , , , , , , , , , ,2,2,2,2,2,3,3,3,3,3,3,1, , , ,43,2,1.014925373
5039,5,2,2,1, , ,2,1,1, ,1, ,1, ,1,1,1,1,3,2,3,3,1,2,2,1,3,2,3,2,3,1,2,3,4,4,4,4,4,4,3,4,4,3,3,3,3,3,3,3,2,3,3,4,3,3,2,3,3, , , , , , , , , , , , , , , , , , , , , , , , , , , , , , , , , , , , , , , , , , , , , , , , , , , , , , , , , , , , ,3,3,3,3,3,3,3,2,3,3,3,3,3,3,3,3,3,3,3,3,3,3,3,3,3,3,2,2,3,3,2,1,3,3,3,3,3,3,3,3,3,3,3,3,1,1, , ,1,1, , ,2,2, , ,4,1, , ,3,4,3,3,4,3,3,3, , , , , , , , , , ,3,3,2,3,3,2,2,3,2,3,3,1, , , ,40,2,1.014925373
5041,5,2,1,1, , ,1,1,1, ,1, ,1, ,1,1,1,1,3,3,3,3,2,1,1,3,3,3,3,3,3,1,2,3,3,3,3,3,3,3,3,3,3,3,3,3,3,3,3,3,3,2,3,1,2,2,2,2,1,30,30,30,4,4,3,4,4,4,3,4,4,4,4,3,4,4,4,3,2,2,2,3,3,3,2,4,4,4,4,2,2,2,4,4,3,3,4,4,3,3,2,3,4,4,4,4,3,3,3,3,4,4,4,4,3,3,3,3,3,3,3,3,3,3,3,4,3,4,4,4,4,4,4,4,4,4,4,4,3,3,3,4,4,4,3,3,3,3,3,3,1,3,3,2,3,3,3,2,3,2,2,3,4,1,1,1,1, ,1,1,1,4,2,3,3, ,2,2,1,3,2,3,3,2,3,3,3, , , , , , , , , , ,3,4,3,3,4,4,3,4,4,4,1,1, ,3, ,47,2,1.014925373
5044,5,2,2,1, , ,2,2,1,0, ,0, ,120000, , , , , , ,3,3,3,2,3,3,3,3,3,3,3,2,3,3,3,3,3,3,3,3,3,3,3,3,3,3,3,3,3,3,3,3,3,3,3,3,3,3,1,0,30,0,2,2,1,1,3,3,3,3,1,1,1,1,1,3,3,3,3,2,2,2,1,2,1,3,3,3,3,3,1,1,3,3,2,1,3,3,1,1,1,1,2,2,2,2,1,1,1,1,2,2,2,3,2,2,2,2,2,3,3,3,3,3,3,3,3,3,3,3,3,3,3,3,3,3,3,3,2,3,3,3,3,2,3,3,3,3,3,3,2,2,2,2,2,2,2,2,2,2,2,2,2,1,1,1,1,1,1,1,1,2,2,2,2,2,2,2,2,2,3,3,2,3,4,3,2,1, , ,3, , , , , , ,3,3,3,3,3,3,3,3,3,3,4,1,2, , ,40,2,1.014925373
5046,5,1,1,1, , ,1,1,1, ,1, ,1,160000, ,1,1,1,2,2,2,4,1,1,3,1,3,3,3,3,3,3,2,3,3,3,3,3,3,3,3,2,3,2,3,3,3,3,3,3,3,3,3,3,2,3,2,2,1,30,30,0,4,3,2,2,4,3,2,2,4,4,2,3,2,4,4,1,1,1,3,3,4,4,4,3,3,4,4,2,1,1,1,1,3,2,2,1,3,2,3,3,1,1,1,1,1,1,1,1,1,1,1,1,1,1,1,1,2,3,3,3,3,3,2,3,2,2,2,4,4,4,4,3,2,2,3,2,1,2,2,2,2,2,2,1,1,2,1,1,2,2,2,2,2,2,2,2,2,2,4,4,2,1,1,1,1,1,1,1,1,2,3,2,3,2,2,2,2,3,4,2,2,3,4,3,2, , , , , , , , , , ,3,3,2,3,3,3,3,3,3,3,3, , , ,4,42,2,1.014925373
5049,5,2,2,1, , ,2,2,1,0, ,0, ,30000, , , , , , ,3,1,1,1,3,3,1,1,1,1,1,1,1,3,2,2,3,3,3,3,3,3,2,2,3,2,3,2,2,2,2,1,2,3,3,2,2,3,1,0,30,0,1,1,1,1,2,2,2,2,1,1,1,1,1,2,3,2,2,2,1,1,1,1,1,3,2,1,2,2,1,1,2,2,2,2,3,2,1,1,1,1,2,2,1,2,1,1,1,1,3,2,2,1,1,2,2,2,2,3,3,3,3,3,3,3,3,2,3,3,3,3,3,2,2,2,3,2,2,3,3,2,2,2,2,2,2,3,3,2,2,2,2,2,2,2,2,2,2,2,2,2,2,1,1,1,1,1,1,1,1,2,2,2,2,2,2,2,2,3,3,3,3,3,3,3,3,1, ,2, , , , , , , ,3,3,3,3,3,3,3,3,3,3,4,1,2,3,4,44,2,1.014925373
5052,5,1,2,1, , ,2,2,1, ,1, ,1, ,1, , , ,2,2,3,4,1,3,2,2,3,3,2,2,3,3,3,3,3,3,3,2,2,3,3,3,3,3,3,3,3,3,3,3,3,3,3,2,3,3,3,3,1,0,30,0,1,1,1,2,4,4,4,4,2,2,1,2,1,4,4,4,4,3,2,1,1,1,1,4,4,4,4,3,1,1,4,4,1,1,4,4,1,1,1,1,4,3,3,3,1,1,1,1,3,2,2,2,3,3,3,2,2,3,3,3,2,3,2,2,2,2,3,3,3,3,3,3,3,3,3,3,2,3,2,3,3,3,2,3,3,2,2,3,2,2,2,2,2,2,2,2,3,2,2,2,2,1,1,1,1,1,1,1,1,3,3,2,2,2,2,2,2,3,3,3,3,3,3,3,3, , , , , , , , , , ,2,2,2,2,2,3,3,3,3,3,3,1, , , ,43,2,1.014925373
5053,5,2,2,1, , ,1,2,1,17000, ,28000, ,12000, , , , ,2,2,2,2,3,3,3,3,3,2,2,3,3,2,3,3,2,3,3,3,2,3,3,3,2,3,3,3,3,3,3,2,2,3,2,2,3,3,2,4,1,3,30,1,3,2,2,4,3,1,3,4,2,2,2,2,2,2,2,2,2,2,3,3,3,4,1,3,3,3,4,2,1,3,1,3,2,1,2,2,1,1,1,1,1,1,1,1,1,1,1,2,1,1,1,3,2,1,1,1,3,3,3,2,2,3,1,2,2,3,4,3,3,2,2,2,2,3,2,3,2,3,3,3,3,3,2,1,3,1,3,1,1,2,3,2,2,2,3,2,2,2,2,4,3,1,1,1,1, , , , ,3,2,2,3, , , , ,3,3,3,3,3,4,3,3, , , , , , , , , , ,3,3,3,4,3,3,4,4,3,3,1,1, ,3,4,40,2,1.014925373
5055,5,1,1,1, , ,1,1,1, ,1, ,1, ,1,1,1,1,2,3,3,3,4,4,4,4,3,4,3,3,4,4,4,3,4,4,4,4,3,3,3,3,3,3,4,4,3,3,4,4,3,4,4,4,3,3,4,3,1,10,25,3,3,2,2,3,4,4,3,4,3,2,2,3,3,3,4,3,4,4,4,3,3,2,3,4,2,3,3,2,3,2,4,3,3,3,4,3,3,4,4,4,3,3,4,4,3,2,2,3,2,3,3,3,2,2,2,3,2,3,4,3,3,3,2,2,3,3,3,3,3,2,3,2,3,2,3,3,3,3,3,3,4,4,4,3,3,2,3,2,1,2,2,1,2,2,3,3,3,3,2,3,2,1,1,1,1,1,1,1,1,2,2,3,3,3,2,2,1,3,3,2,2,2,2,3,3, , , , , , , , , , ,3,3,4,4,4,3,3,4,3,3,3, ,2, , ,47,2,1.014925373
5059,5,1,1,1, , ,1,1,1,23000, ,0, ,120000, ,1, ,1,3, ,4,3,1,3,3,1,3,4,3,3,4,2,4,4,4,4,4,4,3,4,4,4,4,4,3,4,4,4,4,4,3,3,4,4,3,4,4,4,1,30,30,30,3,4,3,3,4,4,4,4,1,3,3,1,3,4,4,4,4,3,2,2,2,2,2,4,4,4,4,4,2,2,4,4,3,2,4,2,2,2,1,1,4,3,1,3,2,1,3,3,4,1,4,4,4,1,4,2,4,4,4,4,3,3,2,3,3,3,3,4,4,4,4,4,3,3,4,3,2,3,3,3,3,3,3,3,2,2,4,2,1,3,3,3,3,3,3,3,3,2,3,3,3,1,1,1,1,1,1,1,1,3,4,3,3,3,3,3,3,3,3,3,3,2,3,3,3, , , , , , , , , , ,3,3,3,3,4,3,4,3,2,3,3, , ,3, ,46,2,1.014925373
5060,5,2,1,1, , ,2,2,1,0, ,59900, ,79900, , , , , ,3,3,3,3,2,3,3,3,2,2,2,2,1,1,1,2,1,1,1,1,1,3,3,2,3,3,3,3,3,3,3,3,2,2,2,2,3,3,3,1,0,30,0,1,1,1,1,2,2,2,2,1,1,1,1,1,1,2,2,2,2,1,1,1,1,1,2,2,2,1,3,1,1,3,2,1,1,3,3,1,1,1,1,2,3,3,3,1,1,1,1,2,3,2,2,2,2,2,2,2,3,3,2,2,3,3,3,3,3,3,2,2,2,2,1,1,1,2,3,3,3,3,2,2,2,3,3,3,3,3,3,2,1,1,1,1,1,1,1,1,1,1,1,1, , , , , , , , , , , , , , , , ,1,1,1,1,1,1,1,1, , , , , , , , , , ,1,1,1,1,1,1,1,1,1,1,3,1, , , ,45,2,1.014925373
5062,5,2,2,1, , ,2,2,1,58000, ,23000, ,42000, , ,1, ,4,4,4,3,3,3,3,2,3,3,2,2,2,2,3,3,3,2,3,3,3,3,3,3,3,2,3,3,3,3,3,2,2,2,2,2,2,3,1,1,1,0,30,0,1,1,1,1,3,2,2,2,1,1,1,1,1,3,3,2,2,3,1,1,1,1,1,2,3,3,2,2,1,1,1,1,1,1,2,2,1,1,1,1,3,1,1,1,1,1,1,1,2,2,1,2,3,1,3,2,3,3,3,3,3,3,2,3,3,3,3,3,3,2,3,2,2,2,3,3,2,2,2,3,2,2,2,2,2,2,2,3,1,3,3,2,2,2,3,3,3,3,2,2,3,1,1,1,1,1,1,1,1,2,3,3,3,2,3,2,1,4,4,3,3,3,4,3,3, , , , , , , , , , ,3,3,3,3,3,3,3,3,3,3,3, , ,3, ,43,2,1.014925373
5066,5,1,1,1, , ,1,1,1,23000, ,0, ,32000, ,1, ,1,2, ,2,3,3,3,2,2,3,3,3,3,3,3,3,3,3,3,3,3,3,3,3,3,3,4,4,3,3,3,3,4,4,3,3,2,2,3,2,2,1,7,30,5,1,1,1,1,4,4,4,4,2,2,2,2,2,4,4,4,4,4,2,2,2,2,2,4,4,4,4,4,2,2,4,4,2,2,4,4,2,2,2,2,4,4,4,4,2,2,2,2,4,4,4,4,3,3,3,3,3,3,3,3,3,3,3,2,3,3,3,4,4,4,4,4,4,4,4,3,2,3,3,3,2,2,2,2,2,2,2,2,1,3,3,3,2,3,2,3,2,3,3,3,3,1,1,1,1,1,1,1,1,2,4,2,2,2,4,2,1,3,3,3,3,3,3,3,3, , , , , , , , , , ,3,4,3,3,4,3,3,4,3,3,3, ,2,3, ,44,2,1.014925373
5069,5,1,1,1, , ,1,1,1,30000, ,20000, ,46000, ,1,1, ,2,2,2,3,2,3,3,3,4,4,4,4,4,3,2,3,3,4,4,4,2,4,4,4,4,3,3,4,4,4,4,4,4,4,4,4,4,4,4,4,1,15,30,7,4,2,4,4,4,4,4,4,3,3,1,1,1,3,3,1,1,1,4,4,4,3,3,4,4,4,2,3,1,1,1,1,3,3,3,3,2,2,3,4,2,2,3,4,4,1,2,3,4,1,2,3,1,1,1,1,3,3,3,3,2,4,3,2,2,3,3,4,4,4,4,4,4,4,4,2,2,2,2,4,4,4,2,3,2,2,2,3,2,3,3,3,3,3,3,4,4,4,4,4,4,1,1,1,1,1,1,1,1,2,1,1,1,1,1,2,2,3,2,3,3,3,4,3,3,1,1,2,3, , , , , , ,3,4,3,4,4,4,2,2,2,2,2, ,2, , ,43,2,1.014925373
5071,5,2,1,1, , ,1,2,1,0, ,20000, ,30000, , ,1,1, ,3,3,3,1,1,1,1,3,3,2,3,2,3,3,3,4,3,4,4,4,2,3,2,2,1,2,4,4,4,4,2,1,3,3,2,1,3,2,3,1,0,30,0,1,1,1,1,3,2,4,3,1,1,1,1,1,2,4,2,2,2,1,1,1,1,1,4,4,4,2,1,1,1,1,1,1,1,1,1,1,1,1,1,1,1,1,1,1,1,1,1,1,1,1,1,1,1,1,1,1,2,3,3,3,3,2,2,2,2,3,3,4,4,4,2,2,2,3,3,2,3,3,3,3,2,2,2,2,3,3,2,2,1,1,1,2,1,1,1,1,1,1,1,1,1,1, , , , , ,1,1,1, , , , , ,1,3,3,3,3,3,3,3,3,1, ,2,3, , , , , , ,3,3,3,3,3,4,3,4,3,3,4, ,2, , ,42,2,1.014925373
5074,5,2,2,1, , ,1,1,1,0, ,0, ,80000, , , , , , ,3,3,1,2,3,2,3,3,3,3,3,3,2,4,4,4,4,4,4,4,4,4,4,4,4,4,4,4,4,4,4,4,4,4,4,4,4,4,1,0,30,0,1,1,1,1,4,4,4,2,1,1,1,1,1,4,4,2,2,2,1,1,1,1,1,4,4,4,2,3,1,1,3,2,1,1,4,4,1,1,1,1,2,2,2,2,1,1,1,1,4,2,3,3,1,2,1,1,4,3,3,3,3,3,3,3,4,4,4,4,4,4,4,4,4,4,4,3,3,3,3,3,3,3,2,3,3,3,3,3,2,3,3,2,2,2,3,2,3,3,3,3,3,1,1,1,1,1,1,1, ,2,3,1,3,2,2,3, ,3,3,2,3,3,3,3,3, , , , , , , , , , ,4,4,4,4,4,4,4,4,4,4,2,1,2,3, ,48,2,1.014925373
5075,5,1,2,1, , ,2,1,1,30000, , ,1,50000, ,1, ,1,3,3,3,2,3,1,4,3,2,2,2,2,2,2,2,2,2,2,2,2,2,2,2,2,2,2,2,2,2,2,2,2,2,2,2,2,2,2,2,2,2, , , , , , , , , , , , , , , , , , , , , , , , , , , , , , , , , , , , , , , , , , , , , , , , , , , , , , , , , , , , ,3,3,3,3,3,3,3,3,3,3,3,3,3,3,2,2,2,3,2,2,2,2,2,2,2,2,2,2,2,2,2,2,1,1,1,1,1,1,1,1,1,1,1,1, ,1, , , , , , , ,1, , , , , , ,2,2,2,2,2,2,2,2,1, ,2, , , , , , , ,3,3,3,3,3,3,3,3,3,3,4,1, , , ,49,2,1.014925373
5078,5,2,1,1, , ,2,2,1, ,1, ,1, ,1, , , ,2,2,3,2,2,3,2,2,2,3,2,3,3,3,2,2,2,2,3,3,3,2,2,1,1,1,3,3,3,3,4,2,2,3,3,2,2,3,2,2,1,7,30,0,1,3,2,2,4,3,2,1,1,1,2,1,2,1,4,1,1,1,1,2,1,3,1,2,3,4,1,1,2,1,1,2,1,1,3,1,2,2,1,1,2,2,1,1,1,1,1,1,1,1,1,1,1,2,2,1,3,2,3,2,2,2,2,3,3,2,1,3,3,3,3,2,2,2,3,2,3,2,3,2,2,2,3,2,2,3,3,2,2,1,2,2,2,2,2,1,1,1,1,2,2, ,1, , , , , , , ,1, , , , , , ,3,3,3,3,3,3,3,3,1, ,2,3,4, , , , , ,4,4,3,4,4,4,3,4,4,4,2,1,2, , ,49,2,1.014925373
5080,5,2,1,1, , ,2,1,1, ,1, ,1,60000, , , , ,3,3,3,2,2,3,3,2,2,3,3,2,3,2,2,3,3,3,3,3,2,3,3,2,2,3,2,2,3,3,3,2,3,2,2,2,2,3,3,2,1,10,30,0,2,2,2,2,4,2,3,2,2,2,2,2,2,2,4,2,2,1,2,2,2,2,2,4,2,2,2,2,2,2,3,2,2,2,3,3,2,2,2,2,2,2,2,3,2,2,2,2,2,2,2,2,2,1,1,1,3,3,3,2,2,2,3,3,2,3,3,3,3,3,2,2,2,2,3,2,2,2,2,2,3,3,3,2,2,2,3,3,2,2,2,2,1,1,1,2,2,2,2,2,2,1,1, , , , , , ,1,1, , , , , , ,3,3,3,3,3,3,3,3,1, ,2, ,4,5, , , , ,3,2,3,3,3,3,3,3,3,3,2, ,2, , ,40,2,1.014925373
5082,5,2,2,1, , ,2,2,1,0, ,0, ,80000, , , , , , ,3,3,3,3,3,3,3,3,2,4,3,4,3,3,3,3,3,4,3,4,3,3,3,4,4,4,4,3,4,3,3,4,4,3,3,4,4,4,1,0,30,0,1,1,1,1,3,2,2,2,1,1,1,1,1,3,3,3,2,2,1,1,1,1,1,3,3,3,3,4,1,1,3,3,1,1,3,4,1,1,1,1,3,2,2,2,1,1,1,1,2,2,2,2,2,2,2,2,2,3,3,3,4,3,3,4,4,4,4,3,3,4,4,3,3,4,4,3,3,3,3,3,3,3,3,3,3,3,3,1,1,3,2,2,2,2,2,2,2,2,2,2,2,1,1,1,1,1,1,1,1,2,2,2,2,2,2,2,2,3,4,3,4,4,4,4,4,1,1,2, , , , , , , ,3,3,3,3,2,3,3,2,3,3,2,1, , , ,40,2,1.014925373
5083,5,2,2,1, , ,1,1,1, ,1, ,1,45000, , , , ,3,3,3,3,3,3,2,2,3,4,4,4,3,4,4,4,4,4,3,3,4,4,4,4,4,4,3,3,4,4,4,4,4,4,3,3,4,3,4,4,1,0,30,0,1,1,1,1,4,4,4,4,1,1,1,1,1,4,4,4,3,4,1,1,1,1,1,4,4,4,3,4,1,1,1,1,1,1,1,1,1,1,1,1,1,1,1,1,1,1,1,1,2,2,3,3,1,1,2,1,3,3,3,3,4,3,3,3,4,3,3,3,3,3,3,3,2,2,3,3,3,3,3,3,4,3,3,3,4,3,4,3,1,2,2,2,2,2,3,2,2,3,2,2,2, ,1, , , , , ,1, ,3, , , , , ,4,3,3,3,3,3,3,3,4, , , , , , , , , , ,3,3,3,3,3,3,3,3,3,3,3, ,2, , ,42,2,1.014925373
5084,5,2,1,1, , ,1,2,1,0, , ,1,47000, , , ,1, ,3,3,3,3,3,2,1,4,4,4,2,4,4,4,4,4,3,4,3,3,3,4,4,3,3,4,4,3,4,4,4,3,4,4,3,4,4,3,3,1,10,30,20,2,2,2,2,4,4,4,4,2,2,3,2,2,4,4,4,4,2,2,2,2,2,1,4,4,3,2,2,1,1,2,2,3,2,3,2,2,2,2,2,2,2,1,2,2,2,3,4,4,4,4,4,2,1,3,1,4,3,3,3,4,4,4,4,3,3,3,4,4,4,4,3,2,3,3,4,4,4,3,3,3,4,4,3,3,3,3,4,1,2,2,2,2,3,3,3,3,2,2,2,2, ,1, , , , ,1,1, ,4, , , , ,3,3,3,3,3,3,3,3,3,3, , , , , , , , , , ,3,3,3,4,4,4,3,3,4,3,2, , ,3, ,40,2,1.014925373
5088,5,1,2,1, , ,2,2,1,50000, ,30000, ,20000, , ,1, ,3,3,3,3,3,3,3,3,2,2,2,3,3,3,2,4,4,4,4,4,3,3,3,3,3,3,3,3,3,3,3,3,3,3,3,3,2,3,3,3,1,0,30,0,3,2,3,2,4,1,4,1,2,1,2,1,1,4,4,2,2,4,2,2,1,1,1,4,4,4,4,2,1,2,4,4,1,1,4,4,1,1,1,1,1,1,1,3,1,1,1,1,3,2,1,4,1,1,1,1,1,2,2,2,2,2,3,3,3,3,3,3,3,3,3,3,3,3,3,2,2,3,3,3,3,3,3,3,3,3,3,3,2,3,3,3,3,3,3,3,3,3,3,3,3,1,1,1,1,1,1,1,1,1,1,1,1,1,1,1,1,3,4,3,3,3,4,3,3,1, ,2,3, , , , , , ,2,2,2,2,2,2,2,2,2,2,4,1, , ,4,41,2,1.014925373
5097,5,2,1,1, , ,2,2,1,25000, ,0, ,80000, , , , ,3, ,4,2,2,2,4,4,2,2,2,2,3,1,2,4,4,3,4,3,2,1,4,1,1,2,1,4,4,3,1,2,1,2,1,1,1,2,1,1,2, , , , , , , , , , , , , , , , , , , , , , , , , , , , , , , , , , , , , , , , , , , , , , , , , , , , , , , , , , , , ,3,4,2,3,3,2,2,4,3,1,3,3,3,2,2,2,3,2,3,2,3,3,3,2,2,3,3,2,2,2,2,2,3,3,2,3,3,2,2,1,2,2,3,3, , , , , , , , , , , , , , , , ,3,3,3,3,3,2,2,2, , , , , , , , , , ,3,3,2,2,3,3,3,2,3,3,2, , ,3,4,46,2,1.014925373
5098,5,2,2,1, , ,2,2,1,0, ,0, ,67000, , , , , , ,4,2,2,2,2,1,2,2,2,1,2,2,2,4,4,3,4,4,3,1,3,2,1,2,1,2,4,1,1,4,4,3,4,4,3,2,3,3,2, , , , , , , , , , , , , , , , , , , , , , , , , , , , , , , , , , , , , , , , , , , , , , , , , , , , , , , , , , , , ,4,4,4,4,3,3,3,4,4,3,3,3,3,4,2,2,2,4,3,3,3,4,3,2,2,2,3,3,2,3,3,2,3,3,3,2,1,1,1,1,1,1,1,1, , , , , , , , , , , , , , , , ,4,4,3,2,2,3,2,2, , , , , , , , , , ,3,3,2,2,2,3,3,3,3,3,2,1,2, , ,46,2,1
5099,5,2,1,1, , ,2,2,1, ,1, ,1, ,1, , , ,2,3,3,3,3,3,3,3,3,3,3,2,3,3,2,2,2,3,2,2,2,2,2,2,2,2,2,3,4,2,2,3,3,2,3,2,2,3,2,2,1,0,30,0,2,1,1,1,4,3,2,2,2,2,1,1,1,2,3,3,3,2,2,2,2,1,1,4,3,2,2,2,1,1,2,2,1,1,3,3,1,1,1,1,2,2,2,2,1,1,1,1,3,2,3,3,2,2,2,2,2,3,3,4,3,4,3,3,3,4,3,2,3,3,2,3,3,2,3,2,2,3,3,3,2,3,2,2,2,2,3,3,2,2,2,2,3,3,3,2,2,3,3,3,3,1,1,1,1,1,1,1,1,2,2,2,2,2,2,2,2,3,3,3,3,3,4,4,4,1, ,2,3, , , , , , ,2,2,2,2,3,2,3,3,2,2,3,1,2, , ,49,2,1.014925373
5102,5,2,2,1, , ,2,2,1, ,1, ,1, ,1, , , ,3,3,3,4,4,4,4,4,2,2,2,3,3,2,2,4,4,4,4,3,2,1,3,1,1,1,1,3,3,1,1,2,1,2,3,2,2,4,2,3,2, , , , , , , , , , , , , , , , , , , , , , , , , , , , , , , , , , , , , , , , , , , , , , , , , , , , , , , , , , , , ,3,3,3,3,2,2,2,2,2,3,3,3,3,4,2,2,3,3,3,3,3,3,2,2,1,1,2,3,3,3,2,1,2,4,4,3,2,2,2,2,2,3,3,3,1,1,1,1,1,1,1,1,2,2,2,1,1,1,1,1,3,3,4,3,3,4,4,3,1, , ,3,4, , , , , ,3,3,3,4,4,4,3,3,4,4,3,1, , , ,48,2,1.014925373
5103,5,2,2,1, , ,2,2,1,60000, ,50000, ,100000, , , , ,4,4,4,2,2,2,3,3,2,2,1,1,2,1,1,1,3,2,3,2,2,3,2,1,1,2,2,3,3,3,2,3,2,2,3,2,3,2,3,2,3, , , , , , , , , , , , , , , , , , , , , , , , , , , , , , , , , , , , , , , , , , , , , , , , , , , , , , , , , , , , ,3,2,3,2,2,3,2,2,2,2,1,2,2,2,2,2,2,3,2,2,1,1,1,2,2,2,2,2,1,2,2,2,1,1,2,2,2,1,2,3,2,2,1,2,1,1,1,1,1,1,1,1,1,1,2,2,1,2,3,2,3,3,4,3,3,4,3,3, , , , , , , , , , ,1,2,1,2,2,2,1,2,1,2,4, ,2, , ,43,2,1.014925373
5104,5,1,2,1, , ,1,1,1, ,1, ,1, ,1,1,1,1,3,3,3,4,3,3,3,2,2,3,3,3,2,3,2,4,4,4,4,4,4,4,3,3,3,3,3,3,3,3,3,4,4,4,4,4,4,4,4,4,1,30,30,30,4,4,4,4,4,4,4,4,4,4,2,2,2,4,4,4,2,2,2,4,4,4,2,4,4,4,4,4,4,4,4,4,3,3,3,4,4,2,4,4,4,1,4,4,3,3,4,4,3,3,4,4,3,3,3,3,3,4,4,4,4,4,4,4,4,3,3,4,4,4,4,4,4,4,4,3,3,3,3,3,3,3,3,4,4,4,4,4,1,2,3,3,3,3,3,3,3,3,3,3,3,1,1,1,1,1,1,1,1,4,4,4,4,4,3,2,4,4,4,4,4,4,3,3,4, , , , , , , , , , ,3,4,3,3,3,3,3,3,4,4,1,1, , ,4,47,2,1.014925373
5105,5,1,1,1, , ,1,2,1, ,1, ,1, ,1, , , ,3,3,3,3,3,2,3,3,3,3,3,2,1,1,2,3,3,2,1,2,1,1,3,3,2,3,3,2,3,3,3,3,1,2,3,2,1,3,2,2,1,20,23,0,2,2,1,1,3,2,3,1,1,1,1,1,1,4,4,2,2,1,1,1,1,1,1,3,2,2,2,2,1,2,3,3,2,3,4,4,2,1,2,1,2,1,1,1,1,1,1,1,2,1,3,3,3,3,2,1,3,2,2,3,3,2,2,2,3,3,3,3,3,3,4,3,3,2,4,3,2,2,2,4,2,2,2,3,3,3,2,2,1,3,3,2,2,2,3,3,4,2,2,1,3,1,1,1,1,1,1,1,1,2,2,3,2,2,1,2,1,3,3,2,2,2,3,3,3, , , , , , , , , , ,3,3,3,2,4,4,3,3,4,4,2, ,2, , ,49,2,1.014925373
5108,5,1,1,1, , ,2,1,1,28000, ,19000, ,130000, , , , ,3,3,3,2,1,1,4,3,3,2,2,4,4,2,3,4,3,3,4,2,2,3,3,2,2,3,2,4,4,3,4,3,2,2,3,2,2,2,3,2,1,20,30,0,3,4,2,1,3,1,1,1,4,4,2,3,2,4,4,3,4,1,3,4,4,3,2,3,1,4,2,2,3,3,4,4,2,2,3,3,3,1,1,1,3,1,3,2,2,3,3,4,1,2,2,3,2,2,2,3,2,3,3,4,3,3,2,2,4,4,4,4,4,4,4,3,2,2,3,3,3,3,3,2,3,2,2,3,2,3,3,3,1,3,3,2,3,3,3,3,2,3,3,3,3, , , , , ,1, , , , , , , ,1, , ,3,4,1,2,3,3,3,3,1, , ,3, , ,6, , , ,3,3,3,2,3,3,3,4,3,3,3, ,2, , ,49,2,1.014925373
5109,5,2,2,1, , ,2,2,1, ,1, ,1,60000, ,1,1,1,3,3,3,3,4,4,4,2,1,1,1,1,2,1,2,4,1,2,4,1,1,1,3,1,2,2,2,4,4,1,1,2,2,2,3,1,1,4,2,3,2, , , , , , , , , , , , , , , , , , , , , , , , , , , , , , , , , , , , , , , , , , , , , , , , , , , , , , , , , , , , ,3,3,3,3,3,3,3,4,4,4,4,4,4,4,2,2,2,3,1,1,2,3,3,3,3,3,3,3,3,3,3,1,2,2,2,2,2,3,3,3,3,3,3,2, , , , , ,1, , , , , , , ,2, , ,3,4,3,2,4,3,4,3,1, ,2,3, , , , , , ,3,3,3,2,3,2,4,4,3,3,3,1, , , ,44,2,1.014925373
5111,5,1,2,1, , ,2,2,1,0, , ,1,46000, , , , , ,4,4,2,2,2,2,2,3,3,2,3,3,2,3,4,4,4,4,4,4,3,2,2,2,1,2,2,3,2,3,3,3,3,3,3,3,3,3,3,2, , , , , , , , , , , , , , , , , , , , , , , , , , , , , , , , , , , , , , , , , , , , , , , , , , , , , , , , , , , , ,3,3,3,3,3,1,1,1,3,3,3,3,3,3,3,3,2,1,2,2,2,3,3,3,3,2,3,1,2,3,1,2,2,2,2,3,3,2,3,3,3,2,2,3, , , , , , , , , , , , , , , , ,3,2,1,2,2,3,2,3, , , , , , , , , , ,3,3,3,3,2,3,3,2,3,2,4,1, ,3, ,43,2,1.014925373
5115,5,1,2,1, , ,2,2,1,35000, , ,1, ,1, , , ,3,1,1,2,3,3,3,1,2,2,1,1,2,1,1,1,2,1,2,1,1,2,3,2,1,2,2,3,2,3,1,3,2,3,3,2,2,3,2,1,2, , , , , , , , , , , , , , , , , , , , , , , , , , , , , , , , , , , , , , , , , , , , , , , , , , , , , , , , , , , , ,3,3,4,2,3,2,3,3,3,3,3,4,4,4,2,2,1,3,3,2,3,2,3,3,3,1,3,3,2,3,3,1,3,3,2,3,2,2,3,2,2,2,3,2,1,1,1,1,1,1,1,1,3,2,1,2,3,3,1,1,3,1,1,1,1,2,1,1, , , , , , , , , , ,3,2,3,2,2,3,3,2,2,3,2, ,2, , ,49,2,1.014925373
5118,5,2,1,1, , ,2,1,1,35000, , ,1,55000, ,1,1,1,3,3,3,3,2,2,3,2,3,3,3,3,2,2,4,4,4,4,4,4,4,4,4,4,4,4,4,4,4,4,4,4,4,4,4,4,3,3,3,3,1,30,30,0,3,4,2,2,2,3,4,4,3,3,4,3,4,4,4,1,2,2,2,3,3,4,4,4,4,4,4,4,3,4,3,3,3,2,4,4,2,3,2,3,2,2,2,3,3,3,3,3,3,3,3,3,2,2,4,2,4,3,3,3,3,4,3,3,3,3,3,3,3,3,3,3,3,3,4,2,2,3,3,4,3,2,2,3,3,3,3,2,1,3,3,4,3,3,3,3,2,3,3,2,2,1,1,1,1,1,1,1,1,1,4,1,3,1,1,1,1,3,4,1,2,3,4,2,2, , , , , , , , , , ,3,3,2,2,3,3,2,2,3,3,3, ,2, , ,45,2,1.014925373
5119,5,2,2,1, , ,2,2,1, ,1, ,1,11000, , , , ,2,2,4,3,3,4,4,4,3,3,3,4,4,3,1,4,3,3,3,3,1,1,3,1,1,1,2,4,4,4,1,3,3,2,3,3,3,2,4,1,2, , , , , , , , , , , , , , , , , , , , , , , , , , , , , , , , , , , , , , , , , , , , , , , , , , , , , , , , , , , , ,3,3,3,3,2,2,2,4,4,3,3,3,3,4,2,2,2,3,3,3,3,3,2,2,3,1,3,3,3,4,4,2,3,3,3,3,3,2,2,3,2,2,1,1, , , , , , , , , , , , , , , , ,3,3,3,3,1,4,4,1, , , , , , , , , , ,3,3,2,2,2,3,3,4,2,4,3, ,2, , ,41,2,0.818181818
5121,5,1,2,1, , ,2,2,1,0, ,0, ,55000, , , , , , ,4,1,3,3,3,3,1,1,1,2,1,1,1,3,4,4,4,3,3,1,4,1,1,1,1,2,3,1,1,2,1,1,1,1,1,1,1,1,3, , , , , , , , , , , , , , , , , , , , , , , , , , , , , , , , , , , , , , , , , , , , , , , , , , , , , , , , , , , , ,3,3,3,3,2,2,3,3,3,3,3,4,4,3,2,2,2,3,2,2,1,2,2,3,3,2,3,2,2,3,2,1,3,3,2,2,2,3,3,3,3,2,2,2, , , , , , , , , , , , , , , , ,3,3,3,3,3,4,4,3, , , , , , , , , , ,3,4,3,3,3,2,3,2,4,4,4, , ,3, ,44,2,0.818181818
5125,5,2,2,1, , ,2,2,1, ,1, ,1,70000, , , , ,4,4,3,2,1,3,3,2,3,3,3,2,2,1,3,4,3,3,3,3,4,4,4,4,3,3,3,2,3,3,3,4,3,3,2,2,3,3,3,2,2, , , , , , , , , , , , , , , , , , , , , , , , , , , , , , , , , , , , , , , , , , , , , , , , , , , , , , , , , , , , ,3,3,2,2,3,3,4,3,2,3,3,3,3,3,4,4,4,3,3,2,3,3,3,2,1,1,3,3,3,2,1,2,3,3,3,2,2,3,3,3,2,3,3,3, , , , , , , , , , , , , , , , ,3,3,2,3,4,4,4,3, , , , , , , , , , ,3,3,2,3,3,3,3,2,4,3,2, ,2, , ,43,2,1.014925373
5131,5,1,2,1, , ,2,2,1, ,1, ,1, ,1, , , ,3,3,3,2,3,3,4,3,2,2,2,1,2,2,1,3,3,2,3,3,3,3,3,2,2,2,2,3,3,2,3,2,3,4,3,2,2,3,2,2,1,0,30,0,1,2,1,1,2,1,3,1,1,1,1,1,1,1,2,1,1,2,1,1,1,1,1,3,2,2,1,1,1,1,1,2,1,1,2,1,1,1,1,2,1,1,1,3,1,1,1,1,1,1,1,2,1,1,2,1,1,3,3,2,2,2,2,2,2,3,3,3,3,3,3,2,2,2,1,2,2,1,2,3,2,2,2,2,2,3,2,2,2,1,3,2,2,2,3,2,2,2,3,3,3, ,1, , , , , , , ,3, , , , , , ,3,3,3,3,3,3,3,3, , , , , , , , , , ,3,3,3,3,4,4,3,3,2,3,3,1, , , ,44,2,1.014925373
5133,5,2,1,1, , ,2,2,1,30000, , ,1,110000, , , , ,3,3,4,2,3,1,1,1,2,1,2,2,2,2,1,3,3,2,4,3,2,3,3,2,1,1,2,3,4,4,4,2,1,3,2,3,2,2,2,2,3, , , , , , , , , , , , , , , , , , , , , , , , , , , , , , , , , , , , , , , , , , , , , , , , , , , , , , , , , , , , ,3,1,3,3,3,1,1,2,2,3,3,2,2,4,3,1,2,4,3,2,3,3,3,3,2,2,2,1,2,2,2,2,2,2,1,1,2,2,2,1,1,3,3,2,1,1,1,1,1,1,1,1,1,3,3,1,1,3,1,1,2,3,3,1,1,4,1,1, , , , , , , , , , ,3,2,3,3,2,3,2,3,4,2,4, ,2, , ,48,2,1.014925373
5135,5,1,1,1, , ,1,2,1,60000, ,20000, ,50000, ,1,1,1,1,3,2,4,3,3,4,4,3,2,2,3,4,2,3,2,3,4,2,3,2,3,2,3,2,3,4,3,3,3,3,2,3,2,1,3,2,3,2,3,1,10,30,0,4,2,2,4,4,2,1,2,2,4,3,2,1,2,4,3,2,1,2,4,2,4,3,3,4,2,4,1,3,4,2,2,4,3,2,2,3,4,4,1,1,1,2,1,4,2,2,3,3,2,1,3,2,4,2,3,3,4,3,3,4,4,3,3,3,3,3,3,2,4,3,2,4,3,2,2,4,3,2,3,1,3,2,2,4,3,2,3,2,3,2,3,2,4,3,3,2,3,2,3,3, , , , , , , , , , , , , , , , ,3,2,4,2,3,2,3,2, , , , , , , , , , ,4,2,3,3,4,3,3,3,3,3,1,1, , , ,48,2,1.014925373
5138,5,1,2,1, , ,1,2,1, ,1, ,1,55000, , , , ,3,3,3,2,2,3,3,3,3,2,3,2,3,3,3,3,2,3,2,3,3,3,3,2,2,2,2,2,4,2,2,4,2,2,2,2,2,2,2,2,1,0,25,0,2,2,1,1,3,4,1,4,1,1,1,1,1,2,3,2,4,1,1,2,1,1,1,4,2,2,2,2,1,1,1,1,1,1,1,1,1,1,1,1,1,1,1,1,1,1,1,1,1,1,1,1,1,1,1,1,1,3,3,3,2,3,2,2,2,3,3,3,3,3,3,2,2,2,2,3,3,3,3,3,3,3,3,3,3,3,3,3,2,3,3,3,3,3,3,3,3,3,3,3,3,1,1,1,1,1,1,1,1,2,2,1,1,1,1,1,1,4,4,3,3,3,4,3,3,1,1,2,3, , , , , , ,3,3,3,2,2,3,2,3,2,3,3,1, , , ,47,2,1.014925373
5139,5,2,1,1, , ,1,1,1,60000, ,20000, ,100000, ,1, , ,3,3,3,2,3,3,3,3,2,2,3,3,3,3,2,3,3,3,3,3,3,3,3,3,3,3,3,3,3,3,3,3,3,3,3,3,3,3,3,3,1,30,0,0,3,4,4,4,2,1,1,1,4,3,3,4,4,2,2,1,1,1,4,4,4,4,4,2,2,1,1,1,3,3,1,1,3,2,1,1,3,4,4,3,2,1,1,1,3,3,3,3,1,1,1,1,3,2,2,3,2,3,3,3,3,3,3,3,3,3,3,4,4,4,4,2,2,2,3,3,3,3,3,3,3,3,3,3,3,3,3,3,1,2,2,2,2,2,2,2,2,2,2,2,2,1,1,1,1,1,1,1,1,2,4,2,4,3,3,4,2,4,4,3,3,3,4,3,3, , , , , , , , , , ,3,3,2,2,3,2,2,3,4,4,3, , ,3, ,47,2,1.014925373
5141,5,1,2,1, , ,2,2,1, ,1, ,1, ,1, , , ,3,3,3,3,3,2,3,2,2,1,1,1,2,1,2,3,2,1,3,2,1,1,1,1,2,1,1,1,3,2,1,2,2,1,2,1,2,1,1,2,1,0,5,0,2,1,1,1,2,1,1,1,1,2,1,1,1,1,2,1,1,1,3,2,2,1,1,4,2,2,1,1,1,1,1,1,2,2,2,2,2,2,1,1,2,2,1,1,2,2,1,1,2,2,1,1,2,1,1,1,1,3,3,2,3,2,2,1,1,3,3,3,2,3,3,2,2,1,3,3,3,4,4,4,2,3,3,3,3,4,2,1,2,2,2,1,1,2,1,1,2,1,2,1,1, , , , , , , , , , , , , , , , ,1,2,1,2,1,2,1,1, , , , , , , , , , ,2,1,2,1,2,2,1,1,1,1,3,1, , , ,40,2,1.014925373
5151,5,1,1,1, , ,1,1,1,28000, , ,1,65000, ,1,1,1,3,1,3,4,2,2,1,1,4,3,4,4,3,3,3,3,4,3,4,3,4,3,3,4,3,3,4,3,4,3,3,3,4,3,3,4,3,3,3,3,1,30,30,30,4,3,3,3,4,2,2,3,3,2,3,3,2,3,4,2,3,2,4,2,4,2,2,4,3,4,3,3,2,2,3,3,3,3,3,3,3,3,3,3,3,3,3,3,3,3,3,3,4,3,2,3,2,2,2,2,3,3,4,3,4,3,3,3,4,3,3,3,4,3,3,3,4,3,3,3,4,3,3,4,3,3,3,3,3,4,3,3,1,3,2,3,3,2,3,2,3,3,2,3,3,1,1,1,1,1,1,1,1,3,3,2,3,1,3,2,1,3,3,3,3,1,3,2,1, , , , , , , , , , ,3,2,3,3,2,3,2,2,3,3,2,1,2, , ,68,2,1.021978022
5152,5,1,1,1, , ,1,1,1, ,1, ,1, ,1, , , ,3,4,3,3,3,3,2,1,2,2,2,1,1,1,1,1,1,1,4,3,3,2,4,3,2,2,2,3,4,2,4,2,2,2,3,3,2,3,4,3,1,0,30,0,1,1,1,1,4,1,1,2,1,1,1,1,1,1,1,1,1,1,1,1,1,1,1,4,3,4,2,4,1,1,2,2,1,1,4,4,1,1,1,1,4,2,2,2,1,1,1,1,2,2,3,2,1,1,1,1,1,3,3,4,4,3,3,4,4,4,4,4,4,4,4,4,3,4,4,4,3,3,4,4,4,4,4,3,4,4,4,2,2,3,3,2,3,3,3,3,3,3,3,3,3,1,1,1,1,1,1,1,1,2,2,1,1,1,1,1,1,3,3,1,1,3,3,2,2,1, ,2, , , , , , , ,3,3,3,3,4,4,3,3,4,4,2,1,2, , ,57,2,1.021978022
5153,5,2,2,1, , ,2,2,1, ,1,0, ,131880, , , ,1,3, ,3,3,3,2,3,3,3,3,2,2,2,1,1,2,2,2,3,3,3,1,3,3,3,2,2,2,3,3,3,3,2,2,2,1,1,3,2,1,1,0,30,0,1,1,1,1,3,3,1,1,1,1,1,1,1,1,3,1,1,1,1,1,1,1,1,3,1,3,1,1,1,1,1,1,1,1,1,1,1,1,1,1,1,1,1,1,1,1,1,1,1,1,1,1,1,1,1,1,1,1,1,1,1,1,1,1,1,1,1,3,3,4,4,3,3,2,3,3,3,3,3,3,3,2,3,3,3,2,3,2,2,1,1,1,1,1,1,1,1,1,1,1,1, , , , , , , , , , , , , , , , ,1,1,1,1,1,1,1,1, , , , , , , , , , ,4,3,3,4,4,3,3,4,3,3,3,1,2,3,4,79,2,1.021978022
5272,5,2,1,2,2, ,2,2,1,5000, ,5000, ,16000, , , , ,1,1,3,2,4,2,3,2,3,2,2,2,2,2,2,2,2,2,3,3,2,3,3,2,2,2,2,2,2,2,2,2,2,2,2,2,2,2,2,2,3, , , , , , , , , , , , , , , , , , , , , , , , , , , , , , , , , , , , , , , , , , , , , , , , , , , , , , , , , , , , ,3,3,3,3,3,3,2,3,3,3,3,3,3,3,1,1,1,1,3,3,3,3,4,4,3,3,3,3,3,3,3,2,2,2,2,2,2,2,2,2,2,2,2,2, , , , , , , , , , , , , , , , ,1,3,2,2,2,2,2,2, , , , , , , , , , ,2,2,2,2,2,2,2,2,3,3,4,1, , , ,70,2,1.021978022
5273,5,2,2,1, , ,1,2,1,35000, ,10000, ,15000, , , , ,3,2,2,3,2,2,3,3,2,2,2,2,4,2,2,3,3,3,3,3,3,3,2,4,3,3,3,3,3,3,3,3,3,4,4,4,3,3,3,3,3, , , , , , , , , , , , , , , , , , , , , , , , , , , , , , , , , , , , , , , , , , , , , , , , , , , , , , , , , , , , ,3,3,3,4,3,2,3,3,3,3,3,3,3,3,3,3,2,3,2,2,1,2,3,2,3,3,2,3,3,2,2,2,2,2,2,1,2,1,2,1,2,2,1,1, , , , , , , , , , , , , , , , ,3,2,1,3,2,2,2,2, , , , , , , , , , ,2,3,3,3,3,2,2,2,2,2,4, ,2, , ,66,2,1.021978022
5276,5,1,2,1, , ,2,2,1, ,1, ,1,25000, ,1,1,1,2,2,3,1,1,1,1,1,2,2,1,4,4,4,3,4,4,4,4,3,3,3,2,2,1,1,3,4,4,1,1,3,1,1,1,1,1,1,1,1,1,0,30,0,1,1,1,1,1,4,1,1,1,1,1,1,1,3,3,3,3,3,1,1,1,1,1,1,1,1,1,1,1,1,1,1,1,1,3,2,1,1,1,1,2,2,2,2,1,1,1,1,1,1,1,1,1,1,1,1,1,4,4,4,4,4,4,4,1,4,4,1,1,1,1,1,1,1,1,1,1,1,1,4,1,1,1,4,4,4,4,4,2,1,1,1,1,1,1,1,1,1,1,1,1, , , , , , , , , , , , , , , , ,1,1,1,1,1,1,1,1, , , , , , , , , , ,1,1,1,1,1,1,1,1,1,1,4,1, , , ,85,2,1.021978022
5279,5,1,2,2, ,3,2,2,1,0, ,0, , ,1, , , , , ,1,2,3,4,3,4,1,2,1,2,1,1,2,1,1,1,1,1,1,1,2,1,2,1,1,1,2,1,2,1,2,1,1,1,2,2,2,1,3, , , , , , , , , , , , , , , , , , , , , , , , , , , , , , , , , , , , , , , , , , , , , , , , , , , , , , , , , , , , ,1,1,1,2,2,1,2,2,2,2,1,2,1,1,1,1,2,2,1,1,1,1,2,2,2,2,1,1,2,2,2,2,1,1,1,2,2,2,2,2,2,2,2,2, , , , , , , , , , , , , , , , ,1,1,1,1,1,1,1,1, , , , , , , , , , ,1,1,2,1,1,2,1,1,1,1,1,1, , , ,82,2,1.021978022
5281,5,2,1,2,2, ,2,2,1, ,1, ,1, ,1, , , ,1,1,2,2,2,2,2,2,2,2,2,2,2,2,2,2,2,2,2,2,2,2,2,2,2,2,2,2,2,2,2,2,2,2,2,2,2,2,2,2,3, , , , , , , , , , , , , , , , , , , , , , , , , , , , , , , , , , , , , , , , , , , , , , , , , , , , , , , , , , , , ,3,3,3,3,3,3,3,3,3,3,2,2,2,2,2,2,2,2,3,3,3,3,3,3,3,3,3,3,3,3,3,2,3,3,3,3,3,3,3,3,3,3,3,3, , , , , , , , , , , , , , , , ,2,2,2,2,2,2,2,2, , , , , , , , , , ,2,2,2,2,2,2,2,2,2,2,4,1, , , ,63,2,1.021978022
5283,5,1,2,1, , ,1,1,1,0, ,40000, ,30000, , ,1,1, ,3,3,1,3,1,1,1,3,2,3,3,3,2,2,3,3,3,3,3,2,3,3,2,2,3,3,3,3,3,3,3,2,2,3,2,2,2,2,2,1,0,30,0,1,1,1,1,4,3,4,4,1,1,1,1,1,3,2,2,3,3,1,1,1,1,1,4,4,4,4,4,1,1,3,3,1,1,3,4,1,1,1,1,2,1,3,2,1,1,1,1,1,1,1,1,1,1,1,1,1,3,4,4,4,4,3,3,2,3,3,2,3,3,3,3,3,3,4,4,2,3,3,4,3,3,2,4,2,3,2,2,2,1,3,1,1,3,2,2,2,2,3,3,3, , , , , , , , , , , , , , , , ,1,1,1,1,1,1,1,1, , , , , , , , , , ,3,3,3,3,3,3,3,3,3,3,3,1, , , ,63,2,1.021978022
5285,5,1,1,1, , ,2,2,1, ,1, ,1, ,1, , , ,4,4,4,3,2,2,4,2,1,1,1,1,1,1,2,3,2,1,4,4,3,3,3,1,1,4,3,3,3,3,4,3,2,3,3,2,3,3,2,2,1,10,30,3,2,3,3,2,3,3,3,3,3,3,3,3,1,2,4,3,2,1,2,3,3,2,2,4,3,3,2,2,3,3,2,2,2,2,2,2,3,1,1,1,2,1,1,1,2,2,1,1,2,2,1,1,1,1,1,1,1,1,1,2,2,3,2,3,3,3,3,3,3,3,3,2,2,2,2,3,1,1,3,3,2,1,2,3,1,2,2,1,1,3,2,2,2,2,2,2,2,2,4,4,4,1,1,1,1,1,1,1,1,1,1,3,3,1,1,1,1,2,2,3,3,2,2,2,2, , , , , , , , , , ,3,4,3,4,3,4,3,4,3,3,4, , , ,4,50,2,1.021978022
5287,5,2,1,1, , ,2,2,1,0, ,0, ,80000, , , , , , ,3,3,1,3,4,1,3,3,3,3,2,2,3,3,3,3,3,3,3,3,3,3,3,3,3,3,3,3,3,3,3,3,3,3,3,3,3,3,1,0,30,0,1,1,1,1,3,3,2,3,1,1,1,1,1,3,2,3,2,2,1,1,1,1,1,3,3,3,3,3,1,1,3,3,1,1,3,3,1,1,1,1,3,3,3,3,1,1,1,1,3,3,3,3,1,1,1,1,1,2,2,2,2,2,2,2,2,2,2,3,3,3,3,2,2,2,2,2,2,2,2,2,2,2,2,2,2,2,2,2,2,2,2,2,2,2,2,2,2,2,2,2,2, ,1, , ,1,1, , , ,1, , ,1,2, , ,3,3,3,3,3,3,3,3,1, ,2,3, , , , , , ,3,3,3,3,3,3,3,3,3,3,3,1, , , ,50,2,1.021978022
5288,5,1,2,1, , ,2,2,1,30000, ,30000, ,30000, , , , ,4,4,4,1,1,4,4,1,1,1,1,1,1,1,1,1,1,1,1,1,1,1,1,1,1,1,1,1,4,1,4,1,1,1,1,1,1,1,1,1,1,10,30,0,1,1,1,1,1,1,1,1,1,1,1,1,1,1,4,1,1,1,1,1,2,1,1,4,2,4,1,1,1,1,1,1,1,1,1,1,1,1,1,1,1,1,1,1,1,1,1,1,1,1,1,1,1,1,1,1,1,2,3,1,1,1,1,3,1,1,1,2,3,2,2,1,1,1,1,1,1,1,1,1,1,1,1,1,1,1,1,1,2,1,1,1,1,1,1,1,1,1,1,1,1, , , , , , , , , , , , , , , , ,1,1,1,1,1,1,1,1, , , , , , , , , , ,1,1,1,2,1,1,2,1,1,1,4,1, , , ,59,2,1.021978022
5290,5,1,2,1, , ,2,2,1,43000, , ,1, ,1, , , ,3,3,3,1,2,1,4,1,2,2,2,2,1,2,3,3,1,2,2,2,1,2,2,3,2,2,2,3,4,3,3,1,1,2,2,3,1,1,1,1,1,0,30,0,2,2,2,2,3,3,3,3,1,1,1,1,1,1,4,1,1,1,2,3,1,1,1,4,3,3,2,2,1,1,1,1,1,1,2,2,1,1,1,1,1,1,2,1,1,1,1,1,1,1,1,1,1,1,1,1,1,3,3,3,3,3,2,2,2,4,4,3,3,4,4,4,3,2,4,3,2,2,3,4,3,3,2,3,4,3,3,2,1,1,3,2,2,2,2,2,2,2,3,2,3, , , , , , , , , , , , , , , , ,1,1,1,1,1,1,1,1, , , , , , , , , , ,3,3,3,3,3,4,3,3,3,2,4,1, , , ,60,2,1.021978022
5293,5,2,1,1, , ,2,2,1,42000, , ,1,35000, , , , ,3,3,2,3,3,3,4,3,2,1,1,2,3,2,2,2,3,3,3,2,2,3,3,3,2,2,3,3,3,3,3,3,2,2,2,2,2,3,2,2,1,10,20,0,2,2,1,2,4,2,2,2,2,2,2,2,2,3,3,2,3,2,2,1,1,1,1,4,1,3,1,3,1,1,1,1,1,1,3,2,1,1,1,1,2,1,2,2,1,1,1,2,1,1,1,2,1,1,1,1,1,3,3,3,2,2,3,3,4,3,3,2,2,2,3,2,2,2,3,3,3,3,2,3,3,2,2,3,2,3,3,3,2,1,3,2,2,2,2,2,2,2,2,2,2, ,1,1, , ,1, , , ,3,2, , ,1, , ,3,4,4,3,3,4,2,3, , , , , , , , , , ,3,3,2,3,3,3,3,3,2,2,3,1, , , ,65,2,1.021978022
5295,5,1,1,1, , ,2,2,1,45000, , ,1,45000, ,1, , ,3,3,3,2,3,3,4,2,2,2,1,2,2,1,2,3,3,2,3,2,1,3,3,3,2,2,2,3,3,3,3,2,2,1,3,2,2,3,1,1,1,0,20,0,1,1,1,1,3,2,2,3,1,2,1,1,1,2,3,1,2,2,2,1,1,1,1,4,2,3,2,1,1,1,1,2,1,1,3,3,1,1,1,1,2,1,2,1,1,1,1,1,2,2,1,2,2,1,2,1,1,3,3,3,3,3,2,3,3,3,3,3,3,4,4,2,2,1,3,3,2,3,3,3,3,2,2,3,3,3,3,3,1,1,1,1,1,1,3,2,2,2,2,2,3, ,1,1, , ,1, ,1, ,4,3, , ,2, ,1,3,4,4,3,3,3,3,4, , , , , , , , , , ,3,4,3,3,4,4,2,3,3,3,4,1, , , ,59,2,1.021978022
5296,5,1,2,1, , ,2,2,1,120000, , ,1, ,1, , , ,4,4,4,1,3,1,4,1,2,2,2,2,3,1,2,2,1,2,2,2,1,2,2,2,2,2,2,2,3,2,3,2,2,2,2,2,1,1,1,1,1,0,30,0,1,1,1,1,3,2,2,2,1,1,1,1,1,1,1,1,1,1,1,1,1,1,1,4,2,2,2,2,1,1,1,1,1,1,1,1,1,1,1,1,1,1,1,1,1,1,1,1,1,1,1,1,1,1,1,1,1,3,3,3,2,3,2,2,2,4,4,3,3,4,4,3,3,2,3,3,2,2,4,4,3,3,2,3,4,3,3,2,2,1,2,2,2,2,2,2,2,2,3,2,3, , , , , , , , , , , , , , , , ,1,1,1,1,1,1,1,1, , , , , , , , , , ,3,2,3,3,3,4,2,3,3,2,1,1,2,3, ,50,2,1.021978022
5297,5,2,2,1, , ,2,2,1, ,1, ,1,17000, , , , ,3,3,3,3,3,3,2,1,1,1,1,1,1,1,1,1,1,1,1,1,1,1,1,1,1,1,1,1,1,1,1,1,1,1,1,1,1,1,1,1,3, , , , , , , , , , , , , , , , , , , , , , , , , , , , , , , , , , , , , , , , , , , , , , , , , , , , , , , , , , , , ,3,2,2,1,1,1,2,2,2,4,4,4,4,4,1,1,1,1,2,1,1,3,2,1,2,1,3,3,4,2,2,2,1,1,1,1,1,1,1,1,1,1,1,1, , , , , , , , , , , , , , , , ,1,1,1,1,1,1,1,1, , , , , , , , , , ,3,4,4,4,4,3,3,3,4,3,4,1, , , ,72,2,1.021978022
5300,5,1,1,1, , ,2,1,1,44700, , ,1, ,1,1,1,1,3,3,3,1,3,3,4,1,3,3,1,2,3,3,2,3,3,3,3,3,3,3,3,3,3,3,2,4,4,4,4,4,4,3,3,3,2,4,4,4,1,0,30,0,1,1,1,1,4,3,4,4,1,1,1,1,1,4,2,2,2,2,1,1,1,1,1,4,4,4,4,4,1,1,3,3,1,1,2,2,1,1,1,1,2,1,1,1,1,1,1,1,2,3,3,4,2,2,2,2,4,3,3,3,2,3,2,2,3,3,3,4,4,3,3,3,3,3,3,3,2,3,3,3,3,2,2,3,3,3,3,2,1,3,3,2,3,2,3,2,3,2,3,4,4,1,1, , , ,1, , ,2,3, , , ,2, , ,4,4,4,4,4,4,4,4, , , , , , , , , , ,3,3,3,2,4,3,3,2,3,3,2, , ,3, ,51,2,1.021978022
5301,5,2,2,1, , ,2,2,1, ,1, ,1,35000, , , , ,2,2,3,3,2,2,4,3,2,2,1,1,3,1,1,1,1,2,3,2,1,1,2,2,2,2,2,2,3,2,3,3,1,2,2,1,1,1,1,1,1,0,20,0,1,1,1,1,3,2,2,2,1,1,1,1,1,2,3,2,3,2,1,1,1,1,1,4,2,3,2,2,1,1,2,3,1,1,3,3,1,1,1,1,1,1,1,1,1,1,1,1,3,2,3,2,1,1,1,1,1,3,4,3,2,3,3,3,4,3,3,3,3,3,4,2,2,2,3,3,3,3,3,3,2,2,2,3,3,3,3,3,2,1,1,1,2,3,3,2,2,2,2,2,2, ,1,1, , ,1,1, , ,4,2, , ,2,1, ,3,4,3,3,3,3,3,2, , , , , , , , , , ,3,4,2,3,3,4,2,3,2,3,3,1,2, , ,67,2,1.021978022
5302,5,2,2,1, , ,2,2,1, ,1,0, , ,1,1, , ,3, ,3,1,3,3,3,1,1,1,1,1,1,1,1,1,1,1,1,1,1,1,1,1,1,1,1,1,1,2,1,1,1,1,1,1,1,1,1,1,3, , , , , , , , , , , , , , , , , , , , , , , , , , , , , , , , , , , , , , , , , , , , , , , , , , , , , , , , , , , , ,2,2,2,2,2,2,2,3,2,3,3,3,3,3,3,2,2,3,3,3,2,2,2,2,2,2,2,2,2,2,2,2,1,1,1,1,1,1,1,1,1,1,1,1, , , , , , , , , , , , , , , , ,2,2,2,2,2,2,2,2, , , , , , , , , , ,3,3,2,2,2,4,4,4,4,4,4, ,2, , ,69,2,1.021978022
5303,5,2,2,1, , ,2,2,1,0, , ,1,70000, , , , , ,4,4,2,3,4,4,3,1,1,1,1,1,1,1,1,1,1,1,1,1,1,1,1,1,1,1,1,1,1,1,1,1,1,1,1,1,1,1,1,3, , , , , , , , , , , , , , , , , , , , , , , , , , , , , , , , , , , , , , , , , , , , , , , , , , , , , , , , , , , , ,3,3,3,3,3,3,3,3,3,3,2,2,1,3,2,2,2,3,3,2,3,3,2,2,2,1,2,2,3,2,2,2,2,2,2,1,1,2,2,2,2,3,2,3,1,1,1,1,1,1,1,1,1,2,2,1,1,1,1,1,3,3,3,3,3,3,3,3,1, ,2, , , , , , , ,3,3,3,2,3,4,3,3,3,3,4,1, , , ,78,2,1.021978022
5305,5,2,2,2,2, ,2,2,1, ,1, ,1, ,1, , , ,3,3,3,3,2,2,3,3,2,2,2,2,2,2,2,2,2,2,3,3,2,3,3,2,2,2,2,3,3,2,3,2,2,2,2,2,2,3,2,2,3, , , , , , , , , , , , , , , , , , , , , , , , , , , , , , , , , , , , , , , , , , , , , , , , , , , , , , , , , , , , ,3,3,3,2,3,2,2,2,3,2,3,3,3,3,2,2,2,2,3,2,2,3,3,3,2,2,3,3,3,3,3,2,2,2,2,3,2,2,2,3,3,3,3,3, , , , , , , , , , , , , , , , ,3,3,2,2,2,2,2,2, , , , , , , , , , ,3,3,3,3,3,3,3,3,3,3,3,1, , , ,66,2,1.021978022
5308,5,2,2,1, , ,2,2,1,50000, ,50000, ,50000, ,1,1,1,4,4,4,4,1,1,1,1,2,2,2,3,3,3,2,2,3,2,2,2,3,2,3,3,3,4,4,3,4,4,4,3,3,3,3,3,2,3,3,4,1,0,30,0,1,1,1,1,3,2,2,2,1,1,1,1,1,3,2,2,3,2,1,1,1,1,1,3,2,2,2,3,1,1,4,4,1,1,2,2,1,1,1,1,2,2,1,1,1,1,1,1,2,1,1,1,1,1,1,1,1,2,2,2,2,3,2,3,2,3,3,2,3,3,4,2,2,2,2,3,4,4,3,1,3,1,2,2,2,2,2,1,2,1,1,1,1,1,1,1,1,1,2,3,2, , , , , , , , , , , , , , , , ,2,1,1,1,1,1,1,1, , , , , , , , , , ,3,4,4,2,3,2,3,2,3,2,4, ,2, , ,62,2,1.021978022
5310,5,2,2,2,2, ,2,2,2,0, ,0, ,4900, , , , , , ,2,2,3,2,2,2,1,1,1,1,1,1,1,2,1,1,1,1,1,1,1,1,1,1,1,1,1,1,1,1,1,1,1,1,1,1,1,1,3, , , , , , , , , , , , , , , , , , , , , , , , , , , , , , , , , , , , , , , , , , , , , , , , , , , , , , , , , , , , ,2,2,3,3,4,2,3,1,2,3,3,3,3,2,1,1,1,1,1,1,1,1,1,1,1,1,2,2,2,2,2,2,1,1,1,1,1,1,1,1,1,1,1,1, , , , , , , , , , , , , , , , ,1,1,1,1,1,1,1,1, , , , , , , , , , ,3,2,2,3,2,2,3,2,3,4,2,1, , , ,76,2,1.021978022
5311,5,1,1,1, , ,2,2,1,30000, , ,1,54000, , , , ,3,3,3,1,1,1,1,1,2,2,2,2,2,2,3,1,1,1,1,1,2,1,2,2,2,2,2,2,2,2,3,1,2,2,3,2,2,2,2,2,2, , , , , , , , , , , , , , , , , , , , , , , , , , , , , , , , , , , , , , , , , , , , , , , , , , , , , , , , , , , , ,3,3,2,2,3,2,2,2,2,2,1,1,1,1,4,3,3,3,3,3,3,3,3,2,2,1,2,2,2,3,2,2,3,2,2,2,2,2,2,2,1,2,2,2, , , , , , , , , , , , , , , , ,2,2,2,2,2,2,2,2, , , , , , , , , , ,2,3,3,3,2,3,3,3,3,3,4,1, , , ,64,2,1.021978022
5312,5,2,2,1, , ,2,2,1,0, ,0, , ,1, , , , , ,3,2,2,2,2,2,2,3,2,2,2,2,2,3,3,2,2,3,2,2,3,1,4,3,4,4,3,4,4,4,3,3,4,4,4,4,4,3,1,0,30,0,1,1,1,1,3,3,3,2,1,1,1,1,1,4,4,3,3,3,1,1,1,1,1,2,2,2,2,2,1,1,1,1,1,1,1,1,1,1,1,1,4,4,4,4,1,1,1,1,3,3,4,3,3,1,4,4,2,3,4,4,3,3,3,4,3,3,4,3,4,4,4,3,3,3,4,4,1,3,3,1,4,3,3,4,3,3,2,4,2,2,3,2,2,2,3,2,4,3,3,4,4,1,1,1,1,1,1,1,1,1,1,1,2,2,1,1,1,3,3,3,3,3,3,3,3,1, ,2, ,4, , , , , ,3,4,4,4,4,3,4,4,4,3,4,1, , ,4,73,2,1.021978022
5314,5,2,2,1, , ,2,2,1, ,1, ,1, ,1, , , ,3,3,3,3,3,3,3,3,2,2,2,2,2,2,2,2,2,2,2,2,2,2,2,2,2,2,2,2,2,2,2,2,2,2,2,2,2,2,2,2,3, , , , , , , , , , , , , , , , , , , , , , , , , , , , , , , , , , , , , , , , , , , , , , , , , , , , , , , , , , , , ,3,3,3,3,3,3,3,3,3,3,2,2,2,2,1,1,1,1,3,3,3,3,3,3,3,3,3,3,3,3,3,2,3,3,3,3,3,3,3,3,3,3,3,3, , , , , , , , , , , , , , , , ,2,2,2,2,2,2,2,2, , , , , , , , , , ,2,2,2,2,2,2,2,2,2,2,4,1, , , ,80,2,0.941176471
5316,5,1,2,1, , ,2,1,1,26000, ,12000, ,14000, ,1, ,1,1,1,1,2,1,1,3,4,2,3,3,2,3,2,3,3,3,3,4,3,2,3,3,4,3,3,3,3,4,3,3,3,3,3,3,3,3,3,2,2,1,0,30,0,1,1,1,1,1,1,3,3,1,1,1,1,1,3,2,2,2,2,1,1,1,1,1,4,2,4,2,3,1,1,3,3,1,1,3,3,1,1,1,1,2,2,2,3,1,1,1,1,2,1,3,2,2,3,3,2,1,3,3,2,2,3,3,3,3,3,3,3,3,4,4,3,3,2,3,2,1,2,2,2,2,2,2,2,1,1,2,1,2,2,3,2,2,2,2,2,2,2,2,2,2, , , , , , , , , , , , , , , , ,1,1,1,1,1,1,1,1, , , , , , , , , , ,4,3,3,4,4,3,3,4,3,3,2,1, , , ,67,2,1.021978022
5319,5,2,2,1, , ,2,1,1,26000, ,15000, ,8000, , , , ,1,1,1,1,1,1,4,4,1,1,2,1,1,1,1,2,1,1,1,1,1,1,1,1,1,1,1,1,1,1,1,1,1,1,1,1,1,1,1,1,3, , , , , , , , , , , , , , , , , , , , , , , , , , , , , , , , , , , , , , , , , , , , , , , , , , , , , , , , , , , , ,3,3,2,2,2,2,3,3,3,3,3,3,3,3,2,2,1,3,2,1,2,1,2,1,2,2,2,2,3,3,1,2,1,1,1,1,1,1,1,1,1,1,1,1, , , , , , , , , , , , , , , , ,1,1,1,1,1,1,1,1, , , , , , , , , , ,3,3,3,3,4,4,3,3,3,3,2,1, , , ,88,2,1.021978022
5321,5,1,1,1, , ,1,2,1,25000, ,0, ,150000, , , , ,1, ,1,3,3,3,3,3,2,2,2,2,2,2,2,3,3,3,3,3,2,3,3,2,2,3,2,3,3,3,4,2,2,3,3,2,2,2,2,2,1,0,30,0,1,1,1,1,4,4,3,3,1,1,1,1,1,2,4,2,2,2,1,1,1,1,1,4,4,4,4,4,1,1,3,3,1,1,3,3,1,1,1,1,1,1,1,1,1,1,1,1,4,1,1,1,1,1,1,1,1,3,3,3,3,3,3,3,2,3,3,2,3,3,3,3,3,3,3,4,2,3,3,4,3,3,2,3,2,3,2,2,2,2,3,2,2,3,2,2,2,2,3,3,3,1,1,1,1,1,1, , ,1,1,1,1,1,1, , ,3,3,1,1,1,1,1,1,1, ,2,3,4,5,6, , , ,3,3,3,3,3,3,3,3,3,3,3,1, , , ,65,2,1.021978022
5322,5,2,2,1, , ,1,2,1, ,1, ,1, ,1, , , ,2,2,2,2,4,3,3,3,2,2,2,2,2,2,2,2,2,2,2,2,2,2,2,2,3,2,3,2,3,3,2,3,2,2,2,2,2,2,2,2,1,0,30,0,1,1,1,1,2,2,2,2,1,1,1,1,1,3,3,3,3,3,1,1,1,1,1,3,1,1,4,4,1,1,1,1,1,1,1,1,1,1,1,1,1,1,1,1,1,1,1,1,1,1,1,1,3,3,3,3,3,3,3,3,2,3,2,2,3,3,2,3,3,3,2,2,2,2,2,3,3,3,3,3,3,3,3,2,3,3,3,3,2,2,2,2,2,2,2,2,2,2,2,2,2,1,1,1,1,1,1,1,1,2,2,2,2,2,2,2,2,2,3,2,2,2,2,2,2,1,1, , , ,5, , , , ,2,2,2,2,2,2,2,2,2,2,3,1,2, , ,82,2,1.021978022
5324,5,2,2,1, , ,2,2,1,0, ,55000, ,50000, , , , , ,4,4,3,1,1,4,1,1,2,2,3,3,3,3,3,3,3,3,3,3,2,3,2,3,3,2,3,3,3,3,3,3,3,3,2,3,3,3,3,1,0,30,0,1,1,1,1,4,3,3,2,1,1,1,1,1,4,4,2,2,2,1,1,1,1,1,4,4,4,3,2,1,1,3,3,1,1,3,4,1,1,1,1,2,1,3,4,1,1,1,1,2,2,2,4,2,2,3,2,2,3,3,3,3,3,3,3,3,3,3,3,3,3,3,3,2,2,3,3,1,4,4,1,2,2,2,1,1,1,1,3,2,3,3,3,2,3,2,2,3,2,3,3,3, , , , , , , , , , , , , , , , ,1,1,3,1,1,1,1,1, , , , , , , , , , ,3,3,3,3,3,4,3,4,3,3,2, ,2, , ,50,2,1.021978022
5325,5,2,2,1, , ,2,2,1,35000, , ,1,35000, , , ,1,3,3,3,3,1,3,3,3,2,3,2,2,3,2,3,3,3,3,3,3,3,3,3,2,2,3,3,3,3,3,3,3,3,3,3,3,2,3,3,3,1,10,30,0,2,3,3,2,3,3,3,2,2,2,2,2,2,3,3,2,3,3,2,2,2,2,1,3,2,3,2,1,3,2,3,3,3,2,3,3,2,2,2,2,2,2,3,3,2,2,2,2,2,2,2,3,2,2,2,2,2,3,3,3,3,3,3,3,3,3,3,3,3,3,3,2,3,2,2,3,2,3,3,3,3,2,2,2,2,3,3,2,2,2,2,2,2,2,2,2,2,2,2,2,2,1,1,1,1,1,1,1,1,1,2,2,2,2,2,2,2,3,3,3,3,3,3,3,3,1, ,2, , ,5, , , , ,3,3,3,3,3,3,3,3,3,3,1, ,2, , ,64,2,1.021978022
5326,5,2,2,1, , ,1,2,1, ,1, ,1, ,1, , , ,3,3,3,4,3,2,2,1,3,2,1,1,3,2,3,4,4,3,4,4,2,4,3,2,3,3,3,3,4,3,3,4,2,2,3,1,1,3,2,2,1,0,30,0,1,1,1,1,2,2,2,1,1,1,1,1,1,4,4,4,4,4,1,1,1,1,1,2,3,4,4,2,1,1,2,3,1,1,3,2,1,1,1,1,2,1,3,2,1,1,1,1,1,1,2,3,1,1,1,2,3,4,4,4,4,3,2,3,3,3,3,4,3,4,4,4,4,4,4,3,3,4,4,4,4,3,2,3,4,4,4,3,1,3,3,3,3,3,3,3,3,4,3,4,3,1,1,1,1,1,1,1,1,1,1,1,1,1,1,1,1,3,3,3,3,3,3,3,3,1, ,2, , ,5, , , , ,4,4,3,3,3,3,3,3,3,3,2, ,2, , ,35,2,1
5328,5,2,1,1, , ,2,2,1, ,1, ,1, ,1, , , ,3,3,3,3,3,3,3,3,2,3,3,3,3,3,3,3,3,3,3,3,3,3,3,3,3,3,3,3,3,3,3,3,3,3,3,3,3,3,3,3,1,0,30,0,4,4,4,4,4,4,4,4,4,2,3,3,3,3,3,4,2,2,1,1,1,2,3,4,4,4,4,3,3,3,3,3,4,4,4,4,1,1,1,1,2,2,2,2,1,1,1,1,3,3,3,3,3,3,2,2,3,3,3,3,3,3,3,3,3,3,3,3,3,3,3,3,3,3,3,3,3,3,3,3,3,3,3,3,3,3,3,3,1,3,3,3,3,2,2,2,2,2,3,3,3,1,1,1,1,1,1,1,1,3,3,3,3,3,2,2,3,3,3,3,3,3,3,3,3, , , , , , , , , , ,3,3,3,3,3,3,3,3,3,3,3,1,2,3,4,35,2,1
5329,5,2,2,1, , ,2,2,1, ,1, ,1, ,1, ,1, ,3,3,3,3,3,3,2,3,3,3,2,2,3,2,3,3,3,2,3,3,3,3,3,3,3,3,2,3,3,3,3,2,2,2,2,2,2,3,1,1,1,0,30,0,1,1,1,1,3,2,3,3,1,1,1,1,1,3,3,2,2,2,1,1,1,1,1,4,2,3,2,2,1,1,3,2,1,1,2,2,1,1,1,1,2,1,1,1,1,1,1,1,2,2,3,3,3,2,3,2,3,3,3,3,3,3,3,3,3,3,3,3,3,3,3,2,2,2,2,3,3,3,3,3,3,3,3,3,3,3,3,3,1,2,2,2,2,2,2,2,2,2,2,2,2,1,1,1,1,1,1,1,1,1,3,3,1,1,1,1,1,3,3,3,3,3,3,3,3, , , , , , , , , , ,2,2,2,2,2,2,2,2,2,2,4, , ,3,4,35,2,1
5331,5,2,1,1, , ,2,1,1, ,1, ,1,52000, , , , ,1,1,3,3,3,3,3,3,4,4,3,3,4,3,4,4,4,4,4,4,4,4,4,4,4,4,4,4,4,4,4,4,4,4,4,4,4,4,4,4,1,0,30,0,1,1,1,1,4,4,3,3,1,1,1,1,1,4,4,4,3,4,2,2,1,1,1,4,4,4,4,2,1,1,3,3,1,1,3,3,1,1,1,1,2,2,2,3,1,1,1,1,3,3,3,3,2,2,2,2,3,4,4,4,4,4,4,4,4,4,4,4,4,3,4,4,4,4,4,4,4,4,4,4,4,4,4,4,4,4,4,4,1,4,4,4,4,4,4,4,4,4,4,4,4, , , , , , , , , , , , , , , , ,4,4,4,4,4,4,4,4, , , , , , , , , , ,3,3,3,3,3,3,3,3,3,3,2, , ,3, ,30,2,1
5332,5,1,2,1, , ,2,2,1, ,1, ,1,38000, , , , ,3,3,3,2,4,4,3,2,3,3,2,3,3,2,2,3,3,3,2,2,2,2,3,3,3,2,2,3,3,3,2,3,3,2,2,3,3,2,2,2,1,10,30,0,2,2,2,2,2,2,2,2,2,2,2,2,2,2,2,2,2,2,2,2,2,2,2,2,4,2,3,2,2,2,2,2,3,4,3,3,2,2,2,2,2,2,2,2,1,1,1,3,1,1,1,4,1,1,1,1,3,3,3,3,4,3,3,4,3,3,3,3,3,3,3,2,2,2,3,3,3,3,3,3,3,3,4,3,2,3,2,2,2,2,2,2,2,2,2,2,2,2,2,2,2, , , , , , , , , , , , , , , , ,2,3,3,3,2,3,3,3, , , , , , , , , , ,3,2,3,2,2,2,2,2,2,2,2,1, , , ,34,2,1
5346,5,2,1,1, , ,2,2,1, ,1,15000, ,40000, , , , ,2,2,3,2,3,2,3,2,3,3,1,3,3,3,2,2,3,3,3,3,2,2,2,1,1,1,1,3,3,3,3,2,1,2,1,1,2,3,2,2,1,10,30,0,1,3,2,2,4,2,4,1,1,1,1,1,1,1,4,1,1,1,1,2,1,3,1,2,3,4,1,1,1,1,1,1,1,1,2,1,1,1,1,1,1,1,1,1,1,1,1,1,1,1,1,1,1,1,2,1,3,2,3,2,2,2,1,1,1,2,1,4,4,4,4,2,2,2,3,2,2,2,3,2,3,3,2,2,2,3,2,2,2,1,1,1,1,1,1,1,1,1,1,1,1, ,1, , , ,1, , , ,1, , , ,2, , ,3,3,3,3,3,3,3,3,1,1,2,3, , , , , , ,4,3,4,4,4,3,3,4,4,4,2,1,2,3,4,38,2,1
5348,5,1,2,1, , ,1,2,1,25000, ,30000, ,56000, ,1,1,1,3,3,3,3,3,3,4,4,4,4,4,4,4,4,4,4,4,4,4,4,2,4,4,4,4,4,3,4,4,4,4,2,2,4,4,2,2,4,4,4,1,10,20,7,2,2,2,2,2,3,3,3,2,2,2,1,1,4,3,2,2,2,1,1,2,2,2,2,4,4,4,4,1,1,1,1,1,1,3,3,2,2,2,2,1,1,3,1,1,1,1,1,1,1,1,1,1,1,2,1,1,3,2,2,1,1,1,1,1,1,3,2,3,3,3,3,3,3,3,2,2,2,3,3,3,3,2,2,2,2,2,2,2,2,2,3,3,4,3,4,3,3,4,3,4,1,1,1,1,1,1,1,1,3,1,1,3,1,3,3,3,4,3,2,3,2,3,3,2, , , , , , , , , , ,3,4,3,3,4,3,4,3,3,3,3, ,2, ,4,35,2,1
5351,5,1,1,1, , ,1,1,1, ,1, ,1, ,1,1,1,1,2,2,2,4,1,2,3,2,4,4,4,4,4,2,4,4,4,4,4,4,4,4,4,4,4,4,4,4,4,4,4,3,3,4,4,3,3,3,3,3,1,30,30,30,3,4,2,4,3,2,4,4,3,2,3,2,4,4,3,2,3,2,2,3,2,3,3,4,4,4,4,3,4,4,3,3,3,2,4,4,3,2,2,2,3,2,2,3,2,3,4,4,3,4,3,3,3,1,4,2,4,3,3,3,3,4,3,3,4,3,4,3,3,4,4,4,4,4,4,4,2,3,3,3,3,3,2,3,3,3,3,3,1,4,4,3,3,3,3,3,4,3,3,3,2,1,1,1,1,1,1,1,1,4,3,2,2,4,3,3,2,4,4,3,2,4,3,3,2, , , , , , , , , , ,4,2,3,2,3,3,3,2,3,3,2, , , ,4,35,2,1
5355,5,1,1,1, , ,1,1,1,32000, ,12000, ,6800, , , , ,4,3,2,3,3,3,3,3,2,3,3,3,2,3,2,3,3,3,3,3,3,3,3,3,3,3,3,3,3,3,3,3,3,3,3,3,3,3,3,3,1,10,12,10,3,3,2,3,4,4,4,4,2,3,3,3,2,4,4,4,4,4,4,2,3,3,3,3,4,4,4,4,3,3,4,4,3,4,4,4,3,3,3,3,4,4,4,4,3,3,3,3,4,4,4,4,4,2,2,2,2,3,3,3,3,3,3,3,3,3,3,3,3,3,3,3,3,3,3,3,3,3,3,3,3,3,3,3,3,3,3,3,1,3,4,2,3,4,3,3,3,3,3,3,3,1,1, ,1,1,1,1,1,3,3, ,2,3,2,3,3,4,3,3,3,3,3,3,3, , , , , , , , , , ,3,3,3,3,3,3,3,3,3,3,1,1, , , ,38,2,1
5356,5,2,1,1, , ,1,2,1, ,1, ,1, ,1, , , ,3,3,3,2,2,2,2,2,3,2,2,3,3,3,3,2,3,2,3,2,2,2,3,3,4,3,3,3,4,3,3,3,3,3,3,2,2,2,3,2,1,15,30,10,2,2,3,2,2,2,2,3,2,2,4,2,2,2,2,2,3,3,2,3,3,2,2,4,4,4,4,4,3,3,4,3,1,1,2,2,1,1,1,1,3,3,3,3,1,1,1,1,3,3,2,3,2,3,4,2,3,2,2,3,2,3,3,2,3,2,3,4,3,4,3,3,3,3,3,2,3,3,3,3,4,3,3,2,3,2,3,2,1,2,3,3,3,2,3,3,2,3,2,3,2,1,1,1,1,1,1,1,1,1,2,2,2,1,1,1,1,3,3,4,4,4,4,3,4,1,1, , , , ,6, , , ,4,4,4,3,4,3,4,3,4,4,3, , ,3, ,32,2,1
5357,5,2,1,1, , ,1,2,1,33800, ,0, ,71750, , , , ,3, ,3,2,3,4,4,3,4,4,3,2,3,2,3,4,4,3,4,4,2,4,3,3,4,3,3,4,4,4,4,3,2,3,3,2,2,4,2,3,1,10,30,10,1,1,1,1,2,3,2,3,1,1,1,1,1,3,2,2,2,3,1,1,1,1,1,4,4,4,2,2,1,1,2,4,3,3,4,4,1,1,1,1,1,1,1,1,1,1,1,3,1,1,1,3,2,1,2,2,3,4,3,3,3,3,2,3,2,3,3,3,3,3,3,3,3,3,3,3,1,3,3,3,2,1,2,3,2,3,2,2,1,3,3,2,2,3,2,2,2,2,3,3,2, , , , , , , , , , , , , , , , ,3,3,3,3,3,4,2,2, , , , , , , , , , ,4,4,4,3,4,3,4,4,3,3,2, ,2, , ,38,2,1
5359,5,2,1,1, , ,2,2,1, ,1, ,1, ,1,1,1, ,3,3,3,3,1,3,3,3,2,3,2,3,3,2,3,3,3,3,3,3,3,3,3,2,2,3,3,3,3,3,3,3,3,3,3,3,2,3,3,3,1,30,30,0,3,3,3,2,3,3,3,2,2,2,2,2,2,3,2,2,3,3,2,2,2,2,2,3,2,3,2,2,3,2,3,3,3,2,3,3,2,2,2,2,2,2,3,3,2,2,2,2,2,2,2,3,2,2,2,2,2,3,3,3,3,3,3,3,3,3,3,3,3,3,3,2,3,2,2,3,2,3,3,3,3,2,2,2,2,3,3,2,1,2,2,2,2,2,2,2,2,2,2,2,2,1,1,1,1,1,1,1,1,1,2,2,2,2,2,2,2,3,3,3,3,3,3,3,3,1, ,2, , ,5, , , , ,3,3,3,3,3,3,3,3,3,3,2, ,2, , ,39,2,1
5360,5,1,1,1, , ,2,2,1,16000, ,36000, ,69000, ,1,1,1,3,3,3,1,1,1,3,1,3,3,3,3,4,2,4,3,3,4,4,3,2,3,3,3,4,3,3,3,3,3,3,3,3,2,3,2,3,3,2,2,1,30,30,30,2,2,3,3,3,3,3,2,2,2,3,3,2,3,4,3,3,3,2,2,3,2,2,4,3,2,2,2,3,2,3,3,3,3,3,3,2,2,3,2,3,1,3,3,3,2,3,3,3,3,3,3,2,3,3,2,3,3,3,3,2,3,2,3,3,3,3,4,3,3,3,3,3,3,4,3,3,3,4,4,3,4,3,3,2,3,3,3,1,2,3,2,3,3,3,3,3,2,3,3,3,1,1,1,1,1,1,1,1,3,3,3,2,2,2,3,3,3,4,3,3,3,3,3,3, , , , , , , , , , ,3,4,3,3,3,3,2,3,3,3,2,1,2, , ,39,2,1
5364,5,2,2,1, , ,2,2,1,0, ,0, ,80000, , , , , , ,4,3,2,3,4,3,2,2,2,2,2,2,2,3,3,2,2,3,2,2,2,2,3,2,2,3,3,2,2,2,2,3,2,2,2,2,2,2,1,0,15,0,1,1,1,1,2,1,1,1,1,1,1,1,1,1,4,1,1,1,1,1,1,1,1,2,2,2,2,2,1,1,1,1,1,1,1,1,1,1,1,1,1,1,1,1,1,1,1,1,1,1,1,1,1,1,1,1,1,2,2,2,2,2,2,2,2,2,2,2,2,2,2,2,2,2,2,2,1,1,1,2,2,2,1,2,2,2,2,2,2,1,1,1,1,1,1,1,1,1,1,1,1, ,1, , , ,1,1, , ,2, , , ,2,2, ,3,3,3,3,3,3,3,3,1, , , ,4, , , , , ,2,2,2,2,3,4,3,4,3,2,3,1, , , ,37,2,1
5367,5,1,1,1, , ,1,2,1,25000, ,0, ,30000, ,1, ,1,3, ,3,3,3,2,2,2,3,3,2,3,4,4,4,4,4,4,4,4,4,4,4,4,4,4,4,4,4,4,4,4,4,4,4,4,4,4,4,4,1,20,30,20,2,3,2,3,4,4,4,3,2,2,2,2,2,4,4,4,4,4,2,2,2,2,2,4,4,4,4,4,1,1,2,2,2,2,4,4,2,2,2,3,3,3,2,3,4,2,3,2,4,2,4,3,2,3,3,2,3,3,3,3,3,3,3,3,2,2,3,4,3,3,3,3,3,3,3,3,3,3,3,3,3,3,2,3,3,3,3,3,1,3,3,3,3,3,3,3,2,3,3,3,3,1,1,1,1,1,1,1,1,1,4,2,4,2,2,2,2,3,3,2,3,2,3,3,3, , , , , , , , , , ,3,3,2,3,3,3,3,3,2,2,3, , , ,4,39,2,1
5370,5,2,2,1, , ,2,2,1,0, ,0, ,20000, , , , , , ,2,2,2,3,4,2,1,3,1,1,1,1,2,3,3,2,3,3,2,3,3,2,2,1,2,2,3,3,3,3,2,3,2,2,2,4,3,3,1,0,30,0,1,1,1,1,3,2,3,1,1,1,1,1,1,1,4,1,3,1,1,1,1,1,1,3,1,1,1,3,1,1,1,3,1,1,3,3,1,1,1,1,1,1,1,1,1,1,1,1,1,1,1,1,1,1,1,1,3,2,2,2,2,2,2,2,2,3,2,2,2,2,2,2,2,2,2,3,2,3,3,2,3,3,3,3,3,3,3,2,2,2,2,1,2,2,2,2,2,2,2,3,3, ,1, , , ,1, ,1, ,1, , , ,1, ,2,1,4,1,2,2,4,3,3,1, ,2,3, , , , , , ,2,3,2,4,4,4,2,3,2,2,4,1, , , ,37,2,1
5371,5,2,1,1, , ,2,2,1,10000, ,10000, ,10000, , , , ,4,4,4,3,2,3,2,2,3,3,3,2,3,2,3,3,3,3,3,3,2,3,3,3,3,3,3,3,3,3,3,3,3,3,3,3,3,3,3,3,1,27,30,3,4,4,4,4,4,3,2,2,4,4,4,4,4,4,4,4,4,4,4,4,4,4,4,4,4,4,4,4,4,4,4,4,4,4,4,4,4,4,4,4,4,4,4,4,4,4,4,4,3,3,3,3,3,4,2,2,3,3,3,3,3,3,3,3,2,3,2,3,3,3,3,3,3,3,3,3,1,3,3,3,3,3,3,3,1,2,3,1,1,2,3,3,3,3,3,3,3,3,3,3,4,1,1,1,1,1,1,1,1,4,1,3,1,1,1,1,4,4,3,3,3,3,3,3,4, , , , , , , , , , ,3,3,3,3,3,3,3,3,3,3,4, , , ,4,37,2,1
5372,5,2,2,1, , ,2,1,1, ,1, ,1, ,1, , , ,3,3,3,4,3,2,3,2,1,1,1,1,1,1,1,4,4,2,4,4,3,2,4,3,4,3,3,4,3,3,3,3,2,3,2,2,3,3,2,1,1,0,30,0,1,1,1,1,3,3,4,1,1,1,1,1,1,4,4,2,2,2,1,1,1,1,1,4,4,4,2,2,1,1,3,3,1,1,3,3,1,1,1,1,1,1,1,1,1,1,1,1,3,1,1,2,1,1,3,1,3,3,4,4,3,3,3,3,3,3,4,4,4,4,4,3,3,3,4,2,2,2,3,3,3,4,3,4,3,3,3,3,2,3,3,2,2,3,3,3,3,3,3,3,3,1,1, ,1, ,1, , ,3,1, ,3, ,2, , ,3,3,3,3,3,2,2,3, , , , , , , , , , ,4,2,4,2,3,2,4,3,3,3,4,1, , , ,31,2,1
5375,5,2,2,1, , ,2,2,1, ,1,39000, , ,1, , , ,4,4,4,3,2,1,1,1,2,1,1,1,2,1,1,3,3,3,4,4,1,3,3,1,1,2,3,3,3,3,4,3,3,2,2,2,1,2,1,1,1,0,30,0,1,1,1,1,2,3,2,2,1,1,1,1,1,2,3,2,3,3,1,1,1,1,1,3,2,4,2,2,1,1,1,1,1,1,3,1,1,1,1,1,1,1,1,3,1,1,1,1,1,1,1,1,1,1,1,1,1,3,3,1,4,3,3,4,3,4,4,3,3,3,3,3,3,3,3,3,4,4,4,4,2,4,3,3,3,3,3,3,1,3,3,2,2,2,3,2,3,3,3,3,3, ,1,1,1, , , , , ,3,1,1, , , , ,3,3,1,1,1,2,2,2, , , , , , , , , , ,3,3,3,3,3,3,3,3,3,3,1, ,2, , ,39,2,1
5376,5,1,2,1, , ,1,2,1,45000, ,0, ,50000, ,1, ,1,3, ,3,4,3,3,3,3,3,3,3,3,2,2,2,3,3,3,3,3,3,3,3,3,3,3,3,3,3,3,3,3,3,3,3,3,3,3,3,3,1,10,30,30,3,2,3,2,4,4,4,4,2,3,3,3,3,4,4,4,4,4,3,3,3,2,3,4,4,4,4,4,3,3,4,4,3,3,4,4,3,3,3,3,4,4,4,4,3,3,3,3,4,4,4,4,1,1,1,1,1,3,3,3,3,3,3,3,3,3,3,3,3,3,3,3,3,3,3,3,3,3,3,3,3,3,3,3,3,3,3,3,1,3,3,3,3,3,3,3,3,3,3,3,3,1,1,1,1,1,1,1,1,2,4,2,2,4,4,2,3,2,4,3,4,3,3,4,1, , , , , , , , , , ,3,3,3,3,3,3,3,3,3,3,1, ,2, , ,39,2,1
5380,5,2,2,1, , ,2,2,1,0, ,37000, , ,1, , ,1, ,3,3,3,2,2,3,3,3,3,3,3,3,3,2,4,4,4,4,4,3,4,4,3,3,3,3,4,4,4,4,4,3,3,4,3,3,4,3,3,1,2,30,3,3,2,2,2,3,3,3,2,2,2,2,2,2,3,2,2,1,3,1,1,1,1,1,3,3,3,3,3,2,2,3,3,1,1,3,1,3,2,3,2,3,2,3,2,3,2,2,2,3,2,3,2,2,2,3,2,3,4,3,2,2,2,2,2,2,3,3,4,4,3,3,3,3,3,3,3,2,3,3,4,3,2,2,3,3,3,3,2,1,3,3,3,2,2,3,2,3,3,3,3,3,1,1,1,1,1,1,1,1,2,2,3,3,3,2,3,3,3,3,3,3,3,4,4,4, , , , , , , , , , ,3,3,3,3,4,3,4,4,4,4,2,1, , , ,34,2,1
5381,5,1,2,1, , ,2,2,1,35000, , ,1,120000, ,1, ,1,3,3,4,2,2,2,3,3,3,2,2,2,3,2,3,4,2,4,4,3,3,1,4,1,1,4,2,3,4,4,4,3,2,1,3,1,2,3,4,2,1,30,30,0,3,2,2,1,4,1,1,1,4,4,2,2,1,4,4,1,1,1,4,4,4,3,2,4,1,2,1,4,4,4,4,4,1,1,3,3,2,2,2,1,1,1,1,1,1,4,4,3,1,1,2,1,2,1,1,1,2,3,3,3,3,2,2,2,4,4,3,3,3,3,4,3,3,3,3,2,3,2,2,1,2,2,1,3,2,2,2,2,2,3,3,3,2,2,2,2,3,3,3,3,4, , , , , , , , , , , , , , , , ,3,3,3,3,3,3,3,3, , , , , , , , , , ,3,3,3,3,2,2,4,4,4,4,2, ,2, , ,36,2,1
5383,5,2,2,1, , ,2,2,1, ,1, ,1, ,1, , , ,3,2,3,1,4,4,4,4,1,1,1,1,1,1,1,3,1,1,3,1,1,1,3,1,1,1,1,3,3,1,1,3,1,1,2,1,1,1,1,1,1,0,30,0,1,1,1,1,3,1,1,1,1,1,1,1,1,4,4,1,3,1,3,1,1,1,1,2,3,1,1,1,1,1,1,1,1,1,2,2,1,1,1,1,2,1,1,1,1,1,1,1,2,1,1,1,1,1,1,1,1,3,3,3,3,2,2,2,2,2,2,3,3,2,3,2,2,3,3,3,2,2,2,1,2,1,1,3,2,2,2,2,2,3,3,1,1,1,1,1,1,1,1,1,2, , , , , , , , , , , , , , , , ,1,1,1,1,1,3,3,1, , , , , , , , , , ,3,2,3,3,2,2,3,3,3,4,4,1, , , ,39,2,1
5385,5,2,1,1, , ,2,1,1, ,1, ,1,45000, ,1,1,1,3,3,3,4,3,3,3,2,3,3,2,3,4,2,4,3,3,4,4,3,3,3,3,3,4,4,4,4,4,4,4,4,3,4,4,4,3,4,3,3,1,15,30,0,2,3,3,2,4,4,4,2,3,3,2,2,2,2,2,2,2,3,2,2,2,2,3,3,2,2,2,2,3,3,3,3,3,3,3,3,2,2,3,3,2,2,3,3,3,2,3,3,3,3,4,3,3,2,3,3,3,3,3,3,3,3,2,4,3,4,3,3,3,4,4,3,3,3,4,3,2,3,3,3,3,3,3,3,3,3,3,3,1,3,3,2,3,3,3,3,2,3,3,3,3,1,1,1,1,1,1,1,1,3,4,3,4,3,1,2,2,3,3,3,4,3,4,3,3, , , , , , , , , , ,4,3,4,3,3,3,4,4,4,4,1, , ,3,4,32,2,1
5386,5,2,2,1, , ,2,2,1,32000, , ,1,57000, , , , ,3,3,3,2,4,4,4,4,2,1,1,1,1,1,1,3,3,1,4,2,1,1,3,3,2,3,2,3,4,3,3,2,1,1,1,1,1,1,1,1,1,0,30,0,1,1,1,1,2,2,1,1,1,1,1,1,1,3,3,1,1,1,2,1,1,1,1,4,3,2,2,1,1,1,3,2,1,1,2,2,1,1,1,1,3,1,1,1,1,1,1,1,3,2,1,2,1,1,1,1,1,3,3,3,3,2,2,2,2,3,3,3,3,3,3,2,2,2,3,3,3,3,3,3,3,2,1,2,2,2,2,3,1,2,2,2,2,2,2,2,2,2,2,2,2,1,1,1,1,1,1,1,1,2,2,2,2,2,2,2,2,2,3,3,2,3,3,3,3,1,1, , , , , , , , ,3,3,3,3,3,3,3,3,3,3,2,1, , , ,39,2,1
5387,5,2,1,1, , ,1,2,1,50000, , ,1,48000, , , , ,3,3,3,3,1,3,3,3,4,4,4,4,4,4,4,4,4,4,4,4,4,4,3,4,4,3,4,4,4,4,4,4,3,4,4,4,3,3,3,4,1,10,30,0,1,3,2,2,4,4,4,4,2,2,2,2,1,3,4,3,3,2,1,1,1,1,1,4,4,4,4,4,1,1,1,1,1,1,3,4,1,1,1,1,1,1,1,1,3,1,1,1,3,1,3,2,3,1,3,1,1,3,3,3,3,3,2,1,1,3,3,4,4,4,4,4,4,3,4,3,2,2,2,4,3,3,3,4,3,3,3,3,1,3,3,2,3,3,3,3,3,3,3,3,3,1,1,1,1,1,1,1,1,2,2,2,2,2,2,2,2,4,4,4,3,3,3,3,3,1, ,2,3, , , , , , ,3,4,3,4,4,4,3,4,3,3,1, , ,3,4,35,2,1
5389,5,1,2,1, , ,2,2,1,50000, ,50000, , ,1,1,1,1,3,3,3,2,3,3,3,3,2,3,3,3,2,2,3,3,3,3,3,3,3,3,3,3,3,3,3,3,3,3,3,3,3,3,3,3,2,3,3,3,1,12,30,0,3,2,3,4,4,3,4,4,2,1,1,1,1,4,4,1,1,4,2,1,1,1,1,4,4,4,4,3,2,2,4,4,1,1,4,3,1,1,1,1,1,1,1,3,1,1,1,1,2,1,1,4,1,1,1,1,1,3,3,3,2,2,2,2,2,3,3,3,3,3,3,3,2,3,3,2,2,2,2,3,3,3,1,2,2,3,3,3,2,2,2,2,2,2,2,2,2,2,2,2,2, , , , , , , , , , , , , , , , ,1,1,1,1,1,1,1,1, , , , , , , , , , ,2,2,2,2,2,2,2,2,2,2,4, , , ,4,37,2,1
5391,5,2,1,1, , ,2,2,1, ,1, ,1, ,1, , , ,2,2,2,3,2,2,3,2,3,3,3,3,2,2,3,3,3,3,3,3,3,3,3,3,4,3,3,3,3,3,3,3,3,3,3,3,2,3,2,3,1,15,30,0,4,4,4,4,4,4,4,4,2,3,3,3,3,4,4,4,4,4,2,2,2,2,2,4,4,4,4,4,4,4,2,2,3,2,4,4,3,3,3,3,4,4,4,4,2,2,2,2,4,4,4,4,4,2,4,3,4,3,3,3,2,2,3,3,4,4,4,4,4,3,3,3,3,3,3,3,3,3,3,4,4,4,3,3,3,3,3,4,1,3,3,4,2,3,3,2,3,3,4,4,4, , , , , , , , , , , , , , , , ,4,4,3,3,3,3,3,3, , , , , , , , , , ,3,4,3,3,3,4,2,3,3,3,1,1, , , ,34,2,1
5394,5,2,2,1, , ,2,2,1, ,1, ,1,19900, , , , ,4,4,4,2,3,2,3,3,3,3,2,3,3,3,2,3,3,3,3,3,3,3,4,3,3,3,2,3,3,3,3,3,3,3,3,3,3,3,3,3,1,3,20,0,3,2,3,4,4,2,3,4,2,2,1,1,1,3,3,3,1,2,2,2,1,2,1,4,4,3,3,2,1,1,2,3,1,1,1,1,1,3,3,2,1,3,3,2,3,2,1,2,3,2,1,2,2,2,3,2,3,3,3,2,2,2,2,2,3,3,3,4,4,4,4,3,3,3,3,3,2,3,3,4,3,3,2,3,2,3,3,3,2,2,2,2,2,3,3,3,3,3,3,3,3,1,1,1,1,1,1,1,1,2,2,3,3,3,1,2,2,3,3,4,4,4,3,4,4, , , , , , , , , , ,4,2,2,3,3,3,2,3,3,4,3, , ,3,4,39,2,1
5398,5,1,1,1, , ,1,1,1,33000, ,0, ,6800, , , , ,3, ,2,3,1,3,3,3,3,2,2,3,3,1,3,3,3,3,3,3,3,3,3,3,3,3,3,3,3,3,3,3,3,3,3,3,3,3,3,3,1,10,30,10,3,3,3,3,4,4,4,4,3,2,3,2,3,4,4,4,4,4,2,3,3,3,2,4,4,4,4,4,2,2,4,4,2,3,3,3,2,3,2,1,3,3,3,3,3,3,2,2,2,2,2,2,2,2,2,2,2,3,3,3,3,3,3,3,3,3,3,3,3,3,3,4,3,3,4,3,3,3,3,3,3,3,3,3,3,3,3,3,1,3,3,3,3,3,3,3,3,3,3,3,3, , , , , , , , , , , , , , , , ,3,3,3,3,3,3,3,3, , , , , , , , , , ,3,3,3,3,3,3,3,3,3,3,1, , , ,4,39,2,1
5400,5,2,2,1, , ,2,2,1,0, ,0, ,90000, , , , , , ,4,3,3,3,3,2,3,3,3,3,2,2,2,4,4,4,4,4,3,1,3,3,3,2,2,2,2,2,2,3,3,3,4,3,2,2,2,3,2, , , , , , , , , , , , , , , , , , , , , , , , , , , , , , , , , , , , , , , , , , , , , , , , , , , , , , , , , , , , ,3,3,3,3,3,4,4,4,4,3,4,4,4,4,4,4,4,4,3,3,3,3,3,4,3,1,3,3,3,3,3,2,3,4,4,1,2,2,2,2,2,3,2,3, , , , , , , , , , , , , , , , ,4,4,4,3,3,4,2,1, , , , , , , , , , ,3,3,3,3,3,3,3,4,4,4,2, ,2, , ,33,2,1
5403,5,1,2,1, , ,2,2,1, ,1, ,1, ,1, , , ,2,2,2,2,2,2,3,3,2,2,2,1,1,1,2,3,3,3,4,3,2,4,4,2,3,2,2,3,4,4,3,2,2,3,3,1,1,3,2,2,1,0,30,0,2,1,1,2,4,1,2,2,1,1,2,1,1,4,4,2,2,2,1,1,1,1,1,4,3,3,1,2,1,1,2,3,1,2,3,3,1,1,1,1,2,2,1,1,1,1,1,1,3,1,2,2,1,1,3,1,3,3,3,2,2,3,2,2,2,3,2,3,3,2,3,2,2,2,3,3,2,2,3,3,3,2,2,3,2,2,2,2,1,3,3,2,2,2,2,2,2,2,2,2,2, ,1, , , , , , , ,2, , , , , , ,1,4,1,2,1,3,2,2,1, , ,3, , , , , , ,3,4,3,4,3,2,3,2,2,4,4,1, , , ,37,2,1
5405,5,2,1,1, , ,1,2,1,60000, ,20000, ,12000, , , , ,3,2,4,3,3,3,4,4,2,2,2,2,2,2,2,3,3,2,3,2,2,3,3,2,3,3,2,4,4,3,3,2,2,2,2,2,2,2,2,2,1,5,30,0,3,2,2,2,4,4,2,2,2,2,2,2,2,3,3,2,2,2,2,2,2,2,2,4,4,4,2,2,2,2,3,3,2,2,4,4,2,2,2,2,2,3,2,2,2,2,2,2,2,2,2,2,2,2,2,2,2,3,3,3,3,3,3,2,2,2,2,2,2,2,2,2,2,2,2,2,2,2,2,3,2,3,2,3,3,3,3,3,1,2,2,2,2,2,2,2,2,2,2,2,2,1,1,1, ,1,1, ,1,1,3,3, ,2,2, ,1,3,3,1,2,2,3,2,1, , , , , , , , , , ,2,2,3,2,2,2,2,2,2,2,2, ,2, , ,36,2,1
5407,5,1,1,1, , ,1,1,1,70000, ,20000, ,50000, , , , ,4,2,3,3,3,3,3,3,2,3,2,3,3,3,3,3,4,4,4,4,4,4,4,4,4,4,4,4,4,4,4,4,4,4,4,4,4,4,4,4,1,30,30,10,4,4,3,2,4,4,4,4,3,3,3,2,2,4,4,3,3,2,3,3,3,2,3,4,4,4,4,4,2,2,4,3,3,3,4,4,2,2,2,2,3,2,2,2,2,2,2,2,3,3,2,2,2,2,2,2,2,3,3,3,3,3,3,3,3,3,3,3,4,4,4,3,3,3,3,2,2,2,3,3,3,3,2,3,3,3,3,2,1,3,2,2,2,2,2,2,2,2,2,2,2, , , ,1,1,1,1, , , , ,2,2,3,2, ,3,3,3,3,3,3,3,3, , , , , , , , , , ,3,3,4,2,3,2,2,3,2,2,2, , ,3, ,34,2,1
5411,5,2,2,1, , ,1,1,1, ,1, ,1,35000, , , , ,2,2,2,3,3,3,3,3,3,3,3,3,3,3,3,3,4,3,4,4,3,3,3,3,3,3,3,3,3,3,3,2,2,3,3,2,2,2,2,2,1,0,30,0,1,1,1,1,4,3,4,4,1,1,1,1,1,3,2,2,1,1,1,1,1,1,1,4,3,4,4,4,1,1,2,2,1,1,2,2,1,1,1,1,1,1,3,1,1,1,1,1,1,1,2,3,1,1,1,1,3,3,3,3,2,2,3,3,3,3,3,3,3,3,3,3,3,2,3,2,2,1,3,3,3,3,3,3,2,3,2,2,2,1,2,1,3,3,2,3,2,2,3,3,3,1,1,1,1,1,1,1,1,2,1,1,3,2,1,1,1,3,4,3,4,3,3,3,3, , , , , , , , , , ,3,4,4,4,3,4,3,3,3,3,3, , ,3,4,30,2,1
5412,5,2,2,1, , ,2,2,1, ,1, ,1,80000, ,1,1,1,3,3,3,1,3,1,4,3,2,2,2,2,2,2,2,3,3,2,3,3,2,2,2,2,2,2,2,3,3,3,2,2,2,2,2,2,2,2,2,2,1,0,30,0,1,1,1,1,1,1,2,1,1,1,1,1,1,4,4,1,1,1,1,1,1,1,1,3,2,2,2,2,1,1,2,3,1,1,2,2,1,1,1,1,2,2,2,2,1,1,1,1,2,2,2,2,1,1,1,1,1,3,3,3,3,3,3,3,3,2,2,3,3,3,3,2,2,2,2,2,2,2,2,3,2,2,2,2,2,2,2,2,2,1,1,1,1,1,1,1,1,1,1,1,1, ,1, , , ,1, , , ,3, , , ,1, , ,3,4,4,4,4,3,4,4, , , , , , , , , , ,3,3,3,3,3,3,3,3,3,3,3,1, , , ,38,2,1
5418,5,2,1,1, , ,1,1,1,30000, , ,1,70000, ,1,1,1,2,2,4,4,1,1,4,1,4,4,4,4,4,2,4,4,4,4,4,4,4,4,4,4,4,4,4,4,4,4,4,4,4,4,4,4,4,4,4,2,1,0,30,10,1,1,1,1,4,4,4,4,1,1,1,1,1,4,4,3,3,2,1,1,1,1,1,4,4,4,4,4,1,1,3,3,1,1,3,3,1,1,1,1,3,2,2,3,1,1,1,1,3,3,2,4,1,1,1,1,4,2,2,3,3,3,3,3,3,3,3,4,4,4,4,3,3,3,3,3,2,3,3,3,3,2,2,3,3,2,2,2,2,3,3,2,2,2,2,2,2,2,2,2,2,1,1,1,1,1,1,1,1,1,4,1,3,1,2,3,3,1,4,2,3,1,1,3,3, , , , , , , , , , ,3,4,3,3,3,3,3,3,3,3,3, ,2, , ,32,2,1
5421,5,2,1,1, , ,1,1,1,30000, ,0, ,35000, ,1, ,1,2, ,2,2,3,3,3,2,3,3,4,4,4,4,4,4,4,4,4,4,3,4,4,4,4,4,3,4,4,4,4,4,2,4,4,4,3,4,3,4,1,30,30,30,3,3,3,3,4,4,4,4,4,4,4,4,4,4,4,4,4,4,4,4,4,4,3,4,4,4,4,3,1,2,2,2,3,3,3,3,1,1,1,1,1,1,1,1,2,2,4,4,4,4,4,4,1,1,1,1,4,3,3,3,3,3,4,4,3,3,3,3,3,3,3,3,3,3,3,3,3,4,3,3,3,3,3,3,3,4,2,2,1,2,2,3,3,3,3,2,2,3,3,2,2,1,1,1,1,1,1,1,1,1,3,1,4,2,2,3,3,2,3,2,4,3,3,3,4, , , , , , , , , , ,2,2,2,3,3,2,2,2,2,2,2, ,2,3, ,38,2,1
5428,5,2,1,1, , ,1,2,1,60000, , ,1,55000, ,1, , ,3,3,3,3,3,3,3,2,3,2,2,3,3,2,2,3,3,3,3,3,2,3,3,2,3,3,3,3,4,3,3,3,3,4,2,3,3,3,3,3,1,10,30,0,2,2,1,2,4,2,2,2,2,2,2,2,1,2,2,2,3,2,2,2,2,3,3,4,3,3,2,2,2,2,2,2,3,3,3,3,1,1,1,1,2,2,1,2,3,3,2,2,3,3,2,3,1,1,3,2,4,3,3,3,3,3,4,4,3,3,3,3,3,3,4,2,2,2,3,3,3,3,3,3,3,3,2,3,3,3,3,3,1,2,2,2,2,2,3,2,2,2,2,2,2, ,1,1,1, ,1, , , ,4,3,3, ,1, , ,3,4,3,3,3,4,3,3, , , , , , , , , , ,3,4,3,3,4,4,3,3,2,2,3,1,2, , ,38,2,1
5431,5,2,2,1, , ,2,1,1, ,1, ,1,45000, ,1,1,1,3,3,4,4,3,3,3,2,4,4,3,3,4,3,4,4,4,4,4,4,4,4,4,4,4,4,4,4,4,4,4,4,3,4,4,4,3,4,3,3,1,20,30,0,4,4,4,3,4,4,4,3,3,2,2,3,2,3,3,2,3,3,3,3,3,3,2,3,3,3,2,3,3,3,3,3,3,3,3,3,2,2,3,3,2,2,3,3,3,3,3,3,3,3,3,3,3,2,3,3,3,3,3,3,3,3,3,4,3,4,3,4,4,4,4,3,3,3,3,4,3,4,4,3,3,4,3,3,3,3,3,3,1,4,4,4,4,4,4,4,4,4,4,4,4,1,1,1,1,1,1,1,1,3,4,3,4,3,4,4,3,3,3,3,4,3,4,3,3, , , , , , , , , , ,4,3,4,3,4,4,4,4,4,4,1, , ,3, ,30,2,1
5434,5,2,2,1, , ,1,1,1,0, ,0, ,35000, , , , , , ,2,3,3,3,3,3,3,3,3,3,2,3,3,4,4,1,4,4,4,4,4,4,4,4,4,4,4,4,4,1,1,1,1,1,1,1,1,1,1,0,30,0,1,1,1,1,4,4,4,4,1,1,1,1,1,2,3,2,1,1,1,1,1,1,1,4,4,4,4,4,2,2,2,2,1,1,1,1,1,1,1,1,1,1,3,1,1,1,1,1,1,1,2,2,1,1,1,1,1,3,3,3,2,2,3,3,3,3,3,3,3,3,3,3,3,3,3,2,2,1,3,3,3,3,3,2,2,2,2,2,2,1,2,1,3,3,3,3,2,2,3,3,3,1,1,1,1,1,1,1,1,2,1,1,3,2,1,1,1,3,3,3,3,3,3,3,3, , , , , , , , , , ,3,4,4,4,3,4,3,3,3,3,3,1,2, ,4,38,2,1
5438,5,2,1,1, , ,2,2,1, ,1, ,1,50000, , , , ,3,3,3,3,3,3,2,2,3,3,3,2,3,2,3,3,3,3,3,3,2,3,3,3,3,3,3,3,3,3,3,3,3,3,4,3,3,3,3,3,1,10,30,0,4,3,2,2,4,4,4,3,1,1,1,1,1,2,2,2,2,2,1,1,1,2,2,4,3,3,2,2,1,1,3,3,3,3,4,4,1,1,1,1,2,2,2,2,1,1,1,1,3,3,3,3,1,1,1,1,1,3,2,3,3,3,3,3,3,3,3,3,3,4,4,3,3,3,3,3,2,3,3,3,3,3,2,2,3,3,3,3,1,2,3,2,3,3,2,3,3,3,3,3,3,1,1,1,1,1,1,1,1,1,4,2,4,1,4,2,1,3,4,3,3,3,4,3,3, , , , , , , , , , ,3,1,3,2,4,2,4,2,3,3,3, , ,3,4,32,2,1
5440,5,1,2,1, , ,2,2,1, ,1, ,1,58000, , , , ,3,3,3,3,2,3,3,2,3,3,2,3,3,2,3,3,3,3,3,3,2,4,3,3,4,3,3,3,4,4,3,3,3,3,3,2,2,2,2,2,1,10,30,0,2,2,2,3,4,3,2,3,2,2,2,3,2,3,4,3,2,2,2,2,2,2,2,4,3,2,2,3,2,2,2,2,3,3,4,3,1,1,1,1,1,1,1,3,3,2,1,1,3,2,3,3,3,1,2,2,4,3,3,2,2,2,3,3,4,3,3,3,3,3,3,3,3,3,3,3,2,2,2,3,3,3,2,3,2,2,2,3,1,3,3,2,3,2,3,3,3,2,3,3,3,1,1,1,1,1,1,1,1,3,3,3,2,1,1,2,2,3,3,3,3,2,3,2,2, , , , , , , , , , ,3,4,3,4,3,4,3,3,2,2,3, ,2, , ,32,2,1
5442,5,2,1,1, , ,2,2,1,0, ,20000, ,55000, , , , , ,2,3,4,4,4,2,2,3,3,3,2,3,3,2,3,3,3,3,3,3,3,3,2,2,4,2,3,3,3,3,3,2,3,4,4,2,3,3,3,1,20,30,0,1,1,2,1,4,4,4,4,1,2,1,1,1,4,2,2,2,2,1,2,1,1,1,4,2,3,2,2,1,1,4,4,3,3,4,4,1,1,1,1,2,1,1,2,1,1,1,1,1,1,1,2,3,3,2,1,3,2,2,1,1,2,3,3,3,2,3,3,3,3,3,3,3,3,3,3,1,1,2,2,1,2,1,3,2,1,3,1,1,3,3,3,3,3,3,3,3,3,3,3,3,1,1,1,1,1,1,1,1,4,1,2,3,2,3,1,1,3,2,2,3,2,3,3,3, , , , , , , , , , ,3,3,3,3,3,3,3,3,3,3,4, , ,3,4,30,2,1
5446,5,2,2,1, , ,2,2,1,150000, , ,1, ,1, , , ,3,3,3,4,1,1,1,1,4,4,4,4,4,4,4,4,4,4,4,4,4,4,4,4,4,4,4,4,4,4,4,4,4,4,4,4,4,4,4,4,1,30,30,21,4,4,4,4,4,4,4,4,4,4,4,4,4,3,3,2,3,3,4,4,4,4,4,4,4,4,4,4,4,4,4,4,4,4,4,4,4,4,4,4,4,4,4,4,4,4,4,4,4,4,4,4,4,4,3,1,1,4,4,4,4,4,4,4,4,4,4,4,4,4,4,4,4,4,4,4,4,4,4,4,4,4,4,4,4,4,4,4,1,3,3,3,3,3,3,3,3,3,3,3,3,1,1,1,1,1,1,1,1,4,4,4,4,4,1,1,4,4,4,4,4,4,4,4,4, , , , , , , , , , ,4,4,4,4,4,4,4,4,4,4,2, , ,3,4,39,2,1
5452,5,2,2,1, , ,2,2,1,0, ,0, ,80000, , , , , , ,3,3,1,3,4,3,3,2,2,2,3,3,3,3,3,3,3,3,3,3,3,3,2,2,2,3,3,3,2,3,3,3,2,2,3,3,2,2,1,0,10,0,1,1,1,1,3,1,1,1,1,1,1,1,1,1,4,1,1,1,1,1,1,1,1,3,3,2,2,2,1,1,2,2,1,1,2,2,1,1,1,1,1,1,1,1,1,1,1,1,1,1,1,1,1,1,1,1,1,2,2,2,2,2,2,2,2,2,2,3,3,3,3,3,3,3,3,2,1,2,2,2,2,2,2,2,2,2,2,2,2,2,2,2,1,1,1,1,1,1,2,3,2, ,1, , ,1,1, , , ,1, , ,1,1, , ,3,3,3,3,3,3,3,3,1, ,2,3,4, , , , , ,3,4,2,2,2,4,3,3,2,2,3,1,2, , ,35,2,1
5456,5,1,1,1, , ,1,1,1, ,1, ,1,60000, , , , ,3,3,3,2,4,3,2,1,4,2,3,1,2,2,2,3,3,2,3,3,1,3,3,2,2,3,1,4,3,2,3,3,1,1,3,3,4,3,3,3,1,25,30,10,3,2,3,4,4,4,4,4,2,2,2,2,2,2,2,2,2,2,4,4,4,4,4,4,4,4,4,4,2,1,2,1,1,4,4,4,1,1,3,1,1,1,3,1,1,1,1,1,1,1,1,1,1,1,1,1,1,3,3,3,3,3,2,2,3,3,3,3,3,3,3,3,3,3,3,3,1,2,3,3,3,3,2,3,2,3,2,2,1,2,3,2,2,2,2,3,2,3,3,3,4,1,1,1,1,1,1,1,1,3,3,4,4,2,2,2,2,3,3,4,4,2,2,2,2, , , , , , , , , , ,3,3,3,2,3,3,2,2,3,3,4,1,2, , ,30,2,1
5459,5,1,1,1, , ,1,1,1,48000, , ,1,60000, , , , ,2,2,3,3,4,3,4,4,2,3,4,2,3,2,2,2,3,2,3,3,3,3,2,3,2,3,3,2,3,3,3,2,3,2,3,3,3,3,3,3,1,10,30,10,1,1,1,1,4,4,2,2,1,1,1,1,1,4,4,2,2,2,1,1,1,1,1,3,2,3,2,1,2,2,3,3,1,1,3,3,1,1,1,1,3,2,3,3,1,1,1,1,3,4,3,3,1,1,1,1,1,3,4,3,3,4,3,3,3,3,3,3,2,3,4,3,2,2,4,3,3,3,3,3,2,2,2,3,3,3,3,3,1,2,2,1,2,2,2,1,2,2,2,2,2, ,1,1, ,1,1, , , ,4,2, ,2,1, , ,3,4,3,3,3,4,3,3, , , , , , , , , , ,2,4,2,3,3,3,2,2,3,2,3, ,2,3, ,39,2,1
5463,5,1,1,1, , ,1,2,1,29000, ,20000, ,55000, ,1,1,1,2,2,2,3,3,2,3,2,3,3,3,3,2,3,2,3,3,3,3,2,2,3,3,3,3,2,3,3,3,4,3,3,3,3,4,3,3,3,2,2,1,5,30,2,3,3,4,4,4,4,4,4,4,4,2,3,2,4,4,4,4,4,3,3,1,2,2,4,4,4,4,4,2,2,2,2,2,2,4,4,3,3,2,2,4,4,4,4,3,3,3,1,4,4,4,4,1,1,1,1,1,3,3,3,3,3,3,3,4,4,4,3,3,3,4,3,3,3,3,2,2,3,3,3,4,4,2,3,3,3,3,3,1,4,4,4,3,3,3,3,3,3,3,3,3,1,1,1,1,1,1,1,1,4,4,2,3,3,3,3,2,4,4,4,4,4,4,4,4, , , , , , , , , , ,3,4,3,3,3,4,3,3,3,3,3, , , ,4,37,2,1
5465,5,2,2,1, , ,2,2,1,0, ,0, ,48000, , , , , , ,3,3,3,3,3,3,3,3,3,2,4,2,3,3,3,3,3,3,3,3,3,3,4,3,4,3,3,3,3,3,3,3,3,3,3,3,2,3,1,0,30,0,1,1,1,1,4,3,3,2,1,1,1,1,1,3,4,3,3,3,1,1,1,1,1,2,3,3,3,3,1,1,3,3,1,1,4,4,1,1,1,1,2,2,2,3,1,1,1,1,2,3,3,3,2,3,2,2,4,2,3,2,3,3,3,3,3,3,3,3,3,3,3,3,3,3,3,3,3,3,3,3,3,3,2,3,3,3,3,3,1,3,2,3,3,3,3,3,3,3,2,3,2,1,1, ,1, ,1, , ,2,1, ,3, ,1, , ,3,3,2,3,3,3,3,2, , , , , , , , , , ,3,4,3,4,3,3,3,3,3,3,2, ,2,3, ,32,2,1
5471,5,2,1,1, , ,2,1,1,75000, , ,1,48000, ,1,1,1,3,2,2,4,4,3,4,1,4,4,3,4,4,4,4,4,4,4,4,4,4,4,4,3,3,3,3,4,4,4,4,3,3,2,2,3,4,4,3,3,1,0,30,0,1,1,1,1,4,4,4,1,1,2,1,1,1,4,4,4,4,1,2,2,1,2,1,4,4,4,4,4,1,1,1,1,1,1,2,1,1,1,1,1,1,1,1,3,1,1,1,1,1,3,4,3,2,2,2,2,4,4,4,4,4,4,2,2,2,2,3,3,3,3,3,4,4,3,2,2,2,2,3,4,3,4,2,3,3,3,2,1,2,3,3,3,2,3,3,2,3,3,2,3,3,1,1,1,1,1,1,1,1,1,1,1,2,3,1,1,1,3,3,4,3,3,3,3,3, , , , , , , , , , ,3,4,2,3,2,3,2,3,3,2,4, , ,3, ,39,2,1
5475,5,1,1,1, , ,1,2,1, ,1, ,1, ,1, , , ,2,2,2,3,2,3,3,3,2,3,3,3,2,4,4,3,2,4,3,3,3,4,3,3,3,3,3,3,4,4,3,3,3,3,4,3,4,3,4,4,1,2,30,2,2,2,1,1,3,2,3,4,1,2,1,1,1,2,3,2,3,3,1,1,1,1,1,1,2,2,2,2,1,1,3,2,1,1,2,2,1,1,1,1,4,4,4,3,1,1,1,1,4,3,3,4,3,1,4,3,4,3,3,3,3,3,3,3,3,3,3,4,4,4,4,3,4,3,4,3,4,3,4,3,4,3,4,3,4,3,4,3,1,3,3,3,3,3,4,3,4,3,4,3,4, , , , , , , , , , , , , , , , ,3,3,3,4,3,4,3,4, , , , , , , , , , ,3,3,3,3,3,3,3,3,3,3,3, ,2,3, ,39,2,1
5477,5,1,2,1, , ,2,2,1,0, ,0, ,55000, , , , , , ,3,4,1,1,1,3,2,2,2,2,3,2,2,2,3,2,2,2,2,2,2,3,3,2,2,4,4,4,4,2,2,2,2,2,1,2,1,2,1,0,30,0,1,1,1,1,3,3,3,2,2,2,1,1,1,4,3,3,2,2,2,2,1,2,1,4,4,4,4,4,1,1,2,1,1,1,1,1,1,1,1,1,2,2,2,2,1,1,1,1,3,1,1,4,3,1,1,2,4,2,2,2,2,2,2,2,2,3,3,4,4,4,3,3,2,3,3,3,3,3,2,3,3,3,3,3,3,3,3,2,1,3,3,2,2,2,2,2,2,2,3,3,3, ,1, ,1, , , , , ,1, ,2, , , , ,3,4,3,3,3,3,3,3,1, ,2,3, , , , , , ,4,3,3,2,4,3,3,2,4,4,4,1, , , ,30,2,1
5480,5,1,1,1, , ,1,2,1,30000, ,30000, ,30000, , , , ,3,3,3,3,3,3,3,3,3,2,3,4,4,3,4,4,4,4,4,4,4,4,4,4,4,4,4,4,4,4,4,4,4,4,4,4,2,4,3,2,1,25,30,20,4,4,2,3,4,4,4,4,3,2,3,3,3,4,4,4,4,4,3,2,2,3,2,4,4,4,4,4,3,3,4,4,4,4,4,4,3,3,3,3,4,4,4,4,3,2,3,3,4,4,4,4,2,2,4,2,3,3,3,3,3,3,3,3,3,3,3,4,4,3,3,3,3,3,3,4,3,4,3,3,3,3,3,4,3,4,3,3,2,3,3,3,3,2,2,2,3,3,3,3,3,1,1,1,1,1,1,1,1,3,4,2,2,2,4,3,2,3,4,3,3,3,4,3,3, , , , , , , , , , ,3,3,3,3,3,3,3,3,3,3,3, , , ,4,39,2,1
5490,5,2,2,1, , ,1,1,1, ,1, ,1, ,1, , , ,1,1,1,3,1,1,3,1,2,3,2,2,2,2,2,3,3,3,3,3,2,2,3,2,3,3,3,3,3,3,3,4,3,3,3,3,3,3,3,3,1,0,20,20,1,1,1,1,4,4,4,4,1,1,1,1,1,4,4,2,4,4,1,1,1,1,1,4,4,4,4,2,1,1,4,4,1,1,3,2,1,1,1,1,2,2,3,3,1,1,1,1,2,3,3,3,1,1,3,2,3,4,4,4,4,4,4,4,4,4,4,4,3,3,3,3,2,2,3,4,4,4,4,4,4,4,4,3,3,4,4,4,1,1,1,1,1,1,1,1,2,2,4,4,4,1,1,1,1,1,1,1,1,1,1,1,2,2,2,1,1,2,3,3,3,3,2,3,3,1, ,2,3, ,5, , , , ,3,3,3,3,3,4,4,3,3,3,2, ,2, , ,58,2,1.021978022
5493,5,1,2,1, , ,1,1,1, ,1,0, , ,1,1, ,1,2, ,2,4,1,1,1,1,4,4,4,4,4,4,4,4,4,4,4,4,4,4,4,4,4,4,4,4,4,4,4,4,4,4,4,4,4,4,4,4,1,0,30,0,1,1,1,1,4,4,2,4,1,1,1,1,1,2,3,4,4,4,1,1,1,1,1,4,4,2,4,4,1,1,3,3,1,1,4,4,1,1,1,1,4,4,4,4,1,1,1,1,4,4,4,4,4,3,4,3,3,4,4,4,4,4,4,4,4,4,4,3,4,4,4,4,4,4,4,4,4,4,4,4,4,4,4,4,4,4,4,2,2,3,3,4,4,4,4,4,4,4,4,4,4,1,1,1,1,1,1,1,1,2,1,1,1,1,1,1,1,4,4,4,4,4,3,3,4,1,1, ,3,4, , , , , ,4,4,4,4,4,4,4,4,2,3,1, , , ,4,56,2,1.021978022
5496,5,2,2,1, , ,2,2,1,0, ,0, , ,1, , , , , ,2,2,1,1,1,1,3,3,2,3,2,2,4,3,2,4,3,3,2,4,3,3,3,3,3,4,3,4,3,3,3,3,4,3,4,3,4,3,1,0,30,0,1,1,1,1,3,1,1,1,1,1,1,1,1,2,3,2,1,1,1,1,1,1,1,3,3,3,3,4,1,1,3,3,1,1,3,4,1,1,1,1,1,1,1,1,1,1,1,1,1,1,1,1,1,1,1,1,1,3,3,3,4,3,4,3,4,3,3,3,3,3,4,3,3,3,4,3,2,3,3,3,3,3,3,2,3,3,2,2,2,1,1,1,1,1,1,1,1,1,1,1,1,1,1,1,1,1,1,1,1,1,1,1,1,1,1,1,1,3,3,3,4,3,3,4,3,1, ,2, ,4, , , , , ,3,3,2,3,3,2,2,3,3,2,4,1, , , ,55,2,1.021978022
5497,5,1,1,1, , ,2,1,1,0, , ,1, ,1, , , , ,1,1,2,3,3,3,3,3,3,2,1,4,1,1,3,2,1,4,3,1,1,3,3,3,2,1,2,3,3,2,2,3,3,2,3,2,2,1,2,2, , , , , , , , , , , , , , , , , , , , , , , , , , , , , , , , , , , , , , , , , , , , , , , , , , , , , , , , , , , , ,3,3,3,2,2,2,2,2,2,2,1,2,2,2,2,2,2,4,3,1,3,2,3,3,2,1,3,3,3,3,4,2,3,3,2,2,1,3,2,2,3,4,4,3,1,1,1,1,1,1,1,1,1,1,1,1,1,1,1,1,1,1,1,1,1,1,1,1,1,1,2, , ,5,6, , , ,2,4,3,4,4,4,4,4,4,4,3, , , ,4,58,2,0.923076923
5499,5,1,1,2,2, ,2,2,1, ,1, ,1,40000, , , , ,3,3,3,1,1,1,1,2,1,1,1,1,1,1,1,1,1,1,1,1,1,1,1,1,1,1,1,1,1,1,1,1,1,1,1,1,1,1,1,2,3, , , , , , , , , , , , , , , , , , , , , , , , , , , , , , , , , , , , , , , , , , , , , , , , , , , , , , , , , , , , ,2,2,3,3,2,3,3,3,3,3,1,1,1,1,1,1,1,1,3,1,1,1,1,1,1,1,2,2,2,2,2,2,2,3,3,3,3,2,3,3,3,2,3,3,1,1,1,1,1,1,1,1,1,1,1,1,1,1,1,1,4,2,1,3,3,2,1,2,1,1,2, , ,5, , , , ,4,4,4,4,4,4,4,4,4,4,4,1, , , ,52,2,1.021978022
5502,5,2,2,1, , ,2,2,1,28000, ,0, , ,1, , , ,3, ,3,3,3,3,3,3,3,3,3,3,3,3,3,2,3,2,3,2,2,2,3,3,3,3,3,3,3,3,3,3,3,3,3,3,3,3,3,3,1,0,30,0,1,1,1,1,4,4,4,4,1,1,1,1,1,4,4,4,4,4,1,1,1,1,1,4,4,4,4,4,1,1,4,4,1,1,4,4,1,1,1,1,4,4,4,4,1,1,1,1,4,4,4,4,1,1,1,1,1,3,3,3,3,3,3,3,3,3,3,3,3,3,3,3,3,3,3,3,3,3,3,3,3,3,3,3,3,3,3,3,2,3,3,3,3,3,3,3,3,3,3,3,3,1,1,1,1,1,1,1,1,2,4,2,2,2,4,2,3,3,4,2,3,4,3,4,3, , , , , , , , , , ,3,3,3,3,3,3,3,3,3,3,1,1, , , ,65,2,1.021978022
5503,5,1,1,1, , ,1,2,1,20000, ,0, ,30000, ,1, ,1,3, ,3,3,3,1,3,1,3,3,2,2,4,2,4,4,4,4,4,4,4,4,3,3,2,3,3,3,4,3,3,3,3,3,3,3,3,3,3,4,1,0,30,0,1,1,1,1,4,2,4,2,1,1,1,1,1,4,4,4,2,3,1,1,1,1,1,4,4,3,3,2,1,1,4,4,1,1,3,4,1,1,1,1,3,1,3,1,1,1,1,1,3,4,2,1,2,2,2,2,2,3,4,4,4,4,3,3,3,3,3,4,4,4,4,3,3,3,3,3,3,3,2,4,3,2,1,3,3,3,2,1,1,3,3,3,3,3,3,2,2,3,4,4,4,1,1,1,1,1,1,1,1,2,4,2,3,2,2,2,2,2,4,2,3,3,3,3,3, , , , , , , , , , ,3,3,2,2,3,2,3,2,3,3,2,1, , , ,54,2,1.021978022
5507,5,1,2,1, , ,2,2,1,39000, ,0, ,47000, ,1, ,1,3, ,3,4,3,3,3,3,3,3,2,3,2,2,3,3,3,3,3,3,3,3,3,3,3,3,3,3,3,3,3,3,3,3,3,3,2,3,3,3,1,5,30,0,3,2,2,3,3,3,3,3,3,3,3,3,3,2,3,2,3,3,2,2,3,3,2,3,2,3,2,2,3,3,3,3,3,3,3,3,1,1,1,1,1,2,1,1,3,2,2,3,3,2,2,2,3,1,3,2,3,3,3,3,3,3,3,3,3,3,3,3,3,3,3,3,3,3,3,3,3,3,3,3,3,3,3,3,3,3,3,3,2,2,3,2,3,3,3,3,3,3,3,2,2, , , , , , , , , , , , , , , , ,3,3,3,3,3,3,3,3, , , , , , , , , , ,3,3,3,3,3,3,3,3,3,3,1,1, , , ,55,2,1.021978022
5508,5,2,1,2,2, ,2,2,1,5000, , ,1,10000, , , , ,3,3,3,1,1,1,3,1,2,2,1,1,2,1,2,1,1,1,1,1,1,1,1,1,1,1,1,1,1,1,1,1,1,1,1,1,1,1,1,1,3, , , , , , , , , , , , , , , , , , , , , , , , , , , , , , , , , , , , , , , , , , , , , , , , , , , , , , , , , , , , ,1,1,1,1,1,1,1,1,1,1,1,1,1,1,1,1,1,1,1,1,1,1,1,1,1,1,1,1,1,1,1,2,1,1,1,1,1,1,1,1,1,1,1,1, , , , , , , , , , , , , , , , ,2,3,2,2,2,3,3,2, , , , , , , , , , ,2,1,2,1,1,1,2,2,1,1,4,1, , , ,69,2,0.941176471
5509,5,1,2,1, , ,1,1,1,20000, , ,1,35000, , , , ,3,2,3,3,3,4,4,4,3,3,3,4,3,3,2,2,2,2,3,3,3,2,2,3,2,3,3,3,3,2,3,4,3,2,2,3,3,3,3,3,1,5,30,10,1,1,1,1,1,1,1,1,1,1,1,1,1,4,4,4,4,1,1,1,1,1,1,3,3,3,2,2,2,2,3,3,1,1,3,3,1,1,1,1,3,3,3,3,1,1,1,1,3,3,3,3,1,1,1,1,1,3,3,3,3,3,3,3,3,3,3,3,3,3,3,3,2,2,2,3,3,3,3,3,3,2,2,3,3,3,3,3,2,2,2,2,1,1,1,1,1,1,1,1,1,1,1,1,1,1,1,1,1,1,1,1,1,1,1,1,1,4,4,4,4,4,4,4,4,1, ,2, ,4, , , , , ,2,2,2,1,1,1,1,1,1,1,4,1,2,3, ,51,2,1.021978022
5510,5,2,1,1, , ,2,2,1,20600, ,0, ,18000, ,1, ,1,2, ,2,2,3,1,4,4,1,3,2,3,3,2,3,3,3,3,2,3,3,3,3,2,2,3,2,3,4,2,4,2,2,3,2,2,2,2,3,2,1,0,30,0,1,1,1,1,4,1,4,4,1,1,1,1,1,2,4,2,1,1,1,1,1,1,1,4,4,4,4,4,1,1,3,3,1,1,3,3,1,1,1,1,1,1,1,1,1,1,1,1,1,1,1,1,1,1,1,1,1,3,3,3,3,3,3,3,2,3,3,2,3,3,3,3,3,2,3,4,2,3,3,4,3,3,2,3,2,3,3,2,2,2,2,2,3,2,3,2,2,2,2,2,2, , , , , , , , , , , , , , , , ,2,3,2,2,3,3,3,2, , , , , , , , , , ,3,3,3,3,3,3,3,3,2,3,3,1, , , ,69,2,1.021978022
5571,5,2,1,1, , ,1,2,1, ,1, ,1, ,1, , , ,4,4,4,3,3,1,1,1,4,3,4,4,4,2,4,4,4,4,4,4,1,4,4,4,4,4,4,4,4,4,4,3,3,3,3,3,3,3,3,3,1,0,30,0,1,1,1,1,3,2,3,3,1,1,1,1,1,3,3,2,3,2,1,1,1,1,1,4,4,4,4,4,1,1,1,1,1,1,3,1,1,1,1,1,1,1,3,1,1,1,1,1,1,1,1,1,1,1,1,1,1,4,4,4,4,4,3,3,3,4,4,4,4,4,4,4,4,3,3,3,1,4,4,4,3,4,3,3,3,3,3,3,2,3,3,2,2,3,2,2,3,3,4,3,3, , , , , , , , , , , , , , , , ,2,2,2,2,2,2,2,2, , , , , , , , , , ,3,3,3,3,3,3,3,3,2,3,2, , , ,4,50,2,1.021978022
5572,5,1,1,1, , ,2,1,1,100000, , ,1, ,1,1, , ,2,2,2,2,3,3,3,2,2,3,2,3,3,2,3,3,3,3,3,3,2,3,3,3,3,2,3,3,3,3,3,3,3,3,3,3,3,3,3,3,1,30,30,0,2,3,2,3,3,3,2,3,1,2,1,1,1,1,4,1,2,1,1,1,1,4,2,4,2,4,4,3,1,1,1,1,1,1,1,1,1,1,1,1,1,1,3,1,3,1,1,1,3,2,4,1,1,1,2,1,3,3,3,3,3,3,2,2,3,3,3,3,3,3,3,3,3,3,3,3,2,2,3,4,3,3,2,2,2,2,2,1,1,2,3,2,2,2,3,3,3,2,4,4,4,1,1,1,1,1,1,1,1,1,1,3,1,1,1,2,1,3,3,3,3,2,2,3,2, , , , , , , , , , ,3,3,3,3,3,3,3,3,2,2,2, , ,3, ,51,2,1.021978022
5575,5,1,1,1, , ,1,2,1,43000, ,0, ,48000, ,1, ,1,3, ,3,4,4,2,3,2,3,2,3,4,4,2,3,4,4,4,4,4,3,3,3,4,3,4,3,3,3,3,3,3,4,3,3,4,3,4,3,3,1,30,30,30,3,4,3,3,4,4,4,4,3,4,2,3,2,4,4,3,4,3,2,2,3,1,2,4,4,4,3,3,3,2,3,2,3,3,3,3,2,2,2,1,2,2,2,1,3,1,4,3,3,1,3,3,3,1,2,3,4,3,3,3,3,3,2,2,3,3,3,3,3,3,3,3,3,3,3,3,2,2,3,4,3,3,2,2,2,2,2,1,1,2,2,2,2,2,3,3,3,2,4,3,4,1,1,1,1,1,1,1,1,1,1,3,1,1,1,2,1,3,3,3,3,2,2,3,2, , , , , , , , , , ,3,3,4,3,3,3,3,3,2,2,2, , ,3, ,50,2,1.021978022
5576,5,1,1,1, , ,2,2,1, ,1, ,1, ,1, , , ,4,4,4,3,2,2,4,2,1,1,1,1,1,1,2,3,2,1,4,4,3,3,3,1,1,4,3,3,3,3,4,3,2,3,3,2,3,3,2,2,1,0,10,0,1,1,1,1,2,3,3,2,1,1,1,1,1,3,2,2,3,1,1,1,1,1,1,3,3,3,2,2,1,1,3,3,1,1,2,2,1,1,1,1,3,1,1,1,1,1,1,1,2,2,1,1,1,2,1,1,1,1,1,2,2,3,2,3,3,3,3,3,3,3,3,2,2,2,2,3,1,1,3,3,2,1,2,3,1,2,2,1,1,3,2,2,2,2,2,2,2,2,4,4,4,1,1,1,1,1,1,1,1,1,1,3,3,1,1,1,1,1,3,3,3,1,1,1,1, , , , , , , , , , ,3,4,3,4,3,4,3,4,3,3,4,1, , , ,50,2,1.021978022
5577,5,1,1,1, , ,2,1,1, ,1, ,1, ,1, , , ,4,3,3,1,1,1,1,1,3,2,2,1,3,1,1,3,2,1,4,3,2,1,4,4,4,1,2,2,3,4,4,2,3,3,3,2,3,2,2,2,2, , , , , , , , , , , , , , , , , , , , , , , , , , , , , , , , , , , , , , , , , , , , , , , , , , , , , , , , , , , , ,3,3,3,3,3,3,3,3,3,3,1,2,2,2,2,2,2,2,1,1,1,2,2,3,3,1,3,3,3,3,3,1,3,3,2,2,1,3,2,2,3,3,4,3,1,1,1,1,1,1,1,1,1,1,1,1,1,1,1,1,3,3,3,3,3,3,3,3,1,1, , , ,5, , , , ,1,1,1,1,4,4,4,4,4,4,4,1, , , ,60,2,1.021978022
5579,5,2,2,1, , ,2,2,1,17000, , ,1, ,1, , , ,1,1,1,2,4,4,4,4,2,2,2,2,2,2,2,3,3,2,3,2,2,2,2,2,2,2,2,2,2,2,2,2,2,2,2,2,2,2,2,2,1,0,30,0,1,1,1,1,2,2,2,2,1,1,1,1,1,2,4,2,2,2,1,1,1,1,1,2,2,2,2,2,1,1,2,2,1,1,2,2,1,1,1,1,1,1,1,1,1,1,1,1,1,1,1,1,2,2,2,2,2,3,3,3,2,3,3,2,2,3,3,2,3,3,3,2,2,2,2,3,3,3,3,3,3,3,3,3,3,3,3,3,2,3,3,2,2,2,3,3,3,3,3,3,3,1,1,1,1,1,1,1,1,1,1,2,2,2,2,2,2,1,1,1,1,1,1,1,1,1, ,2, , ,5, , , , ,3,3,3,3,3,3,3,3,3,3,4,1, , , ,70,2,1.021978022
5581,5,1,1,1, , ,2,2,1,135000, , ,1, ,1,1, , ,3,3,3,3,1,1,3,1,1,4,1,3,3,1,1,3,3,1,4,2,1,4,1,1,1,1,1,3,3,3,3,1,3,3,1,1,1,3,2,1,1,0,20,0,1,1,1,1,2,1,2,1,1,1,1,1,1,2,1,1,1,1,1,1,1,1,1,4,1,2,2,1,1,1,2,1,1,1,4,1,1,1,1,1,1,1,1,3,1,1,1,3,1,1,1,3,1,1,1,1,1,1,1,1,1,1,1,1,1,3,3,3,3,2,2,2,3,2,2,3,2,2,3,4,1,3,2,2,2,3,3,2,2,1,1,1,1,1,1,1,1,1,1,1,1,1,1,1,1,1,1,1,1,1,1,1,1,1,1,1,1,1,1,1,1,1,1,1,1,1, ,2, ,4, , , , , ,3,3,4,3,3,3,3,4,3,3,4, ,2, , ,73,2,1.021978022
5584,5,2,2,2,2, ,2,2,2,0, ,0, ,15000, , , , , , ,2,3,3,2,3,3,1,1,1,1,1,1,1,1,1,1,1,1,1,1,1,1,1,1,1,1,1,1,1,1,1,1,1,1,1,1,1,1,3, , , , , , , , , , , , , , , , , , , , , , , , , , , , , , , , , , , , , , , , , , , , , , , , , , , , , , , , , , , , ,3,3,3,2,3,2,2,2,3,3,3,2,2,3,3,2,2,3,3,2,2,3,3,2,2,2,2,2,2,3,2,2,1,1,1,1,1,1,1,1,1,1,1,1, , , , , , , , , , , , , , , , ,2,3,2,2,2,2,2,2, , , , , , , , , , ,3,3,2,3,3,3,4,3,2,2,2,1, , , ,77,2,1.021978022
5586,5,2,2,1, , ,1,1,1,28000, ,13000, ,75000, ,1,1,1,3,3,4,4,2,1,1,1,3,3,3,3,3,2,3,4,3,3,3,3,3,3,3,3,3,3,3,4,4,4,3,4,3,3,3,3,3,3,3,3,1,3,30,0,1,1,1,1,4,4,4,4,1,1,1,1,1,4,4,4,1,1,1,1,1,1,1,4,1,4,4,1,1,1,1,1,1,1,3,3,1,1,1,1,1,1,1,1,1,1,1,1,3,1,4,3,1,1,1,1,1,1,1,3,3,2,2,2,3,3,3,4,4,4,4,4,4,4,4,2,2,2,2,2,2,2,1,1,1,1,1,1,2,1,2,2,2,2,2,2,2,2,2,2,2, , , , , , , , , , , , , , , , ,1,1,1,1,1,1,1,1, , , , , , , , , , ,2,2,2,2,2,1,2,2,2,2,1, , ,3, ,50,2,1.021978022
5588,5,2,2,1, , ,2,2,1,54000, ,32000, ,52000, ,1,1,1,3,3,3,3,3,3,3,3,2,2,2,2,2,2,2,2,2,2,2,1,1,2,3,3,3,2,3,3,3,3,3,2,2,2,1,1,1,1,1,1,1,0,30,0,2,2,1,1,3,3,2,3,2,2,2,2,2,3,3,3,2,3,2,2,1,2,1,2,2,3,2,1,1,1,2,2,1,1,3,3,1,1,1,1,2,2,2,2,1,1,1,1,2,3,2,2,3,3,3,2,3,4,4,4,4,3,3,3,3,3,3,3,3,3,3,2,2,2,2,3,3,3,3,3,3,2,2,3,2,3,2,2,1,3,3,3,3,3,2,2,2,2,2,2,2,1,1,1,1,1,1,1,1,3,3,3,3,2,3,2,2,3,3,3,3,2,3,3,2, , , , , , , , , , ,3,3,3,3,3,3,3,3,3,3,2,1, , , ,56,2,1.021978022
5589,5,1,2,1, , ,2,2,1,50000, , ,1,120000, , , , ,3,3,3,3,3,3,3,3,3,3,2,3,3,3,3,3,3,3,3,3,3,3,3,3,3,3,3,3,3,3,3,3,3,3,3,3,3,3,3,3,1,0,30,0,2,2,1,1,4,4,4,4,1,1,1,1,1,4,4,4,4,4,1,1,1,1,1,4,4,4,4,4,1,1,4,4,1,1,4,4,1,1,1,1,4,2,1,3,1,1,1,1,4,4,4,4,3,3,2,2,3,3,3,3,3,4,4,4,4,4,4,4,4,4,4,3,3,3,3,4,3,3,4,3,4,3,4,3,3,3,3,3,2,3,3,3,3,3,3,3,3,3,3,3,3, , , , , , , , , , , , , , , , ,3,1,1,3,1,3,1,4, , , , , , , , , , ,4,4,4,4,4,4,4,4,4,4,2,1,2,3,4,50,2,1.021978022
5591,5,2,2,1, , ,2,1,1,0, ,46000, ,80000, , , , , ,2,2,2,2,2,4,2,2,3,3,2,2,3,3,3,3,3,3,3,2,3,3,3,3,2,3,3,3,3,3,3,3,3,3,3,3,3,3,3,1,0,30,0,1,1,1,1,4,3,3,4,1,1,1,1,1,3,4,3,4,2,1,1,2,2,1,4,2,4,3,2,1,2,2,2,1,1,1,1,1,1,2,1,1,1,3,1,1,1,2,1,1,1,3,2,1,1,1,1,2,3,3,3,3,3,2,2,2,3,3,3,3,3,3,3,3,3,2,2,2,3,4,4,3,3,2,2,2,3,2,1,1,3,3,2,2,2,3,3,3,2,4,4,4,1,1,1, , ,1,1,1,1,1,1, , ,1,1,1,3,3,3,3,3,3,3,3,1, , , ,4, , , , , ,2,3,2,3,2,3,2,3,2,2,4, , , ,4,50,2,1.021978022
5592,5,1,1,1, , ,1,2,1,0, ,47200, ,82000, , ,1,1, ,3,3,4,2,2,3,3,3,3,3,3,3,2,3,3,3,3,3,3,3,3,3,3,2,3,4,3,3,3,3,3,3,3,3,3,2,3,2,2,1,13,30,0,2,4,2,4,4,3,4,2,3,3,4,4,4,4,4,2,4,2,2,2,2,2,2,4,4,4,4,4,3,2,4,4,3,2,3,2,3,1,3,2,2,1,3,3,3,2,3,2,4,4,4,4,1,1,1,2,3,4,4,4,4,4,4,4,4,4,4,4,4,4,4,4,3,3,4,3,2,3,4,3,3,3,2,2,2,3,3,2,1,3,3,3,3,2,3,3,3,3,3,3,3,1, , ,1, ,1, , ,3, , ,3, ,3, , ,3,3,3,3,3,3,3,3, , , , , , , , , , ,3,2,3,2,3,2,3,2,3,3,3, , ,3, ,50,2,1.021978022
5594,5,2,1,1, , ,2,1,1,34900, ,23000, , ,1, , , ,3,3,4,3,1,2,4,3,2,2,1,2,3,2,3,3,3,2,3,4,3,3,4,3,3,3,3,4,3,4,3,3,3,2,3,2,3,3,3,3,1,0,30,0,2,2,3,3,4,4,4,4,2,2,2,2,2,4,3,3,3,2,2,2,1,1,2,4,4,4,4,4,2,2,3,4,2,1,3,2,2,1,3,1,3,3,3,3,3,2,1,1,4,3,3,3,1,1,3,2,3,4,3,3,2,3,3,3,3,3,3,3,3,3,3,3,3,2,3,3,2,3,3,4,3,2,3,3,3,3,4,3,2,2,3,2,3,3,3,3,2,3,4,3,3,1,1,1,1,1,1,1,1,3,2,3,3,2,1,1,1,3,3,3,3,2,3,3,2, , , , , , , , , , ,2,3,3,4,2,4,3,4,2,2,1,1, , , ,52,2,1.021978022
5595,5,2,2,1, , ,2,2,1,0, ,0, ,20000, , , , , , ,4,4,4,4,4,4,1,1,1,1,1,1,1,1,1,1,3,3,3,3,2,2,2,2,3,3,3,1,4,2,3,2,2,2,2,2,2,2,1,0,20,0,4,1,1,3,4,1,1,3,1,1,1,1,1,1,1,1,1,1,1,1,1,1,1,4,1,1,4,4,1,1,1,1,3,3,3,3,2,2,2,2,3,3,3,3,1,1,1,1,1,1,1,1,1,1,1,1,1,4,4,4,4,4,4,4,1,4,4,1,1,1,1,1,1,1,1,4,1,3,3,4,2,1,1,3,3,3,3,3,2,1,1,1,1,1,1,1,1,1,1,1,1, , , , , , , , , , , , , , , , ,1,1,1,1,1,1,1,1, , , , , , , , , , ,3,1,1,1,1,1,3,3,3,3,4, ,2,3, ,50,2,1.021978022
5598,5,2,2,1, , ,2,2,1,34900, ,34900, ,42000, , , , ,4,4,4,3,3,2,4,2,1,1,3,1,1,1,1,4,4,2,3,4,2,3,3,1,1,1,1,1,4,1,4,1,1,4,3,2,1,3,3,3,1,0,30,0,3,1,1,1,4,2,2,2,1,2,1,1,1,1,4,1,1,1,1,1,1,1,1,2,1,4,3,3,1,1,1,1,1,1,1,1,1,1,1,1,3,1,2,1,1,1,1,1,1,1,1,3,1,3,1,1,2,4,3,3,3,2,2,1,3,3,3,4,4,4,4,3,2,2,3,1,1,3,2,4,1,1,1,1,1,1,1,4,2,2,1,2,1,2,1,2,2,2,4,4,4, , , , , , , , , , , , , , , , ,1,1,1,1,1,1,1,1, , , , , , , , , , ,1,1,1,4,1,4,1,1,1,1,4,1, , , ,58,2,1.021978022
5604,5,2,2,1, , ,2,2,1, ,1, ,1, ,1, , , ,4,4,4,3,3,3,3,3,2,2,2,2,2,2,2,2,2,2,2,2,2,2,2,2,2,2,2,2,2,2,2,2,2,2,2,2,2,2,2,2,1,0,10,0,1,1,1,1,2,1,1,1,1,1,1,1,1,2,2,2,2,2,1,1,1,1,1,2,1,2,1,1,1,1,1,1,1,1,2,1,1,1,1,1,1,1,1,1,1,1,1,1,3,2,3,3,1,1,1,1,1,3,3,2,3,3,2,3,3,3,3,1,1,1,1,3,2,1,1,2,2,2,2,2,2,2,2,3,2,3,3,2,2,1,1,1,1,1,1,1,1,1,1,1,1,1,1,1,1,1,1,1,1,1,1,1,1,1,1,1,1,1,2,2,2,1,1,1,1,1,1,2, , , , , , , ,1,1,1,1,1,1,1,1,1,1,4,1, , , ,51,2,1.021978022
5605,5,2,2,1, , ,2,2,1, ,1,0, ,34000, , , , ,1, ,1,3,3,3,3,3,2,2,2,2,2,2,2,3,3,2,3,2,2,2,3,2,2,2,2,2,3,3,3,2,2,3,3,2,3,3,3,3,1,0,30,0,1,1,1,1,3,1,3,1,1,1,1,1,1,1,3,1,1,1,1,1,1,1,1,3,1,2,2,1,1,1,1,1,1,1,1,1,1,1,1,1,1,1,1,1,1,1,1,1,1,1,3,1,1,1,1,1,1,4,4,4,4,4,2,2,2,3,3,3,3,2,2,2,2,2,2,3,2,2,4,2,2,2,2,2,2,2,2,1,2,3,2,3,2,2,2,2,2,2,4,4,3,1,1,1,1,1,1,1,1,1,1,1,1,1,1,1,1,1,1,1,1,1,1,1,1,1, ,2, ,4, , , , , ,2,2,2,2,2,2,2,2,2,2,4,1, , , ,55,2,1.021978022
5607,5,1,2,2,2, ,2,2,1,0, ,9000, ,12000, , , , , ,3,3,2,2,2,3,4,1,1,1,1,1,1,1,1,1,1,1,1,1,1,1,1,1,1,1,1,1,1,1,1,1,1,1,1,1,1,1,1,3, , , , , , , , , , , , , , , , , , , , , , , , , , , , , , , , , , , , , , , , , , , , , , , , , , , , , , , , , , , , ,2,1,3,3,1,1,1,2,3,3,1,1,1,1,1,1,1,1,1,1,1,1,1,1,1,1,1,1,1,1,1,2,1,1,1,1,1,1,1,1,1,1,1,1, , , , , , , , , , , , , , , , ,1,1,1,1,1,1,1,1, , , , , , , , , , ,2,1,1,1,1,1,1,1,1,1,4,1,2,3,4,79,2,1.021978022
5608,5,2,1,1, , ,2,2,1,10000, ,18000, ,30000, ,1,1,1,2,2,2,3,2,2,2,2,3,3,3,3,2,2,3,3,3,3,3,3,2,3,4,3,3,3,3,3,4,4,4,3,3,3,3,3,3,3,3,3,1,30,30,0,2,3,3,3,2,3,3,2,2,2,2,2,2,3,3,3,3,2,3,4,3,2,3,3,4,3,3,3,2,2,2,1,3,2,3,3,2,2,2,2,1,1,1,3,1,1,3,4,1,1,3,4,2,1,3,2,4,3,3,2,2,3,2,2,3,3,2,3,4,4,4,3,3,3,4,3,2,2,3,3,3,3,3,2,3,3,3,1,2,3,3,2,3,2,3,3,3,3,3,3,3, , , , , , , , , , , , , , , , ,2,3,3,2,2,3,3,3, , , , , , , , , , ,4,3,4,3,3,2,3,2,3,3,2, ,2,3, ,51,2,1.021978022
5609,5,2,2,1, , ,2,2,1,0, ,0, ,26000, , , , , , ,3,2,4,3,4,3,1,1,1,1,1,2,1,1,1,1,1,1,1,1,1,1,1,3,1,1,3,1,1,1,1,1,1,1,1,1,1,1,1,0,30,0,1,1,1,1,3,2,1,2,1,1,1,1,1,2,2,2,1,2,1,1,1,1,1,3,2,2,1,2,1,1,3,2,1,1,3,2,1,2,1,1,3,2,3,2,1,2,3,1,3,2,2,2,1,1,1,1,1,4,3,3,3,4,4,4,3,4,3,3,2,3,2,2,2,2,2,3,2,3,2,3,3,2,2,2,3,3,2,2,2,2,2,1,1,1,1,1,1,1,1,1,2, , , , , , , , , , , , , , , , ,2,1,2,1,1,1,1,1, , , , , , , , , , ,2,3,2,2,2,2,2,2,2,1,4,1, , , ,62,2,1.021978022
5611,5,2,2,1, , ,1,2,1, ,1, ,1, ,1, , , ,3,3,3,3,2,3,3,3,3,3,3,3,3,3,3,3,3,3,3,3,3,3,3,3,2,3,3,3,3,3,3,3,2,3,2,2,2,3,2,2,1,0,25,0,1,1,1,1,3,2,1,2,1,1,1,1,1,1,4,4,1,1,1,1,1,1,1,3,3,3,3,1,1,1,1,1,1,1,1,1,1,1,1,1,1,1,2,2,1,1,1,1,2,2,2,3,1,1,1,1,1,3,4,3,4,3,3,3,3,3,3,3,3,3,4,4,3,3,3,3,3,3,3,3,3,3,2,3,3,3,3,3,2,3,4,3,3,3,3,3,3,3,3,3,3,1,1,1,1,1,1,1,1,1,3,3,1,1,1,1,1,2,3,2,2,3,4,4,3, , , , , , , , , , ,3,4,3,4,3,4,3,4,4,4,4,1, , , ,58,2,1.021978022
5612,5,1,2,1, , ,2,2,1,23800, ,0, ,38000, , , , ,2, ,2,3,3,2,3,3,4,3,4,3,4,3,2,3,3,4,3,4,3,3,3,3,4,3,4,3,4,3,3,3,3,4,3,4,3,4,3,3,1,25,25,0,4,2,2,3,3,3,3,2,4,3,3,4,2,3,4,3,2,3,3,3,4,3,2,4,3,4,3,3,3,2,1,1,3,2,1,1,1,1,1,1,1,1,1,1,3,3,3,2,2,3,2,1,3,2,3,4,3,3,3,2,3,3,2,4,3,2,3,3,3,4,3,3,3,4,3,3,3,3,2,3,3,2,2,3,3,4,3,4,1,3,4,3,4,3,2,3,3,4,3,3,3,1, , , , ,1,1,1,2, , , , ,2,1,2,4,3,4,3,3,2,3,3,1, , , ,4, , , , , ,3,2,4,3,3,2,3,3,2,3,4, , ,3,4,52,2,1.021978022
5614,5,2,1,1, , ,1,1,1, ,1, ,1, ,1, , , ,2,2,2,3,2,1,3,3,4,3,1,3,3,2,4,4,4,3,4,4,4,4,3,2,2,3,2,3,3,4,4,4,2,3,4,3,4,4,3,3,1,30,30,15,4,3,1,1,4,2,2,2,2,1,1,1,1,2,1,1,1,1,2,4,4,3,1,2,4,4,2,1,3,3,3,3,3,2,3,2,3,1,1,1,3,1,1,1,1,1,2,1,1,1,2,3,1,1,1,1,1,4,4,4,4,3,2,2,2,3,3,4,4,4,4,3,2,1,3,3,2,3,3,4,3,2,1,2,2,2,3,3,2,1,2,1,1,3,3,3,2,2,2,1,2,1,1,1,1,1,1,1,1,1,1,1,1,1,1,2,1,1,1,1,1,1,1,3,1,1,1,2, , ,5, , , , ,4,3,4,2,4,3,3,2,4,4,1,1, , , ,50,2,1.021978022
5615,5,2,2,1, , ,2,2,1, ,1, ,1,30000, , , , ,2,2,2,2,1,2,1,2,1,1,1,1,1,1,1,1,1,1,1,1,1,1,1,1,1,1,1,1,1,1,1,1,1,1,1,1,1,1,1,1,1,0,10,0,1,1,1,1,2,1,2,1,1,1,1,1,1,1,3,1,1,1,1,1,1,1,1,2,1,1,1,1,1,1,1,1,1,1,1,1,1,1,1,1,1,1,1,1,1,1,1,1,1,1,1,1,1,1,1,1,1,1,1,1,1,1,1,1,1,1,1,2,1,1,2,1,1,1,2,2,2,1,1,2,1,1,1,1,2,2,2,1,2,1,1,1,1,1,1,1,1,1,1,1,1, , , , , ,1, , , , , , , ,3, , ,3,4,3,3,3,3,3,2, , , , , , , , , , ,1,1,1,1,1,1,1,1,1,1,2,1, , , ,60,2,1.021978022
5618,5,2,1,1, , ,2,1,1,34000, ,34000, ,34000, ,1,1,1,2,2,2,3,2,2,2,2,3,2,3,3,3,3,3,3,3,3,3,3,3,3,3,3,3,3,3,3,3,3,3,4,3,3,3,3,3,3,3,2,1,0,30,0,1,1,1,1,4,4,4,4,1,1,1,1,1,4,4,4,4,4,1,1,1,1,1,4,3,4,4,4,1,1,1,1,1,1,3,3,1,1,1,1,1,1,3,1,1,1,1,1,1,1,3,1,1,1,1,1,1,3,3,3,2,2,2,2,3,3,3,3,3,3,3,2,2,3,2,3,2,3,3,3,2,3,3,2,2,3,3,2,2,2,2,2,2,2,2,2,2,2,2,2,2,1,1,1,1,1,1,1,1,1,1,1,1,1,1,1,1,2,3,3,3,3,3,3,2,1, , , ,4, , , , , ,1,1,1,1,1,1,1,1,1,1,3,1, , , ,57,2,1.021978022
5619,5,1,1,1, , ,2,2,1,50000, ,50000, ,100000, ,1,1,1,3,4,4,1,1,1,1,1,3,3,3,2,3,2,4,3,3,3,3,3,2,3,3,3,4,3,3,4,4,4,4,3,3,3,3,3,3,3,3,3,1,3,30,0,2,3,2,3,4,2,1,3,1,1,1,1,1,2,4,1,1,1,1,1,1,1,1,4,4,4,4,1,1,1,2,4,1,1,3,2,1,1,1,1,3,2,3,3,1,1,1,1,1,1,1,3,1,1,1,1,1,3,4,4,3,3,3,3,3,3,3,3,3,3,3,3,3,3,3,3,2,3,3,3,3,2,3,3,3,3,3,3,2,2,2,2,2,2,2,2,2,2,2,3,2,1,1,1,1,1,1,1,1,1,1,1,1,1,1,1,1,1,1,1,1,1,1,1,1,1, , , ,4, , , , , ,2,2,2,2,2,2,2,2,2,2,4, , ,3, ,58,2,1.021978022
5620,5,1,2,1, , ,2,2,1,50000, , ,1, ,1, , , ,2,2,2,3,3,3,3,3,2,2,2,3,3,2,3,3,3,3,3,2,3,3,3,3,2,3,3,3,3,4,4,3,2,2,2,2,3,3,3,3,1,4,30,0,1,1,1,1,3,1,3,1,1,1,1,1,1,1,1,1,1,1,1,1,1,1,1,4,3,3,2,3,1,1,3,4,1,1,2,3,1,1,1,1,1,1,1,1,1,1,1,1,3,3,3,1,1,1,1,1,1,3,4,4,4,4,2,2,3,4,4,3,3,3,3,2,2,2,2,3,2,3,4,4,3,3,2,2,2,3,3,3,2,2,2,2,2,2,2,2,2,2,2,2,2,1,1,1,1,1,1,1,1,2,1,1,1,1,1,1,1,3,3,3,3,3,3,3,3,1,1, , ,4, , , , , ,2,2,2,2,2,2,2,2,2,2,4, ,2, , ,55,2,1.021978022
5621,5,2,1,1, , ,2,2,1,55000, , ,1, ,1, , , ,4,4,4,1,1,1,4,4,1,1,1,2,2,1,3,3,2,1,4,4,1,3,2,2,1,2,2,3,3,3,3,2,3,3,3,3,3,3,3,3,1,2,30,0,1,1,1,1,1,1,4,1,1,1,1,1,1,3,3,3,2,2,1,1,1,1,1,4,2,3,3,3,1,1,1,2,1,1,3,3,1,1,1,1,3,2,2,3,1,1,1,1,2,2,2,2,2,2,2,2,2,3,3,3,3,3,3,2,3,3,3,2,3,3,3,2,2,2,2,3,2,3,2,3,3,3,2,3,2,3,3,4,1,3,3,2,2,2,3,3,2,2,3,2,2,1,1,1,1,1,1,1,1,2,2,3,3,2,2,2,2,4,4,4,4,3,4,3,3, , , , , , , , , , ,2,2,2,3,3,3,3,3,3,3,2,1, , , ,55,2,1.021978022
5623,5,2,2,1, , ,2,2,1,150000, , ,1, ,1, , , ,3,3,3,2,2,2,3,3,2,2,2,2,2,2,2,3,3,2,2,2,2,2,2,2,2,2,2,2,2,3,2,1,1,1,1,1,1,1,1,1,1,0,30,0,1,1,1,1,1,1,3,1,1,2,1,1,1,1,2,1,1,1,1,1,1,1,1,1,1,1,1,1,1,1,1,1,1,1,1,1,1,1,1,1,1,1,1,1,1,1,1,1,1,1,1,1,1,1,1,1,3,4,4,4,4,4,3,3,3,3,3,3,3,3,3,2,2,2,3,3,3,3,3,4,3,2,2,3,2,3,3,2,1,1,2,1,1,1,1,1,1,1,4,4,2,1,1,1,1,1,1,1,1,1,4,1,1,1,1,1,1,3,3,1,1,1,3,3,3, , , , , , , , , , ,3,4,2,4,3,3,3,4,2,2,3,1, , , ,57,2,1.021978022
5624,5,2,1,1, , ,1,2,1,0, ,11200, , ,1, , , , ,2,2,3,1,2,3,3,2,2,1,3,2,2,4,4,4,4,4,4,3,4,3,3,2,2,1,3,4,2,4,1,1,2,2,3,3,2,1,1,1,30,30,10,1,1,1,1,3,4,1,4,1,1,4,1,1,1,1,4,1,1,4,3,1,1,1,2,4,4,1,1,1,1,1,1,2,3,2,2,1,1,1,1,1,1,1,1,1,1,1,1,1,1,1,1,3,1,1,1,2,3,4,3,3,3,2,1,2,3,4,4,4,4,4,3,2,2,3,3,2,3,3,1,3,2,1,3,3,3,2,3,2,1,2,1,2,3,4,3,3,2,4,4,4,1,1,1,1,1,1,1,1,1,2,1,1,1,1,1,3,1,4,1,1,1,1,1,3, , , , , , , , , , ,4,2,4,2,4,1,3,2,4,4,2, ,2, , ,55,2,1.021978022
5633,5,2,2,1, , ,1,2,1, ,1, ,1, ,1, , , ,2,2,2,3,3,3,3,3,1,1,1,1,1,1,1,1,1,1,1,1,1,1,3,3,3,3,3,3,3,3,3,4,1,1,1,1,1,1,1,1,1,0,10,10,4,4,4,4,4,4,4,4,4,4,4,4,4,4,4,4,4,4,4,1,1,4,4,4,1,1,2,2,1,1,1,1,4,4,3,3,1,1,1,1,1,1,1,1,1,1,1,1,1,1,1,1,3,1,1,1,1,3,3,3,3,3,3,3,3,3,3,1,1,1,1,3,3,3,3,3,1,3,3,3,3,3,3,1,3,3,2,3,2,1,1,1,1,1,1,1,1,1,1,1,1,1,1,1,1,1,1,1,1,1,1,1,1,1,1,1,1,1,1,1,1,1,1,1,1,1,1,2,3,4,5,6,7, , ,3,3,3,3,3,3,3,3,3,3,1,1,2,3,4,57,2,1.021978022
5635,5,2,2,1, , ,2,2,1, ,1, ,1, ,1, , , ,3,3,3,2,3,3,4,4,2,2,2,2,2,1,1,2,2,2,2,2,2,2,2,2,2,2,2,2,3,2,3,2,3,3,2,2,2,3,2,3,1,0,30,0,1,1,1,1,2,2,2,3,1,1,1,1,1,2,2,2,2,2,1,1,1,1,1,2,2,3,2,3,1,1,2,2,1,1,2,3,1,1,1,1,2,3,2,3,1,1,1,1,2,3,2,3,1,2,1,1,1,2,2,1,2,2,2,2,1,3,2,2,3,3,4,2,2,3,3,2,2,2,3,2,2,2,2,2,2,1,2,2,2,2,2,3,2,3,2,3,2,3,2,3,2,1,1,1,1,1,1,1,1,1,1,1,1,1,3,1,1,3,2,3,1,1,3,2,3, , , , , , , , , , ,2,3,3,3,2,3,2,3,4,4,3,1, , , ,51,2,1.021978022
5637,5,1,2,1, , ,2,2,1,32000, , ,1,170000, ,1,1,1,4,3,3,3,2,3,4,2,2,2,2,4,4,2,4,4,3,4,4,3,2,1,3,2,2,3,2,3,3,1,3,3,1,3,4,3,3,3,3,2,1,10,30,0,3,3,2,1,4,4,2,1,4,4,3,1,1,4,4,1,3,1,3,3,3,2,2,4,4,2,1,1,3,2,2,1,3,3,3,4,1,1,1,1,2,2,2,2,2,2,2,3,1,1,1,2,2,2,2,2,2,2,2,3,1,1,2,2,3,3,3,3,3,3,3,1,1,2,2,3,3,3,3,1,2,2,3,3,3,2,2,3,2,3,3,3,2,2,1,1,1,1,2,2,2, , , , , , , , , , , , , , , , ,3,3,1,1,1,3,2,4, , , , , , , , , , ,3,2,3,3,3,3,3,3,2,4,3,1, , , ,50,2,1.021978022
5640,5,2,1,1, , ,2,2,1, ,1, ,1,80000, ,1, , ,3,3,4,3,3,2,3,2,3,3,2,2,3,2,4,4,4,4,4,3,3,1,4,4,3,3,3,3,4,4,3,3,3,3,3,2,1,4,1,1,1,16,30,0,2,2,2,1,3,1,2,1,3,3,2,2,1,4,3,2,2,2,2,3,2,3,3,2,2,2,1,1,1,1,3,4,1,1,3,4,3,2,2,2,3,3,2,2,3,2,2,2,3,3,3,2,2,2,2,3,3,3,3,3,3,2,2,3,3,3,3,3,3,3,3,3,3,4,3,4,3,3,3,3,4,3,1,3,3,3,2,3,1,3,3,3,2,2,2,2,2,2,2,2,2, , , , , , , , , , , , , , , , ,2,2,2,2,2,3,3,2, , , , , , , , , , ,3,3,2,2,3,3,3,2,3,3,2,1, , , ,53,2,1.021978022
5642,5,2,2,1, , ,2,2,1,0, ,0, ,26000, , , , , , ,3,2,2,3,4,3,1,1,1,1,1,1,1,1,1,1,1,1,1,1,2,1,1,1,1,1,1,1,1,1,1,1,1,1,1,1,1,1,2, , , , , , , , , , , , , , , , , , , , , , , , , , , , , , , , , , , , , , , , , , , , , , , , , , , , , , , , , , , , ,3,3,3,3,3,3,3,3,3,3,2,2,2,2,2,1,1,2,3,2,2,3,3,2,2,1,2,2,2,2,2,1,3,2,2,2,2,2,2,2,2,2,2,2,1,1,1,1,1,1,1,1,1,3,1,3,1,3,1,1,3,4,3,3,2,4,3,2, , , , , , , , , , ,3,3,2,2,3,2,3,2,3,3,2,1, , , ,55,2,1.021978022
5643,5,2,2,1, , ,2,2,1, ,1, ,1, ,1, , , ,4,4,4,1,1,1,1,1,1,1,1,1,1,1,1,1,1,1,1,1,1,1,3,3,3,3,3,3,3,3,3,3,4,2,2,2,2,2,2,2,1,0,30,0,1,1,1,1,4,4,4,4,1,1,1,1,1,3,3,3,3,3,1,1,1,1,1,3,3,3,2,3,1,1,4,4,1,1,3,3,1,1,1,1,4,4,4,4,1,1,1,1,3,3,3,3,3,3,3,3,3,3,3,3,3,3,3,3,3,3,3,1,1,1,1,1,1,1,1,3,3,3,3,3,3,3,3,3,3,3,3,3,1,3,3,3,3,3,3,3,3,3,3,3,3, , , , , , , , , , , , , , , , ,3,3,3,3,3,3,3,3, , , , , , , , , , ,2,2,2,2,2,2,2,2,2,2,1,1, , , ,50,2,1.021978022
5646,5,2,2,1, , ,2,2,1,0, ,50000, ,120000, , , , , ,3,3,2,2,1,2,3,1,1,1,1,1,1,1,2,2,2,2,2,2,2,2,2,2,2,2,2,3,2,2,2,2,2,2,2,2,2,2,2,1,0,15,0,1,1,1,1,2,1,1,1,1,1,1,1,1,1,1,1,1,1,1,1,1,1,1,3,1,2,1,2,1,1,1,1,1,1,3,3,1,1,1,1,1,1,1,2,1,1,1,1,1,1,1,1,1,1,1,1,1,3,3,2,3,3,3,2,3,3,3,3,3,3,3,1,1,1,1,3,2,3,3,3,2,3,2,2,2,2,2,2,2,2,2,2,2,2,2,2,2,2,2,2,2,1,1,1,1,1,1,1,1,1,1,1,1,1,1,1,1,3,3,3,3,3,3,3,3,1, ,2,3, ,5, , , , ,3,3,2,3,3,3,3,3,3,3,4,1, , , ,50,2,1.021978022
5647,5,2,2,1, , ,2,2,1,0, ,40000, ,140000, , , , , ,4,4,1,2,2,1,2,1,1,1,1,1,1,1,3,3,3,3,3,2,3,3,3,3,3,3,3,3,3,3,2,4,2,2,2,2,2,2,2,1,0,30,0,1,1,1,1,3,3,3,2,2,1,1,1,1,2,3,3,2,2,1,1,1,1,1,3,3,3,2,2,2,2,4,4,2,2,4,4,1,1,1,1,4,3,2,4,1,1,1,1,2,2,2,3,3,3,3,3,2,2,1,2,2,2,3,2,2,3,3,3,3,3,3,3,3,3,3,4,2,2,3,3,2,1,2,2,2,3,3,3,1,3,3,3,3,3,3,3,3,3,3,3,3,1,1,1,1,1,1,1,1,2,2,1,4,2,1,1,1,2,3,3,3,2,3,2,2, , , , , , , , , , ,3,3,3,3,3,3,3,3,3,3,1,1, , , ,50,2,1.021978022
5652,5,2,2,1, , ,2,2,1,50000, , ,1,65000, , , , ,4,3,3,4,3,3,3,3,1,1,1,1,1,1,1,2,2,2,2,2,2,2,1,1,1,3,3,4,4,2,4,3,3,3,3,2,2,2,3,2,1,0,25,0,2,1,1,1,3,2,2,2,1,1,1,1,1,2,3,3,2,3,1,1,1,1,1,4,4,4,4,4,1,1,3,3,1,1,3,3,1,1,1,1,1,2,2,2,1,1,1,1,2,2,2,2,2,2,2,2,2,3,3,3,3,2,2,2,2,3,3,2,2,2,2,1,1,1,1,3,3,3,3,3,2,2,2,2,2,2,2,2,2,2,2,2,2,2,2,2,2,2,2,2,2,1,1,1,1,1,1,1,1,1,1,1,1,1,1,1,1,1,1,1,1,1,1,1,1,1,1,2,3, , , , , , ,1,1,1,1,1,1,1,1,1,1,3,1, , , ,50,2,1.021978022
5655,5,1,2,1, , ,2,2,1,45000, , ,1,100000, , , , ,3,3,3,3,3,3,3,2,3,3,3,3,3,3,2,3,3,3,3,3,3,3,3,3,3,3,3,3,3,3,3,3,3,3,3,3,3,3,3,3,1,7,30,0,2,3,2,2,4,4,4,4,3,3,3,3,2,3,3,3,3,2,3,3,2,3,3,2,2,3,3,3,2,2,3,3,3,3,3,3,3,3,3,3,3,3,3,3,2,2,2,2,2,2,2,2,3,3,3,3,3,3,3,3,3,3,3,3,3,3,3,3,3,3,3,3,3,3,3,3,3,3,3,3,3,3,3,3,3,3,3,3,2,3,3,3,3,3,3,3,3,3,3,3,3,1,1,1,1,1,1,1,1,1,2,2,2,2,2,2,2,3,3,3,3,3,3,3,3,1,1,2, , , , , , , ,2,2,2,2,2,2,2,2,2,2,1,1, , , ,50,2,1.021978022
5658,5,2,2,1, , ,1,2,1,0, ,52000, ,50000, , , , , ,3,3,2,2,2,2,2,1,1,1,1,1,1,1,3,3,3,3,3,3,3,2,2,2,2,2,2,2,2,2,2,2,2,2,2,2,2,2,2,1,0,20,0,1,1,1,1,2,2,2,2,1,1,1,1,1,3,2,3,2,2,1,1,1,1,1,2,2,2,2,2,1,1,2,2,1,1,1,1,1,1,1,1,2,2,2,2,1,1,1,1,2,2,2,2,1,1,1,1,1,3,3,3,3,3,3,3,3,3,3,3,3,3,3,1,1,1,1,2,2,2,3,3,3,2,2,2,2,2,3,3,2,2,2,2,2,2,2,2,2,2,2,2,2,1,1,1,1,1,1,1,1,2,2,2,2,2,2,2,2,2,2,2,2,2,2,2,2,1, ,2,3,4, , , , , ,3,3,3,3,3,3,3,3,3,3,4,1, , , ,50,2,1.021978022
5661,5,1,1,1, , ,1,1,1,60000, , ,1,50000, , , , ,3,3,3,4,3,2,3,2,3,3,3,2,3,2,3,4,4,3,4,4,3,4,4,4,4,3,2,3,3,4,4,4,4,4,4,4,4,4,4,4,1,20,30,20,3,2,2,3,4,2,2,2,2,2,3,3,2,3,3,2,3,2,2,2,3,3,3,4,4,4,3,4,2,1,3,4,3,2,4,4,2,2,3,2,2,2,4,4,2,3,3,2,3,4,4,3,4,2,4,2,2,3,1,1,2,2,2,2,3,4,4,3,3,4,4,4,3,2,4,3,2,3,3,4,3,3,3,3,2,2,3,2,1,3,3,3,3,3,3,3,3,3,3,3,3, ,1,1,1,1,1,1,1, ,2,2,2,2,2,2,2,2,3,3,3,3,3,3,3,1,1,2,3, , ,6, , , ,3,2,3,2,4,2,3,3,3,3,1, , ,3, ,50,2,1.021978022
5664,5,2,2,1, , ,2,2,1,35800, ,0, ,35000, ,1, , ,3, ,3,2,3,3,3,2,3,3,3,4,4,4,4,4,4,3,3,4,3,3,3,2,3,3,3,3,2,3,3,3,3,3,2,2,3,3,3,3,1,0,30,0,3,3,4,3,4,4,4,3,4,4,3,3,4,4,4,3,3,4,2,2,2,2,2,2,4,4,3,3,3,2,2,2,3,3,3,4,3,3,4,4,4,4,3,3,3,4,3,4,3,3,4,4,3,3,4,2,4,4,3,2,2,2,2,3,2,3,3,3,3,4,3,3,3,3,2,4,4,4,3,3,3,4,4,3,4,4,3,3,1,3,3,4,4,3,4,3,4,3,3,3,3, ,1, , , ,1, , , ,1, , , ,1, , ,3,3,3,3,3,3,3,3,1,1,2,3, , , , , , ,2,3,3,3,2,3,2,3,3,3,3,1, , , ,56,2,1.021978022
5670,5,2,2,1, , ,2,2,1,0, ,0, ,45000, , , , , , ,3,3,2,2,2,2,4,4,3,4,4,3,3,3,3,4,3,3,4,3,4,3,4,3,3,3,4,3,3,4,3,4,3,4,4,4,3,3,1,0,30,0,3,3,4,4,4,4,2,3,3,3,3,2,3,3,3,2,4,3,3,3,3,4,3,4,4,4,4,4,2,2,4,4,2,2,2,2,3,3,2,3,3,3,3,2,3,3,4,3,4,4,3,3,2,2,2,3,3,3,3,4,4,4,4,3,4,3,3,3,3,3,3,3,3,3,3,4,3,3,4,3,3,3,4,3,3,3,2,3,1,3,3,2,2,2,3,3,4,3,3,3,3,1,1,1,1,1,1,1,1,1,3,3,1,2,1,2,4,2,4,3,2,3,2,4,4, , , , , , , , , , ,3,3,4,3,4,4,3,4,4,4,2, , ,3, ,50,2,1.021978022
5673,5,2,2,2,2, ,2,2,1, ,1, ,1, ,1,1,1,1,2,2,2,2,3,3,2,2,2,2,2,2,2,2,2,2,2,2,2,2,2,2,2,2,2,2,2,2,2,2,2,2,2,2,2,2,2,2,2,2,3, , , , , , , , , , , , , , , , , , , , , , , , , , , , , , , , , , , , , , , , , , , , , , , , , , , , , , , , , , , , ,2,2,2,2,2,2,2,3,2,3,3,3,3,3,3,2,2,3,3,3,2,2,2,2,3,3,3,2,2,3,3,2,2,2,2,2,2,2,2,2,2,2,2,2,1,1,1,1,1,1,1,1,2,2,2,2,2,2,2,2,2,2,2,2,2,2,2,2,1, ,2, , , , , , , ,3,3,2,2,2,3,3,3,3,3,4, ,2, , ,50,2,1.021978022
5675,5,1,1,1, , ,2,1,1, ,1, ,1, ,1, , , ,1,1,1,2,2,2,2,2,3,3,2,1,3,1,1,3,2,1,4,3,1,1,3,3,3,2,1,2,3,3,2,2,3,3,2,3,2,2,1,2,2, , , , , , , , , , , , , , , , , , , , , , , , , , , , , , , , , , , , , , , , , , , , , , , , , , , , , , , , , , , , ,3,3,3,2,2,2,2,2,2,2,1,2,2,2,2,2,2,4,1,3,3,2,3,3,2,1,3,3,3,3,4,1,3,3,2,2,2,1,3,2,2,3,4,3,1,1,1,1,1,1,1,1,1,1,1,1,1,1,1,1,1,1,1,1,1,1,1,1,1,1,2, , ,5,6, , , ,2,4,3,4,4,4,4,4,4,4,4,1, , , ,56,2,1.021978022
5677,5,2,2,1, , ,2,2,1,50000, ,40000, ,80000, , , , ,4,4,4,3,4,3,4,4,2,2,1,1,2,2,2,3,4,2,3,2,2,3,3,2,2,2,2,3,3,2,2,2,2,2,1,2,2,1,1,2,3, , , , , , , , , , , , , , , , , , , , , , , , , , , , , , , , , , , , , , , , , , , , , , , , , , , , , , , , , , , , ,3,4,3,2,3,2,2,3,3,3,3,2,2,2,2,2,2,2,2,1,3,2,2,3,2,2,2,2,2,2,3,2,1,1,1,1,2,2,2,2,2,3,3,2,1,1,1,1,1,1,1,1,1,1,1,1,1,1,1,1,2,2,2,2,1,3,2,1,1,1,2,3,4,5,6, , , ,3,3,3,3,4,4,3,3,2,2,4, ,2, , ,54,2,1.021978022
5678,5,2,2,1, , ,2,2,1, ,1, ,1, ,1,1, , ,3,3,4,2,3,3,4,1,3,3,2,2,2,2,2,3,3,2,3,3,2,2,3,2,2,4,3,3,3,3,3,3,3,2,3,2,3,3,3,3,1,0,30,0,4,4,4,3,2,1,2,2,1,2,2,1,2,4,3,3,2,3,4,2,4,4,4,4,2,4,4,4,4,3,4,3,3,2,3,2,1,2,3,2,2,1,3,3,2,2,2,3,2,2,2,2,1,2,2,1,3,3,3,3,3,3,3,3,3,3,3,3,3,2,3,2,2,2,3,3,3,2,3,3,3,3,3,3,3,3,3,3,2,2,2,2,2,2,2,2,3,2,2,3,2,1,1,1,1,1,1,1,1,2,3,3,2,2,2,2,2,2,3,3,2,2,2,2,2, , , , , , , , , , ,3,3,2,3,3,3,3,3,3,2,2, , , ,4,50,2,1.021978022
6000,5,2,2,1, , ,2,2,1,0, ,0, ,40000, , , , , , ,3,2,3,3,3,1,1,1,1,1,1,1,1,3,3,2,3,3,2,2,3,2,1,1,1,2,3,3,2,2,2,1,1,1,1,3,2,1,1,0,30,0,1,1,1,1,4,2,2,1,1,1,1,1,1,1,3,1,1,1,1,1,1,1,1,4,2,2,2,1,1,1,2,2,1,1,3,1,1,1,1,1,1,1,1,2,1,1,1,1,1,1,1,1,1,1,1,1,1,3,3,3,3,3,3,2,2,3,3,3,4,3,3,2,2,2,3,3,2,2,2,3,3,3,3,3,3,3,4,2,2,3,2,2,1,2,2,2,1,1,1,2,3, ,1, , , ,1, , , ,1, , , ,1, , ,3,4,3,3,3,3,3,3,1,1,2,3, ,5, , , , ,3,3,3,2,3,3,3,2,3,3,4,1,2, , ,66,2,1
6146,5,2,2,1, , ,2,2,1,0, ,0, , ,1, , , , , ,2,3,4,3,3,3,3,3,3,3,3,3,3,3,3,2,3,3,2,2,3,3,3,3,2,3,3,3,2,3,3,2,3,3,2,3,3,2,1,0,30,0,1,1,1,1,4,4,2,4,1,1,1,1,1,4,3,4,3,2,1,1,1,1,1,4,4,2,2,3,1,1,4,4,1,1,4,4,1,1,1,1,4,3,3,3,1,1,1,1,4,3,4,3,4,3,3,3,3,3,3,2,2,3,2,2,3,2,2,3,3,2,3,3,4,2,3,3,3,2,3,3,2,3,3,3,2,3,3,2,1,3,2,3,3,2,2,3,3,2,3,3,2, , , ,1, , , , , , , ,2, , , , ,1,1,1,2,1,1,1,1,1, , , ,4, , , , , ,3,3,2,2,3,4,3,2,2,3,3, ,2,3, ,44,1,1
6151,5,2,1,1, , ,2,2,1,0, ,0, , ,1, , , , , ,2,3,4,3,3,3,3,3,3,3,3,3,2,3,4,3,3,2,3,3,3,4,3,4,3,3,3,3,3,3,3,3,4,3,3,2,3,3,1,0,30,0,1,1,1,1,4,4,4,4,1,1,1,1,1,4,3,4,4,3,1,1,1,1,1,4,3,4,3,3,1,1,4,3,1,1,4,4,1,1,1,1,4,3,3,3,1,1,1,1,4,3,4,3,4,3,3,4,3,3,3,2,3,3,2,2,3,3,3,3,3,3,3,3,2,3,3,4,3,3,3,2,3,3,3,3,2,3,3,2,2,4,3,3,3,3,2,3,2,2,2,3,2, , , , , , , , , , , , , , , , ,2,1,1,1,1,2,1,2, , , , , , , , , , ,3,3,2,3,3,2,3,3,3,3,4, , ,3, ,53,1,1
6152,5,2,1,1, , ,1,2,1, ,1, ,1, ,1, , , ,3,3,3,4,3,3,3,3,2,2,2,2,2,2,2,3,2,3,3,2,3,2,3,2,3,3,4,3,3,3,4,4,3,3,2,3,3,2,2,3,1,0,30,0,1,1,1,1,4,4,4,3,1,1,1,1,1,4,4,3,4,4,1,1,1,1,1,4,3,4,4,2,1,1,4,3,1,1,4,4,1,1,1,1,4,4,3,4,1,1,1,1,4,4,4,3,4,3,3,4,3,3,3,3,2,2,3,3,2,2,3,3,4,3,3,3,3,3,2,3,3,4,3,2,3,3,3,3,3,2,3,3,1,3,3,2,3,3,3,2,3,3,2,3,3,1,1, , , ,1, , ,2,3, , , ,2, , ,3,3,1,1,1,2,1,1, , , , , , , , , , ,4,3,3,2,2,3,3,3,4,3,3, , ,3, ,38,1,1
6170,5,2,2,1, , ,2,2,1,0, ,0, , ,1, , , , , ,2,4,3,3,4,3,2,2,2,2,2,2,2,4,3,3,2,2,2,3,3,3,3,4,3,3,3,3,4,3,2,3,3,2,2,3,3,2,1,0,30,0,1,1,1,1,4,4,4,4,1,1,1,1,1,4,3,4,3,3,1,1,1,1,1,4,3,4,2,3,1,1,4,3,1,1,4,3,1,1,1,1,4,3,3,2,1,1,1,1,4,3,3,3,4,3,3,2,2,3,3,2,3,2,3,3,2,3,3,3,2,3,3,3,2,3,3,3,3,2,3,3,2,3,3,3,3,2,2,3,2,3,2,3,3,2,3,3,3,2,2,3,2, , , , , , , , , , , , , , , , ,2,1,1,1,1,1,1,1, , , , , , , , , , ,3,3,2,3,3,3,3,3,3,2,4, ,2, , ,55,2,0.941176471
6174,5,2,1,1, , ,1,2,1, ,1, ,1, ,1, , , ,2,2,3,4,3,3,4,3,1,2,2,1,1,1,1,3,4,3,3,4,3,3,3,3,3,4,3,3,3,3,3,3,4,3,3,2,3,3,2,2,1,0,30,0,1,1,1,1,4,4,4,4,1,1,1,1,1,4,4,3,3,3,1,1,1,1,1,4,4,3,3,3,1,1,4,3,1,1,4,4,1,1,1,1,4,3,4,4,1,1,1,1,4,3,4,3,4,3,3,4,3,3,3,3,2,2,3,3,2,2,2,3,4,3,3,3,2,3,3,4,3,3,2,3,3,3,3,3,3,2,3,3,2,3,2,2,2,3,2,2,3,3,2,3,2, , , , , , , , , , , , , , , , ,1,1,1,1,1,1,1,1, , , , , , , , , , ,3,3,2,3,3,2,2,3,3,3,4, ,2, , ,57,2,0.941176471
6177,5,2,1,1, , ,1,2,1, ,1, ,1, ,1, , , ,2,2,2,3,4,3,3,3,2,2,2,2,2,2,2,3,4,3,3,2,2,3,3,4,3,3,3,3,3,3,4,3,4,3,3,2,3,3,3,3,1,0,30,0,1,1,1,1,4,4,4,4,1,1,1,1,1,4,2,4,4,3,1,1,1,1,1,3,3,4,4,3,1,1,4,3,1,1,3,3,1,1,1,1,4,3,3,3,1,1,1,1,4,3,4,3,3,3,4,3,3,3,3,4,3,3,2,2,3,3,3,3,2,3,3,3,4,3,3,4,3,3,3,2,2,3,3,3,3,3,2,3,2,3,4,3,3,2,3,2,2,3,3,3,3, , , , , , , , , , , , , , , , ,1,1,1,1,1,1,1,1, , , , , , , , , , ,3,4,3,3,2,2,3,3,2,3,4, ,2, , ,55,2,0.941176471
6179,5,2,1,1, , ,1,1,1, ,1, ,1, ,1, , , ,3,3,3,3,3,2,2,3,1,1,1,1,1,1,1,3,4,3,3,2,2,3,3,3,3,3,3,3,4,3,3,3,3,3,2,3,2,3,3,2,1,0,30,0,1,1,1,1,4,3,4,2,1,1,1,1,1,4,4,2,3,4,1,1,1,1,1,4,4,3,3,4,1,1,3,3,1,1,3,4,1,1,1,1,3,4,3,3,1,1,1,1,4,4,3,3,4,3,3,4,3,4,3,4,3,3,3,4,3,3,3,4,3,3,3,3,3,2,3,3,3,2,3,2,2,3,3,4,3,3,2,3,2,3,4,3,3,3,2,2,3,3,2,3,3, , , , , , , , , , , , , , , , ,1,1,1,1,1,1,1,1, , , , , , , , , , ,4,3,4,3,3,3,2,2,2,3,4, ,2, , ,57,2,0.941176471
6181,5,2,1,1, , ,1,1,1, ,1, ,1, ,1, , , ,2,2,3,4,3,3,2,3,3,3,3,3,3,3,3,4,3,3,4,3,3,3,4,3,3,3,3,4,3,3,3,4,3,3,4,3,3,2,3,3,1,0,30,10,1,1,1,1,4,4,4,4,1,1,1,1,1,4,4,3,3,4,1,1,1,1,1,4,4,3,4,4,1,1,4,3,1,1,4,3,1,1,1,1,4,4,3,4,1,1,1,1,4,4,3,4,4,3,4,3,3,4,3,3,4,3,3,4,3,3,3,4,3,3,3,3,3,3,3,4,3,3,4,3,3,4,3,4,4,3,4,3,1,4,3,3,2,2,3,3,3,2,3,3,3,1,1, , ,1, , , ,2,3, , ,2, , , ,2,3,1,1,2,1,1,1, , , , , , , , , , ,4,3,3,4,3,4,3,3,3,3,3, ,2,3, ,35,2,1
6217,5,2,1,1, , ,1,2,1, ,1, ,1, ,1, , , ,2,2,3,4,3,3,4,3,3,3,3,3,3,3,3,4,3,4,4,3,3,3,4,4,3,3,4,3,3,4,3,3,4,3,3,4,3,3,4,3,1,0,30,0,1,1,1,1,4,4,4,4,1,1,1,1,1,4,4,3,4,4,1,1,1,1,1,4,4,3,4,3,1,1,4,3,1,1,3,4,1,1,1,1,4,3,4,4,1,1,1,1,4,3,3,4,4,3,4,3,3,4,3,3,3,4,4,3,3,4,3,4,3,4,3,4,4,3,3,4,4,3,3,4,4,3,3,4,4,3,3,3,1,4,3,3,4,3,3,3,4,3,3,3,3, ,1, , , , , ,1, ,3, , , , , ,2,1,3,1,1,1,1,1,2, , , , , , , , , , ,4,3,3,4,3,3,3,3,3,3,3, ,2,3, ,46,2,1.090909091
6278,5,2,1,1, , ,1,2,1, ,1, ,1, ,1, , , ,3,3,3,4,4,3,3,3,3,3,3,3,3,3,2,3,3,4,3,3,3,3,4,3,3,4,3,4,4,3,3,3,4,3,3,4,3,4,3,3,1,0,30,0,1,1,1,1,4,4,4,4,1,1,1,1,1,4,4,2,4,2,1,1,1,1,1,4,4,3,4,2,1,1,4,3,1,1,3,3,1,1,1,1,4,4,3,3,1,1,1,1,4,4,3,4,4,3,3,3,3,3,3,4,4,3,3,4,4,3,3,4,3,4,3,3,4,3,3,4,4,3,3,4,4,3,3,3,3,4,4,3,1,4,3,4,3,3,4,3,4,3,4,3,3, ,1,1, , , , , , ,2,3, , , , , ,1,2,2,1,1,1,1,1, , , , , , , , , , ,3,3,4,3,3,2,3,3,3,3,3, , ,3, ,52,2,0.941176471
6282,5,2,1,1, , ,1,1,1, ,1, ,1, ,1, , , ,2,2,3,4,4,3,4,3,3,3,3,3,3,3,3,4,3,3,4,3,3,3,4,3,3,4,3,3,3,4,3,3,3,4,3,3,4,3,3,3,1,10,30,0,4,4,3,2,4,4,4,4,2,2,2,2,2,4,3,3,2,3,3,3,2,2,2,4,4,4,3,2,2,2,3,3,2,2,3,3,2,2,3,2,3,3,4,3,2,2,2,2,3,3,4,3,3,4,3,3,3,4,3,3,3,3,4,3,3,3,3,3,3,4,3,4,3,3,3,3,3,4,3,3,4,3,3,3,3,4,3,3,1,3,3,4,3,3,2,3,3,2,3,3,3,1,1,1,1,1,1, , ,2,3,2,1,2,2, , ,2,3,2,1,2,2,2,2, , , , , , , , , , ,3,3,2,3,3,2,3,3,3,3,3, , ,3, ,49,2,1.014925373
6287,5,2,1,1, , ,1,1,1, ,1, ,1, ,1, , , ,2,2,2,3,4,3,4,3,3,3,2,2,3,3,3,3,4,3,4,4,3,3,4,3,3,3,3,3,3,3,4,3,3,4,3,3,4,3,3,3,1,0,30,0,1,1,1,1,4,4,4,4,1,1,1,1,1,4,4,2,4,4,1,1,1,1,1,4,3,3,3,4,1,1,4,3,1,1,4,3,1,1,1,1,3,3,4,3,1,1,1,1,4,4,3,4,4,3,3,4,4,4,4,3,3,3,4,4,3,3,3,3,3,4,3,3,3,4,4,4,4,3,3,4,3,3,3,3,3,3,4,3,1,3,4,3,4,3,3,4,3,3,4,3,3,1,1,1,1, , , , ,2,2,1,2, , , , ,2,3,2,2,2,2,2,2,1, , , ,4, , , , , ,3,3,4,3,3,3,2,3,2,2,3, , ,3, ,39,2,1
6291,5,2,1,1, , ,1,1,1, ,1, ,1, ,1, , , ,2,2,2,3,3,4,3,3,3,3,2,3,3,3,3,3,3,4,4,3,3,3,3,3,3,3,4,4,3,3,3,3,4,3,3,2,3,3,3,2,1,0,30,0,1,1,1,1,4,4,4,2,1,1,1,1,1,4,4,2,4,4,1,1,1,1,1,4,4,2,4,3,1,1,4,3,1,1,3,3,1,1,1,1,3,4,3,3,1,1,1,1,4,4,3,3,3,3,4,3,3,3,3,4,3,3,2,2,3,3,2,3,2,3,3,3,3,3,2,3,4,3,3,2,2,3,3,3,3,2,2,3,1,3,3,2,2,3,3,2,2,3,3,3,3,1,1,1,1, , ,1,1,2,2,2,2, , ,2,2,2,2,2,2,1,1,2,2,1, ,2,3,4, , , , , ,3,3,2,3,2,2,3,3,2,3,3, , ,3, ,45,2,1.090909091
6295,5,2,1,1, , ,1,2,1, ,1, ,1, ,1, , , ,2,2,2,4,3,3,4,3,4,3,3,3,3,3,3,3,3,4,4,3,3,3,4,3,3,4,3,3,4,3,3,4,3,3,3,4,4,3,3,3,1,10,30,5,4,3,3,2,4,4,4,4,4,3,3,2,2,4,4,3,4,4,3,2,2,2,3,4,4,4,3,3,3,3,4,4,3,3,4,4,3,2,2,3,3,3,3,3,2,2,3,2,3,3,4,3,3,4,3,3,4,3,3,4,4,3,4,3,3,4,3,3,4,3,3,3,3,2,3,3,3,4,3,3,4,3,3,3,3,4,3,3,1,3,3,4,3,3,4,3,2,2,3,3,3,1,1,1, , , ,1,1,2,2,1, , , ,2,3,2,2,1,1,1,1,2,3, , , , , , , , , , ,3,3,4,3,3,2,3,3,2,3,3, , ,3, ,32,2,1
6318,5,2,2,1, , ,2,2,1,0, ,0, ,50000, , , , , , ,3,4,3,3,4,3,3,3,3,3,2,3,3,4,3,3,4,3,3,3,3,4,3,4,3,3,4,3,3,3,3,4,3,3,3,2,3,3,1,0,30,0,1,1,1,1,4,4,4,4,1,1,1,1,1,4,4,3,4,4,1,1,1,1,1,4,4,3,3,4,1,1,4,3,1,1,4,3,1,1,1,1,4,4,3,3,1,1,1,1,3,4,3,3,4,3,4,3,3,4,4,3,3,4,3,3,3,4,3,3,4,3,3,3,3,4,3,3,3,4,3,3,4,3,3,3,3,4,3,3,1,3,4,3,3,3,2,3,2,3,3,3,2, ,1, , ,1, , ,1, ,2, , ,2, , ,2,1,2,2,1,2,1,1,2,1, , ,3,4, , , , , ,4,3,3,4,3,2,3,3,2,3,4, , ,3, ,39,2,1
6322,5,2,2,1, , ,2,2,1,0, ,0, , ,1, , , , , ,3,3,3,4,3,3,2,2,2,2,2,2,2,4,3,3,2,2,3,3,4,3,3,4,3,3,3,4,3,3,3,3,2,3,3,2,2,3,1,0,30,0,1,1,1,1,4,4,4,4,1,1,1,1,1,4,4,2,4,3,1,1,1,1,1,4,2,4,3,3,1,1,4,3,1,1,3,3,1,1,1,1,3,3,4,3,1,1,1,1,3,4,3,3,3,3,4,3,4,3,3,2,2,3,3,2,3,3,2,4,3,3,3,3,3,2,3,3,4,3,3,2,2,3,3,3,3,4,3,3,1,3,2,3,3,3,2,3,3,2,2,3,3,1,1,1, , ,1, , ,2,2,2, , ,2, , ,2,2,2,1,1,2,1,1,1, ,2,3, , , , , , ,3,3,4,3,3,4,3,2,2,3,4, ,2,3, ,47,2,1.090909091
6331,5,2,1,1, , ,1,1,1, ,1, ,1, ,1, , , ,2,2,2,4,3,3,3,3,3,3,3,2,3,3,3,3,3,3,4,3,3,3,3,3,4,3,3,4,3,3,3,3,3,2,2,3,3,3,2,3,1,0,30,0,1,1,1,1,4,4,2,3,1,1,1,1,1,4,4,2,4,3,1,1,1,1,1,3,4,3,4,3,1,1,4,3,1,1,4,3,1,1,1,1,3,4,3,3,1,1,1,1,3,4,3,3,4,3,3,4,3,3,3,4,3,3,4,3,3,3,3,3,3,4,3,3,3,4,3,3,3,4,3,3,3,4,3,3,3,2,3,3,1,3,3,2,3,3,2,3,3,2,3,3,3,1,1, , , , , , ,2,3, , , , , , ,2,3,1,1,1,1,2,2, , , , , , , , , , ,3,3,4,3,3,4,3,3,4,3,3, ,2, , ,45,2,1.090909091
6336,5,2,1,1, , ,1,2,1, ,1, ,1, ,1, , , ,2,2,3,3,2,3,3,2,2,2,2,2,2,2,2,3,3,2,3,3,2,3,3,3,3,3,3,4,3,3,3,3,3,4,3,3,2,3,2,2,1,0,30,0,1,1,1,1,4,4,4,4,1,1,1,1,1,4,4,3,4,3,1,1,1,1,1,4,4,3,4,3,1,1,4,3,1,1,3,3,1,1,1,1,3,4,3,3,1,1,1,1,3,3,4,3,3,4,3,3,3,3,3,4,3,3,3,2,2,3,3,3,4,3,3,3,3,2,3,3,3,2,3,3,3,3,2,3,3,2,3,3,2,3,3,2,2,2,3,2,2,3,2,2,2, , , , , , , , , , , , , , , , ,1,1,1,1,1,1,1,1, , , , , , , , , , ,3,2,2,2,3,3,2,2,3,2,4, ,2, , ,56,2,0.941176471
6340,5,2,1,1, , ,1,2,1, ,1, ,1,45000, , , , ,2,3,3,3,4,3,3,3,2,1,2,2,2,2,2,3,4,3,3,4,3,3,3,3,3,3,3,3,3,3,3,3,3,2,2,3,3,4,3,3,1,0,30,0,1,1,1,1,4,4,2,4,1,1,1,1,1,4,4,3,4,4,1,1,1,1,1,4,4,3,4,4,1,1,3,4,1,1,3,3,1,1,1,1,4,3,3,3,1,1,1,1,4,4,3,3,3,4,3,3,3,3,3,2,3,3,2,3,3,3,2,3,3,2,3,3,2,3,3,4,3,3,2,3,2,3,3,3,3,2,2,3,2,3,3,2,2,3,3,3,2,3,3,3,3, , , , , , , , , , , , , , , , ,2,2,1,1,1,2,2,2, , , , , , , , , , ,3,3,2,3,3,4,3,3,2,3,4,1,2, , ,55,2,0.941176471
6409,5,2,2,1, , ,2,2,1,0, ,0, , ,1, , , , , ,2,4,3,3,4,3,4,3,4,3,2,3,3,4,4,3,3,4,4,3,4,3,4,3,3,3,4,3,3,3,3,4,4,3,3,4,3,3,1,0,30,0,1,1,1,1,4,4,4,4,1,1,1,1,1,4,4,3,4,4,1,1,1,1,1,4,4,3,4,4,1,1,4,4,1,1,4,3,1,1,1,1,4,4,3,3,1,1,1,1,4,4,3,4,4,3,3,4,3,3,3,4,3,3,2,3,3,2,3,3,3,4,3,3,3,2,3,3,3,4,3,2,3,3,2,3,3,2,3,3,1,3,3,2,3,3,4,3,3,2,3,3,3,1,1,1, , , , , ,2,2,1, , , , , ,2,2,1,2,2,1,1,2,1, , , ,4, , , , , ,4,3,4,3,3,2,3,3,2,3,3, , ,3, ,37,1,1
6411,5,2,1,1, , ,1,2,1, ,1, ,1,68000, , , , ,3,3,3,4,3,3,3,4,3,2,3,2,3,2,3,4,3,3,3,4,3,3,3,3,3,3,3,2,3,3,3,3,3,2,3,3,4,3,3,3,1,0,30,0,1,1,1,1,4,4,4,4,1,1,1,1,1,4,2,4,3,3,1,1,1,1,1,4,2,4,3,4,1,1,4,4,1,1,4,3,1,1,1,1,4,4,3,3,1,1,1,1,4,4,3,4,4,3,3,4,3,3,3,3,2,3,4,3,3,3,3,3,3,4,3,3,4,3,3,3,3,2,3,3,4,3,3,3,3,2,3,3,1,3,3,2,3,3,2,3,4,3,3,3,2,1,1, , , ,1, , ,2,1, , , ,3, , ,2,1,2,1,1,3,1,2, , , , , , , , , , ,3,4,3,3,2,3,3,2,3,3,3, , ,3, ,50,1,1
6414,5,2,1,1, , ,1,1,1, ,1, ,1, ,1, , , ,3,3,3,4,3,3,4,3,4,4,4,4,4,4,4,4,4,3,3,4,4,3,4,3,4,3,3,4,3,3,3,4,4,3,3,4,4,3,3,3,1,20,30,10,4,4,4,4,4,4,4,4,4,3,4,3,3,4,4,3,4,4,4,4,3,3,3,4,4,4,3,2,4,3,4,4,3,3,3,4,4,3,3,3,4,4,3,3,4,3,3,4,4,4,4,3,4,3,3,4,3,3,3,3,2,3,3,4,3,3,3,3,4,3,3,3,3,4,3,3,4,3,3,3,3,4,3,4,3,3,4,3,1,4,3,3,4,3,3,4,4,3,3,4,3,1,1,1, ,1, , , ,2,2,3, ,3, , , ,3,3,3,2,3,2,2,3, , , , , , , , , , ,4,3,3,4,4,3,3,4,3,3,3, , ,3, ,28,1,1
6420,5,2,1,1, , ,1,1,1, ,1, ,1, ,1, , , ,2,2,2,3,3,4,4,3,3,3,3,3,3,3,3,4,3,3,4,4,3,3,4,3,4,3,3,4,3,3,3,3,3,4,3,3,4,3,3,3,1,10,30,15,4,4,2,3,4,4,4,4,4,4,3,3,2,4,4,4,3,3,4,4,3,2,3,4,4,4,4,3,3,3,4,4,4,3,4,4,4,3,4,3,4,4,3,3,4,4,3,3,4,4,4,3,4,3,3,3,3,4,4,3,3,4,4,3,3,4,3,3,3,4,3,3,3,4,3,3,3,4,4,3,3,4,3,3,3,4,3,3,1,3,3,4,4,3,3,4,4,3,3,3,3,1,1,1,1, , ,1,1,2,3,2,2, , ,2,2,3,3,2,2,1,1,3,2, , , , , , , , , , ,4,4,3,3,4,3,3,4,3,3,3, , ,3, ,24,2,1
6422,5,2,2,1, , ,2,2,1,0, ,0, , ,1, , , , , ,1,4,4,3,3,3,3,3,3,3,3,3,3,3,4,4,3,4,3,3,3,3,4,4,3,3,4,3,3,4,4,3,3,4,3,3,3,3,1,0,30,0,1,1,1,1,4,4,4,4,1,1,1,1,1,4,4,2,4,4,1,1,1,1,1,4,4,3,2,3,1,1,4,4,1,1,4,3,1,1,1,1,4,4,3,3,1,1,1,1,4,4,3,3,4,4,3,3,4,4,3,3,4,3,3,4,3,3,3,3,3,3,4,4,3,3,3,4,3,3,2,3,3,3,3,3,3,2,3,3,1,3,3,2,3,3,4,3,2,3,3,3,3,1,1, , , , , , ,2,3, , , , , , ,2,3,1,1,1,2,2,2, , , , , , , , , , ,3,3,4,3,3,4,3,3,4,3,3, ,2,3, ,31,2,1
6424,5,2,1,1, , ,1,2,1, ,1, ,1, ,1, , , ,2,2,3,3,3,2,3,3,3,3,3,3,3,3,3,4,3,4,3,3,4,3,3,3,4,3,3,4,4,3,3,3,3,4,4,3,3,2,3,3,1,0,30,0,1,1,1,1,4,4,4,4,1,1,1,1,1,4,4,3,4,2,1,1,1,1,1,4,4,3,3,4,1,1,4,3,1,1,3,3,1,1,1,1,4,4,3,3,1,1,1,1,4,4,3,4,4,4,3,3,3,3,3,4,3,4,4,3,3,3,3,3,3,4,3,3,3,4,3,3,3,4,3,3,4,4,3,3,3,4,3,3,1,3,3,4,4,3,3,4,4,3,3,3,3,1,1,1,1, , , , ,2,3,2,3, , , , ,2,3,2,3,2,2,1,1, , , , , , , , , , ,3,4,3,4,3,3,3,4,3,3,3, ,2,3, ,45,1,1
6426,5,2,1,1, , ,1,1,1, ,1, ,1,70000, , , , ,3,3,3,4,3,4,3,3,2,3,2,2,3,3,3,4,4,3,3,4,4,3,3,3,4,3,4,4,3,3,3,3,3,4,4,3,4,4,3,3,1,0,30,0,1,1,1,1,4,4,4,4,1,1,1,1,1,4,4,3,4,4,1,1,1,1,1,4,4,2,4,4,1,1,4,4,1,1,4,3,1,1,1,1,4,3,4,4,1,1,1,1,4,4,3,3,4,4,3,3,4,4,3,3,4,3,3,3,4,4,3,4,4,3,3,4,4,3,3,4,3,3,4,4,3,3,3,4,4,3,3,3,1,4,3,3,4,3,3,3,3,3,3,2,3, , , , , , , , , , , , , , , , ,2,2,1,1,2,1,1,1, , , , , , , , , , ,3,3,4,3,3,2,3,2,2,3,3, , ,3, ,52,1,1
6448,5,2,1,1, , ,1,1,1, ,1, ,1, ,1, , , ,2,2,2,4,4,3,3,3,2,2,1,1,1,1,1,4,3,4,3,3,3,3,3,3,3,3,3,4,3,3,3,3,3,3,3,2,2,3,3,3,1,0,30,0,1,1,1,1,4,4,4,2,1,1,1,1,1,4,4,2,4,3,1,1,1,1,1,4,4,3,2,3,1,1,4,4,1,1,4,3,1,1,1,1,4,4,3,3,1,1,1,1,4,3,4,3,4,3,3,4,4,3,3,2,3,2,3,3,3,4,3,3,3,4,3,3,3,2,3,3,3,2,3,3,2,3,3,2,3,3,3,3,2,3,3,2,2,2,3,3,2,2,3,3,2, , , , , , , , , , , , , , , , ,1,1,1,1,1,1,1,1, , , , , , , , , , ,3,2,3,2,2,3,3,2,2,3,4, ,2, , ,55,2,0.941176471
6450,5,2,1,1, , ,1,1,1, ,1, ,1, ,1, , , ,3,3,3,3,4,3,3,3,2,1,1,1,1,1,1,3,3,2,3,3,3,3,3,4,3,4,3,3,4,2,3,3,3,2,3,3,2,2,3,3,1,0,30,0,1,1,1,1,4,4,4,3,1,1,1,1,1,4,3,4,2,3,1,1,1,1,1,4,3,3,4,3,1,1,4,3,1,1,3,3,1,1,1,1,3,4,3,3,1,1,1,1,3,3,4,3,3,3,2,3,2,3,4,3,2,3,2,3,2,3,3,3,2,3,2,3,2,2,3,3,2,3,3,2,2,3,3,3,2,3,2,3,2,3,2,3,2,2,3,3,2,2,2,3,3, , , , , , , , , , , , , , , , ,1,2,1,1,1,1,1,1, , , , , , , , , , ,3,2,3,2,2,3,3,2,3,2,4,1,2, , ,56,2,0.941176471
6455,5,2,2,1, , ,2,2,1,0, ,0, ,40000, , , , , , ,2,3,3,2,3,3,1,1,1,1,1,1,1,3,2,3,3,2,3,3,2,3,3,3,3,2,3,3,4,3,3,2,3,3,2,3,3,3,1,0,30,0,1,1,1,1,4,4,4,3,1,1,1,1,1,4,4,4,3,2,1,1,1,1,1,4,2,4,3,3,1,1,3,3,1,1,4,3,1,1,1,1,3,4,3,3,1,1,1,1,3,4,3,3,3,4,3,3,2,3,2,3,3,2,2,3,2,2,3,3,3,2,3,3,2,3,3,3,3,2,2,3,3,3,3,3,2,3,2,3,2,3,2,3,3,3,2,2,3,3,2,3,2, , , , , , , , , , , , , , , , ,1,2,2,1,1,1,1,1, , , , , , , , , , ,3,2,3,3,3,2,2,3,3,3,4,1,2, , ,57,2,0.941176471
6461,5,2,2,1, , ,2,2,1,0, ,0, , ,1, , , , , ,2,4,3,3,3,3,2,2,2,2,2,2,2,4,3,3,3,4,3,3,3,4,3,3,4,3,3,4,3,3,4,3,3,2,3,3,4,3,1,0,30,0,1,1,1,1,4,4,4,4,1,1,1,1,1,4,3,4,3,3,1,1,1,1,1,4,3,4,3,3,1,1,4,3,1,1,4,3,1,1,1,1,3,4,3,3,1,1,1,1,3,4,3,3,3,4,3,3,3,3,4,3,3,2,3,3,2,3,3,3,4,3,3,2,3,3,2,3,3,2,2,3,3,2,3,3,2,3,2,3,1,3,2,3,3,4,3,3,2,3,3,3,3, ,1,1, , , , , , ,3,2, , , , , ,1,3,2,1,2,1,2,2, , , , , , , , , , ,3,4,3,2,3,3,2,3,3,3,4, ,2, , ,54,2,0.941176471
6463,5,2,2,1, , ,2,2,1,0, ,0, , ,1, , , , , ,3,4,3,4,3,3,2,3,2,3,3,2,3,4,3,3,3,4,3,3,3,4,3,4,3,3,4,3,3,4,3,4,3,3,3,4,3,3,1,0,30,0,1,1,1,1,4,4,4,4,1,1,1,1,1,4,2,4,3,2,1,1,1,1,1,4,3,4,4,2,1,1,4,4,1,1,4,3,1,1,1,1,3,4,3,4,1,1,1,1,4,3,4,3,3,4,3,3,3,3,3,2,3,3,3,4,3,2,3,3,3,3,2,3,3,2,3,4,3,3,3,3,4,3,3,3,3,2,3,3,1,4,3,3,2,2,3,3,4,3,2,3,3,1,1,1,1,1,1,1,1,2,3,2,2,2,2,2,2,2,3,2,2,2,3,2,2, , , , , , , , , , ,4,3,3,2,3,3,2,3,3,3,4, , ,3, ,34,2,1
6468,5,2,1,1, , ,1,2,1, ,1, ,1, ,1, , , ,2,2,2,3,3,2,3,3,2,2,2,2,2,2,2,4,3,3,2,3,3,3,3,3,3,3,3,3,4,3,3,3,3,3,3,3,2,3,3,3,1,0,30,0,1,1,1,1,3,4,3,4,1,1,1,1,1,4,3,4,3,2,1,1,1,1,1,4,3,2,4,3,1,1,3,4,1,1,3,3,1,1,1,1,4,3,3,3,1,1,1,1,3,4,3,3,3,4,3,3,3,3,3,2,3,3,2,2,3,3,3,3,3,2,3,3,3,2,3,4,3,3,2,3,2,3,3,3,3,2,3,3,2,3,3,2,2,3,3,2,3,3,3,3,3, , , , , , , , , , , , , , , , ,1,2,2,1,2,1,2,2, , , , , , , , , , ,3,3,2,3,2,2,3,2,3,2,3, ,2, , ,53,2,0.941176471
6499,5,2,1,1, , ,1,2,1, ,1, ,1,45000, , , , ,2,2,2,3,3,4,3,3,3,3,3,3,3,3,2,4,3,3,4,3,3,3,3,4,3,4,3,3,4,3,3,3,4,3,4,3,3,3,3,3,1,0,30,0,1,1,1,1,4,4,4,4,1,1,1,1,1,4,3,4,4,2,1,1,1,1,1,4,2,4,3,3,1,1,4,3,1,1,4,3,1,1,1,1,4,3,3,3,1,1,1,1,3,4,3,4,4,3,3,4,3,4,3,3,3,4,3,3,3,3,3,3,4,3,3,3,4,3,3,3,3,4,3,3,4,3,3,3,4,3,4,3,1,4,3,3,2,3,3,2,3,2,3,3,3,1,1,1,1, , , , ,2,2,2,2, , , , ,2,3,3,1,1,1,1,1,1, , , ,4, , , , , ,4,3,3,2,3,2,3,3,3,3,3, , ,3, ,44,2,1.090909091
6506,5,2,1,1, , ,1,2,1, ,1, ,1, ,1, , , ,3,3,3,3,4,3,3,3,2,3,3,3,3,3,3,3,4,3,3,4,3,3,3,4,3,3,3,3,3,3,3,4,3,4,3,3,3,4,3,3,1,0,30,0,1,1,1,1,4,4,4,4,1,1,1,1,1,4,3,4,4,3,1,1,1,1,1,3,4,4,3,3,1,1,4,4,1,1,4,3,1,1,1,1,4,4,3,3,1,1,1,1,3,4,4,3,4,3,3,4,3,3,4,3,3,2,3,3,2,3,3,3,3,2,3,3,2,3,3,4,3,3,4,3,3,2,3,3,3,4,3,3,1,3,4,3,3,2,3,2,3,2,3,3,3,1,1, , , , ,1,1,2,3, , , , ,2,2,2,3,1,1,1,1,2,2, , , , , , , , , , ,3,2,3,2,3,3,4,3,3,3,3, ,2,3, ,40,2,1.090909091
6520,5,2,1,1, , ,1,2,1, ,1, ,1, ,1, , , ,2,2,2,3,4,3,3,3,2,2,2,2,1,1,1,3,4,3,3,2,2,3,3,2,3,3,3,3,3,3,4,3,3,2,3,3,2,2,3,3,1,0,30,0,1,1,1,1,4,4,4,2,1,1,1,1,1,4,4,3,4,3,1,1,1,1,1,4,3,4,4,2,1,1,4,4,1,1,3,3,1,1,1,1,4,3,4,3,1,1,1,1,4,4,3,4,4,3,3,2,3,3,3,2,2,3,4,3,3,2,3,3,4,3,3,3,3,2,3,4,3,3,2,3,3,3,3,4,3,2,3,3,2,3,3,2,2,3,3,2,3,3,3,3,2, , , , , , , , , , , , , , , , ,1,2,1,1,1,1,1,1, , , , , , , , , , ,3,3,3,2,3,2,3,3,3,3,4, ,2,3, ,53,2,1.021978022
6526,5,2,1,1, , ,1,2,1, ,1, ,1, ,1, , , ,3,3,3,3,4,3,4,3,3,3,3,3,3,3,3,4,3,4,4,3,3,3,4,4,3,3,4,4,3,3,3,3,4,4,3,3,3,4,3,3,1,0,30,0,1,1,1,1,4,4,4,3,1,1,1,1,1,2,4,4,4,3,1,1,1,1,1,4,4,3,4,4,1,1,4,4,1,1,4,3,1,1,1,1,4,3,4,4,1,1,1,1,4,3,4,3,3,4,3,3,3,3,4,3,3,2,3,3,2,3,3,3,3,4,3,3,3,4,3,3,3,4,4,3,3,2,2,3,3,4,3,3,1,4,3,3,3,2,2,3,4,3,3,3,3,1,1,1,1, ,1,1,1,2,3,2,1, ,1,1,2,2,3,1,1,1,1,2,2, , , , , , , , , , ,4,3,3,2,2,3,3,2,3,3,3, , ,3, ,49,2,1.090909091
6532,5,2,2,1, , ,2,2,1,0, ,0, ,45000, , , , , , ,3,4,3,3,4,3,2,2,2,2,2,2,2,4,3,3,2,3,3,3,3,2,3,3,3,3,4,3,3,3,4,3,3,3,2,3,3,3,1,0,30,0,1,1,1,1,4,4,4,4,1,1,1,1,1,4,3,4,4,3,1,1,1,1,1,4,2,3,4,3,1,1,3,4,1,1,4,3,1,1,1,1,4,4,3,4,1,1,1,1,4,4,3,4,4,3,3,4,3,3,3,4,4,3,3,2,3,3,3,3,3,4,3,3,3,4,3,3,4,3,3,2,3,3,3,3,3,3,2,3,1,3,2,3,3,2,2,3,3,2,3,4,3,1,1,1,1, , , ,1,2,3,1,2, , , ,2,2,3,1,2,1,1,1,2, , , , , , , , , , ,3,2,3,2,2,3,3,3,3,4,3, ,2,3, ,35,2,1
6642,5,2,2,1, , ,2,2,1,0, ,0, , ,1, , , , , ,2,4,3,3,3,3,3,3,3,3,3,2,3,3,3,4,3,3,4,3,3,3,3,3,4,3,4,3,3,3,3,2,3,3,2,3,3,2,1,0,30,0,1,1,1,1,4,4,3,4,1,1,1,1,1,4,4,3,4,4,1,1,1,1,1,4,4,2,4,2,1,1,4,4,1,1,4,3,1,1,1,1,4,4,3,4,1,1,1,1,4,4,3,4,4,3,3,4,3,4,3,4,3,4,3,4,3,3,3,3,4,3,3,4,3,3,3,4,4,3,4,3,3,4,3,3,4,3,3,3,1,3,4,3,3,4,3,3,4,3,3,2,3,1,1,1,1,1, , ,1,2,3,3,2,2, , ,2,2,3,3,2,2,1,1,2, , , , , , , , , , ,3,4,3,2,3,3,2,3,3,2,3, , ,3, ,32,2,1
6646,5,2,2,1, , ,2,2,1,0, ,0, , ,1, , , , , ,3,4,3,3,3,3,2,2,2,2,2,2,2,3,3,2,3,2,3,3,3,3,3,3,3,3,3,3,2,3,2,3,3,2,2,3,2,2,1,0,30,0,1,1,1,1,4,4,3,3,1,1,1,1,1,4,2,4,3,2,1,1,1,1,1,3,3,2,3,2,1,1,3,3,1,1,3,3,1,1,1,1,4,3,2,2,1,1,1,1,3,3,2,2,3,2,3,3,2,3,2,2,3,3,2,2,3,3,2,3,4,3,3,3,2,2,3,3,2,3,2,2,3,3,2,2,3,2,3,3,2,3,3,2,2,3,3,3,2,2,3,2,2, , , , , , , , , , , , , , , , ,2,2,1,1,1,1,1,1, , , , , , , , , , ,3,3,2,3,3,2,3,3,2,3,4, ,2, , ,45,2,1.090909091
6653,5,2,1,1, , ,1,2,1, ,1, ,1,50000, , , , ,3,3,3,4,3,2,2,3,2,2,2,2,2,2,2,3,3,3,2,3,3,2,3,3,2,3,3,3,4,3,3,3,3,2,3,3,2,2,3,3,1,0,30,0,1,1,1,1,4,4,2,4,1,1,1,1,1,4,4,2,4,3,1,1,1,1,1,4,4,2,4,3,1,1,3,3,1,1,3,3,1,1,1,1,3,4,3,3,1,1,1,1,3,3,2,3,3,3,2,2,3,3,3,2,2,3,3,2,3,3,2,3,2,3,3,3,2,2,3,3,3,2,2,3,3,2,3,2,3,2,2,2,1,3,2,2,3,2,2,3,3,2,2,3,3,1,1, , , ,1, , ,2,3, , , ,2, , ,2,3,2,2,1,2,1,1, , , , , , , , , , ,3,3,2,3,2,3,3,2,2,3,4, ,2,3, ,46,2,1.090909091
8279,5,2,1,1, , ,1,2,1, ,1, ,1, ,1, , , ,2,2,3,4,3,3,3,3,2,1,1,1,1,1,1,4,3,3,2,3,2,2,3,2,3,3,3,3,3,3,3,3,3,2,3,3,2,3,3,2,1,0,30,0,1,1,1,1,4,4,3,3,1,1,1,1,1,4,4,3,3,3,1,1,1,1,1,3,4,3,2,2,1,1,3,3,1,1,3,3,1,1,1,1,4,3,3,3,1,1,1,1,3,3,2,3,4,3,4,3,3,4,3,3,3,3,4,3,2,2,3,3,3,2,3,3,3,2,3,3,3,2,3,2,3,3,2,3,2,2,2,3,2,3,2,2,2,3,2,2,3,2,2,3,3, , , , , , , , , , , , , , , , ,2,1,1,1,2,1,1,1, , , , , , , , , , ,3,2,2,3,2,2,3,2,3,2,4,1,2, , ,45,2,1.090909091
8284,5,2,2,1, , ,2,2,1,0, ,0, , ,1, , , , , ,2,3,3,2,2,3,1,1,1,1,1,1,1,3,3,2,2,3,2,3,3,2,3,3,4,3,3,3,2,3,3,2,3,3,2,2,2,2,1,0,30,0,1,1,1,1,4,3,2,3,1,1,1,1,1,3,2,2,2,2,1,1,1,1,1,3,3,2,3,2,1,1,3,3,1,1,2,3,1,1,1,1,3,3,2,2,1,1,1,1,3,2,3,2,3,3,2,3,3,3,2,2,3,3,2,3,2,2,3,3,2,2,2,2,3,3,2,3,3,2,3,3,2,2,3,3,3,2,2,3,2,3,2,2,3,3,2,3,2,3,2,2,3, , , , , , , , , , , , , , , , ,1,2,1,1,1,1,1,1, , , , , , , , , , ,3,2,2,3,2,2,3,2,2,2,4,1,2, , ,51,2,0.941176471
8304,5,2,2,1, , ,2,2,1,0, ,0, , ,1, , , , , ,3,3,4,3,3,2,2,2,2,2,2,2,2,3,3,3,2,2,3,2,3,2,3,3,3,3,3,3,2,3,3,3,2,2,3,3,2,2,1,0,30,0,1,1,1,1,4,3,3,2,1,1,1,1,1,3,3,2,2,3,1,1,1,1,1,3,3,2,2,3,1,1,3,3,1,1,3,2,1,1,1,1,3,2,3,2,1,1,1,1,3,2,3,2,3,2,2,3,2,2,2,3,2,2,3,2,2,3,2,3,2,3,2,3,2,2,3,2,3,3,2,3,3,2,2,2,2,3,3,2,1,3,2,3,2,3,3,3,3,2,3,2,3,1,1,1, , , , , ,2,2,2, , , , , ,1,2,2,1,1,1,1,1,1, , ,3,4, , , , , ,3,2,2,3,2,2,3,2,3,2,4,1,2, , ,51,2,0.941176471
8323,5,2,1,1, , ,1,2,1, ,1, ,1, ,1, , , ,3,3,3,3,3,4,3,3,3,3,3,3,3,3,3,3,4,3,3,4,3,3,3,4,3,3,3,4,3,3,3,3,3,2,3,3,2,3,3,3,1,10,30,0,4,3,4,2,3,4,4,4,4,3,2,3,2,4,4,3,3,4,3,3,2,2,2,4,4,3,3,3,3,2,3,3,3,3,3,3,3,3,2,2,4,3,3,3,3,3,2,2,4,3,3,3,3,3,3,2,3,3,3,4,3,3,2,2,3,3,2,3,3,4,3,3,3,2,3,3,4,3,3,4,3,3,3,3,3,2,3,3,1,3,3,2,3,3,3,2,2,3,3,2,3,1,1,1,1,1,1,1,1,2,2,2,2,1,1,2,2,2,2,1,1,1,1,1,2,1, , , ,4, , , , , ,3,3,2,3,3,2,3,3,2,3,3, ,2,3, ,35,1,1
8328,5,2,2,1, , ,2,2,1,0, ,0, , ,1, , , , , ,3,3,3,3,2,2,3,3,3,3,2,2,3,3,3,2,3,3,2,3,3,3,3,4,3,3,4,3,3,4,3,3,4,3,3,3,2,3,1,0,30,0,1,1,1,1,4,4,4,2,1,1,1,1,1,4,4,3,4,3,1,1,1,1,1,4,4,2,4,3,1,1,4,3,1,1,3,3,1,1,1,1,4,3,2,3,1,1,1,1,4,4,3,3,4,3,3,2,3,3,3,2,3,3,2,3,3,2,3,3,3,4,3,3,4,3,3,3,3,2,3,3,2,3,3,3,3,2,3,3,1,3,3,2,3,3,2,3,3,3,2,3,3, , , , , , ,1,1, , , , , , ,1,1,1,1,1,1,1,1,2,2,1, ,2, ,4, , , , , ,3,3,2,3,3,3,2,3,3,3,3, ,2,3, ,55,1,1
8427,5,1,2,1, , ,2,2,1,0, ,0, , ,1, , , , , ,3,4,3,3,3,2,1,1,1,1,1,1,1,3,4,3,3,2,3,2,3,3,2,3,3,3,3,3,4,3,3,2,4,2,3,2,2,3,1,0,30,0,1,1,1,1,4,3,4,3,1,1,1,1,1,3,4,3,3,3,1,1,1,1,1,4,3,4,3,3,1,1,3,3,1,1,3,3,1,1,1,1,3,2,3,3,1,1,1,1,3,4,3,3,3,3,2,2,3,3,3,2,2,3,2,2,3,2,2,3,2,2,3,2,3,2,2,2,3,2,3,3,2,3,2,3,2,3,3,2,1,3,2,3,2,3,3,2,3,3,2,3,2, , , , , ,1,1,1, , , , , ,2,1,2,1,2,1,1,1,2,1,2,1, ,2,3, , , , , , ,3,2,3,2,2,3,3,2,3,2,4,1,2, , ,52,2,0.941176471
8433,5,2,1,1, , ,1,2,1, ,1, ,1, ,1, , , ,3,3,3,4,3,4,3,3,3,3,2,3,3,3,3,4,3,3,4,3,3,3,4,3,4,3,3,3,4,3,3,3,4,3,3,3,3,4,3,3,1,10,30,10,4,4,3,4,4,4,4,4,4,3,3,4,3,4,4,4,4,3,4,3,4,3,3,4,4,4,3,4,3,3,4,3,3,3,4,3,4,3,4,3,4,4,4,3,4,4,3,3,4,4,4,3,3,4,3,4,3,4,3,4,3,4,4,3,3,4,3,3,4,3,3,4,4,3,3,4,3,4,4,3,4,4,3,4,4,4,3,3,1,4,3,4,3,3,4,3,4,3,3,4,3, ,1, , , , ,1, , ,3, , , , ,2, ,2,3,2,2,1,2,2,1, , , , , , , , , , ,3,4,3,4,3,3,4,3,3,3,3, ,2,3, ,32,2,1
8493,5,2,2,1, , ,2,2,1, ,1, ,1,30000, , , ,1,1,1,2,2,2,2,3,2,2,2,2,2,2,2,2,3,3,2,3,3,2,3,3,2,2,2,2,2,3,3,2,2,2,1,1,1,1,1,1,1,1,0,30,0,1,1,1,1,4,1,1,1,1,1,1,1,1,1,4,1,1,1,1,1,1,1,1,2,2,1,1,1,1,1,2,3,1,1,2,2,1,1,1,1,2,2,2,2,1,1,1,1,1,1,1,1,1,1,1,1,1,3,2,3,2,2,2,2,3,3,3,3,3,3,3,2,2,2,2,3,3,2,3,3,2,2,2,2,2,2,3,2,2,2,2,3,1,1,2,2,2,2,2,3,2, ,1, ,1, ,1, , , ,1, ,2, ,1, , ,1,1,1,1,1,2,1,1,1,1,2, , , , , , , ,2,2,1,2,2,2,2,1,2,2,4,1, , , ,59,1,1
8528,5,2,2,1, , ,2,2,1,0, ,0, , ,1, , , , , ,3,4,3,3,3,3,3,3,3,2,3,3,3,3,4,3,4,3,3,3,4,3,3,4,3,3,3,4,3,4,3,3,4,3,3,4,3,3,1,0,30,0,1,1,1,1,4,4,4,4,1,1,1,1,1,4,4,2,4,3,1,1,1,1,1,4,3,4,3,3,1,1,4,3,1,1,4,3,1,1,1,1,4,3,4,3,1,1,1,1,4,3,3,4,4,3,3,4,3,4,3,3,4,3,4,3,3,3,3,4,3,3,3,3,4,3,3,3,4,3,2,3,3,2,3,3,2,3,3,3,1,3,3,2,3,3,2,3,3,3,2,3,3,1,1, , , , , , ,2,2, , , , , , ,2,2,1,1,1,1,1,2,1, ,2,3, , , , , , ,4,3,3,2,3,2,3,2,3,3,4, ,2,3, ,24,2,1
8534,5,2,2,1, , ,2,2,1,0, ,0, , ,1, , , , , ,3,3,4,3,3,3,1,1,1,1,1,1,1,3,4,3,3,2,2,3,3,3,3,3,3,3,4,3,3,3,4,3,2,2,3,2,3,2,1,0,30,0,1,1,1,1,4,4,3,3,1,1,1,1,1,3,4,3,2,3,1,1,1,1,1,4,2,3,3,2,1,1,3,3,1,1,3,3,1,1,1,1,4,3,2,3,1,1,1,1,3,2,2,2,3,4,3,2,3,3,2,2,3,2,2,3,2,3,3,3,3,2,3,3,2,3,3,3,2,3,3,3,2,3,3,3,2,2,3,3,1,3,4,3,2,3,3,3,2,3,2,3,3,1,1,1,1, , , , ,2,3,2,1, , , , ,2,3,2,1,2,1,1,1, , , , , , , , , , ,3,2,3,2,3,3,2,2,3,2,3,1,2, , ,47,2,1.090909091
9426,5,1,2,1, , ,2,2,1,0, ,0, ,50000, , , , , , ,3,2,3,3,3,1,1,1,1,1,1,1,1,3,2,1,3,2,1,1,3,1,1,1,1,1,2,3,1,2,1,1,1,1,1,1,1,1,1,0,30,0,1,1,1,1,3,1,3,1,1,1,1,1,1,1,4,1,1,1,1,1,1,1,1,2,2,1,1,1,1,1,1,1,1,1,3,1,1,1,1,1,1,1,1,1,1,1,1,1,1,1,1,1,1,1,1,1,1,3,3,3,3,3,3,3,1,3,3,3,3,3,3,2,2,2,2,2,2,2,3,3,3,3,3,3,2,3,4,2,2,2,2,1,1,2,1,1,1,1,1,1,1, ,1, , , , , , , ,1, , , , , , ,2,3,2,2,2,2,3,2,1,1,2,3, ,5, , , , ,3,3,4,2,3,3,3,3,3,3,4,1, , , ,70,2,1
14533,5,2,2,1, , ,2,2,1,0, ,0, ,40000, , , , , , ,3,2,3,3,3,3,1,1,1,1,1,1,1,3,1,1,3,3,1,1,3,1,1,1,1,1,4,3,2,1,1,1,1,1,1,2,2,1,1,0,30,0,1,1,1,1,3,2,2,1,1,1,1,1,1,1,4,1,1,1,1,1,1,1,1,4,1,1,1,1,1,1,1,1,1,1,3,3,1,1,1,1,1,1,1,1,1,1,1,1,1,1,1,1,1,1,1,1,1,3,3,3,3,3,2,2,2,3,3,4,3,3,3,2,2,2,3,3,2,2,3,2,3,3,3,2,2,3,3,2,2,2,3,2,2,1,3,3,1,1,1,1,1, ,1, , , , , , , ,1, , , , , , ,2,3,2,2,2,2,3,2,1,1,2,3,4,5,6, , , ,3,3,3,3,3,2,3,3,3,3,4,1, , , ,67,2,1
14592,5,2,2,1, , ,2,2,1,0, ,0, ,37000, , , , , , ,2,1,2,3,4,3,1,1,1,1,1,1,1,3,1,1,2,2,1,1,3,1,1,1,1,1,1,2,1,1,1,1,1,1,1,1,2,1,1,0,25,0,1,1,1,1,2,2,2,1,1,1,1,1,1,1,2,1,1,1,1,1,1,1,1,2,1,1,1,1,1,1,1,1,1,1,3,1,1,1,1,1,1,1,1,1,1,1,1,1,1,1,1,1,1,1,1,1,1,3,3,3,3,3,2,2,1,3,3,3,3,3,2,2,2,2,2,3,2,2,2,2,3,3,3,2,2,3,3,2,2,2,2,2,2,2,2,2,1,1,1,1,2, ,1, , , , , , , ,1, , , , , , ,1,3,1,1,1,1,3,1,1,1,2,3,4,5,6, , , ,3,3,3,2,3,2,3,3,3,3,4,1, , , ,76,2,1
14613,5,2,1,1, , ,2,2,1,30000, ,0, ,50000, , , , ,3, ,4,3,3,3,4,2,4,4,4,4,4,3,3,4,4,3,3,3,3,3,4,4,2,2,3,4,4,4,4,4,3,3,3,3,3,4,3,3,1,20,30,0,4,3,3,3,4,3,4,2,1,2,1,3,3,1,4,1,3,2,4,3,3,3,2,4,2,3,3,2,1,2,1,3,3,3,3,3,2,3,1,1,2,3,1,1,3,1,1,3,3,1,1,3,1,1,1,1,4,4,3,3,4,3,3,3,2,3,4,4,4,4,3,3,4,3,3,3,3,2,2,3,3,3,3,3,2,3,3,3,1,3,3,3,3,3,4,3,2,2,3,4,2, ,1,1, , ,1, , , ,1,1, , ,4, , ,3,3,3,3,3,3,3,3, , , , , , , , , , ,3,3,3,3,4,3,3,3,3,3,3,1,2,3,4,39,2,1
14617,5,1,2,1, , ,2,2,1,33000, ,0, ,49000, , , , ,3, ,4,3,3,3,4,3,3,3,3,3,2,2,2,3,3,3,3,3,2,2,4,2,2,2,2,3,3,3,3,3,3,3,3,3,1,3,3,2,1,10,30,0,2,2,3,2,4,3,4,2,1,1,1,1,1,1,4,1,3,1,3,3,2,2,3,4,3,3,2,3,1,1,1,1,2,1,3,1,1,1,1,1,1,1,1,1,3,1,1,3,3,1,1,3,1,1,1,1,3,3,3,3,3,3,3,3,2,3,3,4,3,3,3,2,2,2,3,2,2,2,2,3,3,3,3,2,2,3,3,2,1,3,3,3,3,3,3,3,2,3,2,3,2, ,1,1, , ,1, , , ,1,1, , ,4, , ,2,3,2,3,3,4,3,1, , , , , , , , , , ,3,3,3,3,4,3,3,3,4,4,4, ,2,3,4,48,2,0.818181818
14620,5,1,2,1, , ,2,2,1,37000, ,0, ,40000, , , , ,4, ,4,2,3,3,3,2,3,3,3,3,3,2,2,3,3,3,3,3,2,2,3,3,2,3,3,3,3,3,3,3,3,3,3,3,1,3,3,2,1,23,30,0,3,2,3,2,4,2,3,2,1,1,4,1,1,1,4,1,1,1,3,2,3,3,3,4,3,3,3,3,1,1,1,1,2,1,4,1,1,1,1,1,1,1,1,1,1,1,1,1,1,1,1,2,1,1,1,1,3,3,3,3,3,3,3,2,2,3,3,4,3,3,3,2,2,2,3,3,3,3,2,3,3,3,3,2,2,3,3,3,1,3,3,3,3,3,3,3,3,3,3,3,2, ,1,1, , ,1, , , ,1,1, , ,4, , ,2,3,2,2,3,4,3,2, , , , , , , , , , ,4,3,3,3,4,3,3,3,4,4,4, ,2,3,4,20,1,1
14622,5,2,2,1, , ,2,2,1,0, ,0, ,40000, , , , , , ,4,2,3,2,4,2,1,1,1,1,1,1,1,3,1,1,3,1,1,1,3,1,1,1,1,1,3,2,1,2,1,1,1,1,1,2,2,1,1,0,20,0,1,1,1,1,3,1,3,1,1,1,1,1,1,1,4,1,1,1,1,1,1,1,1,3,1,1,1,1,1,1,1,1,1,1,4,1,1,1,1,1,1,1,1,1,1,1,1,1,1,1,1,1,1,1,1,1,1,3,3,3,3,3,2,2,2,3,3,3,3,3,3,2,2,2,3,3,2,2,3,3,3,3,3,3,2,3,3,3,2,2,3,2,2,2,2,2,2,2,2,2,2, ,1, , , , , , , ,1, , , , , , ,1,3,1,1,1,1,1,1,1,1,2,3,4,5,6, , , ,3,3,3,2,3,3,3,3,3,3,4,1, , , ,77,2,1
14627,5,2,2,1, , ,2,2,1,0, ,0, ,45000, , , , , , ,4,2,3,3,4,1,1,1,1,1,1,1,1,3,1,1,3,2,1,1,3,1,1,1,1,1,3,3,1,2,1,1,1,1,1,2,1,1,1,0,28,0,1,1,1,1,3,1,3,1,1,1,1,1,1,1,4,1,1,1,1,1,1,1,1,3,1,1,1,2,1,1,1,1,1,1,3,1,1,1,1,1,1,1,1,1,1,1,1,1,1,1,1,1,1,1,1,1,3,3,3,3,3,3,2,2,1,3,2,3,3,2,2,2,2,2,2,3,2,3,3,3,3,2,3,3,2,3,3,3,2,2,2,2,2,2,2,2,1,1,1,1,1, ,1, , , , , , , ,1, , , , , , ,2,3,2,2,2,2,2,2,1,1,2,3,4,5,6,7, , ,3,3,3,3,3,3,3,3,4,4,4,1,2, , ,74,2,1
14629,5,1,2,1, , ,2,2,1,29000, ,0, ,39000, , , , ,4, ,4,2,2,3,3,2,3,3,2,2,2,1,1,4,3,2,3,3,1,1,4,1,1,1,1,3,3,3,3,3,2,2,2,2,1,3,3,1,1,25,30,0,3,2,3,2,4,2,4,2,1,1,1,1,1,1,4,1,1,1,3,3,2,2,3,4,3,3,3,3,1,1,1,1,2,1,4,1,1,1,1,1,1,1,1,1,1,1,1,3,1,1,1,3,1,1,1,1,4,3,3,4,4,4,3,3,3,3,2,4,3,3,3,2,2,2,3,3,3,3,3,3,3,2,3,2,2,3,3,3,2,3,3,2,2,2,3,3,2,3,3,3,3, ,1, , , ,1, , , ,1, , , ,3, , ,2,3,2,2,2,3,3,2, , , , , , , , , , ,3,3,3,3,4,3,3,3,4,3,4,1,2, , ,32,1,1
14633,5,1,2,1, , ,2,2,1,29000, ,0, ,41000, , , , ,3, ,3,2,2,3,3,2,3,2,3,3,3,2,2,3,3,3,3,3,2,2,3,2,2,2,3,3,3,3,3,3,2,2,2,2,2,3,3,3,1,20,30,0,3,3,3,2,3,3,3,2,1,1,1,2,1,1,4,1,3,1,2,3,3,2,2,3,3,3,2,2,1,1,1,1,2,1,3,2,1,1,1,1,1,1,1,1,1,1,1,2,1,1,1,2,1,1,1,1,4,3,3,3,3,3,2,2,3,3,3,3,3,3,3,2,2,2,3,3,3,3,3,2,3,3,3,2,2,3,3,3,2,3,3,3,3,2,3,3,3,3,3,3,3, ,1, , , ,1, , , ,1, , , ,4, , ,2,3,2,3,3,4,3,2, , , , , , , , , , ,3,3,3,3,4,3,3,3,4,4,4, ,2,3,4,35,1,1
14641,5,1,2,1, , ,2,2,1,33000, ,0, ,50000, , , , ,4, ,4,3,3,3,3,2,3,3,3,3,3,2,3,3,3,3,3,3,2,3,4,4,3,3,3,4,4,4,4,4,3,3,3,3,3,3,3,3,1,20,30,0,4,3,2,3,4,3,4,3,2,1,1,3,1,3,4,1,3,1,3,3,3,3,2,2,3,2,3,2,1,1,1,1,2,1,3,1,1,1,1,1,1,1,1,1,1,1,1,2,1,1,1,2,1,1,1,1,4,3,3,3,3,3,3,3,2,3,3,4,3,3,4,3,3,3,4,2,2,2,3,2,3,3,3,2,1,2,3,2,1,4,3,3,3,3,3,3,3,3,3,3,3, ,1,1, , ,1, , , ,1,1, , ,4, , ,3,3,2,3,3,4,3,2, , , , , , , , , , ,3,3,3,3,4,3,3,3,3,4,4, ,2,3,4,36,2,1
14644,5,1,2,1, , ,2,2,1,33000, ,0, ,52000, , , , ,4, ,4,3,3,3,3,1,3,3,3,3,3,2,3,3,3,3,3,3,2,3,3,3,2,2,3,3,3,3,3,3,3,2,3,2,2,3,3,2,1,20,30,0,3,3,3,3,4,3,3,2,1,1,1,3,1,1,4,1,3,1,3,3,3,3,2,4,2,2,2,2,1,1,1,1,2,1,3,2,1,1,1,1,1,1,1,1,3,1,1,2,3,1,1,2,1,1,1,1,4,3,3,3,3,3,3,3,3,3,2,3,3,3,3,2,2,2,3,2,2,3,2,2,2,2,3,2,2,2,3,2,1,3,4,3,3,3,3,3,3,3,3,3,3, ,1,1, , ,1, , , ,1,1, , ,4, , ,2,3,2,3,3,4,3,2, , , , , , , , , , ,3,3,3,3,3,3,2,3,3,3,4, ,2,3,4,39,2,1
14646,5,1,2,1, , ,2,2,1,35000, ,0, ,45000, , , , ,3, ,3,2,3,3,3,2,3,3,2,2,2,2,2,3,3,2,3,3,2,2,3,2,2,2,2,3,3,3,3,3,2,2,2,2,3,3,2,2,1,5,30,0,3,2,2,1,4,2,2,1,1,1,1,1,1,1,4,1,1,1,3,3,3,2,2,3,3,3,2,2,1,1,1,1,2,1,3,1,1,1,1,1,1,1,1,1,1,1,1,1,1,1,1,1,1,1,1,1,3,3,3,3,3,3,2,2,3,3,2,3,3,3,3,2,2,2,3,2,2,3,3,2,3,3,3,2,1,3,3,2,1,3,3,3,2,2,2,3,2,2,3,3,3, ,1, , , ,1, , , ,1, , , ,3, , ,2,3,2,2,2,3,2,2, , , , , , , , , , ,3,3,2,2,3,3,2,3,3,3,4, ,2,3,4,45,2,0.818181818
14649,5,2,2,1, , ,2,2,1,0, ,0, ,49000, , , , , , ,4,2,2,3,3,2,1,1,1,1,1,1,1,3,3,2,3,3,2,2,3,2,2,2,2,3,3,3,3,3,2,2,2,2,2,3,3,2,1,0,30,0,1,1,1,1,4,2,4,1,1,1,1,1,1,1,4,1,1,1,1,1,1,1,1,3,3,3,2,2,1,1,1,1,1,1,3,3,1,1,1,1,1,1,1,1,1,1,1,1,1,1,1,1,1,1,1,1,4,3,3,3,3,3,2,2,2,3,2,3,3,3,2,2,2,2,2,2,2,2,2,2,2,2,2,2,2,2,2,2,1,3,3,2,2,2,2,2,2,2,3,3,2, ,1, , , ,1, , , ,1, , , ,3, , ,2,2,2,2,2,3,2,2, , , , , , , , , , ,3,3,3,3,3,3,3,4,3,3,4, ,2, , ,47,2,0.818181818
14653,5,2,2,1, , ,2,2,1,0, ,0, ,39000, , , , , , ,4,2,2,2,3,3,1,1,1,1,1,1,1,3,2,1,3,2,1,1,3,1,1,1,1,1,2,4,3,2,2,1,1,1,1,2,2,2,1,0,25,0,1,1,1,1,4,1,3,1,1,1,1,1,1,1,4,1,1,1,1,1,1,1,1,2,1,3,1,1,1,1,1,1,1,1,3,1,1,1,1,1,1,1,1,1,1,1,1,1,1,1,1,1,1,1,1,1,4,3,3,3,3,3,2,2,2,2,2,3,3,3,2,2,2,2,2,3,3,3,3,2,3,2,3,2,2,3,3,2,1,3,3,2,2,2,2,2,2,2,3,3,2, , , , , ,1, , , , , , , ,3, , ,2,2,2,2,2,3,2,2, , , , , , , , , , ,3,3,3,3,3,3,2,3,3,3,4,1,2, , ,73,1,1.5
14656,5,1,1,1, , ,2,2,1,0, ,35000, ,52000, , , , , ,3,3,3,3,3,3,1,3,3,2,2,3,3,3,4,3,3,4,4,3,3,3,3,2,3,3,3,3,3,3,3,2,3,3,2,1,3,4,2,1,23,30,0,3,3,3,2,3,3,3,2,1,2,1,3,1,1,4,1,3,1,3,3,3,3,2,3,3,3,3,3,1,1,1,3,2,1,3,2,2,2,1,1,3,2,1,1,1,1,2,3,1,1,2,3,1,1,1,1,4,3,4,4,3,3,3,3,3,3,3,3,3,3,3,3,3,2,3,3,3,3,3,2,3,3,3,2,2,3,3,2,1,3,3,3,3,3,3,3,3,2,3,3,3, ,1,1, , ,1, , , ,3,1, , ,4, , ,2,3,2,3,3,4,3,2, , , , , , , , , , ,3,3,3,3,4,3,3,3,3,3,4, ,2,3,4,39,2,1
14659,5,1,1,1, , ,2,2,1,0, ,35000, ,52000, , , , , ,3,3,3,3,3,3,2,3,3,2,3,3,3,2,4,4,3,3,3,3,3,4,3,2,3,3,3,3,3,3,3,3,3,3,3,2,3,3,3,1,23,30,0,3,3,2,2,3,3,3,2,1,1,1,3,1,1,4,1,2,1,3,3,3,3,2,3,3,3,3,2,1,1,1,2,2,1,3,1,2,2,1,1,3,2,1,1,1,1,3,2,1,1,3,2,1,1,1,1,4,3,4,3,3,3,3,3,3,3,3,3,3,3,3,3,2,2,3,3,3,3,3,2,3,3,3,2,2,3,3,2,1,3,3,3,3,3,3,3,2,2,3,3,3, ,1, , , ,1, , , ,3, , , ,4, , ,2,3,2,3,3,4,2,2, , , , , , , , , , ,3,3,3,2,4,3,3,3,4,3,4, ,2,3,4,46,2,0.818181818
14661,5,2,2,1, , ,2,2,1,0, ,0, ,45000, , , , , , ,4,2,2,3,3,2,1,1,1,1,1,1,1,3,2,2,3,3,2,2,3,1,1,1,1,1,3,3,2,2,2,2,2,2,2,3,2,2,1,0,30,0,1,1,1,1,4,2,4,2,1,1,1,1,1,1,4,1,1,1,1,1,1,1,1,3,1,2,1,1,1,1,1,1,1,1,3,1,1,1,1,1,1,1,1,1,1,1,1,1,1,1,1,1,1,1,1,1,3,3,3,3,3,3,2,2,2,2,2,3,3,3,2,1,1,1,2,3,3,3,3,1,3,3,3,2,1,3,3,2,2,3,2,2,2,2,2,2,2,2,2,2,2, ,1, , , , , , , ,1, , , , , , ,1,2,1,2,1,1,2,1,1,1,2,3,4,5,6, , , ,3,3,3,3,3,3,3,3,3,3,4,1, , , ,62,2,1
14668,5,2,2,1, , ,2,2,1,0, ,0, ,42000, , , , , , ,4,2,2,3,3,2,1,1,1,1,1,1,1,3,2,2,2,2,2,2,3,1,1,1,1,1,3,3,1,2,1,1,1,1,1,2,2,2,1,0,25,0,1,1,1,1,3,1,3,1,1,1,1,1,1,1,3,1,1,1,1,1,1,1,1,3,1,1,1,1,1,1,1,1,1,1,3,1,1,1,1,1,1,1,1,1,1,1,1,1,1,1,1,1,1,1,1,1,3,3,3,3,3,2,2,2,1,3,2,3,3,3,2,1,1,1,2,3,3,3,3,2,3,3,3,2,2,2,3,2,2,2,3,2,2,1,1,1,1,1,1,2,2, ,1, , , , , , , ,1, , , , , , ,1,2,1,1,1,1,1,1,1,1,2,3,4,5,6, , , ,3,3,3,3,3,3,3,3,4,3,4,1, , , ,75,2,1
14671,5,1,2,1, , ,2,2,1,33000, ,0, ,48000, , , , ,3, ,3,3,2,3,3,2,2,3,3,3,3,2,3,3,3,3,3,3,2,3,3,3,2,2,3,3,3,3,3,3,3,3,3,2,2,3,3,2,1,24,30,0,3,3,3,2,3,3,3,2,1,1,1,3,1,1,4,1,3,1,3,3,2,3,3,2,2,3,2,2,1,1,1,1,1,1,3,2,1,1,1,1,1,1,1,1,1,1,1,1,1,1,1,1,1,1,1,1,4,3,3,2,2,2,3,3,3,3,2,3,3,3,3,2,2,2,3,3,3,2,2,2,3,3,3,2,2,3,3,2,1,3,3,3,3,3,3,3,3,2,2,3,2, ,1, , , ,1, , , ,1, , , ,3, , ,2,2,1,2,2,3,2,2, , , , , , , , , , ,3,3,3,2,3,2,3,3,3,3,4, ,2,3,4,48,1,1
14674,5,1,2,1, , ,2,2,1,0, ,35000, ,50000, , , , , ,3,3,3,3,3,3,2,2,3,3,2,3,3,3,3,3,3,3,3,3,3,3,3,2,2,2,3,3,3,3,3,2,3,3,2,2,3,2,2,1,24,30,0,2,2,3,2,2,3,3,2,1,1,1,3,1,1,4,1,3,1,2,2,2,3,2,3,2,3,2,2,1,1,1,1,1,1,3,1,1,1,1,1,1,1,1,1,1,1,1,1,1,1,1,1,1,1,1,1,4,3,3,3,3,3,3,3,3,3,2,3,3,3,3,2,2,2,3,3,3,3,3,2,3,3,3,2,2,3,3,2,1,3,3,2,2,2,3,2,2,2,2,2,2, ,1, , , ,1, , , ,1, , , ,3, , ,2,2,2,3,2,3,2,2, , , , , , , , , , ,3,3,3,3,3,4,2,3,3,3,4, ,2,3,4,48,1,1
14677,5,2,2,1, , ,2,2,1,0, ,0, ,38000, , , , , , ,4,2,2,2,3,2,1,1,1,1,1,1,1,3,2,2,3,3,2,2,3,2,2,2,2,2,3,3,3,2,2,2,2,2,2,3,2,2,1,0,30,0,1,1,1,1,4,2,4,1,1,1,1,1,1,1,4,1,1,1,1,1,1,1,1,3,1,3,1,1,1,1,1,1,1,1,3,1,1,1,1,1,1,1,1,1,1,1,1,1,1,1,1,1,1,1,1,1,4,3,3,3,3,3,2,2,2,3,2,3,3,3,3,1,1,1,3,3,3,3,3,2,3,3,3,2,2,2,3,2,1,2,3,2,2,2,2,2,2,2,2,2,2, ,1, , , ,1, , , ,1, , , ,3, , ,1,1,1,2,2,3,2,1, , , , , , , , , , ,3,4,3,4,3,3,3,3,3,3,4,1,2, , ,66,1,0.965517241
14681,5,2,2,1, , ,2,2,1,0, ,0, ,39000, , , , , , ,4,2,2,2,3,2,1,1,1,1,1,1,1,3,2,2,3,2,2,2,3,2,2,2,2,2,3,3,2,2,2,2,2,1,1,2,1,1,1,0,25,0,1,1,1,1,3,1,2,1,1,1,1,1,1,1,2,1,1,1,1,1,1,1,1,3,1,1,1,1,1,1,1,1,1,1,3,1,1,1,1,1,1,1,1,1,1,1,1,1,1,1,1,1,1,1,1,1,3,3,3,3,3,2,2,2,2,2,2,3,3,3,2,1,1,1,2,3,3,2,3,2,3,2,3,2,2,2,3,2,1,2,2,2,2,2,2,2,1,1,1,2,2, ,1, , , ,1, , , ,1, , , ,3, , ,1,2,1,1,1,3,2,1, , , , , , , , , , ,3,3,3,3,3,3,3,3,4,3,4,1,2, , ,68,1,1.5
14684,5,1,2,1, , ,2,2,1,37000, ,0, ,44000, , , , ,4, ,4,2,3,3,3,2,3,3,2,2,2,2,2,3,3,2,3,3,2,2,3,2,2,2,2,3,3,3,3,3,2,2,2,3,2,3,2,2,1,5,30,0,2,1,2,1,4,2,3,1,1,1,1,1,1,1,4,1,1,1,2,3,3,1,1,2,3,3,1,1,1,1,1,1,1,1,3,2,1,1,1,1,1,1,1,1,1,1,1,1,1,1,1,1,1,1,1,1,4,3,3,3,3,3,2,2,2,3,2,3,3,3,3,2,2,2,3,3,2,3,3,3,3,3,3,2,2,2,3,2,1,3,3,2,2,2,2,2,2,2,2,2,2, ,1, , , ,1, , , ,3, , , ,4, , ,1,3,2,2,2,4,2,1, , , , , , , , , , ,3,3,3,2,3,3,3,3,3,3,4,1,2,3, ,48,2,0.818181818
14694,5,2,2,1, , ,2,2,1,0, ,0, ,45000, , , , , , ,4,2,2,3,3,2,1,1,1,1,1,1,1,3,2,2,3,3,2,2,3,2,2,2,2,2,3,3,3,2,2,1,1,1,1,3,2,2,1,0,30,0,1,1,1,1,4,1,4,1,1,1,1,1,1,1,4,1,1,1,1,1,1,1,1,3,1,3,1,1,1,1,1,1,1,1,3,2,1,1,1,1,1,1,1,1,1,1,1,1,1,1,1,1,1,1,1,1,4,3,3,3,3,3,2,2,2,3,2,3,3,3,2,1,1,1,2,3,3,2,2,2,3,2,3,2,2,3,3,2,1,3,3,2,2,2,2,2,2,2,2,3,2, ,1, , , ,1, , , ,1, , , ,3, , ,1,2,1,2,1,3,1,1, , , , , , , , , , ,3,3,3,2,3,3,3,3,3,3,4,1,2, , ,27,2,1.5
14696,5,1,2,1, , ,2,2,1,37000, ,0, ,44000, , , , ,3, ,3,2,3,3,3,2,3,3,3,3,3,2,2,3,3,3,3,3,2,2,3,2,2,2,2,3,3,3,3,3,3,3,3,2,2,3,3,2,1,24,30,0,3,3,2,1,2,3,3,1,1,1,1,1,1,1,3,1,1,1,3,2,3,3,2,3,2,3,3,2,1,1,1,1,2,1,3,1,1,1,1,1,1,1,1,1,1,1,1,1,1,1,1,1,1,1,1,1,4,3,3,3,3,3,1,1,1,3,2,3,3,3,3,2,2,2,3,3,3,2,3,3,3,3,3,2,2,3,3,2,1,3,3,2,3,2,3,3,2,2,2,2,2, ,1, , , ,1, , , ,1, , , ,4, , ,1,3,2,2,2,4,2,1, , , , , , , , , , ,3,2,3,3,3,3,3,3,4,3,4, ,2,3, ,28,2,1.5
14703,5,2,1,1, , ,2,2,1,0, ,0, ,45000, , , , , , ,4,2,2,3,3,2,1,1,1,1,1,1,1,3,2,2,3,3,2,2,3,1,1,1,1,2,3,3,3,2,2,2,1,1,1,2,2,2,1,0,30,0,1,1,1,1,4,2,4,1,1,1,1,1,1,1,4,1,1,1,1,1,1,1,1,3,2,3,1,2,1,1,1,1,1,1,3,1,1,1,1,1,1,1,1,1,1,1,1,1,1,1,1,1,1,1,1,1,4,3,3,3,3,2,2,2,2,3,2,3,3,3,3,2,2,2,3,3,3,3,3,2,3,2,2,2,2,3,3,2,2,3,2,2,2,2,2,2,2,2,3,2,2, , , , , , , , , , , , , , , , ,1,2,1,1,1,1,1,1, , , , , , , , , , ,3,2,3,2,3,2,2,3,3,3,4,1,2, , ,67,2,1
14707,5,2,2,1, , ,2,2,1,0, ,0, ,39000, , , , , , ,4,2,3,2,3,3,1,1,1,1,1,1,1,3,1,1,1,1,1,1,3,1,1,1,1,1,3,3,1,2,1,1,1,1,1,2,2,1,1,0,20,0,1,1,1,1,3,1,3,1,1,1,1,1,1,1,3,1,1,1,1,1,1,1,1,3,1,1,1,1,1,1,1,1,1,1,3,1,1,1,1,1,1,1,1,1,1,1,1,1,1,1,1,1,1,1,1,1,3,3,3,3,3,3,1,1,1,2,1,3,3,3,2,1,1,1,2,3,3,3,3,3,3,2,3,2,2,3,3,3,2,2,2,2,2,1,1,1,1,1,2,2,2, ,1, , , , , , , ,1, , , , , , ,1,2,1,1,1,1,2,1,1,1,2,3,4,5,6, , , ,3,4,3,3,3,3,3,3,3,3,4,1, , , ,74,2,1
14716,5,2,2,1, , ,2,2,1,0, ,0, ,38000, , , , , , ,4,1,3,2,3,3,1,1,1,1,1,1,1,2,1,1,1,1,1,1,2,1,1,1,1,1,1,3,1,2,1,1,1,1,1,1,1,1,1,0,20,0,1,1,1,1,2,1,3,1,1,1,1,1,1,1,3,1,1,1,1,1,1,1,1,2,1,1,1,1,1,1,1,1,1,1,3,1,1,1,1,1,1,1,1,1,1,1,1,1,1,1,1,1,1,1,1,1,3,3,3,3,3,2,1,1,1,3,2,3,3,3,2,1,1,1,2,3,3,2,3,3,3,2,3,2,2,3,3,2,2,2,2,2,2,2,2,2,1,1,2,1,1, , , , , , , , , , , , , , , , ,1,2,2,2,2,2,2,1, , , , , , , , , , ,3,3,3,2,3,3,3,3,3,2,4,1, , , ,25,2,0.952380952
14728,5,1,2,1, , ,2,2,1,37000, ,0, ,40000, ,1, , ,3, ,3,2,3,3,3,2,3,3,2,2,2,2,2,3,3,2,3,3,2,2,3,2,2,2,2,2,3,3,3,3,2,2,2,2,2,3,2,2,1,5,30,0,3,1,2,1,4,1,3,1,1,1,1,1,1,1,4,1,1,1,1,2,2,1,1,3,2,2,1,1,1,1,1,1,1,1,3,1,1,1,1,1,1,1,1,1,1,1,1,1,1,1,1,1,1,1,1,1,4,3,3,3,3,3,2,2,1,3,2,3,3,3,3,2,2,2,3,3,3,2,2,3,3,3,3,2,2,3,3,2,1,3,3,2,3,2,3,3,2,2,3,3,3, ,1, , , ,1, , , ,1, , , ,3, , ,1,2,1,2,2,3,2,2, , , , , , , , , , ,3,3,3,3,3,2,3,3,3,3,4, ,2,3, ,39,2,1
14735,5,2,2,1, , ,2,2,1,0, ,0, ,50000, , , , , , ,4,2,3,3,3,2,1,1,1,1,1,1,1,3,2,2,3,3,2,2,3,2,2,2,2,3,3,3,3,2,3,2,2,2,2,3,3,2,1,0,30,0,1,1,1,1,3,2,2,1,1,1,1,1,1,1,4,1,1,1,1,1,1,1,1,3,2,2,1,1,1,1,1,1,1,1,2,1,1,1,1,1,1,1,1,1,1,1,1,1,1,1,1,1,1,1,1,1,4,3,3,3,3,3,3,3,2,3,2,3,3,3,3,2,2,2,3,2,2,2,2,2,3,3,3,2,2,3,3,2,1,3,3,2,3,2,3,3,2,2,3,2,2, ,1, , , ,1, , , ,1, , , ,3, , ,1,2,1,1,1,3,1,1, , , , , , , , , , ,3,2,3,3,3,3,2,3,3,3,4, ,2,3, ,30,2,1
15416,5,2,2,1, , ,2,2,1,0, ,0, ,45000, , , , , , ,3,2,2,2,3,2,1,1,1,1,1,1,1,3,2,2,3,2,2,2,3,2,2,2,2,2,2,3,2,2,2,1,1,1,1,2,2,2,1,0,28,0,1,1,1,1,3,1,3,1,1,1,1,1,1,1,4,1,1,1,1,1,1,1,1,2,1,1,1,1,1,1,1,1,1,1,3,1,1,1,1,1,1,1,1,1,1,1,1,1,1,1,1,1,1,1,1,1,3,3,3,3,3,2,2,2,2,3,2,3,3,3,2,1,1,1,2,3,2,2,2,2,2,2,2,2,2,2,3,2,2,3,3,2,2,1,2,2,2,2,2,2,2, ,1, , , , , , , ,1, , , , , , ,1,2,1,2,2,1,2,1,1,1,2,3,4,5,6,7, , ,3,3,3,3,3,3,3,3,4,3,4,1,2, , ,67,2,1
15455,5,2,2,1, , ,2,2,1,0, ,0, ,39000, , , , , , ,4,2,3,2,3,3,1,1,1,1,1,1,1,3,2,2,2,2,2,2,3,1,1,1,1,1,3,3,1,2,2,2,1,1,1,1,2,2,1,0,25,0,1,1,1,1,2,1,2,1,1,1,1,1,1,1,2,1,1,1,1,1,1,1,1,3,1,1,1,1,1,1,1,1,1,1,3,1,1,1,1,1,1,1,1,1,1,1,1,1,1,1,1,1,1,1,1,1,3,3,4,3,3,3,2,2,1,3,2,3,3,3,2,1,1,1,2,3,2,2,3,2,3,3,3,3,2,3,3,3,2,3,2,2,2,2,2,2,2,2,2,2,2, ,1, , , , , , , ,1, , , , , , ,1,2,1,1,1,1,1,1,1,1,2,3,4,5,6, , , ,3,3,3,3,4,3,3,3,3,3,4,1,2, , ,77,2,1
15477,5,1,1,1, , ,1,2,1,35000, ,19000, ,45000, ,1, ,1,3,3,3,3,3,3,3,1,4,4,3,3,4,3,2,3,3,3,4,4,3,3,3,3,3,3,3,4,4,4,4,3,3,3,3,3,2,3,3,3,1,26,30,5,4,3,2,2,4,3,3,2,1,2,2,3,3,1,4,3,3,3,3,4,3,3,3,4,3,3,3,3,1,2,1,3,2,2,3,2,1,2,1,2,1,2,1,2,1,1,3,3,1,1,3,3,1,1,1,1,4,3,3,3,3,3,3,3,2,3,3,3,3,3,3,3,3,3,3,3,3,3,3,2,3,3,2,2,2,3,3,2,1,3,4,3,3,3,3,3,3,3,3,3,3, ,1,1, , ,1, , , ,4,1, , ,4, , ,3,4,2,3,3,4,3,2, , , , , , , , , , ,3,3,3,3,4,4,3,3,4,3,3, ,2,3,4,40,2,0.818181818
15504,5,1,2,1, , ,1,2,1,37000, ,0, ,65000, ,1, , ,3, ,3,3,3,3,3,1,3,3,3,3,2,2,3,3,3,3,3,3,2,3,3,3,2,2,3,3,3,3,3,3,2,3,3,2,2,3,3,3,1,24,30,5,4,3,3,3,4,3,3,2,2,2,2,2,1,3,3,2,3,1,3,3,3,3,2,3,2,2,3,2,1,3,1,3,3,1,2,1,1,2,1,1,1,2,1,1,1,1,3,3,1,1,3,3,1,1,1,1,4,3,3,3,3,3,3,3,2,3,3,3,3,3,3,3,3,3,3,2,2,3,3,2,3,3,3,3,2,3,3,3,1,3,3,3,3,2,3,3,3,3,3,3,3, ,1,1, , ,1, , , ,4,1, , ,4, , ,2,3,3,3,3,3,3,3, , , , , , , , , , ,3,4,3,3,3,4,3,3,4,3,4, ,2,3,4,42,2,0.818181818
15516,5,1,2,1, , ,2,2,1,35000, ,0, ,65000, ,1, , ,3, ,3,2,3,3,3,1,3,2,3,3,3,2,3,3,3,3,3,3,2,3,3,3,1,2,2,3,3,3,3,3,2,2,3,2,2,3,3,3,1,5,30,0,3,2,3,1,3,2,2,1,1,1,1,3,1,1,4,1,3,1,3,3,2,2,2,3,3,2,3,2,1,1,1,1,2,1,3,2,1,1,1,1,1,1,1,1,1,1,3,1,1,1,3,1,1,1,1,1,4,3,3,3,3,3,3,2,2,3,3,3,3,3,3,2,2,2,3,3,3,3,3,2,3,3,3,2,2,3,3,2,1,3,3,3,3,2,2,2,2,2,3,3,2, ,1, , , ,1, , , ,4, , , ,3, , ,1,3,2,3,3,3,3,2, , , , , , , , , , ,3,4,3,3,3,3,3,3,4,3,4, ,2,3, ,47,2,0.818181818
15527,5,2,2,1, , ,2,2,1,0, ,0, ,39000, , , , , , ,4,2,2,2,3,2,1,1,1,1,1,1,1,3,2,2,2,2,2,2,2,2,2,2,2,2,2,3,2,2,1,1,1,1,1,2,2,1,1,0,20,0,1,1,1,1,2,1,3,1,1,1,1,1,1,1,2,1,1,1,1,1,1,1,1,2,1,1,1,1,1,1,1,1,1,1,2,1,1,1,1,1,1,1,1,1,1,1,1,1,1,1,1,1,1,1,1,1,3,3,3,3,3,3,2,2,1,2,2,3,3,3,2,1,1,1,2,3,2,3,3,2,2,2,3,2,2,2,3,2,2,3,2,2,2,2,2,2,2,2,2,2,2, ,1, , , , , , , ,1, , , , , , ,1,2,1,1,1,1,1,1,1,1,2,3,4,5,6, , , ,3,2,3,3,3,2,3,3,3,3,4,1, , , ,71,2,1
15543,5,2,2,1, , ,2,2,1,0, ,0, ,45000, , , , , , ,4,2,2,3,3,3,1,1,1,1,1,1,1,3,2,2,3,3,2,2,3,1,1,1,1,1,3,3,2,2,1,1,1,1,1,3,2,1,1,0,28,0,1,1,1,1,4,1,2,1,1,1,1,1,1,1,3,1,1,1,1,1,1,1,1,3,1,1,1,2,1,1,1,1,1,1,3,1,1,1,1,1,1,1,1,1,1,1,1,1,1,1,1,1,1,1,1,1,3,3,3,3,3,3,2,2,2,2,2,3,3,3,2,1,1,1,2,3,3,3,3,2,3,3,3,3,2,3,3,2,2,3,3,2,2,2,2,3,2,2,3,2,2, , , , , , , , , , , , , , , , ,1,1,1,2,2,2,2,1, , , , , , , , , , ,3,2,3,2,3,3,3,3,3,3,4,1, , , ,34,2,1
15562,5,2,2,1, , ,2,2,1,0, ,0, ,42000, , , , , , ,3,2,3,3,3,2,1,1,1,1,1,1,1,3,2,2,3,3,2,2,3,2,2,2,2,2,3,3,2,2,2,2,2,1,1,3,3,2,1,0,26,0,1,1,1,1,4,1,4,2,1,1,1,1,1,1,4,1,1,1,1,1,1,1,1,3,1,1,1,2,1,1,1,1,1,1,3,2,1,1,1,1,1,1,1,1,1,1,1,1,1,1,1,1,1,1,1,1,4,3,3,3,3,3,3,3,1,3,2,3,3,3,2,1,1,1,2,3,3,3,3,3,3,2,3,2,2,3,3,2,2,3,3,2,2,2,2,2,2,2,3,2,2, ,1, , , , , , , ,1, , , , , , ,1,3,1,1,2,2,2,1,1,1, ,3,4,5,6, , , ,3,3,3,3,4,3,3,3,4,3,4,1,2, , ,45,2,0.818181818
15639,5,2,2,1, , ,2,2,1,0, ,0, ,35000, , , , , , ,3,3,2,2,2,2,1,1,1,1,1,1,1,1,1,1,1,1,1,1,1,1,3,1,1,1,1,2,1,2,2,2,1,1,1,2,1,1,1,0,30,0,1,1,1,1,3,1,1,1,1,1,1,1,1,3,2,1,1,1,1,1,1,1,1,1,1,1,1,1,1,1,1,1,1,1,1,1,1,1,1,1,1,1,1,1,1,1,1,1,1,1,1,1,3,2,3,2,2,3,3,2,3,2,3,3,2,3,3,3,2,3,3,3,2,2,3,3,3,2,3,3,2,2,3,3,3,2,2,3,2,3,2,4,2,3,2,3,3,2,3,3,2, ,1,1, , , , , , ,1,1, , , , , ,4,4,3,3,3,3,4,3,1, , ,3,4,5, , , , ,3,2,3,3,2,3,3,3,2,3,4,1,2, , ,65,2,1
15641,5,1,2,1, , ,2,2,1,25000, ,0, ,35000, , , , ,2, ,3,3,2,2,2,2,3,3,3,3,3,2,2,3,2,2,2,3,2,2,3,2,3,3,2,2,3,3,2,3,3,2,3,3,2,2,3,2,1,0,30,0,1,1,1,1,3,3,2,2,1,1,1,1,1,2,4,3,1,1,1,1,1,1,1,2,2,2,1,1,1,1,2,2,1,1,1,1,1,1,1,1,1,1,1,1,1,1,1,1,2,2,2,2,1,2,3,2,3,3,2,3,2,2,2,3,3,3,2,3,2,3,3,3,2,3,3,3,2,3,3,2,3,3,3,3,3,2,3,3,2,3,2,3,3,4,3,2,3,3,3,2,3,1,1,1,1,1,1,1,1,1,1,1,1,1,1,1,1,3,3,3,3,3,3,4,3,1, , ,3,4, , , , , ,3,2,2,3,3,2,3,3,2,3,4, ,2,3,4,35,2,1
15643,5,1,2,1, , ,2,2,1,25000, ,0, ,45000, , , , ,2, ,3,3,2,2,2,2,2,3,3,2,3,3,2,3,3,2,3,3,2,3,3,3,3,2,3,2,3,3,2,3,3,2,3,3,2,2,3,2,1,0,30,0,1,1,1,1,3,2,2,1,1,1,1,1,1,3,4,2,2,2,1,1,1,1,1,3,2,1,1,1,1,1,1,1,1,1,2,2,1,1,1,1,2,2,2,2,1,1,1,1,2,2,2,2,3,2,3,3,2,3,3,2,3,3,2,3,3,2,2,3,2,3,3,3,2,3,3,3,3,2,2,2,3,3,3,3,2,3,3,2,2,3,2,3,4,3,3,2,3,3,2,3,3,1,1,1,1,1,1, , ,1,1,1,1,1,1, , ,4,4,4,4,4,4,4,4,1, , ,3,4,5, , , , ,3,2,3,2,2,3,3,3,2,2,4, ,2,3,4,49,1,1
15647,5,2,2,1, , ,2,2,1,0, ,0, ,35000, , , , , , ,3,3,2,2,2,2,2,2,2,2,2,2,1,3,2,2,3,3,2,2,3,2,3,3,2,3,3,3,2,3,2,3,3,2,3,3,2,2,1,0,30,0,1,1,1,1,3,2,2,2,1,1,1,1,1,4,4,1,2,2,1,1,1,1,1,3,2,2,2,2,1,1,2,2,1,1,1,1,1,1,1,1,1,1,1,2,1,1,1,1,1,1,1,1,2,3,3,2,3,3,2,3,2,2,3,3,2,2,3,3,2,2,3,3,3,2,3,3,2,2,3,3,2,2,3,3,2,2,3,3,2,3,2,2,3,3,2,3,3,2,2,3,3, ,1,1,1,1,1,1, , ,1,1,1,1,1,1, ,4,4,4,4,4,4,4,4,1, , ,3,4, , , , , ,3,2,3,2,2,3,3,2,2,2,4, ,2,3,4,58,2,1
15648,5,1,1,1, , ,2,2,1,25000, ,0, ,35000, , , , ,3, ,3,3,2,2,2,2,3,3,3,3,3,3,2,3,3,2,3,2,3,2,3,3,3,2,3,3,3,2,3,3,3,2,3,3,2,3,3,2,1,10,30,0,2,3,2,2,3,3,2,2,3,3,2,2,2,3,4,3,2,2,2,2,2,2,2,3,3,2,2,2,2,2,2,2,1,1,1,1,1,1,1,1,2,1,1,1,1,1,1,2,1,1,2,2,3,2,3,3,2,3,3,2,3,3,2,2,3,3,2,3,2,3,3,3,2,2,3,3,2,3,3,2,2,3,3,3,2,2,2,3,2,3,2,3,3,2,2,3,2,2,3,3,2,1, ,1,1,1,1, , ,1, ,1,1,1,1, , ,4,4,4,4,3,3,3,4,1, , ,3,4, , , , , ,3,2,3,3,2,2,3,3,3,2,4, , ,3,4,36,2,1
15652,5,2,2,1, , ,2,2,1,0, ,0, ,35000, , , , , , ,3,3,2,2,3,2,1,1,1,1,1,1,1,3,2,2,2,2,2,2,2,2,3,2,2,2,2,2,2,2,2,2,2,2,2,2,2,2,1,0,30,0,1,1,1,1,2,3,2,2,1,1,1,1,1,3,4,2,1,1,1,1,1,1,1,2,2,2,2,2,1,1,1,1,1,1,1,1,1,1,1,1,1,1,1,1,1,1,1,1,1,1,1,1,3,2,3,3,2,3,4,3,2,3,2,2,3,2,2,3,4,3,3,3,2,2,3,3,3,2,2,3,3,2,2,3,3,2,3,2,2,3,2,3,3,2,2,3,2,2,3,3,2, , , , , , , , , , , , , , , , ,4,3,3,2,3,3,3,2, , , , , , , , , , ,3,2,3,2,3,3,2,2,2,2,4,1,2, , ,67,1,1
15654,5,2,2,1, , ,2,2,1,0, ,0, ,35000, , , , , , ,3,3,2,2,2,2,1,1,1,1,1,1,1,3,2,2,3,3,2,2,3,3,2,2,2,2,2,2,2,2,2,2,2,3,2,2,2,2,1,0,30,0,1,1,1,1,3,3,2,2,1,1,1,1,1,4,4,1,1,1,1,1,1,1,1,2,2,2,2,2,1,1,2,2,1,1,1,1,1,1,1,1,1,1,1,1,1,1,1,1,1,1,1,1,3,3,2,3,2,3,3,2,3,3,2,2,3,3,2,3,2,3,2,3,3,2,3,3,3,2,3,3,2,3,2,3,2,3,3,2,2,3,2,2,3,2,2,2,3,3,3,2,2, , , , , , , , , , , , , , , , ,4,4,3,3,3,3,2,3, , , , , , , , , , ,3,2,2,2,3,2,2,2,2,2,4, , , ,4,64,2,1
15657,5,1,2,1, , ,2,2,1,25000, ,0, ,35000, , , , ,3, ,3,3,3,2,2,2,2,2,2,2,2,2,2,3,3,2,3,3,2,4,3,4,3,2,3,3,2,3,3,3,3,4,2,3,4,3,3,3,1,10,30,0,2,2,2,2,3,3,2,2,2,2,2,2,2,4,4,2,2,2,1,1,1,1,1,2,2,2,2,2,2,2,2,2,1,1,1,1,1,1,1,1,2,2,2,2,1,1,1,1,2,1,1,1,3,3,2,2,3,2,3,3,2,2,3,3,2,2,3,3,3,2,2,3,2,2,3,3,4,3,2,3,2,2,3,3,2,2,2,3,2,3,2,2,3,3,2,3,3,2,2,3,3,1,1,1, , ,1,1, ,1,1,1, , ,2,1, ,3,3,3,4,3,3,3,2,1, , , ,4,5, , , , ,3,3,2,3,3,2,3,3,2,3,4, , ,3,4,46,2,1
15660,5,2,2,1, , ,2,2,1,0, ,0, ,35000, , , , , , ,3,3,2,2,2,2,2,2,2,2,2,2,2,3,2,2,2,2,2,2,3,2,2,2,2,2,2,3,2,3,2,2,3,2,2,2,2,2,1,0,30,0,1,1,1,1,3,3,2,2,1,1,1,1,1,3,4,2,2,2,1,1,1,1,1,2,1,1,1,1,1,1,1,1,1,1,1,1,1,1,1,1,1,1,1,1,1,1,1,1,1,1,1,1,3,2,2,3,3,3,2,2,3,2,2,3,2,2,3,3,2,3,3,3,2,2,3,3,2,2,3,3,2,2,3,3,2,2,3,2,2,3,2,2,3,2,2,3,2,2,2,3,2,1,1,1,1,1,1,1, ,2,1,1,1,1,1,1, ,4,4,3,4,3,3,4,3,1, , , ,4,5, , , , ,3,2,2,3,2,2,3,3,2,2,4, ,2,3, ,62,1,1
15664,5,2,2,1, , ,2,2,1,0, ,0, ,35000, , , , , , ,3,3,2,2,2,2,2,2,2,2,2,2,2,3,2,2,3,3,2,2,2,2,3,2,2,3,2,3,3,3,2,2,2,2,1,1,2,2,1,0,30,0,1,1,1,1,2,2,2,1,1,1,1,1,1,2,4,2,1,1,1,1,1,1,1,2,3,3,2,2,1,1,1,1,1,1,1,1,1,1,1,1,1,1,1,1,1,1,1,1,1,1,1,1,3,2,3,2,3,2,3,2,3,3,2,2,2,3,3,2,3,2,2,3,2,2,2,3,2,2,2,2,3,3,2,3,2,2,2,3,2,3,2,3,2,3,3,2,2,2,2,2,2, , , , , , , , , , , , , , , , ,4,3,3,3,4,4,3,3, , , , , , , , , , ,3,2,2,3,2,2,3,3,3,2,4, ,2,3, ,59,2,1
15668,5,1,2,1, , ,2,2,1,35000, ,0, ,45000, , , , ,3, ,3,3,2,2,2,2,3,3,3,3,3,3,2,3,2,3,4,3,3,3,3,3,4,3,2,3,3,2,2,3,3,3,4,3,2,3,3,3,1,10,30,0,2,3,3,3,3,3,2,2,2,2,2,2,2,4,4,1,1,2,2,2,2,2,2,2,2,2,2,2,1,1,2,2,1,1,1,1,1,1,1,1,2,2,2,2,1,1,1,1,2,2,2,2,3,3,3,2,2,3,3,2,3,4,3,2,3,3,3,3,3,2,3,3,2,3,3,4,3,2,3,3,3,3,3,4,3,3,2,3,2,3,2,3,3,2,2,3,3,3,3,3,3, ,1,1, ,1,1, , , ,1,1, ,1,1, , ,4,3,4,4,3,3,3,4,1, , ,3,4,5, , , , ,3,2,2,3,3,3,3,2,2,3,4, , , ,4,38,2,1
15673,5,1,2,1, , ,2,2,1,25000, ,0, ,55000, , , , ,3, ,3,3,2,2,2,2,3,3,3,2,3,2,2,3,2,2,3,3,2,2,3,3,2,2,2,3,3,3,3,3,2,2,3,3,3,3,3,3,1,10,30,0,2,2,2,1,2,3,2,2,3,2,2,2,2,4,4,2,2,2,2,2,2,2,2,3,3,3,2,2,1,1,2,2,1,1,1,1,1,1,1,1,2,2,2,2,2,2,1,1,2,2,2,2,2,3,2,3,3,3,3,2,3,3,3,3,2,2,3,3,4,3,2,3,3,3,3,3,2,3,3,2,2,3,3,3,4,3,3,3,2,3,2,3,3,2,3,3,3,3,3,3,2, ,1,1,1,1, , , , ,1,1,1,1, , , ,3,3,3,4,3,3,2,3,1, , ,3,4, , , , , ,3,2,3,3,3,2,2,3,3,2,4, ,2,3, ,44,2,1
15678,5,1,2,1, , ,2,2,1,0, ,0, ,35000, , , , , , ,3,3,3,2,3,3,1,1,1,1,1,1,1,2,2,2,2,2,2,2,2,2,2,2,2,2,2,2,2,2,2,2,2,2,2,2,2,2,2, , , , , , , , , , , , , , , , , , , , , , , , , , , , , , , , , , , , , , , , , , , , , , , , , , , , , , , , , , , , ,3,2,2,2,3,3,2,3,2,2,3,2,2,3,3,3,3,2,3,3,3,2,2,3,3,3,3,3,2,2,3,2,3,2,3,3,2,2,3,2,2,3,3,3, ,1,1,1,1,1, , , ,1,1,1,1,1, , ,4,4,3,3,4,4,3,3,1, , ,3,4, , , , , ,3,2,2,3,3,2,2,3,3,2,4, , , ,4,46,2,1
15682,5,1,2,1, , ,2,2,1,25000, ,0, ,35000, , , , ,3, ,3,3,2,2,2,2,2,3,3,2,3,3,3,3,2,2,3,3,3,3,3,3,2,2,2,3,3,3,2,3,3,3,2,2,2,2,2,3,1,10,30,0,2,2,2,2,2,3,2,2,2,2,2,2,2,4,4,3,3,2,1,1,1,1,1,2,2,2,2,2,1,1,2,1,1,1,1,1,1,1,1,1,1,1,1,1,1,1,1,1,1,1,1,1,4,3,2,2,3,2,3,3,2,2,3,2,2,2,3,3,2,3,2,3,2,3,3,3,2,2,2,3,3,3,3,3,3,3,3,2,2,3,3,2,2,2,3,3,3,3,3,2,2, ,1,1, ,1,1,1, , ,1,1, ,1,1,1, ,4,4,4,3,3,3,3,3,1, , ,3,4,5, , , , ,3,2,3,3,3,2,3,2,2,3,4, , , ,4,39,2,1
15685,5,1,2,1, , ,2,2,1,25000, ,0, ,35000, , , , ,3, ,3,3,3,2,2,2,3,3,3,2,2,2,2,3,3,2,2,2,3,3,3,3,3,2,2,3,3,3,3,3,3,2,2,2,2,2,2,2,1,0,30,0,1,1,1,1,3,3,2,2,1,1,1,1,1,4,4,2,2,2,1,1,1,1,1,2,3,3,2,2,1,1,1,1,1,1,1,1,1,1,1,1,1,1,1,1,1,1,1,1,1,1,1,1,3,3,2,3,3,3,2,3,2,2,2,3,3,3,2,4,3,3,2,3,3,3,2,4,3,2,3,3,2,2,3,3,3,2,2,3,2,3,3,2,3,4,3,2,3,3,3,2,3,1,1,1,1,1, , , ,1,1,1,1,1, , , ,3,3,3,3,3,3,3,4,1, , ,3,4, , , , , ,3,2,3,2,2,3,3,2,2,3,4, , , ,4,48,2,1
15689,5,1,2,1, , ,2,2,1,25000, ,0, ,35000, , , , ,3, ,3,3,2,2,2,2,2,2,2,2,2,2,1,3,2,2,2,2,2,2,2,2,2,2,2,2,2,2,2,2,2,2,2,2,2,2,2,2,1,0,30,0,1,1,1,1,3,3,2,2,1,1,1,1,1,4,4,1,1,1,1,1,1,1,1,2,2,2,2,2,1,1,2,2,1,1,2,1,1,1,1,1,1,1,1,1,1,1,1,1,1,1,1,1,1,1,1,1,1,3,2,3,2,2,2,3,2,2,2,3,3,2,3,3,2,2,3,3,3,2,2,2,3,2,2,3,3,2,2,3,2,3,2,2,3,2,2,3,3,3,2,2,2, ,1,1, ,1, , , , ,1,1, ,1, , , ,4,4,3,3,4,4,4,3,1, , ,3,4, , , , , ,3,2,2,2,2,3,3,3,2,2,4, , , ,4,56,2,1
15693,5,2,2,1, , ,2,2,1,0, ,0, ,35000, , , , , , ,3,3,2,2,2,2,2,2,2,2,2,2,1,3,2,2,3,2,2,2,2,2,3,2,2,2,2,2,2,2,2,2,2,2,2,2,2,2,1,0,30,0,1,1,1,1,2,3,2,2,1,1,1,1,1,4,4,4,2,2,1,1,1,1,1,2,2,2,2,2,1,1,1,1,1,1,1,1,1,1,1,1,2,2,1,1,1,1,1,1,1,1,1,1,2,2,3,3,2,3,2,2,3,2,3,3,2,2,3,3,2,2,3,3,2,2,3,3,3,2,2,3,2,2,2,3,2,2,3,2,2,3,2,3,2,2,2,3,3,2,2,3,3, , , , , , , , , , , , , , , , ,4,4,4,4,4,4,3,3, , , , , , , , , , ,3,2,2,3,3,2,2,2,2,2,4, , , ,4,64,2,1
15696,5,1,2,1, , ,1,1,1,25000, ,0, ,35000, , , , ,3, ,3,3,2,2,2,2,3,3,3,2,3,2,3,3,3,2,3,3,3,3,3,3,3,3,2,3,3,3,3,3,2,3,3,3,2,3,3,3,1,20,30,0,3,3,3,2,3,3,2,2,3,2,2,2,2,2,4,2,2,2,2,2,1,1,1,2,3,2,2,2,2,2,2,2,1,1,1,1,1,1,1,1,1,1,1,1,1,1,1,1,1,1,2,1,3,3,2,3,3,3,2,3,2,2,2,3,3,3,3,3,2,2,3,3,3,3,2,3,3,2,3,3,2,2,3,3,3,3,3,2,2,3,2,2,3,3,3,2,2,2,3,3,3,1,1,1,1,1,1,1,1,1,1,1,1,1,1,1,1,3,3,4,3,4,3,3,3,1, , ,3,4,5, , , , ,3,3,3,2,3,3,2,3,3,3,4, , , ,4,26,2,1
15703,5,1,1,1, , ,1,1,1,25000, ,0, ,35000, , , , ,3, ,3,3,3,2,2,2,3,2,2,2,2,2,2,3,3,2,2,2,2,2,2,2,2,2,2,2,2,3,2,2,2,2,2,2,2,2,2,2,1,0,30,0,1,1,1,1,2,3,2,2,1,1,1,1,1,3,4,3,2,2,1,1,1,1,1,2,2,2,2,2,1,1,1,1,1,1,1,1,1,1,1,1,1,1,1,1,1,1,1,1,2,2,2,2,2,3,2,2,3,3,2,2,3,3,2,2,2,3,3,3,2,2,3,3,2,2,2,3,3,2,2,3,2,2,2,3,3,2,2,2,2,3,2,2,3,3,2,2,2,2,3,3,2, , , , , , , , , , , , , , , , ,4,3,3,4,3,3,3,3, , , , , , , , , , ,3,2,2,2,3,3,2,2,2,3,4, , , ,4,59,2,1
15708,5,1,2,1, , ,2,2,1,25000, ,0, ,35000, , , , ,3, ,3,3,2,2,2,2,2,2,2,2,2,2,2,3,2,2,2,2,2,2,2,2,3,2,2,2,2,2,2,2,2,2,2,2,2,2,2,2,1,0,30,0,1,1,1,1,3,3,2,2,1,1,1,1,1,2,4,2,2,2,1,1,1,1,1,2,2,2,2,2,1,1,2,2,1,1,1,1,1,1,1,1,1,1,1,1,1,1,1,1,1,1,1,1,3,2,3,3,2,2,2,2,3,3,2,2,2,2,2,3,3,2,3,3,3,3,2,3,4,3,2,3,2,2,2,3,3,3,2,3,2,3,2,2,3,3,3,3,2,2,3,3,3, ,1,1,1,1,1, , , ,1,1,1,1,1, , ,4,4,3,3,4,3,3,3,1, , ,3,4, , , , , ,3,2,3,2,2,3,3,3,3,3,4, , , ,4,51,2,1
15711,5,1,1,1, , ,1,1,1,25000, , ,1,45000, , , , ,3,3,3,3,2,2,2,2,3,3,3,3,3,3,2,3,2,2,3,3,2,2,3,3,3,2,3,3,3,2,3,3,3,2,2,2,2,2,2,2,1,0,30,0,1,1,1,1,3,3,3,2,1,1,1,1,1,4,4,2,2,2,1,1,1,1,1,4,4,3,2,2,1,1,1,1,1,1,1,1,1,1,1,1,3,3,2,2,1,1,1,1,3,3,3,3,2,2,3,3,2,3,3,3,2,3,3,3,2,2,2,3,3,3,3,3,3,3,2,3,3,3,3,2,3,3,3,3,3,3,3,2,2,3,3,3,3,2,2,3,3,3,3,3,3, ,1,1,1,1, , , , ,1,1,1,1, , , ,4,4,4,3,3,3,3,3,1, , ,3,4,5, , , , ,3,3,2,3,3,3,3,3,2,2,4, , , ,4,41,2,1
15717,5,1,1,1, , ,1,1,1,30000, ,0, ,45000, , , , ,3, ,3,3,3,2,2,2,2,3,3,3,2,3,3,3,3,3,3,3,2,2,3,3,2,3,3,3,3,3,2,3,3,2,2,2,3,3,3,3,1,0,30,0,1,1,1,1,3,2,2,2,1,1,1,1,1,3,4,2,2,2,1,1,1,1,1,2,2,2,2,2,1,1,2,2,1,1,1,1,1,1,1,1,1,1,1,1,1,1,1,1,1,1,1,1,3,2,2,2,3,3,3,2,2,2,3,3,3,3,3,3,2,2,3,3,3,3,2,3,3,3,3,2,2,3,3,3,3,2,2,3,2,3,3,2,2,3,3,3,2,2,2,3,3, , , , , , , , , , , , , , , , ,4,4,4,4,3,3,4,3, , , , , , , , , , ,4,3,3,3,3,2,2,3,3,3,4, , , ,4,43,2,1
15721,5,1,2,1, , ,2,2,1,0, ,0, ,35000, , , , , , ,3,2,2,2,2,2,1,1,1,1,1,1,1,2,2,2,2,2,2,2,2,2,2,2,2,2,2,2,2,2,2,2,2,2,2,2,2,2,2, , , , , , , , , , , , , , , , , , , , , , , , , , , , , , , , , , , , , , , , , , , , , , , , , , , , , , , , , , , , ,2,2,2,2,2,2,2,2,2,2,3,3,3,2,3,3,2,3,3,3,2,3,3,3,3,3,3,2,3,3,3,2,3,2,3,3,2,3,3,2,2,2,2,2, ,1,1, , ,1, , , ,1,1, , ,1, , ,4,4,4,4,4,4,4,3,1, , ,3,4, , , , , ,3,2,3,3,3,3,3,3,2,2,4, , , ,4,57,1,1
15727,5,1,1,1, , ,2,2,1,25000, ,0, ,35000, , , , ,3, ,3,3,2,2,2,2,3,2,3,3,3,3,2,3,2,2,2,3,2,2,3,3,3,2,2,3,3,3,3,3,3,2,3,2,3,4,3,2,1,10,30,0,2,2,2,2,3,3,3,2,3,3,2,2,2,4,4,3,3,2,1,1,1,1,1,3,2,2,2,2,1,1,2,2,1,1,2,1,1,1,1,1,1,1,1,1,1,1,1,1,1,1,1,1,3,3,2,2,3,2,3,3,2,3,2,3,3,3,3,3,2,3,3,2,2,2,2,3,3,2,2,2,2,3,3,3,2,2,3,3,2,3,2,2,3,3,2,2,3,2,2,3,3, ,1,1,1,1,1,1, , ,1,1,1,1,1,1, ,3,4,3,2,3,3,2,3,1, , ,3,4, , , , , ,3,2,3,2,2,2,3,3,3,3,4, , ,3,4,47,2,1
15731,5,2,2,1, , ,2,2,1,0, ,0, ,30000, , , , , , ,3,3,2,2,2,2,2,2,2,2,2,2,1,3,3,2,2,2,2,2,2,2,3,2,2,3,3,3,2,2,2,2,2,2,2,2,2,2,1,0,30,0,1,1,1,1,2,3,2,2,1,1,1,1,1,4,4,4,1,1,1,1,1,1,1,3,3,2,2,2,1,1,1,1,1,1,1,1,1,1,1,1,1,1,1,1,1,1,1,1,1,1,1,1,2,3,3,2,3,3,2,2,3,3,3,2,2,2,3,3,2,3,3,3,3,2,3,3,3,2,2,3,3,2,3,3,3,2,2,3,2,3,3,2,3,3,2,3,3,3,4,3,2, ,1,1, , ,1, , , ,1,1, , ,1, , ,4,4,3,3,4,4,3,3,1, , ,3,4, , , , , ,3,2,3,3,2,3,3,3,3,3,4, , ,3, ,55,2,1
15734,5,1,1,1, , ,2,2,1,25000, ,0, ,35000, , , , ,3, ,3,3,3,2,2,2,3,3,3,3,3,2,2,3,3,3,2,2,2,2,3,2,3,3,2,2,2,3,2,3,2,3,2,2,3,3,2,2,1,10,30,0,2,3,2,2,2,3,2,2,2,2,2,1,1,4,4,3,2,2,1,2,2,1,1,2,2,2,1,1,1,1,1,1,1,1,1,1,1,1,1,1,1,1,1,1,1,1,1,1,1,1,1,1,3,3,2,3,3,3,2,2,3,3,3,2,3,3,3,3,2,3,3,3,3,2,3,3,3,2,2,3,3,3,3,4,3,2,3,3,2,4,3,2,3,3,3,2,3,3,3,2,3, , ,1,1,1,1,1,1, , ,1,1,1,1,1,1,4,4,4,3,3,3,3,3,1, , ,3,4,5, , , , ,3,2,3,2,2,2,3,3,3,3,4, , , ,4,48,2,1
15738,5,1,1,1, , ,2,2,1,30000, ,0, ,45000, , , , ,3, ,3,3,3,2,2,2,3,3,3,2,3,3,2,3,2,3,3,3,2,3,3,3,3,3,3,3,3,2,3,3,3,3,2,2,3,3,2,2,1,0,30,0,1,1,1,1,3,3,3,2,1,1,1,1,1,4,4,4,2,2,1,1,1,1,1,2,3,3,3,3,1,1,3,2,1,1,1,1,1,1,1,1,1,1,1,1,1,1,1,1,2,2,2,2,1,3,3,2,2,3,3,2,3,3,3,2,2,2,3,3,4,3,3,3,2,3,2,3,3,4,3,2,3,3,3,3,3,2,3,3,2,3,3,2,3,3,2,3,4,3,3,2,3, ,1,1,1,1,1,1, , ,1,1,1,1,1,1, ,4,4,4,4,4,4,3,3,1, , ,3,4,5, , , , ,3,3,2,3,3,4,2,3,3,3,4, , , ,4,37,2,1
15743,5,1,2,1, , ,2,2,1,30000, ,0, ,35000, , , , ,3, ,3,3,2,2,2,2,3,2,2,3,2,2,2,3,2,2,2,2,2,2,2,2,3,2,2,2,3,3,2,3,2,2,2,2,2,2,2,2,1,0,30,0,1,1,1,1,3,3,2,2,1,1,1,1,1,2,3,2,3,2,1,1,1,1,1,3,2,2,2,2,1,1,1,1,1,1,1,1,1,1,1,1,3,3,2,2,1,1,1,1,3,2,2,2,2,3,3,2,3,3,2,2,3,2,2,2,3,3,3,4,3,2,3,3,2,3,3,3,3,2,2,2,3,3,3,3,3,3,2,3,2,3,2,2,3,2,2,2,3,3,3,3,3, ,1,1,1,1, , , , ,1,1,1,1, , , ,4,4,3,3,4,3,3,4,1, , ,3,4,5, , , , ,3,2,3,2,2,3,3,3,3,3,4, , , ,4,57,2,1
15748,5,1,1,1, , ,2,2,1,30000, ,0, ,45000, , , , ,3, ,3,4,2,2,2,2,3,4,4,4,4,4,3,3,3,3,3,3,3,3,4,3,3,3,3,3,3,3,3,3,3,2,4,3,3,3,3,3,1,10,30,0,2,2,2,2,3,3,3,2,2,2,2,2,2,4,4,2,2,2,1,1,2,2,2,2,2,2,2,2,2,2,2,2,1,1,2,2,1,1,1,1,1,1,1,1,1,1,1,1,1,1,1,1,2,2,3,3,2,3,3,2,3,3,2,3,3,4,3,3,2,2,3,3,3,2,2,3,3,3,2,2,3,3,3,4,3,2,2,3,2,3,2,2,3,3,3,2,2,3,2,2,2, , ,1,1,1,1, , , , ,1,1,1,1, , ,3,3,4,4,3,3,2,3,1, , ,3,4,5, , , , ,3,2,3,2,2,2,3,3,3,3,4, , , ,4,36,1,1
15752,5,1,2,1, , ,2,2,1,30000, ,0, ,35000, , , , ,3, ,3,3,2,2,2,2,3,3,3,3,2,2,3,3,3,3,3,3,3,3,3,3,3,3,3,3,3,3,3,3,3,4,3,3,4,3,3,3,1,20,30,0,2,3,2,2,3,3,3,2,3,3,3,2,3,3,4,3,3,3,2,2,2,2,2,3,3,2,3,3,2,2,3,3,2,2,2,2,2,2,2,2,2,2,2,2,2,2,2,2,2,2,2,2,3,3,2,2,3,4,3,2,3,3,2,2,3,3,3,3,3,2,3,3,4,3,2,3,3,2,3,3,2,2,2,3,3,3,2,3,2,3,4,4,3,2,3,3,3,2,3,3,3, ,1,1,1, ,1, , , ,1,1,1, ,1, , ,3,3,4,4,4,3,3,4,1, , ,3,4, , , , , ,3,2,2,3,3,3,3,3,2,3,4, , , ,4,39,2,1
15755,5,1,2,1, , ,2,2,1,30000, ,0, ,35000, , , , ,3, ,3,3,3,2,2,2,3,3,2,2,2,2,2,2,2,2,2,2,2,2,3,3,3,2,2,3,2,2,3,3,2,2,2,2,2,2,2,2,1,0,30,0,1,1,1,1,3,3,2,2,1,1,1,1,1,3,4,2,2,2,1,1,1,1,1,2,3,3,2,2,1,1,2,2,1,1,1,1,1,1,1,1,2,2,2,2,1,1,1,1,2,2,2,2,2,2,3,3,2,3,2,2,3,3,3,2,2,2,2,3,2,3,3,3,2,2,3,3,2,2,3,3,2,2,2,3,2,2,2,3,2,2,2,3,3,2,2,2,2,3,3,2,2,1,1,1,1,1,1, , ,1,1,1,1,1,1, , ,3,3,3,4,3,3,4,3,1, , ,3,4, , , , , ,3,2,2,3,3,3,2,2,2,3,4, , , ,4,55,2,1
15759,5,1,2,1, , ,2,2,1,30000, ,0, ,45000, , , , ,3, ,3,3,3,2,2,2,3,2,3,3,2,3,2,3,3,2,2,2,2,2,3,2,2,2,2,3,2,2,2,3,2,2,3,3,2,2,2,3,1,10,30,0,3,2,2,2,2,3,3,2,3,3,3,2,2,4,4,3,2,2,2,2,2,2,2,2,3,2,2,2,2,2,2,2,2,2,2,2,2,2,2,2,2,2,2,2,2,2,2,2,2,2,2,3,2,2,2,1,2,3,3,2,3,3,3,2,2,2,2,3,3,2,2,3,3,3,2,3,3,3,2,2,3,3,3,3,3,3,3,2,2,3,2,3,3,2,2,2,3,3,2,2,3, ,1,1, , ,1, , , ,1,1, , ,1, , ,4,4,3,3,3,3,3,3,1, , ,3,4, , , , , ,3,2,3,3,3,3,2,2,3,3,4, , , ,4,60,1,1
15762,5,2,2,1, , ,2,2,1,0, ,0, ,45000, , , , , , ,3,4,3,2,2,2,3,3,2,3,3,3,2,3,3,2,2,2,2,2,3,3,3,3,3,2,3,2,3,3,2,3,2,2,3,3,2,2,1,0,30,0,1,1,1,1,3,3,3,3,1,1,1,1,1,4,4,3,2,3,1,1,1,1,1,3,2,3,3,3,1,1,3,3,1,1,2,2,1,1,1,1,2,2,2,2,1,1,1,1,2,2,2,2,3,2,3,3,2,3,3,2,3,3,3,2,2,2,3,3,3,2,3,3,3,2,3,3,3,2,2,3,3,2,2,3,3,2,3,2,2,3,3,2,3,3,3,2,3,3,3,2,2,1,1,1,1,1,1, , ,1,1,1,1,1,1, , ,3,3,4,3,4,4,3,3,1, , ,3,4, ,6, , , ,3,2,3,4,3,2,3,3,3,3,4, , , ,4,47,2,1
15765,5,1,2,1, , ,2,2,1,30000, ,0, ,35000, , , , ,3, ,3,3,3,2,2,2,3,2,2,2,2,2,1,3,2,2,2,2,2,2,2,2,2,2,2,2,2,2,2,2,2,2,2,2,2,2,2,2,3, , , , , , , , , , , , , , , , , , , , , , , , , , , , , , , , , , , , , , , , , , , , , , , , , , , , , , , , , , , , ,3,2,2,2,2,2,3,3,2,3,3,2,2,2,3,3,3,2,3,2,3,2,2,2,2,2,3,3,2,3,3,2,3,2,2,3,3,3,2,2,2,3,3,3, ,1,1,1, ,1, , , ,1,1,1, ,1, , ,4,4,3,3,4,4,4,3,1, , ,3, , , , , , ,3,2,3,3,3,2,2,3,2,2,4, , , ,4,56,2,1
15769,5,1,2,1, , ,2,2,1,30000, ,0, ,35000, , , , ,3, ,3,3,2,2,2,2,3,2,3,2,3,3,3,3,3,3,2,2,2,3,3,3,4,3,3,3,2,3,3,3,3,3,2,3,3,3,3,3,1,20,30,0,2,2,3,2,3,3,2,3,2,2,2,3,3,3,4,3,3,2,2,2,2,2,2,2,3,3,3,3,2,3,3,3,2,2,2,2,2,2,2,2,2,2,2,2,2,2,2,2,2,2,2,2,3,3,4,2,3,3,4,2,3,3,2,3,4,2,3,3,4,3,3,4,3,2,3,3,4,2,3,3,2,3,3,4,3,2,3,3,2,3,2,3,3,2,3,3,3,2,3,3,3, ,1,1,1,1,1, , , ,1,1,1,1,1, , ,3,4,3,3,3,4,4,3,1, , , ,4,5, , , , ,3,3,3,2,3,3,3,3,2,3,4, , , ,4,39,2,1
15771,5,1,1,1, , ,2,2,1,30000, ,0, ,45000, , , , ,3, ,3,3,3,2,2,2,2,2,2,2,2,2,2,3,3,2,2,2,2,2,2,2,2,2,2,3,3,2,2,2,2,2,2,2,2,2,2,2,1,0,30,0,1,1,1,1,3,2,3,2,1,1,1,1,1,3,4,3,2,2,1,1,1,1,1,3,3,2,2,2,1,1,1,1,1,1,1,1,1,1,1,1,1,1,1,1,1,1,1,1,2,3,2,2,2,2,2,3,2,3,2,2,3,3,2,3,3,2,2,3,3,2,2,3,3,2,2,3,3,4,3,2,2,3,2,3,3,3,2,3,2,3,2,3,3,2,2,3,3,2,2,3,3, ,1,1,1,1,1,1, , ,1,1,1,1,1,1, ,4,4,4,4,3,4,4,4,1, ,2,3,4, , , , , ,3,2,3,3,3,3,2,3,3,3,4, , , ,4,46,2,1
15775,5,1,1,1, , ,1,2,1,35000, ,0, ,45000, , , , ,3, ,3,3,2,2,2,2,3,3,3,3,3,3,3,3,3,3,3,3,2,3,3,3,4,3,3,3,3,3,3,3,3,3,2,3,3,2,2,3,1,20,30,0,3,3,3,3,2,3,3,3,3,3,3,3,3,3,3,2,3,3,2,2,2,3,3,2,3,3,2,3,3,3,3,3,2,2,2,2,3,3,3,3,3,3,3,3,3,3,3,3,3,3,3,3,3,2,4,3,3,3,2,3,3,2,3,3,3,3,3,3,3,3,3,3,2,3,3,3,3,2,3,3,2,3,3,3,3,2,2,3,2,3,3,3,3,2,2,3,3,3,3,2,3, ,1,1,1,1, , ,1, ,1,1,1,1, , ,1,4,4,4,4,4,3,4,4,1, , ,3,4,5, , , , ,3,2,3,2,2,3,3,3,3,2,4, , , ,4,34,2,1
15778,5,1,1,1, , ,2,2,1,35000, ,0, ,45000, , , , ,3, ,3,3,3,2,2,2,2,3,3,2,3,3,2,3,3,2,2,2,2,2,2,2,3,2,2,3,3,3,3,2,2,2,2,2,2,2,2,2,1,0,30,0,1,1,1,1,2,3,3,2,1,1,1,1,1,4,4,2,2,2,1,1,1,1,1,3,3,3,3,3,1,1,2,2,1,1,2,2,1,1,1,1,2,2,2,2,1,1,1,1,2,2,2,2,3,3,3,3,3,3,3,3,2,2,3,3,2,3,2,3,3,3,3,3,2,3,3,3,4,3,2,3,3,3,3,3,2,3,3,2,2,3,2,3,3,3,3,3,3,2,3,4,3, ,1,1,1,1,1, , , ,1,1,1,1,1, , ,4,4,4,4,4,4,4,4,1, , , ,4,5, , , , ,3,2,3,3,3,3,2,3,3,3,4, , , ,4,49,2,1
15782,5,1,1,1, , ,2,2,1,30000, ,0, ,35000, , , , ,3, ,3,3,2,2,2,2,2,2,2,2,2,2,2,3,2,2,2,2,2,2,2,2,3,2,2,3,3,3,2,2,2,1,2,3,2,3,2,2,1,0,30,0,1,1,1,1,3,3,3,2,1,1,1,1,1,2,4,3,2,2,1,1,1,1,1,3,3,2,2,2,1,1,2,2,1,1,3,3,1,1,1,1,2,2,2,2,1,1,1,1,2,2,2,2,3,2,3,3,3,3,2,2,3,3,2,2,2,3,3,3,3,2,3,3,2,3,2,3,3,3,2,3,3,3,3,4,3,2,3,3,2,4,3,2,3,3,3,2,3,3,3,2,3, , ,1,1,1,1, , , , ,1,1,1,1, , ,4,4,4,4,3,3,4,3,1, , ,3,4,5, , , , ,3,4,3,3,3,4,3,2,3,3,4, , , ,4,47,2,1
15785,5,1,1,1, , ,2,2,1,30000, ,0, ,45000, , , , ,3, ,3,4,3,2,2,2,3,3,3,3,3,3,2,3,3,2,3,3,3,3,3,3,3,3,3,3,4,3,3,3,3,4,3,3,2,3,3,3,1,20,30,0,3,3,3,3,3,3,3,2,3,2,2,2,2,4,4,3,2,3,3,3,2,2,2,3,3,2,2,2,3,3,3,3,2,2,2,2,2,2,2,2,2,2,2,2,2,2,2,2,2,2,2,2,3,3,2,3,3,3,2,4,3,3,3,3,2,3,3,4,3,3,2,3,3,3,2,3,3,3,3,2,3,3,4,3,3,3,2,3,2,3,4,3,3,2,3,3,3,3,4,3,2, ,1,1,1,1,1, , , ,1,1,1,1,1, , ,4,4,4,4,4,4,4,4,1, , ,3,4,5, , , , ,3,4,3,2,3,3,2,3,3,3,4, , , ,4,43,2,1
15788,5,1,1,1, , ,2,2,1,33000, ,0, ,45000, , , , ,3, ,3,3,2,2,2,2,3,3,3,3,3,3,3,3,3,3,2,3,3,3,3,3,3,3,3,3,3,3,3,3,3,2,3,3,3,3,3,3,1,20,30,0,3,3,3,2,3,3,3,2,2,2,3,2,3,4,4,3,2,2,3,3,3,3,2,3,3,3,3,3,3,2,3,3,2,2,3,2,2,2,2,2,3,3,2,2,2,2,2,2,3,3,2,2,3,2,2,3,2,3,3,2,3,3,2,3,3,2,3,3,3,2,3,3,3,2,3,3,3,2,2,2,3,3,3,3,3,2,2,3,2,3,3,2,3,3,3,2,2,3,3,3,3, ,1,1,1,1,1, , , ,1,1,1,1,1, , ,3,4,3,3,3,3,3,4,1, , ,3,4, , , , , ,3,2,3,3,3,3,3,3,3,3,4, , , ,4,39,2,1
15792,5,1,1,1, , ,2,2,1,30000, ,0, ,35000, , , , ,3, ,3,3,3,2,2,2,2,2,2,2,2,2,1,3,2,2,2,2,2,2,2,2,3,3,3,3,3,3,2,3,3,2,2,2,2,2,2,2,1,30,30,0,3,3,3,3,2,3,3,3,3,3,3,3,3,4,4,3,2,2,3,3,2,2,2,3,3,2,2,3,2,2,3,3,2,2,3,3,2,2,2,2,3,3,3,3,2,2,3,2,3,3,3,3,3,2,3,3,3,3,3,2,3,3,3,2,2,3,3,3,2,2,3,3,2,2,3,3,3,2,2,3,3,2,2,3,3,2,3,2,2,3,2,3,3,2,2,3,2,3,3,2,2, , ,1,1,1,1,1, , , ,1,1,1,1,1, ,3,3,4,4,3,3,3,3,1, , , ,4,5, , , , ,3,2,3,3,2,3,3,3,2,2,4, , ,3,4,49,2,1
15794,5,1,2,1, , ,2,2,1,33000, ,0, ,45000, , , , ,3, ,3,3,3,2,2,2,3,3,3,3,3,3,3,3,3,2,2,2,2,2,3,3,2,2,3,3,3,3,3,3,3,2,2,2,2,2,3,2,1,20,30,0,2,3,2,2,2,2,3,2,3,3,2,2,2,2,4,3,2,2,2,2,2,2,2,3,3,3,3,3,2,2,2,2,2,2,2,2,2,2,3,2,3,2,2,2,2,2,2,2,2,2,2,2,2,4,2,3,3,3,2,3,3,2,3,2,2,2,3,4,3,3,2,3,3,3,2,3,3,2,2,3,2,2,3,3,3,3,3,2,2,3,3,2,3,3,4,3,3,2,3,3,3, ,1,1,1,1,1,1, , ,1,1,1,1,1,1, ,4,4,3,4,3,3,3,4,1, , ,3,4, , , , , ,3,3,4,3,2,3,3,2,3,3,4, , , ,4,38,2,1
15797,5,1,1,1, , ,2,2,1,30000, ,0, ,35000, , , , ,3, ,3,3,2,2,2,2,3,2,2,3,3,3,2,3,3,3,3,3,3,3,3,2,3,4,3,3,3,3,3,3,3,2,4,3,3,4,3,2,1,20,30,0,3,3,2,3,3,3,2,3,3,3,3,2,2,3,4,2,2,3,2,2,2,2,2,2,2,3,2,2,3,3,2,2,2,2,1,1,1,1,1,1,1,1,1,1,2,2,2,2,2,2,2,2,2,2,3,3,3,3,2,2,3,3,3,2,2,3,3,3,2,3,3,3,3,3,2,3,3,3,2,3,3,3,3,2,3,2,3,2,2,3,2,3,3,2,2,3,3,3,2,3,3, ,1,1,1,1,1,1, , ,1,1,1,1,1,1, ,4,4,4,4,4,3,4,3,1, , ,3,4, , , , , ,3,2,3,3,3,2,2,3,2,2,4, , , ,4,25,2,1
15801,5,1,1,1, , ,2,2,1,30000, ,0, ,45000, , , , ,3, ,3,3,2,2,2,2,3,3,2,3,3,2,3,3,3,3,2,2,3,3,3,3,2,3,3,3,3,3,3,3,3,3,3,3,2,3,3,3,1,20,30,0,2,3,3,2,3,2,2,2,2,2,3,2,2,4,4,3,3,3,3,2,2,2,2,2,3,3,2,2,2,2,3,3,2,2,3,3,3,2,2,2,3,3,2,2,3,3,2,2,3,3,2,2,3,2,2,3,2,3,3,2,2,3,2,3,2,3,2,3,2,2,3,3,3,2,3,3,3,2,2,3,3,2,2,3,3,2,3,3,2,3,2,2,3,3,2,2,3,3,2,3,3, ,1,1, , , , , , ,1,1, , , , , ,4,3,3,3,4,4,3,3,1, , ,3,4,5, , , , ,4,2,3,3,2,3,3,3,3,3,4, , ,3,4,26,2,1
15804,5,1,1,1, , ,2,2,1,30000, ,0, ,45000, , , , ,3, ,3,4,2,2,2,2,3,3,3,3,3,3,3,3,2,3,3,3,3,3,3,3,3,3,3,3,3,3,3,3,2,3,3,3,2,4,3,3,1,20,30,0,3,3,2,2,3,3,2,2,2,2,2,2,2,3,2,2,2,2,2,2,2,2,2,3,2,2,2,2,2,2,2,2,2,2,2,2,2,2,2,2,2,2,2,2,2,2,2,2,2,2,2,2,2,2,3,3,3,3,2,3,3,2,3,3,2,2,3,3,4,3,3,3,2,3,3,3,2,3,3,3,2,2,3,3,3,3,2,3,2,3,2,3,3,2,2,3,3,2,3,3,2, ,1,1,1,1,1, , , ,1,1,1,1,1, , ,4,4,3,3,4,4,3,3,1, , ,3,4,5, , , , ,3,2,3,4,3,3,2,2,2,2,4, , , ,4,25,2,1
15807,5,2,2,1, , ,2,2,1,0, ,0, ,35000, , , , , , ,3,3,3,2,2,2,2,2,2,2,2,2,2,3,2,2,2,2,2,2,2,2,2,2,2,3,2,3,2,2,2,2,3,3,3,2,2,3,1,0,30,0,1,1,1,1,3,3,2,2,1,1,1,1,1,4,4,3,2,2,1,1,1,1,1,2,3,2,2,2,1,1,2,1,1,1,1,1,1,1,1,1,1,1,1,1,1,1,1,1,1,1,1,1,3,3,2,3,3,3,2,2,3,3,2,2,2,3,3,3,3,2,2,3,3,2,3,3,2,3,3,2,3,2,2,3,2,2,3,3,2,3,2,3,3,2,3,2,2,4,3,3,3, ,1,1,1, ,1, , , ,1,1,1, ,1, , ,4,4,3,3,4,3,3,4,1, , ,3,4, , , , , ,3,2,3,4,2,3,3,2,3,3,4, , , ,4,58,2,1
15809,5,2,2,1, , ,2,2,1,0, ,0, ,35000, , , , , , ,3,3,2,2,2,2,2,2,2,2,2,2,2,2,2,2,2,2,2,2,2,2,2,3,3,3,3,2,3,2,2,2,2,2,2,2,2,2,1,0,30,0,1,1,1,1,3,3,3,3,1,1,1,1,1,3,2,3,2,3,1,1,1,1,1,3,3,3,3,3,1,1,3,3,1,1,1,1,1,1,1,1,2,2,2,2,1,1,1,1,2,2,2,2,1,1,1,1,1,3,2,3,2,2,3,2,2,3,3,3,2,3,3,3,2,3,3,3,2,3,2,2,3,3,3,3,2,2,3,3,2,3,2,2,3,3,3,2,3,3,4,3,3, , ,1,1,1,1, , , , ,1,1,1,1, , ,4,4,3,3,4,3,3,4,1, , ,3,4,5, , , , ,3,2,3,2,2,3,3,3,2,3,4, , , ,4,56,2,1
15811,5,1,1,1, , ,2,2,1,3000, ,0, ,35000, , , , ,3, ,3,3,2,2,2,2,3,2,3,3,3,3,3,3,2,3,3,4,3,3,3,3,3,4,3,2,3,3,3,3,3,3,2,3,3,3,3,3,1,20,30,0,3,3,2,3,2,2,3,2,3,3,2,2,2,3,4,2,2,2,3,2,2,2,2,3,2,2,2,2,2,2,2,2,1,1,1,1,1,1,1,1,1,1,1,1,2,2,3,3,3,2,2,2,3,2,2,3,3,3,3,2,3,3,2,3,3,2,3,3,2,2,3,3,2,2,3,3,2,2,2,2,3,3,2,3,2,2,3,2,2,3,2,2,3,2,2,3,3,2,2,2,2, ,1,1,1, , , , , ,1,1,1, , , , ,4,4,3,3,3,4,4,4,1, , , ,4,5, , , , ,3,3,2,3,3,3,3,3,2,2,4, , , ,4,36,2,1
15814,5,1,2,1, , ,2,2,1,25000, ,0, ,35000, , , , ,3, ,3,3,2,2,2,2,3,3,3,3,3,3,2,3,3,2,3,3,3,2,3,2,3,3,2,3,2,3,2,3,3,2,2,2,2,2,2,2,1,10,30,0,2,2,2,3,3,3,3,2,2,2,2,2,2,3,3,2,2,2,2,2,2,2,2,2,3,2,2,2,2,2,2,2,1,1,1,1,1,1,1,1,1,1,1,1,1,1,1,1,2,2,2,2,3,3,2,2,3,3,2,2,3,3,2,3,3,2,3,3,2,3,3,3,2,2,3,3,2,3,3,3,3,2,3,3,3,2,3,3,2,3,2,2,3,3,2,3,2,3,2,3,2, ,1,1,1,1,1,1, , ,1,1,1,1,1,1, ,4,4,4,3,4,3,3,4,1, , ,3,4, , , , , ,3,3,2,3,3,3,3,2,3,3,4, , , ,4,59,2,1
15816,5,1,1,1, , ,2,2,1,25000, ,0, ,35000, , , , ,3, ,3,3,2,2,2,2,2,2,2,3,3,3,2,3,2,2,3,3,3,2,3,3,2,3,3,3,2,3,3,3,3,3,2,3,3,2,3,3,3, , , , , , , , , , , , , , , , , , , , , , , , , , , , , , , , , , , , , , , , , , , , , , , , , , , , , , , , , , , , ,3,2,3,2,2,3,3,3,2,2,2,2,2,3,3,3,2,3,3,3,2,2,3,2,2,3,3,3,3,2,3,2,3,2,4,3,2,3,3,2,2,3,3,3, , , , , , , , , , , , , , , , ,4,4,4,4,4,4,4,4, , , , , , , , , , ,3,2,3,2,2,2,3,3,3,2,4, ,2, , ,42,2,1
15817,5,2,2,1, , ,2,2,1,0, ,0, ,35000, , , , , , ,3,3,2,2,2,2,2,2,2,2,2,2,2,2,2,2,2,2,2,2,2,2,2,2,2,2,2,2,2,2,2,2,2,2,2,2,2,2,2, , , , , , , , , , , , , , , , , , , , , , , , , , , , , , , , , , , , , , , , , , , , , , , , , , , , , , , , , , , , ,3,2,3,2,2,3,2,2,2,3,3,2,2,3,3,2,2,3,3,3,2,2,2,3,2,2,3,3,2,2,3,2,3,3,2,2,3,3,3,2,2,2,3,2, ,1,1, , , , , , ,1,1, , , , , ,4,4,4,4,3,3,3,3,1, , ,3,4,5, , , , ,2,3,2,2,2,2,2,3,2,2,4,1,2, , ,57,2,1
15819,5,1,2,1, , ,2,2,1,30000, ,0, ,35000, , , , ,3, ,3,3,3,2,3,3,2,2,2,2,3,3,2,3,3,2,2,2,2,2,3,2,2,2,2,3,3,3,2,3,2,2,2,2,2,2,2,2,1,0,30,0,1,1,1,1,3,3,2,2,1,1,1,1,1,2,3,2,2,2,1,1,1,1,1,3,3,2,3,2,1,1,2,2,1,1,1,2,1,1,1,1,1,1,1,1,1,1,1,1,2,2,2,2,2,2,2,3,3,3,2,2,3,3,3,2,3,3,3,3,2,3,3,3,2,3,3,3,2,2,3,3,3,2,2,3,3,2,3,2,2,3,2,3,3,2,2,3,3,2,3,3,2, , , , , , , , , , , , , , , , ,3,3,3,3,3,4,3,3, , , , , , , , , , ,3,2,3,3,2,3,3,2,2,2,4, , , ,4,49,2,1
15822,5,1,2,1, , ,2,2,1,3000, ,0, ,45000, , , , ,3, ,3,3,2,2,2,2,3,3,3,3,2,3,3,3,3,3,3,3,3,3,3,4,3,3,3,3,3,3,3,3,3,3,2,3,3,3,3,3,1,20,30,0,2,2,2,2,3,2,2,3,2,3,3,2,2,4,4,3,2,2,3,3,3,2,2,3,3,3,2,3,2,2,3,3,2,2,3,3,2,2,2,2,3,3,3,3,2,2,2,2,3,3,3,3,3,2,3,3,3,3,3,4,3,2,3,3,3,3,3,3,3,2,3,3,3,2,3,3,3,2,2,2,3,3,3,3,3,3,2,3,2,3,3,2,3,3,4,3,3,2,3,3,3, , ,1,1,1,1, , , , ,1,1,1,1, , ,3,3,3,3,3,3,3,3,1, , ,3,4,5, , , , ,3,2,3,3,3,2,3,3,3,3,4, , , ,4,46,1,1
15824,5,1,1,1, , ,2,2,1,30000, ,0, ,35000, , , , ,3, ,3,3,2,2,2,2,2,2,2,2,2,2,2,3,3,2,3,3,3,2,3,3,2,3,3,3,3,3,3,3,3,2,2,3,3,3,3,2,1,0,30,0,1,1,1,1,3,2,3,2,1,1,1,1,1,3,4,3,2,2,1,1,1,1,1,3,3,2,2,2,1,1,1,1,1,1,2,1,1,1,1,1,2,2,2,1,1,1,1,1,1,1,1,1,2,3,2,2,3,3,2,2,3,2,2,3,3,2,2,3,2,2,3,3,2,2,3,3,2,3,3,2,2,3,2,3,2,2,2,2,2,3,2,2,3,2,2,3,2,2,3,3,2,1,1,1, , ,1, , ,1,1,1, , ,1, , ,3,4,3,3,4,3,4,3,1, , ,3,4,5, , , , ,3,2,3,3,2,3,3,3,2,3,4, , , ,4,53,2,1
15825,5,1,2,1, , ,2,2,1,30000, ,0, ,35000, , , , ,3, ,3,3,2,2,2,2,2,3,3,3,3,3,2,3,2,2,2,3,3,3,3,2,2,2,3,3,3,3,3,3,3,2,3,3,2,2,2,3,1,0,30,0,1,1,1,1,3,3,3,2,1,1,1,1,1,3,4,3,2,2,1,1,1,1,1,3,3,3,2,1,1,1,2,1,1,1,1,1,1,1,1,1,2,2,2,2,1,1,1,1,2,2,2,2,2,3,2,3,3,3,2,3,2,2,3,3,3,3,2,3,3,2,3,3,2,2,3,3,2,2,2,3,3,3,2,3,3,4,3,2,2,3,2,2,3,3,2,3,3,3,2,2,3, , ,1,1,1, , , , , ,1,1,1, , , ,4,4,3,3,4,4,3,4,1, , ,3,4,5, , , , ,3,2,3,2,2,3,3,2,3,3,4, , , ,4,40,2,1
15827,5,1,1,1, , ,2,2,1,30000, ,0, ,35000, , , , ,3, ,3,4,3,2,2,2,3,3,3,3,3,3,2,3,3,4,3,3,3,3,3,3,4,3,2,3,3,3,3,3,3,3,2,2,3,3,3,2,1,10,30,0,2,2,2,3,3,2,2,3,3,3,3,2,2,3,4,3,2,2,2,3,2,2,2,2,3,3,2,2,2,2,2,2,1,1,1,1,1,1,1,1,1,1,1,1,1,1,1,1,1,1,1,1,3,2,2,3,3,2,3,2,3,2,2,3,3,2,2,3,3,2,3,3,2,3,2,3,3,2,2,3,3,2,3,3,3,2,2,3,2,3,3,2,3,2,2,3,3,2,2,3,3, ,1,1,1, , , , , ,1,1,1, , , , ,4,3,3,3,3,3,3,3,1, , ,3,4,5, , , , ,3,2,3,4,3,2,3,3,3,3,4, , , ,4,37,2,1
15828,5,1,2,1, , ,2,2,1,30000, ,0, ,35000, , , , ,3, ,3,3,2,2,2,2,3,3,2,3,3,3,2,3,3,3,3,2,2,3,3,3,3,3,2,3,3,3,3,3,3,2,3,3,3,2,2,3,1,0,30,0,1,1,1,1,3,2,2,2,1,1,1,1,1,3,3,2,2,2,1,1,1,1,1,3,3,3,2,3,2,2,2,2,1,1,1,1,1,1,1,1,1,1,1,1,1,1,1,1,2,2,2,2,3,2,3,3,2,3,3,2,3,2,3,2,2,2,3,3,3,2,2,3,2,2,2,3,3,2,2,2,3,3,3,3,2,2,3,2,2,3,2,2,3,2,2,3,3,3,2,2,2, , , , , , , , , , , , , , , , ,4,3,3,3,4,3,3,3, , , , , , , , , , ,3,2,3,2,3,3,2,3,3,3,4, , , ,4,52,2,1
15830,5,2,2,1, , ,2,2,1,0, ,0, ,35000, , , , , , ,3,3,2,2,2,2,2,2,2,2,2,2,1,3,2,2,3,3,2,2,2,2,1,3,1,3,1,3,3,2,2,2,2,1,2,2,2,2,1,0,30,0,1,1,1,1,2,3,2,2,1,1,1,1,1,2,4,2,2,2,1,1,1,1,1,2,3,3,2,2,1,1,3,3,1,1,2,2,1,1,1,1,2,2,2,2,1,1,1,1,2,2,2,2,1,3,2,3,3,3,2,3,3,3,3,2,2,2,2,3,3,2,2,2,2,3,2,2,3,2,3,2,2,2,2,2,2,3,2,2,2,1,2,2,3,2,2,2,3,3,2,2,2, , ,1,1,1,1, , , , ,1,1,1,1, , ,4,4,4,3,3,3,3,3,1, , , ,4,5, , , , ,2,3,3,2,3,3,3,3,3,3,4, , , ,4,54,2,1
15892,5,1,2,1, , ,1,2,1,35000, ,0, ,45000, , , , ,3, ,3,3,3,2,2,2,2,2,2,2,2,2,2,2,2,2,2,2,2,2,2,2,2,3,2,2,2,3,2,2,2,2,2,2,3,2,2,3,1,0,30,0,1,1,1,1,3,3,2,2,1,1,1,1,1,4,4,3,1,1,1,1,1,1,1,2,2,2,2,2,1,1,3,2,1,1,2,2,1,1,1,1,1,1,1,1,1,1,1,1,1,1,1,1,3,2,2,3,3,3,3,3,2,2,3,4,3,2,3,3,3,2,3,3,3,2,3,3,3,2,3,3,3,2,3,3,3,3,2,2,2,3,2,2,3,3,2,2,2,3,3,3,3,1,1,1,1,1,1, , ,1,1,1,1,1,1, , ,4,4,4,4,3,3,4,4,1, , ,3,4, , , , , ,3,2,3,2,2,3,3,3,2,2,4, , ,3, ,52,2,1
15896,5,1,2,1, , ,2,2,1,25000, ,0, ,35000, , , , ,1, ,3,3,2,2,2,2,2,2,2,2,2,2,2,3,2,2,2,2,2,2,2,3,3,3,2,3,3,3,2,2,2,2,1,2,2,3,2,2,1,0,30,0,1,1,1,1,3,3,3,2,1,1,1,1,1,3,2,3,2,2,1,1,1,1,1,3,3,2,3,2,1,1,3,2,1,1,2,2,1,1,1,1,3,3,3,2,1,1,1,1,3,3,2,2,3,2,2,3,3,3,2,3,3,3,3,3,2,2,3,3,3,2,3,3,2,2,3,3,3,2,2,3,3,3,2,3,3,2,3,3,2,3,2,3,3,2,3,3,2,3,3,2,3,1,1,1, , , , , ,1,1,1, , , , , ,3,4,4,3,3,3,3,2,1, , ,3,4,5, , , , ,3,2,3,3,3,2,2,3,3,3,4, , , ,4,55,2,1
15899,5,1,1,1, , ,2,2,1,30000, ,0, ,45000, , , , ,3, ,3,3,2,2,2,2,2,2,3,3,3,3,3,3,3,2,3,3,3,3,3,3,3,3,3,3,3,3,3,3,3,3,2,3,3,2,3,3,1,20,30,0,3,3,2,2,2,3,2,2,2,3,2,2,2,3,4,3,2,3,2,3,3,2,3,3,2,3,3,2,3,3,3,3,2,2,2,2,2,2,3,2,3,3,2,2,2,2,3,2,3,3,2,2,3,2,3,2,2,3,3,2,3,3,2,2,3,3,2,3,3,2,2,3,3,3,2,3,3,2,2,3,3,3,3,3,3,2,3,3,2,3,3,2,3,2,2,3,3,3,3,2,3,1,1,1,1,1,1,1, ,1,1,1,1,1,1,1, ,4,4,4,4,4,3,4,3,1, , ,3,4,5, , , , ,3,2,3,3,2,3,3,3,3,3,4, , , ,4,25,1,1
15902,5,1,2,1, , ,2,2,1,35000, ,0, ,35000, , , , ,3, ,3,3,3,2,2,2,3,3,3,3,3,3,2,3,3,2,3,3,2,2,3,3,3,3,3,3,3,3,3,3,2,2,3,3,2,3,3,2,1,10,30,0,3,2,2,2,3,2,3,2,2,2,2,2,2,2,4,3,3,1,3,3,2,2,1,4,3,4,2,2,2,2,2,2,2,2,2,2,3,2,2,2,3,3,2,2,2,2,2,2,2,2,2,2,3,2,3,2,2,3,3,2,2,2,2,3,3,3,3,3,3,2,3,3,3,2,2,3,3,3,2,3,2,2,3,3,2,3,2,2,2,3,2,3,3,2,3,3,2,2,2,2,3,1,1,1,1,1,1,1,1,1,1,1,1,1,1,1,1,4,4,4,3,4,3,3,3,1, , ,3,4,5, , , , ,3,2,3,3,2,3,2,2,3,3,4, , , ,4,40,2,1
15903,5,1,2,1, , ,2,2,1,35000, ,0, ,45000, , , , ,2, ,3,3,3,2,2,2,2,2,2,2,2,2,2,2,2,2,2,2,2,2,2,2,3,2,2,2,3,2,3,2,2,2,2,2,2,2,2,2,1,0,30,0,1,1,1,1,3,3,3,2,1,1,1,1,1,4,4,3,2,2,1,1,1,1,1,3,2,3,3,2,1,1,1,2,1,1,2,2,1,1,1,1,2,2,2,2,1,1,1,1,2,2,2,2,3,2,3,3,2,3,2,2,3,3,3,2,2,3,3,3,2,2,3,3,2,3,3,3,2,2,2,3,3,2,2,3,2,3,3,2,2,3,2,3,4,3,2,3,3,3,2,3,3, , , , , , , , , , , , , , , , ,4,4,4,3,4,4,4,3, , , , , , , , , , ,4,3,3,2,3,3,3,3,4,3,4, , , ,4,54,2,1
15908,5,1,2,1, , ,2,2,1,30000, ,0, ,45000, , , , ,2, ,3,3,2,2,2,2,2,3,3,3,3,3,2,3,2,3,2,3,2,2,3,2,3,3,2,2,3,3,2,3,3,2,3,2,3,2,2,2,1,0,30,0,1,1,1,1,2,3,3,3,1,1,1,1,1,4,4,2,2,2,1,1,1,1,1,3,2,2,3,2,1,1,3,3,1,1,3,3,1,1,1,1,3,3,3,3,1,1,1,1,3,3,3,3,3,2,3,3,2,3,3,2,3,3,2,2,3,3,3,3,3,2,2,3,3,3,2,4,3,2,3,3,3,3,2,3,4,3,3,2,2,3,4,3,3,2,3,3,2,3,3,3,3, ,1,1,1, ,1, , , ,1,1,1, ,1, , ,4,4,4,3,4,4,3,4,1, , ,3,4, , , , , ,3,2,3,3,3,3,3,2,3,3,4, , , ,4,44,2,1
15910,5,1,2,1, , ,2,2,1,25000, ,0, ,35000, , , , ,2, ,3,3,2,2,2,2,3,2,3,3,3,2,2,2,3,2,2,2,2,2,2,2,3,2,2,2,2,2,2,3,2,3,2,2,3,3,2,2,1,0,30,0,1,1,1,1,2,3,3,3,1,1,1,1,1,2,4,2,2,2,1,1,1,1,1,2,2,2,2,2,1,1,2,2,1,1,2,2,1,1,1,1,3,2,2,2,1,1,1,1,2,2,2,2,3,2,3,2,2,3,3,2,2,3,3,3,2,2,2,3,3,2,3,3,2,3,3,4,2,2,3,3,2,2,3,3,3,2,3,3,2,3,2,3,4,3,2,3,3,2,2,3,3,1,1,1,1,1, , , ,1,1,1,1,1, , , ,4,4,4,3,3,4,3,4,1, , ,3,4, , , , , ,3,2,3,3,3,2,2,3,3,3,4, , , ,4,52,2,1
15913,5,2,2,1, , ,2,2,1,0, ,0, ,35000, , , , , , ,3,3,2,2,2,2,1,1,1,1,1,1,1,1,1,1,1,1,1,1,1,1,1,1,1,1,1,1,1,1,1,1,1,1,1,1,1,1,2, , , , , , , , , , , , , , , , , , , , , , , , , , , , , , , , , , , , , , , , , , , , , , , , , , , , , , , , , , , , ,3,2,2,3,2,3,2,2,3,3,3,3,2,3,3,3,2,3,3,2,3,2,2,3,3,3,3,3,2,3,3,2,3,2,3,2,2,3,3,2,3,3,3,2, ,1,1, , ,1,1, , ,1,1, , ,1,1, ,4,4,4,4,4,4,3,3,1, , ,3,4, , , , , ,2,2,3,3,2,2,2,2,2,2,4,1,2, , ,64,2,1
15915,5,2,2,1, , ,2,2,1,0, ,0, ,35000, , , , , , ,3,3,2,2,2,2,2,2,2,2,2,2,1,2,2,2,2,2,2,2,2,2,2,3,2,3,2,2,3,2,2,2,2,2,2,2,2,2,1,0,30,0,1,1,1,1,3,3,3,2,1,1,1,1,1,3,4,3,2,2,1,1,1,1,1,2,3,3,2,3,2,2,3,3,1,1,2,2,1,1,1,1,2,2,2,2,1,1,1,1,2,2,2,2,2,2,2,3,2,3,2,2,2,2,2,2,2,3,2,3,2,2,3,3,2,2,3,3,2,2,2,3,2,2,2,3,2,3,2,3,2,3,2,2,3,2,2,2,3,2,2,3,3, , ,1,1,1,1,1, , , ,1,1,1,1,1, ,4,4,4,4,4,4,4,4,1, , ,3,4,5, , , , ,3,4,3,3,2,3,3,3,3,3,4, , , ,4,50,2,1
15920,5,1,2,1, , ,2,2,1,33000, ,0, ,35000, , , , ,3, ,3,3,2,2,2,2,3,3,3,3,3,2,3,3,3,2,3,3,3,3,2,3,3,3,2,3,3,3,2,3,3,2,3,3,3,3,2,2,1,20,30,0,3,3,2,3,2,3,3,2,3,2,2,2,2,3,4,3,3,2,3,2,2,2,2,3,3,2,3,2,2,2,2,3,2,2,2,2,2,2,2,2,3,3,2,2,2,3,2,2,3,2,2,2,2,3,3,2,3,3,2,3,2,3,2,3,2,2,3,3,3,2,2,3,3,2,2,3,3,3,2,3,3,3,2,3,3,2,3,3,2,3,2,3,2,2,3,2,2,3,3,3,2, , ,1,1,1,1, , , , ,1,1,1,1, , ,4,4,3,2,3,3,4,3,1, , ,3,4, , , , , ,3,2,3,3,3,3,2,3,3,3,4, , ,3,4,26,2,1
15924,5,1,2,1, , ,2,2,1,25000, ,0, ,35000, , , , ,3, ,3,3,3,3,2,2,3,3,3,2,2,2,2,3,2,2,2,2,2,2,2,2,2,2,2,3,3,2,2,2,2,2,2,2,2,2,2,2,1,0,30,0,1,1,1,1,4,2,3,2,1,1,1,1,1,3,4,2,2,2,1,1,1,1,1,3,3,2,2,2,1,1,2,2,1,1,2,2,1,1,1,1,2,2,2,2,1,1,1,1,2,2,2,2,3,3,2,3,2,3,3,3,2,3,3,2,3,2,2,3,3,2,3,3,3,2,3,4,3,3,2,3,3,2,3,3,3,2,3,3,2,3,4,2,3,3,2,3,3,3,3,2,3,1,1,1,1,1,1, , ,1,1,1,1,1,1, , ,4,4,4,4,4,4,4,4,1, , ,3,4, , , , , ,3,2,3,2,3,3,3,2,3,3,4, , , ,4,49,2,1
15927,5,1,2,1, , ,2,2,1,33000, ,0, ,45000, , , , ,3, ,3,3,2,2,2,2,3,3,3,3,3,3,3,3,3,3,2,3,3,2,3,3,2,3,2,3,3,3,3,3,3,3,2,2,3,3,3,2,1,10,30,0,3,3,2,2,2,3,2,2,2,3,2,2,2,4,4,3,2,2,3,3,2,2,3,2,2,3,2,2,3,2,2,2,2,2,2,2,2,2,3,2,3,3,3,2,2,2,2,2,3,3,3,2,2,2,2,2,2,3,3,2,2,2,2,2,3,2,2,3,2,2,2,3,3,2,2,3,3,2,2,3,3,3,2,3,2,2,2,3,2,3,3,2,2,2,3,2,2,3,3,2,3,1,1,1, , , , , ,1,1,1, , , , , ,3,3,3,3,3,3,3,3,1, , , ,4,5,6, , , ,3,3,2,3,3,3,2,3,3,2,4, , , ,4,35,2,1
15928,5,2,1,1, , ,2,2,1,0, ,0, ,35000, , , , , , ,3,3,2,2,2,2,1,1,1,1,1,1,1,2,2,2,2,2,2,2,2,2,3,3,1,3,3,1,1,2,2,1,2,2,2,2,1,2,1,0,30,0,1,1,1,1,2,3,3,2,1,1,1,1,1,2,4,2,2,1,1,1,1,1,1,3,3,2,2,1,1,1,3,2,1,1,2,2,1,1,1,1,2,2,2,2,1,1,1,1,2,2,2,2,2,2,3,3,2,3,3,2,3,3,2,3,3,2,3,3,3,2,3,3,2,2,3,3,2,2,2,3,3,2,2,3,2,2,3,2,2,3,2,3,3,2,2,3,3,2,2,3,3, ,1,1, ,1,1, , , ,1,1, ,1,1, , ,4,4,4,3,4,3,4,3,1, , , ,4,5, , , , ,3,2,3,2,3,3,3,2,2,2,4, ,2,3, ,59,2,1
15930,5,2,1,1, , ,2,2,1,0, ,0, ,65000, , , , , , ,3,3,2,2,2,2,3,3,3,3,3,3,3,3,2,3,3,3,2,2,3,3,3,3,3,3,3,3,3,3,3,3,2,2,3,3,3,3,1,20,30,0,4,2,3,2,2,3,3,3,3,3,2,3,2,3,4,3,2,2,3,3,2,2,2,3,3,2,3,2,3,3,3,3,2,2,2,2,3,3,2,2,3,3,2,2,3,3,2,3,3,3,2,3,2,2,3,2,3,3,3,2,3,3,2,2,3,3,2,3,3,2,3,3,2,2,3,3,3,2,2,3,3,3,3,3,3,2,3,2,2,3,2,3,3,3,2,3,3,3,4,3,3, ,1,1,1,1,1, , , ,1,1,1,1,1, , ,4,4,3,4,3,3,4,4,1, , ,3, , , , , , ,3,2,3,3,3,4,2,3,3,3,4, , , ,4,36,1,1
15932,5,2,2,1, , ,2,2,1,0, ,0, ,35000, , , , , , ,3,3,3,2,2,2,1,1,1,1,1,1,1,1,1,1,1,1,1,1,2,2,2,2,2,2,2,3,2,2,2,2,2,2,2,2,2,2,1,0,30,0,1,1,1,1,3,3,2,2,1,1,1,1,1,4,4,1,1,1,1,1,1,1,1,2,1,2,2,1,1,1,1,1,1,1,1,1,1,1,1,1,1,1,1,1,1,1,1,1,1,1,1,1,3,3,2,3,3,3,2,2,3,3,2,2,3,3,3,3,2,3,3,3,2,2,3,3,2,2,3,3,3,3,3,3,3,2,2,3,2,3,3,2,2,3,3,3,2,3,3,3,2,1,1,1,1, , , , ,1,1,1,1, , , , ,4,3,3,3,3,3,4,3,1, , ,3,4, , , , , ,3,3,2,3,3,3,3,2,3,3,4, ,2,3, ,66,2,1
15936,5,1,2,1, , ,2,2,1,33000, ,0, ,45000, , , , ,2, ,3,3,2,2,2,2,3,3,3,3,3,3,3,3,2,3,3,3,2,3,3,3,3,3,3,3,3,3,3,3,3,3,2,2,3,3,3,3,1,0,30,0,1,1,1,1,3,2,2,2,1,1,1,1,1,3,3,3,2,2,1,1,1,1,1,3,2,2,3,2,1,1,2,2,1,1,1,1,1,1,1,1,2,2,2,2,1,1,1,1,2,2,2,2,3,2,3,3,3,3,2,3,3,3,2,2,3,3,3,3,2,2,2,3,2,3,2,3,3,2,3,3,2,2,3,3,3,2,2,3,2,3,2,3,3,3,3,2,2,2,3,3,3, ,1,1,1,1,1, , , ,1,1,1,1,1, , ,4,4,3,3,4,3,4,3,1, , ,3,4,5, , , , ,3,2,3,3,3,3,3,3,2,3,4, , , ,4,36,2,1
15939,5,1,1,1, , ,2,2,1,33000, ,0, ,55000, , , , ,3, ,3,3,2,2,2,2,3,3,3,3,3,3,3,3,3,2,3,3,3,3,3,3,3,3,3,3,3,3,2,3,3,3,3,3,2,3,3,3,1,20,30,0,3,3,2,2,3,2,3,3,2,3,2,2,2,4,4,3,2,2,3,2,2,2,2,3,3,2,3,2,3,3,3,3,2,2,2,2,3,2,2,2,2,2,3,3,3,2,2,2,2,2,2,2,2,3,2,2,3,3,2,3,2,3,3,2,3,3,2,3,2,3,3,3,2,3,2,3,4,3,2,3,3,2,3,3,2,3,3,2,2,3,3,2,3,3,2,3,2,2,3,3,3, ,1,1,1,1, , , , ,1,1,1,1, , , ,4,4,3,3,3,4,4,3,1, , ,3,4,5, , , , ,3,4,3,3,2,3,3,4,3,3,4, , , ,4,27,1,1
15940,5,1,1,1, , ,2,2,1,33000, ,0, ,45000, , , , ,3, ,3,3,3,2,2,2,3,2,2,3,3,3,3,3,4,3,4,3,3,3,3,3,4,3,3,3,3,3,3,3,3,3,2,3,3,3,3,3,1,20,30,0,3,3,2,2,2,3,2,2,2,2,2,2,2,3,3,2,2,2,3,3,2,2,2,3,3,3,2,2,3,3,3,3,2,2,2,2,2,2,2,2,3,3,3,3,3,3,2,2,3,3,2,2,3,2,3,3,2,3,3,3,2,2,3,2,3,3,2,3,3,2,3,3,3,2,2,3,3,2,2,2,2,3,2,3,3,3,3,2,2,3,3,2,3,3,2,3,3,2,2,3,3, , , , , , , , , , , , , , , , ,4,4,3,3,3,4,3,3, , , , , , , , , , ,3,3,4,3,2,3,3,3,3,3,4, , , ,4,34,1,1
15941,5,1,2,1, , ,2,2,1,28000, ,0, ,45000, , , , ,3, ,3,3,2,2,2,2,3,3,3,3,3,2,2,3,3,3,3,2,3,3,3,3,3,3,3,3,3,3,3,3,3,2,2,3,3,3,3,2,1,20,30,0,3,2,2,2,3,2,3,2,3,2,2,2,3,3,3,2,2,2,3,3,3,3,3,3,3,3,3,2,3,3,3,3,3,3,3,3,3,2,2,3,3,3,3,3,3,3,2,2,3,3,3,3,2,3,3,3,3,3,3,2,2,3,3,3,2,3,3,3,2,3,3,3,3,2,2,3,3,3,2,3,3,3,3,3,2,3,3,2,2,3,3,2,3,3,2,3,3,3,3,3,2, ,1,1,1,1,1, , , ,1,1,1,1,1, , ,4,4,3,3,3,4,3,4,1, , ,3,4, , , , , ,3,2,3,3,3,3,2,2,3,3,4, , , ,4,33,2,1
15942,5,2,2,1, , ,2,2,1,0, ,0, ,45000, , , , , , ,3,3,2,2,2,2,2,2,2,2,2,2,2,3,2,2,2,2,2,2,2,2,3,3,2,3,2,2,2,2,2,2,2,2,2,2,2,2,1,0,30,0,1,1,1,1,3,2,2,2,1,1,1,1,1,2,4,2,2,2,1,1,1,1,1,2,3,2,2,2,1,1,3,3,1,1,2,2,1,1,1,1,3,3,2,2,1,1,1,1,3,3,2,2,1,2,3,3,2,3,2,3,3,2,3,3,2,2,2,3,3,2,3,3,3,2,3,3,3,2,2,2,3,3,3,3,3,2,3,3,2,3,2,3,3,2,2,3,3,2,2,3,3, , , , , , , , , , , , , , , , ,4,4,3,3,3,4,3,3, , , , , , , , , , ,3,4,3,3,3,4,3,3,3,4,4, , , ,4,63,1,1
15944,5,1,2,1, , ,2,2,1,33000, ,0, ,45000, , , , ,2, ,3,3,2,2,2,2,2,2,2,2,2,2,2,3,2,2,3,3,2,2,3,2,2,3,2,2,2,3,3,3,3,2,2,2,2,2,2,2,1,0,30,0,1,1,1,1,3,2,2,2,1,1,1,1,1,3,2,3,3,2,1,1,1,1,1,2,2,3,2,3,1,1,3,3,1,1,3,3,1,1,1,1,3,3,3,3,1,1,1,1,3,3,3,3,2,3,2,3,3,3,2,2,3,3,2,2,3,3,3,3,2,3,3,3,4,3,2,3,3,3,2,3,3,3,3,3,2,3,3,3,2,3,4,3,2,3,3,3,3,4,3,3,2, ,1,1,1,1,1, , , ,1,1,1,1,1, , ,4,4,4,3,4,3,3,4,1, , ,3,4, , , , , ,3,3,2,3,3,3,2,3,3,3,4, , , ,4,49,1,1
15947,5,1,1,1, , ,2,2,1,33000, ,0, ,45000, , , , ,2, ,3,3,2,2,2,2,3,3,3,3,3,3,3,3,3,3,3,3,3,3,3,3,3,3,3,3,3,3,3,3,2,2,3,3,3,2,2,3,1,20,30,0,1,1,1,1,3,3,3,3,3,2,3,2,2,3,3,3,3,2,3,3,2,2,2,3,3,2,2,2,3,3,3,3,2,2,3,3,3,3,2,2,3,3,2,2,3,3,2,3,3,3,3,3,3,2,3,2,2,3,3,3,2,2,3,3,2,3,3,3,2,3,3,3,2,2,3,3,3,2,2,2,3,3,2,3,3,2,3,2,2,3,3,2,3,2,2,3,3,3,2,3,3,1,1,1,1,1, , , ,1,1,1,1,1, , , ,4,4,3,3,4,3,3,3,1, , , ,4,5, , , , ,3,3,4,3,3,4,3,2,3,3,4, ,2,3,4,28,1,1
15948,5,1,2,1, , ,2,2,1,33000, ,0, ,45000, , , , ,3, ,3,3,3,2,2,2,3,3,3,3,3,3,3,3,2,3,3,2,3,3,3,2,3,3,3,3,3,2,3,3,3,3,2,3,3,3,2,2,1,10,30,0,3,3,2,2,3,3,2,2,2,2,2,2,2,3,3,2,2,2,2,2,2,2,2,3,3,3,2,2,2,2,2,2,2,2,2,2,2,2,2,2,2,2,2,2,2,2,2,2,3,3,2,2,2,2,3,3,2,2,2,2,3,3,3,2,3,3,2,3,3,3,2,3,3,3,2,3,3,3,2,3,3,2,2,3,3,3,2,2,2,3,3,2,3,3,2,3,3,2,2,3,3, , , , , , , , , , , , , , , , ,4,4,4,3,3,4,3,4, , , , , , , , , , ,3,3,3,3,2,3,3,3,3,2,4, , , ,4,38,2,1
15951,5,1,2,1, , ,2,2,1,33000, ,0, ,45000, , , , ,3, ,3,3,2,3,3,2,3,3,3,3,2,3,2,3,3,2,3,3,3,3,2,3,3,3,3,3,3,3,3,3,3,3,2,2,3,3,3,3,1,20,30,0,3,3,2,2,3,2,3,3,3,2,2,3,3,4,4,3,2,2,3,3,2,3,3,3,3,3,3,2,3,2,3,3,3,3,3,3,3,3,2,3,3,3,3,3,3,3,2,3,3,3,3,3,2,2,3,3,3,3,2,3,3,2,3,3,2,2,3,3,3,2,3,3,3,2,3,3,4,3,2,3,3,3,3,3,2,3,3,2,2,3,2,3,3,2,3,3,3,2,3,3,3,1,1,1,1,1,1,1, ,1,1,1,1,1,1,1, ,4,4,3,3,3,3,3,3,1, , ,3,4,5, , , , ,3,3,3,4,3,2,3,3,2,3,4, , , ,4,26,2,1
15953,5,1,2,1, , ,2,2,1,33000, ,0, ,45000, , , , ,3, ,3,3,3,2,3,3,3,3,3,3,2,2,2,3,3,3,3,3,3,3,3,3,3,3,3,3,3,3,3,3,3,3,2,3,2,3,3,3,1,20,30,0,3,2,2,2,3,3,3,2,3,3,2,2,3,3,3,2,3,2,2,3,3,3,3,3,3,2,2,3,3,3,3,3,3,3,3,3,3,3,2,3,3,3,3,2,3,3,3,3,3,3,2,3,2,3,2,3,3,3,3,3,2,3,3,2,3,3,3,3,3,2,3,3,3,2,3,3,3,2,3,3,3,2,2,3,3,2,3,2,2,3,2,3,3,3,2,3,3,2,3,3,2, ,1,1,1,1,1,1, , ,1,1,1,1,1,1, ,4,4,4,3,3,3,3,3,1, , ,3,4,5, , , , ,3,2,3,4,3,3,3,2,3,3,4, , , ,4,35,1,1
