ID,TYP,Q1_1,Q1_2,Q2K1_1_1,Q2K1_1_2,Q2K1_1_3,Q2K2_1,Q2K2_2,Q3,Q4A_1,Q4A_1_9999,Q4A_2,Q4A_2_9999,Q4A_3,Q4A_3_9999,Q4B_1_1,Q4B_2_1,Q4B_3_1,Q4C_1,Q4C_2,Q4C_3,Q5_1,Q5_2,Q5_3,Q5_4,Q5_5,Q6_1,Q6_2,Q6_3,Q6_4,Q6_5,Q6_6,Q6_7,Q7_1,Q7_2,Q7_3,Q7_4,Q7_5,Q7_6,Q7_7,Q8_1,Q8_2,Q8_3,Q8_4,Q8_5,Q8_6,Q8_7,Q8_8,Q8_9,Q9_1,Q9_2,Q9_3,Q9_4,Q9_5,Q9_6,Q9_7,Q9_8,Q9_9,Q10,Q11_1,Q11_2,Q11_3,Q12A_1,Q12A_2,Q12A_3,Q12A_4,Q12B_1,Q12B_2,Q12B_3,Q12B_4,Q13A_1,Q13A_2,Q13A_3,Q13A_4,Q13A_5,Q13B_1,Q13B_2,Q13B_3,Q13B_4,Q13B_5,Q14A_1,Q14A_2,Q14A_3,Q14A_4,Q14A_5,Q14B_1,Q14B_2,Q14B_3,Q14B_4,Q14B_5,Q15A_1,Q15A_2,Q15B_1,Q15B_2,Q16A_1,Q16A_2,Q16B_1,Q16B_2,Q17A_1,Q17A_2,Q17A_3,Q17A_4,Q17B_1,Q17B_2,Q17B_3,Q17B_4,Q18A_1,Q18A_2,Q18A_3,Q18A_4,Q18B_1,Q18B_2,Q18B_3,Q18B_4,Q19_1,Q19_2,Q19_3,Q19_4,Q19_5,Q20_1,Q20_2,Q20_3,Q20_4,Q20_5,Q20_6,Q20_7,Q20_8,Q20_9,Q20_10,Q21_1,Q21_2,Q21_3,Q21_4,Q22_1,Q22_2,Q22_3,Q22_4,Q23_1,Q23_2,Q23_3,Q23_4,Q23_5,Q23_6,Q23_7,Q23_8,Q24_1,Q24_2,Q24_3,Q24_4,Q24_5,Q25,Q26_1,Q26_2,Q26_3,Q26_4,Q26_5,Q26_6,Q26_7,Q26_8,Q26_9,Q26_10,Q26_11,Q26_12,Q27A_1_1,Q27A_2_1,Q27A_3_1,Q27A_4_1,Q27A_5_1,Q27A_6_1,Q27A_7_1,Q27A_8_1,Q27B_1,Q27B_2,Q27B_3,Q27B_4,Q27B_5,Q27B_6,Q27B_7,Q27B_8,Q27C_1,Q27C_2,Q27C_3,Q27C_4,Q27C_5,Q27C_6,Q27C_7,Q27C_8,사용빈도모두없음,Q28_1,Q28_2,Q28_3,Q28_4,Q28_5,Q28_6,Q28_7,Q28_9997,Q28_9997ET,Q29_1,Q29_2,Q29_3,Q29_4,Q29_5,Q29_6,Q29_7,Q29_8,Q29_9,Q29_10,Q30,Q31_1,Q31_2,Q31_3,Q31_4,FDQ1,FDQ2,WT
1156,6,2,2,1, , ,2,2,1,0, , ,1,65000, , ,1, , ,2,3,2,4,3,1,1,1,1,1,1,1,1,1,4,4,1,4,3,3,2,4,4,3,3,1,3,4,3,3,3,1,3,3,3,3,3,3,3,1,0,30,0,1,1,1,1,3,2,4,1,1,1,1,1,1,4,4,2,2,1,1,1,1,1,1,4,3,2,2,2,1,1,1,2,1,1,4,3,1,1,1,1,1,1,1,1,1,1,1,1,2,1,3,3,3,1,1,1,3,3,3,4,3,3,3,3,3,4,3,3,3,3,2,3,3,2,3,2,2,3,3,4,2,3,3,3,3,3,2,3,2,2,3,3,3,3,4,2,3,3,2,3,3,1,1,1,1,1,1,1,1,1,1,1,1,1,3,2,1,3,2,3,3,2,3,3,2, , , , , , , , , , ,3,2,3,3,4,3,3,3,3,3,4, ,2,3, ,47,2,0.983399111
1165,6,2,1,1, , ,1,1,1,0, , ,1,45000, , ,1,1, ,2,3,4,3,3,2,1,3,4,3,4,4,3,3,4,4,4,4,4,3,3,4,3,4,3,3,3,4,4,3,3,2,4,4,4,3,3,3,3,1,20,30,10,2,2,3,2,4,3,3,2,2,2,1,2,3,4,4,2,3,2,2,3,2,2,2,4,3,2,2,2,2,2,2,3,2,3,3,3,1,1,1,1,1,1,1,1,2,1,2,2,3,1,2,2,4,1,3,1,3,3,3,4,3,3,4,3,3,3,3,4,3,3,4,3,3,4,3,3,2,3,3,3,3,4,3,3,3,3,2,2,1,3,4,3,2,3,3,3,3,4,3,3,4,1,1,1,1,1,1,1,1,2,3,1,2,1,3,2,3,3,4,3,3,1,4,3,3, , , , , , , , , , ,3,3,4,4,3,3,3,3,3,3,2, , ,3,4,28,2,0.985680343
1495,6,2,1,1, , ,1,1,1,30000, ,0, ,50000, ,1, ,1,3, ,3,3,3,3,4,3,2,2,2,2,3,2,2,2,2,3,3,3,2,2,3,2,2,2,2,3,3,3,2,2,1,2,2,2,1,3,2,1,1,5,30,5,1,1,1,1,4,2,2,1,1,1,1,1,1,4,3,3,2,1,1,1,1,1,1,4,4,2,1,1,1,1,2,1,1,1,2,3,1,1,1,1,1,1,1,1,1,1,1,1,2,1,1,1,1,1,1,1,3,3,3,3,2,2,3,4,4,3,3,3,4,3,3,3,2,2,4,3,2,2,2,2,2,2,1,2,1,1,2,1,2,2,2,1,2,1,1,1,2,2,2,2,2,1,1,1,1,1,1,1,1,1,3,1,1,1,1,3,3,1,3,1,1,1,1,3,1, , , , , , , , , , ,3,3,3,2,3,2,3,2,3,2,3,1, , , ,29,2,0.985680343
1502,6,1,2,1, , ,1,1,1,35000, ,0, ,100000, ,1, ,1,3, ,4,2,3,3,3,3,3,3,2,2,2,2,2,2,2,3,2,2,2,2,2,2,2,3,3,3,3,3,4,3,3,3,2,2,2,3,2,2,1,20,30,20,3,1,1,1,3,4,3,2,2,2,1,2,2,3,3,2,3,3,2,1,2,2,1,4,3,4,3,4,2,2,3,3,2,1,4,3,2,1,2,1,2,2,2,2,2,1,2,1,2,2,3,2,2,1,2,2,1,3,3,2,3,2,3,3,3,3,3,4,3,4,3,3,4,3,3,4,3,3,3,4,3,3,3,3,3,3,2,3,1,2,2,3,3,2,2,2,2,1,2,2,2,1,1,1,1,1,1,1,1,2,1,1,1,2,1,2,2,3,3,3,3,3,3,2,2,1, ,2, , , , , , , ,3,2,3,3,4,3,3,2,3,3,2,1, , , ,28,2,0.985680343
1630,6,2,1,1, , ,1,2,1,35000, ,0, ,150000, ,1, ,1,4, ,4,2,2,2,1,2,3,2,2,1,2,1,2,2,1,2,2,1,2,1,1,2,3,3,2,3,3,2,3,2,3,1,1,2,2,3,2,2,1,20,30,0,2,2,1,2,4,2,2,3,1,2,2,1,1,3,3,2,2,2,2,1,2,1,2,3,3,3,2,2,2,1,3,2,1,1,3,2,2,2,1,1,4,3,4,3,1,2,1,1,4,3,2,4,3,1,3,1,2,3,4,2,3,3,2,3,3,3,3,4,3,3,4,3,2,3,2,3,2,2,3,2,2,3,2,2,3,2,2,2,1,3,2,2,1,2,1,3,3,3,3,2,2,1,1,1,1,1,1,1,1,2,1,2,2,2,2,2,2,3,3,3,2,3,2,2,2,1, ,2,3, , , , , , ,3,2,2,2,2,1,2,2,2,2,3, ,2,3, ,34,1,0.985680343
1634,6,2,1,1, , ,2,1,1,35000, ,10000, ,100000, , , , ,4,4,3,3,2,3,2,2,2,2,2,1,2,1,2,2,2,2,1,2,1,1,1,2,1,3,4,3,4,1,4,3,2,2,2,1,2,1,2,1,1,0,30,0,1,1,2,1,3,4,2,4,1,1,2,1,2,4,3,4,3,4,1,1,2,1,1,4,3,4,3,3,1,1,3,2,1,1,3,2,2,1,2,1,3,2,2,2,1,2,1,1,2,4,3,2,2,2,1,2,1,3,3,3,3,4,3,3,3,3,4,2,3,3,3,3,2,3,2,3,2,3,3,2,3,2,2,3,3,2,2,2,2,3,3,2,3,3,2,3,2,3,2,2,3,1,1,1,1,1,1,1,1,2,2,1,2,2,3,3,3,3,3,2,3,2,3,3,2, , , , , , , , , , ,3,2,2,3,2,3,2,3,2,3,2, ,2, , ,39,1,0.985680343
1637,6,2,2,1, , ,2,2,1,35000, ,30000, ,150000, , , , ,4,3,4,3,3,2,3,3,3,2,2,2,2,1,2,3,3,2,3,3,2,2,3,2,3,2,2,2,2,2,2,3,2,2,2,3,2,1,2,2,2, , , , , , , , , , , , , , , , , , , , , , , , , , , , , , , , , , , , , , , , , , , , , , , , , , , , , , , , , , , , ,3,2,3,2,3,2,2,3,2,2,3,2,3,2,3,2,2,2,3,2,3,3,2,2,2,2,3,2,2,1,2,2,3,2,1,1,2,2,2,2,2,3,2,1,1,1,1,1,1,1,1,1,1,1,1,1,1,1,1,1,3,2,3,2,3,2,2,2,1, , , ,4, , , , , ,2,2,1,2,2,2,2,1,2,2,2, ,2, , ,36,2,0.985680343
1642,6,2,2,1, , ,2,2,1,40000, ,0, ,150000, , , , ,3, ,3,3,2,3,2,3,3,2,2,2,2,1,2,2,3,2,2,2,1,2,2,1,2,3,2,2,3,2,3,3,2,2,3,2,3,3,2,2,1,0,30,0,1,1,1,1,2,2,2,2,1,1,1,1,1,2,3,2,2,2,1,1,1,1,1,2,2,3,2,3,1,1,2,2,1,1,2,3,1,1,1,1,3,3,2,2,1,1,1,1,3,2,3,2,2,3,2,3,1,1,1,2,1,2,2,1,1,2,1,2,1,2,2,3,2,3,2,3,2,3,2,3,3,2,3,3,2,2,3,2,2,3,2,2,3,2,3,2,3,2,2,2,2,1,1,1,1,1,1,1,1,1,2,1,2,1,2,1,2,3,4,3,3,4,3,3,3,1, , , ,4,5, , , , ,3,2,3,3,2,3,2,2,3,2,2, ,2, , ,33,2,0.985680343
1713,6,2,1,1, , ,1,2,1,35000, ,0, ,100000, , , , ,4, ,4,3,2,2,2,2,2,2,1,1,2,1,1,3,2,1,2,1,2,2,3,2,1,4,3,1,2,1,3,4,1,2,1,2,1,2,1,2,1,30,30,0,1,2,1,2,4,3,4,3,1,1,1,1,2,4,2,3,4,3,2,2,1,2,1,2,2,3,2,3,2,1,4,3,1,1,4,2,1,2,1,1,4,2,3,2,1,2,1,1,4,3,4,2,2,1,2,2,1,1,2,1,1,1,2,1,1,1,1,3,2,3,2,3,2,3,2,2,1,2,1,2,1,2,1,2,1,2,1,2,2,2,1,2,1,2,1,2,1,2,1,2,1, ,1,1, , , , , , ,2,1, , , , , ,1,3,2,2,2,1,2,1,1, ,2, , , , , , , ,2,1,2,1,1,2,1,2,1,1,2, ,2, , ,32,2,0.985680343
1736,6,1,2,1, , ,2,2,1,35000, ,20000, ,120000, , , , ,3,4,3,2,1,2,1,2,2,1,2,1,2,1,1,3,2,1,2,1,2,1,2,3,2,1,3,3,1,2,1,3,2,1,2,1,2,1,2,1,1,0,30,0,3,2,3,2,2,3,2,2,2,2,3,2,3,2,2,3,2,3,2,2,2,2,3,2,3,2,3,2,2,2,2,2,2,2,3,2,2,2,3,2,3,2,2,2,2,2,3,2,2,2,2,2,2,3,2,3,2,2,3,2,3,2,3,2,3,2,2,2,3,2,2,2,3,2,2,3,2,2,2,3,2,2,2,3,2,2,3,2,2,2,1,2,1,2,2,2,2,1,2,2,2, , , ,1, , , , , , , ,2, , , , ,1,2,2,2,1,2,1,2,1, , , ,4, , , , , ,2,3,2,3,2,2,1,2,3,2,2, ,2, , ,39,2,0.985680343
1739,6,2,1,1, , ,1,2,1,35000, ,20000, ,150000, , , , ,4,3,2,3,2,4,3,2,2,2,2,2,1,2,1,2,1,2,1,2,1,2,2,1,3,4,4,3,4,3,4,3,4,2,1,2,1,2,1,2,1,30,30,0,1,2,1,2,4,3,4,4,4,3,4,2,4,4,3,4,3,3,4,3,4,3,4,4,3,2,4,3,4,3,4,2,4,3,3,2,2,4,2,4,3,4,2,3,3,4,3,4,4,2,3,2,3,2,3,2,3,3,2,3,2,3,2,3,2,3,2,3,2,3,2,3,2,3,2,3,2,3,3,2,3,2,2,3,2,3,2,2,2,2,1,2,1,2,1,2,1,2,1,2,1,1,1,1,1,1,1,1,1,1,1,1,2,2,2,1,1,2,1,1,2,1,2,2,1,1, , ,3, , , , , , ,2,2,1,3,2,1,2,1,2,1,2, , ,3, ,37,2,0.985680343
1743,6,1,2,1, , ,1,2,1,45000, ,20000, ,50000, , , , ,3,2,3,3,2,3,3,3,2,1,2,1,2,1,1,2,1,2,1,2,1,2,2,1,3,4,2,3,4,3,3,3,3,2,1,2,1,2,1,2,1,30,30,0,3,3,2,3,2,3,2,2,3,3,2,3,2,2,2,3,2,2,4,3,2,3,3,3,2,3,2,2,4,3,3,2,2,2,2,2,4,3,4,3,2,2,3,2,4,2,4,3,3,2,2,2,3,2,3,2,3,3,2,4,3,3,4,3,3,3,3,3,4,3,3,3,2,3,3,3,4,3,3,4,3,3,4,3,2,3,2,3,2,2,1,2,1,2,1,2,1,2,2,1,2,1,1,1,1,1,1,1,1,1,2,1,1,2,1,1,1,1,2,2,2,2,2,2,2,1, , , ,4, , , , , ,2,1,1,2,1,2,1,2,1,2,3, ,2, , ,48,1,0.985680343
1753,6,1,2,1, , ,1,2,1,40000, ,0, ,100000, , , , ,4, ,3,3,4,3,3,3,2,2,2,2,2,1,1,2,1,2,2,1,1,2,2,1,2,4,3,3,4,1,4,4,3,2,1,2,2,1,2,1,1,0,30,30,1,2,1,1,3,4,3,3,1,1,2,1,1,4,3,3,4,3,1,2,1,2,1,4,3,4,3,3,1,2,4,2,2,1,4,2,2,1,2,1,4,3,4,3,1,2,1,2,4,2,4,3,2,1,2,1,2,2,1,2,3,2,2,2,1,2,2,3,4,3,3,2,2,3,2,4,3,2,2,2,2,1,2,2,3,3,2,3,2,2,2,2,1,2,1,2,2,1,2,1,1,1, , , , , , ,1,1, , , , , , ,1,3,2,3,2,1,2,2,2,1, , , ,4, , , , , ,3,2,3,2,1,2,2,2,2,2,2,1, ,3, ,46,1,0.985680343
1754,6,2,1,1, , ,1,1,1,45000, ,0, ,50000, , , , ,4, ,3,3,2,2,1,2,2,1,2,1,1,1,2,2,2,2,1,2,2,1,2,2,1,4,3,2,3,2,3,3,1,2,2,1,2,1,2,1,1,30,30,30,2,3,2,3,3,4,4,4,3,2,3,3,3,4,3,4,3,4,3,2,3,2,3,3,2,2,2,2,2,2,4,2,2,2,2,2,3,2,2,2,2,2,2,2,2,3,2,2,2,2,3,1,2,1,2,1,2,2,3,2,2,2,3,1,2,2,1,2,1,2,2,2,1,2,2,2,2,1,2,1,2,2,1,2,1,2,1,2,1,2,1,2,3,2,1,2,1,2,1,2,1, , , , , , , , , , , , , , , , ,3,2,1,2,1,2,1,2, , , , , , , , , , ,2,2,2,1,2,2,2,2,1,2,2,1, ,3, ,40,2,0.985680343
1757,6,2,1,1, , ,1,2,1,15000, ,0, ,10000, , , , ,4, ,2,2,2,2,1,2,2,1,2,2,2,1,2,2,2,1,1,2,1,1,2,1,2,2,1,2,3,2,3,2,1,2,1,2,1,2,1,2,1,0,30,30,2,1,1,1,3,2,2,1,1,1,2,1,2,2,2,2,2,1,2,1,2,1,2,3,2,3,2,2,1,2,2,2,2,2,3,2,2,3,2,2,3,2,3,2,2,2,2,2,3,2,2,2,2,1,2,1,2,2,1,2,2,1,2,2,2,1,2,2,1,2,2,2,2,2,1,2,1,2,1,2,2,1,2,2,1,2,2,1,2,3,2,2,2,2,1,3,2,2,2,2,2, , , , , , , , , , , , , , , , ,3,1,3,2,3,1,2,1, , , , , , , , , , ,3,2,2,2,1,2,2,2,1,2,2,1,2, , ,45,2,0.985680343
1762,6,1,2,1, , ,1,2,1,30000, ,0, ,50000, , , , ,3, ,2,3,2,3,2,2,2,1,2,1,2,1,1,2,1,2,2,1,2,1,2,1,2,1,2,1,4,1,2,3,2,2,2,1,2,2,2,1,1,15,30,0,2,1,3,1,3,4,4,3,2,1,2,1,2,4,2,2,2,2,2,2,2,2,1,4,2,2,3,3,2,2,2,2,2,2,2,2,2,1,2,1,4,3,2,2,2,1,2,1,2,2,2,1,1,2,1,1,1,2,2,1,1,2,1,2,1,1,1,2,1,2,1,2,1,2,1,2,1,2,1,2,1,1,1,2,1,2,1,2,1,2,1,2,2,1,2,1,2,1,2,1,2, , , , , , , , , , , , , , , , ,3,2,3,2,3,2,2,3, , , , , , , , , , ,2,2,2,1,2,2,2,1,2,2,4,1,2, , ,48,2,0.985680343
1767,6,2,2,1, , ,2,2,1,35000, ,0, ,50000, , , , ,4, ,4,2,3,2,2,2,2,2,1,2,2,1,2,2,2,1,2,2,1,1,2,1,2,3,2,3,4,1,1,2,1,2,1,2,1,1,2,1,1,0,30,0,1,2,1,1,4,3,2,2,2,1,1,2,1,4,3,2,2,2,1,2,1,1,1,4,3,2,2,3,1,1,3,2,1,1,2,2,1,1,2,1,2,3,2,2,1,1,2,1,3,2,3,2,1,1,2,1,1,2,1,2,1,2,2,2,1,1,2,2,1,2,1,2,1,2,1,2,1,2,1,2,2,1,2,2,1,2,1,2,1,2,1,2,1,2,1,2,2,1,2,1,1, , , , , , , , , , , , , , , , ,3,2,2,1,2,2,1,2, , , , , , , , , , ,2,2,1,2,1,2,1,2,2,1,3, ,2, , ,47,2,0.985680343
1768,6,2,1,1, , ,1,2,1,35000, ,0, ,100000, , , , ,4, ,4,2,1,2,1,2,2,1,2,2,1,1,2,2,1,2,1,1,2,1,2,1,1,3,3,2,4,2,4,2,1,2,2,1,2,1,2,1,1,25,30,0,2,2,1,1,4,2,2,2,2,1,1,1,1,4,3,3,2,3,1,2,1,1,1,4,2,4,3,3,2,1,3,2,1,2,4,3,1,2,1,2,4,2,4,2,1,2,2,1,4,2,2,4,1,2,1,2,1,3,2,3,2,2,1,3,2,2,1,2,1,2,1,2,2,1,2,2,1,2,2,1,2,2,2,1,2,2,1,2,2,2,1,2,1,2,1,2,1,2,1,2,1, , , , , , , , , , , , , , , , ,3,2,2,1,2,1,2,2, , , , , , , , , , ,2,1,2,2,2,2,2,1,2,1,1,1, , , ,47,2,0.985680343
1778,6,2,1,1, , ,2,1,1,22000, ,0, ,40000, ,1, ,1,3, ,3,2,4,4,2,2,3,3,3,3,3,2,2,4,4,3,4,4,3,3,3,1,3,3,2,2,4,3,3,3,2,3,2,3,2,2,2,2,1,10,30,0,4,4,2,2,4,4,2,2,1,1,1,3,1,4,4,2,3,1,2,2,2,2,2,4,2,3,2,2,1,1,3,3,1,1,4,2,2,2,2,2,2,2,2,2,1,1,1,1,2,2,2,2,3,1,3,1,3,3,2,3,2,3,4,4,3,3,3,3,3,3,3,2,2,2,3,3,3,2,3,3,2,3,3,3,3,3,3,2,1,2,2,2,3,3,2,2,2,3,3,3,3, ,1, , , , , ,1, ,4, , , , , ,3,3,4,3,3,3,3,3,4, , , , , , , , , , ,3,3,3,3,3,3,3,3,3,3,4,1, , , ,29,2,0.983399111
1782,6,2,1,1, , ,1,2,1,30000, ,0, ,50000, , , , ,3, ,3,2,2,1,1,2,1,2,1,2,1,2,1,2,1,2,2,2,1,2,2,1,1,2,1,3,4,2,1,2,3,2,1,1,2,1,2,1,1,30,30,0,2,1,2,1,3,2,2,2,1,2,1,1,2,4,3,2,2,2,1,1,2,1,1,4,3,2,3,2,1,2,2,3,1,2,4,3,1,2,1,1,4,2,2,3,1,2,1,1,4,2,2,3,1,2,1,2,2,2,2,1,2,2,1,2,1,2,1,2,1,2,1,2,1,2,1,2,1,2,1,1,1,2,1,2,1,2,1,1,2,2,2,2,1,2,2,1,2,1,2,1,2, , , , , , , , , , , , , , , , ,2,2,3,2,3,2,2,3, , , , , , , , , , ,3,2,3,2,3,3,2,3,3,2,3,1, , , ,28,1,0.983399111
1784,6,1,2,1, , ,2,2,1,20000, ,0, ,45000, ,1, ,1,2, ,3,3,3,3,2,2,3,3,3,3,2,2,2,4,4,3,4,4,3,3,3,2,3,3,3,4,3,4,4,4,2,3,3,3,2,2,2,2,1,2,30,0,2,2,1,1,4,2,1,1,1,1,1,1,1,3,4,1,2,1,2,2,2,2,2,4,2,3,2,2,1,1,3,2,1,1,4,3,1,1,1,1,2,2,2,2,1,1,1,1,2,2,2,2,2,1,3,1,3,3,4,3,3,3,3,3,3,3,3,3,3,3,3,2,3,2,3,2,3,3,3,4,3,3,3,3,2,3,3,2,1,3,3,2,2,2,2,2,3,2,3,3,3, ,1, , , , , , , ,3, , , , , , ,3,4,3,3,3,3,3,3, , , , , , , , , , ,3,3,3,3,3,2,3,3,3,3,4, ,2, , ,36,2,0.983399111
1785,6,1,2,1, , ,2,2,1,30000, ,0, ,100000, , , , ,4, ,3,2,1,2,1,1,2,1,2,1,2,1,2,3,3,2,3,3,1,2,3,3,2,3,3,3,3,2,3,3,3,3,2,3,3,2,3,2,1,15,30,0,2,2,3,2,4,3,3,3,2,3,3,3,2,4,2,2,3,3,3,2,3,3,2,3,3,3,2,3,2,2,3,2,3,2,3,3,2,2,3,2,4,2,3,2,4,2,2,2,4,2,2,2,3,2,2,3,2,3,2,3,2,3,3,2,3,2,2,3,2,3,2,3,2,3,2,3,2,3,2,3,2,2,2,3,2,3,2,2,1,3,2,2,2,2,2,1,2,2,2,2,1, , , , , , , , , , , , , , , , ,3,2,3,3,3,2,3,3, , , , , , , , , , ,3,2,3,3,2,3,2,3,2,3,4,1, , , ,26,2,0.983399111
1787,6,2,2,1, , ,2,1,1,40000, ,0, ,100000, , , , ,3, ,4,3,2,3,3,2,2,2,2,1,2,3,2,3,2,2,2,1,2,2,2,1,3,3,2,2,4,2,2,2,3,2,3,2,2,2,2,2,1,0,30,0,2,1,2,1,3,2,3,2,2,1,1,2,2,4,3,2,2,2,2,2,1,2,1,4,2,2,3,3,1,1,3,2,2,2,3,2,2,1,1,2,4,3,4,3,1,2,1,1,4,3,2,3,1,2,3,2,2,2,3,2,3,2,3,2,3,3,2,3,2,3,2,3,2,2,3,3,2,3,3,2,3,2,2,3,2,3,3,2,1,3,2,2,2,2,2,2,3,1,2,2,2, , , , , , , , , , , , , , , , ,3,2,2,3,2,3,2,3, , , , , , , , , , ,3,2,3,2,3,2,2,3,2,3,3,1, , , ,37,1,0.983399111
1788,6,2,2,1, , ,1,2,1,20000, ,0, ,40000, , , ,1,3, ,3,3,3,3,3,2,2,3,2,3,3,2,1,4,4,3,4,4,3,3,3,2,3,3,2,3,3,3,3,3,2,3,3,3,2,3,3,2,1,0,30,15,2,1,1,1,4,3,2,2,1,1,1,1,1,3,4,1,2,1,1,1,1,1,1,4,3,2,2,2,1,1,3,3,1,1,3,3,1,1,1,1,2,2,2,2,1,1,1,1,2,2,2,2,4,1,2,1,3,3,2,3,2,3,4,4,3,3,3,3,3,3,4,3,3,3,3,3,3,2,3,3,3,3,2,3,3,3,3,2,1,3,2,3,3,3,3,2,2,3,3,2,2, ,1, , , , , ,1, ,2, , , , , ,4,3,3,3,2,3,3,3,3, , , , , , , , , , ,3,3,4,3,4,3,3,3,3,3,4, ,2, , ,34,1,0.993377503
1791,6,1,2,1, , ,2,1,1,22000, ,0, ,45000, ,1, ,1,2, ,2,3,2,3,2,2,3,3,3,3,3,3,2,4,4,4,4,4,4,4,3,2,4,2,3,4,3,4,4,4,3,3,3,3,2,3,3,3,1,15,30,0,3,3,2,2,4,3,2,2,1,1,1,2,1,2,4,1,2,1,2,2,2,2,2,4,4,3,2,2,1,1,2,2,1,1,3,2,1,1,1,1,2,2,2,2,1,1,1,1,2,2,2,2,3,1,3,1,3,4,3,4,3,3,4,4,3,3,3,3,3,3,3,3,3,3,4,2,3,2,4,4,3,3,3,3,2,3,3,3,1,3,3,3,3,3,3,2,2,3,3,2,2, ,1, , , , , ,1, ,3, , , , , ,3,3,3,3,3,3,3,3,3, , , , , , , , , , ,4,3,3,3,4,3,3,3,3,3,4, ,2, , ,48,1,0.993377503
1793,6,2,2,1, , ,2,2,1, ,1, ,1, ,1, , , ,2,2,2,2,3,3,3,3,1,1,1,1,1,1,1,1,1,1,1,1,1,1,2,2,3,2,2,2,2,2,2,2,2,2,2,2,2,2,2,2,3, , , , , , , , , , , , , , , , , , , , , , , , , , , , , , , , , , , , , , , , , , , , , , , , , , , , , , , , , , , , ,3,3,3,3,3,2,2,2,2,2,3,3,3,3,2,2,2,2,3,3,3,3,3,3,2,2,3,2,2,2,2,2,2,2,2,2,2,2,2,2,2,2,2,2, ,1, , , ,1, , , ,3, , , ,1, , ,1,4,3,2,1,4,2,2, , , , , , , , , , ,3,3,3,3,3,3,3,3,3,3,4,1, , , ,36,2,0.983399111
1794,6,1,1,1, , ,2,2,1,25000, ,0, ,35000, ,1, ,1,3, ,3,3,3,3,2,2,2,3,2,3,3,2,2,4,4,4,4,4,3,3,3,2,3,2,2,3,3,3,4,3,2,3,3,3,2,2,2,2,1,0,30,0,1,1,1,1,4,2,1,1,1,1,1,1,1,2,4,1,1,1,1,1,1,1,1,4,3,2,2,2,1,1,2,2,1,1,3,2,1,1,1,1,2,2,2,2,1,1,1,1,1,1,1,1,1,1,2,1,3,4,4,4,3,3,3,3,3,3,3,3,3,3,3,2,2,2,3,2,2,3,3,3,3,3,3,3,2,3,3,2,1,2,2,2,2,2,3,2,2,2,3,3,3, ,1, , , , , , , ,3, , , , , , ,2,3,2,3,3,2,2,2, , , , , , , , , , ,3,3,3,3,3,3,3,3,3,3,3, ,2, , ,52,2,0.983399111
1795,6,1,2,1, , ,2,2,1,9900, , ,1, ,1, , , ,2,1,2,3,3,2,3,2,1,1,1,1,1,1,1,1,1,1,1,1,1,1,1,1,1,1,1,1,3,1,1,1,1,1,1,1,1,3,1,1,2, , , , , , , , , , , , , , , , , , , , , , , , , , , , , , , , , , , , , , , , , , , , , , , , , , , , , , , , , , , , ,2,2,2,2,2,2,2,2,3,3,3,3,2,1,1,1,1,1,2,2,3,3,3,3,3,2,2,2,2,2,2,2,2,2,2,2,2,2,2,2,2,2,2,2,1,1,1,1,1,1,1,1,1,1,1,1,1,1,1,1,2,2,2,2,2,2,2,2,1, , , , ,5, , , , ,2,2,2,2,2,2,2,2,2,2,2,1, , , ,54,1,0.983399111
1796,6,1,2,1, , ,2,2,1,0, ,0, ,60000, , , ,1, , ,3,3,3,3,2,2,3,3,3,3,3,2,2,4,4,4,4,4,3,3,3,2,4,3,3,4,4,4,4,4,3,3,3,3,3,3,3,3,1,0,30,0,1,1,1,1,4,4,2,2,1,1,1,1,1,2,4,1,3,2,2,2,2,1,1,4,2,3,2,2,1,1,3,2,1,1,2,2,1,1,1,1,2,2,2,2,3,1,1,1,2,2,2,2,3,1,3,1,3,3,3,3,3,3,4,4,4,3,3,3,3,3,3,3,3,2,3,2,2,2,3,3,2,3,2,3,2,3,3,2,1,3,3,2,2,3,3,2,2,3,3,3,3, ,1, , , , , ,1, ,3, , , , , ,3,2,3,3,2,3,3,2,3, , , , , , , , , , ,4,3,3,3,3,3,3,3,3,3,4, ,2,3, ,43,1,1.020749108
1798,6,2,2,1, , ,2,1,1,35000, ,0, ,80000, , , , ,3, ,4,2,1,1,2,1,2,1,1,1,1,2,1,2,2,1,1,2,1,2,2,1,2,3,2,1,2,1,3,2,3,2,1,2,1,2,1,2,1,0,30,0,1,2,1,1,2,3,2,2,1,2,1,1,1,3,2,2,2,2,1,2,1,1,1,2,2,3,2,2,2,1,3,2,1,2,2,3,1,2,2,1,3,3,2,3,1,2,1,1,3,2,3,2,1,2,1,1,1,1,2,1,2,1,1,2,1,1,2,1,2,2,1,1,2,1,2,2,1,2,1,2,2,1,2,2,1,2,1,2,1,2,1,2,1,1,2,2,1,2,2,2,1, , , , , , , , , , , , , , , , ,4,3,3,2,3,2,3,2, , , , , , , , , , ,1,1,1,2,1,2,1,1,2,1,4,1, , , ,55,1,0.983399111
1799,6,2,1,1, , ,1,1,1, ,1,0, ,50000, ,1, ,1,2, ,2,3,2,2,2,2,4,4,4,4,4,3,3,4,4,4,4,4,4,4,4,4,4,4,4,4,4,4,4,4,3,4,4,4,3,3,3,3,1,25,30,7,4,4,2,2,4,4,3,2,1,1,1,3,3,4,4,1,3,3,2,2,2,2,2,4,4,4,2,2,2,2,2,2,2,2,4,3,2,2,2,2,3,2,2,3,2,2,3,2,2,2,2,3,3,1,4,2,4,3,4,4,3,3,4,4,4,3,3,3,3,3,4,3,3,3,4,3,3,3,3,4,3,3,2,3,3,3,3,3,1,3,3,3,3,3,3,2,3,3,3,3,3, ,1,1, , ,1, ,1, ,4,3, , ,3, ,3,3,4,4,3,3,4,3,4, , , , , , , , , , ,4,3,4,3,4,3,3,3,3,3,4, , , ,4,29,1,1.020749108
1801,6,2,2,1, , ,2,2,1,40000, ,0, ,80000, , , , ,3, ,4,2,1,2,1,2,2,1,2,1,1,2,1,2,2,1,1,2,1,2,2,1,2,3,2,2,3,1,2,2,1,1,2,1,2,1,2,2,1,0,30,0,1,1,2,1,3,2,2,2,1,2,1,1,1,2,2,2,1,1,1,2,1,1,1,3,2,2,2,1,1,2,3,2,1,2,3,2,1,2,1,2,3,2,3,2,1,2,1,2,3,2,2,2,1,2,1,2,1,1,2,1,2,1,2,3,2,1,1,2,1,2,2,2,3,1,2,2,2,1,2,2,2,1,2,2,1,2,2,1,1,2,1,2,1,2,1,2,1,2,1,2,3, , , , , , , , , , , , , , , , ,3,4,2,3,3,3,4,3, , , , , , , , , , ,1,2,2,2,1,1,2,1,2,1,4,1, , , ,58,2,0.983399111
1803,6,1,1,1, , ,2,1,1, ,1,0, ,5500, ,1, ,1,2, ,2,4,3,3,2,2,4,4,4,4,4,4,4,4,4,4,4,4,4,4,4,3,4,3,4,4,4,4,4,4,3,3,3,3,3,3,3,3,1,25,30,0,4,4,3,2,4,4,4,2,2,2,2,2,2,2,4,2,2,3,3,2,3,2,2,4,4,4,2,2,2,2,2,2,2,2,4,3,2,2,2,2,2,2,2,2,2,2,2,2,2,2,2,2,3,1,4,1,4,3,4,4,3,3,4,4,3,3,3,3,3,3,3,3,3,3,3,3,3,2,3,4,3,3,3,3,3,3,3,2,1,3,3,3,3,3,3,3,3,3,3,3,3, ,1,1, , , , ,1, ,3,3, , , , ,3,3,4,4,3,3,4,4,4, , , , , , , , , , ,3,4,3,4,3,3,3,3,3,3,4, , , ,4,32,1,1.020749108
1805,6,2,2,1, , ,2,2,1,40000, ,0, ,52000, , , , ,3, ,4,2,1,2,1,1,1,1,1,2,1,2,1,1,2,1,1,2,1,1,2,1,1,3,1,1,3,1,3,2,1,3,2,2,2,2,1,2,1,0,30,0,1,2,1,1,2,2,2,2,1,1,2,1,2,2,2,2,2,2,1,2,1,2,1,3,2,3,1,2,1,2,3,2,1,2,3,2,1,2,1,1,2,2,1,2,1,2,1,1,3,2,1,2,1,2,1,1,1,2,1,2,1,1,2,1,1,2,1,2,1,2,1,2,1,2,1,2,1,2,2,2,1,2,2,2,1,2,1,2,2,2,1,2,1,2,2,2,2,1,1,2,1, , , , , , , , , , , , , , , , ,3,4,3,2,3,3,3,3, , , , , , , , , , ,2,1,2,1,2,2,1,2,1,1,4,1, , , ,27,1,0.993377503
1806,6,1,1,1, , ,1,2,1,35000, ,0, ,65000, , , , ,4, ,3,3,2,2,3,2,2,1,2,1,2,1,2,3,2,3,2,3,2,2,3,2,2,2,2,2,3,2,2,3,2,3,2,3,3,2,3,2,1,30,30,0,1,2,1,1,3,2,2,3,1,1,1,2,1,2,2,2,2,2,1,1,1,1,2,2,2,1,1,2,1,2,2,2,1,2,2,2,1,1,2,1,3,2,2,2,1,2,1,2,3,2,3,2,1,2,1,2,1,2,1,2,2,1,2,1,2,2,1,2,1,2,1,2,1,1,2,2,1,2,1,2,1,1,2,2,2,1,2,2,1,2,1,2,1,2,1,1,1,1,2,1,2, , , , , , , , , , , , , , , , ,3,2,2,3,2,3,3,3, , , , , , , , , , ,3,2,2,2,3,3,2,2,1,2,4,1, , , ,26,2,0.993377503
1807,6,1,2,1, , ,2,1,1,40000, ,0, ,90000, , , , ,4, ,3,1,2,1,2,1,1,2,1,2,1,2,1,2,1,2,2,3,1,2,2,2,2,2,1,3,4,2,2,3,2,2,1,2,2,1,2,2,1,20,30,0,2,1,2,2,2,3,2,2,2,1,2,3,2,3,3,3,2,2,2,3,2,2,2,4,3,2,2,2,2,3,2,2,2,2,4,2,3,2,3,2,2,4,3,2,2,3,2,2,3,4,3,3,2,1,2,1,2,2,1,2,3,2,2,1,2,2,2,2,1,3,2,2,3,2,2,3,2,3,3,2,3,3,2,2,3,3,2,3,1,3,2,2,1,2,2,2,2,2,1,2,2, , , , , , , , , , , , , , , , ,3,2,3,2,3,2,3,2, , , , , , , , , , ,3,1,2,3,2,2,3,2,2,2,3,1, , , ,38,1,0.993377503
1808,6,2,2,1, , ,2,2,1,35000, ,0, ,60000, , , , ,3, ,4,2,2,1,2,1,1,2,1,1,1,2,1,1,2,1,1,2,2,2,2,1,2,3,1,3,3,2,2,2,1,2,2,1,2,2,1,2,1,0,30,0,1,1,1,1,2,2,2,2,1,1,1,1,1,3,3,3,2,2,1,1,1,1,1,3,3,2,2,2,1,1,3,2,1,1,3,2,1,1,2,1,3,2,2,2,1,2,1,1,3,2,2,2,1,2,1,2,1,2,1,2,1,2,2,1,2,1,1,2,2,1,2,2,1,2,1,2,1,2,1,2,1,2,1,2,1,2,1,2,1,2,2,2,1,2,1,2,2,1,2,1,2, , , , , , , , , , , , , , , , ,3,3,3,2,3,2,3,2, , , , , , , , , , ,2,2,1,2,2,2,2,1,2,1,4,1, , , ,45,2,0.993377503
1809,6,2,2,1, , ,2,2,1,35000, ,0, ,89000, , , , ,3, ,4,1,1,2,2,2,1,2,1,1,1,2,1,2,2,1,2,1,1,1,2,2,3,3,1,2,3,2,3,2,3,1,2,1,2,2,3,2,1,0,30,0,1,2,1,1,3,2,2,2,1,1,2,1,1,2,2,2,2,1,1,1,2,1,2,3,2,3,1,2,1,1,3,2,1,2,3,2,2,1,2,1,3,2,3,2,1,2,1,1,2,3,2,2,1,2,3,2,2,2,3,2,2,2,2,3,1,2,2,2,3,2,2,2,3,2,2,3,2,3,2,3,2,2,2,2,3,2,3,2,1,3,2,3,2,3,2,3,3,2,2,3,2, , , , , , , , , , , , , , , , ,3,2,3,3,2,3,3,2, , , , , , , , , , ,3,2,2,1,2,1,2,1,3,2,3,1, , , ,45,1,0.993377503
1810,6,2,1,1, , ,1,2,1,35000, ,0, ,65000, , , , ,3, ,4,3,2,2,3,2,1,2,1,2,1,2,1,2,1,2,1,2,2,2,1,2,1,2,3,4,3,2,1,2,1,1,2,1,2,3,2,2,1,20,30,0,1,2,1,1,3,2,2,2,1,2,1,2,1,3,2,3,2,3,1,2,1,2,1,3,4,2,2,2,1,1,2,2,1,1,3,2,2,1,2,1,3,4,3,2,1,2,1,1,3,4,2,2,1,3,2,3,2,1,2,3,2,2,2,2,3,2,1,2,2,3,2,3,2,3,2,3,2,3,2,2,1,2,2,2,3,3,2,3,1,3,2,2,3,2,2,2,3,2,2,3,2, , , , , , , , , , , , , , , , ,3,2,3,3,2,3,2,2, , , , , , , , , , ,3,2,2,3,2,1,2,2,3,2,3,1, , , ,36,2,0.993377503
1811,6,1,2,1, , ,1,2,1,35000, ,0, ,75000, , , , ,4, ,3,2,3,1,1,2,1,2,1,2,1,2,1,3,2,1,2,2,1,2,2,1,2,3,1,2,3,1,3,2,3,2,1,2,1,2,1,2,1,15,30,0,2,3,2,2,2,2,2,2,2,2,3,2,2,3,2,3,2,2,2,2,2,2,2,3,2,3,1,1,2,2,3,2,2,2,2,2,3,2,3,2,3,2,2,3,2,3,2,2,2,2,3,2,3,2,2,3,2,2,3,2,2,3,2,2,3,2,2,3,2,2,2,2,1,2,2,3,2,2,2,3,2,2,2,2,3,1,2,2,1,2,3,2,2,2,3,2,3,2,1,2,2, , , , , , , , , , , , , , , , ,3,2,2,2,2,1,2,2, , , , , , , , , , ,3,2,2,2,3,2,1,2,1,2,3,1, , , ,34,2,0.993377503
1813,6,2,2,1, , ,2,2,1,45000, ,0, ,96000, , , , ,3, ,4,2,2,1,1,2,1,2,1,2,1,2,1,2,2,1,2,2,1,2,2,1,3,2,2,3,3,2,3,2,1,2,2,1,2,2,1,2,1,0,30,0,1,2,1,1,3,2,3,2,1,2,1,1,1,3,2,2,2,2,2,1,2,1,1,3,2,3,2,3,1,2,2,2,2,2,2,3,2,1,2,1,2,2,2,2,1,2,1,1,3,2,2,2,1,2,3,2,2,2,3,2,2,3,3,2,3,2,2,2,3,2,2,2,3,2,2,3,2,3,2,3,2,2,3,2,3,2,2,1,2,2,3,2,2,3,3,1,3,2,2,2,2, , , , , , , , , , , , , , , , ,3,2,3,2,3,3,2,3, , , , , , , , , , ,3,2,3,2,3,3,2,3,3,2,3,1, , , ,47,2,0.993377503
1815,6,2,1,1, , ,1,2,1,45000, ,0, ,110000, , , , ,4, ,3,3,2,3,2,2,1,2,1,2,1,2,1,2,3,3,2,2,2,1,2,1,3,3,2,3,3,2,3,3,2,3,2,2,3,2,2,2,1,15,30,0,1,2,1,2,3,2,3,3,1,1,2,1,2,4,2,3,3,2,2,1,2,1,2,3,3,3,2,3,2,1,2,2,2,1,2,2,1,2,1,2,2,2,2,2,2,1,2,1,2,2,2,3,1,2,3,2,2,2,3,2,3,2,2,3,2,2,3,2,3,2,2,3,2,3,2,3,2,3,2,2,2,2,1,2,3,2,1,2,1,2,3,2,2,2,3,2,2,2,1,2,2, , , , , , , , , , , , , , , , ,2,3,2,3,3,2,3,3, , , , , , , , , , ,3,3,2,3,3,2,3,3,3,2,3,1, , , ,36,2,1.020749108
1817,6,1,2,1, , ,1,2,1,45000, ,0, ,79000, , , , ,4, ,4,3,2,2,1,2,1,1,2,1,2,1,1,2,3,3,2,2,1,2,2,2,3,3,3,3,3,2,3,3,2,2,2,1,2,1,2,2,1,15,30,0,2,3,2,2,3,2,3,3,2,2,3,2,2,3,4,3,3,3,2,1,2,2,2,4,3,3,2,2,2,2,3,2,3,2,3,2,2,1,2,2,4,2,3,2,2,1,2,1,4,2,3,2,1,2,3,2,2,2,1,2,2,2,3,2,2,2,2,2,3,2,2,2,3,2,2,3,2,3,2,3,2,2,2,2,3,2,3,2,1,2,3,2,2,1,2,2,2,3,2,2,2, , , , , , , , , , , , , , , , ,3,2,3,2,2,2,3,2, , , , , , , , , , ,3,2,3,2,3,2,3,3,2,2,3,1, , , ,29,1,1.020749108
1818,6,2,1,1, , ,1,2,1,45000, ,0, ,150000, , , , ,3, ,4,3,2,2,3,2,1,2,1,2,1,2,1,2,1,2,1,2,1,2,2,1,2,3,1,2,4,2,1,2,1,2,2,1,2,1,2,1,1,25,30,0,2,1,2,1,2,2,3,2,2,1,2,1,1,3,2,2,1,2,2,1,2,1,2,4,2,2,2,2,1,2,3,3,2,1,2,2,2,1,2,1,4,2,2,2,1,2,1,1,4,3,2,3,1,2,1,1,1,3,4,3,3,2,3,2,3,2,3,2,1,2,1,3,2,1,1,3,2,2,3,1,2,2,1,2,3,1,2,2,1,3,2,2,1,2,2,2,2,1,2,1,2, , , , , , , , , , , , , , , , ,3,2,3,1,1,2,2,1, , , , , , , , , , ,3,2,3,2,2,2,2,2,1,2,3,1, , , ,29,2,1.020749108
2112,6,1,2,1, , ,2,2,1, ,1,0, ,45000, , , ,1,3, ,3,3,4,3,2,2,4,4,3,4,4,3,3,4,4,4,4,4,4,4,3,3,3,3,3,3,3,4,4,3,3,3,3,3,2,3,2,2,1,5,30,0,2,3,2,2,4,3,2,2,1,1,1,2,1,2,4,2,2,1,2,2,2,2,2,4,4,4,2,2,1,1,3,2,1,1,2,2,1,1,1,1,2,2,2,2,1,1,1,1,2,1,1,2,2,1,3,1,3,3,3,3,3,3,4,4,3,3,3,3,3,3,3,3,3,3,3,3,3,2,3,3,3,3,3,3,2,3,3,2,1,3,3,3,3,3,3,3,3,3,3,2,2, ,1, , , , , ,1, ,3, , , , , ,3,3,4,3,3,3,3,3,4, , , , , , , , , , ,3,3,4,3,3,3,3,3,3,3,4, ,2, , ,28,2,0.985680343
2118,6,1,2,1, , ,2,1,1,22000, ,0, ,38000, ,1, ,1,2, ,2,3,3,2,2,2,3,3,3,3,3,3,3,4,4,4,4,4,3,3,3,2,3,3,3,3,3,3,3,3,3,3,3,3,3,3,2,2,1,3,30,0,3,2,2,2,4,2,2,2,1,1,1,1,1,2,4,2,2,1,2,2,2,2,2,4,2,2,2,2,2,2,3,2,2,1,3,2,1,1,1,1,2,1,1,2,1,1,1,1,2,1,1,2,1,1,3,1,3,3,3,4,3,3,4,4,3,3,3,3,3,3,3,2,2,2,3,3,2,2,3,3,3,3,2,3,2,3,3,2,1,2,3,2,2,2,3,2,2,3,3,3,3, ,1, , , , , , , ,3, , , , , , ,3,3,3,2,2,2,2,2, , , , , , , , , , ,3,4,3,3,3,3,4,3,3,3,4, ,2, , ,37,2,0.985680343
2121,6,1,2,1, , ,1,1,1,25000, ,0, ,40000, ,1, ,1,3, ,3,3,4,2,2,2,3,3,2,3,3,2,2,4,4,3,4,4,3,3,3,1,3,1,3,3,3,4,4,3,2,3,3,3,2,2,2,2,1,0,30,5,1,1,1,1,4,2,2,2,1,1,1,1,1,2,4,1,2,1,1,1,1,1,1,3,4,4,2,2,1,1,2,2,1,1,2,2,1,1,1,1,2,2,2,2,1,1,1,1,2,2,2,2,1,1,4,1,3,3,3,4,3,3,4,4,3,3,3,3,3,3,3,2,2,2,3,3,3,3,4,4,3,3,3,3,2,3,3,3,1,3,3,2,3,3,3,2,2,2,3,3,3, ,1, , , , , , , ,4, , , , , , ,3,4,4,3,3,3,3,3, , , , , , , , , , ,4,4,3,3,3,3,3,3,3,3,3, ,2, , ,44,2,0.985680343
2126,6,2,1,1, , ,2,1,1, ,1,0, ,40000, ,1, ,1,3, ,3,3,4,2,2,2,4,4,3,4,4,3,2,4,4,4,4,4,4,4,3,2,3,3,3,3,4,4,4,3,3,3,3,3,3,3,2,2,1,10,30,0,4,2,2,2,4,3,2,2,2,2,1,1,1,3,4,1,2,1,3,2,2,2,1,4,4,4,2,1,2,2,3,2,2,2,4,3,1,1,1,1,2,2,2,2,1,1,1,1,2,2,2,2,1,1,3,1,3,2,3,3,2,3,3,3,3,3,3,3,3,3,3,3,3,3,3,2,3,2,3,3,2,3,3,3,2,3,3,2,1,3,3,2,2,3,3,2,2,2,3,2,2, ,1, , , , , , , ,3, , , , , , ,2,3,3,3,2,2,3,3, , , , , , , , , , ,4,4,3,3,3,3,3,3,3,3,4, ,2, , ,26,2,0.985680343
2129,6,1,2,1, , ,2,2,1,20000, ,0, ,50000, ,1, ,1,3, ,3,3,3,2,2,2,4,4,3,4,3,3,2,4,4,4,4,4,3,3,4,2,4,3,3,4,4,4,4,4,3,3,3,3,3,2,2,2,1,5,30,0,3,2,1,1,4,2,1,1,1,1,1,2,1,3,4,1,2,1,3,2,2,2,2,4,4,4,2,2,1,1,3,3,1,1,4,2,1,1,1,1,2,2,2,2,1,1,1,1,2,1,1,2,1,1,3,1,3,3,3,4,3,3,3,3,3,3,3,3,3,3,3,3,3,3,3,3,3,3,4,4,3,3,2,3,2,3,3,3,1,3,3,2,3,2,3,2,2,3,3,3,2, ,1, , , , , , , ,4, , , , , , ,2,4,3,3,2,2,2,3, , , , , , , , , , ,3,3,4,3,3,3,4,3,3,3,4, ,2, , ,38,2,0.985680343
2133,6,1,2,1, , ,2,2,1,25000, ,0, ,45000, ,1, ,1,3, ,3,3,3,2,2,2,3,2,2,3,3,2,2,4,4,3,4,4,3,3,3,2,4,2,3,4,4,4,4,3,2,3,3,3,2,3,2,2,1,5,30,0,2,2,1,1,4,2,2,2,1,1,2,2,1,2,4,2,2,2,2,2,2,2,2,4,2,3,2,2,1,1,2,2,1,1,3,2,1,1,1,1,2,1,1,2,1,1,1,1,2,1,1,2,1,1,3,1,3,3,4,4,3,3,3,3,3,3,2,3,3,3,3,2,2,2,3,3,3,3,3,3,2,3,2,3,2,3,3,2,1,3,3,2,3,3,3,2,2,3,3,3,3, ,1,1, , ,1, , , ,3,3, , ,1, , ,3,3,3,3,3,3,2,2, , , , , , , , , , ,4,4,3,3,4,3,3,3,3,3,4, ,2, , ,47,2,0.985680343
2137,6,1,2,1, , ,1,2,1,25000, ,0, ,40000, ,1, ,1,3, ,3,2,4,2,3,2,3,3,2,3,3,2,2,4,4,3,4,4,3,3,3,2,3,2,3,3,3,4,4,3,2,3,3,3,2,2,2,2,1,0,30,0,1,1,1,1,4,2,2,2,1,1,1,1,1,1,4,2,2,1,1,1,1,1,1,4,3,3,2,2,1,1,2,2,1,1,2,2,1,1,1,1,2,1,1,2,1,1,1,1,2,1,1,2,1,1,3,1,3,4,4,4,3,3,3,3,3,3,3,3,3,3,3,2,2,2,3,2,3,2,3,3,3,3,3,3,2,3,3,2,1,3,2,2,2,2,3,3,2,3,2,3,3, ,1, , , , , , , ,3, , , , , , ,2,3,2,2,2,2,2,2, , , , , , , , , , ,3,3,3,3,3,3,3,3,3,3,4, ,2, , ,53,2,0.985680343
2148,6,1,1,1, , ,2,1,1,25000, ,0, ,45000, ,1, ,1,2, ,2,3,3,2,2,2,4,4,4,4,3,3,2,4,4,4,4,4,4,4,3,2,4,3,3,4,4,4,4,3,3,3,3,3,2,3,3,2,1,10,30,0,2,2,2,2,4,2,2,2,2,2,2,2,2,3,4,2,2,2,3,3,3,2,2,4,4,4,2,2,2,2,3,2,2,2,4,3,2,2,2,2,3,2,2,2,2,2,2,2,2,2,2,2,3,1,3,1,3,3,4,4,3,3,4,4,3,3,3,3,3,3,4,3,3,3,3,3,3,3,4,4,3,3,3,3,2,3,3,3,1,3,3,3,3,3,3,2,2,3,3,3,3, ,1,1, , , , , , ,3,3, , , , , ,3,3,3,2,2,2,2,2, , , , , , , , , , ,4,3,4,3,4,3,3,3,3,3,4, , ,3, ,32,2,0.985680343
2153,6,1,2,1, , ,2,2,1, ,1, ,1,30000, , , , ,2,2,1,3,4,3,3,2,2,2,2,3,2,2,2,2,2,2,1,2,1,2,2,2,2,1,2,1,2,1,3,3,2,2,2,3,2,2,2,2,2, , , , , , , , , , , , , , , , , , , , , , , , , , , , , , , , , , , , , , , , , , , , , , , , , , , , , , , , , , , , ,3,3,3,4,3,3,4,3,3,4,3,4,3,3,3,3,3,3,3,2,2,3,3,3,2,2,3,2,2,3,2,2,3,2,3,2,2,2,3,2,3,3,2,3,1,1,1,1,1,1,1,1,1,1,1,1,2,3,1,2,2,2,1,2,2,3,1,1, , , , , , , , , , ,3,2,2,3,3,2,3,2,2,2,3,1, , , ,35,2,0.985680343
2174,6,2,2,1, , ,2,2,1,0, ,0, ,50000, , , ,1, , ,3,2,4,3,3,2,2,3,2,3,3,2,2,4,4,3,4,4,3,3,3,1,3,3,3,3,4,3,3,3,2,3,3,2,2,2,2,2,1,0,30,0,1,1,1,1,4,2,1,1,1,1,1,1,1,2,4,1,2,1,1,1,1,1,1,4,3,3,2,2,1,1,3,2,1,1,2,2,1,1,1,1,2,2,2,2,1,1,1,1,2,2,2,2,1,1,2,1,2,3,3,3,3,3,3,3,3,2,2,3,3,3,3,2,2,2,3,2,3,2,3,3,2,2,2,3,2,2,3,2,1,2,3,2,2,2,3,2,2,2,3,2,2, ,1, , , , , , , ,2, , , , , , ,2,3,2,2,2,2,2,2,1, ,2,3, , , , , , ,3,3,3,3,3,3,3,3,3,3,4, ,2, , ,56,2,0.985680343
2294,6,1,2,1, , ,2,2,1,9800, ,0, ,45000, ,1, ,1,2, ,2,3,3,3,2,2,3,3,3,3,3,3,3,3,3,3,3,3,3,3,3,3,3,3,3,3,3,3,3,3,3,2,2,2,2,2,2,2,1,2,25,0,2,2,2,2,2,3,2,2,2,3,2,2,2,3,2,3,2,3,2,2,2,2,2,3,3,3,2,2,2,2,2,2,2,2,3,2,2,2,2,2,2,2,2,3,2,2,2,2,2,2,2,3,3,2,2,2,3,3,2,2,3,2,2,3,2,3,3,3,3,3,3,3,2,2,3,3,2,2,2,3,3,3,3,2,2,3,3,3,1,3,3,3,3,3,3,2,2,2,2,3,3,1,1,1,1,1,1,1,1,2,2,2,2,2,2,2,3,2,3,2,2,3,3,2,3, , , , , , , , , , ,3,2,3,2,3,2,3,2,3,3,2, ,2,3, ,44,2,1.020749108
2295,6,1,1,1, , ,2,2,1,12000, ,0, ,35000, ,1, ,1,2, ,2,3,3,3,2,2,3,3,3,3,3,3,3,3,3,3,3,3,3,3,3,3,3,3,3,3,3,3,3,3,2,2,2,3,3,3,3,3,1,10,20,0,2,3,2,2,3,2,3,2,2,3,2,2,2,3,3,2,2,3,2,2,3,2,2,3,3,3,3,2,2,2,3,3,2,2,3,3,2,2,2,2,2,2,2,2,2,2,2,2,3,2,2,2,3,2,2,2,3,3,3,3,2,2,2,2,3,3,3,3,3,3,3,3,3,3,3,2,2,2,2,3,3,3,3,2,2,2,3,3,1,3,3,3,3,3,3,2,2,2,2,3,3,1,1,1,1,1,1,1,1,1,2,2,2,2,3,2,3,1,3,3,3,3,3,2,3, , , , , , , , , , ,3,2,3,2,3,2,3,3,3,3,2, ,2,3, ,42,1,1.020749108
2297,6,1,1,1, , ,2,2,1,12000, ,0, ,55000, ,1, ,1,2, ,2,3,3,3,2,2,3,3,3,3,3,3,3,3,3,3,3,3,3,3,3,3,3,3,3,3,3,3,3,3,3,3,3,3,3,3,3,3,1,5,15,0,2,2,2,2,3,2,3,3,2,3,3,2,2,3,3,3,2,3,2,2,2,2,2,3,3,3,2,2,2,2,2,3,2,2,3,3,2,2,2,3,3,2,2,2,3,3,2,3,3,3,2,2,3,2,2,2,3,3,3,3,2,2,2,2,3,3,3,3,3,3,3,3,3,3,3,3,3,2,2,3,3,3,3,2,2,3,3,3,1,3,3,3,3,3,2,2,3,3,3,3,3,1,1,1,1,1,1,1,1,1,2,2,3,2,2,2,3,2,3,3,3,3,3,2,3, , , , , , , , , , ,3,2,3,2,3,2,3,2,3,3,2, ,2,3, ,44,1,1.020749108
2299,6,1,2,1, , ,2,2,1,12000, ,0, ,48000, ,1, ,1,2, ,3,3,3,3,2,2,3,3,3,3,3,3,3,3,3,3,3,3,3,3,3,3,3,3,2,3,3,3,3,3,3,2,2,3,3,2,2,3,1,10,25,0,2,2,2,2,3,3,3,2,2,2,3,2,2,2,3,3,3,2,2,2,2,2,2,3,3,2,2,2,2,2,3,2,2,2,2,2,2,2,2,3,3,2,2,3,3,2,2,2,2,2,2,2,3,2,2,2,3,3,3,3,2,2,2,2,3,3,3,3,3,2,2,3,3,3,3,3,2,2,2,3,3,3,3,3,2,3,3,3,1,3,3,2,2,2,2,2,2,2,3,3,3,1,1,1,1,1,1,1,1,2,2,2,2,2,2,2,3,2,2,2,3,3,3,3,3, , , , , , , , , , ,3,2,3,2,3,2,3,2,3,3,2,1,2, , ,42,2,0.983399111
2302,6,1,2,1, , ,2,2,1,8800, ,2000, ,35000, ,1,1,1,2,2,2,3,3,3,2,2,3,3,3,3,3,3,3,3,3,3,3,3,3,3,3,2,2,3,2,3,3,3,3,3,3,2,3,2,2,3,3,3,1,5,20,0,2,2,2,2,3,2,3,2,2,2,2,2,2,2,3,2,2,2,2,2,2,2,2,2,3,2,2,2,2,3,3,2,2,2,3,2,2,2,2,3,3,3,2,3,3,2,2,2,2,2,2,3,3,2,2,2,3,3,3,3,2,2,2,2,3,3,3,3,3,3,3,3,2,2,3,3,2,2,2,3,3,3,3,2,2,2,3,3,1,3,3,3,2,2,2,3,3,3,3,3,3,1,1,1,1,1,1,1,1,2,3,3,3,2,2,2,3,3,3,3,3,3,3,2,3, , , , , , , , , , ,3,2,3,2,3,2,3,2,3,3,2, ,2,3, ,36,2,1.020749108
2304,6,1,2,1, , ,2,2,1,9800, ,0, ,45000, ,1, ,1,2, ,2,3,3,3,2,2,3,2,1,2,2,3,3,3,3,2,2,3,3,3,3,2,2,2,2,3,3,3,3,3,3,2,2,2,2,3,3,3,1,3,20,0,2,2,2,2,3,2,3,3,2,2,3,2,2,2,3,3,2,2,2,2,2,2,2,3,3,3,2,2,2,2,2,2,2,2,2,2,2,2,2,2,2,2,2,3,2,2,2,2,2,2,2,2,3,2,2,2,3,3,3,3,2,2,2,2,3,3,3,3,3,3,2,2,2,2,2,2,2,2,2,3,3,3,3,3,2,2,3,3,1,3,3,3,3,2,2,2,2,3,3,3,3,1,1,1,1,1,1,1,1,2,2,2,2,2,2,2,2,2,3,3,2,2,3,2,2,1, ,2,3,4,5, , , , ,3,2,3,2,3,2,3,2,3,3,2,1,2, , ,48,1,0.983399111
2308,6,1,2,1, , ,2,2,1,12000, ,0, ,35000, ,1, ,1,2, ,2,3,3,3,2,2,3,3,3,3,3,3,3,3,3,3,3,3,3,3,3,2,2,3,2,3,3,3,3,3,3,3,3,3,3,3,3,3,1,10,25,0,3,3,3,2,2,3,3,2,2,3,3,2,2,3,3,3,3,2,2,2,2,2,2,3,3,3,2,2,2,2,2,2,2,2,3,3,2,2,2,2,2,2,2,2,3,2,2,2,3,2,2,3,3,2,2,2,3,3,3,3,2,2,2,2,3,3,3,3,3,3,3,3,3,3,3,2,2,2,2,3,3,3,3,2,2,3,3,3,1,3,3,3,3,3,2,2,3,3,3,3,3,1,1,1,1,1,1,1,1,2,2,2,2,2,2,2,2,2,3,3,3,3,3,2,2,1, ,2,3,4,5, , , , ,3,2,3,2,3,2,3,2,3,3,2,1,2, , ,34,1,1.020749108
2311,6,1,2,1, , ,2,2,1,9800, ,0, ,55000, ,1, ,1,2, ,2,3,3,3,2,2,3,3,3,2,3,3,3,3,3,3,3,3,3,3,3,2,2,2,2,3,3,3,3,3,3,3,2,2,2,3,3,3,1,12,25,0,2,3,3,2,3,2,3,2,2,3,3,3,2,3,3,3,2,2,2,2,2,2,2,3,3,3,2,2,2,3,2,3,2,2,2,2,2,2,2,2,2,2,2,3,2,2,2,2,3,2,2,2,3,2,2,2,3,3,3,3,3,2,2,2,3,3,3,3,3,3,3,3,3,3,3,2,2,2,2,3,3,3,3,2,2,3,3,3,1,3,3,3,3,3,2,2,2,3,3,3,3,1,1,1,1,1,1,1,1,2,3,3,3,2,3,2,3,2,3,3,3,2,3,2,3, , , , , , , , , , ,3,2,3,2,3,2,3,2,3,3,2, ,2,3, ,34,2,1.020749108
2320,6,1,2,1, , ,2,2,1, ,1, ,1,48000, , , ,1,2,2,2,3,3,3,2,2,3,2,2,2,2,2,2,3,3,2,3,3,3,3,3,2,2,2,2,3,3,3,3,3,2,3,2,2,2,3,3,3,1,5,15,0,2,2,2,2,3,2,3,2,2,2,2,2,2,3,3,2,2,2,2,2,2,2,2,3,3,2,2,2,2,2,2,2,2,2,3,3,2,2,2,2,2,2,2,2,2,2,2,2,2,2,2,3,2,2,2,2,3,3,3,3,3,2,2,2,3,3,3,3,3,3,2,2,2,2,2,2,2,2,3,3,3,3,3,2,2,3,3,3,1,3,3,2,2,2,3,3,2,2,2,3,3,1,1,1,1,1,1,1,1,2,2,2,2,2,2,2,2,2,3,3,3,3,3,2,2,1, ,2,3,4,5, , , , ,3,2,3,2,3,2,3,2,3,3,2, ,2,3, ,44,2,0.993377503
2321,6,1,2,1, , ,2,2,1,9800, ,0, ,45000, ,1, ,1,2, ,2,3,3,3,2,2,3,3,3,3,3,2,2,3,2,2,3,3,3,3,3,2,2,3,3,3,3,3,3,3,3,3,3,3,3,3,3,3,1,8,20,0,2,2,2,2,2,3,2,2,2,2,2,2,2,3,3,3,2,3,2,2,2,2,2,3,3,3,2,2,2,2,3,3,2,2,3,2,2,2,2,2,2,2,2,3,2,2,2,2,2,2,2,3,3,2,2,2,3,3,3,3,3,2,2,2,3,3,3,3,3,3,3,3,3,3,3,2,2,3,3,3,3,3,3,2,2,3,3,3,1,3,3,3,3,2,2,2,3,3,3,3,3,1,1,1,1,1,1,1,1,2,2,2,2,2,3,2,2,3,3,3,3,3,3,2,3, , , , , , , , , , ,3,2,3,2,3,2,3,2,3,3,1,1,2, , ,34,2,0.993377503
2322,6,1,2,1, , ,2,2,1,8800, ,0, ,35000, ,1, ,1,2, ,2,2,3,3,2,2,3,2,2,2,2,3,3,3,3,2,3,3,3,3,3,2,2,3,2,3,3,3,3,3,2,2,2,2,2,2,2,2,1,5,15,0,2,2,2,2,2,2,2,2,2,3,2,2,2,2,3,3,2,2,2,2,2,2,2,3,3,2,2,2,3,2,2,2,2,2,2,2,2,2,2,2,2,2,2,2,2,2,2,2,2,2,2,2,3,2,2,2,3,3,3,3,3,2,2,2,3,3,3,3,3,3,3,3,3,3,3,2,2,2,3,3,3,3,3,2,2,3,3,3,1,3,3,3,3,3,2,2,2,2,3,3,3,1,1,1,1,1,1,1,1,2,3,3,3,2,3,2,3,3,3,3,3,3,3,2,3, , , , , , , , , , ,3,2,3,2,3,2,3,2,3,3,2, ,2,3, ,29,2,0.993377503
2323,6,1,2,1, , ,2,2,1,8800, ,0, ,35000, ,1, ,1,2, ,2,3,3,3,2,2,2,2,2,3,3,3,2,3,2,2,3,3,3,3,3,2,2,3,3,3,3,3,3,3,2,2,3,3,2,3,3,3,1,3,15,0,2,2,2,2,3,2,2,3,2,3,3,2,2,3,3,3,3,2,2,2,2,2,2,3,3,2,3,2,2,3,3,3,2,2,2,3,2,2,2,2,2,2,2,2,2,2,2,2,2,2,2,3,3,2,2,2,3,3,3,3,3,2,2,2,3,3,3,3,3,3,3,3,3,3,3,3,2,2,2,3,3,3,3,2,2,3,3,3,1,3,3,3,3,3,3,2,2,3,3,3,3,1,1,1,1,1,1,1,1,2,3,2,2,2,3,2,3,3,3,3,3,3,3,2,3, , , , , , , , , , ,3,2,3,2,3,2,3,2,3,3,2, ,2, , ,34,2,0.983399111
2356,6,1,2,1, , ,2,2,1,9800, ,0, ,45000, ,1, ,1,2, ,2,3,3,3,2,2,3,2,3,2,3,2,3,3,3,3,3,3,3,3,3,3,3,3,3,3,3,3,3,3,3,3,3,3,2,2,3,3,1,10,20,0,2,2,3,2,2,3,2,2,2,3,3,2,2,3,3,3,2,3,2,2,3,2,2,2,3,3,3,2,2,2,3,2,2,2,3,3,2,2,2,2,2,3,3,2,2,2,2,2,2,2,2,2,3,2,2,2,3,3,3,3,3,2,2,2,3,3,3,3,3,3,3,3,3,3,3,2,2,2,2,3,3,3,3,2,2,3,3,3,1,3,3,3,3,3,3,3,2,3,3,3,3,1,1,1,1,1,1,1,1,2,2,2,2,3,3,2,3,2,3,3,3,3,3,2,3, , , , , , , , , , ,3,2,3,2,3,2,3,2,3,3,2, ,2,3, ,34,1,0.983399111
2361,6,1,2,1, , ,2,2,1,9800, ,0, ,35000, ,1, ,1,2, ,2,3,3,2,2,2,3,3,3,3,3,3,3,3,3,3,3,3,3,3,3,3,3,2,3,3,3,3,3,3,3,3,3,2,2,2,2,2,1,10,25,0,2,2,2,2,2,3,2,2,2,3,2,2,2,3,2,3,2,3,2,2,2,2,2,3,3,2,3,2,2,2,2,2,2,2,2,2,2,2,2,2,2,2,2,3,3,3,2,2,3,2,2,3,3,2,2,2,3,3,3,3,3,2,2,2,3,3,3,3,3,3,3,3,3,3,3,2,2,2,3,3,3,3,3,2,2,2,3,3,1,3,3,3,3,3,2,2,2,3,3,3,3,1,1,1,1,1,1,1,1,2,2,2,2,2,2,2,2,2,2,2,2,3,3,2,2,1, ,2,3,4, , , , , ,3,2,3,2,3,2,3,3,3,3,2, ,2,3, ,37,2,0.993377503
2364,6,1,2,1, , ,1,2,1,12000, ,0, ,55000, ,1, ,1,2, ,2,3,3,3,2,2,3,3,3,3,3,3,3,3,3,2,3,3,3,3,3,2,2,2,2,3,3,3,3,3,3,2,2,3,2,2,2,2,1,10,25,0,2,2,2,2,2,2,3,2,2,2,3,3,2,3,3,2,3,2,2,2,2,2,2,2,3,2,2,2,2,2,2,3,2,2,2,3,2,2,2,3,3,2,2,3,2,2,2,2,3,3,2,3,3,2,2,2,3,3,3,3,3,2,2,2,3,3,3,3,3,3,3,3,3,3,3,2,2,2,2,3,3,3,3,2,2,3,3,3,1,3,3,3,2,3,3,2,2,3,3,3,3,1,1,1,1,1,1,1,1,2,2,2,2,2,2,2,3,2,2,2,2,3,3,2,3, , , , , , , , , , ,3,2,3,2,3,2,3,2,3,2,3, ,2,3, ,40,2,0.983399111
2369,6,1,2,1, , ,2,2,1,12000, ,0, ,49000, ,1, ,1,2, ,3,2,3,3,2,2,2,2,2,2,2,3,3,3,3,2,3,3,3,3,3,2,2,2,2,3,3,3,3,3,2,2,2,2,2,2,2,2,1,3,15,0,3,2,2,2,3,2,2,2,2,2,2,2,2,2,3,2,2,2,2,2,2,2,2,2,3,2,2,2,2,2,2,3,2,2,2,3,2,2,2,2,2,2,2,2,2,2,2,3,2,2,2,3,2,2,2,2,3,3,3,3,2,2,2,2,3,3,3,3,3,3,2,2,2,2,2,2,2,2,2,3,3,3,3,2,2,3,3,3,1,3,3,3,3,3,2,2,2,2,3,3,3,1,1,1,1,1,1,1,1,2,3,2,3,2,3,2,2,2,3,2,3,2,3,2,2, , , , , , , , , , ,3,2,3,2,3,2,3,2,3,3,2,1,2, , ,49,2,0.993377503
2398,6,1,2,1, , ,2,2,1, ,1,0, ,40000, ,1, ,1,3, ,3,2,4,2,2,2,3,3,2,3,2,2,2,4,4,3,4,4,3,3,3,1,2,1,2,3,3,3,3,3,2,3,3,2,2,2,2,2,1,15,30,0,4,3,2,2,4,2,2,2,2,2,1,3,1,4,4,1,3,1,2,2,2,1,1,2,3,2,1,1,1,1,2,2,2,2,4,2,1,1,1,1,1,1,1,1,1,1,1,1,1,1,1,1,1,1,2,1,3,2,2,3,2,3,3,3,3,3,3,3,3,3,3,2,3,3,3,3,2,2,3,3,2,3,2,3,2,3,3,3,1,2,2,2,2,3,2,2,2,2,3,2,2, ,1, , , , , , , ,3, , , , , , ,2,3,3,2,2,2,2,3, , , , , , , , , , ,3,3,3,3,3,3,2,3,3,3,4,1, , , ,24,2,0.993377503
2403,6,1,2,1, , ,2,2,1,25000, ,0, ,40000, ,1, ,1,3, ,3,3,3,3,2,2,4,4,2,4,3,2,2,4,4,4,4,4,3,3,3,2,3,3,3,3,3,3,4,3,3,3,3,3,2,2,2,2,1,7,30,0,2,2,1,1,4,3,2,2,2,2,1,3,1,4,4,1,2,1,2,2,2,2,2,4,2,3,2,2,1,1,3,2,2,2,4,3,1,1,1,1,2,2,2,2,1,1,1,1,2,1,1,2,1,1,2,1,3,3,3,4,3,3,4,4,3,3,3,3,3,3,3,3,3,2,3,3,3,2,3,3,3,3,3,3,3,3,3,2,1,2,3,2,3,3,3,2,2,3,3,3,2, ,1, , , , , , , ,3, , , , , , ,3,3,3,3,2,2,3,3, , , , , , , , , , ,3,3,3,4,3,3,3,3,3,3,4, ,2, , ,27,2,0.993377503
2411,6,1,2,1, , ,2,2,1,20000, ,0, ,45000, ,1, ,1,3, ,3,3,3,3,2,2,4,4,3,4,3,3,2,4,4,4,4,4,3,3,4,2,4,3,3,4,4,4,4,4,2,3,3,3,3,3,2,2,1,3,30,0,2,2,2,2,4,2,2,2,1,2,1,2,1,3,4,1,2,1,2,2,2,2,2,4,4,4,2,2,1,1,3,2,1,1,3,2,1,1,1,1,2,2,2,2,1,1,1,1,2,1,1,2,1,1,3,1,3,4,3,4,3,3,3,3,3,3,3,3,3,3,3,3,3,2,3,3,2,3,3,3,2,3,2,3,2,3,3,3,1,3,2,2,3,3,3,2,2,2,3,3,3, ,1,1, , , , , , ,3,3, , , , , ,3,4,3,2,2,2,2,2, , , , , , , , , , ,3,3,4,3,4,3,3,3,3,3,4, ,2, , ,33,2,0.993377503
2417,6,2,1,1, , ,2,1,1,25000, ,0, ,40000, ,1, ,1,3, ,3,3,2,2,2,2,4,4,3,4,4,3,3,4,4,4,4,4,3,3,3,3,3,2,3,4,4,4,4,4,3,3,3,3,2,3,2,2,1,5,30,0,3,3,2,2,4,3,2,2,1,1,1,2,1,2,4,1,2,1,2,2,2,2,2,4,4,4,2,2,1,1,2,2,2,2,2,3,1,1,1,1,2,2,2,2,1,1,1,1,2,2,2,2,3,1,3,1,3,3,3,3,2,3,3,3,3,3,3,3,3,3,3,3,3,2,3,2,3,3,3,3,3,3,2,2,2,3,3,2,1,3,3,3,2,3,3,3,2,3,3,3,3, ,1, , , , , ,1, ,4, , , , , ,3,3,4,3,3,2,2,3,3, , , , , , , , , , ,3,4,4,3,3,3,3,3,3,3,3, ,2, , ,36,2,0.993377503
2422,6,1,2,1, , ,2,1,1,25000, ,0, ,38000, ,1, ,1,2, ,2,4,3,2,2,1,4,4,4,4,3,3,2,4,4,4,4,4,4,4,4,3,3,3,3,3,4,4,4,4,3,3,3,3,2,3,2,2,1,2,30,0,2,2,2,2,4,3,2,2,1,1,1,1,1,2,4,1,2,1,2,2,1,1,1,4,4,4,2,2,1,1,3,2,1,1,4,3,1,1,1,1,2,2,2,2,1,1,1,1,2,2,2,2,1,1,3,1,3,4,4,4,3,3,4,4,3,3,3,3,3,3,3,2,3,2,3,2,3,2,3,3,2,3,2,2,2,3,3,2,1,3,3,2,2,3,3,2,2,3,3,3,2, ,1, , , , , , , ,4, , , , , , ,3,4,3,2,2,2,2,2, , , , , , , , , , ,3,3,3,2,3,2,3,3,3,3,3, ,2, , ,44,2,0.993377503
2427,6,1,2,1, , ,1,1,1,20000, ,0, ,35000, ,1, ,1,3, ,3,3,3,2,2,2,3,3,2,3,2,2,2,4,4,3,4,3,3,3,3,2,3,2,2,3,3,3,3,3,2,3,2,2,2,2,2,2,1,0,30,0,1,1,1,1,3,2,1,1,1,1,1,1,1,2,4,1,2,1,1,1,1,1,1,3,3,2,1,1,1,1,2,2,1,1,2,2,1,1,1,1,2,1,1,2,1,1,1,1,2,1,1,2,1,1,3,1,2,3,3,4,3,3,3,3,3,2,2,3,3,3,3,2,2,2,3,2,2,2,3,3,2,2,2,2,2,2,2,2,1,2,3,2,2,2,3,2,2,2,3,2,3, ,1, , , , , , , ,3, , , , , , ,2,3,2,2,2,2,2,2, , , , , , , , , , ,3,2,2,3,3,3,2,3,3,2,4, ,2, , ,55,2,0.993377503
2487,6,2,2,1, , ,1,1,1,0, ,20000, ,40000, , ,1,1, ,3,3,3,3,2,2,2,3,3,3,3,3,2,2,4,4,4,4,4,3,3,3,2,3,3,3,3,3,3,3,3,2,3,3,3,3,3,3,3,1,0,30,10,1,1,1,1,4,3,2,2,1,1,1,1,1,3,4,1,2,1,1,1,1,1,1,3,3,3,2,2,1,1,3,2,1,1,4,3,1,1,1,1,2,1,1,1,1,1,1,1,1,1,1,2,1,1,3,1,3,3,2,2,3,3,3,3,3,4,3,3,3,3,3,2,2,2,3,3,3,2,3,3,2,3,2,3,2,3,3,2,1,2,3,2,3,2,3,3,3,3,3,3,2, ,1, , , , , , , ,3, , , , , , ,3,3,2,2,2,2,2,2, , , , , , , , , , ,3,3,3,3,3,3,3,3,3,3,4, ,2, , ,28,2,0.993377503
2490,6,1,2,1, , ,2,2,1,25000, ,0, ,40000, ,1, ,1,3, ,3,3,2,2,2,2,4,4,3,4,3,3,3,4,4,4,4,4,3,3,3,2,3,2,3,3,4,4,4,3,2,3,3,3,3,3,3,3,1,5,30,0,2,2,2,2,4,3,2,2,2,2,1,2,1,3,4,1,2,1,3,2,2,2,2,3,3,3,2,2,1,1,2,2,1,1,3,3,1,1,1,1,2,2,2,2,1,1,1,1,2,2,2,2,1,1,3,1,3,3,2,3,3,3,3,4,4,3,3,3,3,3,3,2,2,2,3,2,3,2,3,3,3,3,2,3,2,3,3,3,1,3,3,2,3,2,3,2,2,3,3,3,3, ,1, , , , , , , ,3, , , , , , ,3,3,3,3,3,3,3,3, , , , , , , , , , ,3,3,3,3,3,3,3,3,3,3,4, ,2, , ,29,2,0.993377503
2492,6,2,2,1, , ,2,2,1,22000, ,0, ,45000, ,1, ,1,3, ,3,3,2,2,2,2,4,4,3,4,3,3,2,4,4,4,4,4,4,4,3,1,3,3,3,3,3,4,4,3,2,3,3,3,2,2,2,3,1,5,30,0,3,3,2,2,4,3,2,2,2,2,2,2,2,3,4,2,2,2,2,2,2,2,2,4,3,3,2,2,1,1,3,2,1,1,4,3,1,1,1,1,2,2,2,2,1,1,1,1,1,2,1,2,1,1,3,1,3,3,3,3,3,3,3,3,3,3,3,3,3,3,3,3,2,3,3,2,3,2,3,3,3,3,2,3,2,3,3,2,1,3,3,3,2,3,2,3,3,3,3,3,3, ,1,1, , , , , , ,3,3, , , , , ,3,3,3,3,2,2,2,3, , , , , , , , , , ,3,3,4,3,3,3,3,3,3,3,4, , ,3, ,34,2,0.993377503
2496,6,1,2,1, , ,2,2,1,25000, ,0, ,45000, ,1, ,1,3, ,3,3,3,2,2,2,4,4,3,4,3,2,2,4,4,4,4,4,3,3,3,2,3,3,3,3,3,4,4,4,2,3,3,3,3,3,2,2,1,10,30,0,3,2,2,2,4,3,2,2,2,2,1,2,1,2,4,2,2,2,2,2,2,2,2,4,3,3,2,2,1,1,3,2,1,1,4,2,1,1,1,1,2,2,2,2,1,1,1,1,1,2,2,2,1,1,3,1,3,3,3,4,3,3,4,4,3,3,3,3,3,3,3,3,2,3,3,3,2,3,3,3,2,3,3,3,2,2,2,2,1,3,3,3,2,2,3,2,2,3,3,3,3, ,1,1, , , , , , ,3,3, , , , , ,3,4,3,3,3,3,3,3, , , , , , , , , , ,3,3,3,3,3,3,3,3,3,3,4, ,2, , ,38,2,0.993377503
2557,6,1,2,1, , ,2,2,1,20000, ,0, ,35000, ,1, ,1,3, ,3,3,3,3,2,2,3,3,2,3,3,2,2,4,4,3,4,4,3,3,3,2,3,3,3,3,3,4,4,3,3,3,3,3,2,3,2,2,1,3,30,0,2,2,2,2,4,2,2,2,1,1,1,2,1,2,4,1,2,1,2,2,2,2,2,3,3,3,2,2,2,2,3,2,2,2,3,2,1,1,1,1,2,2,2,2,1,1,1,1,1,1,1,2,1,1,2,1,2,3,2,3,2,3,3,3,3,3,3,3,3,3,3,2,3,2,3,2,3,2,2,3,2,3,2,2,2,2,3,2,1,2,3,2,2,3,3,2,2,3,2,2,2, ,1, , , , , , , ,2, , , , , , ,2,3,2,2,2,2,2,2,1, ,2,3, , , , , , ,3,3,3,4,3,3,2,3,3,2,4, ,2, , ,36,2,0.993377503
2564,6,1,1,1, , ,2,1,1,25000, ,0, ,40000, ,1, ,1,2, ,2,3,3,2,2,2,4,4,3,4,4,3,2,4,4,4,4,4,4,4,4,2,4,3,3,3,3,4,4,4,3,3,3,2,2,3,3,2,1,10,30,0,2,3,2,2,4,3,2,2,2,2,1,2,1,3,4,1,2,1,2,2,2,2,2,4,3,2,2,2,1,1,3,2,2,2,4,3,1,1,1,1,2,2,2,2,1,1,1,1,1,1,1,2,1,1,3,1,3,3,3,3,3,3,4,4,3,3,3,3,3,3,3,3,3,2,3,3,3,2,3,3,3,3,3,3,2,3,3,3,1,3,3,2,2,2,3,3,2,2,3,3,3, ,1,1, , , , , , ,4,3, , , , , ,3,4,3,3,3,3,3,3, , , , , , , , , , ,4,3,3,3,3,3,3,3,3,3,4, ,2, , ,32,2,0.993377503
2570,6,1,2,1, , ,2,2,1,20000, ,0, ,40000, ,1, ,1,3, ,3,3,2,2,1,1,3,3,2,3,3,2,2,4,4,3,4,3,3,3,3,2,3,2,2,3,3,3,3,3,2,3,3,3,2,2,2,2,1,1,30,0,2,2,1,1,4,2,1,1,1,1,1,2,1,2,4,1,2,1,2,2,2,2,2,3,2,3,2,2,1,1,2,2,1,1,3,2,1,1,1,1,1,1,2,2,1,1,1,1,1,1,1,2,1,1,3,1,2,3,3,4,3,3,3,3,3,3,3,3,3,3,3,2,2,2,3,2,2,2,2,3,2,2,2,2,2,2,2,2,1,2,2,2,2,2,3,2,2,2,2,2,2, ,1, , , , , , , ,3, , , , , , ,3,3,3,3,2,2,3,2, , , , , , , , , , ,4,3,3,3,3,3,2,3,3,2,4, ,2, , ,49,2,0.993377503
2573,6,2,2,1, , ,2,2,1,0, ,0, ,40000, , , ,1, , ,2,2,4,3,1,1,2,2,2,3,2,2,2,4,4,3,4,3,2,3,3,2,3,1,2,3,3,3,3,3,2,3,3,2,2,2,2,2,1,0,30,0,1,1,1,1,3,2,2,1,1,1,1,1,1,2,4,1,2,1,1,1,1,1,1,3,2,2,2,2,1,1,2,2,1,1,3,2,1,1,1,1,2,1,1,2,1,1,1,1,1,1,2,2,1,1,2,1,2,3,2,3,2,3,4,4,3,3,3,3,3,3,3,2,2,2,3,2,2,2,3,3,2,3,2,2,2,3,2,2,1,2,2,2,2,2,2,2,2,2,3,2,2, ,1, , , , , , , ,2, , , , , , ,2,3,2,2,2,2,3,2,1, ,2,3, , , , , , ,4,3,3,3,3,3,2,3,3,2,4,1,2, , ,54,2,0.993377503
2575,6,1,2,1, , ,2,2,1,25000, ,0, ,35000, ,1, ,1,3, ,3,3,3,2,1,1,3,3,2,2,2,2,2,4,4,3,4,3,3,3,3,2,3,2,3,2,3,4,4,3,2,3,3,3,2,3,2,2,1,2,30,0,3,2,1,1,4,2,1,1,1,1,1,2,1,2,4,1,3,1,2,1,1,1,1,2,2,3,2,2,1,1,2,2,1,1,3,2,1,1,1,1,2,1,1,2,1,1,1,1,1,1,2,2,1,1,3,1,2,3,3,4,3,3,3,3,3,3,3,3,3,3,3,2,3,2,3,2,2,2,3,3,2,3,2,2,2,2,2,2,1,2,2,2,2,2,2,2,2,2,3,2,3, ,1, , , , , , , ,3, , , , , , ,3,3,2,3,2,2,3,3, , , , , , , , , , ,3,3,2,3,3,2,2,3,2,2,3, ,2, , ,52,2,0.993377503
2633,6,1,2,1, , ,1,1,1, ,1,0, ,40000, , , , ,2, ,2,3,3,2,1,1,3,3,3,3,3,3,2,4,4,4,4,4,3,4,3,2,3,3,3,3,3,3,4,3,2,3,3,3,2,2,2,2,1,5,30,10,3,3,2,2,4,3,3,2,2,2,1,3,2,4,4,1,3,1,3,2,2,2,2,4,2,2,2,2,2,2,3,2,2,2,4,3,1,1,1,1,2,2,2,2,1,1,1,1,1,2,2,2,3,1,3,1,3,3,2,2,2,3,4,4,3,3,3,3,3,3,4,3,3,2,3,3,3,2,3,3,2,3,3,3,2,3,3,3,1,3,3,2,2,3,2,2,3,3,3,3,2, ,1, , , , , ,1, ,3, , , , , ,3,3,4,4,3,3,3,4,4, , , , , , , , , , ,4,3,3,3,3,3,3,3,3,4,4, ,2,3, ,26,2,0.993377503
2635,6,2,2,1, , ,2,2,1,20000, ,0, ,42000, ,1, ,1,3, ,3,3,2,2,1,1,4,4,3,4,3,3,2,4,4,4,4,4,3,3,3,2,4,2,3,3,4,4,4,3,3,3,3,3,2,3,2,2,1,3,30,0,3,3,2,1,4,3,2,1,1,1,1,2,1,2,4,1,2,1,2,2,2,2,2,4,4,3,2,2,1,1,2,2,1,1,3,3,1,1,1,1,2,1,1,2,1,1,1,1,1,2,2,2,1,1,3,1,3,3,3,4,3,3,3,3,3,3,3,3,3,3,3,2,3,2,3,3,3,3,3,3,2,3,2,3,2,3,3,3,1,3,3,2,2,2,3,2,2,3,3,3,3, ,1, , , , , ,1, ,4, , , , , ,3,3,4,3,3,3,3,3,4, , , , , , , , , , ,4,3,3,3,3,3,4,3,3,3,4, ,2, , ,33,2,0.993377503
2639,6,1,2,1, , ,2,2,1,25000, ,0, ,35000, ,1, ,1,4, ,4,3,3,1,1,1,3,3,2,3,2,2,2,4,4,3,4,4,3,2,3,2,3,3,3,3,3,4,4,3,2,3,3,3,2,2,2,2,1,5,30,0,2,2,2,1,4,3,2,1,1,1,1,2,1,2,4,1,2,1,2,2,2,2,2,3,2,3,2,2,1,1,3,2,1,1,3,2,2,1,1,2,2,1,1,2,1,1,1,1,1,1,1,2,1,1,2,1,3,3,2,3,2,3,3,3,3,3,3,3,3,3,3,2,2,2,3,2,2,2,2,3,2,3,3,2,2,3,3,2,1,2,2,2,2,2,3,3,2,2,3,3,3, ,1, , , , , , , ,3, , , , , , ,2,3,3,2,2,2,2,2, , , , , , , , , , ,3,3,3,3,4,3,3,4,3,3,4, ,2, , ,35,2,0.993377503
2642,6,1,2,1, , ,1,1,1,25000, ,0, ,45000, , , , ,3, ,3,3,3,3,2,1,3,3,3,3,2,2,2,4,4,4,4,4,3,3,3,2,3,3,3,3,3,4,4,3,3,3,3,3,2,2,2,3,1,2,30,5,2,2,2,1,4,2,2,1,1,1,1,2,1,2,4,2,3,1,2,2,2,2,2,3,2,3,2,2,1,1,3,3,1,1,3,3,1,1,1,1,1,1,1,2,1,1,1,1,1,1,1,2,1,1,3,1,3,3,3,4,3,3,3,3,3,3,3,3,3,3,3,3,3,3,2,3,2,3,3,3,2,3,2,3,3,2,3,2,1,3,2,3,2,2,3,2,3,3,3,3,3, ,1, , , , , , , ,3, , , , , , ,3,3,3,3,3,3,3,3, , , , , , , , , , ,3,4,3,3,4,3,2,3,3,2,4, ,2, , ,31,2,0.993377503
2645,6,1,2,1, , ,2,1,1,25000, ,0, ,50000, ,1, ,1,3, ,3,3,2,2,1,1,2,3,3,3,3,3,3,4,4,4,4,4,3,3,4,3,3,3,3,4,4,4,4,4,3,3,3,3,2,3,3,2,1,5,30,0,3,3,3,2,4,3,3,2,2,2,1,2,1,2,4,1,2,1,2,2,2,1,1,3,3,3,2,2,2,2,3,2,2,2,3,3,2,1,1,2,2,1,1,2,1,1,1,1,2,1,1,2,1,1,3,1,3,3,3,4,3,4,4,4,3,3,3,3,3,3,3,2,3,3,3,2,2,3,3,3,2,3,3,3,2,2,3,2,1,2,3,2,2,3,2,2,2,2,3,3,3, ,1, , , , , , , ,3, , , , , , ,3,4,3,3,2,3,2,2, , , , , , , , , , ,4,3,4,3,4,3,3,3,3,3,4, ,2, , ,39,2,0.993377503
2650,6,1,2,1, , ,2,2,1,25000, ,0, ,40000, ,1, ,1,3, ,3,3,3,3,1,1,3,3,3,3,3,3,2,4,4,3,4,4,3,3,3,2,3,2,3,3,3,4,4,3,3,3,3,3,2,3,2,2,1,0,30,0,1,1,1,1,4,2,3,1,1,1,1,1,1,2,4,1,2,1,1,1,1,1,1,2,3,3,2,2,1,1,2,2,1,1,2,2,1,1,1,1,1,1,1,1,1,1,1,1,1,1,1,2,1,1,2,1,3,3,3,3,3,3,3,3,3,2,2,3,3,3,3,2,2,2,3,3,2,2,3,3,2,3,2,3,2,3,3,2,1,2,2,2,2,2,3,2,2,2,3,3,3, ,1, , , , , , , ,3, , , , , , ,3,3,3,3,3,3,3,3, , , , , , , , , , ,3,3,4,3,3,2,2,3,3,3,4, ,2, , ,47,2,0.993377503
2652,6,1,2,1, , ,2,2,1,15000, ,0, ,30000, ,1, ,1,2, ,2,4,3,2,1,1,3,4,3,4,3,2,2,4,4,4,4,4,3,3,4,2,3,3,3,3,3,4,4,3,3,3,3,3,3,3,2,2,1,3,30,0,2,2,2,2,4,2,3,2,1,1,2,2,2,3,4,2,2,2,3,2,2,2,2,2,2,3,2,2,1,1,3,2,2,2,3,3,1,1,1,1,1,1,1,2,1,1,1,1,1,1,2,2,1,1,3,1,3,3,2,4,2,3,4,4,3,3,3,3,3,3,3,2,3,2,3,2,2,2,3,3,2,3,2,2,2,3,3,2,1,3,2,2,2,2,3,2,2,2,3,3,3, ,1, , , , , , , ,3, , , , , , ,2,3,2,2,2,2,2,2, , , , , , , , , , ,3,3,4,3,3,3,2,3,3,2,4, ,2, , ,42,2,0.993377503
2657,6,2,2,1, , ,2,2,1,0, ,0, ,35000, , , ,1, , ,2,2,4,2,1,1,2,2,2,2,2,2,2,4,4,3,4,3,2,2,3,2,3,1,2,2,3,3,3,3,2,2,2,2,2,2,2,2,1,0,30,0,1,1,1,1,3,2,2,1,1,1,1,1,1,1,4,1,2,1,1,1,1,1,1,3,2,2,1,1,1,1,2,2,1,1,2,2,1,1,1,1,1,1,1,1,1,1,1,1,1,1,1,1,1,1,1,1,1,2,2,3,2,3,3,3,2,2,2,3,3,3,3,2,2,2,2,2,2,2,3,3,3,3,3,2,2,2,2,2,1,2,2,2,2,2,2,2,2,2,2,2,2, ,1, , , , , , , ,2, , , , , , ,2,3,2,2,2,2,2,2,1, ,2,3, , , , , , ,3,2,3,2,3,2,2,3,3,2,4,1, , , ,53,2,0.993377503
2661,6,2,2,1, , ,2,2,1,0, ,0, ,48000, , , ,1, , ,3,2,4,3,1,2,2,2,2,2,2,2,2,3,3,3,4,3,2,2,3,2,3,2,2,3,3,3,3,3,2,3,3,2,2,2,2,2,1,0,30,0,1,1,1,1,3,2,2,1,1,1,1,1,1,2,4,1,2,1,1,1,1,1,1,3,3,3,2,2,1,1,2,2,1,1,3,2,1,1,1,1,1,1,1,1,1,1,1,1,1,1,1,1,1,1,2,1,2,3,4,4,3,3,3,3,3,3,2,3,3,3,3,2,2,2,3,3,2,3,3,3,3,3,3,3,2,3,3,2,1,3,2,2,2,2,3,2,2,2,3,3,2, ,1, , , , , , , ,2, , , , , , ,2,3,2,2,2,2,2,2,1,1,2, , , , , , , ,3,2,3,2,3,2,3,3,3,3,3, ,2, , ,59,2,0.993377503
2665,6,1,2,1, , ,2,2,1,15000, ,0, ,30000, ,1, ,1,2, ,2,3,3,3,2,2,2,2,3,2,2,2,2,4,4,3,4,3,3,3,3,2,3,1,2,3,3,4,4,3,2,3,3,3,2,2,2,2,1,1,30,0,2,1,1,1,3,2,2,1,1,1,1,1,1,2,4,1,2,1,2,1,1,1,1,2,3,3,1,1,1,1,2,2,1,1,3,2,1,1,1,1,1,1,1,1,1,1,1,1,1,1,1,1,1,1,3,1,2,3,3,3,3,3,3,3,3,3,3,3,3,3,3,2,2,2,3,2,2,3,3,3,2,3,3,2,2,3,3,2,1,2,3,2,2,2,2,2,2,2,3,3,3, ,1, , , , , , , ,3, , , , , , ,3,3,3,2,2,2,2,2, , , , , , , , , , ,3,2,3,2,3,3,3,3,3,3,4, ,2, , ,54,2,0.993377503
2860,6,2,1,1, , ,2,1,1,30000, , ,1,55000, ,1,1,1,3,3,3,3,2,4,4,1,4,2,4,4,4,4,4,4,4,4,4,4,4,4,4,3,4,4,3,4,4,3,4,3,3,4,4,3,4,3,4,3,1,20,30,0,3,3,3,2,4,2,3,2,1,2,1,1,3,4,4,2,2,1,2,1,2,1,1,4,3,4,3,1,1,1,1,4,1,1,4,1,1,1,1,1,1,1,2,1,3,4,3,1,4,3,4,3,3,2,4,1,4,3,3,4,3,4,3,3,4,3,3,3,4,3,4,3,4,3,4,2,2,3,2,4,3,3,1,2,2,3,4,3,1,3,3,4,3,4,3,4,3,3,4,3,3,1,1, , ,1,1, ,1,4,4, , ,3,4, ,3,4,4,2,3,3,3,2,4, , , , , , , , , , ,4,3,4,3,3,4,3,3,3,3,4, , ,3,4,27,1,0.985680343
2865,6,2,1,1, , ,2,2,1,15000, ,15000, ,30000, ,1,1,1,2,2,2,2,4,2,4,1,2,2,2,3,2,2,3,3,4,3,3,3,3,4,3,1,1,1,1,4,3,3,3,3,3,2,2,1,2,1,2,2,1,5,30,0,2,1,3,1,4,2,2,1,1,1,1,1,1,2,4,2,3,1,1,2,2,1,1,3,4,3,2,1,1,1,1,2,1,1,4,1,1,1,1,1,1,1,2,1,1,1,1,1,2,1,2,1,1,1,1,1,2,3,3,4,3,4,4,3,4,3,3,3,3,2,3,2,2,2,3,2,2,2,2,3,2,3,1,2,1,3,3,2,1,1,1,2,2,1,1,2,1,1,1,2,2,1,1, ,1,1,1, ,1,2,2, ,1,2,3, ,2,1,4,3,2,3,4,2,2, , , , , , , , , , ,3,2,3,4,3,3,4,3,3,3,4, , ,3,4,46,2,0.985680343
2869,6,2,1,1, , ,2,1,1, ,1, ,1, ,1, , , ,3,3,3,3,3,2,4,1,4,3,4,3,4,3,4,3,4,3,4,4,4,4,4,3,4,3,3,4,3,4,3,4,3,3,4,3,1,3,2,3,1,15,30,0,2,2,2,1,4,3,3,1,1,2,1,1,3,3,4,2,2,2,1,1,2,1,1,4,4,3,3,1,1,1,1,2,1,1,4,2,1,1,1,1,2,2,3,1,2,4,2,1,4,4,4,2,3,2,4,1,4,4,4,3,4,4,3,3,4,3,4,4,4,4,4,4,4,4,4,3,2,3,3,4,3,3,1,3,2,3,4,3,1,3,3,4,3,2,3,4,4,3,3,4,3,1,1,1,1,1,1, ,1,3,4,2,2,3,4, ,3,4,4,3,2,4,4,3,4, , , , , , , , , , ,3,3,4,3,3,3,4,3,3,3,3, , ,3,4,35,1,0.983399111
2871,6,2,1,1, , ,2,1,1,20000, , ,1,40000, , , , ,3,3,3,3,4,3,4,1,3,4,2,4,3,2,3,3,3,4,4,4,3,3,3,2,4,1,1,4,3,3,3,3,3,3,2,2,2,2,3,3,1,5,30,0,1,1,2,2,2,2,3,1,1,2,1,3,1,4,4,2,2,1,1,1,1,1,1,4,4,2,3,1,1,2,1,4,1,1,4,2,1,1,1,1,1,1,1,1,1,1,1,1,2,3,2,1,2,1,3,1,3,3,4,3,3,4,3,4,4,3,3,3,3,3,3,2,3,2,3,2,3,2,3,4,2,3,2,3,2,3,3,2,1,2,2,3,2,2,3,2,2,2,3,2,3,1,1, ,1,1,1, ,1,1,1, ,1,3,3, ,2,3,4,2,3,3,4,3,3, , , , , , , , , , ,4,4,3,3,4,3,4,4,4,4,4, , ,3,4,45,2,0.983399111
2874,6,2,1,1, , ,1,1,1,20000, , ,1,50000, ,1,1,1,3,3,3,3,4,3,4,1,3,3,3,3,4,2,3,4,4,3,4,4,4,4,4,3,4,4,3,4,4,3,3,4,3,3,3,3,2,3,3,4,1,15,30,10,2,1,3,2,4,3,3,2,1,2,2,3,2,4,4,2,2,1,1,1,1,1,1,4,4,3,3,1,1,1,1,4,1,1,4,1,1,1,1,1,1,1,2,1,3,3,1,1,2,3,4,3,2,1,4,1,3,4,3,4,3,4,3,4,3,4,3,4,3,3,3,3,2,2,3,3,3,2,3,3,3,3,1,2,2,3,3,3,1,3,3,2,3,2,3,3,3,3,3,3,3,1,1, , ,1,1, ,1,2,4, , ,3,4, ,2,2,4,3,3,4,4,3,4, , , , , , , , , , ,3,4,3,4,3,4,3,4,3,4,4, , , ,4,43,2,1.020749108
2877,6,2,2,1, , ,1,1,1,30000, , ,1,50000, ,1,1,1,2,2,3,3,4,4,4,1,3,2,3,4,4,2,3,3,4,3,3,3,2,4,3,3,4,2,3,4,4,3,3,4,3,4,3,4,1,3,2,3,1,0,30,10,1,1,1,1,4,2,2,1,1,1,1,1,1,4,4,2,3,2,1,1,1,1,1,4,4,4,2,1,1,1,1,4,1,1,4,1,1,1,1,1,1,1,1,1,1,1,1,1,3,4,4,2,2,1,4,1,4,4,3,3,3,4,3,3,3,4,3,3,3,2,3,3,2,2,3,2,2,3,3,4,2,3,1,2,1,3,4,3,1,3,2,3,4,3,2,3,3,4,3,3,2,1,1, , , ,1, ,1,1,3, , , ,3, ,2,1,4,3,2,3,4,3,3, , , , , , , , , , ,3,4,3,4,3,4,3,4,3,3,3, , ,3,4,34,2,1.020749108
2880,6,1,2,1, , ,1,2,1,20000, , ,1,45000, , , , ,2,2,3,3,3,3,4,1,4,3,4,3,4,3,3,4,3,3,4,3,3,3,4,3,2,3,3,3,4,3,3,3,3,3,3,3,2,2,3,2,1,5,30,10,1,2,2,2,4,2,3,1,1,2,1,2,3,2,4,2,2,2,1,1,1,2,1,3,3,2,2,1,1,1,1,4,1,1,4,1,1,1,1,1,1,1,1,1,1,4,3,1,4,3,2,2,2,2,1,1,3,3,3,3,4,3,3,3,4,3,3,3,3,3,3,2,3,2,3,2,3,2,3,3,2,3,2,3,3,3,4,2,1,3,2,3,3,2,3,3,2,3,3,2,3,1,1, , ,1,1, ,1,1,3, , ,1,2, ,2,1,4,2,3,2,3,2,3, , , , , , , , , , ,3,3,4,3,3,4,3,3,4,4,3, , ,3,4,42,1,0.983399111
2883,6,2,2,1, , ,2,1,1,15000, ,15000, ,60000, , , , ,2,2,3,3,4,2,4,2,3,3,3,3,3,2,2,3,3,3,3,3,2,4,3,3,4,2,2,3,4,4,4,4,3,2,3,2,1,3,2,2,1,0,30,0,1,1,1,1,4,2,4,1,1,1,1,1,1,4,4,2,3,1,1,1,1,1,1,4,3,3,1,1,1,1,1,3,1,1,4,1,1,1,1,1,1,1,2,1,1,1,1,1,2,2,2,3,2,1,4,1,4,3,3,4,4,3,3,4,3,4,4,4,3,3,4,3,3,3,3,2,2,2,3,3,2,3,1,3,1,3,3,3,1,3,4,3,2,3,4,3,2,3,3,4,3,1,1, ,1,1,1, ,1,1,4, ,1,2,3, ,2,2,4,2,3,3,4,3,4, , , , , , , , , , ,3,3,4,3,4,4,4,3,4,3,4, , ,3,4,31,2,0.993377503
2884,6,2,2,1, , ,1,1,1,30000, , ,1,50000, ,1,1,1,3,3,3,3,4,3,4,2,3,4,3,4,3,4,4,3,4,3,4,3,3,4,3,3,4,3,4,3,3,4,3,4,3,4,3,4,3,3,3,3,1,0,30,20,1,1,1,1,3,2,3,2,1,1,1,1,1,4,4,1,2,2,1,1,1,1,1,4,4,4,3,1,1,1,1,2,1,1,4,1,1,1,1,1,1,1,1,1,1,1,1,1,2,3,2,2,2,1,4,1,4,3,4,3,4,4,4,3,4,3,3,4,3,4,3,3,2,2,3,2,2,3,3,4,3,3,1,2,2,3,4,3,1,2,2,3,3,2,3,2,3,2,3,2,3,1,1, , , ,1, ,1,3,1, , , ,4, ,2,2,3,3,2,3,4,2,3, , , , , , , , , , ,3,2,3,4,3,2,4,3,3,3,4, , ,3,4,40,2,0.993377503
2887,6,2,2,1, , ,2,2,1,23000, , ,1, ,1, , , ,3,3,3,2,3,3,2,2,2,2,2,3,2,2,2,3,2,3,3,2,3,3,2,2,2,2,2,2,3,3,2,2,1,2,2,2,1,2,2,2,2, , , , , , , , , , , , , , , , , , , , , , , , , , , , , , , , , , , , , , , , , , , , , , , , , , , , , , , , , , , , ,2,3,2,3,2,3,3,3,3,3,2,3,2,2,2,2,2,2,2,2,2,2,3,3,2,2,3,2,3,3,2,2,3,2,3,2,2,2,3,2,3,3,3,3, ,1, , , , , , , ,1, , , , , , ,2,3,2,1,2,2,2,2,1, ,2,3,4, , , , , ,3,2,3,2,2,3,3,2,3,3,3,1, , , ,47,2,0.993377503
2916,6,2,2,1, , ,1,1,1, ,1,0, ,40000, , , ,1,2, ,2,3,3,3,2,1,4,4,4,4,4,4,3,4,4,4,4,4,4,4,4,3,4,3,4,4,4,4,4,4,3,4,4,4,3,3,3,3,1,25,30,10,4,4,2,2,4,4,4,2,2,2,2,2,3,4,4,2,3,2,2,3,3,2,2,4,4,4,2,2,2,2,3,3,2,2,4,3,2,2,2,2,2,2,2,3,2,2,2,2,2,2,2,2,3,1,4,1,4,3,3,4,3,4,4,4,3,3,3,3,3,3,4,2,3,3,3,3,3,2,4,4,3,3,3,3,3,4,3,3,1,3,3,3,3,3,4,3,3,3,3,3,3, ,1,1, , , , ,1, ,4,3, , , , ,3,3,4,4,4,3,3,3,3, , , , , , , , , , ,4,3,3,3,3,3,3,3,3,3,4, , ,3, ,28,2,1.020749108
2921,6,1,1,1, , ,1,1,1, ,1,0, ,55000, , , ,1,2, ,2,3,3,3,1,1,4,4,4,4,4,3,3,4,4,4,4,4,4,4,4,3,4,3,4,4,4,4,4,4,3,4,4,4,4,4,3,3,1,20,30,10,4,4,3,3,4,4,3,3,2,2,2,3,2,3,4,2,3,2,3,3,3,2,2,4,4,4,2,2,2,2,4,2,2,2,4,3,2,1,1,3,2,2,2,2,2,2,2,2,2,2,2,2,3,1,4,1,4,3,3,4,3,4,4,4,3,3,3,3,3,3,4,3,3,3,4,2,3,2,4,3,3,4,3,3,3,3,3,3,1,3,3,2,3,3,3,2,3,3,3,3,3,1,1,1, , , , ,1,2,4,3, , , , ,3,3,3,3,3,3,3,3,3, , , , , , , , , , ,4,3,3,3,3,3,3,3,3,3,4, , ,3, ,29,2,1.020749108
2926,6,1,2,1, , ,1,1,1,20000, ,0, ,40000, ,1, ,1,2, ,2,4,3,3,1,1,4,4,4,4,4,3,3,4,4,4,4,4,4,4,4,2,3,3,3,4,4,4,4,4,3,3,3,3,3,2,2,2,1,10,30,3,3,3,2,2,4,3,2,2,2,2,2,2,2,3,4,2,2,2,3,2,2,2,2,4,4,4,2,2,2,2,3,2,2,2,3,3,2,2,2,2,2,2,2,2,2,2,2,2,2,2,3,3,3,1,3,1,3,3,3,4,3,3,3,3,3,3,3,3,3,3,3,3,2,2,3,3,3,3,4,4,3,3,2,3,2,3,3,3,1,3,3,2,2,3,3,2,3,3,3,3,3, ,1,1, , ,1, ,1, ,4,2, , ,2, ,3,3,3,3,3,3,3,3,3, , , , , , , , , , ,3,3,3,3,3,3,3,3,3,3,4, ,2,3, ,36,2,1.020749108
2930,6,1,2,1, , ,2,1,1,23000, ,0, ,44000, ,1, ,1,3, ,3,3,3,3,1,2,3,3,3,3,3,3,3,4,4,4,4,4,3,3,3,2,3,2,3,4,4,4,4,3,3,3,3,3,2,3,2,2,1,3,30,0,2,2,2,2,4,2,2,2,1,1,1,1,1,2,4,2,2,2,2,2,2,2,2,3,4,4,2,2,2,2,2,3,2,2,2,3,2,2,2,2,2,2,2,2,2,2,2,2,2,2,2,2,3,1,3,1,3,3,3,3,3,3,4,4,3,3,3,3,3,3,3,2,3,3,3,3,3,2,3,3,3,3,3,3,2,3,3,3,1,3,3,2,3,3,3,2,2,3,3,3,3, ,1, , , , , ,1, ,4, , , , , ,4,3,4,4,3,3,3,3,4, , , , , , , , , , ,4,3,3,3,3,3,3,4,3,3,4, ,2, , ,43,2,1.020749108
2939,6,2,1,1, , ,1,1,1,30000, , ,1,50000, , , , ,2,2,3,3,4,3,3,1,3,3,3,3,4,3,3,4,3,4,4,3,4,4,4,3,4,4,3,4,4,3,4,4,3,4,4,3,4,4,3,3,1,20,30,10,2,2,3,2,4,2,2,1,1,2,1,3,2,4,4,2,3,2,1,1,1,1,1,4,3,4,4,1,2,2,2,4,1,1,4,2,1,1,2,1,3,3,3,2,4,4,4,1,4,4,4,2,3,2,4,1,4,3,4,4,3,3,4,3,4,4,4,4,3,3,3,3,4,3,4,2,3,2,4,4,3,3,1,3,2,3,4,2,1,2,2,3,3,2,3,3,2,2,3,3,2,1,1, ,1,1,1,1,1,1,3, ,2,3,4,1,3,3,4,2,3,4,4,3,4, , , , , , , , , , ,4,3,4,3,4,4,4,3,3,3,4, , ,3,4,34,2,0.985680343
2943,6,2,2,1, , ,2,2,1,25000, , ,1,45000, , , , ,2,2,3,3,4,4,3,2,3,3,3,4,4,3,3,3,3,3,3,3,4,4,3,3,3,2,3,4,3,4,4,4,3,4,4,3,3,3,3,3,1,10,30,0,1,1,2,1,4,3,2,1,1,2,1,2,2,4,4,2,2,2,2,1,1,2,1,4,3,3,1,1,1,1,1,4,1,1,4,1,1,1,2,3,2,2,2,3,2,2,3,2,3,3,2,2,2,1,1,1,3,3,4,3,4,3,3,4,3,4,4,3,3,3,2,2,3,2,3,2,2,3,3,3,2,3,2,2,2,2,3,1,1,3,2,3,3,4,3,4,2,3,4,3,3,1,1,1,1,1,1, ,1,3,3,2,1,3,4, ,2,3,4,3,3,3,4,3,3, , , , , , , , , , ,3,3,4,3,3,4,3,3,3,4,2, , ,3,4,41,2,0.985680343
2948,6,2,1,1, , ,2,1,1,30000, , ,1,50000, ,1,1,1,3,3,3,2,4,3,3,1,2,2,2,4,3,2,2,3,3,2,4,3,2,3,3,1,4,1,2,4,3,3,3,3,2,2,2,1,1,2,2,2,1,5,30,0,2,1,2,1,4,3,4,2,1,2,1,2,1,3,4,2,2,1,1,2,1,1,1,4,3,4,3,1,1,1,1,4,1,1,4,1,1,1,1,1,2,2,2,1,1,1,1,1,2,2,3,3,2,1,1,1,3,3,4,3,3,3,2,4,3,3,4,3,2,2,2,2,1,1,1,2,2,2,2,3,2,2,1,2,1,2,3,2,1,1,1,2,2,1,2,1,1,2,1,2,2,1,1, , ,1,1, ,1,1,4, , ,2,3, ,2,1,4,3,2,2,3,3,2, , , , , , , , , , ,3,3,4,4,4,3,4,3,3,3,2, , ,3,4,50,2,1.020749108
2953,6,1,2,1, , ,2,1,1, ,1, ,1,40000, ,1,1,1,3,3,3,3,3,4,4,1,3,2,4,4,4,3,4,4,4,4,4,4,4,4,3,3,4,3,3,4,4,3,3,3,2,3,4,4,2,3,4,3,1,10,30,0,2,2,3,1,2,3,2,1,1,1,2,3,3,2,4,3,3,1,1,1,2,2,2,4,3,3,2,1,1,1,2,3,1,1,4,1,1,1,1,1,1,1,2,1,2,4,4,2,4,3,3,2,3,2,4,1,3,3,4,3,4,3,3,4,4,3,4,3,3,3,4,3,3,2,3,2,3,2,3,4,3,2,2,2,3,2,4,2,1,3,3,2,3,3,2,3,2,3,2,3,3,1,1, , , ,1, ,1,3,1, , , ,4, ,2,3,3,2,3,2,3,2,3, , , , , , , , , , ,2,4,3,4,3,4,3,4,3,3,4, , ,3,4,46,1,1.020749108
2959,6,2,1,1, , ,2,1,1, ,1, ,1,50000, ,1,1,1,2,2,2,3,2,4,4,1,3,4,4,4,3,3,4,3,3,4,4,3,3,4,3,3,4,3,4,3,3,3,3,3,4,4,3,4,2,3,3,2,1,10,30,0,2,1,2,1,4,2,4,1,2,1,1,2,1,4,4,3,3,1,2,1,2,2,1,4,3,4,2,1,2,2,2,4,2,1,4,1,1,1,1,1,2,1,2,1,4,3,3,1,4,4,4,2,2,2,3,2,3,3,3,3,4,3,3,3,4,3,3,3,3,3,3,3,3,2,3,2,3,2,3,4,2,2,1,2,2,3,3,3,1,3,2,3,3,2,3,3,2,3,3,4,3,1,1,1,1,1,1,1,1,2,4,1,2,3,4,1,3,2,4,2,3,3,3,1,3, , , , , , , , , , ,4,3,4,3,4,3,3,4,3,3,4, , ,3,4,41,1,1.020749108
2964,6,2,1,1, , ,1,1,1,30000, , ,1,60000, , , , ,2,2,3,3,4,4,4,1,4,3,4,4,4,3,2,4,3,4,3,4,4,3,4,3,4,3,4,3,4,4,3,4,3,4,3,4,2,3,3,3,1,20,30,5,1,1,3,1,4,3,3,1,1,2,1,1,1,4,4,2,2,2,1,1,2,1,1,4,2,3,3,1,1,1,1,4,1,1,4,1,1,1,1,1,1,2,2,2,2,3,3,2,4,3,4,3,3,2,4,1,3,3,3,3,4,3,3,3,4,3,3,3,3,4,4,3,3,3,4,3,3,2,3,4,3,2,1,2,3,3,4,3,1,3,3,4,3,4,3,3,4,3,3,3,3,1,1, ,1,1,1, ,1,3,4, ,2,4,3, ,3,2,4,2,3,3,4,4,4, , , , , , , , , , ,3,4,3,3,4,3,4,3,3,3,2, , ,3,4,38,1,1.020749108
2970,6,2,1,1, , ,2,2,1,20000, , ,1,35000, , , , ,2,2,2,2,4,4,3,2,2,3,2,3,3,2,3,3,4,3,4,3,4,3,3,1,1,2,1,4,3,3,4,3,3,2,3,2,2,3,2,2,1,5,30,0,1,1,2,1,4,3,4,1,1,1,1,1,1,3,4,1,2,1,1,1,1,2,1,2,4,3,2,1,1,1,1,4,1,1,4,1,1,1,1,1,1,2,2,2,1,1,1,1,3,2,2,2,2,1,1,1,3,3,3,4,3,3,4,4,4,4,4,3,2,2,2,2,2,2,2,2,2,3,3,4,2,3,2,3,2,3,4,3,1,3,2,2,1,2,3,2,1,2,3,2,2,1,1,1,1,1,1,1,1,1,4,2,1,1,3,1,2,3,4,3,2,3,3,3,3, , , , , , , , , , ,4,3,4,3,4,3,3,4,4,3,4, ,2,3, ,44,2,0.983399111
2975,6,1,2,1, , ,2,1,1,15000, ,15000, ,45000, ,1,1,1,2,2,3,3,3,4,4,2,4,3,2,3,3,3,2,4,3,3,3,4,3,4,3,2,4,2,1,4,4,4,4,3,3,2,2,3,2,2,3,3,1,7,30,0,1,1,2,2,4,3,4,1,1,2,1,1,1,4,4,2,2,1,1,1,1,1,1,4,4,2,3,1,1,1,1,4,1,1,4,1,1,1,1,1,1,1,1,1,1,4,1,1,4,3,4,2,2,1,3,1,4,3,4,3,4,3,3,3,4,3,3,4,3,3,4,3,3,2,3,2,3,2,3,3,2,3,2,3,2,3,3,2,1,3,2,1,2,3,2,2,1,2,3,2,3,1,1, ,1,1,1, ,1,1,4, ,1,3,4, ,2,1,4,3,1,3,4,3,3, , , , , , , , , , ,3,4,3,3,4,4,3,4,4,3,2, , ,3,4,36,2,0.993377503
2978,6,2,1,1, , ,2,2,1,30000, , ,1,50000, ,1,1,1,3,3,3,3,4,3,3,1,4,3,4,3,4,3,3,4,3,4,4,4,3,4,4,3,2,3,3,4,3,4,3,4,3,4,3,4,3,4,2,3,1,10,30,0,3,3,3,2,4,3,3,1,1,1,1,1,1,4,4,3,2,1,2,2,2,2,1,4,3,4,4,1,1,1,2,4,1,1,4,1,2,1,2,1,3,2,2,3,3,3,2,1,4,2,4,2,2,1,2,2,3,3,4,4,3,3,4,4,3,3,4,4,3,3,4,4,3,3,4,2,2,3,3,3,3,3,1,3,1,3,3,2,1,2,3,2,3,2,3,2,3,2,3,2,3,1,1,1, ,1,1, ,1,2,3,2, ,2,3, ,2,1,4,3,2,3,4,3,3, , , , , , , , , , ,3,4,3,3,3,4,3,3,3,3,4, , ,3,4,32,2,1.020749108
3023,6,1,2,1, , ,2,1,1, ,1,0, ,40000, ,1, ,1,2, ,2,3,2,2,2,2,4,3,3,3,4,3,3,4,4,4,4,4,3,3,4,3,4,3,3,4,4,4,4,4,3,3,3,3,3,2,3,3,1,15,30,0,4,3,2,2,4,3,2,2,2,2,1,2,1,3,4,1,2,1,3,3,2,2,2,4,4,4,2,2,2,2,3,3,2,2,4,2,2,2,2,2,2,2,2,2,1,1,1,2,1,1,2,2,3,1,3,1,3,3,2,2,3,3,3,3,3,3,3,3,3,3,3,3,3,3,3,3,3,2,2,3,3,3,3,3,2,3,3,3,1,3,3,2,3,3,3,2,3,3,3,3,3, ,1, , , , , ,1, ,4, , , , , ,3,3,4,3,3,3,3,3,4, , , , , , , , , , ,4,3,3,3,3,3,3,3,3,3,4, , ,3, ,27,2,1.020749108
3028,6,1,2,1, , ,2,1,1,25000, ,0, ,35000, ,1, ,1,3, ,3,3,2,2,1,1,3,3,3,3,3,3,2,4,4,4,4,4,3,4,4,2,4,3,3,4,4,4,4,3,2,3,3,3,3,2,3,2,1,5,30,0,2,2,2,2,4,2,2,2,1,1,1,1,1,2,4,1,3,1,2,2,2,2,2,4,4,4,2,2,2,2,3,2,2,2,4,3,1,1,1,1,2,2,2,2,1,1,1,1,1,1,2,2,3,1,3,1,3,3,3,4,2,3,3,3,3,3,3,3,3,3,3,3,2,3,3,3,2,3,3,3,2,3,2,3,2,2,3,2,1,2,3,2,3,2,3,2,2,2,3,3,3, ,1, , , , , ,1, ,3, , , , , ,3,3,4,3,3,2,2,2,3, , , , , , , , , , ,3,3,3,3,3,3,2,3,3,2,4, ,2, , ,34,2,1.020749108
3030,6,2,2,1, , ,1,2,1,25000, ,0, ,45000, ,1, ,1,3, ,3,4,3,2,1,2,3,2,3,3,3,3,2,4,4,4,4,4,3,4,3,3,3,3,3,4,4,4,4,4,3,3,3,3,2,2,2,3,1,0,30,10,1,1,1,1,4,3,2,2,1,1,1,1,1,2,4,1,3,1,1,1,1,1,1,4,3,4,2,2,1,1,3,2,1,1,4,3,1,1,1,1,2,2,2,2,1,1,1,1,2,2,2,2,2,1,3,1,3,3,3,3,3,3,3,3,3,3,3,3,3,3,3,2,3,3,3,3,3,3,3,3,3,3,3,2,1,2,2,2,1,3,3,2,2,3,3,2,2,3,3,3,3, ,1, , , , , ,1, ,4, , , , , ,3,2,4,3,2,2,2,3,4, , , , , , , , , , ,3,3,3,3,3,3,3,3,3,3,4, , ,3, ,33,2,1.020749108
3033,6,1,2,1, , ,2,2,1,20000, ,0, ,35000, ,1, ,1,2, ,2,3,3,3,2,2,3,3,2,3,3,2,2,4,4,3,4,4,3,3,3,2,3,2,2,3,3,3,4,3,2,3,3,2,2,2,2,2,1,2,30,0,2,2,2,2,4,2,2,2,1,1,1,1,1,2,4,1,3,1,2,1,1,1,1,3,2,2,2,1,1,1,2,2,1,1,3,2,1,1,1,1,2,1,1,1,1,1,1,1,1,1,2,2,1,1,3,1,3,3,3,2,2,3,3,3,3,3,3,3,3,3,3,2,3,2,3,2,2,2,2,3,2,3,2,2,2,2,3,2,1,2,2,2,2,2,3,2,2,2,3,3,3, ,1, , , , , , , ,3, , , , , , ,2,3,3,2,3,2,3,3, , , , , , , , , , ,3,3,3,3,3,3,2,3,3,2,4, ,2, , ,38,2,1.020749108
3037,6,2,2,1, , ,2,2,1,20000, ,0, ,33000, ,1, ,1,2, ,2,3,2,2,2,2,3,3,2,3,3,3,2,4,4,3,4,4,3,3,3,2,3,3,3,3,3,3,3,3,2,3,3,3,2,3,2,2,1,5,30,0,2,2,2,2,4,2,2,2,2,2,1,2,1,2,4,1,3,1,2,2,2,1,1,3,3,2,1,1,1,1,3,3,1,1,3,3,1,1,1,1,2,1,1,2,1,1,1,1,1,1,1,2,1,1,2,1,2,3,3,3,3,3,4,4,3,3,3,3,3,3,3,3,3,2,3,2,2,2,3,3,3,3,2,2,2,3,3,2,1,3,2,2,2,2,3,2,2,2,3,3,3, ,1, , , , , , , ,3, , , , , , ,3,4,2,2,2,2,2,2, , , , , , , , , , ,3,3,3,3,3,3,3,3,3,3,4, ,2, , ,35,2,1.020749108
3039,6,1,1,1, , ,1,1,1,25000, ,0, ,50000, ,1, ,1,2, ,2,4,3,2,1,1,4,4,4,4,4,4,4,4,4,4,4,4,4,4,4,3,4,3,4,4,4,4,4,4,3,4,4,3,3,3,3,3,1,25,30,5,4,4,3,2,4,4,3,2,2,2,2,2,3,2,4,2,2,2,3,3,2,2,1,4,4,4,3,1,1,1,3,2,1,1,2,3,2,2,2,2,2,2,2,2,2,2,2,2,2,2,2,2,3,1,4,1,4,3,4,4,3,3,4,4,3,3,3,3,3,3,3,3,3,2,3,3,3,2,3,3,3,3,2,3,3,3,3,3,1,3,3,3,3,2,3,3,2,3,3,3,3, ,1,1, , ,1, ,1, ,4,3, , ,3, ,3,3,4,4,3,3,4,3,4, , , , , , , , , , ,4,3,3,4,3,3,3,4,3,3,4, , ,3, ,41,2,1.020749108
3045,6,2,2,1, , ,1,2,1,15000, ,0, ,30000, , , , ,2, ,2,3,3,3,1,1,2,2,2,3,2,2,2,4,4,3,4,4,3,3,3,2,3,2,3,3,3,3,4,3,2,3,2,2,2,2,2,2,1,0,30,7,1,1,1,1,4,2,1,1,1,1,1,1,1,2,4,1,2,1,1,1,1,1,1,3,3,3,2,1,1,1,2,3,1,1,3,2,1,1,1,1,2,1,1,1,1,1,1,1,1,1,1,2,1,1,2,1,2,3,2,3,3,3,3,3,3,2,2,3,3,3,3,2,2,2,3,2,3,2,3,3,2,3,2,3,2,2,3,2,1,2,2,2,2,2,2,2,2,2,3,3,2, ,1, , , , , , , ,2, , , , , , ,2,3,2,2,2,2,2,2,1, ,2,3, , , , , , ,3,3,3,3,3,3,2,3,3,2,4, ,2, , ,50,2,1.020749108
3051,6,1,2,1, , ,2,2,1,20000, ,0, ,35000, ,1, ,1,3, ,3,3,2,2,2,2,3,3,2,3,2,2,2,4,4,3,4,4,3,3,3,2,3,2,3,3,3,4,4,3,2,3,3,3,2,3,2,2,1,3,30,0,2,2,1,1,4,2,1,1,1,1,1,1,1,2,4,1,2,1,2,2,2,1,1,3,3,3,1,1,1,1,2,2,1,1,3,2,1,1,1,1,2,1,1,2,1,1,1,1,1,1,1,2,1,1,2,1,3,3,3,4,3,3,3,3,3,3,3,3,3,3,3,2,2,2,3,2,3,3,3,3,3,3,3,3,2,3,3,2,1,2,3,2,2,2,3,2,2,2,3,3,3, ,1, , , , , , , ,3, , , , , , ,3,3,3,3,3,3,3,3, , , , , , , , , , ,3,3,3,4,3,3,3,3,3,3,4, ,2, , ,52,2,1.020749108
3134,6,1,2,1, , ,1,1,1, ,1,0, ,45000, , , ,1,2, ,2,3,3,3,1,1,2,3,3,3,3,3,3,4,4,3,4,4,3,3,3,2,3,3,3,3,3,4,4,3,2,3,3,3,3,3,2,2,1,10,30,5,2,3,3,2,4,3,3,2,2,2,2,3,2,4,4,1,3,2,3,2,2,1,1,4,2,2,1,1,1,1,3,2,1,1,4,2,1,1,1,1,2,2,2,2,1,1,1,1,1,1,1,1,4,1,3,1,3,2,2,2,2,3,3,3,3,3,3,3,3,3,3,3,3,2,3,3,3,2,3,3,3,3,3,3,3,3,3,3,1,3,3,2,2,3,3,2,2,2,3,3,3, ,1, , , , , ,1, ,3, , , , , ,4,3,4,4,3,3,3,3,4, , , , , , , , , , ,3,3,3,3,3,3,3,3,3,3,4, ,2, , ,27,2,1.020749108
3137,6,1,1,1, , ,2,1,1,20000, ,0, ,40000, ,1, ,1,2, ,2,4,3,2,1,1,4,4,4,4,4,4,4,4,4,4,4,4,4,4,4,3,4,3,4,4,4,4,4,4,3,4,4,4,3,3,3,3,1,25,30,0,4,4,2,2,4,4,3,2,2,2,2,2,2,2,4,2,2,2,3,2,2,2,1,4,4,4,2,1,2,2,3,3,2,2,4,3,2,2,2,2,2,2,2,2,2,2,2,2,2,2,2,2,3,1,4,1,4,3,4,4,3,3,4,4,3,3,3,3,3,3,3,2,3,3,3,3,3,2,3,3,3,3,3,3,3,3,3,3,1,3,3,3,3,3,3,3,3,3,3,3,3, ,1,1, , ,1, ,1, ,4,3, , ,2, ,3,3,4,4,3,4,4,3,4, , , , , , , , , , ,4,3,3,3,3,3,4,3,3,4,4, , ,3, ,32,2,1.020749108
3140,6,1,2,1, , ,1,1,1,20000, ,0, ,50000, ,1, ,1,2, ,2,3,3,2,1,1,4,4,3,4,3,3,3,4,4,4,4,4,4,4,4,3,4,3,3,4,4,4,4,4,3,4,3,3,3,3,3,3,1,5,30,5,3,3,1,1,4,3,3,1,2,2,2,2,2,3,4,2,2,2,2,2,3,2,1,4,4,4,2,1,2,2,3,3,2,2,4,3,2,2,2,2,2,2,2,2,2,2,2,2,2,2,2,2,3,1,4,1,3,3,4,4,3,3,3,3,3,3,3,3,3,3,3,2,3,2,3,2,3,2,3,3,3,3,2,3,2,3,3,2,1,3,3,2,2,3,3,2,3,3,3,3,3, ,1, , , , , ,1, ,4, , , , , ,3,3,4,3,3,3,3,3,3, , , , , , , , , , ,4,3,3,3,3,3,4,3,3,3,4, ,2, , ,42,2,1.020749108
3144,6,1,2,1, , ,2,1,1,20000, ,0, ,30000, , , , ,2, ,2,3,3,3,1,1,3,3,2,3,2,2,2,4,4,3,4,4,3,3,3,2,3,2,3,3,3,4,4,3,2,3,3,3,2,3,2,2,1,2,30,0,2,2,1,1,4,2,3,1,1,1,1,1,1,2,4,1,1,1,2,2,2,1,1,3,2,3,1,1,1,1,2,2,1,1,3,2,1,1,1,1,2,1,1,2,1,1,1,1,1,1,1,2,1,1,3,1,2,3,3,3,3,3,4,4,3,3,3,3,3,3,3,2,3,2,3,2,2,2,2,3,2,3,2,2,2,2,3,2,1,3,3,2,2,2,3,2,3,2,3,3,3, ,1, , , , , , , ,3, , , , , , ,3,3,3,3,3,3,3,3, , , , , , , , , , ,3,3,3,3,3,3,3,3,3,3,4, ,2, , ,48,2,1.020749108
3146,6,1,2,1, , ,2,2,1,20000, ,0, ,33000, , , , ,3, ,3,3,3,3,1,1,3,3,3,3,3,2,2,4,4,3,4,4,3,3,3,2,4,2,3,3,3,4,4,3,3,3,3,3,2,3,3,2,1,3,30,0,2,2,1,1,4,2,3,1,1,1,1,1,1,2,4,1,2,1,2,1,1,1,1,3,3,3,1,1,1,1,2,2,1,1,3,2,1,1,1,1,2,2,2,2,1,1,1,1,2,2,2,2,1,1,3,1,3,3,3,4,3,3,4,4,3,3,3,3,3,3,3,2,2,2,3,2,3,2,3,3,3,3,3,3,2,3,3,2,1,2,3,2,2,2,3,2,2,2,3,3,2, ,1, , , , , , , ,3, , , , , , ,2,3,2,2,2,2,2,2, , , , , , , , , , ,3,3,3,3,3,3,2,3,3,2,4, ,2, , ,44,2,1.020749108
3148,6,1,2,1, , ,2,1,1,22000, ,0, ,40000, ,1, ,1,3, ,3,3,2,2,2,2,3,3,2,3,3,2,2,4,4,3,4,4,3,3,3,2,3,2,3,3,3,3,4,3,2,3,3,3,2,3,2,2,1,3,30,0,2,2,2,2,4,2,3,1,1,1,1,1,1,2,4,1,2,1,2,2,2,1,1,4,3,3,1,1,1,1,2,2,1,1,2,2,1,1,1,1,2,1,1,2,1,1,1,1,2,2,2,2,3,1,3,1,3,3,4,4,3,3,4,4,3,3,3,3,3,3,3,2,2,3,2,2,3,3,3,3,3,3,3,3,2,3,3,3,1,3,3,2,2,2,3,3,2,3,3,3,3, ,1, , , , , ,1, ,3, , , , , ,3,2,3,2,2,3,2,2,3, , , , , , , , , , ,4,3,3,3,3,3,3,3,3,3,3, ,2, , ,38,2,1.020749108
3194,6,2,1,1, , ,2,1,1, ,1, ,1, ,1, , , ,3,3,3,3,4,3,4,2,3,3,3,4,4,3,3,4,3,4,4,4,4,3,3,3,3,2,3,3,3,3,3,3,3,3,3,3,3,4,3,2,1,15,30,0,2,2,3,2,4,2,2,1,1,2,1,2,2,4,4,2,3,2,1,1,2,2,1,4,4,2,1,1,2,2,1,4,2,1,4,1,1,1,1,1,1,1,2,1,2,3,1,1,3,2,3,3,2,1,3,1,4,3,4,3,3,4,3,3,3,4,3,3,3,4,4,3,3,2,3,2,3,2,2,4,3,3,1,3,1,3,3,3,1,3,4,3,4,3,3,3,3,2,3,2,2,1,1, ,1,1,1, ,1,1,3, ,2,2,3, ,3,1,3,2,3,3,4,2,4, , , , , , , , , , ,4,3,4,3,4,3,4,3,4,3,4, ,2,3,4,33,2,0.985680343
3202,6,2,2,1, , ,1,2,1,30000, , ,1,40000, ,1,1,1,2,2,2,3,4,2,3,1,3,3,3,4,3,3,3,3,3,4,3,4,3,4,3,1,2,1,1,3,3,4,3,4,3,2,3,2,2,3,3,2,1,0,30,0,1,1,1,1,4,2,4,1,1,1,1,1,1,4,4,3,2,1,1,1,1,1,1,4,4,3,2,1,1,1,1,4,1,1,4,2,1,1,1,1,1,1,1,1,1,1,1,1,1,1,2,2,2,1,1,1,4,3,3,4,3,3,3,3,3,4,3,3,3,3,2,2,2,1,2,2,2,2,2,3,2,2,2,2,1,2,3,2,1,1,2,2,1,2,2,1,2,2,1,2,3,1,1,1,1,1,1, ,1,2,2,1,2,3,3, ,2,3,3,1,2,3,3,2,2, , , , , , , , , , ,3,4,3,4,4,3,4,3,4,3,3, , ,3,4,44,2,1.020749108
3206,6,2,1,1, , ,2,2,1,20000, , ,1,35000, , , , ,2,2,2,3,4,2,3,2,3,4,4,4,4,3,3,3,4,4,3,4,3,4,3,3,2,3,3,4,4,4,4,3,4,3,3,3,2,4,3,3,1,10,30,0,2,2,3,2,4,2,3,2,1,1,2,3,2,2,4,2,3,3,1,1,1,1,1,4,4,3,2,1,2,3,2,4,2,1,4,2,1,1,1,1,1,1,2,1,3,3,2,1,2,2,3,2,2,1,1,1,3,4,3,4,3,3,3,4,3,3,3,4,4,3,3,3,3,3,3,2,2,2,3,3,3,3,1,3,2,3,3,3,1,2,2,1,3,2,3,3,2,3,3,2,2,1,1, ,1,1,1, ,1,1,2, ,2,3,3, ,3,1,3,3,3,3,4,2,3, , , , , , , , , , ,3,3,4,3,4,3,3,4,3,3,4, , ,3, ,34,2,0.983399111
3217,6,1,2,1, , ,2,2,1,20000, , ,1,40000, , , , ,2,2,3,2,4,3,3,1,2,3,2,3,3,2,3,3,3,4,3,3,3,3,3,1,2,2,1,4,4,3,3,3,3,2,1,2,1,3,3,3,1,5,30,0,1,1,3,1,4,2,2,1,1,1,1,1,1,4,4,2,3,2,1,1,1,1,1,4,4,2,1,1,1,1,1,4,1,1,4,1,1,1,1,1,1,1,1,1,2,2,1,1,2,3,3,3,2,1,1,1,3,4,3,4,3,3,4,3,4,3,3,3,3,2,2,1,2,2,2,2,2,3,3,4,2,2,1,3,2,3,4,3,1,1,2,2,1,2,3,2,1,2,3,3,2,1,1, , ,1,1, ,1,3,1, , ,2,3, ,2,3,4,2,1,3,3,3,2, , , , , , , , , , ,4,3,3,4,3,4,3,3,4,3,4, ,2,3, ,42,2,0.993377503
3222,6,2,1,1, , ,2,1,1,15000, ,15000, ,50000, ,1,1, ,3,3,3,4,4,4,3,1,4,3,4,4,4,4,3,4,4,4,4,4,3,3,3,2,4,3,3,4,4,4,3,4,3,4,3,4,2,3,4,3,1,10,30,0,2,1,3,1,4,2,2,1,1,2,1,1,3,2,4,3,3,2,2,1,2,2,1,4,4,2,1,1,1,1,1,4,2,1,4,1,1,1,1,1,2,2,2,2,3,3,2,1,2,2,4,3,2,2,4,1,4,3,3,4,3,3,4,3,3,3,4,4,3,4,3,4,3,4,3,2,3,3,4,4,3,4,1,3,3,4,4,3,1,3,3,3,4,4,4,3,3,4,3,3,3,1,1,1,1,1,1, ,1,3,4,3,2,2,3, ,3,3,4,3,2,3,3,3,4, , , , , , , , , , ,4,4,3,3,4,3,4,3,4,4,4, , ,3,4,35,1,1.020749108
3231,6,2,1,1, , ,2,2,1,15000, ,15000, ,45000, ,1,1,1,3,3,3,3,4,4,4,1,2,3,2,3,3,2,3,3,3,4,4,4,3,4,3,1,2,1,2,3,4,3,3,3,4,2,3,3,2,3,4,3,1,5,30,0,1,1,2,1,4,2,2,1,1,2,1,2,2,3,4,1,2,1,1,1,3,1,1,4,3,2,1,1,1,1,1,4,2,1,4,1,1,1,1,1,1,3,2,1,3,2,1,1,3,2,3,2,2,1,1,1,3,3,3,4,3,4,3,3,3,4,3,3,3,2,2,2,1,2,2,2,1,2,3,3,2,3,1,2,2,2,3,2,1,2,1,2,2,1,2,2,1,2,3,2,3, ,1, , , ,1, ,1, ,2, , , ,2, ,2,3,3,3,2,2,3,2,2,1, ,2,3, , ,6, , , ,3,4,3,3,4,3,2,4,3,3,4, ,2,3, ,46,2,0.985680343
3237,6,2,1,1, , ,2,1,1,25000, , ,1,40000, , , , ,2,2,3,3,3,2,4,1,3,4,4,3,3,3,3,4,3,3,3,4,3,4,3,3,4,3,3,4,3,4,3,4,3,4,4,3,3,4,3,3,1,20,30,0,2,2,3,1,4,3,2,1,1,2,2,2,2,4,4,2,2,1,2,1,1,1,1,4,4,4,1,1,1,2,2,4,1,1,4,1,1,1,1,1,1,1,1,1,2,2,2,1,2,2,2,3,2,1,4,1,4,4,3,3,3,2,2,4,3,3,3,3,3,3,3,2,3,2,3,3,3,3,3,3,2,2,1,2,1,3,3,2,1,3,2,3,3,2,3,2,3,2,2,2,2,1,1, ,1,1,1, ,1,1,4, ,1,3,1, ,3,1,4,2,2,3,3,2,3, , , , , , , , , , ,3,3,4,3,4,3,3,3,4,3,4, , ,3,4,43,2,0.983399111
3240,6,2,2,1, , ,2,2,1,10000, ,10000, ,35000, , , , ,2,2,2,2,4,2,4,1,2,2,2,3,3,2,3,3,3,3,4,4,3,4,3,2,2,1,2,3,3,3,3,3,2,2,2,2,1,3,3,3,1,7,30,0,1,1,3,1,3,2,2,1,1,1,1,2,1,2,4,2,3,2,1,1,1,1,1,4,3,3,1,1,1,2,1,4,2,1,4,1,1,1,1,1,1,1,1,1,2,2,1,1,1,1,2,2,2,1,1,1,3,3,3,2,3,2,2,3,3,4,3,3,2,2,2,2,1,1,2,2,2,2,2,3,2,2,1,1,2,2,3,2,1,1,1,1,1,1,2,1,1,2,1,1,1,1,1, , , ,1, ,1,3,1, , , ,2, ,2,3,3,3,2,2,3,2,2, , , , , , , , , , ,3,4,2,4,4,3,2,3,4,2,4, ,2,3, ,44,2,0.993377503
3241,6,2,1,1, , ,1,1,1,30000, , ,1,55000, ,1,1,1,2,2,3,3,3,3,4,2,2,4,4,4,4,3,3,4,4,4,4,4,4,4,3,2,4,2,3,3,4,3,3,3,2,3,3,3,2,4,3,3,1,15,30,0,1,1,3,1,4,2,3,1,1,1,1,2,3,2,4,2,3,2,2,1,1,2,1,4,4,3,1,1,1,1,1,4,1,1,4,1,1,1,1,1,1,2,2,1,2,2,2,1,2,1,2,2,2,2,4,1,4,3,4,3,4,3,4,3,4,3,4,4,3,4,3,2,3,3,3,3,2,3,3,3,2,3,1,2,2,3,3,2,1,2,3,2,2,3,3,2,2,3,2,3,3,1,1, , ,1,1, ,1,2,2, , ,3,3, ,2,3,3,1,2,3,3,3,3, , , , , , , , , , ,3,3,4,3,3,4,3,3,3,4,3, , ,3,4,44,1,0.983399111
3244,6,2,1,1, , ,2,1,1,30000, , ,1,50000, , , , ,2,2,3,3,4,3,4,2,3,3,3,3,3,2,3,4,4,4,4,4,3,4,3,3,4,3,4,3,4,4,3,3,4,3,3,3,1,4,3,2,1,15,30,0,2,2,2,2,4,2,3,1,1,2,1,2,2,4,4,2,3,2,1,1,1,1,1,4,4,4,2,1,3,4,1,4,2,1,4,1,1,1,1,1,1,1,2,1,3,3,2,2,3,3,2,3,2,2,4,1,4,3,4,3,3,4,4,3,3,3,3,3,4,3,3,3,3,3,3,3,3,2,3,3,3,3,1,3,2,3,4,2,1,3,3,3,2,3,2,3,3,3,3,3,2,1,1,1,1,1,1, ,1,2,3,1,2,3,3, ,3,2,4,3,3,3,4,3,4, , , , , , , , , , ,4,4,4,3,4,3,4,4,3,3,4, , ,3,4,33,2,1.020749108
3245,6,2,2,1, , ,2,2,1, ,1, ,1,45000, , , , ,2,1,2,3,3,4,2,1,1,2,1,2,1,2,1,4,3,2,4,3,2,3,4,3,2,4,4,4,4,4,4,3,2,2,2,2,2,2,2,2,1,0,30,0,1,1,1,1,4,2,4,2,1,1,1,1,1,2,4,2,3,1,1,1,1,1,1,4,3,3,1,1,1,1,4,4,1,1,4,2,1,1,1,1,1,1,1,1,1,1,1,1,1,1,1,3,1,1,1,1,4,2,3,4,3,2,3,4,3,3,3,4,3,4,3,4,4,3,3,3,4,3,4,3,3,3,3,2,3,3,3,3,2,2,3,4,3,3,3,4,3,2,3,4,3,1,1,1,1,1,1,1, ,1,1,3,1,1,1,1, ,4,3,3,3,4,3,3,2, , , , , , , , , , ,4,3,3,4,3,3,4,3,3,3,4, ,2,3, ,29,2,0.983399111
3252,6,2,1,1, , ,2,1,1,15000, ,15000, ,45000, , , , ,2,2,3,3,3,2,4,1,3,4,3,4,3,3,2,4,3,4,3,4,3,3,4,3,3,2,3,3,4,4,3,4,3,4,4,3,4,4,3,4,1,15,30,0,1,2,2,1,4,3,3,1,1,2,1,1,1,3,4,3,3,1,2,2,1,1,1,4,4,2,3,1,1,1,1,4,2,1,4,1,1,1,1,1,1,1,2,1,3,2,2,3,3,2,2,3,2,1,4,1,4,3,3,4,3,4,3,3,4,3,3,3,3,3,3,3,2,3,3,2,3,2,3,3,2,3,2,3,2,3,3,2,1,3,2,3,2,2,2,3,2,2,3,2,2,1,1, , , ,1, ,1,1,1, , , ,3, ,2,1,3,3,2,3,4,2,3, , , , , , , , , , ,4,3,4,4,3,4,3,4,4,3,4, , ,3,4,42,2,0.985680343
3253,6,2,1,1, , ,2,2,1, ,1, ,1,35000, , , , ,2,2,2,3,4,3,4,1,4,3,4,4,3,3,4,4,3,4,4,4,4,4,3,3,2,3,3,3,4,4,4,3,3,3,3,3,2,3,4,3,1,20,30,0,2,3,3,1,4,2,2,1,1,2,2,2,2,2,4,2,3,3,2,2,1,1,1,4,4,4,3,1,2,3,1,4,2,1,4,1,1,1,1,1,1,1,2,2,2,1,1,1,2,2,3,2,3,2,1,1,4,3,3,4,4,3,3,3,4,4,4,4,3,4,3,3,3,4,4,2,3,2,3,4,3,3,1,2,2,3,3,1,1,2,3,2,3,3,4,3,3,2,3,3,3,1,1, ,1,1,1, ,1,1,3, ,2,2,3, ,3,1,3,3,2,2,3,3,4, , , , , , , , , , ,4,4,3,4,3,4,3,4,4,4,4, , ,3,4,35,1,0.983399111
3257,6,2,2,1, , ,2,2,1, ,1, ,1,40000, , , , ,2,2,2,4,2,3,2,2,2,2,2,2,3,2,2,4,3,4,3,4,3,4,4,3,4,4,3,4,4,4,4,4,3,3,2,3,2,2,2,2,1,0,30,0,1,1,1,1,3,3,4,2,1,1,1,1,1,4,4,2,3,1,1,1,1,1,1,3,2,3,1,1,1,1,4,2,1,1,4,3,1,1,1,1,1,1,1,1,1,1,1,1,1,1,1,1,1,1,1,1,3,3,4,3,3,4,3,3,3,4,3,3,4,3,3,4,3,3,3,3,4,3,4,4,3,3,3,3,3,4,4,3,2,2,1,3,3,2,3,2,3,3,2,3,3,1,1,1, , , , , ,1,1,1, , , , , ,1,3,2,1,1,3,1,1,1, , ,3, ,5, , , , ,2,3,3,2,3,3,4,2,3,3,2,1,2, , ,27,2,0.985680343
3258,6,2,2,1, , ,1,1,1,15000, ,10000, ,50000, , , , ,2,2,3,3,3,3,4,1,3,4,3,4,4,3,4,4,4,3,4,4,4,3,4,3,4,2,3,3,4,3,3,4,3,4,3,3,2,3,3,3,1,15,30,8,3,3,3,1,4,2,2,1,1,2,1,1,3,4,4,3,3,2,2,1,1,1,2,4,4,2,2,1,1,2,1,4,1,1,4,1,1,1,2,1,1,1,2,1,2,2,1,1,2,2,4,3,3,3,4,1,4,3,4,4,3,4,4,3,4,4,3,3,3,3,3,2,2,2,3,2,3,2,3,4,3,3,1,2,3,3,3,3,1,3,2,3,2,3,3,3,3,3,3,3,3,1,1, , ,1,1, ,1,2,4, , ,3,4, ,3,3,4,3,2,3,4,3,4, , , , , , , , , , ,4,3,4,3,4,4,3,4,3,4,4, , ,3,4,47,2,1.020749108
3261,6,2,1,1, , ,1,1,1,40000, ,0, ,60000, ,1, , ,2, ,2,4,3,2,2,2,3,3,2,2,3,2,2,4,3,4,3,3,4,3,4,3,4,4,2,4,3,4,4,3,2,1,2,2,2,1,2,2,1,20,30,0,3,3,2,3,4,2,3,2,1,1,1,1,1,2,4,1,3,1,1,1,1,1,1,4,3,3,1,1,1,3,4,2,1,1,4,3,1,1,1,1,2,1,2,1,3,2,1,1,3,1,1,2,1,1,3,1,4,3,4,4,3,4,3,2,3,3,4,4,3,4,3,3,3,4,4,3,4,3,3,4,4,3,3,3,3,4,4,3,1,3,2,3,3,3,2,2,3,2,2,3,3,1,1,1,1,1,1,1, ,3,2,2,1,1,3,1, ,4,3,3,1,1,4,1,1, , , , , , , , , , ,4,3,3,4,4,4,3,3,4,3,4, ,2,3, ,35,1,0.983399111
3263,6,2,2,1, , ,2,1,1,20000, ,0, ,55000, , , , ,2, ,3,3,4,3,4,1,3,3,3,4,4,3,3,3,3,4,3,3,3,3,3,1,4,2,2,4,4,4,4,4,3,4,4,2,2,3,4,3,1,10,30,0,1,1,3,1,4,2,2,1,1,2,1,2,1,4,4,2,3,1,1,1,1,1,1,4,4,4,2,1,1,1,1,4,2,1,4,1,1,1,1,1,1,1,1,1,3,3,1,1,2,1,2,3,2,1,4,1,3,3,3,3,3,2,3,3,3,4,3,3,3,3,4,3,2,2,3,2,2,3,3,4,2,3,1,3,2,3,3,3,1,2,1,2,2,3,2,1,2,2,3,2,3,1,1,1,1,1,1, ,1,1,3,1,2,3,3, ,2,1,3,2,2,3,3,3,3, , , , , , , , , , ,3,3,3,4,4,3,3,3,4,3,4, , ,3,4,28,2,1.020749108
3270,6,2,2,1, , ,1,1,1,25000, , ,1,40000, ,1,1, ,3,3,3,3,4,3,3,1,3,3,2,2,3,2,3,3,3,4,4,4,4,4,3,3,4,2,2,4,4,4,4,3,3,3,2,3,1,3,3,4,1,0,30,0,1,1,3,3,4,2,2,1,1,1,1,1,1,4,4,2,2,1,1,1,1,1,1,4,4,2,3,1,1,1,1,4,1,1,4,1,1,1,1,1,1,1,1,1,1,1,1,1,3,1,2,2,2,1,4,1,4,4,3,4,4,3,4,4,3,4,3,3,4,3,4,2,3,2,3,3,2,2,2,3,2,3,1,2,2,3,3,2,1,2,2,1,2,2,1,2,2,1,2,3,2,1,1, ,1,1,1, ,1,3,1, ,1,2,2, ,3,3,4,3,2,3,3,3,3, , , , , , , , , , ,4,3,3,3,4,3,3,4,3,3,4, , ,3,4,33,2,0.983399111
3276,6,2,2,1, , ,2,1,1,10000, ,10000, ,40000, , , , ,2,2,3,3,4,3,3,2,3,4,3,4,3,4,2,4,3,4,3,3,3,4,4,2,3,3,2,3,3,4,4,4,4,3,3,2,2,3,3,4,1,0,30,0,1,1,1,1,4,3,3,1,1,1,1,1,1,4,4,3,3,1,1,1,1,1,1,4,4,3,3,1,1,1,1,4,1,1,4,1,1,1,1,1,1,1,1,1,1,1,1,1,3,2,2,2,2,1,4,1,3,3,4,3,4,3,4,3,4,3,3,3,3,2,3,2,2,2,3,2,2,3,2,3,2,3,1,3,2,2,3,2,1,2,2,1,2,2,1,2,1,2,2,2,1,1,1, , ,1,1, ,1,1,1, , ,3,2, ,2,1,3,3,3,2,3,2,3, , , , , , , , , , ,3,4,2,3,4,3,2,3,4,3,4, , ,3,4,31,2,0.993377503
3277,6,2,2,1, , ,2,2,1, ,1, ,1,60000, , , , ,2,2,2,3,1,2,3,2,2,1,2,1,2,2,2,4,4,3,4,4,4,4,4,3,4,2,4,4,4,4,4,3,2,2,1,2,2,1,2,2,1,0,30,0,1,1,1,1,4,3,3,2,1,1,1,1,1,3,4,2,1,1,1,1,1,1,1,4,3,3,1,1,1,1,2,4,1,1,4,4,1,1,1,1,1,2,1,2,1,1,1,1,2,2,1,2,1,1,1,1,3,2,3,3,4,3,2,3,4,3,3,4,3,4,3,3,3,4,3,2,3,4,3,3,4,4,3,4,3,4,4,3,1,2,2,3,2,2,2,2,2,3,2,2,2,1,1,1,1,1,1,1, ,1,2,2,1,1,1,1, ,1,3,3,1,1,3,3,1,1, , ,3,4, , , , , ,3,3,4,3,2,4,3,2,3,3,4, ,2, ,4,19,1,0.983399111
3280,6,2,1,1, , ,2,1,1,30000, , ,1,55000, ,1,1,1,2,2,2,3,3,2,4,1,3,2,4,4,4,3,3,4,4,4,4,4,4,4,4,3,4,4,3,4,4,3,4,4,3,4,3,4,3,4,3,3,1,20,30,0,2,3,3,1,4,2,2,1,1,2,1,1,3,4,4,2,2,2,1,1,2,1,1,4,4,3,1,1,1,3,1,4,2,1,4,2,1,1,1,1,1,1,2,1,4,3,1,1,2,2,3,2,3,2,4,1,3,3,3,4,3,4,4,3,3,4,3,3,2,3,3,3,2,3,3,3,3,3,3,3,3,3,1,3,2,3,4,3,1,3,3,2,3,3,3,2,3,3,2,3,2,1,1, ,1,1,1, ,1,1,4, ,2,3,3, ,3,1,4,2,3,3,4,3,4, , , , , , , , , , ,4,3,4,3,3,3,3,3,4,3,4, , ,3,4,34,2,1.020749108
3283,6,2,2,1, , ,1,2,1,40000, ,2000, ,60000, , , , ,2,1,3,4,3,3,4,2,1,1,2,2,1,2,1,4,3,3,4,4,3,4,4,4,3,4,4,4,4,3,3,3,2,1,2,2,2,2,2,2,1,0,30,10,1,1,1,1,4,3,3,2,1,1,1,1,1,3,4,1,3,1,1,1,1,1,1,4,3,2,1,3,1,1,4,4,1,1,4,3,1,1,1,1,1,1,1,2,1,1,1,1,1,1,1,2,1,1,2,1,3,3,4,3,3,4,3,4,4,3,3,4,4,4,3,3,4,4,3,3,4,3,4,4,3,3,3,3,3,4,3,4,2,2,2,3,2,3,3,2,2,3,2,2,2,1,1,1,1, ,1,1, ,3,2,2,1, ,1,1, ,3,3,4,1,2,4,3,1, , , , , , , , , , ,3,3,4,4,3,3,3,3,2,2,4, ,2,3, ,37,2,0.985680343
3285,6,2,1,1, , ,2,2,1,15000, ,15000, ,40000, ,1,1, ,3,3,3,2,4,3,4,1,2,2,2,3,2,2,3,3,3,2,3,3,2,3,3,1,1,1,1,3,3,3,4,3,3,2,2,2,1,3,3,2,1,5,30,0,1,1,2,1,4,2,3,1,1,1,1,2,1,2,4,2,3,1,1,1,1,2,1,4,4,4,2,1,1,1,1,4,2,1,4,1,1,1,1,1,1,1,1,1,2,1,1,2,3,1,3,3,2,1,1,1,3,3,3,4,3,2,3,4,2,3,3,3,2,2,2,2,2,2,2,2,2,2,3,3,2,2,1,2,3,2,3,2,1,2,1,2,1,1,1,2,1,1,1,1,1,1,1,1,1,1,1, ,1,1,1,1,1,3,3, ,2,1,3,2,2,3,3,3,2, , , , , , , , , , ,3,4,4,4,4,3,4,4,4,4,4, ,2,3,4,51,2,0.983399111
3289,6,2,2,1, , ,1,1,1,25000, ,0, ,45000, , , , ,2, ,3,3,3,3,4,1,3,4,4,4,4,3,3,3,3,4,4,4,4,3,3,3,3,2,3,3,3,4,4,3,3,3,3,3,2,4,3,3,1,0,30,0,1,1,1,1,4,2,3,3,1,1,1,1,1,4,4,2,2,3,1,1,1,1,1,4,4,4,3,1,1,1,1,4,1,1,4,1,1,1,1,1,1,1,3,2,1,1,1,1,4,2,4,3,3,1,4,1,4,3,4,3,3,4,3,4,4,3,4,3,3,3,4,3,3,3,4,3,3,2,3,3,2,3,2,3,3,3,4,2,1,2,1,2,1,2,3,3,2,2,3,3,3,1,1, , , ,1, ,1,3,3, , , ,3, ,3,3,4,3,2,2,3,3,3, , , , , , , , , , ,4,3,3,4,3,3,3,3,3,3,3, , ,3,4,32,2,0.993377503
3291,6,2,2,1, , ,2,2,1,35000, , ,1,40000, , , , ,2,1,2,3,3,3,3,2,3,2,2,2,2,2,2,4,4,3,4,4,3,3,4,4,4,4,2,3,3,3,3,2,1,2,2,2,1,2,2,2,1,0,30,0,1,1,1,1,3,2,3,2,1,1,1,1,1,2,4,1,1,1,1,1,1,1,1,3,3,3,1,1,1,1,4,2,1,1,4,4,1,1,1,1,1,1,2,1,1,1,1,1,1,1,1,2,1,1,1,1,3,2,3,4,3,2,3,4,3,2,3,3,4,3,3,3,3,4,4,3,4,3,4,3,3,3,4,3,4,3,3,4,1,2,1,2,2,3,3,3,2,3,2,2,2,1,1,1, , ,1, , ,1,1,2, , ,1, , ,1,3,4,1,2,3,3,2,1, , ,3, ,5, , , , ,2,3,4,3,2,3,3,2,3,3,2, ,2,3, ,32,2,0.985680343
3293,6,2,2,1, , ,2,1,1, ,1, ,1, ,1, , , ,3,3,3,4,2,4,3,1,4,4,4,4,3,4,3,4,4,4,4,4,4,4,4,3,4,3,4,3,3,4,3,4,3,3,4,3,1,3,4,3,1,20,30,0,2,2,2,1,4,3,2,2,1,2,2,2,3,2,4,2,3,2,2,1,2,1,1,4,4,4,1,1,3,4,3,4,3,1,4,1,1,1,1,1,1,1,2,1,2,2,2,1,3,3,3,2,3,2,4,1,3,3,3,3,4,3,3,3,3,4,3,3,3,3,3,3,3,3,3,2,3,3,3,4,3,3,1,3,2,3,4,3,1,3,3,2,3,3,2,3,3,3,3,3,3,1,1, ,1,1,1, ,1,1,1, ,2,3,3, ,3,1,3,2,2,3,4,3,4, , , , , , , , , , ,3,4,3,4,4,4,3,4,3,3,4, , ,3,4,42,1,1.020749108
3300,6,1,2,1, , ,2,2,1,35000, ,0, ,40000, , , , ,2, ,2,3,2,3,3,2,1,2,1,2,2,1,2,4,4,4,4,4,3,3,4,3,3,4,3,3,4,4,3,3,3,2,2,2,1,2,2,1,1,10,30,0,1,3,1,1,4,3,3,2,1,1,1,1,1,2,4,2,2,1,1,1,1,1,1,4,3,3,1,1,1,1,4,2,1,1,4,2,1,1,1,1,1,1,1,1,1,1,1,1,1,1,1,1,1,1,2,1,3,3,3,4,2,2,3,4,3,2,2,3,3,3,4,3,4,3,3,3,3,4,4,4,3,3,3,3,4,4,3,3,2,4,3,2,2,3,2,2,3,3,2,2,2, ,1,1, , ,1,1, , ,1,1, , ,1,1, ,1,4,2,1,1,4,3,1,1, , ,3,4, , , , , ,4,3,3,2,4,4,3,2,3,3,4, ,2, , ,35,2,0.983399111
3308,6,2,2,1, , ,1,2,1,30000, ,0, ,50000, ,1, , ,2, ,2,4,3,3,3,1,3,2,1,1,2,2,2,4,3,4,4,3,4,3,4,3,4,3,2,4,4,4,3,3,2,3,2,2,3,3,2,2,1,0,30,10,1,1,1,1,4,3,4,2,1,1,1,1,1,3,4,2,3,1,1,1,1,1,1,4,3,3,1,1,1,1,3,2,1,1,4,3,1,1,1,1,1,2,1,1,1,1,1,1,1,1,2,1,1,1,1,1,3,3,4,3,3,3,3,4,3,3,3,3,4,3,3,4,2,3,3,2,3,4,3,3,2,3,2,3,3,4,2,3,2,2,1,2,1,2,3,2,1,2,3,2,1,1,1,1, , ,1,1, ,3,2,1, , ,1,1, ,3,3,3,1,1,4,3,1, , , , , , , , , , ,4,3,2,3,3,4,3,2,3,3,2, ,2, ,4,36,2,0.983399111
3314,6,2,2,1, , ,2,2,1,40000, ,2000, ,50000, , , , ,2,1,2,3,3,2,3,2,3,2,1,2,1,2,1,4,4,2,3,4,3,3,4,2,3,4,4,4,4,4,4,2,3,2,2,2,3,2,2,2,1,0,30,0,1,1,1,1,4,3,3,2,1,1,1,1,1,2,4,1,2,1,1,1,1,1,1,4,3,3,1,1,1,1,4,4,1,1,2,3,1,1,1,1,2,1,1,1,1,1,1,1,2,1,1,2,1,1,1,1,3,2,3,2,4,3,2,3,4,3,2,3,2,3,2,3,3,3,2,4,3,2,3,3,2,3,3,3,2,3,2,3,1,1,2,3,1,2,1,2,3,2,1,2,2,1,1,1,1,1,1,1, ,3,2,2,1,1,1,1, ,2,3,2,3,3,3,3,1, , , , , , , , , , ,2,4,3,2,3,3,2,3,3,3,4, ,2,3, ,37,2,0.985680343
3372,6,2,1,1, , ,2,2,1,38000, ,0, ,50000, , , , ,2, ,2,3,3,3,3,2,2,2,1,2,3,1,2,4,3,4,4,3,4,3,4,4,3,3,4,3,4,3,3,3,2,2,2,3,2,2,3,2,1,10,30,0,1,1,1,1,4,2,2,1,1,1,1,1,1,3,4,1,1,1,1,1,1,1,1,4,2,2,1,3,1,1,3,2,1,1,4,2,1,1,1,1,2,1,1,2,1,1,1,1,1,1,1,1,1,1,1,1,3,2,3,2,4,3,2,3,3,2,3,4,3,4,3,3,3,2,3,3,4,3,3,3,4,3,3,3,4,3,3,3,1,3,4,3,3,3,4,2,3,4,3,3,3,1,1,1,1,1,1,1, ,3,2,2,2,1,3,1, ,3,3,3,3,1,4,1,1, , , , , , , , , , ,4,2,3,3,2,4,2,3,3,3,4, ,2,3, ,42,1,0.985680343
3375,6,1,2,1, , ,2,1,1, ,1, ,1,60000, , , , ,2,1,2,4,3,3,3,1,3,3,2,3,3,2,2,4,3,4,4,3,3,3,4,3,3,3,2,4,4,4,4,3,3,3,3,2,3,3,2,3,1,20,30,0,1,2,3,3,4,3,3,2,1,1,1,3,1,4,4,1,1,1,1,1,3,1,1,4,2,3,1,1,1,1,2,3,1,1,4,3,1,1,1,1,1,1,2,1,1,1,1,1,1,1,1,1,1,1,1,1,3,4,3,4,3,2,3,4,3,2,3,3,4,4,3,3,4,3,3,2,3,3,3,4,3,4,3,2,3,4,3,3,1,2,3,3,2,3,3,2,3,3,2,2,2,1,1,1,1,1,1,1,1,1,2,3,1,1,1,1,1,2,3,3,1,1,3,2,3, , , , , , , , , , ,3,4,3,3,4,3,2,3,4,3,2, , ,3,4,44,1,0.983399111
3378,6,2,2,1, , ,2,2,1,35000, ,0, ,40000, , , , ,2, ,2,4,3,3,2,2,2,2,1,2,1,2,1,4,3,4,3,4,4,3,4,3,4,3,2,3,4,3,3,3,1,2,1,2,2,2,2,2,1,0,31,0,1,1,1,1,3,3,3,2,1,1,1,1,1,2,4,1,3,1,1,1,1,1,1,4,3,2,1,1,1,1,3,2,1,1,4,2,1,1,1,1,1,1,1,1,1,1,1,1,1,1,1,1,1,1,1,1,3,3,4,4,3,2,3,4,3,2,3,3,4,3,3,2,2,3,3,3,4,3,3,4,3,3,3,3,3,4,3,3,2,2,2,1,1,2,1,2,1,2,1,1,2,1,1,1, , ,1, , ,3,2,3, , ,1, , ,2,3,3,1,1,3,1,1, , , , , , , , , , ,3,3,4,3,2,3,4,3,3,3,4, ,2,3, ,48,2,0.985680343
3380,6,2,2,1, , ,2,2,1,35000, ,0, ,40000, , , , ,1, ,1,3,4,2,3,2,1,1,1,1,2,2,2,3,4,3,4,3,3,3,3,2,3,2,4,4,4,3,3,3,2,2,2,2,1,2,2,2,1,0,30,0,1,1,1,1,4,3,3,3,1,1,1,1,1,2,4,1,1,1,1,1,1,1,1,4,2,2,1,1,1,1,2,3,1,1,3,3,1,1,1,1,2,2,3,2,1,1,1,1,1,2,1,2,1,1,1,1,3,3,4,3,4,2,3,3,4,3,2,3,3,2,3,2,3,3,3,3,3,3,4,4,3,4,2,3,4,3,3,3,2,2,1,2,2,1,1,2,1,2,1,2,1,1,1,1, , ,1, , ,3,3,1, , ,1, , ,3,3,3,2,2,3,3,1, , , , , , , , , , ,3,3,2,2,4,2,3,2,3,2,2, ,2, , ,46,2,0.985680343
3385,6,2,2,1, , ,1,2,1,38000, ,1000, ,50000, , , , ,2,2,2,3,4,3,3,1,2,2,1,1,1,1,1,3,4,3,4,3,3,3,4,4,3,2,2,3,4,3,3,3,2,1,2,1,1,2,1,1,1,0,30,0,1,1,1,1,3,2,2,2,1,1,1,1,1,2,4,1,2,1,1,1,1,1,1,4,3,2,1,1,1,1,2,4,1,1,4,2,1,1,1,1,1,1,1,1,1,1,1,1,1,1,1,2,1,1,2,1,3,3,4,3,4,3,2,3,4,3,3,3,3,4,3,2,4,2,3,3,2,3,4,4,4,4,3,2,3,4,4,3,1,2,2,1,2,2,2,1,2,2,1,2,2,1,1,1, , ,1,1, ,3,3,2, , ,1,1, ,4,3,3,1,1,3,3,1, , , , , , , , , , ,3,2,3,4,2,3,2,3,3,2,4, , ,3, ,45,2,0.983399111
3386,6,1,2,1, , ,1,2,1,35000, ,0, ,40000, , , , ,2, ,2,3,3,2,3,1,2,1,2,2,2,2,2,4,3,4,4,4,4,3,4,3,4,4,4,4,4,3,3,3,2,2,2,2,2,2,2,2,1,5,30,0,1,2,1,1,4,3,4,3,1,1,1,1,1,1,4,1,1,1,1,1,1,1,1,4,3,3,2,3,1,1,4,3,1,1,4,4,1,1,1,1,1,1,1,1,1,1,1,1,1,1,1,1,1,1,1,1,3,3,4,4,3,3,3,2,3,3,3,3,4,3,3,3,3,3,3,3,4,3,3,4,4,3,3,2,3,4,3,3,2,3,2,3,2,2,1,3,2,2,2,1,2,1,1,1,1,1,1,1, ,2,2,1,1,1,1,1, ,3,3,3,2,4,3,3,1,1, , ,3,4, , , , , ,2,1,2,3,4,2,3,3,2,3,4, , ,3, ,48,2,0.983399111
3575,6,2,2,1, , ,2,2,1,30000, ,1000, ,50000, , , , ,2,1,2,3,3,3,3,2,3,2,1,2,1,2,1,4,3,4,3,4,3,3,3,3,3,3,2,3,4,4,3,2,2,1,2,2,1,2,2,2,1,0,30,0,1,1,1,1,4,3,3,3,1,1,1,1,1,3,4,1,2,1,1,1,1,1,1,4,3,2,1,1,1,1,4,4,1,1,4,2,1,1,1,1,1,1,1,1,1,1,1,1,1,1,1,1,1,1,1,1,1,2,3,4,2,3,3,2,3,3,3,4,3,4,3,3,4,3,3,3,2,4,3,4,4,3,3,2,3,4,3,3,1,3,2,2,3,3,2,2,2,2,1,2,2,1,1,1,1,1,1,1, ,2,1,2,1,1,1,1, ,1,3,3,1,1,3,3,1,1, , ,3,4, , , , , ,3,3,4,2,3,3,4,2,3,3,4, ,2,3, ,45,2,0.985680343
3581,6,2,1,1, , ,2,1,1, ,1, ,1,55000, , , , ,1,1,1,4,2,1,2,1,3,4,3,3,4,3,4,4,4,3,4,3,4,3,3,3,4,4,3,4,3,3,4,3,4,4,3,3,4,3,4,3,1,25,30,0,2,3,3,3,4,3,3,3,1,1,1,1,1,4,4,2,4,1,2,2,2,1,2,4,3,3,3,3,2,2,4,3,1,2,4,3,1,1,1,1,1,2,2,1,3,2,2,3,2,4,3,3,2,2,3,1,3,3,4,3,2,3,3,4,3,2,3,3,4,3,3,3,4,3,4,3,4,3,4,4,3,3,3,3,3,4,3,3,1,3,4,4,3,3,4,3,4,3,2,3,3,1,1,1,1,1,1,1,1,1,2,1,1,1,1,2,1,2,3,3,1,3,3,4,1,1, , ,3,4, , , , , ,3,4,4,3,2,4,3,2,3,3,2, , ,3,4,32,1,0.985680343
3583,6,2,2,1, , ,2,2,1,30000, ,2000, ,40000, ,1, , ,2,2,2,3,4,3,3,3,3,2,2,1,2,1,2,3,4,4,4,4,3,3,4,3,4,4,3,3,4,3,3,3,1,2,2,1,2,2,1,2,1,0,30,0,1,1,1,1,4,2,2,3,1,1,1,1,1,2,4,1,3,1,1,1,1,1,1,4,3,2,1,1,1,1,2,2,1,1,4,2,1,1,1,1,1,1,1,1,1,1,1,1,1,1,1,1,1,1,1,1,3,2,3,4,2,3,3,4,2,3,3,3,4,3,3,3,4,3,3,2,3,3,4,4,3,3,3,3,4,4,4,3,2,2,2,2,3,3,2,3,3,2,2,2,2,1,1,1,1, , ,1, ,1,3,2,1, , ,1, ,2,3,3,1,1,3,3,1, , , , , , , , , , ,3,4,3,2,3,3,4,3,3,3,4, ,2, , ,26,2,0.985680343
3589,6,2,2,1, , ,1,2,1,33000, ,2000, ,50000, ,1, , ,2,1,2,3,2,3,3,2,2,2,1,2,1,2,2,4,3,4,3,3,4,3,3,4,3,4,3,3,4,3,3,3,2,2,2,2,2,1,2,2,1,0,30,15,1,1,1,1,4,3,4,2,1,1,1,1,1,3,4,1,3,1,1,1,1,1,1,2,3,3,1,1,1,1,4,2,1,1,3,3,1,1,1,1,2,1,2,1,1,1,1,1,1,2,1,1,1,1,1,1,3,3,3,4,3,2,3,3,4,3,3,3,3,4,3,3,4,4,3,3,2,3,4,4,4,3,3,3,4,4,4,3,1,3,2,2,3,2,1,2,2,3,2,2,2,1,1,1,1,1,1,1, ,3,3,2,1,1,1,1, ,3,4,3,1,1,4,3,1, , , , , , , , , , ,2,3,2,3,3,3,3,2,3,3,4, , ,3,4,34,2,0.985680343
3595,6,2,1,1, , ,2,2,1,28000, , ,1,45000, ,1, , ,1,1,1,3,3,2,3,1,2,2,1,1,2,2,2,4,3,2,3,3,4,3,4,3,4,3,3,2,4,3,3,3,2,3,2,3,1,2,2,2,1,15,30,0,1,2,3,1,4,2,4,3,1,1,1,1,1,2,4,1,3,1,1,1,1,1,1,2,2,2,1,1,1,1,3,3,1,1,4,2,1,1,1,1,2,2,1,2,1,1,1,1,2,1,1,1,1,1,1,1,2,2,4,3,2,3,4,3,2,3,3,3,4,3,3,3,3,2,2,3,4,3,4,4,3,3,3,2,2,3,4,3,1,2,3,3,2,2,2,2,2,2,3,3,2,1,1,1,1,1,1,1, ,3,2,2,1,1,1,1, ,3,4,3,1,1,4,3,3, , , , , , , , , , ,3,3,4,3,3,3,4,2,3,3,2, ,2, , ,35,2,0.985680343
3602,6,2,2,1, , ,2,2,1,25000, , ,1,60000, , , , ,2,2,2,3,2,2,3,1,3,3,2,2,2,3,1,4,3,3,3,4,3,3,4,3,3,3,4,3,3,4,3,3,2,2,1,1,2,2,2,2,1,0,30,0,1,1,1,1,2,3,4,2,1,1,1,1,1,3,4,2,3,1,1,1,1,1,1,2,3,3,1,1,1,1,3,2,1,1,4,2,1,1,1,1,2,1,2,1,1,1,1,1,2,1,1,1,1,1,3,1,3,2,4,3,2,3,2,4,3,2,3,3,3,2,3,3,2,3,2,2,2,3,4,4,3,3,3,3,4,4,3,3,1,4,3,4,4,3,3,4,3,2,4,3,3,1,1,1,1, ,1,1, ,1,3,1,1, ,3,1, ,2,3,1,3,1,3,3,3, , , , , , , , , , ,2,4,2,3,4,2,3,3,4,3,2, , ,3, ,38,1,0.985680343
3611,6,2,2,1, , ,2,2,1, ,1, ,1,60000, , , , ,2,1,1,2,3,3,2,1,3,2,2,1,2,1,2,3,4,3,3,3,3,2,3,4,3,2,4,4,3,4,3,3,2,3,1,2,2,1,2,2,1,0,30,0,1,1,1,1,3,3,4,2,1,1,1,1,1,3,4,1,1,1,1,1,1,1,1,4,3,2,1,1,1,1,2,1,1,1,3,2,1,1,1,1,2,2,1,2,1,1,1,1,1,1,1,2,1,1,3,3,3,3,3,4,3,3,4,3,2,3,3,3,4,3,3,3,3,2,4,2,2,3,4,4,4,4,3,3,4,4,4,3,1,2,2,1,3,2,2,3,1,2,2,2,2,1,1,1,1, , ,1, ,3,3,3,1, , ,1, ,3,4,2,3,3,3,3,2, , , , , , , , , , ,2,3,3,4,3,2,3,3,2,3,2, , ,3,4,46,1,0.983399111
3616,6,2,2,1, , ,2,2,1,40000, ,0, ,60000, ,1, , ,2, ,2,3,2,3,3,2,2,3,2,2,2,3,2,3,3,2,4,4,3,3,4,3,4,2,3,4,3,3,3,3,2,2,2,1,2,2,2,2,1,0,30,0,1,1,1,1,2,3,2,2,1,1,1,1,1,2,4,1,1,1,1,1,1,1,1,3,3,2,2,1,1,1,2,3,1,1,4,2,1,1,1,1,1,1,1,1,1,1,1,1,2,2,2,2,1,1,1,1,3,3,3,4,3,2,2,4,3,3,3,4,4,3,3,2,3,3,3,2,2,3,4,4,4,3,3,2,3,3,2,2,1,2,1,2,2,1,2,2,2,1,2,2,3,1,1,1,1,1,1,1, ,1,3,1,1,1,1,1, ,3,4,3,1,1,4,3,1, , , , , , , , , , ,3,4,3,2,4,3,2,3,3,3,4, , ,3, ,43,1,0.985680343
3632,6,1,2,1, , ,2,2,1,35000, ,0, ,50000, ,1, , ,2, ,2,3,2,2,3,2,3,3,2,2,2,2,2,4,3,4,3,4,3,3,3,3,4,3,3,3,3,4,3,3,3,3,3,2,3,4,3,3,1,10,30,0,1,3,2,3,4,4,4,3,1,1,1,1,1,3,4,2,4,1,1,1,1,1,1,4,2,2,2,2,1,1,3,2,1,1,3,3,1,1,1,1,1,2,1,1,1,1,1,1,2,2,1,2,1,1,3,1,3,2,3,3,2,3,4,3,3,3,3,3,4,3,3,2,3,2,2,2,3,2,4,4,3,3,3,2,3,3,3,3,1,2,1,2,2,1,2,2,3,2,2,2,2,1,1,1, , ,1,1, ,3,3,1, , ,1,1, ,3,4,3,1,3,4,3,1, , , , , , , , , , ,2,3,3,2,3,3,4,3,2,3,2, , ,3,4,47,2,0.985680343
3643,6,2,2,1, , ,2,2,1,38000, ,0, ,50000, , , , ,2, ,2,3,2,2,3,2,3,2,2,1,2,1,2,4,3,4,3,3,3,3,4,3,3,2,3,4,3,4,3,2,1,2,3,2,1,2,2,2,1,0,30,0,1,1,1,1,4,2,4,3,1,1,1,1,1,2,4,1,2,1,1,1,1,1,1,4,3,2,1,1,1,1,2,2,1,1,3,3,1,1,1,1,2,1,2,1,1,1,1,1,2,1,1,1,1,1,1,1,3,1,2,2,2,1,2,1,2,2,2,3,4,3,3,3,2,2,3,2,4,3,3,4,4,3,3,2,3,4,3,3,2,1,2,3,3,2,2,3,3,2,3,2,3,1,1,1,1,1,1,1, ,3,3,1,1,1,1,1, ,3,3,3,1,1,4,1,2, , , , , , , , , , ,3,4,3,2,4,3,2,3,3,3,4, ,2,3, ,45,2,0.985680343
3651,6,1,2,1, , ,2,2,1,30000, , ,1,60000, ,1, , ,2,1,2,3,2,2,2,2,3,3,2,2,3,3,3,3,4,3,4,4,3,3,3,4,4,3,4,3,4,3,3,3,2,2,3,1,2,2,1,2,1,16,30,0,1,1,3,1,2,3,4,2,1,1,1,1,1,2,4,1,1,3,1,1,1,1,1,3,2,1,1,1,1,1,3,2,1,1,2,2,1,1,1,1,1,2,1,1,1,1,1,1,1,1,2,1,1,1,1,3,3,2,3,2,2,4,3,3,4,3,3,3,4,3,3,3,4,3,3,2,3,4,3,4,3,3,3,2,3,4,3,3,2,3,3,3,2,3,3,2,2,3,3,2,3,1,1,1, , , , , ,1,1,1, , , , , ,2,3,1,2,1,3,1,1,1, ,2,3, , , , , , ,2,3,3,3,2,3,4,2,3,3,4,1,2, , ,28,2,0.993377503
3660,6,2,2,1, , ,1,2,1, ,1, ,1,40000, , , , ,2,2,2,3,2,3,3,2,2,2,1,2,2,1,2,3,3,4,4,3,3,3,4,2,4,3,4,3,3,3,3,2,1,2,2,1,2,2,2,2,1,0,30,10,1,1,1,1,3,3,3,2,1,1,1,1,1,3,4,1,1,1,1,1,1,1,1,4,2,2,2,2,1,1,1,1,1,1,4,2,1,1,1,1,1,1,1,1,1,1,1,1,1,1,1,1,1,1,1,1,3,2,4,3,3,2,3,2,3,2,2,3,4,3,3,4,4,3,3,2,3,4,3,2,3,3,3,4,4,4,3,3,2,2,2,3,2,2,2,3,1,2,1,2,2,1,1,1, , ,1,1, ,1,1,1, , ,2,1, ,1,3,3,2,3,4,1,2,1, , ,3,4, , , , , ,1,3,2,2,3,2,2,3,3,3,4, ,2, , ,35,1,0.993377503
3732,6,2,2,1, , ,2,2,1,30000, ,0, ,30000, , , , ,2, ,1,3,3,3,2,2,2,1,2,1,2,1,2,3,4,3,4,4,3,3,4,3,4,3,2,3,3,3,3,1,2,3,2,2,1,2,2,2,1,0,30,0,1,1,1,1,3,3,3,2,1,1,1,1,1,3,4,1,1,1,1,1,1,1,1,4,3,2,1,1,1,1,3,2,1,1,3,2,1,1,1,1,1,1,1,1,1,1,1,1,1,1,1,1,1,1,1,1,3,2,3,3,2,3,3,2,3,2,3,3,3,3,2,3,3,2,3,2,3,3,2,3,3,3,3,3,3,2,3,2,2,1,2,2,2,1,2,2,1,2,2,1,2,1,1,1,1,1,1,1, ,1,1,1,1,1,1,1, ,3,3,4,1,3,3,1,1,1, ,2,3,4, , , , , ,1,2,2,1,2,3,2,2,2,2,4, ,2, , ,36,2,0.993377503
3742,6,2,2,1, , ,2,2,1,30000, , ,1,45000, , , , ,2,1,1,3,2,2,2,2,2,2,1,2,1,2,2,4,3,3,3,4,3,3,4,3,3,3,3,4,3,3,3,2,2,3,2,3,2,2,2,2,1,0,30,0,1,1,1,1,3,3,4,2,1,1,1,1,1,3,4,1,1,1,1,1,1,1,1,3,3,2,1,1,1,1,3,3,1,1,3,2,1,1,1,1,1,1,2,1,1,1,1,1,1,1,1,1,1,1,1,1,3,2,3,3,2,3,3,2,3,2,2,2,3,2,2,3,2,3,3,2,3,3,2,4,4,2,2,2,3,3,2,3,2,2,3,2,3,3,2,3,3,2,2,3,1,1,1,1,1,1,1, , ,1,2,1,1,1,1, , ,1,3,3,1,1,3,1,1,1, , ,3,4,5, , , , ,3,2,3,2,3,3,2,3,3,3,4, ,2,3, ,34,2,0.993377503
3750,6,2,2,1, , ,1,2,1,35000, ,0, ,40000, , , , ,2, ,1,3,1,2,1,2,1,1,2,2,1,2,2,3,3,3,4,3,3,3,4,2,3,3,2,3,3,3,3,2,1,2,1,2,2,1,2,1,1,0,30,0,1,1,1,1,2,2,3,3,1,1,1,1,1,3,4,1,2,1,1,1,1,1,1,2,3,2,1,1,1,1,3,2,1,1,3,2,1,1,1,1,1,1,1,1,1,1,1,1,1,1,1,1,1,1,1,1,3,2,3,2,3,3,3,4,3,3,2,3,2,3,3,3,2,2,2,2,3,2,2,3,2,3,2,2,3,2,2,3,1,2,1,2,2,1,2,2,3,2,2,1,2,1,1,1,1,1,1,1, ,1,3,1,1,1,1,1, ,3,1,3,1,1,3,1,1, , , , , , , , , , ,2,3,2,3,3,2,3,3,2,3,2, ,2,3, ,44,2,0.993377503
3758,6,2,2,1, , ,1,2,1,30000, ,0, ,30000, , , , ,2, ,2,3,3,2,3,1,1,1,1,2,1,2,1,3,3,4,3,3,4,3,4,3,3,4,3,3,3,3,3,2,2,1,1,1,2,1,2,1,1,0,30,0,1,1,1,1,3,3,2,2,1,1,1,1,1,1,4,1,1,1,1,1,1,1,1,3,2,2,1,1,1,1,4,3,1,1,3,2,1,1,1,1,2,1,1,1,1,1,1,1,1,1,1,1,1,1,1,1,3,1,1,1,1,1,1,1,1,1,3,2,3,2,2,3,2,3,2,2,3,3,2,4,3,3,3,2,3,3,3,2,1,2,3,3,2,3,2,3,3,2,3,4,3,1,1,1, , ,1,1, ,1,1,1, , ,1,2, ,3,3,3,1,2,3,3,3,1, , ,3,4,5, , , , ,2,3,3,3,3,2,3,3,2,3,2, ,2,3, ,43,2,0.993377503
3767,6,2,2,1, , ,1,2,1,38000, ,0, ,40000, ,1, , ,1, ,1,3,3,3,2,1,1,1,1,2,2,1,2,3,4,2,4,3,2,2,4,3,3,3,3,3,3,3,3,2,2,1,2,2,1,2,2,2,1,0,30,10,1,1,1,1,3,2,2,2,1,1,1,1,1,3,4,1,1,1,1,1,1,1,1,3,2,3,1,1,1,1,3,3,1,1,3,3,1,1,1,1,1,1,2,1,1,1,1,1,1,1,1,1,1,1,1,1,2,2,3,3,2,3,2,3,2,3,3,3,2,3,3,2,3,2,3,2,3,2,3,4,3,3,3,3,4,4,4,3,2,2,1,2,1,2,1,2,2,1,2,2,2,1,1, , , ,1, , ,1,1, , , ,1, , ,2,3,1,1,1,3,1,1,1, , ,3,4,5, , , , ,2,3,3,2,3,3,2,3,3,2,4, ,2,3, ,46,2,0.993377503
3779,6,1,2,1, , ,2,2,1, ,1, ,1,50000, , , , ,2,2,2,3,2,3,3,2,2,2,2,2,2,2,2,4,3,2,4,3,3,3,4,2,4,3,3,4,3,4,3,3,2,3,2,2,2,2,2,2,1,5,30,0,1,1,3,1,3,2,2,2,1,1,1,1,1,1,4,1,1,1,1,1,1,1,1,2,1,2,1,1,1,1,3,3,1,1,2,3,1,1,1,1,1,1,1,1,1,1,1,1,1,1,2,1,1,1,1,1,3,2,4,4,2,3,3,2,3,3,2,2,3,2,2,3,3,2,2,2,3,3,3,3,2,3,3,2,3,3,3,3,2,2,1,2,2,2,1,2,2,2,1,2,2,1,1,1, , ,1, , ,2,2,1, , ,1, , ,3,3,3,3,2,3,3,1,1, , ,3,4, , , , , ,2,3,3,3,3,1,2,2,1,2,4,1, , , ,42,1,0.993377503
3790,6,2,2,1, , ,2,2,1, ,1, ,1,30000, , , , ,1,1,1,3,2,3,2,2,1,1,2,1,2,1,2,3,4,3,4,3,3,3,4,2,3,2,2,3,3,3,3,2,1,2,2,2,1,2,2,2,1,0,30,0,1,1,1,1,2,3,4,2,1,1,1,1,1,2,4,1,1,1,1,1,1,1,1,3,2,4,1,1,1,1,1,1,1,1,3,2,1,1,1,1,1,1,1,1,1,1,1,1,1,1,1,1,1,1,1,1,3,1,2,2,3,2,3,2,2,3,2,2,3,3,2,2,2,3,3,3,4,3,3,2,3,3,2,2,3,2,3,2,2,3,2,1,2,3,2,2,2,2,2,2,2, ,1, , , ,1, , , ,1, , , ,1, , ,3,3,3,2,1,3,1,1,1, , ,3, ,5, , , , ,3,2,3,2,3,2,3,3,2,3,4, ,2, , ,28,1,1.020749108
3799,6,1,2,1, , ,2,2,1,20000, ,0, ,30000, , , , ,1, ,1,3,2,3,2,2,3,2,1,2,1,2,2,3,3,3,4,4,3,2,4,2,3,3,2,3,2,3,3,3,2,3,2,2,2,3,2,3,1,15,30,0,1,3,3,1,3,2,3,2,1,1,1,1,1,2,4,1,2,1,1,1,1,1,1,2,2,2,2,2,1,1,3,4,1,1,2,3,1,1,1,1,1,2,1,1,1,1,1,1,1,1,1,1,1,1,1,1,3,2,3,3,2,3,2,2,3,2,2,3,4,3,3,2,3,3,2,2,2,3,4,3,2,2,2,2,2,3,3,3,1,3,2,3,3,3,2,2,2,1,2,2,2,1,1,1, , ,1,1,1,1,2,1, , ,1,1,1,2,3,3,1,1,3,4,1,1, , , ,4, , , , , ,2,3,2,3,2,3,2,3,3,2,2,1, , , ,29,2,1.020749108
3816,6,2,2,1, , ,1,2,1,25000, ,2000, ,40000, , , , ,2,1,2,2,3,2,3,2,2,2,1,2,2,1,2,4,4,2,3,4,3,3,4,2,3,4,3,3,3,3,3,3,2,3,2,2,2,2,3,2,1,0,30,5,1,1,1,1,3,4,2,2,1,1,1,1,1,2,4,1,3,1,1,1,1,1,1,3,2,2,1,1,1,1,4,2,1,1,4,2,1,1,1,1,1,1,1,1,1,1,1,1,1,1,1,1,1,1,2,1,3,2,1,3,2,2,3,2,3,3,2,3,3,3,3,3,3,3,4,2,2,4,4,4,3,4,2,2,2,3,3,3,2,2,3,2,1,2,2,1,2,2,2,3,2,1,1,1, , ,1, , ,2,2,1, , ,1, , ,3,4,3,1,1,4,2,1,1, , , ,4, , , , , ,2,3,2,2,3,3,3,2,3,3,4, ,2, ,4,35,1,1.020749108
3829,6,1,2,2,2, ,2,2,1,0, ,0, ,13000, , , , , , ,2,2,3,2,2,3,1,1,1,1,1,1,1,1,1,1,1,1,1,1,1,1,1,1,1,1,1,1,1,1,1,1,1,1,1,1,1,1,3, , , , , , , , , , , , , , , , , , , , , , , , , , , , , , , , , , , , , , , , , , , , , , , , , , , , , , , , , , , , ,2,2,3,3,2,2,3,2,3,2,3,3,2,2,1,1,1,2,2,3,2,3,3,3,2,2,2,2,3,2,3,2,1,1,2,1,1,1,1,1,1,1,1,1, , , , , , , , , , , , , , , , ,2,2,2,2,2,2,3,2, , , , , , , , , , ,2,2,3,3,3,3,2,3,3,3,4,1, , , ,32,2,1.020749108
3839,6,2,1,1, , ,1,2,1,35000, ,0, ,60000, ,1, , ,2, ,2,3,2,3,2,1,3,2,2,2,1,2,2,4,3,3,4,3,3,3,3,3,3,2,3,3,3,3,3,2,2,1,2,2,1,2,2,2,1,0,30,0,1,1,1,1,2,2,3,3,1,1,1,1,1,2,4,1,1,1,1,1,1,1,1,2,2,2,1,1,1,1,1,1,1,1,4,3,1,1,1,1,1,1,1,1,1,1,1,1,1,1,1,1,1,1,1,1,2,2,3,3,2,3,2,3,3,3,3,3,2,3,2,3,2,3,2,2,3,3,3,4,4,3,3,3,4,3,2,3,1,1,2,2,2,1,2,2,1,3,2,1,2,1,1, , , ,1, , ,1,2, , , ,1, , ,2,3,3,3,1,3,1,1,1, , , ,4, , , , , ,1,3,2,1,2,2,2,2,1,2,4, ,2,3, ,38,2,1.020749108
3851,6,2,2,1, , ,2,2,1, ,1, ,1, ,1, , , ,2,1,2,2,3,3,3,2,1,1,2,1,1,2,1,3,3,2,4,3,2,2,3,3,2,3,2,2,3,2,2,2,2,3,2,2,2,2,2,2,1,0,30,0,1,1,1,1,3,3,3,2,1,1,1,1,1,2,4,1,2,1,1,1,1,1,1,3,2,2,1,1,1,1,3,3,1,1,2,2,1,1,1,1,1,1,1,1,1,1,1,1,1,1,1,1,1,1,1,1,2,2,3,4,3,2,3,3,2,3,3,3,4,3,3,3,2,3,3,2,3,2,3,4,2,3,3,3,4,3,4,3,1,2,1,2,2,1,2,2,1,2,2,1,2,1,1, , , ,1, , ,2,1, , , ,1, , ,4,3,3,2,1,4,1,1,1, , ,3,4, , , , , ,3,4,3,2,3,3,2,3,2,3,2, , ,3,4,33,2,1.020749108
3856,6,2,2,1, , ,1,2,1,30000, ,0, ,30000, ,1, , ,3, ,3,3,3,3,3,3,2,1,2,1,2,1,2,3,3,4,4,3,3,3,4,3,2,2,2,3,3,3,3,3,2,1,1,2,2,1,2,2,1,0,30,0,1,1,1,1,3,2,3,2,1,1,1,1,1,3,4,1,3,1,1,1,1,1,1,3,2,2,1,1,1,1,1,3,1,1,4,4,1,1,1,1,1,1,1,2,1,1,1,1,1,1,1,2,1,1,2,1,3,2,2,2,3,3,2,3,2,3,2,2,3,2,3,2,2,3,3,3,3,3,3,4,3,3,3,2,3,3,3,3,2,2,2,3,3,3,3,2,2,3,3,2,2,1,1, , , ,1, , ,2,2, , , ,2, , ,4,3,2,1,1,3,2,2,1, , , ,4, , , , , ,2,3,3,2,3,2,3,3,2,3,2, ,2,3, ,35,2,1.020749108
4026,6,2,1,1, , ,1,2,1, ,1, ,1,40000, , , , ,2,2,2,3,2,3,3,2,3,2,1,2,2,2,2,4,3,3,3,4,4,3,4,3,3,2,3,3,3,3,3,3,2,1,3,2,3,2,2,2,1,10,30,0,1,1,1,1,3,3,3,2,1,1,1,1,1,3,4,1,3,1,1,1,1,1,1,2,2,2,2,2,1,1,2,2,1,1,2,3,1,1,1,1,2,2,2,2,1,1,1,1,1,1,1,1,1,1,1,1,3,3,3,3,2,2,2,3,3,2,3,3,2,3,3,3,3,2,2,3,3,3,3,4,3,3,3,3,3,4,3,3,1,2,1,3,2,2,1,2,2,3,2,3,2,1,1,1,1, ,1, , ,1,1,2,1, ,1, , ,1,3,3,1,1,4,1,1,1, , ,3,4, , , , , ,3,3,4,3,2,3,3,2,3,3,4, ,2,3, ,42,1,1.020749108
4032,6,2,2,1, , ,1,2,1,35000, ,0, ,50000, ,1, , ,2, ,2,3,3,3,2,2,2,1,2,2,1,2,2,3,3,4,3,3,4,3,3,3,3,4,3,3,3,3,3,3,2,2,2,2,1,1,2,2,1,0,30,0,1,1,1,1,3,4,3,3,1,1,1,1,1,2,4,1,1,1,1,1,1,1,1,3,3,2,1,1,1,1,4,4,1,1,3,3,1,1,1,1,1,1,1,1,1,1,1,1,1,2,1,1,1,1,2,1,3,1,1,3,2,3,3,2,3,3,2,3,2,3,2,3,3,3,2,2,3,2,3,3,2,4,2,3,2,3,3,3,2,1,2,1,2,2,1,2,1,2,1,2,2,1,1,1, , ,1,1, ,1,1,2, , ,1,1, ,3,3,2,1,1,3,3,1,1, , ,3,4, , , , , ,3,2,4,3,2,3,3,2,3,2,4, ,2,3, ,42,2,1.020749108
4038,6,2,2,1, , ,1,1,1,28000, ,1000, ,50000, , , , ,2,1,3,3,3,2,2,2,2,1,2,1,2,1,2,3,3,2,4,4,3,3,4,3,3,4,3,3,3,3,3,3,1,2,2,2,1,2,2,2,1,0,30,0,1,1,1,1,4,3,2,2,1,1,1,1,1,3,4,2,3,1,1,1,1,1,1,4,3,3,1,2,1,1,4,4,1,1,4,4,1,1,1,1,1,1,1,2,1,1,1,1,1,1,1,1,1,1,2,1,3,2,3,4,3,2,3,3,2,3,2,3,2,3,3,2,3,2,3,3,3,3,2,3,3,3,3,3,2,3,2,3,2,2,2,2,1,2,2,3,1,2,2,1,2,1,1,1, , ,1,1, ,2,1,2, , ,1,1, ,3,4,3,1,1,3,3,2,1, , ,3,4, , , , , ,1,2,2,3,3,2,3,2,3,3,2, ,2,3, ,41,2,1.020749108
4043,6,1,2,1, , ,1,2,1, ,1, ,1, ,1, , , ,2,2,2,2,3,2,3,3,2,1,1,2,2,1,2,3,3,2,4,3,2,2,3,3,2,3,2,3,3,3,3,3,1,2,1,1,2,2,2,1,1,0,30,0,1,1,1,1,2,3,3,2,1,1,1,1,1,3,4,1,4,1,1,1,1,1,4,3,2,2,1,1,3,1,2,3,1,1,4,3,1,1,1,1,1,1,1,2,1,1,1,1,1,1,1,1,1,1,2,1,3,3,2,3,2,3,2,3,3,3,3,2,3,2,3,2,3,2,2,3,3,2,3,3,3,4,3,3,3,3,2,2,1,3,2,3,2,2,2,3,2,3,3,2,2,1,1,1,1,1,1,1, ,3,3,2,1,1,1,1, ,3,4,3,3,1,3,3,1, , , , , , , , , , ,2,3,4,3,2,3,2,3,3,3,1, ,2,3, ,43,2,1.020749108
4044,6,1,2,1, , ,1,2,1,35000, ,0, ,45000, , , , ,2, ,2,3,3,3,2,2,2,1,2,1,2,2,2,3,4,3,4,3,3,3,3,4,4,4,2,3,3,3,3,3,1,2,2,2,1,2,1,2,1,0,30,0,1,1,1,1,3,3,3,3,1,1,1,1,1,2,4,1,3,1,1,1,1,1,1,4,4,2,1,1,1,1,4,4,1,1,4,4,1,1,1,1,1,1,2,2,1,1,1,1,1,1,1,1,2,1,3,1,3,2,3,3,3,2,2,3,3,3,3,3,4,3,3,3,2,2,3,3,2,2,3,4,2,2,2,2,2,3,3,3,1,3,2,3,2,2,1,2,1,2,1,2,2,1,1,1, , ,1, , ,3,3,2, , ,1, , ,3,3,2,1,1,3,1,1, , , , , , , , , , ,3,3,2,3,3,2,3,2,3,2,2, , ,3, ,45,2,1.020749108
4049,6,1,2,1, , ,1,2,1,35000, ,0, ,40000, , , , ,2, ,2,3,4,3,3,2,3,1,2,1,2,2,2,4,3,2,3,4,3,3,4,3,3,2,2,3,3,4,4,3,3,2,2,1,2,1,2,1,1,0,30,0,1,1,3,3,3,2,2,3,1,1,1,1,1,2,4,1,3,1,1,1,1,1,1,3,3,3,1,1,1,1,2,4,1,1,2,3,1,1,1,1,1,2,1,2,1,1,1,1,1,1,1,2,2,1,3,1,3,2,3,3,3,3,3,2,3,3,3,4,3,4,3,3,3,2,3,3,3,2,3,4,2,4,2,2,2,3,3,2,1,2,3,2,2,3,3,2,3,2,3,3,2,1,1,1, , ,1,1, ,2,3,1, , ,3,1, ,4,3,3,1,1,4,3,1, , , , , , , , , , ,3,2,3,3,3,2,2,3,3,2,2, , ,3, ,42,2,1.020749108
4052,6,1,2,1, , ,1,2,1,30000, ,1000, ,35000, , , , ,3,1,3,3,3,3,3,3,2,1,2,1,2,2,2,3,3,2,4,3,3,3,3,3,3,2,3,3,3,3,3,3,2,2,2,1,1,1,2,2,1,0,30,0,1,1,1,1,4,3,4,2,1,1,1,1,1,2,4,1,3,1,1,1,1,1,1,3,2,2,1,1,1,1,2,3,1,1,3,2,1,1,1,1,1,2,1,1,1,1,1,1,1,1,1,3,1,1,3,1,3,2,3,2,3,2,3,3,2,3,3,3,2,3,2,3,2,3,3,2,3,2,3,3,2,3,3,2,3,3,2,2,1,2,3,2,2,1,2,1,2,1,1,2,2,1,1,1,1,1,1,1, ,3,3,2,1,1,1,1, ,3,4,3,1,1,4,2,1, , , , , , , , , , ,3,2,2,3,3,3,2,3,3,3,4, ,2,3, ,44,2,1.020749108
4304,6,2,2,1, , ,2,2,1,35000, ,0, ,15000, , , , ,3, ,3,2,2,1,2,2,1,2,1,1,1,2,1,3,3,2,3,2,1,2,2,1,2,1,2,1,2,2,1,2,2,1,1,2,2,1,2,1,1,0,30,0,1,1,1,1,2,2,1,2,1,1,1,1,1,2,1,1,2,1,1,1,1,1,1,2,2,1,1,1,1,1,2,1,1,1,2,1,1,1,1,1,2,2,2,2,1,1,1,1,2,2,1,2,3,2,1,2,1,2,1,2,1,2,2,1,2,1,2,2,2,2,1,2,1,2,1,2,1,3,2,2,1,2,2,2,1,2,2,1,2,2,1,2,1,2,1,2,1,2,2,1,2, , , , , , , , , , , , , , , , ,3,2,1,2,1,2,1,2, , , , , , , , , , ,3,2,2,3,2,3,2,3,2,3,3,1, , , ,54,1,1.020749108
4307,6,1,2,1, , ,1,2,1,35000, ,0, ,45000, , , , ,3, ,3,2,3,2,3,3,3,2,1,2,2,1,2,3,2,2,3,2,2,2,3,2,3,3,3,3,3,2,3,3,3,3,2,3,2,2,2,3,1,10,30,0,2,3,2,2,2,4,3,3,3,2,3,2,3,3,3,3,3,2,3,2,3,2,3,4,3,2,3,2,3,2,3,2,2,4,2,2,3,2,2,2,3,4,2,3,2,2,3,2,4,3,2,3,3,2,3,3,2,3,2,3,3,4,3,4,3,3,4,3,4,3,3,3,2,3,3,3,4,3,4,3,4,3,3,4,3,4,3,2,2,3,4,3,2,3,4,3,2,3,3,3,2, , , , , , , , , , , , , , , , ,3,2,3,3,2,2,3,2, , , , , , , , , , ,3,2,3,2,3,3,2,2,3,2,3,1, , , ,33,2,1.020749108
4310,6,1,1,1, , ,1,1,1,40000, ,0, ,60000, , , , ,3, ,3,3,3,2,2,2,3,2,3,2,3,2,3,3,2,3,2,3,2,2,3,2,3,3,3,3,3,3,3,3,2,3,2,3,2,3,2,2,1,15,30,15,2,2,3,2,3,2,3,2,4,3,3,4,2,4,2,2,3,3,4,3,3,4,3,4,3,2,3,3,3,3,3,2,3,4,3,2,2,2,2,2,3,2,2,2,2,2,2,2,3,2,2,2,2,3,2,3,3,3,2,3,3,2,3,2,3,2,3,3,2,3,2,3,2,3,3,3,2,3,3,2,3,2,3,3,2,3,2,3,2,2,1,2,1,2,1,2,2,1,2,1,2, , , , , , , , , , , , , , , , ,3,2,2,2,3,2,3,2, , , , , , , , , , ,3,2,3,2,3,2,3,2,3,2,3,1, , , ,34,2,1.020749108
4312,6,1,2,1, , ,1,2,1,32000, ,0, ,60000, , , , ,3, ,3,3,2,3,3,2,2,1,2,2,1,2,1,3,2,3,2,3,2,2,3,2,3,3,3,2,3,3,2,3,2,3,2,3,2,3,2,3,1,15,30,0,2,2,1,1,3,2,2,2,2,1,2,1,2,3,2,1,2,2,2,1,2,1,2,3,2,2,1,1,2,1,3,2,2,1,2,1,2,2,2,2,3,2,1,2,2,2,2,2,3,2,2,2,3,2,3,2,3,3,2,3,3,2,3,2,3,2,3,3,2,3,2,3,2,3,2,3,2,3,2,3,2,3,2,3,2,3,2,3,2,2,1,2,2,1,2,1,2,1,2,2,1, , , , , , , , , , , , , , , , ,3,2,2,2,3,2,3,2, , , , , , , , , , ,3,2,3,2,3,2,3,3,2,3,3,1, , , ,35,2,1.020749108
4315,6,1,1,1, , ,1,1,1,25000, ,0, ,70000, , , , ,3, ,3,3,2,3,3,2,3,2,3,2,3,2,2,3,2,3,2,2,3,2,3,2,3,3,2,3,3,3,3,3,2,3,3,3,2,3,3,3,1,10,30,12,3,2,2,3,2,2,3,2,3,2,2,2,2,3,2,3,2,2,2,2,3,2,3,2,2,3,2,2,3,2,3,2,2,3,2,2,3,2,2,2,2,2,3,2,2,2,3,2,3,2,3,2,2,3,2,3,2,3,2,2,3,2,2,3,2,2,2,3,3,2,2,3,2,3,2,3,2,3,2,3,2,3,2,3,2,3,2,3,1,3,4,3,3,3,4,3,3,3,3,3,3, , , , , , , , , , , , , , , , ,3,2,3,2,3,2,3,3, , , , , , , , , , ,3,3,3,4,3,3,2,3,3,2,2,1, , , ,37,1,1.020749108
4316,6,2,2,1, , ,2,2,1,25000, ,0, ,50000, , , , ,3, ,3,3,2,3,2,3,3,2,2,2,2,1,2,3,2,3,3,3,3,2,3,2,3,3,3,3,2,3,3,3,3,3,3,2,3,3,2,3,1,10,30,5,2,1,2,2,3,2,3,2,2,2,3,3,3,3,2,3,2,2,2,3,2,2,2,2,2,3,2,2,3,2,2,2,2,1,2,2,2,2,2,2,3,2,2,3,3,2,3,2,2,2,2,3,3,2,3,2,3,3,3,2,3,2,2,3,2,3,2,3,3,3,2,3,2,2,3,3,3,3,2,3,2,3,2,3,2,3,2,3,2,3,2,3,2,2,3,2,3,2,3,2,3, , , , , , , , , , , , , , , , ,3,2,3,3,2,3,3,2, , , , , , , , , , ,3,2,3,3,3,2,3,3,2,3,3, ,2, , ,44,2,1.020749108
4317,6,1,1,1, , ,1,1,1,25000, ,0, ,50000, , , , ,3, ,3,3,3,2,3,3,3,2,2,1,2,1,2,3,2,3,2,3,2,2,3,2,3,3,3,3,3,3,3,3,2,3,2,3,2,3,2,3,1,15,30,10,2,3,2,2,4,2,3,2,2,3,2,2,2,2,2,3,2,3,2,3,2,3,2,3,2,3,2,2,2,3,3,2,2,2,2,2,2,2,2,2,3,2,3,2,2,2,3,2,2,2,3,2,2,3,3,2,2,3,2,3,2,3,2,3,2,3,2,3,2,3,2,3,2,3,2,3,2,2,3,2,3,2,3,3,2,3,2,3,1,3,2,3,2,3,2,3,2,3,2,3,2, , , , , , , , , , , , , , , , ,3,2,3,2,3,2,3,2, , , , , , , , , , ,3,2,3,2,3,3,2,3,2,3,3,1, , , ,47,2,1.020749108
4318,6,1,1,1, , ,1,1,1,21000, ,0, ,70000, , , , ,3, ,3,3,2,3,4,3,2,1,2,1,2,1,1,3,3,2,2,2,2,2,3,3,2,3,2,3,3,3,2,3,2,3,2,3,2,3,2,3,1,10,30,0,2,2,1,2,2,2,3,2,2,1,3,2,2,2,2,2,1,2,2,1,2,1,2,3,2,2,2,1,2,2,2,2,2,2,2,2,2,2,1,2,3,2,2,1,3,2,2,2,3,2,3,2,2,3,2,2,3,3,2,3,2,3,3,2,3,2,3,3,2,2,2,3,2,3,2,3,2,3,2,3,2,3,2,3,2,3,2,2,2,2,2,1,2,2,1,2,2,1,2,1,2, , , , , , , , , , , , , , , , ,3,2,3,2,3,2,3,2, , , , , , , , , , ,3,2,3,2,3,2,3,2,3,2,3,1, , , ,43,2,1.020749108
4319,6,2,2,1, , ,2,1,1,20000, ,0, ,46000, , , , ,3, ,3,3,2,3,2,3,2,1,2,1,2,1,2,3,2,2,3,2,2,2,3,2,3,2,3,2,2,3,3,3,2,3,2,3,2,2,3,2,1,0,30,0,2,3,2,2,2,2,2,2,2,1,2,1,2,3,2,3,2,3,2,1,2,2,2,2,2,3,3,2,1,2,2,2,3,2,3,2,2,2,2,2,2,2,3,2,2,2,2,3,3,2,2,2,2,3,2,2,2,2,3,2,2,3,2,3,2,3,2,2,3,2,2,2,3,2,2,2,3,2,2,3,2,2,2,3,2,3,2,3,2,2,1,2,1,2,1,2,1,2,1,2,1, , , , , , , , , , , , , , , , ,3,2,3,2,3,2,3,2, , , , , , , , , , ,3,2,3,2,3,2,3,2,3,2,3,1, , , ,54,2,1.020749108
4320,6,2,2,1, , ,2,2,1,15000, ,0, ,32000, , , , ,3, ,3,3,2,3,2,3,2,1,2,1,2,1,2,2,1,2,1,2,1,2,2,1,2,3,2,1,3,1,3,2,1,2,1,2,2,1,2,2,1,0,30,0,2,1,2,2,3,2,3,2,1,1,1,1,1,3,2,2,2,2,1,1,1,1,1,3,2,3,2,2,1,1,3,2,1,1,3,2,1,1,1,1,3,2,3,2,1,1,1,1,3,2,3,2,1,1,2,1,2,1,2,2,3,2,3,2,1,2,3,3,2,3,2,2,3,2,3,3,2,3,2,3,2,3,2,3,2,3,2,2,2,2,3,3,2,2,2,3,2,3,2,2,2, , , , , , , , , , , , , , , , ,3,2,2,3,2,2,2,2, , , , , , , , , , ,3,2,3,2,3,2,2,2,2,3,3, , ,3, ,41,2,1.020749108
4322,6,2,2,1, , ,2,2,1,25000, ,0, ,35000, , , , ,2, ,2,3,2,3,2,3,2,1,2,1,2,1,2,2,1,2,2,1,2,1,2,1,2,3,2,2,3,1,3,3,3,2,2,3,3,2,3,2,1,0,30,0,1,1,1,1,2,3,3,2,1,1,1,1,1,3,3,2,3,2,1,1,1,1,1,3,2,3,2,3,1,1,3,2,1,1,3,2,1,2,1,1,3,2,2,2,1,1,2,1,2,2,3,2,2,1,2,1,2,2,1,2,1,2,2,2,2,1,2,3,2,3,2,3,2,2,3,2,3,2,2,3,2,2,2,2,3,2,3,2,1,2,3,2,3,3,2,2,3,2,3,2,2, , , , , , , , , , , , , , , , ,3,2,3,2,3,2,2,2, , , , , , , , , , ,3,2,2,3,2,3,2,3,2,2,3,1, , , ,52,2,1.020749108
4323,6,2,2,1, , ,2,2,1,25000, ,0, ,35000, , , , ,3, ,3,3,2,3,3,2,2,1,2,1,2,2,2,2,1,2,2,1,1,1,3,2,3,2,3,2,2,2,3,3,3,2,2,2,3,2,2,1,1,0,30,0,1,1,1,1,3,2,3,1,1,2,1,2,1,3,2,3,2,2,1,1,2,1,1,2,2,3,2,3,1,1,2,2,1,1,2,2,1,1,2,2,2,2,1,2,2,2,2,1,2,2,2,2,2,1,2,2,2,3,2,3,2,3,2,3,3,2,2,3,3,2,3,3,2,2,3,3,2,2,3,3,2,3,3,2,1,1,2,1,1,3,2,3,3,2,3,2,2,3,2,3,2, , , , , , , , , , , , , , , , ,2,3,2,3,3,2,3,2, , , , , , , , , , ,3,2,3,3,2,3,2,3,2,2,3,1, , , ,41,2,1.020749108
4958,6,2,1,1, , ,2,2,1,20000, ,20000, ,50000, , , , ,3,3,3,3,2,2,2,2,3,3,3,2,3,3,3,3,3,3,3,3,3,3,3,2,2,3,2,3,3,3,3,3,2,3,2,2,2,3,3,2,1,5,30,0,2,3,1,1,4,2,3,2,2,2,2,2,2,2,4,2,2,2,2,2,2,2,1,3,4,4,2,1,1,2,1,3,2,2,4,4,2,2,2,2,3,2,2,2,2,2,2,2,2,2,2,2,3,2,2,2,3,3,3,3,3,3,3,2,3,2,3,3,3,3,3,3,3,3,3,2,2,2,3,3,3,3,2,2,2,2,3,2,1,2,3,2,2,3,3,3,3,3,3,3,3,1,1,1,1,1,1,1,1,1,1,1,1,1,2,1,3,1,1,1,1,1,3,1,3, , , , , , , , , , ,3,3,2,3,3,3,3,2,3,3,4, , ,3, ,28,2,0.993377503
4982,6,2,2,1, , ,2,2,1,0, ,0, ,36000, , , , , , ,3,2,3,3,3,3,1,1,1,1,1,1,1,1,1,1,1,1,1,1,1,1,1,1,1,1,1,1,1,1,1,1,1,1,1,1,1,1,2, , , , , , , , , , , , , , , , , , , , , , , , , , , , , , , , , , , , , , , , , , , , , , , , , , , , , , , , , , , , ,2,3,3,2,2,2,2,2,2,2,3,3,3,3,3,3,3,3,3,3,3,2,3,3,3,2,3,2,2,2,2,2,2,2,2,2,2,2,2,2,2,2,2,2, , , , , , , , , , , , , , , , ,3,3,3,3,3,3,3,3, , , , , , , , , , ,2,3,2,2,2,2,2,2,2,2,4,1, , , ,28,2,0.993377503
5003,6,1,2,1, , ,2,2,1,15000, ,25000, ,40000, , , , ,3,3,3,3,3,3,2,2,2,2,2,2,2,2,2,3,2,2,3,3,2,3,3,2,2,2,2,4,4,4,3,2,2,4,3,2,2,3,3,2,1,3,30,0,1,4,1,1,3,1,3,1,1,1,1,1,1,4,4,2,2,1,2,1,1,1,1,3,4,3,2,1,1,1,2,3,1,1,4,4,1,1,1,1,1,1,1,1,1,1,1,1,2,1,2,3,3,1,1,1,3,3,3,3,3,2,2,2,3,3,3,3,3,3,3,3,3,2,3,2,3,3,3,3,3,3,2,2,3,3,3,2,1,2,3,2,3,3,3,3,3,3,3,3,3, , , , , ,1, ,1, , , , , ,1, ,3,3,3,3,3,3,3,3,3, , , , , , , , , , ,3,3,3,3,3,3,3,3,3,3,4, ,2, , ,26,2,1.020749108
5009,6,1,2,1, , ,2,2,1,20000, ,25000, ,48000, , , , ,3,3,3,3,3,2,2,2,2,2,2,3,3,2,3,3,3,3,3,3,3,3,4,1,1,1,1,4,4,4,3,2,1,3,1,1,2,3,3,2,1,5,30,0,1,3,1,1,3,2,3,2,1,1,1,1,1,2,4,2,2,2,1,1,1,1,1,4,4,3,3,1,1,1,1,1,1,1,4,4,1,1,1,1,1,1,1,1,2,1,1,1,1,1,1,3,3,1,1,1,3,3,4,3,4,2,2,2,3,3,3,4,4,4,4,3,3,2,3,3,3,2,3,3,3,3,2,3,2,3,3,2,1,2,3,2,2,3,2,3,3,2,2,3,3,1, ,1, , ,1, ,1,3, ,3, , ,1, ,3,3,3,3,3,3,3,3,3, , , , , , , , , , ,3,2,3,2,3,2,3,3,3,3,3, ,2, , ,34,2,1.020749108
5020,6,1,2,1, , ,2,2,1,25000, ,17000, ,50000, , , , ,3,3,3,3,3,3,2,2,2,2,2,3,3,2,3,3,2,3,3,4,3,4,4,1,1,4,1,4,4,4,4,3,2,3,2,2,2,2,2,2,1,2,30,0,1,3,1,1,3,2,3,3,1,1,1,1,1,3,4,1,1,1,1,1,1,1,1,3,4,4,2,1,1,1,4,4,1,1,4,4,1,1,1,1,1,1,1,1,1,1,1,1,2,2,3,2,3,1,1,1,3,4,3,3,3,3,3,3,3,3,3,4,4,4,4,3,3,3,3,2,3,3,2,3,3,3,2,2,2,3,3,2,1,2,2,2,2,3,3,3,3,2,2,3,3,1,1,1, , ,1, ,1,4,1,3, , ,1, ,3,4,3,3,3,3,3,3,3, , , , , , , , , , ,3,2,2,3,2,2,3,3,3,3,3, ,2, , ,34,2,0.985680343
5028,6,1,2,1, , ,2,2,1, ,1, ,1,47000, , , , ,3,3,3,3,3,3,2,2,2,2,2,3,2,2,3,3,3,3,3,3,3,3,3,2,1,4,1,3,3,3,3,3,2,3,3,2,2,3,3,2,1,0,30,0,1,1,1,1,3,3,3,3,1,1,1,1,1,2,4,2,2,2,1,1,1,1,1,2,4,4,3,2,1,1,4,4,1,1,4,4,1,1,1,1,2,2,2,2,1,1,1,1,2,2,3,3,3,1,1,1,3,3,3,3,3,3,3,4,3,3,3,3,3,3,3,3,3,3,3,2,3,2,3,4,4,4,2,2,2,3,3,2,1,2,2,3,3,2,3,3,3,2,3,3,3,1,1,1, , ,1, ,1,3,2,3, , ,1, ,3,3,3,3,3,3,3,3,3, , , , , , , , , , ,2,3,3,3,3,2,2,3,3,3,3, , ,3, ,40,2,0.983399111
5036,6,1,1,1, , ,1,2,1, ,1, ,1,43000, , , , ,2,2,3,2,3,3,2,2,1,1,1,3,1,1,2,3,3,1,4,4,3,4,4,1,1,3,1,4,4,4,4,2,1,3,1,1,1,2,2,1,1,0,30,0,1,1,1,1,3,3,2,3,1,1,1,1,1,2,3,1,2,1,1,1,1,1,1,3,3,2,2,1,1,1,3,4,1,1,4,4,1,1,1,1,2,1,1,2,1,1,1,1,3,2,3,3,3,1,1,1,3,4,3,3,3,3,3,3,3,3,3,3,3,3,3,3,3,2,3,3,3,3,4,4,4,4,2,2,2,3,3,2,1,2,2,2,3,3,2,3,3,2,2,2,3,1,1,1, , ,1, ,1,2,1,1, , ,3, ,3,2,3,3,3,3,3,3,4, , , , , , , , , , ,2,2,3,3,3,3,3,2,3,3,3, ,2, , ,44,2,0.985680343
5047,6,1,2,1, , ,2,2,1,25000, ,20000, ,47000, , , , ,3,3,3,2,3,3,2,2,2,2,2,3,2,2,2,3,3,2,4,3,3,3,3,1,1,3,1,4,4,4,3,3,1,4,1,1,1,2,1,1,1,0,30,0,1,1,1,1,3,2,2,2,1,1,1,1,1,2,4,1,2,1,1,1,1,1,1,4,4,4,4,2,1,1,3,4,1,1,4,4,1,1,1,1,1,1,3,2,1,1,1,1,3,1,3,3,3,1,1,1,3,3,3,3,3,2,2,2,3,3,3,3,3,3,3,3,3,2,3,2,3,2,3,4,3,4,2,2,2,3,3,3,1,2,2,2,3,2,2,3,3,2,2,3,3,1,1,1, , ,1, ,1,2,1,1, , ,3, ,3,2,3,3,3,3,3,3,3, , , , , , , , , , ,2,2,3,3,3,3,3,2,3,3,3, ,2, , ,42,2,1.020749108
5067,6,2,1,1, , ,2,2,1, ,1, ,1,50000, , , , ,2,2,3,3,4,4,2,2,2,2,2,2,3,2,3,4,3,3,4,3,3,4,4,2,2,4,2,4,4,4,4,3,2,3,3,2,2,3,3,2,1,0,30,0,1,1,1,1,4,2,3,3,1,1,1,1,1,3,4,2,2,1,1,1,1,1,1,4,4,4,3,1,1,1,4,4,1,1,4,4,1,1,1,1,2,2,3,2,1,1,1,1,2,1,3,4,4,1,1,1,4,4,3,4,4,2,2,2,4,4,4,3,3,3,3,4,4,3,4,2,3,2,3,4,3,4,2,2,2,3,3,2,1,2,2,2,3,3,2,2,2,3,2,3,2, ,1,1, , ,1, ,1, ,1,1, , ,3, ,3,3,3,3,3,3,3,3,3, , , , , , , , , , ,2,2,3,3,3,2,2,2,3,3,3, ,2, , ,28,2,0.993377503
5110,6,2,2,1, , ,2,2,1,25000, ,0, ,35000, , , , ,3, ,3,3,2,3,2,2,1,2,1,2,1,2,1,3,2,2,3,2,2,3,3,2,3,3,2,3,3,2,3,2,2,1,2,2,2,1,2,1,1,0,30,0,1,1,1,1,2,2,3,2,1,1,1,1,1,2,2,2,2,1,1,1,1,1,1,2,2,2,2,1,1,1,2,1,1,1,2,2,1,1,1,1,2,1,2,2,1,1,1,1,3,2,2,2,1,1,1,1,1,3,4,3,4,4,3,4,3,3,4,3,2,3,2,2,3,2,2,2,3,2,2,2,2,2,2,2,3,2,2,2,2,2,2,2,1,1,2,1,2,1,1,2,1, , , , , , , , , , , , , , , , ,3,3,3,2,3,2,2,2, , , , , , , , , , ,2,2,2,2,1,2,2,2,3,2,3,1, , , ,34,2,0.983399111
5116,6,2,2,1, , ,2,2,1,0, ,0, ,56000, , , , , , ,3,2,4,3,3,3,1,2,1,1,2,1,1,2,1,1,2,2,1,2,2,1,2,2,1,2,3,2,1,2,1,2,2,1,2,2,1,2,1,0,30,0,1,1,1,1,2,2,3,2,1,1,1,1,1,2,2,2,2,2,1,1,1,1,1,3,2,2,2,2,1,1,2,2,1,1,2,2,1,1,1,1,3,2,2,2,1,1,1,1,2,2,1,2,2,2,1,2,1,2,1,2,1,2,1,2,1,2,1,2,1,2,1,2,1,2,1,2,3,2,3,2,3,2,3,3,2,3,2,3,2,2,1,2,1,1,2,2,2,1,2,1,2, , , , , , , , , , , , , , , , ,2,1,2,2,2,2,2,2, , , , , , , , , , ,3,2,3,2,3,2,3,2,3,2,3,1, , , ,43,2,0.993377503
5649,6,2,2,1, , ,2,1,1, ,1, ,1,4000, , , , ,2,2,2,2,3,2,3,3,2,2,2,1,2,1,2,3,3,2,4,3,2,2,4,3,2,3,2,1,3,3,3,3,2,2,2,1,2,1,2,2,1,0,30,0,1,1,1,1,4,3,4,2,1,1,1,1,1,2,4,1,1,1,1,1,1,1,1,2,2,2,1,1,1,1,3,3,1,1,1,1,1,1,1,1,1,1,1,1,1,1,1,1,1,1,1,1,1,1,1,1,2,3,3,2,3,3,3,2,3,3,2,4,4,3,3,3,2,3,2,3,3,2,2,4,3,3,3,3,2,3,2,3,2,2,3,2,3,2,2,1,2,1,2,2,2,1,1,1,1, ,1, , ,1,1,1,1, ,1, , ,3,3,3,1,3,3,1,1,1, , ,3,4, , , , , ,2,2,4,3,2,3,3,3,2,3,4, ,2,3, ,25,2,0.985680343
5653,6,2,2,1, , ,2,1,1, ,1, ,1,50000, , , , ,1,1,1,3,2,3,3,3,2,2,2,1,1,1,1,3,4,2,4,4,2,2,4,3,2,4,2,2,3,3,3,3,2,2,1,2,1,2,2,2,1,0,30,0,1,1,1,1,4,3,4,2,1,1,1,1,1,2,4,2,3,1,1,1,1,1,1,3,2,2,1,1,1,1,4,4,1,1,4,4,1,1,1,1,1,1,1,1,1,1,1,1,1,1,1,3,1,1,1,1,2,3,4,2,2,2,3,3,2,3,2,3,3,3,3,4,3,4,3,3,4,3,3,4,3,4,3,3,3,4,3,3,2,3,2,2,2,3,3,2,3,2,3,3,3,1,1,1, , ,1,1, ,1,2,1, , ,1,1, ,3,3,2,1,1,4,2,1,1, , ,3,4, , , , , ,3,2,3,2,2,2,3,4,3,2,2, , ,3,4,28,2,0.985680343
5847,6,2,1,1, , ,2,2,1,0, ,30000, ,40000, , ,1,1, ,3,3,3,3,3,3,3,3,4,4,3,3,3,3,3,3,3,3,3,3,3,4,2,3,2,3,3,4,4,4,3,3,4,3,3,3,3,2,2,1,10,30,0,2,4,2,1,3,3,3,2,2,2,2,2,4,3,3,2,2,4,2,3,3,2,2,3,4,4,3,3,1,1,2,1,2,2,4,4,1,1,1,1,1,1,1,1,4,3,3,1,3,2,3,2,2,2,2,1,3,3,4,3,3,3,3,4,3,3,3,3,3,3,3,3,3,2,2,3,3,3,3,4,4,3,3,3,3,3,1,2,1,4,3,2,2,2,3,2,2,2,2,3,1,1,1,1,1,1,1, , ,2,3,3,3,2,1, , ,3,3,3,3,3,2,2,2, , , , , , , , , , ,3,3,3,3,4,3,3,3,3,2,4, , ,3, ,26,2,0.985680343
5850,6,1,2,1, , ,2,2,1,50000, , ,1,30000, ,1, , ,3,2,2,3,4,4,4,2,2,3,2,2,4,3,1,3,3,2,3,3,1,3,4,2,3,4,1,3,3,2,3,2,2,2,1,1,2,2,1,1,1,0,30,0,1,1,1,1,3,2,3,1,1,1,1,1,1,1,3,1,1,1,1,1,1,1,1,3,3,3,1,1,1,1,1,3,1,1,2,1,1,1,1,1,1,1,1,2,1,1,1,1,1,1,1,1,1,1,1,1,1,3,4,3,3,3,3,2,2,3,3,3,3,1,2,1,1,1,1,3,2,3,3,3,3,3,1,2,2,3,3,1,2,1,1,1,1,1,1,1,1,1,1,1,1, , , , , , , , , , , , , , , , ,2,2,2,3,2,2,2,1, , , , , , , , , , ,3,4,1,3,3,4,2,4,2,2,4, ,2, , ,49,2,0.985680343
5867,6,1,2,1, , ,2,2,1,50000, , ,1,25000, , , , ,2,2,2,3,3,2,2,2,2,3,2,2,3,2,1,3,4,2,4,4,2,3,3,1,2,2,2,2,3,3,3,2,2,2,1,1,1,2,2,1,1,0,30,0,1,1,1,1,3,1,2,1,1,1,1,1,1,3,3,1,1,1,1,1,1,1,1,3,2,2,1,1,1,1,2,2,1,1,3,2,1,1,1,1,1,1,1,1,1,1,1,1,1,1,2,2,1,1,1,1,1,3,3,4,3,2,2,2,2,2,1,3,3,2,2,1,2,2,1,2,2,2,2,3,2,2,1,2,2,3,2,2,2,2,2,2,2,2,1,1,2,2,2,2,1, ,1, , , ,1, , , ,2, , , ,1, , ,2,3,2,2,2,2,2,2,1, ,2, , , , , , , ,3,3,1,3,3,3,3,1,2,2,4, ,2, , ,44,2,0.985680343
5869,6,2,2,1, , ,2,2,1,0, ,0, , ,1, , , , , ,1,1,4,4,3,1,1,1,1,1,1,1,1,1,1,1,1,1,1,1,1,1,1,1,1,1,1,1,1,1,1,1,1,1,1,1,1,1,3, , , , , , , , , , , , , , , , , , , , , , , , , , , , , , , , , , , , , , , , , , , , , , , , , , , , , , , , , , , , ,4,4,4,3,3,2,2,2,2,2,3,3,2,2,1,1,1,1,3,3,3,3,3,3,3,3,3,3,3,3,2,2,1,1,1,1,1,1,1,1,1,1,1,1, , , , , , , , , , , , , , , , ,2,2,2,2,2,2,2,2, , , , , , , , , , ,3,3,3,3,3,2,2,2,2,2,4,1, , , ,46,2,0.985680343
5875,6,2,1,1, , ,1,2,1,50000, , ,1,50000, ,1,1,1,3,3,3,3,3,3,2,2,4,3,3,3,4,3,3,3,3,4,4,3,3,3,4,3,3,3,2,3,3,4,4,3,3,4,2,3,1,2,3,2,1,0,30,10,1,1,3,1,3,2,2,3,1,1,1,1,1,2,2,2,2,2,1,1,1,1,1,4,4,4,3,3,1,1,3,2,1,1,2,3,1,1,1,1,2,1,3,3,1,1,1,1,3,3,3,3,3,1,1,2,2,3,3,4,3,4,3,4,3,3,3,3,3,3,3,3,3,3,3,3,3,3,3,4,3,3,1,3,2,4,3,1,1,2,3,3,3,3,3,2,2,2,3,3,1,1,1,1,1, ,1, , ,1,3,3,3, ,1, , ,3,3,3,3,3,3,3,3, , , , , , , , , , ,2,3,3,2,3,3,2,3,3,2,4, , , ,4,28,2,0.985680343
5879,6,2,2,1, , ,2,2,1,30000, ,0, ,35000, ,1, ,1,3, ,3,3,3,3,3,3,2,3,2,2,3,2,2,3,3,2,3,3,2,3,2,3,3,2,2,3,3,3,3,3,3,3,2,3,2,2,3,3,1,0,25,0,1,1,1,1,2,2,3,1,1,1,1,1,1,2,3,1,1,1,1,1,1,1,1,3,2,3,1,1,1,1,2,2,1,1,3,3,1,1,1,1,2,2,2,2,1,1,1,1,2,1,1,1,2,1,2,1,3,3,3,3,3,2,2,3,3,2,3,3,3,3,3,2,2,2,1,3,3,3,2,4,3,3,1,3,3,3,3,1,1,2,2,2,1,2,2,2,2,2,2,2,1, ,1,1,1, , , , , ,2,3,3, , , , ,1,3,3,3,2,2,2,2, , , , , , , , , , ,3,2,2,3,2,2,2,3,2,1,4, ,2, , ,36,2,0.985680343
6073,6,1,2,1, , ,2,2,1, ,1, ,1, ,1, , , ,3,2,3,3,2,2,3,2,3,3,3,3,3,2,3,3,3,3,3,3,3,3,3,3,2,2,3,3,3,3,3,3,3,3,4,3,2,3,2,2,1,20,30,1,4,4,4,4,4,2,2,2,2,1,1,1,1,2,2,2,2,2,4,4,1,1,1,3,3,3,2,2,1,1,1,1,1,1,1,1,1,1,1,1,1,1,1,1,1,1,1,1,1,1,1,1,1,1,1,1,1,3,3,3,3,1,1,1,1,3,3,1,2,2,2,4,4,3,3,3,3,3,3,3,4,3,3,3,3,3,3,3,1,3,3,2,3,2,3,2,2,1,3,2,3,1,1,1,1,1, ,1, ,2,4,3,2,3, ,2, ,3,3,3,3,2,3,3,2, , , , , , , , , , ,3,3,3,3,4,4,2,3,3,3,2,1,2,3, ,50,2,0.985680343
6397,6,1,1,1, , ,2,2,1,20000, ,10000, ,60000, ,1,1,1,3,3,3,4,1,1,1,1,4,4,4,4,4,4,4,4,4,4,4,4,4,4,4,4,4,4,4,4,3,4,4,4,4,4,4,3,4,4,4,4,1,25,30,0,4,4,3,3,4,4,4,4,3,3,2,3,2,4,4,4,4,4,4,2,3,3,3,4,4,4,4,4,4,4,4,4,4,4,4,4,3,2,2,2,4,4,4,4,3,3,2,3,3,4,4,4,2,1,1,1,2,4,4,3,4,4,4,4,4,4,4,4,4,4,4,4,3,4,3,4,4,4,4,4,4,4,4,4,4,4,4,4,1,4,3,4,4,4,4,4,3,4,4,4,4,1,1, ,1, , ,1,1,3,4, ,3, , ,2,2,3,4,3,4,4,4,4,4, , , , , , , , , , ,4,3,4,4,3,4,4,3,4,4,4,1,2,3,4,40,1,0.983399111
6399,6,1,2,1, , ,1,2,1,0, ,0, ,45000, , , ,1, , ,3,4,2,2,3,4,3,2,3,2,3,2,4,4,4,4,4,4,3,3,4,3,3,4,4,4,4,4,4,4,4,3,3,3,4,3,3,4,1,25,30,10,2,3,3,3,4,3,4,4,3,4,4,2,3,3,4,4,2,2,3,4,4,2,2,4,4,4,3,2,2,3,2,4,4,4,4,4,2,4,3,4,3,2,4,3,3,2,4,3,3,3,4,4,3,1,1,1,3,4,4,3,4,4,3,4,4,3,4,3,4,4,3,3,4,4,3,3,4,3,4,4,4,4,4,3,4,3,4,3,1,3,3,3,3,3,4,3,3,4,3,3,3,1,1, ,1, , , ,1,3,3, ,3, , , ,3,3,3,3,3,4,3,3,4, , , , , , , , , , ,4,4,3,3,4,3,3,4,3,3,4, ,2, , ,31,2,0.983399111
6408,6,2,2,1, , ,2,2,1,24000, ,0, ,34000, , , , ,2, ,3,2,3,3,3,2,2,1,1,2,2,2,1,3,3,2,2,3,2,2,2,1,2,3,1,3,3,3,3,3,2,2,3,2,2,3,2,2,1,0,30,0,1,1,1,1,3,1,2,1,1,1,1,1,1,2,4,3,2,1,1,1,1,1,1,2,3,4,1,1,1,1,3,3,1,1,2,2,1,1,1,1,2,1,2,1,1,1,1,1,1,2,2,2,1,1,1,1,3,3,4,3,3,3,2,3,2,3,2,3,3,4,2,2,2,2,2,3,2,3,3,3,2,3,2,3,2,3,2,3,2,3,3,2,2,2,2,1,2,2,2,2,3,1,1,1,1, , ,1,1,1,1,1,1, , ,1,1,2,3,3,2,1,1,1,1,1, ,2, ,4, ,6, , , ,3,2,3,2,2,3,3,3,2,2,4,1, , , ,59,2,0.985680343
6410,6,1,2,1, , ,2,2,1,34000, ,0, ,58000, ,1, ,1,3, ,3,3,2,2,3,1,2,2,2,3,3,2,2,3,3,3,4,3,2,2,3,2,2,3,2,3,3,3,3,3,2,3,3,2,3,2,2,2,1,15,30,0,2,1,3,1,3,1,2,1,2,2,2,2,1,2,3,3,3,1,2,3,3,2,2,3,3,3,2,2,3,3,2,2,2,2,2,2,2,2,2,1,2,1,1,1,1,1,1,1,1,1,1,1,1,1,1,1,3,3,3,4,3,3,3,2,2,2,2,3,4,3,3,2,3,3,2,2,2,3,2,3,3,3,2,2,2,3,2,3,2,3,3,3,2,2,2,2,2,3,2,3,3,1,1,1, , , ,1,1,1,1,1, , , ,1,1,1,3,3,2,2,1,2,1,1, ,2, ,4, , , , , ,3,3,3,2,2,3,3,3,3,2,4,1,2, , ,45,1,0.985680343
6415,6,2,2,1, , ,2,2,1,35000, ,0, ,68000, ,1, ,1,3, ,3,2,3,3,3,2,2,1,1,1,2,2,2,3,3,2,3,3,2,2,2,1,2,3,2,3,3,3,3,3,2,2,1,3,2,2,2,1,1,10,30,0,2,1,2,1,2,1,3,1,1,1,1,1,1,2,3,3,3,1,2,3,3,3,2,3,3,3,1,2,2,2,3,3,2,2,2,2,1,1,1,1,1,1,1,1,1,1,1,1,1,1,1,1,1,1,1,1,3,3,4,3,3,3,2,3,2,2,3,3,4,3,2,2,2,1,2,2,2,3,3,3,2,3,2,2,2,3,2,3,2,3,3,3,2,2,2,2,1,2,2,3,2,1,1,1, , , ,1,1,1,1,1, , , ,1,1,1,3,3,2,1,1,2,1,1, ,2, ,4, ,6, , , ,3,2,3,3,3,2,3,3,3,2,4,1,2, , ,59,1,0.983399111
6418,6,1,2,1, , ,2,2,1,32000, ,0, ,58000, ,1, , ,3, ,3,3,3,3,3,2,1,1,1,1,2,2,2,3,3,2,3,3,2,2,2,1,2,3,2,3,3,4,3,3,2,2,2,3,2,3,2,2,1,10,30,0,1,1,3,1,2,2,3,1,2,2,2,2,1,2,2,3,3,2,2,3,3,2,2,3,3,4,2,2,2,2,3,3,2,2,3,3,1,1,1,1,1,1,1,1,1,1,1,2,1,1,1,3,1,1,1,1,3,3,4,3,3,3,2,3,2,3,3,3,3,3,2,2,2,1,2,2,2,3,3,3,2,3,2,2,2,3,2,3,2,3,3,3,2,2,2,2,1,2,3,3,2,1,1, , , , , ,1,1,1, , , , , ,1,1,3,3,1,1,1,2,1,1, ,2, ,4, , , , , ,3,3,3,2,3,3,3,3,3,2,4,1,2, , ,47,2,0.985680343
6421,6,2,1,1, , ,1,2,1,34000, ,0, ,68000, ,1, ,1,3, ,4,4,1,2,2,1,3,4,2,4,3,3,3,4,3,4,3,3,3,3,3,2,3,4,3,4,4,4,3,3,2,3,3,4,3,3,3,2,1,25,30,15,2,3,3,2,3,3,3,2,3,3,3,3,1,3,4,3,3,1,2,3,2,3,1,3,4,4,3,1,4,4,3,3,2,2,3,3,2,1,1,1,2,1,1,1,2,2,2,4,2,2,3,2,1,1,1,1,4,3,3,3,4,3,3,3,4,3,3,3,3,4,3,3,4,3,3,2,2,3,3,4,3,4,3,2,2,3,2,3,2,3,4,3,3,4,3,3,3,4,3,3,3,1,1,1,1,1,1,1,1,1,1,1,1,1,1,1,1,1,3,3,2,1,1,2,1,1, , ,3,4, , , , , ,3,4,3,3,3,4,3,3,3,3,3,1,2,3, ,31,1,0.983399111
6441,6,2,2,1, , ,2,2,1,0, , ,1,50000, , ,1, , ,2,3,2,3,3,3,2,3,4,3,4,4,3,2,4,4,4,4,4,4,3,3,2,2,2,2,2,4,3,3,3,2,3,3,3,2,3,2,3,1,0,30,0,1,1,1,1,4,3,4,2,1,1,1,1,1,4,4,1,2,2,1,1,1,1,1,4,2,3,2,1,1,1,1,2,1,1,4,3,1,1,1,1,1,1,1,1,1,1,1,1,4,1,2,2,1,1,1,1,3,3,3,3,3,2,3,2,3,3,3,3,3,3,3,3,2,3,3,2,3,3,3,3,3,4,2,2,2,3,3,2,1,3,3,3,3,2,3,2,2,3,3,2,2, ,1, ,1, ,1,1,1, ,2, ,4, ,1,2,2,3,3,3,3,3,3,3,3, , , , , , , , , , ,3,2,3,2,3,3,3,2,3,3,4, , ,3,4,34,1,1.020749108
6458,6,2,1,1, , ,2,2,1,0, ,18000, ,48000, , ,1, , ,2,3,3,3,3,3,2,4,4,3,4,4,3,2,4,4,4,4,4,4,3,3,2,2,2,3,2,4,3,3,4,2,3,3,3,1,3,2,3,1,10,30,0,4,4,3,3,4,2,4,2,3,1,1,3,1,4,4,1,3,3,2,2,3,2,2,4,2,4,2,1,2,1,1,1,3,1,4,3,1,1,1,1,1,1,1,1,3,1,1,2,2,1,2,3,2,1,1,1,3,3,3,3,3,3,3,2,2,3,3,3,3,3,3,3,2,3,3,2,2,3,3,3,2,4,2,2,2,3,3,2,1,3,3,2,2,2,3,3,3,3,3,2,2, ,1, ,1, ,1,1,1, ,1, ,4, ,1,1,2,3,3,3,3,3,3,3,3, , , , , , , , , , ,4,2,3,2,3,3,3,3,3,3,4, ,2,3, ,28,1,1.020749108
6475,6,2,2,1, , ,2,2,1,0, ,0, ,40000, , , , , , ,3,2,3,3,3,1,1,1,1,1,1,1,1,4,4,2,3,4,2,2,3,2,2,2,1,2,3,3,3,2,1,2,2,2,2,2,2,2,1,0,30,0,1,1,1,1,3,3,1,1,1,1,1,1,1,2,3,2,1,1,1,1,1,1,1,3,1,2,1,1,1,1,1,1,1,1,1,1,1,1,1,1,1,1,1,1,1,1,1,1,1,1,1,1,1,1,1,1,3,3,3,3,2,3,4,3,3,3,3,3,3,3,3,2,2,2,2,2,2,2,3,3,2,3,3,2,2,2,2,3,2,3,2,2,3,2,2,3,3,2,2,2,2, ,1,1, , , , , , ,1,2, , , , , ,3,4,4,3,3,3,3,2,1, ,2, ,4, , , , , ,3,3,4,3,3,2,3,3,3,3,4, ,2,3, ,35,2,1.020749108
6477,6,1,1,1, , ,2,2,1, ,1, ,1,50000, ,1,1, ,2,2,3,2,2,3,3,2,2,3,2,3,3,2,2,3,3,3,3,3,3,2,3,1,1,1,2,2,3,2,3,3,1,2,2,2,1,2,2,2,1,0,30,0,1,1,1,1,4,2,3,1,1,1,1,1,1,1,4,1,3,1,1,1,1,1,1,4,1,3,1,1,1,1,1,1,1,1,2,3,1,1,1,1,1,1,1,1,1,1,1,1,2,1,1,1,1,1,1,1,2,3,3,3,3,3,3,3,2,3,3,3,3,2,3,2,2,2,3,2,2,3,3,3,3,3,2,2,2,3,3,3,2,2,2,2,2,2,3,2,2,2,3,2,3, ,1, , , ,1,1, , ,1, , , ,1,1, ,3,3,3,3,3,4,3,3,1, ,2, ,4,5, , , , ,3,3,3,3,3,3,2,3,3,3,4,1, , , ,51,1,0.983399111
6489,6,1,1,1, , ,2,2,1, ,1, ,1,35000, , , , ,3,3,3,3,2,3,3,1,3,3,4,3,3,3,3,4,4,3,4,3,3,3,4,2,2,2,2,4,4,3,3,3,2,3,3,3,3,3,3,3,1,15,15,30,3,2,2,1,3,3,3,1,2,2,1,1,1,3,3,1,1,1,2,2,1,1,1,3,3,1,1,1,1,1,1,1,2,1,3,1,1,1,1,1,1,1,1,1,1,1,1,1,3,1,1,1,2,1,2,1,3,3,4,3,3,3,4,3,3,3,3,3,3,3,3,3,2,2,2,3,4,3,3,4,3,3,3,3,2,3,2,2,1,3,2,2,3,3,2,3,2,2,3,3,3, ,1, ,1,1,1, , , ,1, ,2,1,2, , ,2,3,3,3,3,3,3,3,1, , , ,4, , , , , ,3,4,3,3,3,3,3,3,3,3,2,1,2,3,4,33,1,1.020749108
6492,6,2,1,1, , ,2,2,1, ,1, ,1,43000, ,1,1,1,3,3,3,2,3,3,3,2,3,2,3,4,4,4,3,3,4,4,4,4,3,3,3,1,1,2,2,2,3,3,3,3,1,3,3,3,1,2,2,3,1,8,30,0,3,3,2,1,4,2,3,2,2,1,1,1,1,3,4,1,3,2,3,2,1,1,1,4,2,3,1,1,1,1,1,3,1,1,4,2,1,1,1,1,1,1,1,1,2,1,1,3,3,1,2,2,1,1,1,1,3,3,3,3,3,3,3,2,2,3,3,3,3,3,3,2,3,2,3,2,2,2,3,3,2,4,3,2,2,3,3,2,2,2,2,3,2,2,3,3,3,2,3,2,3, ,1, ,1, ,1,1,1, ,1, ,3, ,1,3,1,3,4,3,3,3,3,3,3, , , , , , , , , , ,3,2,3,3,3,2,3,2,3,3,4,1,2, , ,26,2,1.020749108
6495,6,2,2,1, , ,2,2,1,0, ,0, ,50000, , , , , , ,3,4,3,3,2,1,4,4,3,4,4,3,2,4,4,4,4,4,4,4,4,3,4,4,3,4,4,4,4,3,3,4,3,4,3,3,3,3,1,0,30,0,1,1,1,1,3,2,2,2,1,1,1,1,1,4,4,3,3,3,1,1,1,1,1,4,3,3,2,2,1,1,1,1,1,1,1,1,1,1,1,1,1,1,1,1,1,1,1,1,1,1,1,2,1,1,2,3,3,4,4,4,3,3,4,4,4,4,4,4,4,4,3,3,3,3,3,3,2,3,4,4,3,3,2,3,3,4,3,3,1,3,3,3,3,3,3,3,3,3,3,2,3, ,1,1, , ,1, , , ,3,3, , ,3, , ,3,3,3,3,3,4,3,3, , , , , , , , , , ,3,2,3,3,4,3,3,3,3,3,4, , ,3,4,27,1,1.020749108
6503,6,2,1,1, , ,1,2,1,40000, , ,1,40000, ,1,1,1,3,3,3,4,3,3,2,1,3,3,3,3,4,2,2,4,4,4,4,4,4,4,4,3,4,4,3,4,4,4,4,4,4,3,3,4,4,4,4,4,1,15,30,0,2,3,1,2,4,2,2,2,4,4,2,2,2,4,4,2,2,2,4,4,4,3,3,4,4,4,3,2,2,2,2,2,2,2,2,2,1,1,1,1,1,1,1,1,1,1,1,1,1,1,1,1,1,1,3,2,3,4,4,4,4,3,3,3,3,3,3,4,4,3,3,3,3,3,2,3,3,4,2,4,3,3,2,3,3,3,3,3,1,3,3,2,4,2,3,3,3,2,3,3,3, ,1,1, , , , , , ,3,3, , , , , ,3,4,4,3,3,3,3,3, , , , , , , , , , ,3,3,3,4,3,2,3,3,3,3,4, , ,3,4,38,2,0.993377503
6507,6,2,2,1, , ,2,2,1,0, ,0, ,40000, , , , , , ,3,3,4,2,4,3,3,3,2,3,3,3,3,4,4,3,3,4,3,3,4,2,2,2,3,3,4,3,3,3,3,2,2,3,3,3,2,2,1,0,30,0,1,1,1,1,3,2,4,1,1,1,1,1,1,3,4,3,1,1,1,1,1,1,1,4,4,4,2,1,1,1,2,3,1,1,3,2,1,1,1,1,3,2,2,1,1,1,1,1,3,2,2,2,3,1,2,2,3,4,3,3,4,4,3,3,4,3,3,3,3,3,3,2,2,2,2,2,3,3,3,3,3,3,2,3,3,3,3,2,1,3,2,3,1,2,3,3,2,3,3,3,2,1,1, , , , , , ,2,2, , , , , , ,4,3,2,3,2,3,2,2,1, , ,3,4, , , , , ,3,4,3,3,4,3,3,3,3,3,2,1,2, , ,34,2,0.993377503
6515,6,2,1,1, , ,2,2,1, ,1, ,1,30000, , , , ,2,2,3,3,1,3,4,2,2,2,2,2,2,2,2,4,4,2,2,2,2,2,3,1,1,1,1,1,3,3,1,2,1,1,2,1,1,1,1,1,1,0,30,0,1,1,1,1,3,2,3,1,1,1,1,1,1,3,2,2,1,1,1,1,1,1,1,3,2,2,1,1,1,1,2,3,1,1,3,2,1,1,1,1,1,1,1,1,1,1,1,1,2,1,1,1,3,1,2,2,3,3,3,2,2,3,3,3,3,3,3,3,3,3,3,2,2,2,2,3,3,3,3,3,3,3,2,2,3,3,3,2,1,3,4,3,3,3,3,4,3,3,3,3,3, ,1, , , , , , , ,1, , , , , , ,2,3,3,3,2,3,2,2,1, , , ,4, , , , , ,3,2,2,3,3,2,2,2,2,2,2,1,2, , ,54,1,1.020749108
6517,6,2,1,1, , ,1,2,1, ,1, ,1,45000, , , , ,3,3,3,4,4,3,3,2,3,3,3,3,3,3,2,4,4,4,4,4,4,4,4,2,3,3,4,4,4,4,4,3,3,3,4,3,3,4,2,3,1,20,30,15,4,3,2,1,4,3,2,1,4,4,3,3,2,4,4,3,2,2,4,4,3,2,2,4,4,3,2,2,2,2,3,2,2,2,2,2,1,1,1,1,1,1,1,1,2,2,2,3,2,2,2,2,2,2,3,3,4,3,4,4,3,3,4,3,3,3,3,3,4,3,2,3,3,3,3,2,3,2,2,3,3,3,2,2,3,3,2,3,1,3,3,2,4,3,3,3,4,3,3,3,3, ,1,1, , , , , , ,2,2, , , , , ,3,4,4,3,3,4,3,2,1, ,2, ,4, , , , , ,3,4,3,3,4,3,3,3,3,3,4, , ,3,4,28,2,1.020749108
6519,6,1,2,1, , ,2,2,1, ,1, ,1,40000, , , , ,2,2,3,2,4,3,3,2,2,2,2,3,3,2,2,2,3,3,3,3,2,2,2,1,1,1,1,3,3,3,3,3,1,1,1,2,1,2,2,2,1,0,30,0,1,1,1,1,4,1,3,1,1,1,1,1,1,1,3,1,2,1,1,1,1,1,1,3,3,3,1,1,1,1,1,1,1,1,4,2,1,1,1,1,1,1,1,1,1,1,1,1,2,1,1,3,1,1,1,1,2,3,3,3,3,2,2,2,2,3,3,3,3,3,3,2,2,2,3,2,2,2,3,3,3,3,2,2,2,3,3,3,2,2,2,2,2,2,3,2,2,2,3,2,2, , , ,1, ,1,1, , , , ,2, ,1,2, ,3,3,3,3,3,3,3,2,1, ,2, ,4,5, , , , ,3,3,3,2,3,3,3,3,3,3,4,1, , , ,42,2,1.020749108
6528,6,2,2,1, , ,2,2,1,0, ,0, ,50000, , , , , , ,3,4,3,3,3,2,2,2,2,2,2,2,1,4,4,3,3,4,4,4,4,2,4,3,2,4,4,4,3,1,1,3,3,2,3,3,3,3,1,0,30,0,1,1,1,1,3,2,2,2,1,1,1,1,1,2,4,2,2,1,1,1,1,1,1,4,3,3,1,1,1,1,1,1,1,1,1,1,1,1,1,1,1,1,1,1,1,1,1,1,1,1,1,1,1,1,2,2,3,4,3,3,4,3,3,3,2,2,2,3,3,3,2,2,2,2,2,3,2,3,3,3,3,3,2,2,3,3,3,2,2,3,2,3,3,3,4,3,3,3,3,3,3, ,1, , , ,1,1, , ,2, , , ,4,3, ,3,4,3,3,3,4,3,3, , , , , , , , , , ,4,3,4,3,4,3,3,3,3,3,4, ,2,3, ,54,1,0.983399111
6540,6,2,2,1, , ,2,2,1,0, ,0, ,45000, , , , , , ,3,2,2,3,3,2,1,1,1,1,1,1,1,3,3,3,3,3,2,3,3,2,3,2,3,3,3,3,3,3,2,2,2,2,2,2,2,2,1,0,30,0,1,1,1,1,4,1,2,1,1,1,1,1,1,1,4,1,1,1,1,1,1,1,1,4,3,2,2,1,1,1,2,2,1,1,3,3,1,1,1,1,1,1,1,1,1,1,1,1,1,1,1,3,1,1,1,1,3,3,3,3,2,3,3,3,2,3,3,3,3,4,4,3,3,2,3,3,3,3,3,2,3,3,2,3,3,3,3,2,2,2,2,2,2,1,1,2,2,2,1,2,3, ,1, ,1, , , , , ,1, ,1, , , , ,2,3,3,3,3,2,2,2,1,1, ,3, , , , , , ,3,2,3,2,3,2,3,3,3,3,3, ,2,3, ,36,2,0.985680343
6542,6,2,2,1, , ,2,2,1, ,1, ,1,40000, , , , ,3,3,3,2,3,4,3,2,3,3,2,2,4,3,2,4,4,4,4,3,3,3,3,1,1,1,1,3,3,3,3,3,2,2,3,3,1,2,2,3,1,10,30,0,2,3,2,3,4,2,4,2,2,1,1,3,1,3,4,1,3,2,2,1,1,1,1,4,3,3,2,1,1,1,1,1,2,1,4,2,1,1,1,1,1,1,1,1,3,1,2,2,3,1,2,3,1,1,1,1,3,3,3,3,3,3,3,2,2,3,3,3,3,3,3,2,3,3,3,2,2,2,3,3,2,4,2,2,2,3,3,2,1,3,2,3,2,3,3,3,3,3,3,2,2, ,1, ,1, ,1,1,1, ,1, ,4, ,1,3,1,3,3,3,3,3,3,3,3, , , , , , , , , , ,3,2,3,2,3,3,3,3,3,3,4, ,2, , ,27,2,0.993377503
6546,6,2,1,1, , ,1,2,1,35000, , ,1,45000, , , , ,3,2,3,3,4,3,2,2,1,2,1,2,2,2,1,4,4,3,4,4,4,4,4,2,3,3,3,4,4,4,4,2,2,2,2,3,2,3,3,3,1,0,30,0,1,1,1,1,4,2,1,1,1,1,1,1,1,3,4,3,2,2,1,1,1,1,1,4,4,4,2,2,1,1,1,2,1,1,1,1,1,1,1,1,1,1,1,1,1,1,1,1,2,2,2,3,1,1,2,2,3,4,4,4,4,4,4,3,3,3,3,3,4,3,2,3,3,3,2,3,2,2,3,3,2,3,3,3,3,3,3,3,1,3,2,3,3,2,3,3,2,2,3,3,2,1,1,1, , , , , ,2,3,3, , , , , ,3,4,3,3,3,4,3,3, , , , , , , , , , ,3,3,2,3,2,3,4,3,3,3,4, ,2,3, ,44,2,1.020749108
6556,6,2,2,1, , ,1,2,1, ,1, ,1,60000, , , , ,3,3,4,4,4,3,2,2,2,2,2,2,3,2,1,4,4,4,4,4,4,4,4,3,3,3,3,4,4,4,4,3,3,3,4,3,3,4,3,3,1,0,30,10,1,1,1,1,4,3,3,2,1,1,1,1,1,4,4,3,3,3,1,1,1,1,1,4,3,4,3,3,1,1,1,1,1,1,1,1,1,1,1,1,1,1,1,1,1,1,1,1,1,1,1,2,1,1,2,3,3,4,4,4,3,3,3,3,2,2,2,4,4,3,3,3,3,2,3,3,2,3,3,3,3,3,3,3,3,3,3,2,1,4,4,3,3,3,3,2,3,3,3,3,3, ,1,1, , , , , , ,2,3, , , , , ,3,4,3,3,3,4,3,2, , , , , , , , , , ,3,3,4,4,3,3,4,3,3,3,4, , ,3,4,36,1,1.020749108
6562,6,1,2,1, , ,2,2,1,20000, , ,1,40000, ,1,1,1,3,2,3,2,3,3,3,2,1,2,2,2,2,1,1,3,2,2,3,3,2,2,3,2,2,2,2,3,3,3,3,2,2,1,1,1,1,1,2,2,1,0,25,0,1,1,1,1,2,1,3,1,1,1,1,1,1,3,4,1,1,1,1,1,1,1,1,4,3,3,1,1,1,1,1,2,1,1,3,2,1,1,1,1,1,1,1,1,1,1,1,1,1,1,1,2,2,1,1,1,3,3,3,3,3,3,4,3,3,3,3,3,3,3,4,2,2,2,3,3,2,3,3,3,3,3,2,2,3,3,3,3,2,1,1,1,1,2,2,1,1,2,2,1,1, ,1,1, , , , , , ,1,1, , , , , ,3,3,3,3,2,3,3,2,1, ,2,3, , , , , , ,3,3,2,2,3,2,3,3,3,2,3, ,2,3, ,37,2,0.993377503
6576,6,1,2,1, , ,2,2,1, ,1, ,1,45000, , , , ,3,3,3,2,3,3,3,2,1,1,1,1,1,1,1,1,1,1,3,2,1,1,3,1,1,1,1,3,3,3,3,1,1,1,1,1,1,2,1,1,1,0,30,0,1,1,1,1,4,1,4,2,1,1,1,1,1,1,4,1,1,1,1,1,1,1,1,4,3,3,1,1,1,1,1,2,1,1,4,2,1,1,1,1,1,1,1,1,1,1,1,1,1,1,1,2,1,1,1,1,3,3,3,3,2,3,3,3,3,3,2,3,3,3,3,3,3,2,3,3,2,2,3,3,3,3,2,2,3,3,3,3,2,2,2,2,3,2,2,2,2,2,2,2,3, ,1, ,1, , , , , ,1, ,3, , , , ,3,3,3,3,2,2,3,2, , , , , , , , , , ,3,3,3,3,3,3,4,3,3,3,3, ,2, , ,46,2,0.993377503
6596,6,1,2,1, , ,2,2,1,20000, , ,1,40000, ,1,1,1,3,2,3,2,3,3,3,2,1,1,1,1,2,1,1,3,3,2,3,3,2,3,3,2,2,2,3,3,3,3,3,1,1,1,1,1,1,3,1,1,1,0,30,0,1,1,1,1,3,1,3,1,1,1,1,1,1,1,3,1,1,1,1,1,1,1,1,4,3,3,1,1,1,1,2,2,1,1,2,2,1,1,1,1,1,1,1,1,1,1,1,1,1,1,1,3,1,1,1,1,3,3,3,3,3,3,2,3,2,2,3,3,3,3,4,2,3,3,3,3,2,3,3,3,3,3,2,2,3,3,3,2,2,3,3,2,2,2,2,2,3,2,3,2,2, ,1, ,1, , , , , ,1, ,1, , , , ,3,2,3,3,3,1,1,1,1, , ,3,4, , , , , ,3,3,3,3,3,3,3,2,3,3,4,1,2, , ,44,2,0.985680343
6611,6,2,2,1, , ,2,2,1,0, ,0, ,30000, , , , , , ,4,3,2,3,4,3,2,3,2,3,2,3,2,3,2,3,3,2,3,2,2,3,4,3,2,3,3,2,3,2,3,2,3,2,3,2,3,3,1,0,30,0,1,1,1,1,4,3,4,1,1,1,1,1,1,2,4,2,2,1,1,1,1,1,1,3,2,2,2,1,1,1,1,1,1,1,1,1,1,1,1,1,1,1,1,1,1,1,1,1,1,1,1,1,3,2,4,3,2,3,4,2,3,3,4,3,3,4,3,3,4,3,3,2,3,2,3,3,4,3,3,4,3,3,3,2,4,3,4,3,2,3,4,3,3,4,3,3,4,3,3,4,3, , , , , , , , , , , , , , , , ,2,3,3,2,3,2,3,2, , , , , , , , , , ,3,4,3,2,3,3,2,3,2,3,4,1, , , ,50,2,1.020749108
6615,6,1,2,1, , ,2,2,1,0, ,0, ,45000, , , ,1, , ,4,2,3,2,3,2,3,3,3,3,2,3,2,3,2,3,3,2,3,3,2,3,3,2,3,3,3,3,3,2,3,2,3,2,3,2,3,2,1,0,30,0,1,1,1,1,4,3,3,2,1,1,1,1,1,3,3,2,1,2,1,1,1,1,1,3,3,2,2,1,1,1,1,1,1,1,1,1,1,1,1,1,1,1,1,1,1,1,1,1,1,1,1,1,3,3,4,3,4,2,3,2,3,3,2,3,2,4,3,3,3,4,3,2,3,2,3,3,2,3,3,2,3,2,3,2,3,2,4,3,2,3,2,3,3,2,3,3,2,3,2,3,2, , , , , , , , , , , , , , , , ,2,3,2,2,2,2,2,3, , , , , , , , , , ,3,2,3,2,3,2,3,3,2,3,4,1, , , ,41,2,1.020749108
6618,6,2,2,1, , ,2,2,1,0, ,0, ,25000, , , , , , ,4,2,3,2,3,3,3,3,3,4,3,4,3,3,2,4,3,3,4,3,3,2,4,3,3,4,3,3,4,3,2,4,3,3,2,4,3,3,1,0,30,0,1,1,1,1,3,3,4,2,1,1,1,1,1,3,2,2,2,2,1,1,1,1,1,3,2,2,2,2,1,1,1,1,1,1,1,1,1,1,1,1,1,1,1,1,1,1,1,1,1,1,1,1,3,3,3,2,3,3,4,2,3,3,4,3,2,3,3,3,3,3,3,3,4,3,2,3,2,4,3,3,3,4,3,2,3,2,3,3,2,3,2,3,3,2,3,3,2,3,3,2,3, , , , , , , , , , , , , , , , ,2,3,3,2,3,2,3,2, , , , , , , , , , ,3,2,3,3,2,3,2,3,3,2,4,1, , , ,40,2,1.020749108
6621,6,2,2,1, , ,2,2,1,20000, , ,1,50000, ,1,1,1,3,2,3,2,3,3,3,2,1,1,1,1,2,1,1,3,3,3,3,3,2,2,3,2,2,2,2,3,3,3,3,1,1,1,1,1,1,3,1,1,1,5,30,0,3,1,3,1,4,2,4,1,1,2,1,1,1,2,4,1,1,1,3,1,3,1,1,4,3,3,1,1,1,4,2,3,4,2,3,2,1,1,1,1,1,1,2,1,1,1,1,1,1,1,1,2,1,1,1,1,3,3,3,3,4,3,3,3,3,3,3,3,3,4,3,3,3,3,3,3,3,3,3,3,2,3,2,2,3,3,3,2,2,3,2,2,2,2,2,2,2,2,2,2,2, ,1, ,1, , , , , ,1, ,3, , , , ,3,2,3,3,2,2,3,2, , , , , , , , , , ,3,3,3,3,4,3,3,3,3,2,4, ,2,3, ,48,2,0.985680343
6622,6,2,2,1, , ,2,2,1,0, ,0, ,30000, , , , , , ,4,3,2,3,2,3,4,4,3,4,3,4,3,3,4,3,4,3,4,3,3,2,4,3,3,4,3,4,3,3,4,3,4,3,4,3,4,3,1,0,30,0,1,1,1,1,3,2,3,2,1,1,1,1,1,3,3,4,2,3,1,1,1,1,1,2,2,2,2,2,1,1,1,1,1,1,1,1,1,1,1,1,1,1,1,1,1,1,1,1,1,1,1,1,3,2,4,3,2,2,3,2,4,3,3,2,3,2,3,3,4,3,3,4,3,4,3,3,2,2,3,2,3,3,2,2,3,2,3,2,2,2,3,3,2,3,2,3,2,3,2,3,2, , , , , , , , , , , , , , , , ,3,2,3,2,3,2,2,3, , , , , , , , , , ,3,2,3,2,3,2,3,2,3,2,4,1, , , ,24,2,1.020749108
6626,6,2,2,1, , ,2,2,1,0, ,0, ,30000, , , , , , ,4,2,2,3,3,2,3,3,2,3,2,3,2,3,3,2,3,2,3,3,2,3,2,3,2,3,3,3,3,2,3,2,3,2,3,2,3,3,1,0,25,0,1,1,1,1,3,1,3,1,1,1,1,1,1,1,4,1,1,1,1,1,1,1,1,3,3,3,2,2,1,1,1,1,1,1,1,1,1,1,1,1,1,1,1,1,1,1,1,1,1,1,1,1,2,3,2,3,3,3,2,3,3,2,3,2,3,2,3,3,2,3,3,3,2,3,3,2,3,2,3,2,3,2,3,2,3,2,3,2,2,2,3,2,3,3,2,3,2,2,3,2,2, , , , , , , , , , , , , , , , ,2,2,2,2,3,2,2,3, , , , , , , , , , ,3,2,3,3,2,3,2,3,2,3,4,1, , , ,51,2,0.985680343
6630,6,2,2,1, , ,2,2,1,0, ,0, ,25000, , , , , , ,4,2,3,2,3,3,2,3,2,3,3,2,3,3,2,3,3,2,3,2,2,3,2,3,3,3,3,2,3,3,3,3,2,3,2,3,3,2,1,0,30,0,1,1,1,1,3,3,3,2,1,1,1,1,1,3,3,3,3,3,1,1,1,1,1,3,2,3,2,3,1,1,1,1,1,1,1,1,1,1,1,1,1,1,1,1,1,1,1,1,1,1,1,1,3,2,2,3,2,3,2,3,3,2,3,2,3,2,3,3,4,3,4,3,2,4,3,3,2,4,3,4,3,3,3,3,4,3,4,3,2,3,2,4,3,2,4,3,3,2,4,3,3, , , , , , , , , , , , , , , , ,2,3,3,2,3,3,2,3, , , , , , , , , , ,3,2,3,3,2,3,3,2,3,3,4,1, , , ,40,1,1.020749108
6636,6,1,1,1, , ,2,2,1, ,1, ,1,45000, ,1,1,1,3,2,3,2,3,3,3,2,2,3,3,3,3,2,3,3,3,4,3,3,2,3,3,2,3,3,3,3,3,3,3,1,1,1,1,1,1,1,1,1,1,15,30,0,3,1,4,2,4,2,4,2,1,3,1,1,1,1,4,1,1,1,3,3,3,1,1,4,4,3,1,1,1,1,1,3,1,1,2,2,1,1,1,1,1,1,1,1,1,1,1,1,1,1,1,3,1,1,1,1,3,3,3,3,4,2,3,3,3,3,3,3,3,4,3,3,3,4,3,3,3,3,3,3,3,4,2,3,3,3,3,3,2,2,3,2,2,3,3,2,2,2,2,3,3, ,1,1,1, ,1, , , ,1,1,3, ,1, , ,3,3,3,3,3,3,3,2, , , , , , , , , , ,3,2,3,3,3,3,3,3,3,3,3, ,2,3, ,45,1,1.020749108
6656,6,2,2,1, , ,2,2,1,0, ,0, ,50000, , , , , , ,3,2,3,3,3,2,1,1,1,1,1,1,1,3,3,2,3,3,2,3,3,2,2,3,2,3,3,3,3,2,2,1,2,2,2,2,2,2,1,0,30,0,1,1,1,1,4,1,4,2,1,1,1,1,1,3,4,1,1,1,1,1,1,1,1,4,3,2,2,1,1,1,3,3,1,1,2,3,1,1,1,1,1,1,1,1,1,1,1,1,1,1,1,3,1,1,1,1,3,3,3,4,3,3,3,3,3,3,3,3,3,4,3,2,2,2,3,3,3,3,3,4,3,3,2,3,3,4,3,3,2,2,2,3,2,3,2,2,2,2,3,3,3, ,1,1,1, , , , , ,1,1,1, , , , ,3,3,4,3,2,2,3,3,1, ,2,3, , , , , , ,2,3,2,3,3,3,2,3,2,2,3, ,2,3, ,39,2,0.983399111
6664,6,1,1,1, , ,2,2,1, ,1, ,1,45000, ,1,1, ,2,2,3,2,3,3,3,2,3,3,2,3,4,3,2,3,4,3,4,3,3,3,3,2,2,2,2,3,3,3,3,3,2,3,2,3,1,3,2,3,1,4,30,0,3,2,2,1,4,2,4,1,3,1,1,1,1,3,4,1,2,2,3,1,2,1,1,4,3,3,2,1,1,1,1,1,1,1,4,2,1,1,1,1,1,1,1,1,1,1,1,1,3,1,1,2,1,1,1,1,3,3,3,3,3,3,3,3,2,3,3,3,3,3,3,3,2,2,3,2,2,3,3,3,3,4,2,2,2,3,3,3,1,3,3,2,2,3,3,3,3,3,3,3,2, ,1, ,1, , ,1,1, ,1, ,4, , ,3,2,3,4,3,3,3,3,4,3, , , , , , , , , , ,3,2,3,2,3,2,3,3,3,3,4, ,2,3, ,30,2,1.020749108
6681,6,1,2,1, , ,2,2,1, ,1, ,1,45000, , , , ,3,2,3,2,3,3,3,2,3,2,2,3,3,2,3,3,3,3,4,3,2,3,3,2,2,2,2,3,3,3,3,1,1,1,1,2,2,2,2,2,1,20,30,0,3,1,4,1,4,2,4,2,3,3,1,1,1,4,4,1,1,1,3,2,2,2,2,4,4,4,2,2,1,1,1,3,3,1,3,2,1,1,1,1,1,1,1,1,1,1,1,1,1,1,1,3,1,1,1,1,3,3,3,3,3,3,3,3,4,3,3,3,3,4,3,3,3,2,3,3,3,3,3,3,3,4,2,2,3,3,3,3,2,3,3,2,2,2,2,2,2,2,2,2,2, ,1, ,1, , , , , ,1, ,1, , , , ,3,3,2,3,2,1,3,3,1,1, ,3, , , , , , ,2,2,3,3,3,2,3,3,3,3,3, ,2,3, ,42,2,0.983399111
6691,6,1,1,1, , ,1,2,1,15000, ,10000, ,45000, ,1,1, ,2,2,3,2,3,3,3,2,2,3,2,3,3,2,2,2,3,3,4,3,2,2,3,1,1,1,1,3,3,3,3,3,1,2,2,3,1,2,2,2,1,0,30,0,1,1,1,1,4,1,4,1,1,1,1,1,1,1,4,1,1,1,1,1,1,1,1,4,3,3,2,2,1,1,1,1,1,1,4,2,1,1,1,1,1,1,1,1,1,1,1,1,3,1,1,2,1,1,1,1,3,3,3,3,3,3,3,2,3,3,2,3,3,3,3,2,2,2,3,2,2,3,3,3,2,3,2,2,2,3,3,3,2,2,2,2,2,2,3,2,2,2,3,3,3, ,1, ,1, ,1,1, , ,1, ,3, ,1,2, ,3,4,3,3,3,3,4,3, , , , , , , , , , ,3,2,3,2,4,2,3,2,3,3,3,1,2, , ,52,2,0.983399111
6699,6,1,1,1, , ,2,2,1, ,1, ,1,46000, ,1,1,1,3,2,3,2,3,3,3,2,3,3,3,3,3,2,3,3,3,3,4,3,2,3,3,2,3,3,3,3,4,3,3,2,3,2,2,2,2,3,2,2,1,20,30,0,3,1,4,2,4,1,4,2,1,3,1,1,1,1,4,1,1,1,2,3,2,2,2,4,3,3,2,2,1,1,2,3,3,2,4,2,1,1,1,1,1,1,1,2,1,1,1,1,1,1,1,2,1,1,1,1,3,3,3,3,3,2,3,3,3,3,3,3,3,3,4,3,3,2,3,3,3,3,3,3,3,4,2,2,3,3,3,2,2,3,3,3,2,3,3,3,2,2,3,3,3, ,1,1,1, ,1, , , ,1,1,3, ,1, , ,2,3,2,3,3,3,3,3, , , , , , , , , , ,3,3,3,3,3,2,3,3,3,3,3, ,2,3, ,46,1,0.983399111
6702,6,1,1,1, , ,1,2,1,40000, , ,1,48000, ,1,1,1,3,2,3,4,3,3,2,1,3,3,2,3,3,3,2,4,4,4,4,4,4,4,4,3,3,3,3,4,4,4,4,3,3,3,3,3,3,3,3,3,1,15,30,15,3,2,2,2,4,3,3,2,3,4,3,3,1,2,4,3,3,1,4,3,2,2,2,4,3,3,2,2,1,1,1,1,1,1,1,1,1,1,1,1,1,1,1,1,1,1,1,2,1,1,1,2,1,1,2,3,3,4,4,4,4,3,4,3,3,3,3,3,3,3,2,3,4,3,2,3,3,3,3,4,3,3,3,3,3,3,4,3,1,3,3,4,3,3,3,3,3,3,3,4,3, ,1,1, , ,1, , , ,3,3, , ,4, , ,3,4,3,3,3,4,3,3, , , , , , , , , , ,3,3,3,3,4,3,2,3,3,3,4, , ,3,4,48,2,0.983399111
6707,6,2,1,1, , ,1,2,1,40000, , ,1,50000, , , , ,3,2,3,4,4,3,2,3,2,2,2,3,3,3,2,4,4,4,4,4,4,4,4,3,3,3,3,4,4,4,4,3,3,4,4,3,4,4,4,3,1,10,30,0,3,3,3,1,4,3,2,1,4,4,3,2,2,4,4,3,2,2,3,3,2,1,1,4,4,4,1,1,1,1,1,1,1,1,1,1,1,1,1,1,1,1,1,1,1,1,1,1,1,1,1,1,2,2,3,3,3,4,4,3,3,3,4,3,3,3,3,4,4,3,3,3,3,3,2,3,2,3,2,3,3,3,3,3,3,2,3,3,1,4,4,3,3,3,3,2,3,3,3,4,3, ,1,1, , , , , , ,2,2, , , , , ,2,4,4,3,3,4,3,3,1, ,2,3,4, , , , , ,3,4,3,3,3,2,3,3,3,3,4, ,2,3, ,47,2,0.983399111
6715,6,2,2,2,2, ,1,1,1,0, ,0, ,30000, , , , , , ,3,2,3,2,3,1,1,1,1,1,1,1,1,2,1,1,1,1,1,2,1,1,1,1,1,1,1,1,1,1,1,1,1,1,1,1,1,1,3, , , , , , , , , , , , , , , , , , , , , , , , , , , , , , , , , , , , , , , , , , , , , , , , , , , , , , , , , , , , ,2,2,3,3,3,2,3,2,2,2,3,2,2,2,2,2,1,2,2,2,3,3,3,2,2,2,2,2,3,2,1,2,2,2,1,2,2,1,1,2,2,2,3,2, ,1, , , ,1, , , ,2, , , ,1, , ,1,3,4,2,3,2,3,1,1, , , , ,5,6, , , ,2,2,2,3,4,3,1,2,3,2,3,1, , , ,69,2,0.983399111
6718,6,2,2,1, , ,2,2,1,30000, ,0, ,30800, ,1, ,1,2, ,2,1,1,1,1,1,2,1,1,1,1,1,1,3,4,1,3,1,1,1,3,1,1,1,1,3,3,3,1,1,1,1,1,1,1,2,2,1,1,0,30,0,1,1,1,1,3,1,3,1,1,1,1,1,1,1,3,1,1,1,1,1,1,1,1,3,2,2,1,1,1,1,1,1,1,1,2,1,1,1,1,1,1,1,1,1,1,1,1,1,1,1,1,1,2,1,2,1,3,3,4,3,2,3,3,4,3,3,3,3,3,2,2,2,2,2,2,3,2,3,3,3,2,3,3,3,2,3,3,3,1,2,3,3,3,2,3,3,2,3,3,3,3, ,1, , , , , , , ,2, , , , , , ,3,3,3,3,2,3,2,2,1, , , ,4,5, , , , ,3,3,2,3,3,3,2,3,3,3,2,1,2, , ,59,2,0.985680343
6719,6,1,2,1, , ,2,2,1, ,1, ,1,40000, , , , ,3,3,3,2,3,3,3,2,1,2,2,2,3,2,2,3,3,4,4,3,2,3,3,1,2,3,2,3,3,3,3,1,2,2,2,2,2,3,2,2,1,8,30,0,3,1,3,1,4,1,4,1,1,3,3,1,1,3,4,4,1,1,3,3,2,2,2,4,3,3,2,2,1,2,1,3,2,2,4,3,1,1,1,1,1,1,1,2,1,1,1,2,1,1,1,3,1,1,1,1,4,3,3,3,3,3,4,4,3,3,3,3,3,3,4,3,3,2,3,3,3,3,3,3,3,3,2,2,3,3,3,2,1,3,3,3,3,4,3,3,3,3,3,3,3,1,1,1,1,1,1, , ,1,1,1,3,1,1, , ,3,3,3,3,2,2,3,3, , , , , , , , , , ,3,3,3,3,4,3,3,3,3,3,3, ,2,3, ,35,2,1.020749108
6723,6,2,1,2,2, ,2,2,1,0, ,0, ,28000, , , , , , ,3,2,3,2,2,2,1,1,1,1,1,1,1,2,3,2,2,2,2,2,2,2,1,2,1,2,1,1,1,2,2,1,1,1,2,2,1,2,3, , , , , , , , , , , , , , , , , , , , , , , , , , , , , , , , , , , , , , , , , , , , , , , , , , , , , , , , , , , , ,2,1,2,1,2,1,2,1,1,1,2,2,1,2,2,1,2,1,2,1,2,2,2,1,1,2,2,2,1,2,1,2,2,2,1,2,2,1,2,1,2,2,1,1, , , , , , , , , , , , , , , , ,2,2,2,1,2,2,1,1, , , , , , , , , , ,2,3,2,1,1,2,1,2,2,2,4, , , ,4,47,2,0.983399111
6728,6,2,2,1, , ,2,2,1,0, ,0, ,35000, , , , , , ,4,3,3,2,3,3,3,4,3,4,3,4,3,3,4,3,4,3,3,4,3,2,4,3,3,3,4,3,3,3,4,3,4,3,3,4,3,3,1,0,30,0,1,1,1,1,4,2,3,2,1,1,1,1,1,3,2,2,2,1,1,1,1,1,1,3,3,2,2,2,1,1,1,1,1,1,1,1,1,1,1,1,1,1,1,1,1,1,1,1,1,1,1,1,3,2,3,4,3,3,2,4,3,2,3,2,3,3,2,3,4,3,3,4,3,4,3,3,4,3,4,3,3,4,4,3,4,3,4,3,2,3,2,4,3,4,3,3,3,2,3,4,3, , , , , , , , , , , , , , , , ,2,3,2,2,3,2,2,2, , , , , , , , , , ,3,2,3,2,3,2,3,2,3,2,4,1,2, , ,34,1,1.020749108
6730,6,1,2,1, , ,2,2,1, ,1,0, ,25000, , , , ,3, ,3,3,4,3,3,3,2,2,2,2,2,2,2,3,4,1,3,3,3,3,4,1,2,1,2,3,3,3,3,2,1,1,1,1,2,1,1,1,1,0,30,0,1,1,1,1,3,1,2,1,1,1,1,1,1,1,4,1,1,1,1,1,1,1,1,3,2,3,2,1,1,1,1,1,1,1,2,1,1,1,1,1,1,1,1,1,1,1,1,1,1,1,1,1,2,1,2,1,3,3,2,3,3,3,4,3,3,3,3,3,3,3,3,2,2,2,2,2,2,3,3,3,2,3,2,2,3,3,3,2,1,3,2,3,3,3,4,3,3,3,3,3,3, ,1, , , , , , , ,2, , , , , , ,3,3,3,3,2,3,2,2,1, , , ,4,5, , , , ,3,4,3,3,4,3,3,3,4,3,3,1, , , ,40,2,0.985680343
6732,6,2,2,1, , ,2,2,1,0, ,0, ,30000, , , , , , ,4,3,2,4,3,3,3,4,3,4,3,4,2,3,4,3,4,3,4,3,3,2,4,3,3,4,3,3,3,3,4,3,3,4,3,4,3,3,1,0,30,0,1,1,1,1,4,3,2,2,1,1,1,1,1,2,2,2,2,2,1,1,1,1,1,2,2,3,2,2,1,1,1,1,1,1,1,1,1,1,1,1,1,1,1,1,1,1,1,1,1,1,1,1,2,3,2,3,2,3,2,3,2,3,3,2,3,3,3,3,4,3,3,3,4,3,3,3,4,3,4,3,3,4,3,3,2,4,3,4,2,3,2,3,2,3,3,2,3,3,2,3,2, , , , , , , , , , , , , , , , ,2,3,2,2,2,2,3,2, , , , , , , , , , ,3,3,2,3,2,3,2,3,3,2,4,1,2, , ,30,2,1.020749108
6733,6,2,2,1, , ,1,2,1, ,1, ,1,50000, ,1,1, ,3,2,4,3,4,3,3,3,2,2,2,2,3,3,2,4,4,4,4,4,4,4,4,3,4,4,4,4,4,4,4,3,3,4,4,3,3,4,3,3,1,0,30,15,4,3,2,2,4,3,2,2,3,3,3,2,2,3,4,3,2,2,2,2,2,1,1,3,3,4,1,1,1,1,1,1,1,1,1,1,1,1,1,1,1,1,1,1,1,1,1,1,1,1,1,3,1,1,2,3,3,4,4,4,3,3,3,4,3,3,3,4,3,3,3,2,2,2,3,3,2,3,3,3,3,2,2,3,3,3,3,3,1,3,3,4,2,2,3,3,3,2,3,3,3, ,1,1, , , , , , ,2,3, , , , , ,3,4,3,3,3,4,3,3, , , , , , , , , , ,3,2,3,3,4,3,3,3,3,3,4, , ,3, ,38,2,0.983399111
6737,6,2,2,1, , ,2,2,1,0, ,0, ,30000, , , , , , ,4,2,3,2,3,3,2,4,3,4,3,4,3,3,2,3,3,2,3,2,3,4,3,4,3,3,4,3,3,3,2,4,3,3,3,4,3,3,1,0,30,0,1,1,1,1,4,3,3,2,1,1,1,1,1,3,2,2,2,2,1,1,1,1,1,3,2,3,2,2,1,1,1,1,1,1,1,1,1,1,1,1,1,1,1,1,1,1,1,1,1,1,1,1,3,4,3,2,3,3,4,3,3,4,3,3,4,3,3,3,4,3,4,3,4,3,3,3,4,2,3,2,3,2,3,3,2,3,3,2,2,2,4,2,3,3,4,3,3,2,3,3,3, , , , , , , , , , , , , , , , ,2,3,2,2,3,2,2,2, , , , , , , , , , ,3,2,3,2,3,3,2,3,2,3,4,1,2, , ,40,1,1.020749108
6738,6,1,2,1, , ,2,2,1, ,1,0, ,30000, , , , ,3, ,3,3,3,2,3,3,3,3,3,3,3,3,2,4,4,2,4,4,3,3,4,2,2,2,2,4,4,3,3,3,2,3,2,2,2,3,3,3,1,4,30,0,3,2,2,1,4,2,3,1,1,1,1,1,1,1,3,1,1,1,2,1,1,1,1,3,2,3,2,1,1,1,1,1,1,1,2,1,1,1,1,1,1,1,1,1,1,1,1,1,3,1,1,1,3,1,2,2,3,3,2,3,3,3,4,3,3,3,3,3,3,3,3,2,2,3,2,2,3,3,3,3,2,3,3,3,2,3,3,2,1,3,4,3,3,4,3,3,3,4,3,3,3, ,1,1, , , , , , ,1,2, , , , , ,3,3,3,3,2,3,2,2,1, , ,3,4, , , , , ,3,4,3,3,3,3,4,3,3,3,2,1, , , ,41,1,0.985680343
6743,6,2,1,1, , ,2,2,1, ,1, ,1,50000, ,1,1, ,2,2,3,2,3,4,3,2,3,3,3,3,3,3,2,3,4,3,4,3,3,3,3,2,2,2,2,3,3,3,3,3,1,3,3,3,1,3,2,3,1,10,30,0,2,3,2,1,4,2,4,1,2,1,1,2,1,3,4,1,2,1,3,1,2,1,1,4,3,3,2,1,1,1,1,3,1,1,4,3,1,1,1,1,1,1,1,1,3,1,1,1,3,1,1,2,2,1,1,1,3,3,3,3,3,3,3,3,2,3,3,3,3,3,3,3,3,2,3,2,2,3,3,3,3,3,2,2,2,3,3,3,1,2,3,2,2,2,3,3,3,3,3,3,3, ,1, ,1, ,1,1,1, ,1, ,4, ,1,2,2,3,3,3,3,3,3,3,3, , , , , , , , , , ,3,2,3,3,3,2,3,3,3,3,3, ,2,3, ,44,1,1.020749108
6748,6,1,2,1, , ,2,2,1, ,1, ,1,50000, , , , ,2,2,3,2,3,3,3,2,3,4,3,4,4,3,2,3,4,4,4,4,3,3,3,2,2,2,2,2,3,3,3,3,2,3,3,3,2,3,2,3,1,0,30,0,1,1,1,1,4,2,4,1,1,1,1,1,1,3,4,1,3,2,1,1,1,1,1,4,2,3,1,1,1,1,1,1,2,1,4,2,1,1,1,1,1,1,1,1,1,1,1,1,2,1,1,2,1,1,1,1,2,3,3,3,3,2,3,2,3,3,2,3,3,3,3,2,2,2,3,2,2,3,3,3,2,3,2,2,2,3,3,3,2,2,2,2,2,2,3,3,3,3,3,2,2, ,1, ,1, ,1,1,1, ,1, ,3, ,1,1,2,3,3,3,3,3,3,3,3, , , , , , , , , , ,3,2,3,3,3,2,3,3,3,2,4,1,2, , ,44,1,0.993377503
6811,6,2,2,1, , ,1,1,1, ,1,0, ,50000, ,1, , ,3, ,3,4,1,3,2,2,4,4,4,4,4,4,4,4,4,4,4,4,4,4,4,4,4,4,4,4,4,4,4,4,4,4,4,4,4,4,4,4,1,30,30,15,4,4,4,2,4,4,4,2,4,4,4,2,3,4,4,4,2,3,2,2,1,2,3,4,4,4,2,3,4,2,4,2,4,3,4,2,4,3,3,2,4,3,3,2,2,3,4,4,2,3,4,4,3,2,3,2,2,3,3,3,2,2,3,2,3,3,3,4,4,4,4,4,3,3,4,2,2,3,3,3,3,3,3,2,3,3,3,3,1,3,3,4,3,3,3,3,3,3,3,4,3,1,1,1,1,1,1,1,1,4,1,1,4,1,3,2,2,4,4,4,4,3,3,3,3, , , , , , , , , , ,4,4,4,4,4,4,4,3,4,4,4, , , ,4,33,2,0.985680343
6817,6,2,1,1, , ,2,2,1,45000, ,0, ,100000, ,1, , ,3, ,4,3,3,4,2,1,4,4,4,4,4,2,3,4,4,4,4,4,1,3,4,4,3,4,3,4,4,4,4,3,3,4,2,2,2,3,2,3,1,20,30,0,4,4,4,4,4,3,3,2,4,4,1,1,3,4,4,1,1,3,2,3,1,1,1,4,4,4,2,3,1,3,1,4,3,2,2,4,1,1,1,1,1,1,1,1,1,1,4,4,1,1,4,2,4,1,1,3,3,3,4,4,3,3,3,3,3,3,3,4,4,4,4,4,3,4,4,2,3,3,4,4,3,3,3,3,2,2,3,3,1,4,4,4,3,3,4,4,3,4,4,4,4,1,1,1,1,1,1,1,1,4,1,1,3,1,4,1,1,4,3,2,4,3,4,3,3, , , , , , , , , , ,4,3,3,3,4,3,4,4,3,4,4, , ,3,4,36,1,0.985680343
6818,6,2,2,1, , ,2,2,1,0, ,0, ,35000, , , , , , ,3,4,3,4,3,3,3,4,3,4,3,2,3,4,4,3,3,3,4,3,2,2,2,1,2,2,2,2,2,2,2,1,2,2,1,2,2,2,3, , , , , , , , , , , , , , , , , , , , , , , , , , , , , , , , , , , , , , , , , , , , , , , , , , , , , , , , , , , , ,2,2,2,1,1,2,2,3,2,2,3,2,2,2,2,2,1,2,2,2,2,3,3,2,2,2,2,2,2,3,3,2,2,1,2,2,1,2,2,2,1,2,2,2, , , , , , , , , , , , , , , , ,4,4,4,3,3,4,3,3, , , , , , , , , , ,3,4,3,4,3,3,4,3,3,3,4,1, , , ,33,2,0.983399111
6822,6,2,1,1, , ,1,2,1, ,1,0, ,55000, ,1, , ,2, ,2,2,3,3,4,1,3,4,3,4,3,1,1,3,4,4,4,4,1,3,3,3,2,2,2,4,4,4,4,3,2,4,4,1,2,4,4,2,1,10,30,20,3,2,3,1,4,2,4,2,3,4,1,1,1,4,4,1,1,1,3,3,2,3,2,4,4,4,2,3,1,1,1,3,2,3,3,4,1,1,1,1,1,1,1,1,1,1,3,2,3,1,4,3,4,1,1,1,4,3,4,4,3,3,3,3,3,3,3,4,4,4,4,3,4,3,3,2,3,4,4,4,3,3,3,2,3,4,4,3,1,4,4,3,3,3,3,3,3,4,3,3,3,1,1,1,1,1,1,1, ,1,1,1,2,1,1,1, ,3,4,2,1,1,4,3,2,1, ,2, ,4, , , , , ,3,4,3,3,3,4,3,3,3,3,4, , ,3,4,50,1,0.983399111
6826,6,2,1,1, , ,2,2,1,45000, ,0, ,55000, ,1, , ,3, ,3,2,3,3,3,1,1,1,1,1,1,1,1,3,4,1,4,3,1,1,1,1,1,1,1,1,4,3,3,1,1,1,1,1,1,1,1,1,1,0,25,0,1,1,1,1,3,1,3,2,1,1,1,1,1,2,4,1,1,1,1,1,1,1,1,4,1,3,1,3,1,1,1,1,1,1,1,2,1,1,1,1,1,1,1,1,1,1,1,1,2,1,1,1,4,1,1,1,4,3,3,3,4,3,3,3,3,3,3,3,4,3,3,2,2,2,3,1,3,3,3,3,2,3,3,2,2,3,3,3,1,2,3,3,2,2,3,3,3,3,3,3,3,1,1,1,1, ,1, , ,1,1,1,1, ,1, , ,1,3,4,4,1,3,3,2,1, ,2, , ,5, , , , ,3,4,3,2,3,2,2,2,3,3,4,1,2, , ,45,2,0.983399111
6838,6,2,2,1, , ,2,2,1,0, ,0, ,100000, , , , , , ,3,1,2,3,3,1,1,1,1,1,1,1,1,3,3,1,4,3,1,1,2,2,1,1,1,4,4,4,3,1,1,1,1,2,1,3,3,1,1,0,30,0,1,1,1,1,4,2,4,3,1,1,1,1,1,4,4,1,1,1,1,1,1,1,1,4,4,2,1,1,1,1,1,2,1,1,3,3,1,1,1,1,2,1,1,1,1,1,1,1,3,1,1,1,3,1,1,1,3,3,3,3,2,3,3,2,2,3,3,3,4,3,3,2,1,2,3,1,3,2,3,3,3,3,3,2,3,2,3,3,1,3,3,3,1,2,3,3,3,3,3,3,4,1,1,1,1, ,1, , ,1,1,1,1, ,1, , ,2,3,3,3,1,3,2,2,1, ,2, ,4, , , , , ,3,4,3,2,4,4,3,3,3,2,3, ,2,3, ,52,1,0.983399111
6842,6,1,1,1, , ,2,2,1,35000, ,0, ,35000, ,1, , ,2, ,2,2,3,3,3,1,4,4,4,4,4,4,4,4,4,4,4,4,4,4,4,4,4,4,4,4,4,4,4,4,4,4,4,3,4,4,3,3,1,25,30,0,4,4,4,2,4,3,3,2,4,4,1,1,4,4,4,1,1,3,2,4,3,2,2,4,3,3,4,3,1,2,2,3,3,2,3,3,1,1,1,1,1,1,1,1,3,1,2,3,2,1,2,2,4,3,1,1,4,3,3,4,3,3,3,3,3,3,3,4,4,3,3,3,3,2,4,3,3,3,4,4,4,3,3,2,3,3,4,3,1,3,3,3,2,3,3,2,3,3,3,4,3,1,1,1, , ,1, , ,1,1,1, , ,1, , ,3,3,3,4,2,3,2,2,1,1, , ,4, , , , , ,3,4,3,3,3,2,3,4,3,3,2, , , ,4,45,2,0.983399111
6848,6,2,2,1, , ,2,2,1,0, ,0, ,100000, , , , , , ,3,3,2,3,3,1,4,4,4,4,4,4,4,4,4,4,4,4,4,4,3,4,3,4,4,4,4,4,4,4,4,4,4,4,4,4,4,3,1,5,30,0,2,2,1,1,4,4,4,2,1,1,1,1,1,4,4,1,1,1,1,1,1,2,1,4,4,4,2,1,1,1,1,2,2,2,4,4,1,1,1,1,1,1,1,1,1,1,1,1,1,1,2,3,3,3,1,1,4,3,3,4,2,3,3,2,3,3,3,4,4,3,4,3,2,3,3,2,2,2,3,3,3,3,3,2,2,2,3,2,1,3,3,3,2,3,4,2,2,3,3,4,4,1,1,1,1, ,1, , ,1,1,1,1, ,1, , ,3,4,3,3,2,4,3,3,1, , ,3,4, , , , , ,3,4,3,3,4,4,4,3,3,3,4, , ,3,4,40,1,0.985680343
6849,6,2,1,1, , ,1,2,1, ,1, ,1,50000, , , , ,3,3,3,3,3,4,3,3,2,2,2,2,4,3,2,3,3,3,3,3,2,4,3,2,3,1,2,3,3,3,4,3,3,3,2,2,3,2,2,3,1,1,30,2,3,1,3,1,3,1,3,1,1,1,4,1,1,3,4,1,1,1,1,1,1,1,1,4,2,2,1,1,1,1,2,3,1,1,4,1,1,1,1,1,1,1,2,1,1,1,1,1,1,1,1,1,1,1,3,1,3,3,3,4,3,3,3,3,3,3,4,3,3,3,3,2,2,2,3,3,3,2,3,2,3,3,1,3,2,3,3,3,1,2,2,1,2,2,1,1,1,2,2,2,3, ,1,1,1, , , , , ,3,2,3, , , , ,3,3,3,3,3,3,2,1, , , , , , , , , , ,3,2,2,3,3,3,1,2,2,1,3, , ,3, ,35,2,0.985680343
6850,6,2,1,1, , ,2,2,1,45000, ,0, ,55000, ,1, , ,2, ,3,3,1,4,3,1,4,4,4,4,4,4,4,4,4,4,4,4,2,4,4,4,4,4,4,4,4,4,4,4,4,4,4,4,2,4,4,3,1,20,30,0,3,4,3,2,4,3,4,1,3,2,1,1,2,4,4,1,1,2,2,2,2,2,2,4,3,3,3,2,1,2,1,3,2,2,3,3,1,1,1,1,1,1,1,1,1,1,2,3,1,1,4,2,4,4,1,1,4,3,4,3,3,3,3,3,3,4,3,4,4,3,3,3,3,2,4,2,2,3,3,4,3,3,3,2,2,2,3,3,1,4,3,4,3,3,3,2,3,3,3,3,4,1,1, ,1,1,1, , ,1,1, ,1,1,1, , ,3,3,2,3,2,3,3,3,1, , , ,4, , , , , ,3,4,3,2,3,4,3,2,3,3,4, , , ,4,29,1,0.985680343
6853,6,2,1,1, , ,1,2,1,0, ,0, ,95000, , , ,1, , ,3,3,3,3,3,1,4,4,4,4,4,4,4,4,4,4,4,4,4,4,4,4,4,4,4,4,4,4,4,4,4,4,4,4,3,4,4,4,1,20,30,10,3,4,3,3,4,3,3,2,4,2,1,1,4,4,4,1,1,3,2,2,2,2,3,4,3,3,3,3,2,2,2,3,2,3,3,2,1,1,1,1,1,1,1,1,2,1,3,2,3,1,3,2,4,3,1,1,4,3,3,3,4,3,3,3,3,3,3,4,4,4,4,3,3,3,4,2,2,3,3,3,3,3,3,2,3,3,3,3,1,4,4,3,3,3,4,3,3,3,3,4,3,1,1,1,1,1,1,1, ,3,1,3,1,1,1,1, ,4,4,4,2,1,3,3,3, , , , , , , , , , ,3,3,4,2,4,3,3,4,3,3,4, , , ,4,26,2,0.983399111
6856,6,2,2,1, , ,2,2,1, ,1, ,1, ,1,1,1,1,2,2,2,3,3,2,2,2,2,2,2,2,2,2,2,2,3,2,3,2,2,3,3,2,2,2,2,2,3,3,3,2,3,2,2,2,1,2,2,2,1,0,20,0,1,1,1,1,3,1,3,1,1,1,1,1,1,2,3,1,1,1,1,1,1,1,1,3,2,3,1,1,1,1,2,1,1,1,3,2,1,1,1,1,2,2,2,3,1,1,1,1,2,3,3,2,1,1,1,1,3,3,3,3,3,2,2,2,2,2,3,3,3,3,2,2,2,2,2,2,2,3,2,3,2,3,1,2,2,4,2,2,2,2,2,2,2,2,2,2,1,1,3,3,3, , ,1,1, , , , , , ,3,3, , , , ,3,2,3,3,2,2,2,2, , , , , , , , , , ,2,3,2,3,3,2,2,3,3,1,4,1, , , ,39,2,0.985680343
6857,6,2,2,1, , ,2,2,1,0, ,0, ,40000, , , , , , ,2,2,3,4,2,1,3,4,3,3,3,1,2,3,4,3,4,4,1,3,3,4,3,3,4,4,4,4,4,4,3,4,4,1,2,3,3,2,1,0,30,0,1,1,1,1,4,3,3,2,1,1,1,1,1,4,4,1,1,4,1,1,1,1,1,4,3,3,2,2,1,1,2,2,1,1,3,3,1,1,1,1,1,1,1,1,1,1,1,1,4,1,3,3,3,2,1,1,4,3,4,3,3,3,2,3,3,3,3,3,4,3,3,3,2,3,4,3,2,3,3,4,3,3,3,3,3,3,3,2,1,3,3,4,3,3,3,3,3,2,2,3,3,1,1,1,1,1,1,1,1,2,1,1,3,1,1,1,1,4,4,4,4,4,4,3,1, , , , , , , , , , ,3,4,3,2,2,3,3,4,4,3,4, , ,3,4,37,2,0.983399111
6858,6,2,2,1, , ,1,2,1,70000, ,0, ,65000, ,1, ,1,4, ,4,3,3,3,4,1,3,2,3,3,3,3,2,3,3,2,3,3,3,3,3,3,3,3,3,3,3,3,3,3,3,3,3,3,3,3,3,3,1,0,30,5,1,1,1,1,2,1,3,1,1,1,1,1,1,1,2,1,1,1,1,1,1,1,1,3,1,3,1,1,1,1,2,3,1,1,4,1,1,1,1,1,1,1,1,1,1,1,1,1,1,1,1,1,3,1,1,1,3,3,3,3,2,2,3,3,3,3,3,3,3,2,3,3,3,3,3,3,3,3,3,3,3,3,1,2,2,3,3,3,1,3,3,2,2,3,3,3,3,2,3,3,3,1,1,1,1,1,1,1,1,1,2,3,4,1,2,2,2,3,3,3,3,3,3,3,3, , , , , , , , , , ,2,2,2,3,3,2,2,2,2,3,3, , ,3, ,36,1,0.985680343
6861,6,2,1,1, , ,1,2,1,50000, , ,1,25000, ,1,1, ,2,2,2,3,3,3,4,1,3,3,2,2,4,3,3,4,4,4,4,4,4,4,4,4,4,3,4,4,4,4,4,3,3,4,3,3,3,4,4,2,1,10,30,10,3,2,3,2,3,3,3,3,1,3,3,3,3,2,3,2,3,3,1,3,3,2,1,3,3,2,3,2,1,1,3,4,1,1,4,3,1,1,1,1,1,1,1,3,1,1,1,1,2,2,3,3,3,2,3,2,4,3,3,4,3,4,4,3,3,3,3,3,4,3,2,3,3,3,2,3,3,3,3,3,3,3,3,3,3,3,3,3,1,2,3,2,2,2,4,3,3,2,4,4,3,1,1,1,1,1,1,1,1,2,3,3,3,2,1,1,3,3,3,3,3,3,3,2,3, , , , , , , , , , ,3,3,3,3,4,3,3,4,2,2,3, , , ,4,30,2,0.985680343
6865,6,2,2,1, , ,2,2,1,40000, ,0, ,50000, , , , ,2, ,2,3,3,2,2,2,1,1,1,1,1,1,1,3,3,2,3,3,2,3,3,2,1,1,2,3,3,3,4,2,2,2,2,2,2,3,2,2,1,0,19,0,1,1,1,1,2,1,2,2,1,1,1,1,1,3,2,1,1,1,1,1,1,1,1,3,3,3,1,1,1,1,2,3,1,1,3,2,1,1,1,1,1,1,1,1,1,1,1,1,1,1,1,1,1,1,1,1,3,3,3,3,3,3,3,3,2,2,3,2,2,2,2,2,2,2,2,2,2,2,3,3,3,3,2,3,3,3,2,2,2,1,1,1,1,1,1,1,1,1,3,3,3,1, ,1, , , , , ,1, ,3, , , , , ,3,3,3,2,2,2,2,2, , , , , , , , , , ,2,2,1,2,2,2,1,1,1,1,4, ,2, , ,38,2,0.985680343
6872,6,1,2,1, , ,2,2,1,20000, ,10000, ,30000, , , , ,3,2,2,2,3,2,2,2,2,3,2,3,2,2,2,3,3,2,4,3,3,3,3,2,2,3,3,2,2,3,3,3,2,3,3,3,2,2,2,2,1,3,30,0,1,1,4,1,3,2,3,2,1,1,1,1,1,2,2,2,3,1,1,1,1,1,1,2,2,2,3,2,1,1,2,2,1,1,3,2,1,1,1,1,3,2,3,2,1,1,1,1,2,2,1,1,1,1,1,1,3,3,3,4,3,3,4,4,3,3,3,3,3,3,3,3,3,3,1,3,3,2,3,3,2,3,2,3,3,4,3,3,1,2,2,2,2,2,2,2,2,2,2,2,2, ,1,1,1, ,1, , , ,3,3,3, ,1, , ,2,3,3,3,2,3,2,2, , , , , , , , , , ,3,3,3,4,3,3,3,3,2,1,3, , ,3, ,34,2,0.985680343
6874,6,2,2,1, , ,2,2,1,50000, , ,1,50000, ,1,1,1,3,3,3,2,3,2,3,2,2,2,1,1,1,1,1,3,3,1,4,3,2,3,2,2,2,2,1,1,3,3,3,3,2,3,1,2,2,3,2,4,1,0,20,0,1,1,1,1,3,1,3,1,1,1,1,1,1,2,3,1,1,1,1,1,1,1,1,3,2,3,2,2,1,1,2,2,1,1,2,2,1,1,1,1,2,2,2,1,1,1,1,1,2,2,2,2,1,1,1,1,3,3,3,4,3,3,3,4,3,4,3,3,3,3,2,1,1,1,1,2,2,3,3,4,3,3,3,2,2,3,3,2,2,2,2,2,2,1,1,1,2,2,3,3,3, ,1, , , ,1, , , ,2, , , ,2, , ,2,2,2,2,2,2,2,2,1, , , ,4, , , , , ,3,3,2,2,2,2,2,2,2,2,4, ,2, , ,42,1,0.985680343
6875,6,1,2,1, , ,2,2,1,20000, ,5000, ,40000, ,1,1,1,3,2,3,2,3,3,3,2,3,3,2,3,3,2,3,3,3,3,3,3,2,3,3,3,3,3,3,4,4,3,3,2,2,3,3,2,3,3,2,2,1,20,30,0,3,2,4,2,4,2,4,2,1,1,1,1,1,1,2,1,1,1,3,2,3,3,1,4,3,3,3,1,1,3,1,2,3,2,4,2,1,1,1,1,1,1,1,1,1,1,1,1,1,1,1,2,1,1,1,1,3,3,3,3,3,2,3,3,3,3,3,3,3,4,3,3,3,4,4,3,4,2,3,3,3,3,2,2,3,3,3,2,1,3,3,3,3,4,3,3,3,3,3,3,3,1,1, ,1, ,1, , ,1,1, ,3, ,1, , ,3,3,2,3,3,3,3,3, , , , , , , , , , ,3,3,2,3,3,3,2,3,3,3,3, ,2,3, ,39,1,0.983399111
6876,6,1,1,1, , ,1,2,1,47000, , ,1,38000, ,1, ,1,3,3,3,2,4,4,4,2,1,1,1,1,1,1,1,4,4,2,4,3,2,3,3,1,1,1,3,3,3,3,4,4,2,2,2,1,2,2,2,2,1,0,18,0,1,1,1,1,3,2,3,1,1,1,1,1,1,3,4,3,4,3,1,1,1,1,1,2,3,3,2,1,1,1,2,2,1,1,4,2,1,1,1,1,1,1,1,1,1,1,1,1,1,1,1,1,1,1,1,1,3,3,3,3,3,3,2,2,1,2,3,3,3,2,1,1,1,2,2,3,3,2,3,3,3,3,1,3,3,3,3,3,2,1,1,1,1,1,1,1,1,1,3,3,3, ,1,1,1, ,1, ,1, ,2,2,2, ,1, ,2,2,2,2,2,2,2,2,2,1, , , ,4, , , , , ,2,2,2,1,2,2,2,2,2,2,3, ,2, , ,47,2,0.985680343
6877,6,1,2,1, , ,2,2,1, ,1, ,1, ,1, , , ,2,2,2,3,3,3,3,4,1,2,2,2,2,2,1,3,4,2,3,3,2,3,3,3,2,2,3,3,3,3,4,3,3,4,2,2,2,3,1,2,1,0,20,0,1,1,1,1,2,2,3,3,1,1,1,1,1,2,2,2,3,3,1,1,1,1,1,2,3,3,2,1,1,1,2,2,1,1,2,2,1,1,1,1,2,1,1,1,1,1,1,1,2,2,1,1,1,1,1,1,4,3,4,3,3,4,3,3,2,3,3,3,2,2,2,2,2,2,2,3,2,2,3,3,3,3,1,3,3,3,2,3,1,2,2,1,2,1,1,2,3,3,4,4,3, ,1,1,1, ,1, ,1, ,2,2,3, ,1, ,3,2,2,2,4,2,2,2,4, , , , , , , , , , ,2,3,2,4,3,3,2,3,1,1,3, ,2, , ,45,2,0.985680343
6884,6,1,2,1, , ,2,1,1,20000, , ,1,40000, , , , ,3,2,3,2,3,3,3,2,3,3,3,3,2,2,3,2,3,3,3,3,2,3,3,2,3,3,3,3,3,3,3,3,2,2,2,2,2,3,3,2,1,15,30,0,3,1,4,1,4,1,4,1,1,3,1,1,1,1,4,1,1,1,3,2,3,2,1,4,2,3,2,1,1,2,1,2,2,2,2,2,1,1,1,1,1,1,1,1,1,1,1,1,1,1,1,1,1,1,3,1,3,3,3,4,4,3,3,3,3,3,3,3,3,4,3,3,3,2,3,3,3,3,3,4,3,3,2,2,3,3,3,2,1,3,3,3,3,3,3,2,2,3,3,3,2, ,1, ,1,1,1,1, , ,1, ,3,1,1,1, ,2,3,3,3,3,3,3,3, , , , , , , , , , ,3,3,3,3,3,3,2,3,3,3,4, ,2,3, ,36,2,0.983399111
6902,6,1,2,1, , ,2,2,1,20000, , ,1,45000, ,1, ,1,3,2,3,2,3,3,3,2,1,1,1,1,2,1,1,3,2,2,3,3,2,2,3,1,1,2,2,3,3,3,2,2,2,2,2,1,2,3,2,2,1,0,30,0,1,1,1,1,4,1,4,1,1,1,1,1,1,1,4,1,1,1,1,1,1,1,1,4,1,1,1,1,1,1,1,3,1,1,2,2,1,1,1,1,1,1,1,1,1,1,1,1,1,1,1,2,1,1,1,1,3,3,3,3,3,3,4,3,3,3,3,3,3,3,2,2,3,2,3,3,3,2,3,3,3,3,2,2,3,3,3,3,2,2,2,2,1,2,2,2,2,2,2,3,3, ,1,1,1, , , , , ,1,1,1, , , , ,2,3,3,3,3,2,2,3,1,1, ,3, , , , , , ,3,3,3,3,3,3,2,3,2,2,4,1,2, , ,46,2,0.983399111
6919,6,1,2,1, , ,2,2,1,20000, , ,1,40000, , , , ,3,2,3,2,3,3,3,2,1,1,1,1,1,1,1,2,1,2,3,3,2,2,3,2,2,2,2,3,3,3,3,1,1,1,1,1,1,1,1,1,1,0,25,0,1,1,1,1,4,1,3,1,1,1,1,1,1,1,4,1,1,1,1,1,1,1,1,4,2,2,1,1,1,1,1,1,1,1,3,2,1,1,1,1,1,1,1,1,1,1,1,1,1,1,1,1,1,1,1,1,3,3,3,3,3,3,4,3,3,3,3,3,3,3,3,2,3,2,3,3,3,2,3,3,3,3,2,2,3,3,3,2,2,2,2,2,1,2,3,2,2,2,3,3,3, ,1, ,1, , , , , ,1, ,1, , , , ,2,2,3,3,2,2,3,3,1, ,2,3, , , , , , ,3,3,3,3,4,3,3,3,3,2,4,1,2, , ,44,2,0.993377503
6925,6,1,1,1, , ,2,2,1, ,1, ,1,38000, ,1,1,1,2,2,2,2,4,2,3,2,2,2,2,3,3,2,2,3,3,3,3,3,2,3,3,1,1,1,1,3,3,3,3,3,2,2,2,3,2,2,2,3,1,0,30,0,1,1,1,1,4,2,3,1,1,1,1,1,1,1,4,1,3,1,1,1,1,1,1,4,3,3,1,1,1,1,1,1,1,1,4,2,1,1,1,1,1,1,1,1,1,1,1,1,2,1,1,2,1,1,1,1,3,3,3,3,3,3,3,2,3,3,2,3,3,3,3,2,2,2,3,2,2,3,3,3,2,3,2,2,2,3,3,3,2,2,2,2,2,2,2,2,2,2,3,3,2, ,1, ,1, ,1,1, , ,1, ,3, ,1,3, ,3,3,3,3,3,3,3,3, , , , , , , , , , ,3,3,3,3,4,3,2,3,3,2,3,1,2, , ,46,2,1.020749108
6928,6,2,2,1, , ,2,1,1,0, ,0, ,50000, , , , , , ,3,2,3,3,3,2,1,1,1,1,1,1,1,3,3,3,4,3,2,3,3,2,3,2,2,3,3,3,3,3,2,2,3,3,2,2,2,2,1,0,30,0,1,1,1,1,4,1,4,1,1,1,1,1,1,3,4,1,1,1,1,1,1,1,1,4,3,1,1,1,1,1,1,2,1,1,3,3,1,1,1,1,1,1,1,1,1,1,1,1,1,1,1,2,1,1,3,1,3,3,3,3,2,3,3,3,3,3,3,3,3,3,4,3,3,2,3,3,3,2,3,3,3,3,2,2,3,3,3,3,1,3,3,3,2,3,3,2,2,3,3,3,3, ,1, ,1, , , ,1, ,1, ,1, , , ,1,3,2,2,3,2,2,3,3,1,1, ,3, , , , , , ,3,3,3,3,4,3,2,3,3,3,4, ,2,3, ,29,2,1.020749108
6929,6,2,2,1, , ,2,2,1,0, ,0, ,50000, , , , , , ,3,2,3,3,3,2,1,1,1,1,1,1,1,3,2,2,3,3,2,3,3,2,2,2,2,3,3,3,3,1,1,1,2,2,1,1,2,2,1,0,30,0,1,1,1,1,4,1,4,1,1,1,1,1,1,3,4,1,1,1,1,1,1,1,1,4,3,2,2,2,1,1,1,3,1,1,3,2,1,1,1,1,1,1,1,1,1,1,1,1,1,1,1,2,1,1,1,1,3,3,3,3,2,2,3,3,3,3,3,3,3,3,4,2,3,2,3,3,3,3,3,3,3,3,2,2,3,3,3,3,2,2,2,2,2,3,3,3,2,2,3,3,3, ,1, ,1, , , , , ,1, ,1, , , , ,3,3,2,3,2,2,2,3,1, ,2,3, , , , , , ,2,2,3,3,3,3,3,3,3,3,4, ,2,3, ,32,2,1.020749108
6933,6,1,1,1, , ,1,2,1, ,1, ,1,40000, ,1,1, ,2,2,3,2,4,3,3,2,2,3,2,3,3,3,2,3,3,3,4,3,2,2,3,1,1,1,1,2,3,3,3,3,2,2,2,3,2,2,2,2,1,0,30,0,1,1,1,1,4,3,3,1,1,1,1,1,1,1,4,1,3,1,1,1,1,1,1,4,2,3,1,1,1,1,1,1,1,1,4,2,1,1,1,1,1,1,1,1,1,1,1,1,2,1,1,3,1,1,1,1,3,3,3,3,3,3,3,2,3,3,2,3,3,3,3,2,2,2,3,2,2,3,3,3,3,3,2,2,2,3,3,2,2,2,2,2,2,2,3,2,3,2,3,3,2, ,1, ,1, ,1,1, , ,1, ,3, ,1,1, ,3,4,3,3,3,3,3,3, , , , , , , , , , ,3,2,3,3,4,3,2,3,3,2,4,1,2, , ,45,2,0.993377503
6939,6,2,2,1, , ,2,2,1,0, ,0, ,19000, , , , , , ,3,2,3,3,3,4,1,1,1,1,1,1,1,2,2,1,2,1,1,2,2,2,2,1,2,2,2,2,2,2,2,2,1,2,1,1,2,1,2, , , , , , , , , , , , , , , , , , , , , , , , , , , , , , , , , , , , , , , , , , , , , , , , , , , , , , , , , , , , ,3,3,3,3,3,2,2,3,2,3,2,2,2,2,2,2,1,1,2,2,3,3,3,2,3,2,2,2,2,3,2,2,2,2,2,1,2,1,2,1,2,2,1,2, , , , , , , , , , , , , , , , ,2,2,2,2,2,2,2,2, , , , , , , , , , ,2,2,1,2,1,2,2,1,2,2,4,1, , , ,33,2,1.020749108
6945,6,1,2,1, , ,2,2,1, ,1,0, ,35000, , , , ,3, ,3,2,3,1,3,2,2,2,2,1,2,2,2,4,4,3,3,3,3,3,4,1,3,1,3,4,4,3,2,2,1,2,1,2,2,3,2,2,1,0,30,0,1,1,1,1,2,2,4,1,1,1,1,1,1,3,4,1,1,1,1,1,1,1,1,3,3,2,1,1,1,1,2,3,1,1,3,2,1,1,1,1,1,1,1,1,1,1,1,1,1,1,1,1,2,1,3,1,3,2,4,2,2,3,3,3,3,3,3,3,3,3,3,2,2,2,2,3,3,2,2,3,3,3,3,3,2,3,3,3,1,2,1,2,3,2,2,2,2,2,2,2,2,1,1, , , , , , ,1,1, , , , , , ,3,3,3,4,3,3,3,3,1, , ,3,4, , , , , ,3,4,3,3,3,3,4,3,3,3,2,1,2, , ,30,2,0.993377503
6948,6,1,1,1, , ,2,2,1,15000, ,10000, ,35000, ,1,1,1,2,2,2,2,3,3,3,2,2,2,2,3,3,2,2,3,3,3,3,3,2,2,3,1,1,1,1,3,4,3,3,3,1,2,2,3,2,3,2,2,1,0,30,0,1,1,1,1,4,2,3,1,1,1,1,1,1,1,4,1,2,1,1,1,1,1,1,4,3,3,1,1,1,1,1,3,1,1,4,3,1,1,1,1,1,1,1,1,1,1,1,1,1,1,1,2,1,1,1,1,2,3,3,3,3,3,3,3,3,3,3,3,3,3,3,2,2,2,3,2,2,3,3,3,3,3,2,2,2,3,3,3,2,2,2,2,2,2,2,2,2,2,3,2,2, ,1, , , ,1,1, , ,1, , , ,1,1, ,3,3,3,3,3,3,4,2,1, ,2, ,4,5, , , , ,3,2,3,3,4,2,2,3,3,2,3,1,2, , ,47,2,1.020749108
6950,6,2,2,1, , ,2,2,1, ,1, ,1,28000, , , , ,1,1,2,3,3,2,2,3,2,3,2,2,1,2,2,2,1,1,2,2,2,1,2,2,1,1,2,1,1,2,2,3,2,2,1,2,1,2,1,1,2, , , , , , , , , , , , , , , , , , , , , , , , , , , , , , , , , , , , , , , , , , , , , , , , , , , , , , , , , , , , ,2,2,1,1,2,2,1,2,1,1,4,4,4,3,3,3,2,3,3,3,2,2,1,3,2,2,3,3,2,2,3,2,3,2,2,3,3,2,3,2,2,3,3,2, , , , , , , , , , , , , , , , ,1,1,2,1,2,2,1,1, , , , , , , , , , ,2,1,1,1,1,2,1,2,1,1,4,1, , , ,40,2,0.993377503
6951,6,1,2,1, , ,2,2,1,20000, , ,1,40000, ,1,1,1,3,3,3,2,3,3,3,2,1,1,1,1,2,1,1,3,3,3,3,3,2,3,3,2,2,2,2,3,3,3,3,1,1,1,1,3,2,3,1,2,1,0,30,0,1,1,1,1,4,1,4,1,1,1,1,1,1,3,4,1,1,1,1,1,1,1,1,4,2,2,1,1,1,1,1,3,1,1,2,2,1,1,1,1,1,1,1,1,1,1,1,1,1,1,1,1,1,1,1,1,3,3,3,3,3,3,4,3,3,3,3,3,3,4,3,2,3,2,3,3,3,3,3,3,3,3,2,2,3,3,3,3,2,2,2,2,2,2,2,2,2,2,3,3,3, ,1,1,1, , , , , ,1,1,2, , , , ,2,3,3,3,3,2,3,3,1,1, ,3, , , , , , ,3,3,3,3,4,3,3,3,2,2,4, ,2,3, ,46,2,1.020749108
6952,6,1,2,1, , ,2,2,1, ,1,0, ,30000, , , , ,3, ,3,3,4,2,3,2,3,2,3,3,3,2,3,4,4,3,4,3,3,3,3,2,1,3,2,4,3,3,3,2,1,1,2,1,1,2,2,2,1,0,30,0,1,1,1,1,3,2,4,1,1,1,1,1,1,3,3,2,1,1,1,1,1,1,1,3,3,3,2,1,1,1,3,2,1,1,2,1,1,1,1,1,3,1,1,1,1,1,1,1,3,2,1,1,3,2,2,1,3,3,4,3,2,3,4,4,3,3,3,3,3,3,3,2,2,2,2,2,3,2,2,3,3,3,3,2,3,3,3,2,1,3,4,3,3,3,3,3,4,3,3,3,3,1,1, , , , , , ,1,2, , , , , , ,3,3,3,2,1,3,2,2,1, , , ,4,5, , , , ,3,4,3,3,4,3,3,3,4,3,4,1,2, , ,41,2,0.993377503
6956,6,2,1,1, , ,1,2,1,0, ,15000, ,38000, , ,1,1, ,2,3,2,3,3,3,2,2,2,2,4,4,3,2,3,4,3,4,3,3,3,3,2,2,2,2,2,3,3,3,3,2,2,3,3,2,2,2,3,1,0,30,0,1,1,1,1,4,3,3,2,1,1,1,1,1,2,4,1,3,1,1,1,1,1,1,4,2,2,1,1,1,1,1,1,1,1,4,3,1,1,1,1,1,1,1,1,1,1,1,1,2,1,1,3,1,1,1,1,3,3,3,3,3,3,3,3,2,3,3,3,3,3,3,2,2,2,3,2,2,3,3,3,2,4,2,2,2,3,3,2,1,2,3,2,2,2,3,2,3,3,3,2,2, ,1, ,1, ,1,1,1, ,1, ,3, ,1,3,1,3,4,3,3,3,3,3,3, , , , , , , , , , ,3,2,3,2,4,2,3,2,3,3,3, ,2,3, ,34,2,0.993377503
6958,6,1,2,1, , ,2,2,1,20000, , ,1,40000, ,1,1,1,3,3,3,2,3,3,3,2,1,1,1,1,2,1,1,3,2,3,3,3,2,3,3,2,2,3,2,3,3,3,3,2,2,1,3,2,2,3,2,2,1,0,30,0,1,1,1,1,4,1,4,1,1,1,1,1,1,1,4,1,1,1,1,1,1,1,1,3,2,1,1,1,1,1,3,1,1,1,3,2,1,1,1,1,1,1,1,1,1,1,1,1,1,1,1,3,1,1,2,1,3,3,3,3,3,2,3,3,3,3,3,3,3,3,4,2,3,2,3,3,2,3,3,3,3,3,2,2,3,3,3,2,2,2,2,2,2,2,2,2,2,2,3,3,3, ,1,1, , , , , , ,1,1, , , , , ,3,3,3,3,2,2,3,3,1,1, ,3, , , , , , ,3,3,3,3,3,4,3,3,2,2,4, ,2, , ,48,2,1.020749108
6987,6,1,1,1, , ,2,2,1, ,1, ,1,42000, ,1,1, ,2,2,3,2,3,3,3,2,3,3,2,4,4,3,2,3,4,4,4,4,3,3,3,2,2,2,2,3,3,3,3,3,2,3,3,3,2,3,2,3,1,8,30,0,3,2,2,1,4,1,4,2,1,1,1,1,1,2,4,1,3,1,3,2,1,1,1,4,3,3,1,1,1,1,1,3,1,1,4,2,1,1,1,1,1,1,1,1,1,1,1,2,2,1,2,3,1,1,1,1,3,3,3,3,3,3,3,2,3,3,3,3,3,3,3,3,2,2,3,2,2,3,3,3,3,3,2,2,2,3,3,3,1,2,2,2,2,2,3,3,3,3,3,2,2, ,1, ,1, ,1,1,1, ,1, ,3, ,1,3,1,3,3,3,3,3,3,3,3, , , , , , , , , , ,3,3,3,3,3,3,3,3,3,3,3, ,2, , ,34,2,0.993377503
7082,6,1,2,1, , ,1,2,1,15000, ,15000, ,33000, ,1,1,1,2,2,2,2,3,3,3,2,2,2,2,3,3,2,2,3,3,3,3,3,2,2,3,1,1,1,1,3,3,3,3,3,1,2,2,3,2,3,2,3,1,0,30,0,1,1,1,1,4,2,2,1,1,1,1,1,1,2,4,1,3,1,3,1,1,1,1,4,3,3,1,1,1,1,1,1,1,1,1,1,1,1,1,1,1,1,1,1,2,1,1,1,2,1,1,3,1,1,1,1,3,3,3,3,3,3,3,3,2,3,3,3,3,3,3,2,2,2,3,2,2,3,3,3,2,3,2,2,2,3,3,3,2,2,2,2,2,2,3,3,3,2,3,3,2, ,1, ,1, ,1,1,1, ,1, ,3, ,1,3,1,3,3,3,3,3,3,3,3, , , , , , , , , , ,3,2,3,3,3,3,3,3,3,2,3,1,2, , ,45,2,0.993377503
7205,6,1,1,1, , ,2,2,1, ,1, ,1,45000, ,1,1, ,2,2,3,2,3,3,3,2,3,3,2,3,3,3,2,3,4,3,4,3,3,3,3,3,2,2,2,3,3,3,3,3,2,3,3,3,2,3,2,3,1,0,30,0,1,1,1,1,4,2,4,2,1,1,1,1,1,3,4,1,3,2,1,1,1,1,1,3,2,2,2,2,1,1,1,1,1,1,4,2,1,1,1,1,1,1,1,1,1,1,1,1,3,1,1,3,1,1,1,1,3,3,3,3,3,2,3,2,3,3,3,3,3,3,3,2,2,2,3,2,2,3,3,3,3,3,2,2,2,3,3,2,1,2,2,2,2,2,3,3,3,3,3,2,2, ,1, ,1, ,1,1,1, ,1, ,4, ,1,3,1,3,3,3,3,3,3,3,3, , , , , , , , , , ,3,2,3,3,4,2,3,3,3,3,3,1,2, , ,39,2,0.985680343
7219,6,1,2,1, , ,1,2,1, ,1, ,1,43000, ,1,1, ,2,2,3,2,4,2,3,2,2,2,2,3,2,2,2,2,3,3,3,3,2,2,3,1,1,1,1,2,3,3,3,3,1,2,2,2,1,2,2,2,1,0,30,0,1,1,1,1,4,1,3,1,1,1,1,1,1,1,4,1,2,1,1,1,1,1,1,3,2,3,1,1,1,1,1,1,1,1,4,2,1,1,1,1,1,1,1,1,1,1,1,1,2,1,1,1,1,1,1,1,2,3,3,3,3,3,3,2,3,3,2,3,3,3,2,2,2,2,2,2,2,3,3,3,3,3,2,2,2,3,3,3,2,2,2,2,2,2,2,2,2,2,3,3,3, ,1, ,1, ,1,1, , ,1, ,1, ,1,2, ,3,3,3,3,2,3,4,2,1, ,2, ,4,5, , , , ,3,2,3,2,3,3,2,3,3,3,2,1,2, , ,49,2,0.985680343
7244,6,2,1,1, , ,2,2,1, ,1, ,1,50000, ,1,1, ,2,2,3,3,2,3,3,2,4,4,3,4,4,3,2,4,4,4,4,4,3,3,3,2,2,2,2,3,4,3,3,3,2,3,3,3,2,3,3,3,1,10,30,0,3,2,2,2,4,1,4,2,3,1,1,3,1,4,4,1,2,2,2,3,3,2,1,4,3,3,3,1,1,1,1,3,2,2,4,2,1,1,1,1,1,1,1,1,3,1,2,3,3,1,2,2,2,1,1,1,3,3,3,3,3,2,3,3,3,3,3,3,3,3,3,3,3,3,3,2,2,3,3,3,2,4,2,2,2,3,3,2,1,3,3,3,2,3,3,3,3,3,3,2,3, ,1, ,1, ,1,1,1, ,1, ,4, ,1,2,2,3,3,3,3,3,4,3,3, , , , , , , , , , ,3,3,3,2,4,2,3,3,3,3,4, ,2, ,4,28,1,0.983399111
7253,6,2,1,1, , ,2,2,1, ,1, ,1,45000, ,1,1, ,2,2,2,3,3,3,3,2,3,3,3,4,4,3,3,4,4,4,4,4,3,3,3,2,2,2,2,3,3,3,3,3,2,3,3,3,2,3,2,3,1,10,30,0,3,3,3,3,4,2,4,2,3,1,1,3,2,3,4,1,3,2,3,2,2,2,1,4,3,3,1,1,1,1,1,2,2,1,4,3,1,1,1,1,1,1,1,1,2,1,1,3,2,1,3,3,2,1,1,1,3,3,3,3,3,3,3,2,3,3,3,3,3,3,3,2,2,3,3,2,2,3,3,3,3,4,2,2,2,3,3,2,1,3,2,2,2,2,3,3,3,3,3,3,3, ,1, ,1, ,1,1, , ,1, ,3, ,1,2, ,3,3,3,3,3,3,3,3, , , , , , , , , , ,3,2,3,2,4,2,3,3,3,3,4, ,2, ,4,28,2,0.983399111
7270,6,1,2,1, , ,2,2,1, ,1, ,1,55000, ,1,1, ,2,2,3,3,3,3,3,2,2,4,3,4,4,3,2,3,4,4,4,4,3,3,3,2,2,2,2,3,3,3,3,3,2,3,3,3,2,3,2,3,1,10,30,0,3,3,2,1,4,1,3,1,1,1,1,3,1,2,4,1,3,1,2,2,2,2,1,4,3,3,2,1,1,1,1,3,2,1,4,3,1,1,1,1,1,1,1,1,2,1,1,2,2,1,2,3,1,1,1,1,3,3,3,3,3,3,3,2,3,3,3,3,3,3,3,3,2,3,3,2,2,3,3,3,3,4,2,2,2,3,3,3,1,3,3,2,3,2,3,3,3,3,2,3,2, ,1, ,1,1, ,1,1, ,1, ,3,1, ,3,2,3,3,3,3,3,3,3,3, , , , , , , , , , ,3,3,3,2,4,2,3,3,3,3,3, , ,3,4,38,1,0.983399111
7285,6,1,1,1, , ,2,2,1,15000, ,10000, ,35000, ,1,1,1,2,2,2,2,3,3,3,2,3,3,3,3,3,3,2,3,4,4,4,3,3,3,3,2,2,2,2,3,3,3,3,3,2,3,3,3,2,3,2,3,1,4,30,0,3,2,2,1,4,1,3,2,2,1,1,2,1,2,4,1,2,1,3,2,1,1,1,4,3,3,2,1,1,1,1,1,2,1,4,2,1,1,1,1,1,1,1,1,2,1,1,1,2,1,2,2,1,1,1,1,3,3,3,3,3,3,3,2,3,3,2,3,3,3,3,2,2,2,3,2,2,3,3,3,3,3,2,2,2,3,3,3,2,2,3,2,2,2,3,3,2,2,3,3,2, ,1, ,1, ,1,1, , ,1, ,4, ,1,3, ,3,3,3,3,3,3,3,3, , , , , , , , , , ,3,3,3,2,3,2,3,3,3,2,3, ,2, , ,38,2,0.983399111
7346,6,1,1,1, , ,2,2,1,38000, , ,1,45000, , , , ,3,2,3,4,3,3,3,2,2,2,2,2,2,2,2,4,4,4,4,4,4,4,4,2,2,2,2,3,4,4,3,3,2,2,3,3,2,2,2,2,1,0,30,0,1,1,1,1,4,3,2,2,1,1,1,1,1,4,4,2,2,1,1,1,1,1,1,4,2,2,2,2,1,1,1,1,1,1,3,3,1,1,1,1,1,1,1,1,1,1,1,1,1,1,1,2,1,1,2,2,3,3,4,3,3,3,4,3,3,3,3,4,3,3,3,3,3,2,3,3,2,3,2,3,3,3,3,3,3,3,3,3,1,3,3,2,3,3,2,3,3,3,3,2,3, ,1,1, , , , , , ,2,2, , , , , ,3,4,3,3,3,3,3,3,1, ,2,3,4, , , , , ,3,4,4,3,3,2,3,3,3,3,4, , ,3, ,36,2,0.985680343
7349,6,2,1,1, , ,2,2,1, ,1, ,1,50000, , , , ,3,3,3,4,3,3,3,1,1,1,1,1,1,1,1,4,4,2,3,4,3,3,3,1,1,1,4,4,4,4,3,1,1,1,3,1,1,3,2,2,1,0,30,0,3,3,2,1,4,3,3,1,2,3,1,1,4,3,4,2,2,3,3,3,3,2,2,4,3,4,2,2,1,1,1,1,1,1,1,1,1,1,1,1,1,1,1,1,1,1,1,2,1,1,1,2,1,1,2,3,3,4,4,3,3,3,4,3,3,3,3,4,3,3,3,3,3,3,2,3,2,3,4,4,3,3,2,3,3,3,3,2,1,3,2,3,3,2,3,3,3,3,2,4,3, ,1,1, , ,1, , , ,3,3, , ,3, , ,3,4,4,3,3,4,3,3, , , , , , , , , , ,3,2,3,3,3,3,3,2,3,3,4, , ,3,4,44,2,0.985680343
7354,6,2,2,1, , ,2,2,1,0, , ,1,45000, , , , , ,2,3,3,4,4,2,1,1,1,1,1,1,1,1,4,4,1,3,3,3,3,4,1,2,2,3,2,4,3,3,2,1,1,1,1,2,2,2,2,1,0,30,0,1,1,1,1,4,2,1,1,1,1,1,1,1,1,4,1,1,1,1,1,1,1,1,4,2,3,1,1,1,1,1,1,1,1,1,1,1,1,1,1,1,1,1,1,1,1,1,1,1,1,1,1,1,1,2,2,3,4,4,3,3,3,3,4,3,3,3,3,3,3,2,2,2,2,2,3,2,2,2,3,2,3,3,2,2,2,3,3,2,3,4,3,3,4,2,2,3,3,3,3,3, , ,1, , , , , , , ,3, , , , , ,3,4,4,3,3,3,3,2, , , , , , , , , , ,3,4,3,3,3,2,3,3,3,3,4, ,2,3, ,47,2,0.985680343
7365,6,2,2,1, , ,2,2,1, ,1, ,1,60000, , , , ,2,2,3,4,3,3,3,1,3,3,3,4,3,3,3,4,4,4,4,4,4,3,4,2,3,3,2,4,4,4,4,3,3,3,4,4,4,3,3,3,1,20,30,0,3,3,3,2,4,2,3,2,4,4,3,2,2,4,4,3,3,2,4,4,3,3,3,4,4,3,2,2,1,1,1,1,1,1,2,2,1,1,1,1,2,2,2,2,2,3,3,3,2,2,3,2,1,2,2,3,3,4,3,3,4,3,4,4,3,3,3,4,3,3,2,4,3,3,2,3,2,3,3,3,3,3,2,3,3,3,3,2,1,3,3,2,4,3,3,2,3,3,2,3,3, ,1,1, , , , , , ,3,3, , , , , ,2,4,3,3,3,3,3,2, , , , , , , , , , ,3,2,3,3,4,3,3,3,2,3,4, , ,3,4,29,2,0.983399111
7373,6,1,1,1, , ,2,2,1, ,1, ,1,68000, , , , ,2,2,3,4,4,2,2,2,4,4,4,4,4,4,4,4,4,4,4,4,4,4,4,2,3,2,4,4,4,4,3,3,2,2,2,4,4,4,3,3,1,20,30,0,4,2,3,2,4,2,3,2,3,2,3,3,2,3,4,2,3,2,4,4,4,2,3,4,4,4,3,3,1,1,2,2,1,1,2,2,1,1,1,1,1,1,1,1,2,3,2,2,2,3,2,2,1,1,3,3,4,3,3,3,2,4,4,3,3,3,3,4,4,4,3,3,3,3,3,3,3,3,4,3,3,3,3,3,2,3,3,3,1,4,3,3,2,3,3,3,3,3,3,4,4, ,1,1, , ,1, , , ,3,3, , ,3, , ,3,4,4,3,3,4,3,3, , , , , , , , , , ,3,4,3,3,3,3,2,3,3,3,4, , ,3,4,38,1,0.983399111
7383,6,1,2,1, , ,2,2,1, ,1,0, ,30000, , , , ,3, ,3,2,3,1,3,2,1,1,1,1,1,1,1,2,4,1,3,3,1,1,3,1,1,1,2,3,4,3,3,1,1,1,1,1,1,1,1,1,1,0,30,0,1,1,1,1,2,1,2,1,1,1,1,1,1,1,4,1,1,1,1,1,1,1,1,2,3,3,1,1,1,1,1,1,1,1,3,1,1,1,1,1,1,1,1,1,1,1,1,1,1,1,1,1,1,1,2,1,3,3,3,2,2,3,3,3,3,3,3,3,3,2,2,2,2,2,2,3,2,2,3,3,3,3,2,2,2,3,3,2,1,2,2,3,2,3,3,3,3,2,3,3,3, ,1, , , , , , , ,2, , , , , , ,2,3,3,3,2,3,2,2,1, , ,3,4,5, , , , ,3,3,4,3,3,3,4,3,3,3,3,1,2, , ,52,2,0.983399111
7384,6,1,1,1, , ,1,2,1, ,1, ,1,55000, , , ,1,3,2,4,4,3,3,2,1,4,4,4,4,4,4,2,4,4,4,4,4,4,4,4,3,3,3,3,4,4,4,4,3,4,2,2,3,3,3,3,3,1,25,30,5,4,2,3,3,4,3,3,2,3,3,3,3,2,4,4,2,2,2,4,3,2,2,2,4,4,4,2,2,1,1,2,2,1,1,3,2,1,1,1,1,1,1,3,1,1,1,1,1,2,2,2,3,2,2,3,2,4,4,4,4,4,4,4,3,3,3,3,4,4,4,3,3,3,3,3,3,3,4,3,3,3,4,3,3,3,3,3,2,1,3,4,3,2,3,3,2,3,3,3,3,3, ,1,1, , ,1, , , ,3,3, , ,3, , ,3,4,4,3,3,4,4,2, , , , , , , , , , ,4,3,3,4,3,3,4,4,4,4,4, , ,3,4,28,1,0.985680343
7389,6,2,1,1, , ,1,2,1,40000, , ,1,65000, ,1, , ,3,2,3,4,3,3,2,2,4,4,4,4,4,4,3,4,4,4,4,4,4,4,4,3,3,3,3,4,4,4,4,4,3,3,3,4,4,3,3,3,1,20,30,15,4,2,2,2,4,2,3,2,4,3,2,3,2,4,3,3,3,2,4,2,3,2,1,4,3,3,2,1,2,2,2,2,3,3,2,2,1,1,3,1,1,1,3,1,1,1,1,3,1,1,1,2,2,2,2,3,3,4,4,4,3,3,4,3,3,3,3,4,4,3,3,3,3,3,3,3,2,3,3,3,3,3,3,2,2,3,3,3,1,4,4,4,3,3,3,3,4,3,3,3,3, ,1,1, , ,1, , , ,2,3, , ,2, , ,3,4,3,3,3,4,3,3, , , , , , , , , , ,3,2,3,4,3,3,2,3,3,3,4, , ,3,4,28,1,0.983399111
7391,6,1,2,1, , ,2,2,1,30000, ,0, ,30000, ,1, , ,3, ,3,2,3,1,3,3,1,1,1,1,1,1,1,3,4,3,3,3,2,2,3,1,1,1,1,3,3,3,3,1,1,1,1,1,1,1,1,1,1,0,30,0,1,1,1,1,2,1,3,1,1,1,1,1,1,1,4,1,1,1,1,1,1,1,1,3,2,3,2,1,1,1,1,1,1,1,3,1,1,1,1,1,1,1,1,1,1,1,1,1,2,1,1,1,2,1,2,2,3,3,3,4,3,3,3,4,3,3,3,3,3,3,3,2,2,2,2,3,2,3,3,3,4,3,3,2,3,3,3,2,1,2,3,2,2,2,3,3,2,3,2,2,2,1,1, , , , , , ,1,2, , , , , , ,2,4,3,3,2,3,2,2,1, , , ,4,5, , , , ,2,3,3,3,3,3,3,3,3,3,2,1,2, , ,50,2,0.983399111
7396,6,2,2,1, , ,2,2,1,0, ,0, ,50000, , , , , , ,3,4,3,3,2,1,2,2,2,2,2,2,1,4,4,3,4,4,4,4,4,2,3,2,2,3,4,4,3,3,3,2,2,3,2,2,2,2,1,0,30,0,1,1,1,1,4,3,2,1,1,1,1,1,1,4,3,3,3,1,1,1,1,1,1,3,2,2,1,1,1,1,1,1,1,1,1,1,1,1,1,1,1,1,1,1,1,1,1,1,1,1,1,1,1,1,2,2,3,4,4,3,3,3,4,3,2,2,2,4,3,3,2,2,2,2,2,2,2,3,3,3,2,3,3,2,2,2,3,3,2,2,2,2,2,2,2,2,2,2,3,3,3, ,1, ,1, , , , , ,2, ,2, , , , ,3,4,3,4,3,3,3,2,1, ,2,3,4, , , , , ,3,3,2,3,3,2,2,2,3,3,4, ,2,3, ,37,2,0.993377503
7397,6,2,1,1, , ,1,2,1,35000, , ,1,35000, , , , ,3,2,3,3,4,3,3,1,1,1,1,1,1,1,1,4,4,2,4,4,4,3,3,2,3,2,1,3,4,3,3,2,2,2,2,3,3,3,3,3,1,0,30,0,1,1,1,1,4,1,1,1,1,1,1,1,1,1,4,1,1,1,1,1,1,1,1,3,1,1,1,1,1,1,1,1,1,1,1,1,1,1,1,1,1,1,1,1,1,1,1,1,1,1,1,1,1,1,2,2,3,4,4,4,3,3,4,3,2,2,2,3,3,2,2,2,2,2,2,2,2,3,3,3,2,2,2,2,2,3,3,2,2,2,1,2,1,2,2,2,2,2,2,3,3, ,1, , , , , , , ,2, , , , , , ,2,3,2,3,3,3,3,2,1, ,2,3,4, , , , , ,3,3,3,2,4,3,3,3,2,2,4, ,2, , ,57,2,0.993377503
7399,6,2,2,1, , ,2,2,1,0, ,0, ,30000, , , , , , ,2,1,2,1,2,2,1,1,1,1,1,1,1,2,2,1,3,2,2,2,1,2,1,2,2,2,3,2,3,2,1,2,1,2,2,1,2,2,2, , , , , , , , , , , , , , , , , , , , , , , , , , , , , , , , , , , , , , , , , , , , , , , , , , , , , , , , , , , , ,2,1,2,2,1,2,2,1,2,2,3,3,3,2,1,1,1,1,2,2,2,1,2,2,1,2,1,1,1,1,1,2,1,2,2,1,2,1,2,2,1,2,2,2, , , , , , , , , , , , , , , , ,1,1,3,3,1,1,1,1, , , , , , , , , , ,2,2,2,2,2,3,2,3,3,3,4,1,2, , ,60,2,0.993377503
7401,6,1,1,1, , ,1,2,1, ,1, ,1,40000, ,1,1,1,3,2,3,3,3,3,2,1,1,1,1,2,1,1,1,4,4,3,4,4,4,4,4,3,3,3,2,4,4,4,4,3,3,4,4,3,3,3,3,3,1,0,30,0,1,1,1,1,3,1,1,1,1,1,1,1,1,1,4,1,1,1,1,1,1,1,1,4,3,3,1,1,1,1,1,1,1,1,1,1,1,1,1,1,1,1,1,1,1,1,1,1,1,1,1,1,1,1,1,2,3,4,4,4,4,4,3,3,3,3,3,4,3,3,2,2,2,2,2,3,3,3,3,3,2,3,3,3,3,3,3,3,1,3,3,3,2,2,2,2,2,2,3,3,3, ,1,1, , , , , , ,2,3, , , , , ,2,4,4,3,3,4,3,2, , , , , , , , , , ,3,4,3,3,3,3,3,2,2,2,4, ,2,3, ,55,2,1.020749108
7408,6,2,1,1, , ,2,2,1,50000, , ,1,50000, ,1,1, ,2,2,2,3,3,3,2,2,3,4,3,4,3,3,3,3,4,3,3,3,4,4,3,4,3,3,4,3,3,3,3,3,3,4,4,4,3,4,3,3,1,10,10,0,4,4,1,1,3,3,3,3,1,1,1,1,4,3,2,3,2,3,1,1,1,1,1,3,3,2,3,1,1,1,2,1,1,1,4,4,1,1,1,1,1,1,1,1,1,1,1,1,2,2,1,2,3,1,1,1,3,3,4,4,4,3,3,3,3,3,3,3,3,4,3,3,3,4,4,3,4,4,4,3,3,3,2,4,3,3,2,1,1,2,3,3,2,3,4,3,3,2,4,4,4,1,1,1,1,1, , ,1,2,2,3,3,2, , ,3,2,3,3,3,2,2,2,4, , , , , , , , , , ,3,3,4,3,3,1,2,3,2,3,4, , , ,4,29,2,0.983399111
7409,6,1,2,1, , ,2,2,1,45000, ,0, ,70000, ,1, ,1,3, ,2,3,3,3,2,2,4,4,4,4,4,4,4,4,4,4,4,4,4,4,4,4,4,4,4,4,4,4,4,3,3,4,4,3,3,4,4,4,1,20,30,0,2,2,3,1,3,3,3,1,3,3,1,2,1,3,3,2,2,1,3,3,3,4,2,3,2,2,1,2,3,1,2,3,4,4,4,4,2,2,3,1,2,2,2,2,3,3,4,4,3,2,2,3,3,1,2,1,4,4,3,3,3,3,2,3,3,3,3,3,3,4,2,4,4,4,2,3,3,4,3,3,4,3,3,3,3,4,3,3,1,3,3,4,3,3,3,3,2,2,4,3,3, ,1,1,1, ,1, ,1, ,2,3,3, ,1, ,3,2,3,3,3,2,1,2,3, , , , , , , , , , ,3,4,3,4,4,3,2,4,3,1,4, , ,3, ,35,1,0.983399111
7412,6,2,2,1, , ,2,2,1,47000, ,0, ,53000, ,1, ,1,3, ,4,3,3,4,1,2,2,2,2,3,3,2,1,4,4,2,4,4,3,4,3,3,3,3,3,4,3,3,4,3,4,3,3,3,1,3,3,4,1,0,30,0,1,1,1,1,3,2,2,2,1,1,1,1,1,3,2,3,4,3,1,1,1,1,1,4,4,4,1,2,1,1,3,2,1,1,4,4,1,1,1,1,2,2,4,1,1,1,1,1,1,2,1,1,1,1,1,1,4,3,4,4,4,4,2,2,4,4,4,3,4,3,3,2,2,2,3,3,3,4,3,3,3,4,3,3,3,3,3,1,1,4,3,2,2,2,3,1,2,2,3,3,3, ,1,1, , , , ,1, ,3,3, , , , ,2,2,3,3,2,2,2,2,2, , , , , , , , , , ,2,4,2,4,4,4,2,3,3,2,3, , ,3, ,37,2,0.983399111
7455,6,1,2,1, , ,2,2,1,50000, ,0, ,80000, , , , ,2, ,3,3,3,3,3,3,2,3,1,3,3,2,2,3,3,3,4,3,3,4,4,3,3,2,3,3,4,4,4,3,3,4,3,3,4,3,3,3,1,3,30,0,3,2,1,1,2,3,4,1,1,1,1,1,1,2,3,1,2,1,1,1,1,1,1,4,4,3,3,1,1,1,2,2,1,1,4,1,1,1,1,1,1,1,1,1,1,1,1,1,3,2,2,3,2,1,1,1,3,3,4,3,3,3,3,2,2,2,3,3,3,2,2,2,2,2,2,3,2,3,2,3,3,2,2,2,3,3,2,2,1,3,3,2,2,2,2,3,2,2,3,3,3, ,1,1, , ,1, , , ,3,2, , ,1, , ,3,3,3,3,3,2,3,3, , , , , , , , , , ,3,2,2,3,2,3,1,2,2,1,2, ,2,3, ,36,2,0.983399111
7458,6,2,2,1, , ,2,2,1, ,1, ,1,60000, , , , ,3,3,3,3,2,2,2,2,2,2,2,2,2,2,2,4,4,3,3,3,2,3,3,2,2,1,1,3,3,4,4,3,2,3,2,2,2,3,4,3,1,0,15,0,1,1,1,1,3,1,3,1,1,1,1,1,1,1,2,1,1,1,1,1,1,1,1,3,3,4,1,1,1,1,1,1,1,1,3,1,1,1,1,1,1,1,1,1,1,1,1,1,1,1,1,1,1,1,1,1,3,3,3,3,4,4,4,2,2,2,2,3,2,2,1,2,1,1,1,3,4,3,3,4,3,3,1,4,4,4,4,4,2,2,2,2,2,2,2,2,1,1,3,3,3, , , ,1, ,1, , , , , ,3, ,2, , ,2,2,2,3,2,2,2,2, , , , , , , , , , ,2,4,2,4,4,3,1,3,2,1,4, , ,3, ,40,1,0.983399111
7459,6,1,2,2,2, ,2,2,1, ,1, ,1, ,1, , , ,1,1,1,2,2,1,2,1,1,1,1,1,1,1,1,2,1,2,1,2,1,2,2,1,2,1,2,2,2,2,2,1,1,1,1,1,1,1,1,1,3, , , , , , , , , , , , , , , , , , , , , , , , , , , , , , , , , , , , , , , , , , , , , , , , , , , , , , , , , , , , ,3,3,4,3,3,3,4,3,3,3,3,4,3,3,1,1,1,1,3,3,4,3,3,3,4,3,3,4,3,4,3,2,2,1,2,1,1,1,2,2,1,1,1,2, ,1,1, , , , , , ,1,1, , , , , ,4,3,3,4,3,4,3,3,1, ,2, , ,5, , , , ,3,2,2,3,3,3,4,3,3,4,4,1, , , ,48,2,0.983399111
7460,6,1,2,1, , ,2,2,1,30000, ,20000, ,48000, , , , ,2,2,3,3,3,2,2,3,1,2,1,3,1,1,2,3,3,3,3,3,3,3,4,2,2,1,1,3,3,4,4,3,3,4,2,2,3,3,3,4,1,1,30,0,1,1,4,1,3,2,3,1,1,1,1,1,1,2,3,1,3,2,1,1,1,1,1,3,2,3,1,1,1,1,2,2,1,1,4,2,1,1,1,1,1,1,1,1,1,1,1,1,2,2,2,2,2,1,1,1,4,3,3,4,3,3,3,4,3,3,1,3,3,3,1,2,2,1,2,4,3,3,3,4,3,3,2,2,2,4,4,4,1,2,2,1,2,2,2,2,2,1,1,3,3, ,1,1, , ,1, ,1, ,3,3, , ,1, ,2,2,3,3,2,2,1,2,2, , , , , , , , , , ,3,3,4,3,4,4,2,2,3,2,3, ,2, , ,44,2,0.983399111
7477,6,2,2,1, , ,2,2,1,0, ,0, ,30000, , , , , , ,3,2,3,1,1,1,1,1,1,1,1,1,1,3,4,2,4,3,3,3,3,1,1,1,2,3,3,3,3,2,1,1,1,2,2,2,2,2,1,0,30,0,1,1,1,1,4,2,4,1,1,1,1,1,1,1,4,1,1,1,1,1,1,1,1,3,3,3,3,2,1,1,2,1,1,1,2,1,1,1,1,1,3,1,1,1,1,1,1,1,1,1,1,1,2,1,2,1,3,3,3,2,2,3,3,3,3,3,3,3,3,2,2,2,2,2,2,2,3,3,3,2,3,3,2,2,2,3,3,2,1,3,3,4,3,3,3,3,3,3,3,3,3,1,1, , , , , , ,2,2, , , , , , ,3,3,3,2,3,3,2,2,1, , ,3,4, , , , , ,2,3,2,3,3,3,3,2,3,3,3,1,2, , ,44,1,0.983399111
7481,6,2,1,1, , ,2,2,1,35000, , ,1,35000, ,1, , ,2,2,2,3,4,2,4,3,3,3,3,2,3,2,2,3,4,3,4,3,3,3,4,1,2,1,2,4,4,3,3,3,2,2,1,2,3,3,3,3,1,10,30,0,2,2,2,2,2,1,4,1,1,2,1,1,1,2,4,2,1,1,2,2,1,1,1,4,4,2,2,2,1,1,2,2,1,1,3,2,1,1,1,1,3,2,3,2,2,1,1,1,2,1,1,1,2,1,1,2,4,3,2,3,3,3,2,3,3,3,3,3,3,2,2,2,2,2,2,3,4,3,3,3,3,3,3,3,4,3,3,3,1,3,3,3,4,3,3,3,3,3,3,3,3,1,1,1,1,1,1, , ,2,2,2,1,1,1, , ,3,4,3,3,3,3,3,2,1,1, ,3, ,5, , , , ,3,4,3,3,3,4,3,3,3,3,2,1,2, , ,35,2,0.983399111
7486,6,1,2,1, , ,2,2,1,30000, ,0, ,35000, ,1, , ,3, ,2,3,4,3,4,3,3,4,3,3,3,3,3,3,4,2,4,3,3,3,3,2,1,1,2,3,3,3,3,2,1,2,3,2,2,2,2,2,1,0,30,0,1,1,1,1,4,2,4,3,1,1,1,1,1,3,4,2,1,1,1,1,1,1,1,3,2,3,2,1,1,1,1,1,1,1,3,2,1,1,1,1,2,1,1,1,1,1,1,1,2,1,1,3,3,1,2,1,3,3,3,2,2,3,3,3,3,3,3,3,3,3,3,2,2,2,2,3,2,3,3,3,3,3,2,2,3,3,3,2,1,3,4,3,3,3,4,3,3,3,4,3,3,1,1,1,1, , , , ,1,2,1,2, , , , ,3,4,3,3,3,4,2,2,1,1, ,3, , , , , , ,3,4,3,3,3,3,2,3,3,3,2,1,2, , ,37,2,0.983399111
7492,6,2,1,1, , ,2,2,1, ,1, ,1, ,1, , , ,3,3,3,3,4,3,4,3,4,3,3,4,2,3,3,4,4,3,4,3,3,3,3,1,2,1,2,4,3,3,3,3,4,3,3,3,3,3,3,3,1,0,30,0,1,1,1,1,4,3,2,1,1,1,1,1,1,3,4,2,1,1,1,1,1,1,1,3,2,3,3,2,1,1,1,1,1,1,2,1,1,1,1,1,1,1,1,1,1,1,1,1,3,1,1,1,2,1,2,3,4,3,4,3,3,3,3,3,4,3,3,3,3,3,3,2,2,2,2,3,2,3,3,3,3,3,3,2,2,3,3,2,1,3,4,3,3,4,3,3,3,3,3,3,3,1,1,1, , , , , ,2,2,1, , , , , ,4,4,3,3,3,3,2,3,1,1, ,3, , , , , , ,3,4,3,3,4,3,3,3,3,3,3,1,2, , ,29,2,0.983399111
7497,6,1,2,1, , ,2,2,1, ,1, ,1,30000, , , , ,2,2,2,3,4,3,3,3,4,3,4,3,3,3,3,4,4,2,4,4,3,3,4,2,3,1,2,4,3,3,3,3,2,3,3,2,2,2,2,2,1,0,30,0,1,1,1,1,2,2,4,2,1,1,1,1,1,1,4,1,1,1,1,1,1,1,1,3,4,2,3,2,1,1,1,1,1,1,2,1,1,1,1,1,1,1,1,1,1,1,1,1,3,1,1,1,3,2,3,2,4,3,4,3,3,3,3,4,3,3,3,3,3,3,3,2,2,2,2,3,2,3,3,3,2,3,3,2,2,3,3,2,1,3,3,4,3,3,3,4,3,3,3,3,3, ,1,1, , , , , , ,2,2, , , , , ,2,4,3,3,2,3,2,2,1,1, ,3, , , , , , ,3,3,3,3,4,3,3,3,3,3,2,1,2, , ,36,2,0.985680343
7659,6,1,2,1, , ,2,2,1, ,1,0, ,30000, , , , ,3, ,3,2,3,3,3,2,2,2,2,2,2,2,2,3,4,3,4,3,3,3,3,1,1,3,2,3,4,3,3,3,2,2,2,1,1,2,3,2,1,0,30,0,1,1,1,1,3,1,4,1,1,1,1,1,1,3,4,3,1,1,1,1,1,1,1,3,3,2,1,1,1,1,3,3,1,1,2,2,1,1,1,1,1,1,1,1,1,1,1,1,2,2,1,1,3,2,2,1,3,3,2,3,2,3,3,3,3,3,3,3,3,3,3,2,2,2,2,3,2,3,3,3,3,3,2,2,3,3,3,2,1,3,4,3,3,3,3,3,3,3,4,3,3,1,1,1, , , , , ,1,2,2, , , , , ,3,4,4,3,2,4,2,2,1, , ,3, ,5, , , , ,2,3,3,2,3,3,3,3,3,3,2,1,2, , ,28,2,1.020749108
7662,6,2,1,1, , ,2,2,1,3000, ,0, ,30000, , , , ,3, ,3,3,4,3,3,2,3,3,3,3,3,3,3,3,4,3,3,3,3,3,3,2,1,1,3,3,3,3,3,3,2,2,1,2,2,2,3,3,1,10,30,0,3,3,2,1,4,3,4,1,2,2,1,1,1,4,4,2,1,1,2,2,1,1,1,4,3,3,1,1,1,1,2,1,1,1,3,2,1,1,1,1,2,1,1,1,1,1,1,1,2,1,1,1,2,1,2,1,3,3,4,3,3,3,3,4,3,3,3,3,3,3,3,2,2,2,2,3,2,3,3,3,3,3,2,3,3,3,3,3,1,3,2,3,3,3,3,3,3,3,3,3,3, ,1,1, , , , , , ,2,2, , , , , ,3,4,3,3,2,4,3,2,1, ,2,3, , , , , , ,2,3,3,3,3,3,3,3,3,3,2,1,2, , ,33,2,1.020749108
7665,6,2,2,1, , ,2,2,1,0, ,0, ,46000, , , , , , ,3,4,4,3,3,3,3,3,3,2,4,2,3,3,4,3,3,3,3,3,3,1,2,2,2,3,3,3,3,3,2,2,2,3,3,3,3,3,1,0,30,0,1,1,1,1,3,2,3,1,1,1,1,1,1,3,4,2,2,1,1,1,1,1,1,3,4,3,3,2,1,1,2,3,1,1,2,2,1,1,1,1,3,3,2,2,1,1,1,1,3,1,1,1,3,2,2,1,3,3,4,3,3,3,3,3,4,3,3,3,3,3,3,2,2,2,2,3,2,3,3,4,3,3,3,3,3,4,3,3,1,3,4,3,3,3,3,3,3,3,3,3,3,1,1,1, , , , , ,2,2,2, , , , , ,4,4,4,3,3,3,2,3,1, , ,3,4, , , , , ,3,4,3,3,3,4,3,3,3,3,2,1,2, , ,42,2,1.020749108
7671,6,2,1,1, , ,2,2,1,30000, ,0, ,35000, , , , ,3, ,3,4,4,3,3,3,3,3,2,3,3,3,3,3,3,3,3,3,3,3,3,2,2,2,2,3,3,3,3,3,3,2,2,2,2,3,3,3,1,10,30,0,2,2,2,1,4,2,4,3,1,1,1,1,1,3,4,3,2,1,1,1,1,1,1,4,3,3,3,2,1,1,2,3,1,1,2,2,1,1,1,1,1,1,1,1,1,1,1,1,3,2,2,2,3,2,2,1,3,3,4,3,3,3,4,3,3,3,3,3,3,3,3,3,2,3,3,3,3,3,3,3,3,3,3,3,2,3,3,3,1,3,3,4,3,3,3,3,3,3,3,3,3,1,1, , , , , , ,2,2, , , , , , ,4,4,3,4,2,3,2,3,1, , ,3, , , , , , ,3,4,3,3,3,3,4,3,3,3,2,1,2, , ,40,2,1.020749108
7680,6,2,1,1, , ,2,2,1, ,1, ,1,35000, , , , ,3,3,3,4,4,3,3,3,2,3,3,3,3,3,3,3,3,2,4,3,3,3,3,1,2,1,3,4,4,3,3,3,3,2,1,2,3,3,3,3,1,0,30,0,1,1,1,1,4,2,3,1,1,1,1,1,1,3,3,2,1,1,1,1,1,1,1,3,3,3,2,1,1,1,1,1,1,1,2,2,1,1,1,1,2,2,2,2,1,1,1,1,2,1,2,1,3,2,2,1,3,3,4,3,3,3,4,3,3,3,3,3,3,3,3,2,2,2,2,3,3,4,3,3,3,3,3,2,2,3,3,2,1,3,3,3,4,3,3,3,3,3,3,3,3,1,1, , , , , , ,1,2, , , , , , ,3,4,3,3,2,3,2,2,1, , ,3, ,5, , , , ,3,4,3,3,3,4,3,3,3,3,3,1,2, , ,41,2,0.993377503
7683,6,2,1,1, , ,2,2,1, ,1, ,1,35000, , , , ,3,3,3,3,4,3,3,3,3,3,2,2,3,3,3,3,4,3,3,3,3,3,3,2,3,3,3,3,3,3,3,3,3,3,2,2,2,2,3,3,1,0,30,0,1,1,1,1,3,2,3,1,1,1,1,1,1,3,2,3,2,1,1,1,1,1,1,3,3,3,2,1,1,1,3,2,1,1,3,1,1,1,1,1,3,2,2,2,1,1,1,1,2,2,2,2,3,2,3,1,3,3,4,3,3,2,3,3,3,3,3,3,3,3,3,3,3,3,3,2,3,3,3,3,2,3,3,3,3,4,3,3,1,3,4,2,3,3,4,3,3,3,3,4,3,1,1,1, , ,1, , ,1,2,2, , ,1, , ,3,4,4,3,2,3,2,3,1, ,2,3, , , , , , ,3,4,3,3,3,4,3,3,3,3,3,1,2, , ,34,2,1.020749108
7718,6,2,2,1, , ,2,2,1, ,1, ,1, ,1, , , ,3,3,3,1,3,2,4,1,1,1,1,1,1,1,1,1,3,1,1,2,1,1,1,1,3,1,1,4,4,3,3,2,2,1,2,1,1,1,1,1,1,2,30,0,1,1,1,1,4,1,2,2,1,1,1,1,1,3,4,2,2,1,1,1,1,1,1,4,4,4,4,2,1,1,2,2,1,1,3,2,1,1,1,1,2,1,2,1,1,1,1,1,1,1,1,3,1,1,3,1,1,3,3,3,3,2,3,4,2,3,2,3,3,3,3,3,3,2,3,3,2,3,3,4,3,3,3,3,2,4,2,3,1,2,3,2,3,3,2,3,3,2,3,2,3,1,1,1,1, ,1,1, ,2,4,2,2, ,2,2, ,3,4,2,2,3,2,2,2, , , , , , , , , , ,3,3,2,3,4,2,4,3,4,3,3, , ,3, ,24,2,1.020749108
7764,6,1,2,1, , ,2,2,1,22000, , ,1, ,1,1, , ,1,1,1,2,3,3,3,4,2,1,2,1,2,1,2,3,4,3,3,2,2,3,3,2,3,3,3,2,4,2,4,2,1,1,2,2,2,2,2,2,1,0,30,0,1,1,1,1,2,1,4,2,1,1,1,1,1,2,2,2,2,2,1,1,1,1,1,4,2,4,1,2,1,1,1,3,1,1,3,3,1,1,1,1,2,2,2,2,1,1,1,1,1,2,2,2,1,1,1,1,1,4,3,3,3,2,3,3,3,3,3,3,3,3,3,3,3,3,3,3,3,3,3,3,3,2,2,2,3,2,3,3,2,3,3,3,3,3,3,3,3,3,3,3,3, , , , , , , , , , , , , , , , ,3,3,3,3,3,3,3,3, , , , , , , , , , ,2,3,2,2,2,2,2,2,2,2,2,1, , , ,54,2,0.985680343
7770,6,2,1,1, , ,2,2,1, ,1, ,1, ,1, , , ,3,3,3,1,3,2,1,4,1,1,1,1,1,1,1,3,4,1,4,3,1,4,3,2,2,3,3,3,3,1,2,1,1,1,1,1,1,1,1,1,1,0,30,0,1,1,1,1,4,2,1,1,1,1,1,1,1,3,3,2,1,1,1,1,1,1,1,3,1,1,1,1,1,1,2,3,2,2,3,2,1,1,1,1,1,1,1,1,1,1,1,1,1,1,1,1,1,1,1,1,1,1,1,1,1,1,1,1,1,1,1,1,1,1,1,1,1,1,1,1,1,1,1,1,1,1,1,1,1,1,1,1,2,1,1,1,1,1,1,1,1,1,1,1,1, , , , , , , , , , , , , , , , ,3,3,3,2,3,3,3,2, , , , , , , , , , ,1,1,1,1,1,1,1,1,1,1,4,1, , , ,36,2,1.020749108
7773,6,1,2,1, , ,2,2,1,40000, , ,1,20000, , , ,1,4,1,1,1,4,1,4,4,1,1,1,1,1,1,1,4,1,1,4,1,1,3,4,1,1,1,1,1,1,1,1,1,1,1,1,1,1,1,1,1,1,0,30,0,1,1,1,1,1,1,1,1,1,1,1,1,1,1,1,1,1,1,1,1,1,1,1,1,1,1,1,1,1,1,1,1,1,1,3,1,1,1,1,1,1,1,1,1,1,1,1,1,1,1,1,1,1,1,1,1,1,3,1,3,1,1,3,3,3,3,3,1,3,3,3,1,1,1,4,3,3,3,3,3,1,1,1,1,1,1,1,1,2,1,1,1,1,1,1,1,1,1,1,1,1, , , , , , , , , , , , , , , , ,3,3,3,3,3,3,3,3, , , , , , , , , , ,1,1,1,1,1,1,1,1,1,1,4,1, , , ,54,2,0.985680343
7775,6,2,1,1, , ,1,2,1, ,1, ,1, ,1, , , ,3,3,3,1,4,3,2,1,1,1,1,1,1,1,3,4,4,3,4,4,4,4,4,4,4,2,1,2,4,1,1,2,3,3,2,3,3,4,2,4,1,0,31,0,2,4,4,4,2,4,4,4,1,1,1,1,1,1,4,1,1,1,1,1,1,1,1,3,1,2,1,1,2,2,2,2,1,1,4,2,1,1,1,1,2,2,2,1,1,1,1,1,1,1,1,1,1,1,1,1,1,3,4,3,4,3,3,3,3,3,3,3,3,3,3,3,3,3,3,1,3,3,3,3,3,3,3,2,3,2,2,2,2,2,3,2,2,3,2,2,2,2,2,2,2,1,1,1,1,1,1,1,1,1,1,1,1,1,1,1,1,3,2,3,2,3,2,3,2,1, ,2,3,4,5, , , , ,1,1,1,1,1,1,1,1,1,1,4, , ,3, ,37,2,1.020749108
7785,6,1,2,1, , ,2,2,1, ,1, ,1,50000, , , ,1,3,3,3,1,4,4,4,4,1,4,1,3,1,1,1,4,4,3,4,3,3,3,4,4,4,4,4,4,4,4,4,3,1,4,1,1,1,1,1,1,1,0,30,0,1,1,1,1,3,3,4,4,1,1,1,1,1,4,4,1,1,1,2,2,2,2,2,4,4,4,2,1,1,1,1,1,2,2,4,4,1,1,1,1,1,1,1,1,1,1,1,1,3,3,1,4,1,1,1,1,3,4,4,3,3,3,3,3,4,4,4,4,4,4,3,3,3,3,4,4,3,3,4,4,3,4,3,4,4,4,4,1,1,1,3,1,1,3,4,3,3,3,3,3,3, ,1,1,1, , , , , ,1,1,1, , , , ,4,4,4,3,3,4,3,3,1,1,2, , , , , , , ,4,4,1,4,4,4,4,4,4,3,3,1, , , ,46,2,0.985680343
7791,6,2,2,1, , ,1,2,1, ,1, ,1, ,1, , , ,3,3,3,2,2,2,1,2,1,1,2,4,1,4,4,4,4,4,4,4,4,4,4,3,1,4,4,4,4,4,3,3,1,4,3,4,3,3,4,4,1,0,30,0,1,1,1,1,4,4,4,1,1,1,1,1,1,4,4,1,3,1,1,1,1,1,1,4,4,1,1,1,1,1,2,2,1,1,3,2,1,1,1,1,1,1,1,1,1,1,1,1,1,1,2,2,2,1,1,1,1,2,2,2,2,3,1,2,2,2,3,2,3,2,2,3,3,3,2,2,3,2,3,3,3,2,3,3,3,3,3,3,1,2,2,2,2,2,2,2,2,2,2,2,2, ,1,1,1,1,1,1,1, ,3,2,2,1,4,1,3,1,4,3,4,2,3,1,3, , , , , , , , , , ,2,2,2,2,2,2,2,2,2,2,3, , , ,4,50,2,1.020749108
7792,6,1,2,1, , ,1,1,1, ,1, ,1, ,1, , , ,3,3,3,1,1,4,4,4,1,1,4,1,1,1,1,4,4,4,4,4,4,4,4,4,4,4,3,4,4,4,4,1,1,1,1,1,1,4,1,1,1,30,30,30,4,4,4,4,4,4,4,4,1,4,1,1,3,1,4,1,1,3,1,1,1,1,1,4,4,4,1,4,1,1,3,2,1,1,4,1,1,1,1,1,1,1,1,1,1,1,1,1,1,1,1,4,1,1,1,1,1,3,3,3,3,3,3,2,2,2,2,3,3,3,3,2,2,2,2,4,1,4,3,3,1,4,1,2,1,4,4,1,1,2,2,2,2,2,2,2,2,2,2,2,2,1,1,1,1,1,1,1,1,2,2,2,2,2,2,2,2,3,3,3,3,3,3,3,3,1, ,2, , , , , , , ,2,2,2,2,2,2,2,2,2,2,2, ,2, , ,53,2,1.020749108
7970,6,1,2,1, , ,2,2,1,20000, ,20000, ,29900, ,1, , ,3,3,3,3,2,2,2,2,3,2,2,2,3,2,4,4,3,4,4,4,2,4,4,4,2,2,3,3,4,3,4,4,2,3,2,3,2,3,2,2,1,22,30,1,4,2,4,3,4,3,4,4,4,4,3,2,2,4,4,2,3,2,4,3,3,3,2,4,2,3,2,2,2,4,2,4,4,4,4,4,3,2,2,1,2,2,2,1,3,2,2,2,3,2,2,2,2,4,2,1,2,3,3,3,3,3,3,3,3,3,3,4,4,4,4,3,3,3,3,3,3,3,3,3,3,3,3,3,2,3,3,3,1,2,2,2,2,2,2,1,1,1,1,1,1,1,1,1,1,1,1,1,1,2,1,1,2,2,2,2,2,2,3,3,3,3,3,3,3,1,1,2, , , , , , , ,3,2,4,3,3,2,2,2,4,4,4, , ,3,4,46,2,0.985680343
7981,6,2,1,1, , ,2,1,1,50000, , ,1,110000, , , , ,3,3,4,4,2,1,4,1,4,4,4,4,4,4,4,4,4,4,4,4,4,4,4,4,4,3,3,4,4,4,4,4,3,4,4,4,3,2,2,2,1,3,30,0,3,2,3,3,4,4,4,4,2,4,1,1,2,2,4,3,4,3,2,3,3,3,2,4,4,4,4,2,2,3,4,4,3,2,4,4,2,2,2,2,2,2,2,2,2,1,3,3,3,3,4,4,3,3,3,2,4,3,2,2,2,3,3,4,4,4,4,4,4,4,4,4,4,4,4,3,2,3,4,3,2,3,3,3,2,3,3,2,1,4,4,3,3,2,2,2,2,3,2,2,2,1,1,1,1,1,1,1,1,1,1,1,3,4,1,1,1,4,4,4,4,4,4,4,4, , , , , , , , , , ,4,3,3,3,4,2,3,3,3,3,1, , , ,4,56,2,1.020749108
8372,6,1,2,1, , ,1,2,1,20000, ,0, ,40000, ,1, ,1,3, ,3,4,4,3,3,4,3,3,3,3,3,3,3,3,3,4,4,3,3,3,3,3,3,3,3,2,3,3,3,3,3,3,3,3,3,3,3,3,1,10,0,0,4,4,3,3,4,3,2,2,3,4,4,4,3,3,2,3,3,3,4,2,4,4,4,4,2,4,4,3,2,2,3,3,4,4,4,3,2,3,3,4,3,2,3,4,4,3,3,4,4,4,3,3,2,1,2,2,3,3,3,3,3,3,2,3,3,3,3,3,3,3,3,2,2,2,2,3,3,2,2,3,3,2,3,2,3,3,3,3,2,3,3,3,3,2,2,3,2,3,3,3,3,1,1, ,1, , , ,1,3,3, ,3, , , ,3,3,3,4,3,3,3,3,3, , , , , , , , , , ,4,2,3,2,3,3,4,3,3,3,4, , ,3,4,31,2,0.983399111
8389,6,1,2,1, , ,2,2,1, ,1, ,1,40000, , , , ,2,2,3,2,3,2,2,2,2,2,2,2,2,2,2,2,2,2,3,2,2,2,2,2,1,2,2,1,3,2,2,2,2,2,2,1,2,2,2,2,1,0,20,0,1,1,1,1,4,1,2,2,1,1,1,1,1,1,3,1,1,1,1,1,1,1,1,3,2,2,1,3,1,1,1,1,1,1,3,2,1,1,1,1,1,1,1,1,2,1,2,2,2,2,2,3,1,1,1,1,1,2,2,3,2,2,2,3,3,3,2,3,3,2,2,3,4,4,3,3,3,3,3,2,3,3,2,4,4,4,3,3,2,3,3,2,3,2,3,3,3,2,3,3,2, ,1, ,1, , , , , ,2, ,3, , , , ,3,3,3,3,3,3,3,3, , , , , , , , , , ,3,2,3,4,3,3,3,3,3,2,4,1,2, , ,56,1,0.983399111
8415,6,2,1,2,2, ,2,2,1, ,1, ,1, ,1, , , ,1,1,1,2,2,1,1,1,1,1,1,1,1,1,1,1,1,1,1,1,1,1,1,1,1,1,1,1,1,1,1,1,1,1,1,1,1,1,1,1,3, , , , , , , , , , , , , , , , , , , , , , , , , , , , , , , , , , , , , , , , , , , , , , , , , , , , , , , , , , , , ,1,1,1,3,3,3,1,3,1,1,3,3,2,2,1,1,1,3,3,3,2,3,2,3,3,3,3,3,2,3,3,2,3,3,2,2,3,3,3,3,3,2,2,1, , , , , , , , , , , , , , , , ,2,2,2,2,2,2,2,2, , , , , , , , , , ,2,2,2,2,2,2,2,2,2,2,4,1, , , ,45,2,0.983399111
8452,6,1,2,1, , ,2,2,1,25000, ,0, ,60000, , , , ,3, ,3,3,2,3,2,2,3,3,3,3,3,2,3,3,3,2,3,3,2,3,3,2,3,3,3,3,3,2,3,3,3,2,3,3,2,3,3,3,2, , , , , , , , , , , , , , , , , , , , , , , , , , , , , , , , , , , , , , , , , , , , , , , , , , , , , , , , , , , , ,3,3,3,3,3,3,3,3,3,3,3,4,3,3,3,3,4,3,3,4,3,4,3,3,3,3,4,3,3,3,2,1,2,2,2,3,3,3,3,3,3,3,2,3,1,1, ,1, , , ,1,3,3, ,3, , , ,3,3,3,4,3,3,3,4,3, , , , , , , , , , ,3,3,4,4,3,4,3,3,4,3,4,1,2,3,4,49,2,0.983399111
8465,6,1,2,1, , ,2,2,1,23000, , ,1,70000, , , ,1,3,3,3,3,3,2,3,2,3,3,3,2,2,3,3,3,3,2,3,2,3,3,3,2,2,2,3,3,3,3,4,3,3,3,2,3,3,3,3,3,1,10,0,0,3,2,2,2,2,1,3,3,2,3,4,4,4,2,3,4,3,3,4,4,4,3,4,4,3,3,3,3,2,2,2,1,3,4,2,4,3,2,2,2,3,2,2,2,2,2,2,2,3,2,3,3,3,3,2,2,3,3,3,2,2,3,3,3,2,2,2,3,3,3,2,3,3,2,2,3,3,3,2,2,3,3,2,2,2,2,3,3,2,3,3,2,3,3,2,3,3,3,3,2,2,1,1, , , , , , ,1,2, , , , , , ,3,3,4,4,3,3,4,3,1, ,2, ,4, , , , , ,3,3,3,2,3,3,2,2,3,3,4,1,2,3,4,48,2,1.020749108
8478,6,1,2,1, , ,2,2,1,20000, ,0, ,40000, , , , ,3, ,3,2,3,3,3,2,1,1,1,1,2,2,2,3,2,2,1,2,2,2,3,1,1,1,1,2,2,2,2,2,2,2,3,3,2,2,2,2,1,0,2,0,4,4,3,4,4,4,3,4,1,1,1,1,1,1,1,1,1,1,1,1,1,1,1,1,1,1,1,3,1,4,1,4,1,1,3,3,3,3,3,2,3,3,3,2,1,1,1,1,1,1,1,1,1,1,1,1,1,3,3,2,3,2,3,3,2,3,3,3,3,3,2,3,3,2,3,3,3,2,3,3,2,2,3,3,3,2,2,3,2,2,2,2,2,2,2,2,2,2,2,2,2, , ,1, , , , , , , ,2, , , , , ,3,3,3,2,2,3,2,2,1,1,2,3,4,5, , , , ,2,2,2,2,2,3,3,2,3,3,4,1,2, , ,84,2,1.020749108
8504,6,1,1,1, , ,2,2,1,3000, , ,1,75000, , , , ,3,3,3,3,3,1,3,1,3,3,3,2,3,2,2,2,2,3,3,3,3,2,2,3,3,3,3,3,3,3,3,3,2,2,2,3,3,3,2,2,1,5,30,0,4,2,2,2,4,2,2,2,3,3,2,3,2,3,3,2,3,2,3,3,3,2,2,3,3,2,3,3,2,3,3,2,2,4,3,3,2,2,2,2,2,2,3,2,3,4,2,3,3,3,3,2,3,3,3,3,2,3,3,2,2,3,2,2,3,3,3,3,4,3,3,2,2,2,2,3,3,3,3,2,2,3,3,3,3,2,3,3,1,3,3,2,2,3,3,2,3,3,2,3,3, ,1, ,1, , , , , ,3, ,3, , , , ,3,3,3,3,4,4,2,2, , , , , , , , , , ,3,3,2,2,2,3,3,3,2,2,4,1,2,3,4,45,2,0.983399111
8597,6,1,1,1, , ,2,2,1,20000, , ,1,50000, , , , ,3,3,3,3,3,1,1,2,2,3,2,3,2,2,2,3,3,3,3,3,2,2,3,1,3,3,4,3,3,3,3,3,3,2,3,3,2,3,3,3,1,10,5,0,4,4,3,2,3,3,2,2,4,4,3,4,4,3,3,2,2,3,4,4,3,3,3,2,3,2,2,2,2,3,4,4,3,2,3,3,3,3,3,3,2,2,3,3,4,4,3,3,4,4,3,3,3,3,3,3,3,3,3,3,3,2,2,3,3,3,3,3,3,4,3,3,4,4,3,3,3,3,4,4,3,3,3,3,3,4,4,3,2,3,3,3,4,4,4,3,3,3,4,3,3, ,1, , , , , ,1, ,3, , , , , ,3,3,3,4,4,3,3,4,3, , , , , , , , , , ,3,3,3,3,3,3,3,3,3,3,4,1,2, , ,35,2,1.020749108
8599,6,2,1,1, , ,1,2,1,25000, , ,1,75000, , , , ,3,2,3,3,3,2,3,2,3,3,3,3,3,3,3,3,3,3,3,4,3,3,3,3,3,3,3,4,4,3,3,3,3,3,3,3,3,3,3,3,1,10,20,0,3,3,2,2,3,2,2,3,4,4,3,3,2,4,4,2,2,2,4,4,4,2,2,4,4,2,3,1,4,2,4,2,3,4,2,3,2,3,4,2,2,2,2,2,3,3,2,4,3,2,4,4,3,2,2,3,3,3,3,3,3,3,3,2,3,3,3,3,2,2,3,3,3,3,3,3,4,3,3,4,3,3,3,3,3,3,2,3,2,3,3,2,3,2,3,3,2,3,3,3,3,1,1, ,1, , , , ,3,3, ,3, , , , ,3,3,2,3,3,3,3,3, , , , , , , , , , ,3,3,3,4,3,3,4,3,3,4,4,1,2, , ,29,2,0.985680343
8600,6,2,2,1, , ,2,2,1, ,1, ,1,30000, , , ,1,2,3,3,2,3,3,2,2,1,1,1,1,1,1,1,1,1,1,3,1,1,1,1,1,1,1,1,1,3,1,1,2,2,2,2,2,2,2,2,2,1,0,5,0,3,3,3,3,3,3,3,3,2,2,2,1,1,2,2,1,1,1,1,1,1,1,1,3,1,2,1,2,1,1,1,1,1,1,1,1,2,2,2,2,2,2,2,2,2,2,2,2,2,2,2,2,1,1,1,1,1,3,2,2,3,3,1,2,2,2,2,3,3,3,3,2,2,2,3,3,2,2,2,4,3,3,2,3,3,3,4,4,2,1,1,1,1,1,1,1,1,1,1,1,3, , ,1, , , , , , , ,1, , , , , ,2,2,3,2,2,2,2,2,1,1,2,3,4,5, , , , ,3,2,3,3,2,3,3,3,3,3,4,1, , , ,76,1,1.020749108
8601,6,1,1,1, , ,1,2,1, ,1, ,1, ,1, , , ,3,3,3,3,3,2,2,2,2,2,2,2,2,2,2,3,3,3,3,3,2,3,3,2,3,3,3,3,4,3,3,3,3,3,3,2,3,3,2,3,1,2,5,0,2,2,2,2,4,1,2,2,2,2,2,2,1,2,3,2,2,1,3,3,4,3,2,4,3,4,2,2,3,2,3,3,3,2,3,3,3,3,3,3,3,4,3,3,4,4,3,3,3,2,3,2,3,3,3,3,3,3,2,3,2,3,3,3,2,3,3,3,3,3,3,3,3,3,3,3,3,3,3,4,4,3,3,2,3,3,3,2,2,2,2,2,2,3,3,3,2,3,3,3,3, ,1, ,1, , , ,1, ,3, ,3, , , ,3,3,4,3,3,3,4,3,3, , , , , , , , , , ,4,3,3,3,4,4,3,3,4,3,1,1,2, , ,48,2,0.985680343
8614,6,1,1,1, , ,2,2,1, ,1, ,1,55000, , , , ,3,3,3,3,3,3,2,2,3,3,3,3,2,2,3,3,3,3,3,3,3,3,3,3,3,3,3,3,3,3,3,3,3,3,4,3,4,4,3,3,1,10,30,0,4,1,3,1,4,1,2,2,2,2,3,2,2,2,3,2,2,2,4,4,4,3,2,4,4,4,3,2,2,3,3,3,4,4,4,4,3,3,4,2,3,3,4,3,4,4,3,2,4,4,2,3,1,1,1,2,2,3,3,4,4,3,3,3,3,4,3,3,3,4,4,3,3,2,2,3,3,3,3,3,2,3,3,3,3,4,3,3,2,3,3,2,2,3,3,2,3,3,3,3,3, ,1, , , , , , , ,4, , , , , , ,3,4,3,3,4,4,3,4, , , , , , , , , , ,3,3,4,3,3,4,3,3,3,3,4,1,2, , ,29,2,1.020749108
8620,6,2,1,1, , ,2,2,1,34000, ,0, ,58000, ,1, ,1,3, ,3,4,1,2,2,1,3,4,3,4,4,3,4,3,4,3,3,4,3,3,3,4,3,3,3,4,3,3,4,3,2,3,3,3,3,3,3,3,1,25,30,0,2,2,2,2,3,2,3,2,2,2,2,2,2,2,3,2,2,2,2,3,2,2,2,2,2,3,3,2,3,2,2,3,2,3,3,3,3,1,2,1,3,1,2,1,1,1,3,3,1,1,3,3,2,1,1,1,3,3,4,3,3,3,2,3,3,2,3,3,4,3,3,3,4,3,3,3,2,3,3,2,3,3,2,3,2,3,3,3,2,3,4,3,3,4,3,3,3,4,3,3,4,1,1,1,1,1, , ,1,1,1,1,1,1, , ,1,2,3,3,2,2,2,3,2,1, ,2, ,4, , , , , ,3,3,2,2,3,3,2,3,3,3,4,1,2, , ,25,2,0.985680343
8623,6,1,1,1, , ,1,2,1, ,1, ,1,65000, , , , ,3,3,3,4,2,2,2,2,2,3,3,2,3,3,2,3,3,3,4,4,3,3,4,4,3,4,4,3,4,3,4,3,3,3,4,3,3,4,3,3,1,20,30,5,4,4,4,3,4,3,3,3,3,2,3,3,3,2,3,2,3,3,4,4,4,3,3,4,4,4,3,3,2,4,2,2,3,3,3,3,2,2,2,2,2,2,2,2,2,2,2,2,2,2,3,3,3,3,3,3,3,3,3,4,4,3,3,4,3,3,3,4,4,4,4,3,4,3,4,3,3,4,3,4,3,4,4,3,4,3,4,4,2,3,3,3,4,3,3,2,3,4,3,3,3,1,1, , , , , ,1,3,3, , , , , ,3,3,3,3,3,3,3,3,3, , , , , , , , , , ,3,2,3,4,3,2,3,3,2,3,4,1,2, , ,48,1,0.985680343
8625,6,2,1,1, , ,2,2,1, ,1,0, ,58000, , , , ,2, ,3,3,2,2,3,2,3,3,3,3,3,3,2,3,4,3,3,3,2,2,3,2,3,2,2,3,4,4,3,3,2,3,3,2,3,3,3,2,1,20,30,0,2,3,2,2,3,2,2,2,2,3,3,2,2,3,3,3,2,2,3,2,2,2,2,3,2,4,2,2,2,2,2,3,3,3,3,3,2,1,2,2,2,1,2,2,1,1,2,3,1,1,2,3,1,1,1,1,3,3,4,3,3,3,2,3,3,3,3,3,4,4,3,3,4,3,3,3,2,3,3,4,3,3,2,3,2,3,2,3,2,3,3,3,2,2,3,3,2,3,2,2,3,1,1,1,1, ,1, ,1,1,1,1,1, ,1, ,1,3,4,3,2,2,2,3,2,1, ,2, ,4, , , , , ,3,3,4,3,3,4,3,3,3,2,3,1,2, , ,49,2,0.985680343
8631,6,2,1,1, , ,2,2,1,32000, ,0, ,65000, ,1, ,1,3, ,3,3,2,3,3,2,2,3,3,2,2,2,2,3,3,2,3,3,2,2,3,2,2,2,1,3,3,3,3,3,2,3,3,3,2,3,3,2,1,20,30,0,2,2,3,1,3,2,3,1,3,3,3,2,1,3,3,3,2,1,2,2,2,2,2,2,3,3,2,2,2,2,2,2,3,2,3,2,1,1,1,1,1,1,1,1,1,1,1,2,1,1,1,2,1,1,1,1,3,3,4,3,3,4,3,3,2,2,3,3,3,3,2,3,3,2,3,3,2,3,3,3,3,3,2,3,2,2,3,3,2,3,3,4,2,2,2,3,2,2,2,3,3,1,1,1,1, ,1,1,1,1,1,1,1, ,1,1,1,2,3,3,2,2,2,3,2,1, ,2, ,4, , , , , ,3,4,3,3,3,2,3,3,2,3,4,1,2, , ,46,2,0.983399111
8682,6,2,1,1, , ,2,2,1,32000, ,0, ,58000, ,1, ,1,3, ,3,4,2,2,3,1,4,3,4,3,4,3,2,3,4,3,4,3,4,3,3,2,3,3,3,3,3,4,4,3,2,3,3,2,3,3,3,2,1,25,30,0,2,2,3,2,3,3,3,2,3,3,3,3,2,2,3,3,3,2,2,3,3,2,2,3,2,3,2,2,2,3,3,3,3,3,2,3,2,2,2,2,2,2,2,2,1,2,3,3,1,2,3,3,1,1,1,1,3,3,4,3,3,4,3,3,3,4,4,3,4,3,3,3,3,4,3,3,2,3,3,3,2,3,2,3,3,4,3,3,2,3,4,3,3,3,4,3,3,3,3,4,3,1,1,1,1, , ,1,1,1,1,1,1, , ,1,1,2,3,3,2,3,2,3,2,1, ,2, ,4, , , , , ,2,3,2,3,3,3,2,2,3,3,4,1,2, , ,49,2,0.985680343
8684,6,2,1,1, , ,2,2,1,34000, ,0, ,68000, ,1, ,1,3, ,3,4,2,1,2,1,3,4,3,4,4,3,2,3,4,3,3,4,3,3,3,2,3,2,3,3,4,4,4,3,2,3,3,4,3,3,4,3,1,30,30,0,2,3,3,2,3,3,2,2,3,2,2,3,2,3,3,3,3,2,2,3,3,2,2,3,2,3,2,2,2,3,2,2,3,3,3,2,1,1,1,1,1,1,1,1,2,2,3,2,1,1,2,3,1,1,1,1,3,3,3,4,3,3,2,3,3,3,3,3,4,4,3,4,3,4,3,3,2,3,3,4,3,3,2,2,2,2,3,3,2,3,4,3,3,4,3,3,3,2,3,3,3,1,1,1,1,1,1,1,1,1,1,1,1,1,1,1,1,2,3,3,2,2,2,3,2,1, ,2, ,4, , , , , ,3,4,3,3,4,3,3,3,2,3,4,1,2, , ,29,1,0.983399111
8687,6,1,2,1, , ,2,2,1,32000, ,0, ,65000, ,1, ,1,3, ,3,2,3,3,3,2,2,3,2,2,2,2,2,3,3,3,4,3,2,2,2,2,2,3,2,3,3,3,3,3,2,3,2,2,2,3,2,2,1,10,30,0,2,2,3,1,3,2,3,1,2,2,2,2,1,2,3,3,3,1,2,2,3,2,3,3,3,3,2,2,3,2,3,3,3,3,3,3,1,1,1,1,1,1,1,1,1,1,1,1,1,1,1,1,1,1,1,1,3,3,4,3,3,4,2,3,3,3,3,3,3,3,2,2,2,2,2,2,2,2,3,3,3,3,2,3,2,2,3,2,2,3,4,3,3,2,3,2,3,2,2,3,2,1,1,1,1, , ,1,1,1,1,1,1, , ,1,1,2,3,3,2,2,2,2,2,1, ,2, ,4,5, , , , ,3,4,3,3,3,2,3,2,3,2,4,1,2, , ,59,1,0.983399111
8695,6,2,1,1, , ,2,2,1,32000, ,0, ,75000, ,1, ,1,3, ,4,3,1,2,3,1,3,4,3,4,3,3,2,3,4,3,3,4,3,2,3,2,3,3,3,3,4,4,4,3,2,3,3,2,2,3,3,2,1,25,30,0,2,3,2,2,3,2,2,2,2,2,3,3,1,3,3,3,3,1,2,3,2,2,2,3,3,3,2,2,2,3,3,2,3,3,3,3,1,1,1,1,1,1,1,1,1,1,1,3,1,1,1,2,1,1,1,1,1,3,4,3,4,3,3,4,3,3,3,3,3,4,3,4,4,3,3,3,2,3,3,3,3,3,2,3,2,2,3,3,2,3,3,3,4,3,3,3,2,3,2,3,3,1,1,1,1,1,1,1,1,1,1,1,1,1,1,1,1,2,3,3,2,2,2,3,2,1, , ,3,4, , , , , ,3,3,4,3,3,3,2,3,3,2,3,1,2, , ,37,1,0.985680343
8698,6,1,1,1, , ,2,2,1,16000, ,0, ,45000, ,1, ,1,3, ,3,3,3,2,2,1,2,1,2,2,3,3,2,2,3,2,2,2,2,2,2,2,2,2,2,3,3,2,2,2,2,2,3,3,2,3,3,2,3, , , , , , , , , , , , , , , , , , , , , , , , , , , , , , , , , , , , , , , , , , , , , , , , , , , , , , , , , , , , ,3,3,3,2,3,3,2,2,3,2,2,3,3,2,3,3,2,3,2,2,3,2,3,2,3,3,2,3,2,3,2,2,3,3,3,2,3,3,2,2,3,2,3,3, , , , , , , , , , , , , , , , ,2,2,2,1,2,2,2,2, , , , , , , , , , ,2,2,2,3,2,2,2,3,2,2,4, , , ,4,39,2,0.985680343
8702,6,2,1,1, , ,2,2,1,32000, ,0, ,58000, ,1, ,1,3, ,3,3,2,2,3,1,3,4,3,4,3,3,2,3,4,3,3,4,3,2,3,2,3,3,3,3,4,4,4,3,2,3,3,2,3,3,2,2,1,28,30,0,2,3,2,2,2,2,3,1,3,2,3,3,1,3,3,2,3,1,2,3,3,2,2,3,3,3,2,2,3,3,3,3,3,3,2,3,1,1,1,1,1,1,1,1,1,1,2,3,1,1,1,3,1,1,1,1,3,3,4,4,3,3,3,2,3,3,3,3,4,4,3,4,3,4,3,2,2,3,3,3,3,3,3,2,2,2,3,3,2,3,4,3,3,2,3,3,2,3,3,3,3,1,1,1,1, , ,1,1,1,1,1,1, , ,1,1,2,3,3,3,1,1,2,2,1, ,2, ,4, , , , , ,3,4,3,3,2,3,2,3,2,2,4,1,2, , ,32,2,0.985680343
8708,6,2,2,1, , ,2,2,1,28000, ,0, ,58000, ,1, ,1,3, ,3,2,3,3,4,2,2,2,1,2,2,2,2,2,3,2,3,2,2,1,3,2,2,1,2,3,3,3,3,3,2,3,2,2,2,2,1,2,1,0,30,0,2,1,2,1,3,1,3,1,2,2,2,2,1,2,3,2,2,1,2,3,3,2,3,3,2,3,2,2,2,2,2,2,1,1,2,2,1,1,1,1,1,1,1,1,1,1,1,1,1,1,1,1,1,1,1,1,3,3,4,3,3,3,4,2,3,3,3,3,3,3,2,2,2,2,2,2,2,3,3,3,2,3,2,2,2,3,2,3,2,2,3,2,2,2,2,2,1,2,2,2,2,1,1,1, , , , ,1,1,1,1, , , , ,1,1,3,3,2,1,2,2,1,1, ,2, ,4, , , , , ,3,3,3,2,3,2,3,2,3,2,4,1, , , ,65,2,0.983399111
8716,6,2,1,1, , ,2,2,1,32000, ,0, ,65000, ,1, ,1,3, ,3,3,2,2,3,1,3,4,3,4,3,3,2,3,4,3,3,3,3,2,3,2,3,3,3,4,4,4,4,3,1,3,3,2,3,3,3,2,1,25,30,0,3,3,2,1,3,2,3,1,3,3,3,3,1,2,3,3,3,1,2,3,3,2,2,3,3,3,1,2,3,3,2,2,3,2,2,3,1,1,1,1,1,1,1,1,1,2,2,2,1,1,1,1,1,1,1,1,3,3,4,3,3,4,3,3,4,3,3,3,4,3,3,3,3,4,3,3,2,3,3,4,3,4,2,3,2,3,2,3,2,3,4,3,3,4,3,3,3,3,4,3,3,1,1,1,1, , ,1,1,1,1,1,1, , ,1,1,2,3,3,2,2,2,3,2,1, ,2, ,4, , , , , ,3,3,4,3,3,2,3,3,3,2,3,1,2, , ,37,2,0.983399111
8719,6,2,1,1, , ,2,2,1,32000, ,0, ,68000, ,1, ,1,3, ,3,4,2,2,3,1,3,4,3,4,2,3,2,3,4,3,3,3,4,2,3,2,3,2,3,4,4,4,4,3,1,3,3,3,4,3,2,3,1,25,30,0,2,3,3,2,3,2,3,1,3,2,3,3,1,3,2,2,3,1,2,3,2,2,2,3,3,3,2,2,2,3,2,2,3,3,2,3,1,1,1,1,1,1,1,1,1,1,1,3,1,1,1,3,1,1,1,1,1,3,3,4,3,3,2,3,3,3,2,3,4,4,3,3,3,4,3,3,2,3,3,3,3,4,2,2,2,3,2,3,2,3,4,3,3,3,4,3,3,3,3,3,2,1,1,1,1,1, ,1,1,1,1,1,1,1, ,1,1,2,3,3,3,2,2,2,1,1, ,2, ,4, , , , , ,3,2,3,3,2,3,3,2,3,2,3,1,2, , ,31,1,0.983399111
8722,6,2,2,1, , ,2,2,1,0, ,0, ,30000, , , ,1, , ,4,3,2,3,2,3,3,2,3,3,2,3,3,2,3,3,2,3,3,2,3,2,3,3,2,3,3,3,3,3,3,3,3,2,3,3,3,2,1,0,30,0,1,1,1,1,4,1,3,2,1,1,1,1,1,2,4,1,2,2,1,1,1,1,1,3,3,3,2,2,1,1,1,1,1,1,1,1,1,1,1,1,2,2,3,3,1,1,1,1,1,1,1,1,2,3,3,3,3,3,2,3,4,3,2,3,3,2,3,3,2,3,3,3,3,4,3,3,4,3,4,3,3,4,3,3,4,3,3,3,2,3,2,4,3,2,4,3,3,3,2,3,3, , , , , , , , , , , , , , , , ,3,3,2,3,2,3,2,3, , , , , , , , , , ,2,4,3,3,3,4,3,3,3,2,4,1,2, , ,30,2,0.985680343
8724,6,2,1,1, , ,2,2,1, ,1,0, ,65000, ,1, , ,2, ,3,2,3,3,3,1,4,4,4,4,4,1,3,4,4,4,4,4,2,3,3,4,4,2,3,4,4,4,4,4,4,4,3,4,3,4,3,3,1,20,30,0,2,2,2,2,4,2,3,2,4,4,1,1,3,4,4,2,1,2,3,3,2,2,2,4,4,2,2,2,1,1,2,2,1,1,1,2,1,1,1,1,1,1,1,1,3,1,3,3,3,1,3,2,4,1,1,1,4,3,3,4,3,3,3,3,3,3,3,4,4,4,4,3,3,4,4,2,2,3,3,3,3,3,2,2,2,3,3,3,1,3,4,3,3,3,4,3,3,3,4,4,4,1,1, ,1,1,1, ,1,2,1, ,1,1,1, ,1,4,3,3,3,2,3,2,3,1, ,2, ,4, , , , , ,4,4,3,3,4,3,3,4,3,3,4, , ,3,4,38,2,0.985680343
8728,6,2,2,1, , ,2,2,1,0, ,0, ,27000, , , ,1, , ,4,3,4,3,4,3,3,4,3,4,3,4,3,3,4,3,3,4,3,3,3,2,4,3,3,4,3,3,3,3,4,3,3,4,3,3,4,3,1,0,30,0,1,1,1,1,4,3,4,3,1,1,1,1,1,4,2,3,3,2,1,1,1,1,1,2,2,4,4,3,1,1,1,1,1,1,2,2,1,1,1,1,4,2,3,3,1,1,1,1,4,3,2,3,3,2,4,3,3,3,2,4,3,3,4,3,3,3,2,3,4,3,3,3,4,3,3,3,4,3,3,4,3,3,3,3,4,3,3,4,2,3,4,3,4,3,3,4,3,4,3,3,3, , , , , , , , , , , , , , , , ,3,2,3,2,2,2,3,2, , , , , , , , , , ,3,4,3,3,4,3,4,3,3,3,4,1,2, , ,42,2,0.985680343
8737,6,2,1,1, , ,1,2,1,28000, ,0, ,35000, , , , ,2, ,2,2,3,3,3,1,4,4,4,4,4,1,2,3,4,4,4,4,2,4,4,4,4,4,4,4,4,4,4,4,4,4,4,3,3,4,4,3,1,15,30,2,3,3,4,3,4,2,2,2,4,4,1,1,4,4,4,1,1,4,3,3,2,2,2,4,4,3,3,3,1,1,1,2,1,1,1,2,1,1,1,1,1,1,1,1,3,2,3,3,2,1,4,2,4,1,1,1,4,3,4,3,3,3,3,2,3,3,3,3,4,4,3,3,3,4,3,3,3,4,3,3,3,3,3,2,2,3,3,3,1,3,4,4,3,3,3,3,4,3,3,4,3,1,1,1,1, ,1, , ,3,1,1,3, ,1, , ,4,3,3,3,2,3,4,3, , , , , , , , , , ,3,4,3,3,4,4,4,3,3,3,3, , ,3,4,41,2,0.985680343
8765,6,2,2,1, , ,2,2,1,0, ,0, ,27000, , , ,1, , ,4,3,2,3,3,3,2,4,3,4,3,4,3,3,4,3,4,3,4,3,3,4,3,4,4,4,3,3,3,3,2,4,3,4,3,3,3,3,1,0,30,0,1,1,1,1,3,4,3,2,1,1,1,1,1,3,2,4,3,3,1,1,1,1,1,2,3,3,2,2,1,1,1,1,1,1,2,2,1,1,1,1,3,2,4,2,1,1,1,1,2,2,4,3,2,3,4,3,3,3,2,4,3,4,3,4,3,3,4,2,3,3,4,3,4,3,3,3,4,3,3,4,3,3,3,3,2,4,3,3,2,3,4,3,4,3,4,3,4,3,3,3,3, , , , , , , , , , , , , , , , ,2,3,2,3,2,3,2,2, , , , , , , , , , ,3,2,4,3,2,3,3,2,3,3,1,1, , , ,29,2,0.983399111
8772,6,2,2,1, , ,2,2,1,0, ,0, ,29000, , , ,1, , ,4,3,4,3,3,3,3,4,3,4,3,4,3,3,4,3,4,3,3,4,3,4,3,3,3,4,3,4,3,3,4,3,4,3,4,3,4,3,1,0,30,0,1,1,1,1,4,3,2,3,1,1,1,1,1,2,3,2,4,2,1,1,1,1,1,3,2,4,3,2,1,1,1,1,1,1,3,2,1,1,1,1,2,2,3,3,1,1,1,1,2,2,3,3,3,2,4,3,3,3,2,4,3,3,4,3,3,2,3,3,4,3,3,3,4,3,4,4,3,4,3,3,4,3,3,3,4,3,3,4,2,3,4,3,3,4,3,4,3,3,4,3,3, , , , , , , , , , , , , , , , ,3,2,3,2,3,2,3,2, , , , , , , , , , ,3,2,3,3,2,3,3,2,3,3,4,1,2, , ,38,1,0.983399111
8788,6,2,2,1, , ,2,2,1,0, ,0, ,30000, , , ,1, , ,4,3,4,3,3,3,3,4,3,4,3,4,3,3,4,3,3,4,3,3,4,3,4,3,4,3,4,3,3,3,4,2,3,4,3,4,3,3,1,0,30,0,1,1,1,1,3,4,3,3,1,1,1,1,1,4,4,3,4,3,1,1,1,1,1,3,2,4,3,3,1,1,1,1,1,1,3,3,1,1,1,1,2,2,4,3,1,1,1,1,3,2,4,2,3,2,4,3,3,3,2,3,3,4,3,3,4,3,3,3,4,3,3,4,3,4,3,3,4,3,4,3,4,3,4,3,4,3,4,3,2,3,4,3,3,4,3,4,3,4,3,4,3, , , , , , , , , , , , , , , , ,2,3,3,2,3,2,3,3, , , , , , , , , , ,3,4,3,4,3,4,3,4,3,3,4,1,2, , ,34,2,0.983399111
8792,6,2,2,1, , ,2,2,1,0, ,0, ,30000, , , ,1, , ,4,4,3,4,3,3,3,4,2,4,3,4,3,3,4,3,3,4,3,3,3,4,3,3,4,3,3,4,3,3,4,3,4,3,4,3,4,3,1,0,30,0,1,1,1,1,3,2,4,3,1,1,1,1,1,3,2,4,3,3,1,1,1,1,1,2,2,3,2,2,1,1,1,1,1,1,1,1,1,1,1,1,2,2,2,3,1,1,1,1,3,2,2,3,3,3,4,3,3,3,2,4,3,3,4,3,3,3,3,3,4,3,3,4,3,3,3,3,4,3,4,3,4,3,3,3,4,3,3,4,2,3,4,3,4,3,3,4,3,4,3,3,3, , , , , , , , , , , , , , , , ,3,2,3,2,3,2,3,2, , , , , , , , , , ,3,4,3,4,3,4,3,3,3,3,4,1, , , ,34,1,1.020749108
8798,6,2,2,1, , ,2,2,1,0, ,0, ,30000, , , ,1, , ,4,3,4,3,3,3,3,4,3,4,3,3,4,3,4,3,4,3,4,3,3,4,3,4,3,4,3,3,3,3,4,3,4,3,4,3,4,3,1,0,30,0,1,1,1,1,3,4,3,4,1,1,1,1,1,3,4,4,3,3,1,1,1,1,1,3,4,3,4,3,1,1,1,1,1,1,3,3,1,1,1,1,2,2,3,3,1,1,1,1,2,4,2,3,3,2,4,4,3,3,4,3,4,3,4,3,4,3,3,3,4,3,3,3,4,3,3,3,4,3,3,3,3,4,3,3,4,3,4,3,2,3,4,3,4,3,4,3,4,3,3,4,3, , , , , , , , , , , , , , , , ,2,3,2,3,2,3,2,3, , , , , , , , , , ,3,4,3,4,3,3,4,3,3,3,4,1, , , ,30,2,1.020749108
8802,6,2,2,1, , ,2,2,1,0, ,0, ,29000, , , ,1, , ,4,4,3,4,3,3,3,4,3,4,3,4,3,3,4,3,4,3,3,4,3,4,3,3,4,3,3,4,3,3,4,3,3,4,3,4,3,3,1,0,30,0,1,1,1,1,3,3,4,2,1,1,1,1,1,3,2,3,4,3,1,1,1,1,1,3,2,3,3,2,1,1,1,1,1,1,3,3,1,1,1,1,3,2,3,2,1,1,1,1,3,2,3,3,3,2,4,4,3,3,2,4,3,3,3,2,3,3,3,3,4,3,3,3,4,3,3,3,4,3,3,3,4,3,3,3,4,3,3,3,2,3,4,3,3,4,3,3,4,3,3,3,4, , , , , , , , , , , , , , , , ,2,3,3,2,4,3,2,3, , , , , , , , , , ,3,2,4,3,3,3,3,4,3,3,4,1, , , ,40,1,1.020749108
8864,6,2,2,1, , ,2,2,1, ,1, ,1, ,1, , , ,4,4,4,2,1,2,2,1,2,1,1,1,1,1,1,2,1,2,1,2,1,2,2,1,4,2,1,2,3,4,2,2,3,2,2,1,3,2,2,2,1,0,30,0,1,1,1,1,4,3,2,3,1,1,1,1,1,2,3,2,1,2,1,1,1,1,1,3,2,2,2,2,1,1,2,1,1,1,1,1,1,1,1,1,1,1,1,1,1,1,1,1,3,2,3,2,4,3,4,3,4,3,4,3,4,3,3,3,4,3,3,4,3,4,3,3,4,3,4,3,2,3,2,3,4,3,3,3,3,4,3,3,1,2,3,2,1,2,1,2,2,2,1,2,2, , , ,1,1,1,1, , , , ,3,2,3,3, ,3,3,2,3,3,3,3,3, , , , , , , , , , ,3,2,3,2,3,2,2,3,3,3,4, , , ,4,63,1,0.983399111
8894,6,2,2,1, , ,2,2,1, ,1, ,1,80000, , , , ,3,3,4,2,1,3,2,2,1,1,1,1,1,1,1,2,1,2,3,2,3,2,3,4,3,2,3,2,3,3,3,3,3,2,3,3,2,3,3,3,1,0,30,0,1,1,1,1,3,3,3,3,1,1,1,1,1,3,2,2,3,3,1,1,1,1,1,2,2,3,2,3,1,1,2,2,1,1,3,3,2,1,2,1,3,2,2,2,1,1,1,1,3,2,4,3,3,2,3,2,3,3,4,3,2,3,4,2,3,3,3,4,3,4,3,3,3,4,3,3,3,4,3,4,3,2,3,3,2,4,3,3,1,2,1,3,2,2,1,2,2,3,2,3,2,1,1, ,1,1, ,1, ,3,3, ,3,3, ,3, ,4,3,3,4,3,3,3,3, , , , , , , , , , ,4,3,4,3,4,3,4,3,3,3,3, ,2,3, ,38,2,0.993377503
8910,6,2,1,1, , ,2,1,1, ,1, ,1,68000, , , , ,3,3,4,4,3,4,3,3,1,1,1,1,1,1,1,3,2,3,2,3,3,3,3,4,3,4,3,4,3,2,3,3,4,3,4,3,2,3,3,3,1,0,30,20,1,1,1,1,3,4,3,4,1,1,1,1,1,3,4,3,3,4,1,1,1,1,1,3,4,4,3,3,1,1,4,2,1,1,3,3,1,1,1,1,2,2,3,3,1,1,1,1,2,2,2,3,1,1,1,1,1,3,2,3,2,3,2,3,2,3,2,3,4,3,3,3,2,3,2,3,4,2,3,3,2,3,3,4,3,4,3,3,2,3,2,3,2,1,2,2,1,2,2,3,2,1,1, , , ,1,1,1,3,4, , , ,3,4,4,4,4,3,3,3,4,4,4, , , , , , , , , , ,3,2,4,3,2,3,2,3,2,3,3, , ,3,4,37,2,0.993377503
8915,6,2,2,1, , ,2,2,1, ,1, ,1, ,1, , , ,3,3,3,3,3,3,2,2,2,2,2,2,2,2,2,3,2,2,3,2,2,2,2,2,2,2,2,2,2,2,3,2,2,2,2,2,2,2,2,2,3, , , , , , , , , , , , , , , , , , , , , , , , , , , , , , , , , , , , , , , , , , , , , , , , , , , , , , , , , , , , ,3,3,3,3,3,3,2,3,2,3,2,3,3,2,2,2,2,3,2,3,3,3,3,2,2,3,2,3,3,3,2,2,2,2,2,2,2,2,2,2,2,2,2,2, , , , , , , , , , , , , , , , ,2,2,2,2,2,2,2,2, , , , , , , , , , ,2,2,2,2,2,2,2,2,2,2,4,1,2, , ,60,1,0.983399111
8927,6,2,2,1, , ,2,2,1, ,1, ,1,60000, , , , ,3,2,4,4,3,2,3,2,1,1,1,1,1,1,1,2,1,3,2,2,2,2,3,2,3,4,3,2,3,2,3,4,2,3,2,3,2,3,3,2,1,0,30,0,1,1,1,1,3,2,3,3,1,1,1,1,1,3,2,3,4,2,1,1,1,1,1,3,2,4,3,3,1,1,4,2,1,1,3,4,1,2,1,2,3,4,3,2,2,1,2,1,3,2,4,3,1,1,1,1,1,3,2,3,2,3,3,2,3,2,3,3,2,3,2,3,4,2,3,3,2,3,3,2,3,2,3,3,2,3,3,2,1,3,2,3,4,3,2,3,3,2,3,4,3,1,1,1,1,1,1, , ,3,4,3,3,3,4, , ,4,3,3,4,4,4,3,3, , , , , , , , , , ,2,3,2,1,2,2,1,2,2,2,4,1,2,3,4,56,2,0.993377503
8941,6,2,2,1, , ,2,2,1, ,1, ,1,65000, , , , ,3,3,4,3,4,3,3,2,1,1,1,1,1,1,1,3,2,3,2,3,2,2,3,3,4,3,3,3,3,2,3,3,2,3,3,2,3,3,2,3,1,0,30,0,1,1,1,1,4,3,4,3,1,1,1,1,1,4,3,2,2,3,3,4,3,3,2,4,4,4,2,4,1,1,3,3,1,1,3,2,1,1,1,1,3,4,3,2,1,1,1,1,3,2,3,3,1,2,1,2,1,3,2,3,2,3,2,3,3,2,3,3,2,3,2,3,3,2,3,3,2,3,3,2,2,3,2,3,3,4,3,3,2,2,1,2,1,2,1,1,1,2,1,2,2,1,1, ,1, ,1,1,1,3,3, ,4, ,3,4,3,4,3,3,4,3,4,4,4, , , , , , , , , , ,2,1,2,1,2,1,1,2,1,1,4,1,2,3,4,48,2,0.993377503
8948,6,2,2,1, , ,2,2,1,0, ,0, ,65000, , , , , , ,3,1,3,3,2,1,1,1,1,1,1,1,1,2,4,1,4,2,1,1,1,1,1,1,1,1,1,3,2,1,2,1,1,1,1,2,2,2,1,0,25,0,1,1,1,1,3,1,1,1,1,1,1,1,1,2,4,1,1,1,1,1,1,1,1,3,1,3,1,2,1,1,1,1,1,1,1,1,1,1,1,1,1,1,1,1,1,1,1,1,2,1,1,1,2,2,1,1,3,3,3,3,4,3,2,3,3,3,3,3,4,3,3,3,3,3,3,1,2,3,4,4,3,3,3,2,2,3,3,3,2,2,2,1,2,1,2,2,1,2,2,2,2, ,1,1, , ,1, , , ,1,1, , ,1, , ,2,3,3,3,3,2,3,2,1,1,2, ,4,5, , , , ,3,3,2,3,3,2,3,3,3,3,3,1,2, , ,58,2,0.985680343
8954,6,2,1,1, , ,2,1,1, ,1, ,1,58000, , , , ,3,3,4,3,3,3,2,3,1,1,1,1,2,1,1,3,2,3,4,3,3,3,3,2,4,3,3,3,3,3,3,3,3,2,1,2,2,2,1,2,1,0,30,0,1,1,1,1,4,3,4,2,1,1,1,1,1,3,2,3,3,3,1,1,1,1,1,3,4,2,2,2,1,1,4,4,2,2,4,4,1,1,1,1,2,4,4,3,1,1,1,1,3,4,2,3,3,2,2,1,2,3,2,3,4,3,3,3,2,3,3,3,2,4,3,3,2,3,3,3,3,2,3,3,2,3,2,3,3,2,3,3,2,2,1,2,1,2,1,1,2,1,2,1,2,1,1, ,1,1,1,1, ,3,3, ,4,3,4,3, ,4,3,3,4,3,4,3,3, , , , , , , , , , ,3,4,3,4,3,4,3,4,3,3,4, , ,3,4,47,2,0.993377503
8964,6,2,2,1, , ,2,2,1,0, ,0, ,70000, , , , , , ,3,2,3,3,2,1,1,1,1,1,1,1,1,1,3,2,4,3,1,1,1,1,1,1,1,2,4,3,3,2,2,2,2,1,1,1,1,1,1,0,30,0,1,1,1,1,3,1,4,2,1,1,1,1,1,3,4,1,1,1,1,1,1,1,1,4,2,3,1,1,1,1,1,1,1,1,1,1,1,1,1,1,1,1,1,1,1,1,1,1,2,1,2,1,4,1,1,1,1,3,3,4,3,3,2,3,3,4,3,4,4,3,3,2,1,2,4,1,3,2,2,3,3,3,3,2,2,3,3,3,1,2,2,2,2,2,1,2,2,2,2,2,2,1,1, ,1, , , , ,2,1, ,2, , , , ,4,4,3,4,3,3,3,3,1, ,2,3, ,5, , , , ,3,3,4,3,3,2,3,3,2,3,4,1,2,3, ,47,2,0.985680343
8982,6,2,1,1, , ,2,2,1,0, ,0, ,100000, , , ,1, , ,2,4,1,3,3,1,4,4,4,4,4,4,4,4,4,4,4,4,2,4,4,4,4,4,4,4,4,4,4,4,4,4,4,4,4,4,4,4,1,25,30,0,4,4,4,4,4,2,2,2,2,2,1,2,4,4,4,1,2,2,2,3,2,2,1,4,4,3,2,2,1,1,2,2,1,1,1,1,1,1,1,1,1,1,1,1,3,1,4,2,2,1,2,3,4,1,1,1,3,3,3,3,3,3,4,3,3,3,3,3,4,3,3,3,3,4,3,3,2,2,3,3,3,3,3,2,3,3,3,2,1,3,4,3,3,3,4,3,4,3,3,4,3,1,1,1,1,1,1,1,1,4,1,3,3,2,1,2,1,4,4,4,3,3,4,4,3, , , , , , , , , , ,3,4,3,3,4,3,3,4,4,4,4, , ,3,4,29,1,0.983399111
9002,6,2,1,1, , ,2,2,1,35000, ,0, ,45000, ,1, , ,3, ,3,3,4,3,2,1,4,4,4,4,4,4,4,4,4,4,4,4,4,4,4,4,4,4,4,4,4,4,4,4,4,4,4,4,4,4,4,4,1,20,30,0,3,3,4,3,4,2,4,2,3,3,1,1,3,4,4,1,1,2,2,3,2,3,2,4,3,2,2,2,1,1,1,3,1,1,1,3,1,1,1,1,1,1,1,1,3,2,3,1,2,1,3,1,4,1,1,1,4,3,3,4,3,3,3,2,3,3,3,4,4,3,3,2,2,3,3,2,3,2,3,3,3,3,3,2,3,3,3,3,1,3,4,3,2,3,3,4,3,3,3,3,3,1,1,1,1,1,1,1,1,3,2,2,3,1,1,1,1,4,4,3,3,3,4,3,3, , , , , , , , , , ,3,4,3,3,4,3,3,4,4,3,4, , , ,4,35,2,0.983399111
9071,6,1,2,1, , ,2,2,1, ,1, ,1,55000, , , , ,3,3,3,3,2,3,3,2,2,2,3,3,3,2,3,3,3,3,3,3,3,3,3,3,3,3,3,4,3,3,3,3,3,3,3,3,2,3,3,3,1,10,30,0,4,4,3,2,4,4,3,2,4,2,3,3,4,4,3,3,3,3,4,4,4,3,3,4,4,4,3,3,3,3,4,3,4,4,4,4,4,4,4,2,4,4,4,2,3,2,2,3,3,3,3,3,3,3,3,3,4,3,3,4,3,4,3,3,3,3,3,3,3,4,4,3,3,4,3,3,3,3,4,4,3,3,3,3,4,4,3,3,2,3,3,3,3,3,3,4,3,4,3,3,3,1,1,1, , , ,1,1,3,3,3, , , ,3,3,3,3,3,4,4,3,3,3, , , , , , , , , , ,3,4,3,4,3,3,4,3,4,3,4,1,2, , ,28,2,0.993377503
9083,6,1,2,1, , ,2,2,1, ,1, ,1,45000, , , , ,2,2,3,3,3,2,3,2,2,2,2,2,2,2,2,3,2,3,3,3,3,2,3,2,2,3,2,2,3,2,3,3,3,2,2,3,2,3,2,2,1,0,30,0,1,1,1,1,3,1,1,3,1,1,1,1,1,3,3,2,2,2,1,1,1,1,1,3,3,3,1,1,3,3,3,3,3,3,3,3,1,1,1,1,3,3,3,3,1,1,1,1,2,2,2,2,2,2,2,1,1,2,1,2,2,1,2,2,2,1,2,3,3,3,4,3,3,4,4,3,3,2,3,4,3,3,4,3,3,4,3,3,2,3,3,4,3,3,3,4,3,2,3,3,4, ,1, , , , , , , ,4, , , , , , ,3,4,3,3,4,3,3,3, , , , , , , , , , ,3,3,3,4,4,3,3,4,3,3,4,1, , , ,54,2,1.020749108
9097,6,1,2,1, , ,2,2,1, ,1, ,1,55000, , , ,1,3,3,3,3,3,3,2,2,3,2,3,2,3,3,3,3,3,2,3,3,2,3,3,3,3,4,3,3,4,3,3,3,2,3,2,3,3,3,3,3,1,10,25,0,3,2,2,3,4,2,3,4,3,3,2,3,3,2,4,3,3,3,3,2,3,3,3,4,3,4,3,3,4,4,4,4,3,2,3,2,3,3,3,2,2,3,3,2,3,3,4,3,2,3,4,2,3,3,3,3,3,3,3,3,3,4,3,3,3,3,3,3,4,3,4,3,3,4,4,3,3,4,4,4,3,3,3,3,3,4,3,3,1,3,3,4,4,3,4,3,3,3,4,3,3,1,1,1, , , , ,1,3,3,3, , , , ,2,3,3,4,4,3,3,3,3, , , , , , , , , , ,3,3,4,3,3,4,3,3,3,3,4,1,2, , ,48,2,1.020749108
9119,6,1,1,1, , ,2,2,1, ,1, ,1,55000, , , , ,3,3,3,3,3,4,4,3,3,3,2,2,3,3,2,3,3,3,3,4,3,4,3,3,3,4,3,4,3,3,3,3,3,4,4,3,4,3,3,4,1,10,30,0,4,2,3,4,4,3,2,4,4,4,4,3,3,4,4,4,3,3,4,4,3,3,3,3,4,4,3,2,2,3,3,3,3,4,3,4,4,4,3,2,4,4,2,3,4,4,3,3,4,4,4,4,1,1,3,2,3,3,3,4,4,3,3,3,3,4,3,2,3,3,2,3,3,3,4,3,3,3,4,3,4,3,3,3,3,3,3,2,2,3,3,3,4,3,4,3,3,4,3,3,3, ,1,1,1, , , , , ,3,3,3, , , , ,3,3,3,3,3,4,3,4, , , , , , , , , , ,3,3,4,3,4,3,3,3,4,3,1,1, , , ,44,2,0.985680343
9176,6,2,2,1, , ,2,1,1, ,1, ,1, ,1, , , ,2,2,2,2,3,3,3,3,1,1,1,1,1,1,1,3,3,2,3,3,3,3,3,2,2,2,2,2,3,2,3,3,2,2,3,2,2,2,2,2,1,0,30,0,1,1,1,1,4,1,2,2,1,1,1,1,1,4,4,2,3,2,2,1,1,1,1,3,1,3,1,3,1,1,1,2,1,1,2,2,1,1,1,1,1,1,1,1,2,1,1,1,2,1,1,2,1,1,1,1,2,3,3,3,2,3,3,3,3,3,3,3,3,3,3,2,2,2,3,2,3,2,3,3,3,3,2,2,2,3,3,3,2,2,2,2,2,2,2,1,1,2,2,2,2, ,1, , , , , , , ,1, , , , , , ,3,4,3,3,3,3,3,2,1,1, ,3, , , , , , ,3,3,3,3,3,2,3,3,3,3,4,1, , , ,34,2,1.020749108
9183,6,2,2,1, , ,2,2,1,0, ,0, ,45000, , , , , , ,3,1,3,2,2,3,1,1,1,1,1,1,1,1,2,1,3,1,1,1,1,1,1,1,1,2,3,3,1,1,1,1,1,1,1,1,1,1,1,0,20,0,1,1,1,1,2,1,2,1,1,1,1,1,1,1,4,1,1,1,1,1,1,1,1,3,1,1,1,1,1,1,1,1,1,1,1,1,1,1,1,1,1,1,1,1,1,1,1,1,1,1,1,1,3,1,1,1,3,3,3,2,3,3,4,3,3,3,3,3,3,3,2,1,2,2,2,2,2,2,1,2,2,3,3,2,1,2,3,2,2,2,2,3,1,2,1,2,2,2,1,2,2,1,1, ,1, , , , ,1,1, ,1, , , , ,1,3,4,3,1,1,3,2,1, ,2,3,4,5, , , , ,3,3,4,3,3,2,3,3,3,3,2,1,2, , ,64,2,0.983399111
9184,6,1,2,1, , ,2,2,1, ,1, ,1, ,1,1,1,1,2,2,2,1,2,2,2,2,1,1,1,1,1,1,1,3,2,2,3,2,2,3,3,2,2,2,2,1,3,3,3,3,1,1,1,1,1,3,2,2,1,0,30,0,1,1,1,1,4,1,2,2,1,1,1,1,1,4,4,2,3,1,1,1,1,1,1,4,2,3,1,2,1,1,2,2,1,1,2,3,1,1,1,1,1,1,1,2,1,1,1,1,2,2,2,2,1,1,1,1,3,3,3,3,2,2,3,3,3,3,3,3,3,3,3,2,2,2,2,2,3,2,3,3,3,3,3,2,2,3,3,3,2,2,2,1,2,2,2,1,1,1,2,2,3, , , , , , , , , , , , , , , , ,3,4,3,3,2,2,2,2, , , , , , , , , , ,3,2,3,3,3,3,3,3,3,3,3,1,2, , ,40,2,0.993377503
9187,6,1,2,1, , ,1,2,1, ,1,0, ,35000, ,1, , ,3, ,3,2,4,2,2,3,1,1,1,1,1,1,1,3,4,1,4,3,1,2,2,1,1,1,1,4,4,4,3,2,1,1,1,1,1,2,2,2,1,0,30,0,2,1,1,3,3,1,3,1,2,1,1,1,1,2,4,1,1,1,2,2,2,2,2,4,2,3,2,2,1,1,1,2,1,1,3,3,1,1,1,1,1,1,1,1,1,1,1,2,1,1,1,2,4,1,1,1,4,4,4,3,4,3,3,2,3,3,3,3,4,3,3,2,2,2,3,2,3,3,3,3,2,3,3,2,3,3,3,3,1,2,2,3,2,2,4,3,3,3,3,3,3,1,1,1, , ,1, , ,3,1,1, , ,1, , ,4,4,3,2,3,2,2,2, , , , , , , , , , ,3,3,4,2,4,3,3,2,3,3,1,1,2, , ,34,2,0.993377503
9196,6,1,2,1, , ,1,2,1,38000, ,0, ,45000, ,1, ,1,3, ,3,1,4,3,1,3,1,1,1,1,1,1,1,3,4,2,4,4,1,2,2,2,1,1,2,4,4,4,4,2,2,3,2,1,2,3,3,2,1,15,30,0,3,1,3,3,3,1,4,1,2,1,1,1,1,4,4,1,1,1,2,3,2,2,3,4,3,2,2,2,1,1,1,2,1,1,3,3,1,1,1,1,1,1,1,1,3,1,3,3,1,1,1,2,4,1,1,1,1,3,3,4,3,3,3,4,3,3,3,3,4,3,3,3,2,2,4,2,3,2,2,3,3,3,3,2,3,3,3,3,1,3,4,3,3,3,3,3,4,3,3,3,3,1,1, ,1, ,1, , ,3,1, ,1, ,1, , ,3,4,3,3,2,3,2,2, , , , , , , , , , ,3,4,4,3,4,3,4,4,3,3,1,1,2, , ,28,2,0.993377503
9267,6,2,2,1, , ,2,2,1, ,1, ,1, ,1, , , ,2,2,2,3,3,3,2,2,1,1,1,1,2,2,2,3,3,2,3,2,2,2,2,2,2,3,2,2,2,3,3,2,3,2,2,2,1,1,2,2,1,0,30,0,1,1,1,1,3,1,3,3,1,1,1,1,1,3,3,1,1,1,1,1,1,1,1,2,2,1,1,1,1,1,3,3,1,1,2,2,1,1,1,1,2,2,2,3,1,1,1,1,1,1,1,1,1,1,1,1,3,3,3,3,2,3,2,3,3,3,2,3,3,2,2,2,2,2,2,2,2,3,2,3,3,2,2,2,2,2,2,2,2,2,2,2,2,2,2,2,1,1,2,3,3, , , , , ,1, , , , , , , ,1, , ,2,2,2,2,2,1,2,2,1, , ,3, , , , , , ,2,3,2,3,3,2,3,2,1,2,4,1, , , ,29,1,0.993377503
9285,6,2,1,1, , ,1,2,1,32000, ,0, ,35000, , , , ,3, ,3,1,3,3,1,1,1,1,1,1,1,1,1,3,4,2,4,3,1,2,2,1,1,1,1,2,4,4,2,2,3,1,1,1,2,1,2,1,1,0,30,0,1,1,1,1,3,1,3,3,1,1,1,1,1,2,3,1,1,1,1,1,1,1,1,3,1,2,1,1,1,2,1,2,1,1,2,3,1,1,1,1,2,3,3,3,1,1,1,1,2,1,1,1,3,1,1,1,3,4,3,3,4,2,3,2,3,3,3,3,4,3,3,2,2,2,3,2,3,2,2,4,3,3,3,2,3,2,3,3,1,2,2,2,1,2,2,1,2,2,1,2,2,1,1, , , ,1, , ,3,1, , , ,1, , ,4,1,2,1,1,1,1,1, , , , , , , , , , ,3,4,3,3,2,3,3,3,4,3,2,1,2, , ,34,2,0.993377503
9394,6,1,1,1, , ,1,2,1,60000, , ,1,30000, , , , ,3,3,3,3,3,3,2,2,2,2,2,2,2,2,2,3,4,2,3,4,2,3,3,2,2,2,2,4,3,3,3,3,2,2,2,1,2,3,2,1,1,0,27,0,1,1,1,1,3,1,2,2,1,1,1,1,1,3,3,2,1,1,1,1,1,1,1,4,4,4,1,1,1,1,1,1,1,1,4,2,1,1,1,1,1,1,1,1,1,1,1,1,1,1,1,1,1,1,1,1,3,2,2,3,4,3,3,3,3,3,3,3,3,4,2,2,2,2,3,2,2,2,2,4,4,3,1,2,2,2,2,1,2,2,2,2,2,1,2,2,1,2,3,2,3, ,1,1, , ,1, , , ,2,2, , ,1, , ,2,1,1,2,2,1,1,1,1,1, , , , , , , , ,2,4,2,3,3,3,2,3,2,2,3, , ,3, ,45,2,1.020749108
9400,6,2,2,1, , ,1,2,1, ,1, ,1, ,1,1,1,1,2,2,2,2,3,3,4,3,1,1,1,1,1,1,1,4,4,2,4,3,2,2,3,1,1,1,1,2,3,3,3,2,2,2,1,2,2,2,2,3,1,0,20,1,1,1,1,1,2,3,3,2,1,1,1,1,1,2,2,2,2,2,1,1,1,1,1,2,2,2,2,1,1,1,2,1,1,1,3,2,1,1,1,1,1,1,1,1,1,1,1,1,3,1,1,1,1,1,1,1,2,3,3,3,3,3,2,2,1,2,3,3,2,3,2,2,2,2,3,2,3,3,3,2,3,3,1,2,2,3,3,1,1,2,2,1,1,1,2,2,2,2,3,2,3, ,1,1, , , , , , ,2,2, , , , , ,2,3,3,2,2,2,2,2,1, , , ,4, , , , , ,2,3,2,3,3,3,2,2,2,1,3, ,2, , ,41,2,1.020749108
9432,6,2,2,1, , ,1,2,1, ,1, ,1, ,1, , , ,3,3,3,3,3,3,4,4,1,3,1,3,1,1,1,3,3,3,3,3,2,3,4,1,2,2,3,3,3,3,3,3,2,2,3,2,2,2,2,1,1,0,30,0,1,1,1,1,2,2,2,2,1,1,1,1,1,1,3,1,1,1,1,1,1,1,1,2,1,1,1,1,2,1,1,1,1,1,3,1,1,1,1,1,1,1,1,1,1,1,1,1,1,1,1,1,1,1,1,1,2,2,2,3,4,3,3,3,3,2,2,3,2,2,3,2,3,3,3,2,2,3,3,4,3,3,2,3,3,3,3,3,2,3,2,2,2,2,3,2,2,2,2,2,2, ,1,1, , , , , , ,3,3, , , , , ,2,3,3,2,2,3,2,2, , , , , , , , , , ,3,3,3,3,4,4,3,3,2,2,3, ,2, , ,32,2,1.020749108
9436,6,1,2,1, , ,2,2,1, ,1, ,1,50000, , , , ,2,2,3,3,2,3,3,2,2,2,2,3,2,3,1,4,4,2,4,3,3,3,4,2,2,3,3,3,4,3,4,3,2,2,3,2,2,2,2,1,1,0,25,0,1,1,1,1,2,3,3,1,1,1,1,1,1,4,4,4,4,4,1,1,1,1,1,4,4,4,3,1,1,1,3,3,1,1,4,2,1,1,1,1,1,1,1,1,1,1,1,1,1,1,1,1,2,2,2,2,4,3,4,3,3,4,3,3,3,3,2,3,3,4,3,2,2,2,4,3,4,3,3,3,3,3,1,3,3,4,4,3,1,4,3,3,3,2,1,2,2,2,3,3,3, ,1,1,1,1,1, ,1, ,2,2,4,2,2, ,2,2,3,3,2,3,3,2,3, , , , , , , , , , ,3,4,3,3,3,3,2,2,2,3,2, , , ,4,39,1,1.020749108
9441,6,1,2,1, , ,2,2,1, ,1, ,1,35000, , , , ,1,1,3,3,3,3,3,2,1,3,3,2,3,4,3,3,4,3,4,3,3,4,3,3,3,3,2,2,2,2,2,3,4,3,3,4,3,2,3,3,2, , , , , , , , , , , , , , , , , , , , , , , , , , , , , , , , , , , , , , , , , , , , , , , , , , , , , , , , , , , , ,3,4,3,3,4,3,2,3,3,3,3,3,4,3,3,3,4,3,2,3,2,3,4,3,3,3,3,2,3,2,3,2,3,4,3,4,3,4,3,4,3,4,3,3,1,1,1,1,1,1,1,1,2,2,1,1,1,1,1,1,2,2,2,2,1,1,1,1,1, , , ,4, , , , , ,3,4,3,3,4,3,3,3,3,3,3,1, , , ,32,2,1.020749108
9450,6,2,1,1, , ,1,2,1,30000, ,10000, ,50000, , , , ,3,3,3,3,3,4,4,3,2,2,2,3,3,3,2,4,3,2,3,3,3,3,3,2,2,2,2,2,3,3,3,4,2,2,2,2,1,1,1,2,1,0,30,0,2,1,2,1,3,2,3,2,1,1,1,1,1,4,3,2,4,2,1,1,1,1,1,3,2,3,3,3,1,1,2,2,1,1,4,2,1,1,1,1,1,1,1,1,1,1,1,1,1,1,1,2,1,1,1,1,3,2,2,3,2,4,3,3,3,3,2,4,2,2,1,1,2,2,2,3,4,3,3,3,3,3,2,4,3,3,3,2,2,2,2,2,2,2,1,1,1,1,1,2,2, , , , , , , ,1, , , , , , , ,1,1,1,1,1,1,1,1,1,1, ,2, , , , , , , ,2,4,2,3,3,4,2,2,2,2,4, ,2,3, ,33,2,1.020749108
9469,6,2,2,1, , ,2,2,1, ,1, ,1, ,1, , , ,2,2,2,2,4,3,3,3,2,1,2,3,2,3,3,3,3,3,3,3,3,3,3,3,2,2,3,3,3,3,3,3,3,3,3,3,3,3,3,2,1,0,30,0,1,1,1,1,3,2,3,3,1,1,1,1,1,3,3,3,2,3,1,1,1,1,1,3,3,3,2,2,1,1,2,2,1,1,4,3,1,1,1,1,1,1,1,1,1,1,1,1,1,1,1,1,1,1,1,1,3,3,3,3,4,3,3,2,2,2,2,2,2,2,2,3,3,3,3,2,3,3,2,2,2,2,1,2,2,2,3,1,1,2,2,2,1,1,1,1,1,1,1,2,2, ,1,1, , , , , , ,3,3, , , , , ,1,1,1,1,1,1,1,1, , , , , , , , , , ,3,3,4,3,3,2,3,2,2,3,2, ,2, , ,26,2,0.993377503
9475,6,2,2,1, , ,1,2,1, ,1,0, ,45000, ,1, , ,3, ,3,1,3,3,1,1,1,1,1,1,1,1,1,2,3,1,3,3,1,1,2,1,1,1,1,1,4,4,2,1,1,1,1,1,1,1,1,1,1,0,25,0,1,1,1,1,2,1,4,2,1,1,1,1,1,3,3,1,1,1,1,1,1,1,1,4,1,2,1,1,1,1,1,3,1,1,2,3,1,1,1,1,1,1,1,1,1,1,1,1,2,1,1,1,2,1,1,1,3,3,3,3,4,3,2,3,3,3,3,3,2,3,3,1,1,2,3,2,2,2,2,3,2,3,2,2,2,2,3,2,1,3,3,3,1,2,3,2,2,2,2,3,3,1,1, ,1, ,1, , ,3,1, ,1, ,1, , ,3,3,3,3,2,3,2,2, , , , , , , , , , ,3,3,2,2,4,3,3,3,3,2,2,1,2, , ,41,2,0.993377503
9476,6,1,1,1, , ,1,2,1, ,1, ,1,50000, , , , ,1,1,3,3,3,3,3,3,3,3,3,4,2,2,2,4,3,2,4,4,3,4,3,3,3,3,3,3,4,4,4,3,3,3,1,2,2,1,1,1,1,2,30,0,1,1,1,3,3,3,3,3,1,1,1,1,1,3,3,3,2,3,1,1,1,1,1,3,3,3,3,1,1,1,3,3,1,1,4,2,1,1,1,1,1,1,1,4,1,1,1,1,1,1,1,1,1,1,1,1,3,3,3,3,4,3,3,3,3,3,3,3,3,3,3,2,3,3,3,3,3,4,3,3,3,3,2,2,2,3,3,3,1,2,2,2,2,1,2,2,1,2,4,4,4, ,1, ,1, ,1, ,1, ,2, ,3, ,1, ,1,2,2,2,2,2,2,2,3, , , , , , , , , , ,2,1,2,4,3,3,1,4,2,2,3, , , ,4,23,2,0.993377503
9483,6,2,2,1, , ,2,2,1, ,1, ,1, ,1, , , ,2,2,2,4,4,4,4,4,2,4,2,2,2,3,2,3,3,2,2,3,3,3,4,2,2,1,3,4,3,3,4,3,2,2,2,2,2,1,1,1,1,0,30,0,1,1,1,1,3,2,2,3,1,1,1,1,1,2,4,1,3,3,1,1,1,1,1,4,1,1,1,1,1,1,1,3,1,1,3,1,1,1,1,1,1,1,1,1,1,1,1,1,1,1,1,1,2,2,1,2,3,4,3,3,3,3,3,3,4,3,3,3,3,3,4,3,3,2,3,3,3,4,3,4,3,3,2,3,3,3,3,2,2,2,2,2,2,1,1,1,2,2,2,1,3, , , , , ,1, , , , , , , ,1, , ,1,1,1,1,2,2,2,2,1, , , ,4, , , , , ,2,2,1,4,2,4,1,2,2,2,3, ,2, , ,26,2,0.993377503
9501,6,2,2,1, , ,2,2,1, ,1, ,1, ,1, , , ,3,3,3,3,2,2,2,2,1,1,1,4,1,1,1,4,4,2,4,3,2,3,3,2,2,2,2,3,3,3,4,3,2,4,2,2,2,2,2,2,1,0,20,0,1,1,1,1,2,2,2,2,1,1,1,1,1,3,3,1,1,1,1,1,1,1,1,2,2,3,2,2,1,1,2,2,1,1,2,2,1,1,1,1,2,2,2,2,1,1,1,1,1,1,1,1,1,1,1,2,2,3,3,3,3,1,2,2,3,3,2,2,3,3,1,2,3,3,3,3,3,3,4,4,3,3,3,3,3,3,3,3,1,1,1,1,2,2,2,2,2,1,3,2,3, , ,1, , , , ,1, , ,3, , , , ,3,2,2,3,2,2,2,2,3, , , , , , , , , , ,1,3,1,3,2,2,2,2,2,2,2,1,2,3,4,37,1,1.020749108
9505,6,1,2,1, , ,2,2,1, ,1,0, ,50000, , , , ,3, ,4,1,3,4,1,1,1,1,1,1,1,1,1,2,3,2,3,2,1,1,2,1,1,2,2,1,3,3,2,1,1,1,1,1,1,1,1,1,1,0,30,0,1,1,1,1,2,1,4,2,1,1,1,1,1,2,4,1,1,1,1,1,1,1,1,3,1,2,1,2,1,1,1,2,1,1,2,3,1,1,1,1,1,1,1,1,1,1,1,1,2,1,1,1,1,1,1,1,3,3,4,3,3,4,3,2,3,3,4,3,2,2,2,1,1,1,3,2,2,1,2,3,2,3,2,2,1,2,3,2,2,3,3,3,2,2,2,2,3,2,3,4,3,1,1, , , ,1, , ,1,1, , , ,1, , ,2,3,2,3,2,1,1,1,1,1,2,3,4,5, , , , ,3,3,4,2,3,3,3,2,3,2,3,1,2,3, ,40,2,0.993377503
9512,6,2,1,1, , ,1,2,1,70000, , ,1,70000, , , , ,3,3,3,2,4,4,4,3,1,1,1,1,1,1,1,3,3,1,3,3,2,2,3,2,2,2,1,1,3,3,3,1,1,3,1,1,1,1,1,1,1,0,15,0,1,1,1,1,2,2,3,1,1,1,1,1,1,1,2,1,1,1,1,1,1,1,1,2,1,1,1,1,1,1,2,2,1,1,2,2,1,1,1,1,1,1,1,1,1,1,1,1,1,1,1,1,3,2,2,1,3,3,3,3,4,3,3,3,4,3,3,3,3,3,3,2,2,2,3,3,3,3,4,3,3,3,3,3,3,3,3,3,1,1,1,1,1,1,1,1,1,1,1,1,1, , , , , , , ,1, , , , , , , ,3,2,2,2,2,2,2,2,3, , , , , , , , , , ,3,2,3,3,3,2,2,1,3,1,1,1, , , ,36,2,0.993377503
9527,6,1,1,1, , ,1,2,1,45000, ,0, ,35000, ,1, , ,2, ,2,2,3,4,1,2,1,1,1,1,1,1,1,3,4,2,4,3,1,2,2,1,1,1,1,4,4,4,4,3,3,3,2,1,2,3,3,1,1,10,30,0,3,1,4,2,4,1,4,1,2,1,1,1,1,3,4,1,1,1,2,1,2,2,2,3,3,3,2,2,1,1,1,2,1,1,2,2,1,1,1,1,1,1,1,1,2,1,1,1,3,1,2,1,4,1,1,1,4,3,3,3,4,4,4,3,3,3,4,3,4,3,3,2,2,2,4,3,3,3,4,4,3,3,3,2,3,3,3,3,1,3,3,3,2,2,3,3,3,3,3,4,3,1,1,1,1,1,1,1, ,3,1,1,2,1,1,1, ,4,4,2,3,3,3,3,3, , , , , , , , , , ,3,3,4,3,3,3,3,3,3,3,1, ,2,3, ,40,2,0.993377503
9534,6,2,2,1, , ,2,2,1, ,1, ,1, ,1, , , ,2,2,2,3,3,3,2,2,1,1,1,1,1,1,1,4,4,1,4,4,1,4,4,1,1,1,1,1,4,4,4,1,1,4,1,1,1,1,1,1,1,0,29,0,1,1,1,1,3,1,3,1,1,1,1,1,1,3,3,1,1,1,1,1,1,1,1,3,2,3,1,1,1,1,1,1,1,1,3,1,1,1,1,1,1,1,1,1,1,1,1,1,1,1,1,1,1,2,1,1,3,2,2,3,2,3,2,2,3,3,4,3,3,3,2,2,2,2,2,2,2,3,3,3,3,2,2,2,2,4,2,4,2,1,1,2,1,1,1,1,1,1,1,1,1, , , , , , , ,1, , , , , , , ,3,2,2,2,2,2,2,2,2, , , , , , , , , , ,1,2,1,1,1,2,1,1,1,1,4,1, , , ,37,2,0.993377503
9537,6,1,2,1, , ,2,2,1,40000, ,20000, ,40000, ,1,1, ,2,2,3,3,3,3,3,2,2,1,1,2,1,1,2,3,3,2,3,3,2,2,2,1,2,1,2,3,4,2,3,2,1,3,2,1,1,1,2,1,1,0,20,0,1,1,1,1,3,1,3,1,1,1,1,1,1,2,3,1,1,1,1,1,1,1,1,4,2,2,1,1,1,1,2,2,1,1,2,2,1,1,1,1,1,1,1,1,1,1,1,1,1,1,1,1,1,1,1,1,2,3,2,3,3,3,2,3,3,3,3,3,3,3,2,3,2,2,3,3,2,3,3,3,3,4,1,3,3,3,2,2,2,1,1,1,1,1,1,1,1,1,1,1,1, , ,1, , ,1, ,1, , ,1, , ,1, ,2,2,2,3,1,2,2,2,3,1, ,2, , , , , , , ,2,1,2,2,2,2,1,1,2,2,4,1, , , ,32,2,0.993377503
9544,6,2,2,1, , ,1,2,1, ,1, ,1, ,1, , , ,1,1,1,2,2,2,2,2,1,1,1,1,1,1,1,3,3,1,3,1,1,2,3,2,2,2,2,2,2,3,3,1,1,3,1,1,1,1,1,1,1,0,15,5,1,1,1,1,2,1,2,1,1,1,1,1,1,2,2,2,2,2,1,1,1,1,1,1,1,2,1,1,1,1,2,2,1,1,2,2,1,1,1,1,1,1,1,2,1,1,1,1,1,1,1,1,1,1,1,1,3,3,3,4,3,3,3,4,3,3,3,2,2,2,3,2,2,2,2,2,3,3,2,3,3,3,2,2,2,2,2,1,2,1,1,1,1,1,1,1,1,1,1,1,1, , ,1,1, , , , , , ,2,2, , , , ,1,1,2,2,1,1,1,1,1, , , ,4, , , , , ,2,3,2,3,2,3,2,2,2,1,3, ,2, , ,31,2,0.993377503
9548,6,2,1,1, , ,2,2,1, ,1, ,1,70000, , , , ,1,1,3,4,4,3,3,1,2,2,2,3,3,2,3,3,3,3,4,4,3,3,3,3,4,2,3,3,3,4,4,3,2,4,2,2,3,3,2,4,1,3,30,5,3,3,2,1,3,3,3,3,2,3,1,2,4,2,3,2,2,4,2,3,3,4,1,3,3,3,1,1,1,1,2,2,3,3,3,3,2,2,2,2,2,2,2,2,2,2,2,2,3,2,2,2,1,2,2,1,4,3,3,4,4,4,3,3,4,3,3,3,3,3,2,3,3,3,3,3,3,3,3,4,3,3,2,3,3,3,4,4,1,2,3,3,3,3,2,2,2,3,3,3,3, ,1,1,1, ,1,1,1, ,2,2,3, ,1,2,2,2,2,2,2,2,2,3,3, , , , , , , , , , ,3,2,3,3,4,2,3,3,3,3,2, , , ,4,31,1,1.020749108
9554,6,2,2,1, , ,2,2,1, ,1, ,1, ,1, , , ,1,1,1,2,4,2,2,2,1,1,1,1,1,1,1,2,3,2,3,2,2,2,3,2,2,2,4,3,3,3,3,2,2,2,2,2,2,2,2,2,1,0,30,0,1,1,1,1,3,1,4,3,1,1,1,1,1,4,4,1,1,4,1,1,1,1,1,4,3,2,1,1,1,1,1,1,1,1,2,2,1,1,1,1,1,1,1,1,1,1,1,1,1,1,1,3,1,1,1,1,2,2,2,2,3,2,2,3,3,3,3,2,2,2,2,2,2,2,2,2,2,2,2,2,3,3,2,2,2,2,2,1,2,1,1,1,1,1,1,1,1,1,1,1,1, , , , , , , , , , , , , , , , ,1,1,1,1,1,1,1,1, , , , , , , , , , ,2,2,3,3,3,2,2,2,3,2,4, ,2, , ,34,2,1.020749108
9601,6,1,1,1, , ,1,1,1, ,1, ,1,49900, , , , ,3,2,4,2,3,3,3,3,3,3,3,3,3,3,2,3,4,3,4,3,3,3,2,1,3,3,3,3,3,3,3,3,3,3,3,3,2,2,2,2,1,0,30,30,1,1,1,1,3,2,3,3,1,1,1,1,1,4,4,4,4,4,1,1,1,1,1,4,4,4,4,4,1,1,4,4,1,1,4,4,1,1,1,1,4,2,3,3,1,1,1,1,4,4,4,4,4,4,4,4,4,1,3,2,3,3,4,4,4,4,4,4,4,4,4,4,4,4,4,3,3,3,3,3,3,3,2,3,2,2,2,2,1,2,2,2,2,3,3,2,2,3,3,3,3, ,1, , , , , ,1, ,2, , , , , ,1,3,3,3,3,3,3,3,3,1, ,2,3,4, , , , , ,4,4,4,4,4,4,4,4,4,3,2, , , ,4,31,2,0.985680343
9657,6,2,2,1, , ,2,2,1, ,1,25000, ,70000, , ,1,1,3,3,3,3,3,3,3,3,3,3,3,3,3,2,3,3,3,3,3,3,3,2,3,3,3,2,2,3,3,3,3,3,3,2,3,2,3,3,2,2,1,15,30,0,4,2,4,2,3,2,3,2,2,2,1,1,1,2,3,2,2,1,3,4,4,3,2,2,3,3,2,2,1,2,2,2,4,1,2,2,1,1,2,1,1,1,1,1,1,1,3,3,1,1,1,1,1,1,1,1,3,1,1,1,1,1,1,1,1,1,1,1,1,1,1,1,1,1,1,4,2,1,4,4,2,3,1,1,1,1,1,1,2,1,1,1,1,1,1,1,1,1,1,1,1, , , ,1, , , , , , , ,2, , , , ,3,3,1,3,1,1,3,1,1, ,2,3, , , , , , ,1,1,1,1,1,1,1,1,1,1,1,1, , , ,19,2,0.985680343
9685,6,2,2,1, , ,1,2,1, ,1, ,1, ,1, , , ,2,2,2,2,3,3,3,3,2,2,1,1,2,1,2,2,2,2,3,3,2,2,3,3,3,3,4,3,4,4,4,4,3,3,3,3,3,3,3,3,1,30,30,0,4,2,4,4,4,2,4,4,4,3,2,1,1,4,3,2,1,1,2,3,2,3,1,4,2,3,3,1,1,2,1,1,1,1,4,1,4,4,4,4,2,2,2,2,4,4,4,4,3,2,2,3,1,1,1,1,1,3,3,3,3,3,3,3,3,4,3,3,3,3,3,3,3,3,3,4,4,4,4,4,4,4,4,4,4,4,4,4,2,3,3,3,3,3,3,3,3,3,3,3,3, , , , , , , , , , , , , , , , ,1,2,2,2,4,1,1,1, , , , , , , , , , ,3,3,3,3,3,3,3,3,3,3,3, ,2, , ,29,2,0.993377503
9687,6,1,1,1, , ,1,1,1, ,1, ,1, ,1, , , ,4,4,4,2,4,3,4,1,1,1,1,1,1,1,1,3,3,1,4,3,1,1,1,1,1,1,1,3,4,1,3,2,1,3,1,1,1,1,1,1,1,0,15,0,1,1,1,1,4,1,1,1,1,1,1,1,1,4,4,3,1,1,1,1,1,1,1,2,2,3,1,1,1,1,1,1,1,1,1,1,1,1,1,1,1,1,1,1,1,1,1,1,1,1,1,1,1,1,1,1,1,4,4,4,3,4,1,1,1,1,1,4,4,4,4,3,3,2,3,3,3,2,3,4,3,4,1,2,3,3,3,3,2,1,1,1,1,2,1,1,1,1,1,1,1, , , , , , , , , , , , , , , , ,1,4,4,1,1,1,4,4, , , , , , , , , , ,3,2,1,1,3,1,2,2,2,2,4,1, , , ,44,2,0.993377503
9725,6,1,2,1, , ,2,1,1, ,1, ,1, ,1,1,1,1,1,1,1,2,3,2,2,2,3,2,2,3,2,2,2,4,4,3,4,4,2,3,3,3,3,3,4,3,3,4,4,4,2,3,3,3,2,4,3,3,1,0,30,0,2,2,2,2,2,2,3,3,2,2,2,2,2,4,4,4,4,4,2,2,2,2,2,4,4,4,4,4,2,2,4,4,2,2,4,4,2,2,2,2,2,2,2,2,2,2,2,2,2,2,2,2,4,3,4,4,4,4,4,4,4,4,4,4,4,4,4,3,3,3,3,3,3,3,3,3,2,3,3,4,3,3,2,3,3,3,3,3,1,3,3,3,3,3,3,3,3,3,3,3,3, , , , , , , , , , , , , , , , ,3,3,3,3,2,2,2,3, , , , , , , , , , ,3,3,3,3,3,3,3,3,3,3,2,1,2,3,4,20,2,0.993377503
9726,6,2,2,1, , ,2,2,1, ,1, ,1,35000, , , , ,1,1,3,2,3,3,3,2,1,1,1,1,1,1,1,1,1,1,1,1,1,1,1,1,1,1,1,1,1,1,1,1,1,1,1,1,1,1,1,1,3, , , , , , , , , , , , , , , , , , , , , , , , , , , , , , , , , , , , , , , , , , , , , , , , , , , , , , , , , , , , ,3,3,3,2,2,3,3,3,3,2,3,2,2,2,2,2,2,1,3,2,3,3,3,3,3,2,2,3,3,3,2,2,2,2,1,1,2,1,1,2,1,1,1,1, ,1, , , ,1, , , ,1, , , ,1, , ,2,1,1,1,2,1,1,1,1, ,2,3,4, , , , , ,2,3,3,2,2,2,2,2,1,2,3,1, , , ,36,1,1.020749108
9735,6,1,2,1, , ,1,2,1, ,1, ,1, ,1,1, , ,2,2,2,3,3,2,3,2,2,2,2,2,2,2,2,2,3,2,3,2,3,2,2,2,2,2,2,2,2,2,2,2,2,2,2,2,2,2,2,2,1,0,20,0,1,1,1,1,3,1,1,3,1,1,1,1,1,3,3,3,3,1,1,1,1,1,1,3,3,3,3,1,1,1,1,3,1,1,3,3,1,1,1,1,1,1,1,1,1,1,1,1,2,2,2,3,1,1,1,1,1,2,2,2,2,2,3,3,2,3,2,2,2,2,2,2,2,2,2,3,2,3,3,3,3,3,3,3,3,3,3,3,2,2,2,2,2,2,2,2,2,2,2,2,2, , , , , , , , , , , , , , , , ,2,2,2,2,2,1,1,1, , , , , , , , , , ,1,1,1,1,1,1,1,1,1,1,4,1, , , ,31,2,0.993377503
9766,6,2,2,1, , ,2,2,1, ,1, ,1, ,1, , , ,1,1,1,1,4,4,1,1,1,1,1,1,1,1,1,1,1,1,1,1,1,1,1,1,1,3,3,3,3,1,3,3,3,1,1,1,1,1,1,1,1,0,30,0,1,1,1,1,3,3,3,3,1,1,1,1,1,3,3,3,3,3,3,3,2,3,3,2,2,3,3,3,1,1,3,3,1,1,3,3,1,1,1,1,3,3,3,3,1,1,1,1,3,2,2,3,2,2,2,2,2,3,3,3,3,3,3,3,3,3,3,3,3,3,3,3,3,3,3,3,3,3,3,3,3,3,3,3,3,3,3,3,1,1,1,1,1,1,1,1,1,1,1,1,1, , , , , , , , , , , , , , , , ,2,2,2,2,2,2,2,2, , , , , , , , , , ,2,2,2,2,2,2,2,2,2,2,4,1,2,3,4,22,2,1.020749108
9771,6,2,1,1, , ,1,1,1, ,1, ,1, ,1, , , ,3,3,3,2,4,3,2,2,3,3,3,3,3,3,3,3,3,3,3,3,3,3,3,1,3,2,2,3,3,4,3,2,2,3,3,3,3,3,3,2,1,7,30,30,3,3,3,3,3,3,3,3,4,2,3,2,2,3,3,3,2,2,2,2,2,2,2,4,4,4,2,2,2,2,2,3,3,2,4,4,2,2,2,2,2,2,2,2,2,2,2,2,3,2,2,2,1,1,3,1,3,4,4,4,4,4,4,4,4,4,4,4,4,4,4,3,3,3,3,3,3,3,3,3,3,3,2,3,3,3,3,3,2,3,2,2,2,3,3,2,3,3,3,3,3,1,1,1,1, ,1, , ,2,3,3,3, ,1, , ,3,3,3,3,3,3,3,3, , , , , , , , , , ,3,2,3,2,3,2,3,3,3,3,2,1, , , ,34,2,0.983399111
9846,6,1,1,1, , ,2,2,1, ,1, ,1,60000, , , , ,2,2,3,4,2,2,2,2,4,4,4,4,4,4,4,4,3,3,4,3,2,3,4,4,3,3,3,3,4,4,4,4,3,4,3,3,3,3,3,3,1,10,30,0,4,2,4,4,4,2,4,4,4,4,4,2,3,4,4,4,3,3,4,4,4,3,4,4,4,4,3,2,4,4,4,4,2,3,3,2,3,2,3,2,3,2,3,3,2,2,3,3,4,4,4,4,3,3,3,4,4,3,3,4,3,3,4,4,3,3,3,3,3,3,3,3,3,3,3,4,3,3,4,4,4,3,3,3,3,3,3,3,1,3,3,4,4,3,3,3,4,3,3,3,3, ,1,1,1, , , ,1, ,3,3,3, , , ,3,3,3,3,3,4,4,3,3, , , , , , , , , , ,4,3,4,3,3,3,3,4,3,3,2,1,2, , ,36,2,0.985680343
9847,6,1,1,1, , ,1,2,1,25000, , ,1,52000, , , , ,3,2,3,4,1,1,1,1,4,4,4,4,4,4,4,4,4,4,4,4,3,4,4,4,3,3,3,4,4,4,4,3,3,4,4,3,3,4,4,4,1,10,30,0,4,2,4,4,4,3,4,4,4,4,4,3,3,4,4,4,3,3,4,4,4,4,4,4,4,4,4,4,4,4,4,4,4,4,4,4,4,4,4,4,4,4,4,4,4,4,4,4,4,4,4,4,4,3,3,3,4,4,4,4,4,4,4,4,4,4,4,4,3,3,4,3,4,4,3,3,4,4,4,3,4,4,4,3,4,4,3,4,2,3,4,4,3,3,4,4,4,3,4,4,4,1,1, ,1, , , ,1,3,3, ,3, , , ,3,4,4,3,4,4,4,4,4, , , , , , , , , , ,3,4,3,3,4,3,3,3,4,3,4,1,2, , ,34,2,0.985680343
9848,6,1,2,1, , ,1,2,1,0, ,0, ,45000, , , , , , ,1,3,4,3,4,3,1,1,1,1,1,1,3,2,2,2,2,3,4,3,2,2,2,3,2,2,3,2,2,3,4,3,4,3,4,3,3,3,2, , , , , , , , , , , , , , , , , , , , , , , , , , , , , , , , , , , , , , , , , , , , , , , , , , , , , , , , , , , , ,3,4,3,3,4,3,3,3,4,3,3,4,3,3,3,4,4,4,3,4,3,4,3,2,2,2,3,4,3,4,3,2,3,4,3,3,4,3,3,4,3,3,3,4, , , , , , , , , , , , , , , , ,2,2,1,1,1,1,1,2, , , , , , , , , , ,2,3,2,3,3,2,3,2,2,2,4,1, , , ,33,2,0.983399111
9849,6,2,2,2,2, ,2,2,2,0, ,0, ,0, , , , , , , ,1,1,1,1,1,1,1,1,1,1,1,1,1,1,1,1,1,1,1,1,1,1,1,1,1,1,1,1,1,1,1,1,1,1,1,1,1,3, , , , , , , , , , , , , , , , , , , , , , , , , , , , , , , , , , , , , , , , , , , , , , , , , , , , , , , , , , , , ,2,2,2,2,2,2,2,2,2,2,1,1,1,1,1,1,1,1,1,1,1,1,1,1,1,1,1,1,1,1,1,2,1,1,1,1,1,1,1,1,1,1,1,1, , , , , , , , , , , , , , , , ,1,1,1,1,1,1,1,1, , , , , , , , , , ,1,1,1,1,1,1,1,1,1,1,4,1, , , ,48,2,0.985680343
9850,6,1,2,1, , ,2,2,1,32000, ,0, ,64000, ,1, ,1,3, ,3,2,3,3,3,2,2,2,1,3,3,2,2,3,4,3,4,3,2,2,3,2,2,3,2,3,4,4,4,3,2,3,2,2,2,3,2,2,1,10,30,0,2,2,3,1,2,2,3,1,2,3,3,2,2,2,2,3,2,2,2,3,3,2,2,3,3,2,2,2,3,3,3,2,3,2,3,2,1,1,1,1,1,1,1,1,1,1,2,2,1,1,2,2,1,1,1,1,3,3,3,4,3,3,4,3,3,4,3,3,3,3,2,2,2,2,1,3,2,3,3,3,3,3,2,3,2,2,3,3,2,3,3,2,2,2,3,2,2,2,3,3,2,1,1,1, ,1,1, ,1,1,1,1, ,1,1, ,1,2,3,3,3,1,1,1,1,1, ,2, ,4, , , , , ,3,2,3,3,3,3,3,2,3,2,4,1,2, , ,54,2,0.983399111
9853,6,2,1,1, , ,2,2,1,34000, ,0, ,68000, ,1, ,1,3, ,3,4,2,2,3,1,3,4,3,4,3,3,2,3,4,3,3,4,3,2,3,2,3,3,3,4,4,4,4,3,2,3,3,3,2,3,3,2,1,20,30,0,2,3,3,1,2,2,3,1,2,2,3,2,1,2,3,3,2,1,2,3,2,2,2,2,3,2,2,2,3,3,2,3,3,3,2,2,1,1,1,1,1,1,1,1,1,2,2,3,1,2,1,2,1,1,1,1,3,3,3,4,4,3,3,3,2,3,3,3,4,4,3,3,4,4,3,3,2,3,3,3,3,4,3,3,3,2,3,2,2,3,3,3,4,3,3,2,2,2,3,2,3,1,1,1,1,1,1,1,1,1,2,1,1,1,1,1,1,2,3,3,2,2,2,3,2,1, ,2, ,4, , , , , ,3,3,4,3,3,3,4,3,3,3,4,1,2, , ,38,2,0.993377503
9856,6,2,1,1, , ,2,2,1,25000, , ,1,55000, , , , ,3,2,4,4,1,1,1,1,4,4,3,3,3,3,3,3,3,3,3,3,3,3,3,3,3,3,3,3,4,4,4,3,3,3,4,4,3,3,3,3,1,30,30,0,4,4,4,4,4,4,4,4,4,4,4,4,4,4,4,4,4,4,3,3,3,3,2,3,3,3,3,3,3,3,3,3,4,3,3,3,4,4,3,3,3,3,3,3,4,4,3,3,2,3,2,3,3,2,2,2,3,3,3,2,2,2,3,2,2,3,3,3,3,3,3,3,4,3,3,3,2,3,3,3,3,3,2,3,3,3,3,3,1,3,3,3,3,3,3,4,4,3,3,4,3,1,1, ,1, , , ,1,3,3, ,3, , , ,3,3,3,4,4,3,3,3,3, , , , , , , , , , ,3,3,3,4,3,3,4,3,3,3,3,1,2,3,4,27,2,0.983399111
9858,6,2,1,1, , ,2,2,1,32000, ,0, ,68000, ,1, ,1,3, ,3,3,2,2,3,2,3,4,3,3,3,2,2,3,4,3,3,4,2,2,3,2,3,3,2,3,4,4,4,3,2,3,3,3,2,3,3,2,1,20,30,0,2,3,3,2,2,2,3,2,2,3,3,2,1,2,3,3,2,1,2,3,3,2,2,2,3,3,2,2,3,4,3,3,3,2,3,3,1,1,1,1,1,1,1,1,1,2,2,2,1,1,2,2,1,1,1,1,3,3,3,4,3,4,2,3,3,4,3,3,3,4,3,3,3,2,3,3,2,3,3,3,3,3,2,2,2,3,3,3,2,3,2,3,2,3,3,2,3,3,2,3,2,1,1,1,1,1,1,1,1,1,1,1,1,1,1,1,1,2,3,3,2,2,1,1,1,1, ,2, ,4, , , , , ,3,3,4,3,3,2,3,3,3,2,4,1,2, , ,47,2,0.993377503
9860,6,1,1,1, , ,1,2,1,30000, , ,1,45000, ,1, ,1,3,2,3,4,1,1,1,1,4,4,4,4,4,3,3,3,3,3,4,4,3,4,3,3,4,3,4,3,4,4,4,3,3,3,3,4,3,3,3,4,1,20,30,5,4,4,4,3,4,4,4,4,4,4,3,3,3,4,4,3,4,4,4,4,3,4,4,4,4,4,4,3,4,2,4,3,4,4,4,4,2,4,2,4,2,3,3,4,4,3,4,2,2,2,3,2,3,3,2,3,3,3,3,3,4,3,3,3,4,3,3,3,3,4,3,3,4,3,3,3,4,3,3,4,3,3,3,3,3,3,3,4,2,3,3,4,3,4,3,3,3,4,3,4,3,1,1, ,1,1, , ,1,3,3, ,3,4, , ,3,3,4,3,3,4,3,3,3, , , , , , , , , , ,3,3,3,4,3,3,3,4,3,3,1,1, , , ,36,1,0.983399111
9862,6,1,1,1, , ,2,2,1,32000, ,0, ,58000, ,1, ,1,3, ,3,3,2,2,3,2,3,3,2,3,3,2,2,3,3,3,3,3,2,2,3,2,3,3,3,3,4,4,4,3,3,2,3,3,2,3,2,3,1,15,30,0,2,2,2,1,2,3,3,1,2,3,3,3,2,2,3,3,2,1,2,3,3,3,2,3,3,3,2,1,2,3,3,2,3,2,3,2,1,2,2,2,1,2,2,2,1,2,2,3,1,2,2,2,1,1,1,1,3,3,3,4,3,3,4,3,3,2,3,3,4,4,3,3,3,2,3,3,2,3,3,3,3,3,2,3,2,3,2,2,2,3,3,4,3,3,3,2,3,3,3,3,2,1,1,1,1,1,1,1,1,1,1,1,1,1,1,1,1,2,3,3,2,1,1,2,1,1, ,2, ,4, , , , , ,3,4,3,3,4,3,3,4,3,3,4,1,2, , ,45,2,0.993377503
9867,6,2,1,1, , ,1,1,1,30000, , ,1,50000, ,1, ,1,3,2,3,4,4,4,4,4,3,3,4,3,3,3,2,3,3,4,3,4,3,3,3,3,4,3,4,3,4,4,3,3,4,4,3,4,4,3,4,4,1,20,25,5,4,4,4,4,4,4,4,4,4,4,4,4,4,4,4,4,4,4,4,4,4,4,4,4,4,4,4,4,4,4,4,4,4,4,4,4,4,4,4,4,4,4,4,4,4,4,4,4,4,4,4,4,3,3,4,4,3,3,3,4,4,3,3,4,4,4,4,3,4,4,4,3,4,4,4,3,4,4,3,4,4,3,4,3,3,3,3,3,2,3,3,4,4,3,3,4,3,3,4,4,3,1,1, ,1, ,1,1,1,3,3, ,3, ,2,3,3,4,4,4,4,3,4,3,4, , , , , , , , , , ,4,3,3,4,3,3,4,4,3,4,3, ,2,3,4,35,1,0.983399111
9902,6,1,1,1, , ,1,2,1, ,1,0, ,58000, ,1, ,1,3, ,3,3,2,2,3,3,3,3,2,3,3,2,2,3,4,3,3,4,3,2,3,2,3,3,3,3,4,4,4,3,2,3,2,2,3,2,3,2,1,15,30,0,2,3,2,2,2,2,3,1,2,2,3,2,1,2,2,3,2,1,2,2,3,2,2,3,2,3,2,2,2,3,3,3,2,2,3,2,1,1,1,1,1,1,1,1,1,2,2,3,1,2,2,3,1,1,1,1,3,3,2,3,3,3,2,3,3,2,3,3,3,4,2,3,3,2,3,3,2,3,3,3,3,3,2,3,3,2,2,3,2,3,3,2,3,3,2,3,3,3,2,3,3,1,1,1, , ,1,1,1,1,1,1, , ,1,1,1,2,3,3,2,2,2,2,1,1, ,2, ,4, , , , , ,3,2,3,3,3,2,3,3,2,3,1,1,2, , ,45,2,0.993377503
9912,6,2,1,1, , ,1,1,1,45000, ,0, ,55000, ,1, ,1,3, ,3,4,4,3,1,1,4,4,4,4,4,4,4,4,4,4,4,4,2,4,4,4,4,4,4,4,4,4,4,4,4,4,4,4,4,4,4,4,1,20,30,2,4,4,4,3,4,3,1,1,4,4,2,2,4,4,4,2,1,4,2,2,2,2,2,4,4,4,2,3,1,3,1,2,1,1,1,1,1,1,1,1,1,1,1,1,3,1,4,4,2,1,3,3,4,3,2,2,4,3,4,3,3,3,3,3,3,3,3,4,4,4,4,3,3,3,4,2,2,3,4,3,3,3,3,2,3,3,4,3,1,3,4,4,4,3,4,4,4,4,4,4,3,1,1,1,1, ,1,1,1,3,3,1,1, ,1,1,1,4,3,2,2,3,4,3,3, , , , , , , , , , ,3,4,3,3,4,3,3,3,4,3,4, , , ,4,41,1,1.020749108
9929,6,2,1,1, , ,1,1,1,45000, ,0, ,65000, ,1, , ,2, ,3,3,4,3,1,1,4,4,4,4,4,4,4,4,4,4,4,4,4,4,4,4,4,4,4,4,4,4,4,4,4,4,4,3,3,4,4,4,1,20,30,10,4,4,4,4,4,3,2,2,4,4,2,2,4,4,4,2,2,2,2,2,2,3,2,4,3,4,1,3,1,3,1,3,2,2,3,3,1,1,2,1,1,1,1,1,4,1,4,4,3,1,3,2,4,2,2,1,4,3,4,4,4,3,3,4,3,4,4,4,4,4,4,4,3,3,4,3,3,2,4,4,4,4,3,2,3,3,3,3,1,3,3,3,3,3,4,3,3,3,3,4,4,1,1,1,1,1,1,1,1,4,3,1,1,1,1,1,1,3,4,3,1,3,4,3,3, , , , , , , , , , ,3,4,3,3,4,3,3,3,4,3,4, , , ,4,40,2,1.020749108
9935,6,2,1,1, , ,1,2,1, ,1,0, ,85000, , , , ,2, ,3,3,3,4,1,1,4,4,4,4,4,4,4,4,4,4,4,4,2,4,4,4,3,3,4,4,4,4,4,4,4,4,4,3,3,3,3,3,1,20,30,0,2,4,4,4,4,3,4,2,4,4,1,4,4,4,4,1,3,4,2,3,2,2,2,4,3,2,1,2,1,1,3,2,2,4,3,4,1,1,1,1,1,1,1,1,2,1,3,3,3,1,3,3,4,3,2,1,4,4,4,3,4,4,3,4,4,3,3,4,3,3,3,3,3,3,3,3,2,2,2,3,3,3,3,3,3,3,3,3,1,3,4,4,3,3,4,3,3,3,3,3,3,1,1,1,1,1,1,1, ,3,3,1,1,1,1,2, ,4,4,3,2,3,3,3,2, , , , , , , , , , ,3,3,4,3,4,3,3,4,3,3,4, , , ,4,28,2,1.020749108
9966,6,2,1,1, , ,1,1,1, ,1,0, ,55000, ,1, , ,2, ,3,2,3,4,1,1,4,4,4,4,4,4,4,4,4,4,4,4,2,3,4,4,4,4,4,4,4,4,4,4,4,4,4,3,3,4,4,3,1,25,30,0,3,4,4,4,4,2,2,2,4,4,2,1,4,4,4,1,2,3,2,3,2,1,1,4,3,3,2,2,1,1,1,1,3,2,2,3,1,1,1,1,1,1,1,1,4,1,3,2,3,1,2,3,4,3,2,1,4,3,3,4,3,3,3,4,4,3,3,4,3,4,3,3,4,4,3,2,3,2,3,3,3,3,3,3,3,4,3,3,1,4,4,4,3,4,4,3,3,3,4,4,3,1,1,1,1,1,1, , ,3,2,2,1,1,3, , ,3,3,3,2,3,4,2,2, , , , , , , , , , ,3,4,4,4,3,4,3,2,3,3,4, , , ,4,29,1,1.020749108
9994,6,1,1,1, , ,1,2,1,32000, ,0, ,58000, ,1, ,1,3, ,3,3,2,2,3,2,2,3,4,3,3,3,2,3,4,3,3,4,3,2,3,2,3,3,3,4,3,4,4,3,2,3,3,2,3,3,2,3,1,20,30,0,2,3,3,2,3,3,2,2,3,2,4,2,1,2,2,3,2,1,2,3,3,2,2,3,2,2,2,2,2,2,3,2,3,3,3,3,2,1,1,1,2,1,1,1,2,2,3,2,2,2,2,2,1,1,1,1,3,3,2,3,3,2,3,3,3,3,3,3,4,4,3,3,3,3,4,3,2,3,2,3,3,3,2,3,2,3,3,3,2,3,4,3,3,2,2,3,3,4,3,3,3,1,1,1,1,1,1,1,1,1,3,2,2,1,1,1,1,2,3,3,2,3,2,3,2, , , , , , , , , , ,3,3,4,3,3,4,3,3,3,3,3,1,2, , ,45,2,1.020749108
10001,6,1,1,1, , ,1,2,1,32000, ,0, ,58000, ,1, ,1,3, ,3,3,2,2,3,2,4,3,4,3,3,3,2,3,3,2,3,3,3,2,3,2,3,3,3,3,4,4,4,3,2,3,3,2,2,3,3,3,1,20,30,0,2,3,3,2,2,3,3,1,3,3,3,2,1,3,2,2,2,1,2,3,3,2,2,2,3,2,2,2,3,3,3,3,3,2,3,2,1,1,1,1,1,1,1,1,2,2,2,2,1,2,2,3,1,1,1,1,3,3,2,3,4,3,3,4,3,3,3,3,4,4,3,3,3,4,3,3,2,3,3,4,4,3,3,3,3,2,3,3,2,3,3,4,3,3,3,3,2,3,3,2,3,1,1,1,1,1,1,1,1,1,3,1,1,1,1,1,1,2,3,3,2,3,2,3,2, , , , , , , , , , ,3,4,3,3,4,3,3,4,3,3,3,1,2, , ,37,2,1.020749108
10005,6,2,2,1, , ,2,2,1, ,1, ,1, ,1, , , ,2,2,2,2,2,2,2,2,2,2,2,2,2,2,2,2,4,2,4,2,2,3,3,3,2,2,3,3,3,3,4,2,2,3,3,2,2,2,2,1,1,0,25,0,1,1,1,1,2,2,2,1,1,1,1,1,1,4,4,1,1,1,1,1,1,1,1,3,2,3,2,1,1,1,1,1,1,1,2,1,1,1,1,1,1,1,1,1,1,1,1,1,1,1,1,1,2,2,2,2,2,3,3,4,3,3,3,3,3,3,3,3,2,2,3,2,2,2,2,2,2,2,3,3,2,2,2,3,3,3,2,2,2,2,1,2,1,2,2,1,1,2,2,1,1, , , , , , , ,1, , , , , , , ,2,2,2,2,2,2,2,2,2,1, ,2, , , , , , , ,2,2,2,2,1,2,1,2,2,2,3, ,2, , ,39,2,0.993377503
10011,6,1,2,1, , ,2,2,1, ,1, ,1,30000, ,1,1, ,3,3,3,2,2,2,3,2,1,1,1,1,1,1,1,3,2,3,3,3,3,2,3,2,3,2,4,3,3,2,4,2,2,3,3,2,1,1,2,3,1,3,30,0,1,1,1,1,3,3,3,3,1,1,1,1,1,2,2,2,2,2,1,1,1,1,1,3,3,3,3,1,1,1,2,2,1,1,3,2,1,1,1,1,1,1,1,1,1,1,1,1,1,1,1,2,2,2,1,1,2,3,3,4,3,3,4,3,3,3,3,3,3,3,3,2,2,2,2,3,3,3,3,3,3,3,2,2,2,4,4,2,2,2,2,1,1,2,2,1,2,2,1,1,2, , ,1,1, , , ,1, , ,2,3, , , ,2,2,2,2,3,2,2,2,3, , , , , , , , , , ,3,3,2,3,2,2,1,2,2,1,2, , ,3, ,39,2,0.993377503
10020,6,2,2,1, , ,1,2,1,50000, ,10000, ,70000, , , , ,2,2,4,3,3,4,3,3,1,1,1,1,1,1,1,3,3,2,3,3,3,1,1,1,1,1,4,3,3,3,3,4,2,2,1,2,2,1,2,2,1,0,30,0,1,1,1,1,3,1,3,2,1,1,1,1,1,4,4,4,4,4,1,1,1,1,1,2,3,4,3,2,1,1,2,2,1,1,3,3,1,1,1,1,1,1,2,2,1,1,1,1,1,1,1,1,1,1,1,1,3,3,3,4,3,3,3,3,4,3,3,3,3,3,3,3,3,3,3,3,3,3,3,3,3,3,3,3,2,2,2,1,2,1,1,1,1,1,2,1,1,1,4,4,4, , , , , ,1, ,1, , , , , ,1, ,1,2,2,2,1,1,2,1,1,1, ,2, ,4,5, , , , ,2,3,1,2,2,4,1,4,3,1,1, ,2, , ,45,2,0.993377503
10026,6,2,2,1, , ,2,2,1, ,1, ,1, ,1,1,1,1,3,2,3,3,3,4,3,3,3,2,2,3,3,2,2,3,3,3,3,3,3,2,3,3,3,3,3,2,2,2,3,3,2,3,3,3,2,3,2,2,2, , , , , , , , , , , , , , , , , , , , , , , , , , , , , , , , , , , , , , , , , , , , , , , , , , , , , , , , , , , , ,3,3,2,2,3,2,3,3,2,2,3,2,2,2,3,2,2,2,3,2,3,3,3,3,2,2,2,3,3,3,3,2,2,2,1,2,2,2,3,2,2,2,1,1, , , , , , , , , , , , , , , , ,2,2,3,3,3,2,3,3, , , , , , , , , , ,2,2,3,3,3,2,2,2,3,2,4,1, , , ,45,2,0.993377503
10032,6,2,2,1, , ,2,2,1, ,1, ,1, ,1, , , ,4,4,4,3,2,2,2,2,1,1,1,1,1,1,1,2,2,2,2,2,2,1,2,1,2,1,1,1,2,2,3,1,1,2,2,2,2,2,1,1,1,0,10,0,1,1,1,1,3,1,2,1,1,1,1,1,1,1,2,1,2,2,1,1,1,1,1,2,1,1,1,1,1,1,1,1,1,1,2,2,1,1,1,1,1,1,1,1,1,1,1,1,1,1,1,1,1,1,2,2,3,2,2,1,2,2,2,3,1,2,2,2,2,1,2,2,1,2,2,3,3,3,3,3,3,3,2,3,2,2,2,2,2,1,1,1,2,2,2,2,2,2,2,3,3, , , , , , , , , , , , , , , , ,1,1,1,1,1,1,1,1, , , , , , , , , , ,3,3,2,2,3,3,3,2,2,1,4,1, , , ,48,2,0.993377503
10038,6,2,2,1, , ,2,2,1, ,1, ,1, ,1, , , ,2,2,1,2,2,3,3,3,1,1,1,1,1,1,1,3,2,3,3,3,2,2,2,2,2,3,3,2,2,3,3,3,4,4,3,3,3,4,3,4,1,0,30,0,1,1,1,1,2,1,3,1,1,1,1,1,1,1,2,1,3,2,1,1,1,1,1,2,2,3,2,1,1,1,2,2,1,1,2,1,1,1,1,1,1,1,1,1,1,1,1,1,1,1,1,1,1,1,1,1,3,2,2,2,1,3,1,2,2,2,2,2,2,2,1,2,2,2,3,3,2,2,2,2,3,3,1,3,3,3,2,2,1,1,1,2,2,2,2,1,2,1,1,2,1, , , , , ,1, , , , , , , ,1, , ,1,1,1,2,2,1,1,1,1,1,2, , , , , , , ,2,2,1,2,2,2,1,1,2,2,3,1,2, , ,46,2,0.993377503
10040,6,2,2,1, , ,2,2,1,30000, , ,1,30000, , , , ,3,3,3,3,3,4,3,4,2,2,1,2,1,1,1,3,3,2,3,2,2,2,2,2,1,2,2,1,1,3,3,2,3,2,2,2,2,2,2,2,1,0,20,0,1,1,1,1,1,1,3,1,1,1,1,1,1,2,2,1,1,1,1,1,1,1,1,2,2,3,2,1,1,1,1,1,1,1,4,4,1,1,1,1,2,2,1,1,1,1,1,1,1,1,1,2,2,2,2,2,3,4,3,4,4,4,3,4,3,3,3,3,3,3,3,3,3,3,3,3,3,3,4,4,3,3,1,4,3,3,3,3,1,2,2,2,2,2,2,1,1,2,3,3,2, , , , , , , ,1, , , , , , , ,1,1,1,1,1,2,2,2,3,1, ,2, , , , , , , ,2,2,2,2,1,2,1,1,2,3,2, ,2, , ,48,2,0.993377503
10052,6,2,1,1, , ,1,2,1,32000, ,0, ,68000, ,1, ,1,3, ,2,3,1,2,2,2,4,3,3,3,4,3,2,3,4,3,3,4,3,4,3,3,4,3,4,3,4,4,4,3,2,3,3,4,3,3,4,3,1,25,30,10,2,3,3,2,2,2,3,2,2,2,3,2,1,3,3,3,2,1,2,2,3,2,2,2,3,4,2,2,3,2,2,3,3,2,2,3,1,1,1,1,1,1,1,1,2,2,2,2,2,2,2,2,1,1,3,1,3,3,3,4,3,3,3,2,3,3,3,3,4,4,3,4,3,4,3,3,2,3,4,3,3,3,3,3,2,3,3,3,1,3,4,3,3,3,4,3,3,3,4,3,3,1,1,1,1,1,1,1,1,1,3,3,1,1,1,1,1,2,3,3,2,2,1,2,1, , , , , , , , , , ,3,4,3,3,4,3,3,4,3,3,4,1,2, , ,29,2,1.020749108
10058,6,1,1,1, , ,2,1,1,47000, , ,1,38000, , , , ,2,2,2,3,3,3,2,2,3,4,3,3,3,3,4,3,3,3,4,4,3,3,3,3,4,3,4,3,3,3,4,3,3,4,3,3,3,3,3,3,1,20,30,5,4,4,3,3,2,3,3,3,3,3,2,2,4,3,2,3,2,3,2,2,2,3,3,3,3,3,3,3,2,2,3,2,2,2,3,2,2,2,2,3,2,2,2,3,2,2,2,3,3,3,2,3,3,2,4,2,4,4,4,4,3,3,3,4,3,3,4,4,3,3,3,3,3,3,3,3,3,3,3,3,3,3,2,4,4,4,4,3,1,3,3,3,3,4,3,3,3,3,4,4,4, ,1,1,1, ,1, ,1, ,4,4,4, ,2, ,3,3,3,3,3,3,3,3,3, , , , , , , , , , ,3,4,4,3,3,4,4,4,3,3,4, , , ,4,42,2,1.020749108
10064,6,2,1,1, , ,2,2,1, ,1, ,1, ,1, , , ,1,1,1,3,3,3,2,3,2,2,2,3,2,2,2,3,3,2,3,3,2,3,3,2,2,2,2,3,3,2,3,2,2,3,3,3,2,2,2,2,1,0,20,0,1,1,1,1,2,2,3,2,1,1,1,1,1,2,2,1,1,1,1,1,1,1,1,3,3,2,2,2,1,1,2,2,1,1,3,2,1,1,1,1,1,1,1,1,1,1,1,1,1,1,1,1,1,1,1,1,2,3,4,3,3,3,3,3,2,2,2,3,2,3,2,2,2,2,2,3,2,2,3,3,2,3,2,3,3,3,3,2,2,1,2,2,2,1,2,2,3,2,2,3,3, ,1,1,1,1,1,1,1, ,3,1,2,1,2,1,1,3,3,2,2,2,2,2,2, , , , , , , , , , ,3,3,3,3,2,3,3,4,2,2,4,1, , , ,45,2,1.020749108
10066,6,2,1,1, , ,1,2,1,32000, ,0, ,75000, ,1, ,1,2, ,3,3,2,2,3,2,3,4,3,4,3,3,2,3,3,4,3,3,3,2,3,2,3,3,3,3,4,4,4,3,2,3,3,4,3,3,3,3,1,20,30,10,2,3,3,1,3,3,3,1,2,2,2,2,1,2,3,3,2,1,2,3,4,2,2,3,3,3,2,2,2,3,3,2,3,3,3,2,1,1,1,1,1,1,1,1,1,2,2,2,1,1,2,2,1,1,1,1,3,3,3,4,3,3,4,3,3,2,3,3,4,4,3,3,4,3,3,3,2,3,4,3,3,3,3,3,2,2,3,3,2,3,4,3,3,3,4,3,3,2,3,3,3,1,1,1,1,1,1,1,1,2,1,1,1,1,1,1,1,2,3,3,2,1,1,2,1,1, ,2, ,4, , , , , ,3,4,3,3,4,3,3,4,3,3,4,1,2, , ,46,1,1.020749108
10072,6,2,2,1, , ,2,2,1, ,1, ,1, ,1, , , ,4,4,4,2,4,3,3,2,2,2,1,2,1,1,2,3,3,2,2,2,2,2,3,2,2,3,2,3,3,3,3,2,2,2,2,2,2,2,2,2,1,0,25,0,1,1,1,1,3,1,2,1,1,1,1,1,1,1,2,1,1,1,1,1,1,1,1,2,1,1,1,1,1,1,3,3,1,1,3,1,1,1,1,1,1,1,1,1,1,1,1,1,1,1,1,1,1,1,1,1,3,3,4,4,3,3,4,3,3,3,2,3,3,3,2,1,1,1,2,3,4,4,3,3,3,3,3,3,3,3,3,3,2,2,2,2,1,1,2,2,1,1,2,2,2, , , , , , , , , , , , , , , , ,1,1,1,1,1,1,1,1, , , , , , , , , , ,3,2,3,3,3,2,4,3,2,3,3,1, , , ,44,2,1.020749108
10077,6,1,1,1, , ,1,2,1, ,1,0, ,68000, , , , ,3, ,3,3,2,2,3,2,3,4,3,4,3,3,2,3,4,3,3,3,3,2,3,2,3,3,4,3,4,4,4,3,3,4,3,3,4,3,4,3,1,25,30,5,2,3,2,3,2,3,3,2,2,2,3,2,2,3,3,3,2,2,2,3,2,3,2,3,3,3,3,2,3,3,2,3,2,3,2,2,2,1,1,1,2,1,1,1,2,2,2,2,2,2,2,2,1,1,1,1,3,3,3,4,3,3,3,4,3,3,3,3,4,3,4,3,3,4,3,3,2,3,3,3,3,4,3,3,2,2,3,3,2,3,4,3,3,3,4,3,3,4,3,3,3,1,1,1,1,1,1,1,1,2,3,2,2,1,1,1,1,3,3,3,2,2,1,3,2, , , , , , , , , , ,3,4,3,3,4,3,4,2,3,3,3,1,2, , ,48,1,1.020749108
10083,6,2,1,1, , ,1,2,1, ,1, ,1, ,1, , , ,1,1,1,3,3,2,2,2,1,1,1,1,1,1,1,3,3,2,3,3,2,2,2,2,2,4,2,2,3,2,3,3,1,3,1,2,2,3,2,1,1,0,30,0,1,1,1,1,2,1,3,1,1,1,1,1,1,1,3,1,3,1,1,1,1,1,1,3,1,1,1,1,1,1,4,4,1,1,4,2,1,1,1,1,1,1,1,1,1,1,1,1,1,1,1,1,2,1,1,1,2,4,3,3,3,4,2,2,2,2,2,3,3,3,3,2,2,2,1,3,4,4,3,3,3,3,2,4,4,4,4,4,2,1,1,1,1,1,1,1,1,1,1,1,2, , , , , , , , , , , , , , , , ,1,1,1,1,1,1,1,1, , , , , , , , , , ,3,3,2,3,3,3,3,2,3,2,4,1, , , ,45,2,1.020749108
10098,6,2,2,1, , ,2,2,1, ,1, ,1,50000, , , , ,2,2,3,3,3,3,3,3,2,3,1,4,1,2,2,3,3,4,3,3,2,2,2,2,2,2,3,3,2,3,3,3,2,3,2,2,2,2,2,2,1,0,30,0,3,1,1,1,2,2,2,2,1,1,1,1,1,4,3,2,3,4,1,1,1,1,1,2,3,1,2,1,1,1,2,2,1,1,3,2,1,1,1,1,1,1,1,1,1,1,1,1,1,1,1,1,3,1,2,1,2,4,3,3,4,3,3,3,3,3,3,3,3,3,3,3,3,3,2,3,3,4,3,3,3,3,2,3,3,3,3,3,1,2,3,3,3,3,2,2,2,2,4,4,4, , ,1,1, , , ,1, , ,2,3, , , ,3,2,3,3,3,2,2,3,3, , , , , , , , , , ,4,3,3,3,4,4,4,3,3,3,4, , ,3, ,35,1,0.993377503
10104,6,2,2,1, , ,1,2,1,35000, ,15000, ,40000, , , , ,3,3,3,3,2,3,2,3,2,2,2,2,2,2,1,3,3,3,3,3,2,2,3,2,2,2,3,3,3,3,3,3,3,4,3,2,1,2,2,3,1,0,30,0,2,2,1,1,3,3,3,3,2,2,1,1,1,2,3,2,2,1,1,1,1,1,1,3,3,2,1,1,1,1,2,2,2,2,2,3,2,2,2,3,2,2,2,3,1,1,1,1,3,2,2,2,3,1,1,1,3,3,4,3,3,4,3,3,3,3,3,3,3,2,2,3,3,2,2,3,3,3,3,3,3,3,2,3,3,3,3,3,1,2,3,2,2,3,3,2,3,2,2,3,3, , ,1,1,1,1,1,1, , ,2,2,2,1,1,2,3,3,3,3,3,3,3,3,1,1,2, , , , , , , ,3,3,3,3,3,3,2,3,3,3,3,1,2, , ,33,2,1.020749108
10120,6,2,2,1, , ,1,2,1, ,1, ,1, ,1, , , ,3,3,3,2,4,4,4,4,1,1,1,1,1,1,1,3,3,2,3,3,2,2,2,2,2,2,2,2,3,2,4,2,2,2,2,2,2,3,3,1,1,0,20,0,1,1,1,1,3,1,3,3,1,1,1,1,1,1,2,2,2,1,1,1,1,1,1,3,1,1,1,1,1,1,1,1,1,1,3,1,1,1,1,1,1,1,1,1,1,1,1,1,1,1,1,1,1,1,1,1,1,3,3,4,3,3,3,3,4,3,3,2,2,3,2,1,1,2,2,2,2,3,3,4,2,2,1,2,2,3,3,3,2,2,2,1,2,2,1,2,2,2,3,1,3, , , , , , , , , , , , , , , , ,2,2,2,2,2,2,2,2, , , , , , , , , , ,2,2,2,3,2,2,3,2,2,3,2, ,2, , ,46,2,1.020749108
10175,6,2,1,1, , ,1,2,1,60000, ,0, ,35000, ,1, ,1,3, ,3,2,3,3,3,3,2,2,2,2,2,2,2,3,3,2,3,3,3,3,3,2,2,2,3,3,3,3,4,2,2,3,3,3,2,2,2,1,1,0,30,0,1,1,1,1,2,2,2,1,1,1,1,1,1,2,3,1,1,2,1,1,1,1,1,3,2,1,1,1,1,1,1,1,1,1,3,1,1,1,1,1,1,1,1,1,1,1,1,1,2,1,2,2,1,1,1,1,2,3,3,3,3,3,2,2,2,3,4,3,2,2,1,1,1,1,1,2,2,3,3,4,3,3,2,2,2,2,2,1,2,1,1,1,1,1,1,2,1,1,2,3,3, ,1, , , , , , , ,2, , , , , , ,2,3,2,2,1,1,2,2,1, ,2, , , , , , , ,2,3,2,3,3,3,4,3,2,2,1, ,2, , ,45,2,1.020749108
10182,6,2,2,1, , ,2,2,1, ,1, ,1, ,1, , , ,1,1,1,2,2,2,2,2,1,1,1,1,1,1,1,2,3,2,3,2,2,2,2,2,1,1,2,2,3,3,3,4,4,2,2,2,2,2,3,1,1,0,18,0,1,1,1,1,2,1,3,3,1,1,1,1,1,2,3,2,2,2,1,1,1,1,1,3,2,1,1,1,1,1,2,2,1,1,3,2,1,1,1,1,1,1,1,1,1,1,1,1,2,2,2,2,1,1,1,1,3,4,3,4,3,3,3,3,3,3,4,3,2,2,3,2,2,2,3,4,3,3,3,4,3,3,3,3,3,3,3,3,2,2,1,1,1,2,2,1,1,1,1,2,1, , , , , ,1, , , , , , , ,1, , ,2,2,4,4,2,1,2,3,1, , , ,4, , , , , ,2,4,2,3,3,3,1,2,2,2,4, , ,3, ,39,2,1.020749108
10184,6,2,1,1, , ,2,2,1,0, ,0, ,85000, , , , , , ,3,3,4,4,1,1,4,4,4,4,4,2,4,4,4,4,4,4,4,4,4,4,4,4,4,4,4,4,4,4,4,4,4,3,3,4,4,3,1,25,30,0,3,4,4,2,4,2,3,2,4,2,1,1,4,4,4,1,1,4,3,3,4,1,1,4,4,4,1,1,2,3,1,2,3,3,3,2,1,1,1,1,1,1,1,1,3,2,4,2,3,2,2,2,4,1,2,1,1,3,3,4,3,3,3,3,4,3,3,4,4,4,4,3,3,2,4,2,2,3,3,3,3,3,3,2,3,3,3,3,1,4,4,4,3,3,4,3,3,3,4,3,3,1,1,1,1, ,1, , ,3,1,1,2, ,1, , ,3,4,2,2,3,4,2,2, , , , , , , , , , ,3,4,4,3,3,3,4,3,3,4,3, , , ,4,35,2,1.020749108
10234,6,2,1,1, , ,2,1,1, ,1, ,1,50000, , , , ,2,2,2,3,3,3,3,1,3,4,3,4,3,3,4,4,3,3,3,4,3,4,3,4,2,3,4,4,3,4,4,3,3,3,2,3,3,3,3,2,1,10,30,0,3,1,3,1,3,3,3,1,2,2,2,3,4,3,3,1,3,3,2,2,2,2,2,3,2,3,2,1,2,2,2,2,3,3,2,3,1,1,1,1,1,1,1,1,1,1,1,1,1,1,1,1,3,1,1,2,4,3,4,4,4,3,3,3,4,4,4,4,4,4,3,3,3,3,3,3,3,4,4,3,3,3,2,4,3,3,3,3,1,3,3,3,3,2,1,2,3,3,4,3,4, ,1, , , ,1, ,1, ,3, , , ,3, ,3,2,3,3,3,3,3,3,3, , , , , , , , , , ,3,4,2,3,3,2,4,2,3,3,4, , , ,4,42,1,1.020749108
10241,6,2,2,1, , ,1,2,1, ,1, ,1,20000, , , , ,1,1,1,3,3,3,3,4,2,3,2,3,2,2,1,3,3,3,3,3,3,4,4,2,3,2,3,3,4,3,3,3,3,2,2,2,2,2,2,1,1,0,25,0,1,1,1,1,2,2,3,3,1,1,1,1,1,2,3,2,4,3,1,1,1,1,1,2,2,2,2,2,1,1,2,2,1,1,4,3,1,1,1,1,2,2,2,3,1,1,1,1,3,2,3,2,1,1,1,1,3,4,3,3,3,4,3,3,3,3,2,3,3,4,2,2,3,2,1,4,2,3,3,4,3,3,2,2,2,4,4,3,2,2,1,2,1,2,2,1,1,1,2,3,4, , , , , , , , , , , , , , , , ,2,2,4,4,2,2,1,1, , , , , , , , , , ,1,3,1,3,1,3,1,2,2,3,2, , ,3, ,38,2,1.020749108
10248,6,2,2,1, , ,2,2,1, ,1, ,1,30000, ,1,1, ,2,2,2,2,4,3,3,4,1,1,1,1,1,1,1,2,3,2,3,3,3,3,3,2,2,1,3,3,4,3,4,1,2,2,1,2,2,2,1,2,1,0,15,0,1,1,1,1,2,2,1,1,1,1,1,1,1,3,2,1,2,1,1,1,1,1,1,1,4,2,1,1,1,1,2,2,1,1,2,3,1,1,1,1,1,1,1,1,1,1,1,1,2,2,2,2,2,2,2,2,4,4,3,4,3,3,3,2,1,1,1,3,3,2,2,1,1,1,2,3,3,3,3,4,4,3,3,2,3,3,3,4,2,1,2,1,2,2,1,1,1,1,1,2,2,1,1,1,1, ,1,1,1,2,1,2,1, ,1,1,1,2,2,2,2,2,2,3,2,1, , ,3,4,5, , , , ,2,3,2,3,2,4,1,2,3,3,2,1,2,3, ,38,2,1.020749108
10279,6,2,2,1, , ,2,2,1, ,1, ,1,50000, , , , ,2,2,2,3,3,3,4,4,1,3,2,3,3,1,1,4,4,2,4,4,4,4,3,2,3,3,3,4,4,3,3,3,3,3,3,3,3,3,3,3,1,5,30,0,1,1,2,1,3,2,2,3,1,1,1,1,1,2,3,3,3,3,1,1,1,1,1,2,3,3,2,2,1,1,2,2,1,1,3,3,1,1,1,1,2,2,2,2,1,1,1,1,1,1,1,1,2,2,2,2,4,4,4,4,4,4,4,3,2,2,4,4,4,4,3,3,2,3,2,4,3,3,3,4,3,4,3,4,4,3,3,2,1,3,3,2,2,1,1,1,3,3,3,3,3,1,1,1,1, ,1, ,1,2,2,2,2, ,2, ,2,3,3,3,3,3,3,3,3,1, , , ,4, , , , , ,3,4,2,3,3,3,4,3,3,2,4, ,2, , ,28,2,0.993377503
10289,6,2,2,1, , ,2,2,1, ,1, ,1,56000, , , , ,2,2,3,3,1,1,1,1,2,2,2,2,2,2,2,3,3,2,4,4,2,3,3,2,3,2,3,3,3,4,4,3,2,2,2,2,2,2,2,2,1,0,30,0,1,1,1,1,4,3,3,2,1,1,1,1,1,3,4,3,3,3,1,1,1,1,1,3,4,1,1,1,1,1,2,3,1,1,3,3,1,1,1,1,1,1,1,1,1,1,1,1,1,1,1,3,2,1,1,1,3,3,3,3,3,3,4,4,4,4,4,4,4,4,4,3,3,3,4,3,3,3,3,3,3,3,3,3,3,3,3,2,2,3,2,2,2,2,2,2,2,2,2,2,2, ,1, , , ,1, , , ,1, , , ,1, , ,1,3,3,2,1,3,3,2,1,1,2,3, , , , , , ,3,3,3,3,4,4,3,3,3,3,4,1, , , ,44,2,0.993377503
10294,6,2,2,1, , ,2,2,1, ,1, ,1,20000, , , , ,1,1,1,3,3,3,3,3,2,2,2,2,2,2,2,3,3,3,3,3,3,3,2,2,2,1,3,1,4,4,4,3,4,3,4,3,3,3,2,2,1,0,30,0,1,1,1,1,3,2,3,3,1,1,1,1,1,2,3,4,3,3,1,1,1,1,1,3,2,2,2,2,1,1,2,3,1,1,3,3,1,1,1,1,2,3,2,2,1,1,1,1,1,1,2,2,1,1,1,1,3,4,3,3,4,3,3,2,2,2,4,3,3,4,2,3,3,2,2,4,3,3,3,4,4,4,3,2,3,3,3,2,1,1,1,1,1,1,1,1,1,1,1,1,1, ,1, , , , , , , ,2, , , , , , ,2,2,3,3,1,1,1,1,1, , , ,4,5, , , , ,3,2,3,3,4,2,1,3,1,1,1, ,2, , ,29,2,0.993377503
10300,6,2,2,1, , ,2,1,1, ,1, ,1,30000, , ,1, ,3,3,3,3,4,3,3,2,3,3,2,2,3,3,3,4,3,3,3,3,3,4,4,3,3,3,3,3,4,4,4,3,4,3,3,3,3,4,4,3,1,3,20,0,3,3,3,3,3,3,2,3,3,2,3,3,3,2,3,3,3,3,2,2,1,1,1,3,3,1,1,1,2,3,2,3,3,3,3,3,2,2,2,2,1,1,1,1,1,1,1,1,2,2,2,2,1,1,1,1,3,4,3,4,4,4,3,3,2,2,4,3,3,3,3,3,3,3,3,4,3,3,3,4,3,3,1,3,3,4,4,3,1,3,2,2,2,1,3,2,2,2,2,2,3,1,1,1, , , , , ,2,2,3, , , , , ,3,3,3,3,3,3,3,3, , , , , , , , , , ,2,4,2,3,3,2,2,2,2,2,3, , , ,4,35,1,0.993377503
10318,6,2,2,1, , ,1,2,1, ,1, ,1, ,1, , , ,4,4,4,3,3,3,3,2,2,3,3,3,3,3,2,4,4,4,4,4,4,4,4,4,4,4,4,4,4,4,4,4,3,4,4,4,2,2,2,2,1,0,30,10,1,1,1,1,4,4,4,4,1,1,1,1,1,4,4,2,2,4,1,1,1,1,1,4,4,4,3,1,1,1,1,4,1,1,4,4,1,1,1,1,3,1,1,1,1,1,1,1,1,1,1,2,3,1,3,1,4,4,4,4,4,4,4,4,4,4,4,4,4,4,4,4,4,4,4,3,2,2,3,3,2,3,3,3,2,2,2,3,1,2,2,2,2,3,2,2,2,2,3,2,2, , , , , , , , , , , , , , , , ,3,3,3,3,3,3,3,3, , , , , , , , , , ,3,3,3,3,3,3,3,3,3,3,4,1, , , ,49,2,0.983399111
10319,6,2,1,1, , ,1,1,1, ,1, ,1,80000, , , , ,2,2,4,4,3,3,4,1,4,4,4,2,3,3,2,4,4,3,3,3,4,4,4,3,3,3,4,3,4,4,4,3,3,3,4,4,3,3,3,3,1,20,20,0,3,2,3,1,3,3,3,1,3,3,2,3,4,3,3,2,2,4,2,3,4,3,2,3,3,3,3,4,2,2,3,3,3,1,4,2,2,2,3,2,3,3,2,3,2,3,3,3,2,2,2,3,2,4,1,1,3,4,3,4,3,4,3,4,4,4,3,4,4,4,3,4,3,3,3,4,4,3,4,3,3,4,3,3,3,3,2,2,1,3,2,2,3,3,2,2,2,2,3,3,3,1,1,1,1, ,1, ,1,1,3,3,3, ,3, ,3,3,3,3,3,3,3,3,3, , , , , , , , , , ,3,4,3,3,4,4,4,3,3,3,4, , , ,4,41,1,1.020749108
10327,6,1,1,1, , ,2,2,1, ,1, ,1,50000, , , , ,2,2,2,3,4,4,4,1,3,3,4,3,2,3,1,3,3,4,4,3,2,3,4,3,3,3,4,4,3,4,4,3,4,3,3,3,2,2,2,2,1,10,30,0,1,1,4,1,3,3,3,1,1,1,1,1,1,3,3,1,1,4,1,1,1,1,1,4,3,2,1,3,1,1,2,2,2,2,3,3,2,2,2,2,3,2,2,3,2,3,2,3,1,2,2,1,2,3,2,2,3,4,4,3,4,4,4,4,4,4,4,3,3,3,4,4,2,3,1,4,4,3,3,4,3,3,3,2,4,4,4,4,1,2,2,3,2,3,2,2,3,3,4,3,3, ,1,1,1, ,1, ,1, ,2,2,3, ,3, ,4,3,3,3,3,2,2,3,3, , , , , , , , , , ,3,2,3,3,2,4,3,3,3,3,3, , , ,4,48,1,1.020749108
10334,6,1,2,1, , ,1,2,1,16000, ,20000, ,120000, , , , ,2,2,2,3,1,1,1,1,4,3,4,4,4,3,4,3,4,4,4,4,3,3,3,3,4,4,4,4,4,4,4,4,2,4,3,3,4,4,3,4,1,0,30,0,1,1,1,1,4,4,4,4,1,1,1,1,1,4,4,4,4,4,1,1,1,1,1,4,4,4,4,4,1,1,1,4,1,1,4,4,1,1,1,1,1,1,1,1,1,1,1,1,2,4,4,1,4,1,1,1,4,3,4,3,2,4,4,4,3,3,4,3,4,4,4,4,4,4,4,4,3,3,4,4,4,4,4,4,3,3,3,4,1,4,3,3,3,2,2,2,2,3,2,2,2, , , , , , , , , , , , , , , , ,1,1,1,4,1,4,1,4, , , , , , , , , , ,4,1,3,1,1,1,4,1,1,2,3, , ,3, ,30,2,1.020749108
10338,6,1,2,1, , ,2,2,1,23000, , ,1,32000, ,1,1,1,1,1,1,1,3,3,3,3,1,1,1,1,1,1,1,2,1,1,2,1,1,2,2,1,1,1,2,1,1,1,1,2,1,2,1,1,1,2,1,1,3, , , , , , , , , , , , , , , , , , , , , , , , , , , , , , , , , , , , , , , , , , , , , , , , , , , , , , , , , , , , ,3,4,3,3,3,4,4,3,3,3,3,2,2,2,1,1,2,2,2,3,2,3,3,2,2,2,2,2,2,2,3,2,2,2,1,1,2,2,1,2,1,3,3,3, , , , , , , , , , , , , , , , ,3,2,2,3,2,2,3,3, , , , , , , , , , ,3,3,3,2,2,3,2,2,3,3,4,1, , , ,39,2,1.020749108
10341,6,1,2,1, , ,2,2,1, ,1, ,1,48000, ,1, ,1,3,3,3,3,2,2,2,2,2,3,3,3,3,3,3,3,3,3,2,3,3,2,3,3,3,4,3,4,3,3,4,3,3,3,3,3,3,3,3,3,1,18,28,0,4,4,3,4,4,4,2,4,4,4,2,2,3,4,4,3,2,3,4,4,4,2,2,4,4,4,3,3,4,4,3,3,4,2,3,2,2,2,2,2,2,2,2,2,2,2,2,2,2,2,3,2,3,3,3,3,3,3,3,3,3,2,2,2,3,3,3,4,4,4,4,3,3,4,3,3,3,3,3,3,3,4,3,3,3,3,2,3,2,3,3,3,2,2,3,3,3,3,3,3,3,1, , ,1, , , ,1,3, , ,3, , , ,3,3,4,3,4,4,4,4,3, , , , , , , , , , ,3,3,4,3,3,4,3,3,3,4,3,1,2, , ,34,2,0.993377503
10348,6,2,2,1, , ,1,2,1, ,1, ,1, ,1, , , ,3,3,3,3,4,4,3,2,3,3,3,3,3,3,3,4,4,4,4,4,4,4,4,3,3,4,4,3,3,4,3,4,1,3,2,2,1,3,2,1,1,5,30,30,2,3,1,2,4,2,4,3,1,1,1,1,2,4,4,4,4,4,2,3,1,1,1,4,4,4,2,2,2,2,4,4,3,2,4,4,1,1,1,1,1,1,1,1,1,1,1,1,1,1,1,3,4,1,3,1,4,4,3,4,3,3,3,3,3,3,3,4,4,4,4,3,3,3,3,3,3,3,3,3,3,3,3,3,3,3,3,3,1,3,3,3,3,3,3,3,3,3,3,3,3, ,1, , , , , , , ,2, , , , , , ,3,3,3,3,3,3,3,3,1,1, , , , , , , , ,3,3,3,3,3,3,3,3,2,3,4, ,2, , ,31,2,0.993377503
10364,6,1,2,1, , ,2,2,1,44000, ,16000, ,48000, , , , ,3,3,4,3,1,1,1,1,4,3,4,4,4,3,4,3,4,4,4,4,3,3,3,3,4,4,3,4,4,4,4,4,2,3,4,3,4,4,3,4,1,0,30,0,1,1,1,1,4,4,4,4,1,1,1,1,1,4,4,4,4,4,1,1,1,1,1,4,4,4,4,4,1,1,1,4,1,1,4,4,1,1,1,1,1,1,1,1,1,1,1,1,3,3,2,2,2,1,1,1,4,3,4,3,2,4,4,4,3,3,3,3,4,4,4,3,3,3,4,4,4,3,4,4,4,4,4,3,3,3,3,4,2,3,3,3,1,1,1,2,3,3,1,1,1, , , , , , , , , , , , , , , , ,1,1,1,4,1,4,1,1, , , , , , , , , , ,4,1,3,1,1,1,4,1,1,2,4, , ,3, ,40,2,0.993377503
10380,6,1,2,1, , ,1,2,1,15000, ,30000, ,60000, , , , ,3,4,4,3,1,1,1,1,4,3,4,4,4,3,4,3,4,4,4,4,3,3,3,3,4,4,4,4,4,4,4,4,2,4,3,4,3,4,4,4,1,0,30,0,1,1,1,1,4,4,4,4,1,1,1,1,1,4,4,4,4,4,1,1,1,1,1,4,4,4,4,4,1,1,1,4,1,1,4,4,1,1,1,1,1,1,1,1,1,1,1,1,3,2,1,1,2,1,1,1,4,3,4,3,2,4,4,4,3,3,3,3,4,4,4,3,3,3,4,4,4,3,4,4,4,4,4,3,3,3,3,4,2,3,3,4,2,2,2,2,3,3,2,2,2, , , , , , , , , , , , , , , , ,1,1,1,4,1,4,1,4, , , , , , , , , , ,4,1,3,1,1,1,4,1,1,2,4,1, , , ,36,2,0.983399111
10396,6,1,2,1, , ,1,2,1,16000, ,20000, ,100000, , , , ,3,4,4,3,1,1,1,1,4,3,4,4,4,3,4,3,4,4,4,4,3,3,3,3,4,4,3,4,4,4,4,4,2,3,4,3,4,4,3,4,1,0,30,0,1,1,1,1,4,4,4,4,1,1,1,1,1,4,4,4,4,4,1,1,1,1,1,4,4,4,4,4,1,1,1,4,1,1,4,4,1,1,1,1,1,1,1,1,1,1,1,1,3,2,2,2,2,1,1,1,4,3,4,3,2,4,4,4,3,3,3,3,4,4,4,3,3,3,4,4,4,3,4,4,4,4,4,3,3,3,3,4,1,3,3,3,2,2,2,2,3,3,2,2,2, , , , , , , , , , , , , , , , ,1,1,1,4,1,4,1,4, , , , , , , , , , ,4,1,3,1,1,1,4,1,1,2,4, , ,3, ,40,2,0.993377503
10410,6,1,1,1, , ,1,2,1, ,1, ,1,50000, ,1, ,1,3,3,3,3,3,2,2,2,3,3,3,3,3,2,2,3,3,2,3,2,3,3,3,3,2,3,3,3,3,4,3,3,3,2,2,3,3,2,3,3,1,20,30,0,2,3,3,3,4,3,3,3,4,3,3,3,2,4,3,2,2,3,3,3,3,2,1,4,3,3,1,1,2,2,2,2,4,4,4,4,4,3,2,2,4,2,2,1,4,2,3,2,4,2,2,2,3,2,2,2,4,3,3,3,3,4,4,3,3,3,3,3,4,3,4,3,3,4,3,3,4,3,3,4,4,3,3,3,3,4,3,3,1,3,3,3,3,4,3,3,3,3,4,3,3, ,1, ,1, , , ,1, ,3, ,3, , , ,3,4,4,3,4,4,4,3,4, , , , , , , , , , ,3,3,4,3,3,3,4,3,3,3,4,1,2, , ,30,2,0.993377503
10418,6,2,2,1, , ,1,2,1,15000, , ,1,25000, ,1,1,1,2,2,2,3,3,3,3,4,2,2,2,2,1,1,1,3,3,2,3,3,2,2,2,2,2,3,3,3,3,3,3,3,2,2,2,2,2,2,2,2,1,0,25,0,1,1,1,1,2,2,3,1,1,1,1,1,1,2,3,1,3,2,1,1,1,1,1,4,4,2,2,1,1,1,3,3,1,1,2,2,1,1,1,1,1,1,1,1,1,1,1,1,2,1,1,1,1,1,1,1,2,3,3,3,3,4,4,3,2,3,2,3,3,3,3,2,1,2,3,3,3,4,4,3,3,3,2,4,3,3,3,4,1,1,2,1,2,1,1,2,2,2,3,2,2, ,1, , , , , , , ,3, , , , , , ,1,3,1,1,1,1,1,1, , , , , , , , , , ,3,3,4,3,2,3,2,4,3,2,2, ,2, , ,42,2,0.993377503
10419,6,2,2,1, , ,1,2,1,20000, ,20000, ,100000, , , , ,2,2,2,4,4,4,1,1,1,1,3,3,3,3,3,1,4,4,4,4,4,4,3,4,4,4,4,4,4,4,4,4,1,3,3,3,4,4,4,4,1,0,30,0,1,1,1,1,4,4,4,4,1,1,1,1,1,4,4,4,4,4,1,1,1,1,1,3,3,4,4,4,1,1,4,4,1,1,4,4,1,1,1,1,1,1,1,1,1,1,1,1,3,2,3,1,4,1,1,1,4,3,4,4,2,3,4,4,4,4,4,3,3,3,3,4,4,4,4,3,3,3,3,4,4,4,4,3,3,4,4,3,1,3,4,4,3,2,2,2,2,1,2,2,1, , , , , , , , , , , , , , , , ,1,1,1,3,1,4,1,4, , , , , , , , , , ,3,1,1,1,1,1,1,1,1,1,3, , ,3, ,36,2,0.993377503
10428,6,2,2,1, , ,2,2,1, ,1, ,1, ,1, , , ,1,1,1,3,3,3,2,2,1,1,1,1,1,1,1,2,2,2,3,2,2,2,2,1,1,1,1,1,2,2,2,2,2,3,2,2,2,1,1,1,1,0,20,0,1,1,1,1,3,1,3,1,1,1,1,1,1,1,2,1,1,1,1,1,1,1,1,1,2,1,1,1,1,1,2,2,1,1,4,1,1,1,1,1,2,1,1,1,1,1,1,1,1,1,1,2,1,1,1,1,1,2,2,3,3,2,1,2,2,2,2,2,2,2,1,1,1,1,1,2,3,3,2,3,3,2,1,2,2,1,4,2,2,1,1,1,1,1,1,1,1,1,1,1,1, , , , , , , , , , , , , , , , ,3,3,4,2,2,3,2,2, , , , , , , , , , ,1,3,2,3,2,2,2,3,3,3,2,1, , ,4,47,2,0.993377503
10434,6,2,2,1, , ,2,2,1, ,1, ,1,60000, , , , ,2,2,2,4,3,4,3,4,1,1,1,1,1,1,1,3,3,2,3,3,3,3,3,2,2,2,2,2,2,4,3,3,1,3,1,1,1,3,2,1,1,0,30,0,1,1,1,1,3,1,2,2,1,1,1,1,1,3,3,2,2,2,1,1,1,1,1,2,2,2,1,1,1,1,2,2,1,1,3,2,1,1,1,1,2,1,1,1,1,1,1,1,2,2,1,1,1,1,1,1,3,4,3,4,3,4,3,3,3,3,2,3,2,3,1,1,2,2,1,2,2,3,3,3,3,4,2,2,2,3,3,3,2,1,1,1,1,1,2,2,1,2,4,3,3,1,1,1,1, , , , ,1,1,2,2, , , , ,2,2,3,3,1,1,1,1,1, ,2, ,4, , , , , ,2,3,3,2,4,3,3,2,3,2,1,1, , , ,42,2,0.993377503
10440,6,1,2,1, , ,1,2,1,20000, ,220000, ,55000, , , , ,4,4,4,4,1,1,1,1,4,3,4,4,4,3,3,3,4,4,3,4,4,2,3,3,4,4,4,4,2,4,3,2,2,3,4,4,4,4,4,4,1,0,30,0,1,1,1,1,1,1,1,1,1,1,1,1,1,3,4,4,4,4,1,1,1,1,1,4,4,4,4,3,1,1,1,4,1,1,3,4,1,1,1,1,1,1,1,1,1,1,1,1,3,3,2,2,2,2,1,1,4,3,4,3,2,4,4,3,3,3,3,3,4,4,4,3,3,3,4,4,4,3,3,4,4,4,4,3,3,3,3,4,2,3,3,3,2,2,2,2,3,3,2,2,2, , , , , , , , , , , , , , , , ,1,1,1,4,1,4,1,4, , , , , , , , , , ,4,1,3,1,1,1,4,1,1,2,4,1, , , ,40,2,0.993377503
10441,6,2,2,1, , ,2,2,1, ,1, ,1, ,1, , , ,3,3,3,3,3,3,4,4,1,1,1,1,1,1,1,2,3,2,4,3,3,3,3,1,1,1,4,3,3,4,4,3,3,4,3,3,2,2,2,3,1,0,20,0,1,1,1,1,3,2,3,2,1,1,1,1,1,2,3,2,3,4,1,1,1,1,1,4,4,1,1,1,1,1,2,2,1,1,4,4,1,1,1,1,2,2,2,2,1,1,1,1,2,2,2,3,1,1,1,1,1,3,3,3,3,4,4,4,3,3,3,3,4,4,3,3,3,4,3,3,3,2,3,3,4,3,1,3,4,4,4,3,2,1,2,1,1,2,1,2,1,1,2,3,2, , , , , ,1, , , , , , , ,1, , ,3,3,3,3,3,2,2,2,1, , , , ,5, , , , ,3,3,3,3,1,3,3,3,3,4,2, , , ,4,41,2,0.993377503
10449,6,1,2,1, , ,2,2,1,30000, ,30000, ,30000, ,1,1,1,3,1,3,4,3,2,2,2,2,3,3,3,3,2,2,3,3,2,3,4,2,3,3,2,2,3,3,3,3,4,4,3,3,3,2,1,1,2,2,2,1,1,30,0,2,1,1,1,2,1,3,1,1,1,1,1,1,4,4,1,3,1,1,1,1,1,1,2,2,3,1,1,1,1,3,2,1,1,4,4,1,1,1,1,1,1,1,2,1,1,1,1,3,4,2,1,1,1,1,1,2,3,3,3,3,3,2,2,4,3,4,2,3,3,2,1,2,2,3,4,3,3,4,4,3,3,3,3,3,3,3,3,1,1,1,1,1,1,1,1,1,1,1,1,1, , ,1, , , , , , , ,3, , , , , ,2,2,3,2,2,2,2,2, , , , , , , , , , ,3,2,3,4,3,3,4,3,3,2,2,1,2,3,4,44,2,0.993377503
10467,6,1,2,1, , ,1,2,1,45000, ,20000, ,65000, , , , ,3,4,4,3,1,1,1,1,4,3,4,4,4,3,4,3,4,4,4,4,3,3,3,4,4,4,4,4,4,3,3,4,2,4,3,4,3,4,4,4,1,0,30,0,1,1,1,1,4,4,4,4,1,1,1,1,1,4,4,4,4,4,1,1,1,1,1,4,4,4,4,4,1,1,1,4,1,1,4,4,1,1,1,1,1,1,1,1,1,1,1,1,3,3,2,2,2,1,1,1,1,3,4,4,2,4,4,4,3,3,3,3,4,4,4,3,3,3,4,4,4,3,4,4,4,4,4,4,3,3,3,4,2,3,3,4,2,2,2,3,3,2,2,2,2, , , , , , , , , , , , , , , , ,2,1,1,4,1,4,1,4, , , , , , , , , , ,4,1,3,1,1,4,1,1,1,2,1,1, , , ,39,1,0.983399111
10468,6,2,2,1, , ,2,2,1, ,1, ,1, ,1, , , ,2,2,2,2,4,4,2,2,1,1,1,1,1,1,1,3,3,2,2,3,3,3,2,2,2,2,3,3,3,2,3,2,2,3,2,2,1,1,1,1,1,0,17,0,1,1,1,1,2,2,3,1,1,1,1,1,1,1,2,1,1,1,1,1,1,1,1,3,3,1,1,1,1,1,1,1,1,1,2,1,1,1,1,1,2,1,2,2,1,1,1,1,1,1,1,1,1,1,1,1,2,4,3,3,3,3,3,2,3,3,4,3,3,2,2,2,2,2,1,4,3,3,3,4,3,3,2,2,2,4,4,3,2,2,1,1,1,2,1,1,2,1,2,2,4, ,1,1, , , , ,1, ,1,3, , , , ,1,2,2,3,2,2,2,2,1, , , , , , , , , , ,3,3,4,3,4,3,3,3,3,3,1, ,2, , ,47,2,0.993377503
10478,6,2,1,1, , ,2,2,1,35000, ,20000, ,55000, ,1,1,1,1,1,1,3,3,4,3,3,2,3,2,2,3,2,3,3,3,3,3,3,3,3,3,3,3,3,3,3,3,3,3,3,3,3,3,3,3,4,4,4,1,3,30,0,1,1,1,1,2,3,2,2,1,1,1,1,1,4,4,2,2,3,1,1,1,1,1,4,4,4,2,2,1,1,4,3,1,1,4,2,1,1,1,1,1,1,1,3,1,1,1,1,2,2,2,2,2,2,1,2,3,4,4,3,4,4,3,3,3,3,3,3,3,3,3,3,3,3,3,3,3,3,3,3,3,3,1,2,2,2,2,3,1,3,2,3,3,2,2,3,2,3,3,4,4,1,1,1,1,1,1,1,1,1,1,2,2,2,1,1,3,1,1,1,1,1,1,2,2, , , , , , , , , , ,2,3,4,3,2,3,4,2,3,3,2, , ,3, ,32,2,0.993377503
10491,6,2,2,1, , ,2,2,1, ,1, ,1, ,1, , , ,1,1,1,3,3,3,3,2,1,1,1,1,1,1,1,3,3,2,2,2,2,2,2,2,2,2,2,2,4,2,4,2,2,2,3,2,2,2,2,2,1,0,10,0,1,1,1,1,2,1,3,1,1,1,1,1,1,1,3,1,1,1,1,1,1,1,1,2,1,1,1,1,1,1,3,2,1,1,2,2,1,1,1,1,1,1,1,1,1,1,1,1,1,1,1,1,1,1,1,1,3,3,3,3,4,3,3,3,3,2,3,3,3,3,4,2,2,1,3,3,4,4,3,3,3,4,2,2,3,3,3,3,2,1,2,2,1,1,1,1,1,2,2,1,2, , ,1, , ,1,1, , , ,3, , ,2,2, ,3,3,3,3,3,1,1,4, , , , , , , , , , ,3,3,4,3,2,3,2,2,3,3,1,1, , , ,36,2,0.993377503
10496,6,1,2,1, , ,1,2,1,45000, ,20000, ,65000, , , , ,3,4,4,3,1,1,1,1,4,3,4,4,4,3,4,3,4,4,4,4,3,3,3,3,4,4,4,4,4,4,4,4,2,4,3,4,3,4,4,4,1,0,30,0,1,1,1,1,4,4,4,4,1,1,1,1,1,4,4,4,4,4,1,1,1,1,1,4,4,4,4,4,1,1,4,4,1,1,4,4,1,1,1,1,1,1,1,1,1,1,1,1,2,3,2,2,2,1,1,1,1,3,4,3,2,4,4,4,3,3,3,3,4,4,4,3,3,3,4,4,4,3,4,4,4,4,4,4,3,3,3,4,2,3,3,4,2,2,2,3,3,3,2,2,2, , , , , , , , , , , , , , , , ,1,1,1,4,1,4,1,4, , , , , , , , , , ,4,1,3,1,1,4,1,1,1,2,4,1, , , ,42,2,0.993377503
10497,6,1,2,1, , ,2,2,1,40000, ,40000, ,50000, , , , ,1,1,1,3,4,4,4,3,2,3,2,3,2,3,1,4,4,4,4,4,4,4,4,3,3,3,4,4,3,3,3,3,4,3,3,4,4,3,3,3,1,4,30,0,1,1,4,4,2,2,3,3,1,1,1,1,1,2,3,2,2,2,1,1,1,1,1,4,4,1,1,1,1,1,3,2,1,1,2,2,1,1,1,1,2,2,1,1,1,2,1,1,2,2,2,1,2,2,2,1,4,3,3,3,3,3,3,2,2,2,4,4,3,3,3,1,2,3,2,3,4,3,3,4,3,3,1,3,3,3,4,3,1,2,2,1,2,3,2,2,2,1,1,3,3,1,1,1,1, , , , ,2,2,3,3, , , , ,1,1,3,3,1,1,1,1, , , , , , , , , , ,3,2,3,2,2,3,3,4,4,4,2, , ,3, ,35,2,0.993377503
10512,6,2,1,1, , ,2,2,1, ,1, ,1,68000, ,1,1, ,2,2,3,4,3,3,3,1,4,4,4,4,4,4,3,4,4,4,4,4,4,4,4,4,4,4,4,4,4,4,4,3,3,4,4,3,3,3,3,4,1,10,30,0,1,1,3,1,3,3,2,3,4,4,1,1,4,4,4,1,1,4,2,2,3,4,1,4,4,4,4,4,1,1,4,4,4,4,4,4,3,2,4,4,4,3,3,2,2,2,2,1,1,2,2,2,3,4,2,2,3,4,4,4,3,3,3,2,2,3,2,4,4,3,2,3,3,2,2,4,4,4,3,3,3,4,3,4,3,3,3,1,1,3,3,2,3,3,2,3,3,2,2,3,3,1,1,1,1,1,1, ,1,3,3,3,4,1,1, ,3,2,2,3,3,3,3,3,3, , , , , , , , , , ,3,3,3,2,3,3,2,3,3,3,4, , , ,4,29,1,1.020749108
10517,6,1,2,1, , ,2,2,1,44000, ,6000, ,48000, , , , ,3,2,4,3,1,1,1,1,4,3,4,4,4,3,4,3,4,4,4,4,3,3,3,3,4,4,3,4,4,4,4,4,2,3,4,3,4,4,3,4,1,0,30,0,1,1,1,1,4,4,4,4,1,1,1,1,1,4,4,4,4,4,1,1,1,1,1,4,4,4,4,4,1,1,4,4,1,1,4,4,1,1,1,1,1,1,1,1,1,1,1,1,3,2,2,2,2,1,1,1,4,3,4,3,2,4,4,4,3,3,3,3,4,4,4,3,3,3,4,4,4,3,4,4,4,4,4,3,3,3,3,4,2,3,3,3,1,3,1,2,3,3,1,1,1, , , , , , , , , , , , , , , , ,1,1,1,4,1,4,1,1, , , , , , , , , , ,4,1,3,1,1,4,1,1,1,2,4, , ,3, ,40,2,0.993377503
10521,6,2,2,1, , ,2,2,1, ,1, ,1, ,1, , , ,1,1,1,3,4,3,4,4,3,3,3,4,2,2,2,4,3,3,3,4,4,3,4,3,3,3,4,3,3,3,3,3,3,2,3,4,3,2,2,3,1,0,30,0,2,1,1,1,3,3,3,3,1,1,1,1,1,2,3,2,2,3,1,1,1,1,1,2,2,2,3,3,2,2,2,2,1,1,2,3,1,1,1,1,2,2,1,1,1,1,1,1,2,2,1,1,2,3,2,2,4,4,3,3,4,3,4,3,3,3,3,4,4,4,3,3,3,3,3,3,4,4,4,3,3,3,3,4,3,3,3,3,1,3,2,2,1,3,1,2,2,2,3,3,3,1,1,1,1, ,1, ,1,1,1,3,3, ,1, ,3,3,3,3,3,3,3,3,4, , , , , , , , , , ,3,2,3,4,2,2,3,3,3,3,4, , , ,4,21,2,1.020749108
10526,6,2,2,1, , ,1,1,1, ,1, ,1,80000, ,1,1, ,2,2,2,3,4,3,3,2,3,3,3,3,3,3,2,4,4,4,4,4,4,4,4,3,3,2,3,3,3,4,4,3,3,4,4,3,3,4,4,4,1,0,30,10,2,2,1,1,2,3,3,3,1,1,1,1,1,3,3,1,2,2,1,1,1,1,1,4,4,2,3,2,1,1,2,2,1,1,4,3,1,1,1,1,3,2,2,2,1,1,1,1,2,2,1,1,1,3,2,1,3,3,3,3,4,4,4,4,3,3,3,3,4,4,2,3,3,3,4,3,4,4,3,3,3,3,3,3,3,3,3,3,1,2,2,2,1,1,3,2,2,2,1,3,3,1,1,1, , , , , ,2,2,2, , , , , ,3,3,3,3,3,3,3,2,1,1,2, , , , , , , ,3,1,4,2,3,3,3,2,3,3,2, ,2, , ,28,2,1.020749108
10532,6,2,2,1, , ,2,2,1, ,1, ,1, ,1, , , ,2,2,2,2,2,2,4,2,1,1,1,1,1,1,1,2,2,2,2,2,2,2,3,2,2,4,3,3,3,3,3,3,3,2,2,2,2,2,2,2,1,0,15,0,1,1,1,1,3,1,2,1,1,1,1,1,1,1,3,1,1,4,1,1,1,1,1,4,2,1,2,2,1,1,4,2,1,1,4,1,1,1,1,1,2,1,1,2,1,1,4,1,1,1,1,1,2,2,2,2,3,3,4,3,4,3,3,4,4,4,3,2,2,2,2,2,2,2,2,3,3,3,3,4,2,2,1,3,3,2,2,3,2,2,1,1,1,1,1,1,1,1,1,1,1, , ,1, , ,1, , , , ,1, , ,1, , ,2,2,3,2,2,3,2,2,1, ,2, , , ,6, , , ,2,4,4,3,3,3,2,3,3,2,2, , , ,4,41,1,0.993377503
10536,6,1,2,1, , ,2,2,1,58000, , ,1,50000, , , , ,1,1,1,3,1,1,1,1,4,4,3,4,3,2,4,3,3,3,3,4,3,3,3,4,4,3,4,4,3,4,4,3,2,3,3,3,4,4,4,3,1,0,30,0,1,1,1,1,3,4,3,3,1,1,1,1,1,4,4,4,3,2,1,1,1,1,1,3,4,4,4,4,1,2,4,3,1,1,2,3,1,1,1,1,1,1,1,1,1,1,1,1,3,2,2,2,2,1,1,1,3,3,4,3,2,4,4,3,3,3,3,3,3,3,3,3,3,3,3,3,3,3,3,3,3,3,3,3,3,3,3,3,2,3,3,4,1,1,1,2,3,4,4,1,1, , , , , , , , , , , , , , , , ,1,1,1,3,1,1,1,1, , , , , , , , , , ,4,1,1,1,2,2,1,2,1,2,4, , ,3, ,29,2,0.993377503
10537,6,2,2,1, , ,2,2,1,50000, , ,1,50000, ,1,1,1,3,3,3,3,3,4,4,4,2,3,2,3,2,2,1,4,3,1,3,3,2,4,3,2,3,3,2,2,3,3,3,2,2,2,3,2,3,2,2,3,1,10,30,0,2,1,1,1,2,3,3,3,1,1,1,1,1,3,3,2,2,2,1,1,1,1,1,3,2,2,1,1,1,1,3,2,2,2,3,3,1,1,1,1,1,1,1,1,1,1,1,1,1,1,1,1,1,1,1,1,3,3,4,3,3,3,2,2,3,3,3,3,2,2,1,1,1,1,1,4,3,3,3,4,3,3,2,3,3,3,4,2,2,2,2,1,2,2,2,1,1,2,2,1,1, , ,1, , , , , , , ,2, , , , , ,1,1,1,1,1,1,1,1,1, , , ,4, , , , , ,3,4,3,3,4,4,3,3,1,1,3, , ,3, ,47,1,0.993377503
10556,6,2,1,1, , ,1,2,1,50000, ,10000, ,50000, ,1,1,1,3,3,3,3,4,4,4,3,2,3,3,2,2,2,1,3,3,2,3,3,3,3,3,2,3,3,2,4,3,3,4,3,3,3,2,2,3,2,3,3,1,3,30,0,3,3,3,1,3,3,3,3,1,1,1,1,1,4,4,3,3,2,1,1,1,1,1,4,4,1,2,2,1,1,4,2,1,1,4,4,1,1,1,2,2,2,2,3,2,2,2,2,1,1,1,1,2,1,1,1,4,4,4,4,4,4,3,3,4,4,4,4,4,4,2,2,3,3,2,3,3,3,3,4,3,2,2,3,3,3,3,3,1,3,2,3,3,3,2,2,2,3,3,3,4,1,1,1,1, , , , ,1,1,1,1, , , , ,1,1,1,1,2,2,2,2,1, , , ,4, , , , , ,2,3,2,3,3,2,2,3,2,2,2, ,2, ,4,25,2,1.020749108
10560,6,2,2,1, , ,2,2,1, ,1, ,1,30000, , , , ,3,3,3,3,4,3,3,3,3,3,3,3,2,2,2,3,4,2,3,3,4,4,4,3,3,3,3,3,4,3,4,3,3,3,3,4,3,3,3,3,1,0,30,0,2,2,2,2,3,1,3,2,1,2,1,1,1,3,2,2,2,2,1,2,1,1,1,3,2,2,2,1,1,1,2,3,2,3,3,3,2,2,2,2,2,2,2,2,4,2,3,3,4,3,2,2,3,2,2,2,3,3,3,4,4,3,3,3,3,3,4,4,3,3,2,3,2,2,2,3,3,3,4,3,3,3,2,4,4,4,4,4,1,1,1,1,1,1,1,1,1,1,1,1,1, , ,1, , , , , , , ,2, , , , , ,2,2,3,2,2,2,1,1,1, , , , ,5, , , , ,2,4,3,3,2,4,3,3,2,3,4,1, , , ,23,2,1.020749108
10743,6,2,1,1, , ,2,2,1,28000, ,0, ,55000, ,1, , ,2, ,3,3,4,3,1,1,4,4,4,4,4,1,2,4,4,4,4,4,2,4,3,4,3,3,3,4,4,4,4,4,4,4,4,4,2,4,2,3,1,15,30,0,2,2,4,3,4,2,3,2,3,2,1,1,3,4,4,1,1,2,2,2,2,2,2,4,2,2,2,1,2,2,2,2,2,2,3,3,1,1,1,1,1,1,1,1,2,2,1,4,4,1,2,4,3,1,1,1,4,3,3,3,4,3,3,4,4,3,4,3,4,3,3,3,3,2,4,2,3,2,2,4,3,3,3,2,3,3,4,3,1,3,3,3,2,2,3,3,4,3,3,3,4,1,1,1, , ,1, , ,3,1,1, , ,1, , ,4,3,2,2,3,3,3,3, , , , , , , , , , ,3,3,4,3,3,3,4,3,3,3,3, , ,3,4,37,1,1.020749108
10767,6,2,1,1, , ,1,1,1,0, ,0, ,100000, , , ,1, , ,2,4,4,4,4,4,4,4,4,4,4,3,4,4,4,4,4,4,3,4,4,4,4,4,4,4,4,4,4,4,4,4,4,3,3,4,4,4,1,20,30,5,3,4,4,3,4,2,3,2,4,4,1,3,4,4,4,1,4,4,3,3,2,2,2,4,4,4,1,1,2,3,2,3,2,4,3,2,1,1,1,1,1,1,1,1,3,2,4,4,4,2,3,3,3,3,3,2,4,3,4,3,4,3,4,4,3,4,3,4,4,3,3,3,4,3,3,3,3,4,3,3,4,3,3,2,3,3,4,3,1,4,3,4,3,3,4,3,4,3,4,4,3,1,1,1,1,1,1,1,1,3,3,1,2,1,3,1,1,4,3,1,3,3,4,3,4, , , , , , , , , , ,3,3,4,2,4,3,2,4,3,3,4, , , ,4,34,1,1.020749108
10815,6,2,1,1, , ,1,2,1,0, ,0, ,85000, , , , , , ,3,3,4,4,3,1,4,4,4,4,4,1,4,4,4,4,4,4,3,4,4,4,4,4,4,4,4,4,4,4,4,4,4,4,4,4,4,4,1,25,30,2,4,4,4,2,4,3,2,2,1,1,1,1,3,4,4,1,2,2,2,3,2,1,1,4,2,3,1,2,2,3,2,4,2,3,2,4,1,1,1,1,1,1,1,1,2,1,2,4,2,1,3,4,3,3,2,2,4,4,3,3,4,3,4,3,3,3,3,3,4,3,3,3,3,3,4,3,3,4,4,4,4,4,3,2,3,4,3,3,1,3,4,3,2,3,4,4,3,3,4,3,3,1,1,1,1,1,1,1,1,4,3,1,1,1,1,1,2,4,4,1,2,1,4,4,4, , , , , , , , , , ,3,4,3,3,4,2,4,3,3,3,4, , , ,4,33,2,1.020749108
10816,6,2,2,1, , ,2,2,1, ,1, ,1,150000, , , ,1,2,2,3,1,1,1,4,1,1,1,1,1,1,1,1,4,2,2,4,3,2,2,2,2,3,2,2,3,3,3,3,2,1,3,2,3,3,3,3,2,1,0,30,0,1,1,1,1,2,1,2,1,1,1,1,1,1,2,2,2,2,2,1,1,1,1,1,2,3,3,1,1,1,1,1,1,1,1,3,1,1,1,1,1,1,1,1,1,1,1,1,1,1,1,1,3,1,1,3,1,2,3,3,2,2,2,3,3,3,3,3,3,3,3,3,3,3,3,3,2,3,3,3,3,3,4,3,3,3,3,3,3,1,3,3,2,2,2,3,2,2,2,3,3,3, ,1, , , ,1, , , ,3, , , ,1, , ,2,3,2,2,1,3,2,2, , , , , , , , , , ,3,2,3,3,3,3,3,2,4,4,4,1,2, , ,40,2,0.983399111
10847,6,2,1,1, , ,2,2,1, ,1,0, ,45000, , , , ,2, ,2,3,3,4,2,1,4,4,4,4,4,2,4,4,4,4,4,4,3,4,4,4,4,4,4,4,4,4,4,4,4,4,4,3,3,4,4,4,1,15,30,0,2,3,3,2,4,2,2,2,4,3,1,2,4,4,4,1,2,4,2,3,2,1,1,4,2,4,1,2,2,2,2,3,1,1,1,1,1,1,1,1,1,1,2,1,3,1,3,4,3,1,2,3,4,2,1,1,4,3,4,3,3,4,4,3,4,4,4,3,4,3,3,3,4,3,3,3,4,4,3,4,4,4,4,3,3,4,4,3,1,3,4,3,3,4,4,2,3,4,4,4,4,1,1,1,1,1,1,1,1,3,2,1,1,1,1,1,1,3,3,2,2,4,4,2,3, , , , , , , , , , ,3,4,3,3,4,2,3,3,4,3,4, , ,3,4,32,2,1.020749108
10889,6,2,1,1, , ,2,2,1,34000, ,0, ,45000, ,1, , ,2, ,2,2,3,4,2,1,4,4,4,4,4,1,1,4,4,4,4,4,2,4,4,4,3,3,3,4,4,4,4,4,4,2,2,1,1,3,3,3,1,0,30,0,1,1,1,1,4,1,3,2,1,1,1,1,1,4,4,1,1,1,1,1,1,1,1,2,3,2,1,2,1,1,1,1,1,1,3,2,1,1,1,1,1,1,2,1,1,1,1,1,2,1,2,2,2,1,1,1,4,4,3,4,4,3,3,4,3,3,3,4,3,3,3,2,2,2,3,3,3,3,3,2,2,3,3,3,4,2,4,3,2,3,2,3,2,2,2,2,2,3,2,2,2,1,1,1, , ,1, , ,1,1,1, , ,1, , ,2,3,1,2,2,2,2,2,1,1,2,3,4, , , , , ,3,4,3,3,3,4,4,3,3,3,3, ,2,3, ,39,2,1.020749108
10918,6,1,1,1, , ,2,2,1, ,1,0, ,42000, ,1, , ,2, ,2,2,4,3,1,1,2,4,3,4,3,1,2,4,4,3,4,3,1,3,3,3,4,4,3,3,4,4,4,3,3,3,4,1,1,1,4,3,1,0,30,0,1,1,1,1,4,2,4,2,1,1,1,1,1,4,4,1,1,2,1,1,1,1,1,4,4,2,1,2,1,1,1,3,1,1,2,3,1,1,1,1,3,2,3,2,1,1,1,1,2,1,2,3,2,1,1,1,4,3,3,4,3,4,3,2,3,4,3,3,4,3,3,2,2,3,3,2,2,3,3,2,3,3,3,2,2,2,4,2,1,3,3,2,3,4,3,3,3,3,4,3,3,1,1, ,1, ,1,1, ,2,1, ,1, ,1,1, ,3,3,2,2,3,1,3,2,1, ,2,3,4, , , , , ,3,4,3,2,3,4,3,2,4,3,2,1,2, , ,30,1,1.020749108
10952,6,2,2,1, , ,2,2,1,0, ,0, ,54000, , , , , , ,3,3,2,3,4,1,1,1,1,1,1,1,1,4,4,3,4,3,3,3,2,1,1,1,1,2,3,2,3,2,2,3,2,1,3,3,2,2,3, , , , , , , , , , , , , , , , , , , , , , , , , , , , , , , , , , , , , , , , , , , , , , , , , , , , , , , , , , , , ,3,4,4,3,2,4,4,4,3,4,2,3,2,2,3,3,2,2,4,4,3,2,3,3,3,3,3,3,3,2,2,2,1,1,1,1,1,1,1,1,1,1,1,1, , , , , , , , , , , , , , , , ,1,1,1,1,1,1,1,1, , , , , , , , , , ,1,1,1,1,1,1,1,1,1,1,4,1, , , ,59,1,1.020749108
11036,6,1,2,1, , ,2,2,1,38000, ,0, ,55000, ,1, , ,3, ,3,2,4,3,1,1,1,1,1,1,1,1,1,3,4,2,3,4,1,2,2,2,1,2,2,2,4,4,3,3,2,2,1,1,2,3,3,2,1,0,30,0,1,1,1,2,4,1,2,1,1,1,1,1,1,2,4,1,1,1,1,1,1,1,2,4,2,2,1,1,1,1,1,2,1,1,1,2,1,1,1,1,1,1,1,1,1,1,1,1,2,1,2,1,1,1,1,1,3,3,3,4,3,2,3,4,4,3,3,3,4,4,3,2,2,1,2,2,2,2,3,4,3,3,2,2,2,3,4,3,2,2,2,3,3,2,2,3,3,3,2,2,2,1,1, , , ,1, , ,1,1, , , ,1, , ,2,2,2,2,2,4,2,3,1, ,2,3,4,5, , , , ,3,4,3,3,4,4,3,2,3,3,3,1,2, , ,52,1,1.020749108
11052,6,1,1,1, , ,1,2,1,45000, ,0, ,55000, ,1, , ,2, ,2,3,2,3,4,1,4,4,4,4,4,4,4,4,4,4,4,4,2,4,4,4,4,4,4,4,4,4,4,4,4,4,4,4,3,4,3,3,1,20,30,2,4,4,3,3,4,4,3,3,3,2,1,1,4,4,4,1,1,4,4,2,3,2,2,4,4,2,2,2,1,1,1,2,2,4,2,3,1,1,1,1,1,1,1,1,3,1,4,4,3,1,3,4,3,4,1,2,4,3,4,3,3,4,3,4,3,4,4,3,4,3,3,3,4,3,3,3,3,2,2,4,3,3,3,3,2,3,3,3,1,4,3,4,3,3,3,4,3,3,3,3,3,1,1,1,1,1,1, , ,2,1,1,3,2,3, , ,4,3,1,3,2,3,4,3, , , , , , , , , , ,3,4,4,3,3,3,4,4,4,3,4, , , ,4,40,1,1.020749108
11161,6,2,2,2,2, ,2,2,2,0, ,0, ,0, , , , , , , ,3,1,1,1,1,1,1,1,1,1,1,1,1,1,1,1,1,1,1,1,1,1,1,1,1,1,1,1,1,1,1,1,1,1,1,1,1,3, , , , , , , , , , , , , , , , , , , , , , , , , , , , , , , , , , , , , , , , , , , , , , , , , , , , , , , , , , , , ,3,3,2,2,2,3,3,2,2,2,2,2,2,2,2,2,2,2,2,2,2,3,3,2,2,2,1,3,2,2,2,2,1,2,2,2,2,2,2,1,1,2,2,2, , , , , , , , , , , , , , , , ,3,2,2,2,1,2,2,2, , , , , , , , , , ,1,1,1,2,2,1,1,1,1,2,4,1, , , ,40,2,0.993377503
11178,6,2,1,1, , ,1,2,1, ,1,0, ,68000, , , ,1,3, ,3,4,2,2,3,2,3,4,3,4,3,3,2,3,4,3,3,4,3,3,3,3,4,3,3,3,4,4,4,3,2,3,3,4,3,3,4,3,1,20,30,10,2,3,3,2,2,3,2,2,3,3,2,2,2,3,2,3,2,2,2,3,3,2,2,3,3,3,2,2,2,3,2,2,3,3,3,2,1,1,1,1,1,1,1,1,2,2,2,3,2,2,2,2,3,1,3,1,3,3,3,4,3,3,2,3,3,4,3,3,4,3,4,3,4,3,3,3,2,3,3,3,3,4,3,3,2,2,3,3,1,3,4,3,3,3,4,3,4,3,3,4,3,1,1,1,1,1,1,1,1,2,3,3,3,2,2,2,2,2,3,3,2,2,3,2,2, , , , , , , , , , ,3,4,3,3,4,3,3,3,2,3,4,1,2, , ,35,2,1.020749108
11181,6,2,1,1, , ,2,2,1, ,1,0, ,65000, , , , ,3, ,3,3,2,2,3,2,3,4,3,3,3,3,2,3,4,3,3,4,3,2,3,2,2,3,3,3,4,4,4,3,2,3,4,3,3,3,2,3,1,20,30,0,2,2,3,2,2,3,3,2,3,3,3,2,2,3,3,3,2,2,2,3,3,2,2,3,3,3,2,2,3,2,3,3,3,3,3,3,1,1,1,1,1,1,1,1,2,2,2,3,2,2,3,3,3,2,2,1,3,3,3,4,3,3,3,4,3,3,4,3,3,4,3,3,4,4,3,3,2,3,3,3,3,3,2,3,2,2,3,3,1,3,3,4,3,3,4,3,3,3,4,3,3,1,1,1,1,1,1,1,1,3,2,2,3,2,2,2,3,3,3,3,3,2,2,2,3, , , , , , , , , , ,3,4,3,4,3,3,4,3,3,3,4,1,2, , ,48,1,1.020749108
11182,6,1,1,1, , ,1,1,1,25000, , ,1,60000, , , , ,3,2,3,4,1,1,1,1,3,3,3,3,3,3,3,3,3,4,4,4,3,4,3,3,3,4,3,4,3,3,4,3,3,3,3,3,4,3,4,3,3, , , , , , , , , , , , , , , , , , , , , , , , , , , , , , , , , , , , , , , , , , , , , , , , , , , , , , , , , , , , ,3,3,4,3,3,4,3,3,3,3,4,4,4,4,3,3,3,3,3,4,3,3,4,3,3,4,4,3,4,4,3,2,3,3,4,3,3,4,3,3,4,3,3,3,1,1, ,1, , ,1,1,4,3, ,3, , ,3,3,4,3,4,3,4,4,3,4, , , , , , , , , , ,3,3,4,3,4,4,4,4,4,3,4,1,2,3,4,27,2,1.020749108
11183,6,2,1,1, , ,2,2,1,32000, ,0, ,65000, , , , ,3, ,3,3,2,2,3,2,3,4,2,4,3,2,2,3,4,3,4,4,3,2,3,2,3,3,3,3,4,4,4,3,2,3,4,3,3,4,3,3,1,20,30,0,2,3,2,2,3,2,3,2,3,2,3,2,2,3,3,3,2,2,2,2,3,2,2,3,3,2,2,2,2,3,3,3,3,3,2,3,1,1,1,1,1,1,1,1,2,2,2,3,2,2,2,3,3,2,2,2,3,3,3,4,3,3,3,2,3,3,3,3,3,4,3,3,3,2,3,3,2,3,3,3,3,3,3,3,2,2,3,3,2,3,3,4,3,3,4,3,3,3,4,3,3,1,1,1,1,1,1,1,1,3,2,2,1,1,1,1,3,3,3,3,2,2,2,2,3, , , , , , , , , , ,3,3,4,3,3,3,4,3,3,3,4,1,2, , ,42,2,1.020749108
11184,6,2,1,1, , ,2,2,1, ,1,0, ,65000, , , , ,3, ,3,3,2,2,3,2,3,4,3,3,4,3,2,3,4,3,3,3,3,2,3,2,3,3,3,3,4,4,4,3,2,3,3,2,3,3,3,2,1,23,30,0,2,3,3,2,3,3,3,2,3,3,2,2,2,3,2,2,2,2,2,3,3,2,2,3,3,3,2,2,3,3,3,2,2,2,3,3,1,1,2,1,1,1,2,1,2,2,2,3,2,2,2,3,3,2,2,2,3,3,3,2,3,3,2,3,3,3,3,3,3,4,3,3,3,2,3,3,2,3,3,3,3,4,3,3,2,2,3,3,1,3,4,3,3,4,3,3,4,3,3,3,3,1,1,1,1, , ,1,1,3,2,2,2, , ,2,3,3,3,3,2,2,2,2,3, , , , , , , , , , ,3,3,4,3,3,3,4,3,3,3,4,1,2, , ,48,2,1.020749108
11185,6,1,1,1, , ,1,1,1,25000, , ,1,60000, ,1, ,1,3,2,3,4,1,1,1,1,4,3,3,3,4,3,3,3,3,4,3,3,4,3,3,3,4,3,3,4,3,3,3,3,3,3,4,3,3,3,2,3,1,20,30,2,4,4,4,4,4,4,4,4,4,4,4,4,3,4,4,4,4,2,4,4,4,4,4,4,3,2,4,2,3,3,3,3,3,2,3,3,3,3,3,4,3,3,3,3,4,4,3,3,4,4,3,3,3,3,4,4,3,3,3,4,3,3,4,4,3,4,3,3,4,4,3,3,3,3,4,3,3,4,4,3,3,4,3,3,3,3,4,3,2,3,3,3,4,3,3,4,3,3,3,3,3,1,1, ,1, ,1, ,1,4,4, ,4, ,3, ,4,3,4,4,3,4,3,3,4, , , , , , , , , , ,3,3,3,4,3,3,3,3,3,3,4,1,2,3,4,36,1,1.020749108
11186,6,2,1,1, , ,2,2,1, ,1,0, ,68000, , , , ,3, ,3,4,2,2,2,2,3,4,2,4,3,3,2,3,4,3,4,3,3,2,3,3,4,4,3,3,4,4,4,3,2,3,4,3,3,3,4,3,1,25,30,0,2,2,3,2,2,2,3,2,3,3,3,2,2,3,3,3,2,2,2,3,3,2,2,3,2,3,2,2,3,3,3,3,2,3,2,2,1,1,1,1,1,1,1,1,2,2,2,3,2,2,2,3,3,2,2,1,3,3,3,4,3,3,3,4,3,3,3,3,4,4,3,3,4,3,4,3,2,3,3,3,3,4,3,3,2,2,3,3,1,3,4,3,3,4,3,3,4,3,3,4,3,1,1,1,1,1,1,1,1,3,2,2,2,2,2,2,3,3,3,3,2,2,2,2,3, , , , , , , , , , ,3,2,3,3,4,3,3,3,4,3,4,1,2,3, ,28,1,1.020749108
11188,6,2,1,1, , ,2,2,1, ,1,0, ,65000, , , , ,3, ,3,3,2,3,3,2,3,4,2,4,3,3,2,3,4,3,4,3,3,2,3,2,3,2,3,3,4,4,4,3,2,3,3,3,2,3,3,3,1,25,30,0,2,3,2,2,2,3,3,2,2,3,3,2,2,3,3,3,2,2,2,2,3,2,2,3,3,3,2,2,2,3,2,3,2,3,3,2,1,1,1,1,1,1,1,1,2,2,2,2,1,2,2,2,3,2,2,2,3,3,4,3,3,3,2,3,3,3,3,3,4,4,3,3,4,3,3,3,2,3,3,3,3,4,3,3,2,2,3,3,1,3,4,3,3,4,3,3,3,4,3,3,3,1,1,1,1, , , ,1,3,2,2,2, , , ,3,3,3,3,2,2,2,2,3, , , , , , , , , , ,4,3,3,3,4,3,3,4,3,3,4,1,2, , ,37,2,1.020749108
11190,6,2,2,1, , ,2,2,1, ,1, ,1,40000, , , , ,2,2,3,1,3,3,3,1,1,1,1,1,1,1,1,1,1,1,1,1,1,1,1,1,1,1,1,1,1,1,1,1,1,1,1,1,1,1,1,1,1,0,5,0,1,1,1,1,3,1,1,2,1,1,1,1,1,3,3,4,4,4,1,1,1,1,1,4,1,1,1,1,1,1,1,1,1,1,4,4,1,1,1,1,4,4,4,4,1,1,1,1,3,3,3,3,3,3,4,3,2,3,3,2,2,3,3,2,3,3,3,3,3,3,3,3,3,4,4,2,1,1,2,2,1,2,2,4,4,3,4,3,1,1,1,1,1,1,1,1,1,1,1,1,1, , , , , , , , , , , , , , , , ,1,1,1,1,1,1,1,1, , , , , , , , , , ,1,2,1,1,1,1,1,1,1,1,4,1,2,3,4,76,1,1.020749108
11191,6,2,1,1, , ,2,2,1, ,1,0, ,65000, ,1, ,1,3, ,3,3,1,2,2,2,3,4,3,4,3,3,2,3,4,3,3,4,3,2,3,3,2,3,3,3,4,4,4,3,2,3,3,4,3,3,3,3,1,25,30,0,2,3,3,2,2,3,3,2,2,2,3,2,2,3,2,3,2,2,2,3,3,3,2,3,3,3,2,1,3,3,3,3,3,3,3,3,1,1,1,1,1,1,1,1,2,2,2,2,2,2,2,3,3,2,2,2,3,3,2,3,3,3,2,4,4,3,3,3,4,4,3,3,4,3,3,2,3,3,3,3,4,3,3,3,2,2,3,3,1,3,4,3,4,3,3,4,3,4,3,3,3,1,1,1,1,1,1,1,1,3,2,2,2,2,2,2,2,3,2,3,2,2,2,3,3, , , , , , , , , , ,3,4,3,3,4,3,3,4,3,3,4,1,2, , ,36,1,1.020749108
11196,6,2,1,1, , ,2,2,1,32000, ,0, ,58000, ,1, ,1,3, ,3,3,2,2,3,2,3,4,2,2,3,3,2,3,4,3,3,3,4,3,3,2,3,3,3,3,4,4,4,3,2,3,4,3,3,4,3,3,1,20,30,0,2,3,2,2,3,3,2,2,2,2,3,2,2,2,2,3,2,2,2,3,3,2,2,2,2,2,2,2,3,2,2,3,3,3,3,2,1,1,1,1,1,1,1,1,2,2,2,3,2,2,2,3,3,2,2,2,3,3,3,4,3,3,3,4,3,3,3,3,4,3,4,3,3,4,3,3,2,3,3,3,3,3,2,3,2,2,3,3,1,3,3,4,3,3,3,4,3,3,3,3,3,1,1,1,1,1, ,1,1,3,2,2,2,2, ,2,3,3,3,3,2,2,2,2,3, , , , , , , , , , ,3,3,4,3,3,4,3,3,3,3,3,1,2, , ,42,2,1.020749108
11199,6,1,1,1, , ,1,1,1,30000, , ,1,60000, ,1, ,1,3,2,3,4,1,1,1,1,4,4,3,3,4,3,2,3,3,4,4,3,3,3,3,3,3,3,3,4,3,4,3,3,3,3,4,3,3,4,3,3,1,25,30,10,4,4,4,4,4,4,4,4,4,4,4,4,4,4,4,4,4,4,4,4,4,4,4,4,4,4,4,4,4,4,4,4,4,2,4,2,3,3,2,3,3,3,4,3,4,4,4,4,3,4,2,3,3,3,4,3,3,3,3,4,4,3,3,3,4,3,3,3,3,3,3,3,4,4,3,3,3,3,4,4,3,3,3,2,4,4,4,2,1,4,4,4,3,3,3,4,3,3,3,3,3,1,1, ,1, ,1, ,1,3,4, ,3, ,3, ,4,3,4,3,3,4,3,3,3, , , , , , , , , , ,3,4,3,3,4,3,3,4,4,3,1,1,2, , ,39,1,1.020749108
11200,6,2,1,1, , ,1,2,1, ,1,0, ,65000, ,1, ,1,3, ,3,3,1,2,2,2,3,4,3,4,4,3,2,3,4,3,3,4,3,3,3,3,4,3,3,3,4,4,4,3,2,3,3,4,3,3,3,3,1,30,30,0,2,3,3,2,2,3,3,2,3,2,3,2,2,3,3,3,2,2,2,3,3,3,2,3,2,2,3,2,3,2,3,3,2,3,3,3,1,1,2,1,1,1,3,1,2,2,2,3,2,2,2,3,3,2,3,2,3,3,3,3,4,3,3,3,4,3,3,3,4,4,3,3,3,4,3,3,2,3,3,3,4,3,3,3,2,2,3,3,1,3,3,4,3,3,4,3,3,3,4,3,3,1,1,1,1,1,1,1,1,3,3,2,2,2,2,2,3,3,3,3,2,2,2,3,3, , , , , , , , , , ,3,3,4,3,3,4,3,3,4,3,4,1,2, , ,37,1,1.020749108
11202,6,1,1,1, , ,1,1,1,30000, , ,1,80000, ,1, ,1,3,2,3,4,1,1,1,1,3,3,3,3,4,3,3,3,4,3,3,4,3,3,3,3,4,3,3,4,4,3,3,3,3,3,3,4,4,3,3,4,1,25,30,10,4,4,4,4,4,4,4,4,4,4,4,4,4,4,4,4,3,2,4,4,3,4,4,3,3,3,3,2,4,4,2,3,4,4,4,4,4,4,4,4,4,4,4,4,4,4,4,4,4,4,4,4,3,3,4,3,4,3,4,3,3,4,3,4,4,3,3,3,4,4,3,3,3,4,4,3,3,4,3,3,4,4,3,3,3,3,4,4,1,4,4,4,4,4,4,3,3,4,3,3,3,1,1,1,1, ,1,1,1,4,4,4,4, ,3,3,4,4,4,3,4,4,4,4,4, , , , , , , , , , ,4,3,4,4,3,4,3,3,3,3,4,1,2,3,4,40,1,1.020749108
11208,6,1,1,1, , ,1,1,1,25000, , ,1,80000, ,1, ,1,3,2,3,4,1,1,1,1,4,3,3,3,3,3,3,3,4,3,3,3,2,3,3,3,3,4,4,3,4,4,4,3,3,3,3,4,4,3,3,3,1,25,30,10,4,4,4,4,4,4,4,4,4,2,4,4,4,3,4,4,4,4,4,4,4,4,4,4,4,4,4,4,4,4,4,4,4,4,4,4,4,4,4,4,4,4,4,4,4,4,4,3,4,4,4,3,3,4,3,3,4,3,4,4,4,4,3,3,4,4,3,3,3,4,4,3,3,4,4,3,3,4,4,3,4,4,3,3,3,4,4,3,1,3,4,3,3,4,3,3,3,3,4,4,3,1,1, ,1,1,1, ,1,3,4, ,4,4,3, ,3,4,4,3,3,4,4,4,4, , , , , , , , , , ,3,3,3,3,2,2,2,3,2,2,4,1,2,3,4,38,2,1.020749108
11216,6,2,2,1, , ,1,1,1, ,1, ,1,70000, ,1, ,1,3,1,3,4,1,1,1,1,3,3,4,3,3,3,3,3,3,4,4,3,3,3,3,3,3,4,3,3,3,3,3,3,3,4,3,4,4,3,3,4,1,30,30,2,4,4,4,4,4,4,4,4,4,4,3,3,3,4,4,3,3,3,3,3,3,3,4,3,3,3,3,4,4,4,4,4,4,4,4,4,4,4,4,4,4,4,4,4,4,4,2,2,4,4,3,3,4,3,4,3,3,3,3,4,3,3,3,4,3,3,3,3,3,4,4,3,4,4,4,3,3,3,4,4,4,3,4,3,3,4,3,4,2,3,3,4,4,3,3,3,4,3,3,3,4,1,1,1,1, , , ,1,4,3,4,4, , , ,4,4,3,4,3,4,3,3,4, , , , , , , , , , ,3,3,4,3,3,2,3,4,3,3,4, ,2,3,4,36,2,1.020749108
11232,6,1,1,1, , ,1,1,1,25000, , ,1,30000, ,1, ,1,3,1,3,4,1,2,1,2,4,3,4,3,4,3,3,4,4,4,4,3,4,3,3,3,4,3,3,4,3,4,3,3,3,4,3,4,3,3,4,3,1,25,30,0,4,2,4,4,4,3,4,4,4,4,4,4,4,4,4,4,4,4,4,4,4,2,4,4,4,4,1,2,3,2,3,3,4,4,4,4,4,4,2,3,4,4,2,3,4,4,4,4,4,4,4,4,4,3,3,4,3,3,3,3,3,4,4,3,3,4,3,4,4,4,4,4,4,4,4,3,3,3,4,4,3,4,3,2,4,3,4,2,1,3,4,4,3,3,4,3,4,3,3,4,3,1,1,1,1, , ,1,1,2,4,2,3, , ,3,4,4,3,3,3,4,4,3,4, , , , , , , , , , ,3,4,3,3,4,3,3,4,3,3,4, ,2,3,4,36,2,1.020749108
11242,6,1,1,1, , ,2,2,1,25000, , ,1,45000, ,1, ,1,3,1,3,3,3,1,1,1,2,2,3,2,3,2,2,3,3,3,4,3,4,3,3,2,3,3,3,3,3,3,3,3,3,2,3,3,2,2,3,3,1,10,28,0,2,3,4,4,4,4,4,4,3,3,3,3,3,3,3,2,2,2,4,2,3,3,2,3,3,3,4,4,4,4,4,4,4,4,4,3,4,3,3,2,3,3,2,2,3,3,3,2,2,2,3,3,3,3,3,3,3,3,3,3,3,4,3,3,4,3,3,3,3,3,3,3,3,4,3,3,3,4,3,3,3,4,3,3,3,3,2,2,2,3,3,3,2,2,3,3,2,3,3,3,2,1,1, ,1, , , ,1,2,2, ,3, , , ,3,3,3,3,3,3,2,2,3, , , , , , , , , , ,3,3,3,3,4,3,3,3,3,3,4,1,2,3,4,40,2,0.993377503
11243,6,1,2,1, , ,2,2,1,32000, ,0, ,35000, ,1, , ,2, ,2,1,3,3,2,1,2,3,1,3,1,1,1,3,4,1,4,1,1,2,2,1,1,1,1,1,4,4,2,1,1,1,1,1,1,3,3,1,1,0,20,0,1,1,1,1,4,1,3,1,1,1,1,1,1,2,2,1,1,1,1,1,1,1,1,4,1,2,1,1,1,1,1,1,1,1,1,2,1,1,1,1,1,1,1,1,1,1,1,1,2,1,1,1,1,1,1,1,3,3,4,3,3,4,2,3,4,3,3,3,4,3,3,3,3,3,3,1,3,3,2,3,3,3,3,2,3,3,4,3,2,2,2,1,2,1,1,2,1,1,3,3,3,1,1, , , ,1, , ,1,1, , , ,1, , ,1,2,1,1,1,1,3,2,1, ,2, ,4,5, , , , ,3,4,3,3,4,3,2,3,3,3,2,1,2, , ,58,2,1.020749108
11252,6,2,1,1, , ,2,2,1, ,1,0, ,58000, , , , ,3, ,3,4,2,2,3,2,3,4,3,4,3,3,2,3,4,3,4,4,3,3,3,3,2,3,4,3,4,4,4,3,2,3,4,3,3,3,4,3,1,25,30,0,2,3,3,2,3,2,2,2,3,2,3,2,2,3,2,3,2,2,2,3,3,2,2,3,3,2,2,2,2,3,2,3,3,3,2,3,1,1,2,1,1,1,3,1,2,2,2,3,2,2,2,3,3,2,2,2,3,3,3,4,3,3,3,4,3,3,3,3,4,3,3,3,3,4,3,3,2,3,3,3,3,3,3,3,2,2,3,3,1,3,4,3,3,3,4,3,3,4,3,3,3,1,1,1,1, ,1,1,1,3,2,3,3, ,2,2,3,3,3,3,3,3,2,3,3, , , , , , , , , , ,3,3,4,3,3,4,3,3,3,3,4,1,2, , ,28,2,1.020749108
11262,6,1,1,1, , ,1,1,1,30000, , ,1,65000, ,1, ,1,3,2,3,3,3,4,3,3,4,4,3,2,4,3,3,3,3,4,4,4,3,3,3,3,4,4,3,3,3,4,3,3,3,4,3,3,4,3,3,3,2, , , , , , , , , , , , , , , , , , , , , , , , , , , , , , , , , , , , , , , , , , , , , , , , , , , , , , , , , , , , ,3,3,2,4,3,3,2,3,4,3,3,3,4,3,3,3,3,3,3,3,4,4,3,3,3,4,3,3,4,4,3,1,3,3,4,3,3,4,3,3,3,4,3,3,1,1, ,1, , ,1,1,3,4, ,3, , ,3,3,3,4,3,3,4,4,3,3, , , , , , , , , , ,4,4,4,3,3,4,3,3,4,3,4,1,2,3,4,44,1,1.020749108
11271,6,1,1,1, , ,1,1,1,45000, ,0, ,55000, ,1, , ,2, ,2,3,3,4,2,1,4,4,4,4,4,2,4,4,4,4,4,4,3,4,4,4,4,4,4,4,4,4,4,4,4,4,4,4,4,4,4,4,1,22,30,5,4,4,3,3,4,2,3,2,2,3,1,2,4,4,3,2,2,2,2,3,2,2,1,4,4,3,1,2,2,3,2,2,1,1,1,1,1,1,3,1,1,1,2,2,2,1,3,3,2,1,2,2,3,3,3,1,4,3,4,3,3,4,4,3,3,3,4,3,4,3,3,3,3,4,3,3,3,2,2,4,3,3,3,3,3,3,4,3,1,4,4,3,2,3,3,3,4,4,4,3,4,1,1,1,1,1,1,1, ,2,3,1,2,1,3,2, ,3,3,1,3,2,3,3,3, , , , , , , , , , ,3,4,4,3,3,2,3,4,3,3,4, , ,3,4,41,2,1.020749108
11274,6,1,1,1, , ,2,2,1,25000, , ,1,50000, ,1, ,1,3,2,2,4,1,1,1,1,3,3,3,2,3,3,3,3,3,3,3,3,3,3,3,3,4,3,4,4,4,3,3,3,3,3,4,3,3,3,4,3,1,20,30,2,4,3,3,2,4,4,4,3,4,4,3,3,4,4,4,4,2,3,4,4,4,2,2,4,4,2,2,3,4,4,4,4,4,3,4,3,4,4,3,4,4,4,3,3,4,3,3,4,4,3,3,3,3,4,3,3,4,3,4,3,4,3,3,4,3,3,2,3,3,4,3,3,3,4,3,3,3,3,2,4,4,3,3,3,3,4,3,3,2,3,4,3,3,4,3,3,3,4,3,3,3,1,1, ,1, ,1, , ,3,4, ,2, ,2, , ,3,3,4,3,4,3,4,3, , , , , , , , , , ,3,3,3,4,3,3,2,3,3,3,4, ,2,3,4,50,2,1.020749108
11282,6,1,1,1, , ,1,2,1, ,1,0, ,65000, , , , ,2, ,2,3,4,4,1,1,4,4,4,4,4,1,4,4,4,4,4,4,1,4,4,4,4,4,4,4,4,4,4,4,4,4,4,3,3,4,4,3,1,20,30,0,3,4,4,4,4,3,3,3,2,2,1,2,2,4,3,1,2,4,2,3,2,2,2,4,4,3,2,2,1,1,1,3,2,3,3,3,1,1,1,1,1,1,1,1,4,1,1,4,2,1,1,2,4,3,1,1,4,3,3,4,3,3,4,4,3,3,3,3,4,3,4,3,3,3,3,3,3,2,2,3,3,4,3,3,4,3,4,3,1,3,4,4,3,3,3,2,3,2,3,4,4,1,1,1,1,1,1,1,1,3,2,1,2,2,3,1,1,3,3,1,3,3,3,2,3, , , , , , , , , , ,3,4,3,2,4,3,3,3,3,3,4, , ,3,4,40,2,1.020749108
11289,6,2,1,1, , ,2,2,1,32000, ,0, ,65000, , , , ,3, ,3,3,2,3,2,2,3,4,3,4,3,3,2,3,3,4,3,3,3,2,3,2,3,3,2,3,4,4,4,3,2,3,4,3,3,3,2,3,1,30,30,0,2,3,3,2,3,2,2,2,3,3,2,2,2,3,3,3,2,2,2,3,3,2,2,3,3,3,2,2,3,3,3,2,3,3,2,3,1,1,1,1,1,1,1,1,2,2,2,3,2,2,2,2,3,2,2,2,3,3,4,3,3,4,3,3,4,3,3,3,4,4,3,3,4,3,3,3,2,3,3,3,3,4,2,3,3,2,2,3,1,3,4,3,3,3,4,3,3,3,4,3,3,1,1,1,1,1,1,1,1,3,2,3,2,2,2,2,3,3,3,3,2,2,2,3,3, , , , , , , , , , ,3,3,4,3,4,3,3,4,3,3,4,1,2, , ,38,2,1.020749108
11299,6,2,1,1, , ,2,2,1,32000, ,0, ,65000, , , , ,3, ,3,3,2,3,2,2,3,4,3,4,3,3,2,3,4,3,3,3,4,2,3,3,4,3,3,3,4,4,4,3,2,3,3,3,4,3,3,3,1,25,30,0,2,3,3,2,2,3,2,2,3,3,3,2,2,3,3,3,2,2,2,3,3,2,2,3,3,3,2,2,3,2,3,3,2,3,3,2,1,1,1,1,1,1,1,1,2,2,2,2,2,2,2,3,3,2,3,2,3,3,3,4,3,3,4,3,3,4,3,3,4,4,3,3,4,3,3,3,2,3,3,3,3,4,3,3,2,2,3,3,1,3,4,3,3,3,4,3,3,4,3,3,3,1,1,1,1,1,1,1,1,3,3,2,2,1,1,1,3,3,3,3,2,2,2,2,3, , , , , , , , , , ,3,3,4,3,3,4,3,3,3,4,4,1,2, , ,45,1,1.020749108
11302,6,2,1,1, , ,1,2,1,45000, ,0, ,35000, ,1, , ,2, ,2,2,3,3,1,1,4,4,4,4,4,1,3,4,4,4,4,4,3,4,4,4,4,4,4,4,4,4,4,4,4,4,4,4,3,4,4,3,1,25,28,0,3,4,4,4,4,3,3,3,2,2,1,2,4,3,3,1,2,3,3,4,3,2,2,4,2,2,2,2,1,2,2,3,2,2,2,3,1,1,1,1,1,1,1,2,2,2,3,3,2,1,4,2,3,1,2,1,4,3,3,4,3,3,3,4,3,3,3,4,3,3,3,3,2,3,3,3,3,2,2,3,3,3,3,3,4,3,4,3,1,3,3,3,2,3,4,2,3,3,4,3,3,1,1,1,1,1,1,1, ,2,3,1,1,1,2,1, ,3,4,2,1,3,3,3,2, , , , , , , , , , ,3,4,3,3,4,3,4,3,3,3,4, , ,3,4,44,2,1.020749108
11307,6,1,1,1, , ,1,1,1,30000, , ,1,25000, ,1, ,1,3,2,3,3,4,4,3,4,4,3,3,2,3,3,3,4,3,4,4,3,4,3,3,3,4,3,4,4,3,3,4,3,3,3,4,4,3,3,3,3,2, , , , , , , , , , , , , , , , , , , , , , , , , , , , , , , , , , , , , , , , , , , , , , , , , , , , , , , , , , , , ,3,3,4,3,3,4,4,3,3,4,3,3,3,3,3,3,4,3,3,3,4,3,4,3,3,3,3,4,4,3,3,2,3,3,4,4,3,3,3,4,3,3,3,3,1,1,1,1, , ,1,1,3,3,4,3, , ,3,3,3,4,4,3,4,3,3,3, , , , , , , , , , ,3,4,3,3,4,3,3,4,3,4,4, ,2,3,4,44,2,1.020749108
11310,6,1,2,1, , ,2,2,1,30000, , ,1,60000, ,1, ,1,3,3,3,2,4,2,4,3,2,2,2,2,2,2,2,2,2,2,2,2,2,2,2,2,2,2,2,2,2,2,2,2,2,2,2,2,2,2,2,2,2, , , , , , , , , , , , , , , , , , , , , , , , , , , , , , , , , , , , , , , , , , , , , , , , , , , , , , , , , , , , ,2,2,2,2,2,2,2,2,2,2,2,2,2,2,2,2,2,2,2,2,2,2,2,2,2,2,2,2,2,2,2,2,2,2,2,2,2,2,2,2,2,2,2,2, , , , , ,1, , , , , , , ,1, , ,3,3,3,3,3,3,3,3,1, ,2, ,4, , , , , ,2,2,2,2,2,2,2,2,2,2,3,1,2, , ,48,2,1.020749108
11314,6,1,2,1, , ,2,2,1, ,1, ,1,140800, , , , ,3,3,4,3,1,1,1,1,4,3,4,4,4,3,4,3,4,4,4,4,3,3,3,3,4,4,3,4,4,4,4,3,4,3,4,3,4,4,3,4,1,0,30,0,1,1,1,1,3,4,3,3,1,1,1,1,1,4,4,4,3,3,1,1,1,1,1,4,4,4,4,4,1,1,2,4,1,1,4,4,1,1,1,1,4,4,4,4,1,1,1,1,3,2,2,2,2,1,1,1,4,3,4,3,2,4,4,4,3,3,3,3,4,4,4,3,3,3,4,4,4,4,4,4,4,4,4,3,3,3,3,4,2,3,3,3,1,1,1,2,3,3,3,1,1, , , , , , , , , , , , , , , , ,1,1,1,4,1,4,1,1, , , , , , , , , , ,4,1,3,1,1,1,4,1,1,2,4, , ,3, ,33,2,0.993377503
11321,6,1,1,1, , ,1,1,1, ,1, ,1,150000, , , , ,1,1,2,2,4,1,4,1,3,3,3,2,3,3,3,3,3,3,3,3,2,3,3,2,3,3,3,3,3,4,4,3,3,3,3,3,3,3,3,2,1,25,30,25,3,4,3,2,4,4,4,2,4,4,4,4,4,4,4,3,2,3,2,4,4,4,1,4,4,4,4,1,3,3,3,3,2,3,2,4,1,2,2,3,3,1,1,1,2,2,2,2,4,4,3,1,2,3,2,1,4,4,4,4,4,4,4,3,3,4,3,4,4,4,4,3,3,2,3,4,4,3,4,4,4,3,1,4,4,4,4,4,1,2,3,4,3,3,4,2,3,3,3,3,3,1,1,1,1,1,1,1,1,2,4,3,4,3,4,1,3,4,4,2,4,3,4,1,4, , , , , , , , , , ,4,4,3,2,4,4,2,3,3,4,4, ,2,3, ,54,2,1.020749108
11330,6,2,1,1, , ,1,2,1, ,1,0, ,58000, , , , ,3, ,3,3,2,3,2,2,3,4,2,2,3,3,2,3,3,4,3,3,3,2,3,2,3,3,3,4,4,3,4,3,2,3,3,4,3,3,4,3,1,25,30,5,2,2,3,2,2,3,3,2,3,3,2,2,3,3,3,3,2,3,2,3,3,2,2,3,2,3,2,2,3,2,3,3,3,2,3,2,1,1,1,1,1,1,1,1,2,2,2,3,2,2,2,2,3,2,2,2,3,3,3,4,3,4,3,3,4,3,3,3,4,4,3,3,4,3,3,3,2,3,3,3,3,3,3,3,2,3,2,3,1,3,4,3,3,4,3,3,3,4,3,3,4,1,1,1,1,1,1,1,1,3,2,2,2,2,2,2,3,3,3,3,2,3,3,3,2, , , , , , , , , , ,3,3,4,3,3,4,3,3,4,3,4,1,2, , ,45,2,1.020749108
11332,6,2,2,1, , ,2,2,1, ,1, ,1, ,1, , , ,3,3,1,3,4,4,4,3,1,1,1,1,1,1,1,1,1,1,1,3,1,1,4,1,1,4,3,3,4,4,3,4,3,1,1,3,1,4,1,1,1,0,30,0,4,2,2,1,4,3,4,4,3,3,3,3,3,4,4,4,4,4,3,3,3,2,3,4,4,4,4,4,1,3,4,4,2,2,4,4,1,1,1,1,2,3,1,1,1,1,1,2,2,3,4,4,1,1,1,1,1,3,3,3,3,3,3,3,3,3,3,4,4,4,4,4,4,3,4,1,1,1,1,1,1,1,1,2,2,2,2,2,2,2,2,2,1,1,1,1,1,1,1,1,1, , , , , , , , , , , , , , , , ,2,1,1,1,1,1,1,1, , , , , , , , , , ,1,1,1,1,1,1,1,1,1,1,3,1, , , ,40,2,1.020749108
11343,6,2,2,1, , ,1,1,1,40000, , ,1,90000, , , , ,3,3,3,3,3,1,3,3,3,1,3,2,1,1,1,4,4,1,4,4,4,1,4,4,4,3,4,4,4,4,4,4,4,4,4,4,1,4,4,1,1,0,30,0,4,4,4,1,4,1,4,2,1,1,1,1,1,4,4,4,4,4,1,1,1,1,1,4,4,4,4,4,1,1,3,3,1,1,3,3,1,1,1,1,3,3,3,2,1,1,1,1,2,2,3,2,1,1,2,2,4,3,3,3,2,2,2,4,4,4,4,4,4,4,4,4,4,4,4,3,3,3,3,4,4,4,4,3,3,3,3,3,1,3,3,3,3,3,3,3,3,3,3,3,2,1, ,1,1,1, , , ,3, ,3,3,3, , , ,3,3,3,3,3,3,3,3, , , , , , , , , , ,4,3,3,3,4,3,4,4,4,4,2, ,2, , ,35,2,0.993377503
11344,6,1,1,1, , ,2,2,1,35000, ,0, ,55000, ,1, , ,2, ,3,2,4,3,1,1,1,1,1,1,1,1,1,2,2,1,3,1,1,1,2,1,1,1,1,1,3,3,3,1,1,1,1,1,1,1,1,1,1,0,25,0,1,1,1,1,4,1,2,1,1,1,1,1,1,3,3,1,1,1,1,1,1,1,1,4,1,3,1,1,1,1,1,1,1,1,1,1,1,1,1,1,1,1,1,1,1,1,1,1,1,1,1,1,1,1,1,1,2,3,4,3,3,3,2,3,4,3,3,3,2,2,2,1,1,1,2,2,2,3,2,3,3,2,3,2,2,3,4,3,2,2,1,2,2,1,1,2,1,2,2,1,2, ,1, , , ,1,1, , ,1, , , ,2,1, ,1,3,2,1,2,1,3,2,1, ,2, ,4,5, , , , ,2,4,3,3,4,3,4,3,3,2,2,1,2, , ,57,2,1.020749108
11351,6,2,1,1, , ,2,2,1, ,1,0, ,68000, , , , ,3, ,3,3,2,3,2,2,3,4,2,3,3,3,2,3,4,3,3,3,4,3,3,2,3,3,3,3,4,4,4,3,2,3,3,4,3,3,3,3,1,30,30,0,2,2,2,2,2,3,3,2,3,3,3,2,3,2,3,2,2,2,2,3,3,2,2,3,2,3,2,2,2,2,3,2,3,2,3,2,1,1,1,1,1,1,1,1,2,2,2,2,2,2,2,2,3,2,2,2,3,3,3,4,3,3,4,3,3,4,3,3,3,4,3,3,4,3,3,3,2,3,3,3,3,4,3,3,3,2,3,3,1,3,3,4,3,4,3,3,3,4,3,3,3,1,1,1,1,1,1,1,1,3,2,3,2,2,2,2,3,3,3,3,2,2,2,2,3, , , , , , , , , , ,3,4,3,3,4,3,3,4,3,3,4,1,2, , ,43,1,1.020749108
11356,6,2,2,1, , ,1,1,1, ,1, ,1, ,1, , , ,3,3,3,4,4,4,1,4,3,1,1,2,2,1,1,4,4,1,4,4,4,1,4,4,4,4,3,3,3,4,3,4,4,4,4,3,3,1,1,1,1,0,30,0,1,2,2,2,4,4,4,4,1,1,1,1,1,4,4,3,3,3,2,3,3,3,3,4,4,4,4,4,1,1,4,3,2,3,4,4,1,1,1,1,3,3,3,3,1,1,1,1,2,2,3,3,1,1,2,2,4,3,3,3,3,2,2,4,4,4,4,4,4,4,4,4,4,4,4,3,3,3,3,3,4,4,4,3,3,3,3,3,1,3,3,3,3,3,3,3,3,3,3,3,2,1, , ,1, ,1, , ,4, , ,4, ,3, , ,3,3,3,3,3,3,3,3, , , , , , , , , , ,4,3,2,2,4,4,4,4,4,3,2, ,2, , ,40,2,0.993377503
11365,6,1,1,1, , ,1,1,1,25000, , ,1,50000, , , , ,2,1,2,4,3,4,3,4,3,3,3,2,4,2,3,3,3,4,3,3,3,4,3,3,4,3,3,3,4,3,3,3,3,3,4,3,3,3,4,3,1,10,30,0,3,2,4,2,4,2,3,4,4,4,3,3,3,4,4,3,3,3,4,3,3,3,3,4,4,3,3,3,4,4,4,4,2,3,2,3,3,3,2,2,3,3,2,3,4,4,3,3,4,4,2,3,3,3,3,3,3,3,3,4,3,3,3,3,3,4,3,3,3,4,3,3,3,3,3,3,3,4,3,4,3,3,3,2,3,3,3,2,1,3,3,3,4,4,3,3,3,4,3,3,3, ,1, ,1, , , ,1, ,3, ,3, , , ,3,4,3,2,3,3,4,4,4, , , , , , , , , , ,3,3,3,3,2,3,3,4,3,3,4, ,2, , ,44,2,1.020749108
11371,6,2,2,1, , ,1,1,1,50000, ,90000, , ,1, , , ,3,3,3,4,4,1,4,4,3,1,3,2,1,1,1,4,4,1,4,4,4,1,4,4,4,4,4,4,4,4,4,4,4,4,4,4,1,4,4,1,1,0,30,0,4,1,4,2,4,1,4,2,1,1,1,1,1,4,4,4,4,4,1,1,1,1,1,4,4,4,4,4,1,1,4,4,1,1,4,4,1,1,1,1,2,3,3,3,1,1,1,1,2,2,3,3,1,1,2,2,4,3,3,3,2,2,3,4,4,4,4,4,4,4,4,4,4,4,4,3,3,3,3,4,4,4,4,3,3,3,3,3,1,3,3,3,3,3,3,3,3,3,3,3,1,1,1,1,1,1,1,1, ,3,1,3,3,3,3,2, ,3,3,3,3,3,3,3,3, , , , , , , , , , ,4,3,3,3,4,3,4,4,4,4,2, ,2,3, ,47,2,0.993377503
11386,6,1,2,1, , ,2,2,1, ,1, ,1, ,1, , , ,4,4,4,3,1,2,2,2,4,4,4,4,4,4,4,4,4,4,4,4,4,4,4,4,4,4,3,4,4,4,4,1,1,3,3,3,4,4,4,4,1,0,30,0,1,1,1,1,4,4,4,4,1,1,1,1,1,4,4,4,1,1,1,1,1,1,1,4,4,4,4,4,1,1,4,4,1,1,2,3,1,1,1,1,1,1,1,1,1,1,1,1,4,4,2,2,2,1,1,1,3,3,3,3,4,4,4,4,4,4,4,3,3,3,3,4,4,4,4,3,3,3,3,3,3,3,3,3,3,3,3,3,2,3,3,3,1,1,1,1,3,3,1,1,1, , , , , , , , , , , , , , , , ,1,1,1,4,1,3,1,1, , , , , , , , , , ,1,1,2,1,1,2,1,1,1,1,4, , ,3, ,30,2,0.993377503
11413,6,1,2,1, , ,2,2,1, ,1, ,1, ,1, , , ,3,3,3,3,3,3,3,3,2,3,2,3,2,2,2,3,4,2,3,3,4,4,3,3,3,3,2,2,3,4,3,3,3,3,2,2,2,1,1,1,1,0,30,0,2,1,1,1,3,2,2,3,1,1,1,1,1,3,3,2,2,2,1,1,1,1,1,3,2,2,2,2,1,1,2,2,1,1,2,2,1,1,1,1,1,1,1,1,1,1,1,1,1,1,1,1,1,1,1,1,3,3,3,3,3,3,2,2,3,3,3,3,3,3,3,3,3,3,3,3,3,3,3,3,3,3,2,3,2,3,3,2,1,3,2,2,1,1,3,2,2,2,2,1,2, , ,1, , , , , , , ,3, , , , , ,2,2,3,2,2,3,3,1, , , , , , , , , , ,3,4,3,3,4,3,3,3,3,3,2, ,2, , ,34,2,0.993377503
11423,6,1,2,1, , ,2,2,1, ,1, ,1, ,1, , , ,3,3,3,3,3,3,3,3,2,3,2,2,2,2,2,3,3,2,2,3,3,3,3,3,2,2,3,3,3,3,3,3,3,3,2,2,2,3,3,3,1,0,30,0,1,1,1,1,3,2,2,3,1,1,1,1,1,3,3,2,2,3,1,1,1,1,1,3,2,2,2,2,1,1,2,2,1,1,3,2,1,1,1,1,1,1,1,1,1,1,1,1,2,1,1,1,2,1,2,2,3,3,4,3,3,3,3,3,4,4,3,3,3,3,3,3,3,3,3,3,3,3,2,2,3,2,2,3,3,3,3,3,1,3,3,4,3,3,4,3,3,3,4,3,3, ,1,1, , ,1,1, , ,2,2, , ,1,1, ,3,3,3,3,3,3,3,4,1, , ,3, ,5, , , , ,3,4,2,4,3,4,2,2,2,2,2, , ,3, ,34,2,0.993377503
11476,6,2,2,1, , ,2,2,1,40000, ,20000, ,30000, ,1,1,1,2,2,3,3,4,3,3,4,2,1,1,2,1,2,2,4,4,2,3,3,4,4,3,3,3,3,3,3,3,4,4,3,3,4,2,2,2,2,2,2,1,0,30,0,1,1,1,1,3,2,2,3,1,1,1,1,1,2,2,2,3,3,1,1,1,1,1,3,1,1,1,1,1,1,3,2,1,1,3,2,1,1,1,1,1,1,1,1,1,1,1,1,1,1,1,1,2,1,1,2,3,4,3,4,3,3,3,3,2,2,2,3,3,3,3,3,3,3,3,3,3,3,2,3,3,3,2,2,2,4,4,2,1,2,3,2,2,2,2,2,2,3,3,3,2, , ,1, , , , ,1, , ,3, , , , ,3,2,2,3,2,2,2,2,3, , , , , , , , , , ,3,3,4,3,3,3,3,3,3,3,2, ,2,3, ,35,2,0.993377503
11841,6,2,2,1, , ,2,2,1, ,1, ,1, ,1, , , ,2,2,2,2,3,2,4,1,2,2,2,2,2,2,2,3,3,2,3,3,2,3,3,2,2,2,2,2,3,2,1,2,2,2,1,2,1,1,1,1,2, , , , , , , , , , , , , , , , , , , , , , , , , , , , , , , , , , , , , , , , , , , , , , , , , , , , , , , , , , , , ,3,2,2,2,2,3,2,2,3,3,2,2,3,3,2,2,2,3,3,2,3,3,3,3,3,3,3,3,3,2,2,1,3,2,2,2,2,3,2,3,2,2,2,3, ,1,1, , ,1, , , ,3,2, , ,3, , ,2,3,3,1,1,3,1,1, , , , , , , , , , ,2,2,2,2,3,2,2,3,3,3,3,1,2, , ,41,2,0.993377503
12483,6,2,1,1, , ,2,2,1,55000, ,0, ,0, ,1, , ,4, , ,3,2,4,3,1,3,2,3,4,4,2,3,4,3,3,4,4,2,4,3,2,3,2,3,4,3,3,3,3,3,3,2,3,4,3,3,4,1,25,30,0,4,4,3,2,3,3,2,3,4,2,3,3,3,4,3,2,1,1,2,3,2,3,1,3,2,3,2,3,1,2,1,2,2,2,3,2,4,4,3,2,3,2,2,2,1,1,1,1,1,1,1,1,1,1,2,1,3,3,3,3,2,3,2,3,2,2,2,4,4,4,4,4,2,2,4,2,3,3,3,3,2,3,3,3,3,2,3,3,2,3,3,2,3,2,3,3,2,3,2,2,3, , , , , , , , , , , , , , , , ,2,3,2,3,3,3,3,3, , , , , , , , , , ,4,3,3,3,3,3,3,3,3,3,2,1,2,3,4,19,2,0.985680343
12593,6,1,2,1, , ,2,2,1,30000, ,0, ,45000, ,1, ,1,3, ,3,3,3,2,2,2,3,3,3,2,3,3,2,3,3,3,2,2,2,3,3,4,3,3,3,3,3,3,3,3,3,2,3,3,3,3,3,3,1,0,30,0,1,1,1,1,3,2,2,1,3,3,2,3,2,3,3,2,2,2,2,2,2,2,2,3,3,2,2,2,2,2,2,2,2,2,2,2,3,2,2,2,3,2,3,2,1,1,1,1,3,2,2,2,3,3,2,3,3,3,3,3,2,3,3,3,3,2,3,3,3,3,3,3,3,3,3,3,4,3,3,3,2,3,3,4,3,3,2,3,2,3,3,2,3,3,3,2,3,3,3,3,3,1,1,1,1,1,1,1,1,1,1,1,1,1,1,1,1,3,3,3,4,3,2,3,3,1, , , ,4,5, , , , ,3,2,3,3,3,3,3,4,3,3,4, , ,3,4,28,2,0.985680343
12602,6,1,2,1, , ,2,2,1, ,1, ,1, ,1, , , ,3,3,3,3,3,2,2,2,2,3,3,3,3,3,2,3,3,2,3,3,3,3,3,3,3,3,3,3,3,3,3,3,3,3,2,3,3,3,2,3,1,10,30,0,2,2,2,1,2,2,3,1,2,2,2,3,2,3,3,3,2,2,2,2,2,2,2,4,3,3,3,3,2,2,2,3,2,2,3,2,2,2,2,3,3,2,3,3,3,3,2,2,3,3,2,3,3,2,3,3,3,3,4,3,3,2,3,3,3,3,3,3,3,4,3,3,4,3,3,3,4,3,3,3,2,3,3,3,4,3,3,2,2,4,3,4,3,3,3,3,4,3,2,3,3,1,1,1,1,1, , , ,1,1,1,1,1, , , ,3,3,3,3,3,3,3,4,1, , , ,4,5, , , , ,3,3,4,3,3,4,3,3,3,3,4, , ,3,4,32,1,0.985680343
12615,6,1,2,1, , ,2,2,1,35000, ,0, ,55000, , , , ,3, ,3,3,3,3,2,2,3,3,3,3,2,3,3,4,3,3,3,2,3,3,3,3,4,3,3,3,3,3,3,3,3,3,2,3,3,4,3,3,1,0,30,0,1,1,1,1,4,2,2,3,1,1,1,1,1,2,3,3,3,3,1,1,1,1,1,3,2,2,2,3,1,1,2,2,1,1,2,3,1,1,1,1,2,3,2,2,1,1,1,1,2,2,3,3,2,2,3,3,2,3,3,2,3,4,3,3,2,3,3,3,3,2,3,3,4,4,3,3,2,3,3,3,2,2,3,3,4,3,2,3,2,4,3,3,2,3,3,3,2,3,3,3,3,1,1,1,1,1,1,1,1,1,1,1,1,1,1,1,1,3,3,4,4,3,3,3,3,1, , , ,4,5, , , , ,3,2,3,3,3,2,3,3,3,3,4, , ,3, ,34,2,0.985680343
12625,6,1,2,1, , ,2,2,1,33000, ,0, ,55000, ,1, ,1,3, ,3,3,3,4,3,3,3,3,3,3,2,2,2,3,3,3,3,2,3,3,3,3,4,3,3,3,3,3,3,3,3,3,2,2,3,3,2,2,1,0,30,0,1,1,1,1,3,3,2,2,1,1,1,1,1,3,2,3,2,2,1,1,1,1,1,3,3,3,2,2,1,1,2,3,2,1,3,2,1,1,1,1,3,3,2,2,2,1,2,2,3,3,3,3,3,2,4,3,3,3,2,2,3,3,3,2,2,3,3,3,2,3,3,3,2,2,3,3,3,2,3,3,2,3,3,3,3,2,2,2,2,3,3,3,4,3,2,3,3,2,3,3,3,1,1,1,1,1,1,1,1,1,1,1,1,1,1,1,1,2,3,3,3,3,2,3,3,1, , , ,4,5, , , , ,3,4,3,2,3,3,3,2,3,3,4, , , ,4,35,2,0.985680343
12657,6,1,2,1, , ,2,2,1,28000, ,0, ,85000, ,1, ,1,3, ,3,4,3,2,3,2,3,3,3,3,3,3,2,3,3,4,3,3,2,3,3,2,2,3,3,3,3,2,3,3,3,3,2,2,3,3,3,2,1,0,30,0,1,1,1,1,3,2,2,1,1,1,1,1,1,3,3,2,2,2,1,1,1,1,1,3,3,4,3,2,1,1,3,2,1,1,3,2,1,1,1,1,2,3,3,2,1,1,1,1,3,2,4,3,1,1,1,1,1,2,2,3,2,2,3,3,2,2,2,3,3,2,3,3,4,3,3,3,2,3,3,3,4,3,3,3,4,3,2,3,2,3,4,3,3,2,3,3,3,3,2,3,3,1,1,1,1,1,1,1,1,1,1,1,1,1,1,1,1,3,4,3,3,3,4,3,3,1, , , ,4,5,6, , , ,3,2,3,3,4,3,4,3,3,3,4, , , ,4,36,2,0.985680343
12663,6,1,1,1, , ,2,2,1,33000, ,0, ,75000, , , ,1,3, ,3,3,2,3,4,3,3,3,3,3,3,4,2,3,3,4,3,3,3,3,3,3,3,3,3,3,3,2,3,3,3,3,2,3,3,2,3,3,1,0,30,0,1,1,1,1,3,3,3,2,1,1,1,1,1,2,3,3,2,1,1,1,1,1,1,3,3,3,2,2,1,1,3,2,1,1,3,2,1,1,1,1,2,2,4,3,1,1,1,1,3,4,4,3,3,4,3,3,1,3,3,3,4,4,3,2,3,3,3,3,2,3,3,3,4,3,3,3,3,4,2,3,2,3,3,3,3,2,3,3,2,3,2,3,3,4,3,2,3,3,3,2,3, ,1, , , , , , , ,1, , , , , , ,4,3,3,3,2,3,3,3,1, , , ,4,5, , , , ,4,2,3,3,4,3,3,3,3,3,4, ,2,3, ,38,2,0.985680343
12671,6,1,2,1, , ,2,2,1,28000, ,0, ,55000, ,1, ,1,3, ,3,4,2,3,3,2,3,3,3,2,3,3,2,3,3,2,3,3,3,3,3,3,3,3,3,4,3,3,3,3,3,3,2,3,3,2,2,2,1,0,30,0,1,1,1,1,2,2,2,3,1,1,1,1,1,3,4,3,2,2,1,1,1,1,1,3,4,3,3,2,1,1,3,2,1,1,3,3,1,1,1,1,4,4,3,2,1,1,1,1,2,2,3,3,3,2,3,3,3,4,3,2,3,3,3,3,2,2,3,4,3,3,3,3,4,3,3,4,3,3,3,2,3,3,3,4,3,2,2,3,2,4,3,2,3,3,2,3,3,2,3,3,3, ,1, , , , , , , ,1, , , , , , ,3,4,3,2,3,2,2,3,1, , , ,4,5, , , , ,3,4,3,2,3,3,3,3,4,3,4, , ,3,4,39,2,0.985680343
12676,6,1,2,1, , ,2,2,1, ,1, ,1, ,1, , , ,3,3,3,4,2,2,2,2,3,3,3,4,3,3,2,3,4,3,2,3,3,4,3,3,4,3,2,3,3,3,3,3,4,3,2,3,3,3,2,3,1,0,30,0,1,1,1,1,3,3,3,2,1,1,1,1,1,2,4,3,3,1,1,1,1,1,1,3,4,2,2,2,1,1,4,3,1,1,2,4,1,1,1,1,2,2,2,3,1,1,1,1,3,4,2,2,2,3,3,2,3,3,2,4,3,3,4,3,3,3,3,3,4,3,3,3,3,3,4,3,4,3,3,3,2,3,3,3,2,3,4,3,2,3,4,4,3,3,2,3,4,3,3,3,3, ,1,1, , , , , , ,1,1, , , , , ,3,4,3,3,3,4,3,3,1, , , ,4, ,6, , , ,3,3,2,3,4,3,3,3,2,3,4, , , ,4,48,1,0.985680343
12685,6,1,1,1, , ,2,2,1,28000, ,0, ,55000, ,1, ,1,3, ,4,4,3,2,2,2,3,3,3,3,3,2,2,3,4,3,3,3,3,4,3,3,3,3,3,4,3,3,3,4,3,3,3,3,4,3,3,3,1,0,30,0,1,1,1,1,2,4,4,3,1,1,1,1,1,4,3,2,2,3,1,1,1,1,1,4,3,3,4,3,1,1,3,3,1,1,3,3,1,1,1,1,3,4,2,3,1,1,1,1,2,3,4,3,3,2,3,3,3,4,3,3,3,2,3,3,3,3,3,3,2,3,3,3,2,3,3,3,2,3,3,3,2,3,2,3,3,2,3,3,2,4,3,3,3,3,3,4,3,3,2,3,3,1,1, , , , , , ,1,1, , , , , , ,3,3,3,4,4,3,3,3,1, , , ,4,5, , , , ,4,3,3,3,4,3,2,3,3,3,4, , , ,4,47,2,1.020749108
12879,6,1,2,1, , ,2,2,1,35000, ,0, ,45000, ,1, ,1,3, ,3,3,3,3,2,2,3,3,3,3,3,3,2,3,3,3,4,3,4,4,3,3,3,3,3,3,4,3,3,3,3,3,3,3,2,2,3,2,1,0,30,0,1,1,1,1,3,2,2,2,1,1,1,1,1,3,4,3,3,3,1,1,1,1,1,4,3,3,4,3,1,1,2,2,1,1,2,2,1,1,1,1,3,2,3,2,1,1,1,1,2,4,2,3,2,3,3,2,3,4,3,2,3,3,3,2,3,4,3,3,3,4,3,3,2,3,3,3,4,3,4,3,3,3,3,4,4,3,3,3,2,3,4,3,3,3,2,3,4,3,3,2,3,1,1,1,1,1,1,1,1,1,1,1,1,1,1,1,1,3,4,3,3,2,3,4,3,1, , , ,4,5, , , , ,3,2,3,3,3,2,3,3,3,3,4, , , ,4,47,2,1.020749108
12882,6,1,2,1, , ,2,2,1,33000, ,0, ,35000, ,1, ,1,1, ,1,3,3,2,2,2,2,3,4,2,2,3,3,3,1,1,2,2,3,2,4,3,2,1,2,2,3,3,2,3,3,4,3,2,1,1,2,3,2, , , , , , , , , , , , , , , , , , , , , , , , , , , , , , , , , , , , , , , , , , , , , , , , , , , , , , , , , , , , ,3,3,2,3,3,3,2,2,2,3,3,2,2,3,3,2,3,3,3,2,2,4,4,3,2,3,3,3,2,2,3,1,3,3,4,3,2,3,3,4,3,2,2,3, , , , , , , , , , , , , , , , ,1,2,2,1,4,2,3,2, , , , , , , , , , ,3,3,3,1,1,2,3,2,2,3,3, ,2,3, ,44,2,0.985680343
12886,6,1,1,1, , ,1,2,1,35000, ,0, ,55000, ,1, ,1,3, ,3,4,2,2,2,2,3,3,3,2,3,3,3,3,4,3,3,4,3,4,3,3,3,3,3,3,3,4,3,3,3,2,3,3,3,3,3,3,1,0,30,0,1,1,1,1,2,2,3,3,1,1,1,1,1,3,2,3,4,3,1,1,1,1,1,3,3,4,4,4,1,1,2,3,1,1,3,2,1,1,1,1,3,4,2,2,1,1,1,1,2,4,3,3,1,1,1,1,1,3,3,4,3,3,3,4,3,3,3,3,4,3,3,3,3,3,3,3,4,3,3,3,4,3,3,3,4,3,3,3,2,3,2,3,3,2,3,2,3,3,2,3,2,1,1,1,1,1,1,1,1,1,1,1,1,1,1,1,1,3,3,3,3,3,3,3,3,1, , , ,4,5, , , , ,3,2,3,2,2,3,3,3,3,3,4, , , ,4,43,2,1.020749108
12888,6,2,2,1, , ,2,2,1,30000, ,0, ,65000, ,1, ,1,3, ,4,4,3,2,2,2,3,2,3,3,3,3,2,4,4,4,4,4,4,4,3,4,3,3,4,3,3,3,3,4,3,3,4,4,3,3,4,3,1,0,30,0,1,1,1,1,3,3,3,3,1,1,1,1,1,3,4,3,3,1,1,1,1,1,1,3,3,2,2,2,1,1,1,1,1,1,1,1,1,1,1,1,2,2,2,2,1,1,1,1,2,2,2,2,1,1,1,1,1,3,2,3,3,3,2,3,3,3,3,3,3,4,3,3,2,3,3,3,3,4,3,3,3,3,2,3,4,3,3,3,2,3,3,3,4,3,3,3,4,3,3,3,3,1,1,1,1,1,1,1,1,1,1,1,1,1,1,1,1,3,4,4,4,4,3,4,4,1, , , ,4,5, , , , ,3,4,3,3,3,4,3,3,4,3,4, , , ,4,36,2,1.020749108
12893,6,1,2,1, , ,2,2,1,35000, ,0, ,65000, ,1, ,1,2, ,4,4,2,2,2,2,2,3,3,3,3,3,2,4,3,3,4,3,3,3,3,3,4,3,3,4,3,3,3,3,3,3,3,2,3,3,3,3,1,0,30,0,1,1,1,1,3,2,3,1,1,1,1,1,1,3,3,3,3,3,1,1,1,1,1,3,4,2,3,3,1,1,3,2,1,1,2,2,1,1,1,1,3,3,2,3,1,1,1,1,4,4,3,2,1,1,1,1,1,3,3,2,3,4,3,3,3,3,2,3,2,3,3,3,2,3,3,3,2,3,3,3,2,3,3,3,4,3,3,3,2,3,4,3,3,2,3,3,4,3,3,3,3,1,1,1,1,1,1,1,1,1,1,1,1,1,1,1,1,4,4,3,3,4,4,3,3,1, , ,3,4, , , , , ,3,3,4,3,3,4,3,3,3,3,4, , , ,4,45,2,1.020749108
12899,6,2,2,1, , ,2,2,1,35000, ,0, ,65000, ,1, ,1,3, ,3,4,4,4,4,4,3,4,4,4,4,3,3,4,2,2,2,2,2,2,3,4,3,4,4,4,3,4,3,3,4,3,3,3,4,3,3,3,1,20,30,0,2,3,1,1,2,2,3,1,3,3,2,2,4,3,2,3,2,2,2,3,2,2,2,3,3,2,3,3,2,2,2,2,2,2,2,2,2,2,2,2,2,2,2,2,2,2,2,2,2,2,2,2,1,1,1,1,1,3,3,4,3,3,3,4,3,3,3,3,4,3,3,3,4,3,3,3,4,3,3,3,3,4,3,3,3,2,3,3,2,3,2,3,3,3,3,2,3,3,3,3,3,1,1,1,1,1,1,1,1,1,1,1,1,1,1,1,1,3,3,3,3,3,3,3,3,1, , ,3, , , , , , ,3,4,3,4,3,3,3,3,3,3,4, , , ,4,28,1,0.983399111
12902,6,1,1,1, , ,1,2,1,33000, ,0, ,65000, ,1, ,1,3, ,3,4,3,2,2,2,4,4,4,4,4,4,3,3,4,3,3,4,4,3,4,4,3,3,4,3,3,3,4,4,3,4,4,3,4,4,3,3,1,0,30,0,1,1,1,1,3,3,3,3,1,1,1,1,1,3,3,3,3,3,1,1,1,1,1,3,2,2,3,3,1,1,2,2,1,1,1,1,1,1,1,1,2,2,2,2,1,1,1,1,2,2,2,2,1,1,1,1,1,3,4,4,3,3,4,3,3,3,3,4,3,4,3,3,4,3,3,3,3,4,3,3,3,3,3,3,4,3,3,3,2,4,3,2,4,3,3,3,3,3,4,3,3,1,1,1,1,1,1,1, ,1,1,1,1,1,1,1, ,3,3,4,4,3,3,3,3,1, , ,3,4, , , , , ,3,3,4,3,3,2,3,3,4,3,4, , , ,4,29,2,0.983399111
12905,6,1,1,1, , ,2,2,1,32000, ,0, ,65000, ,1, ,1,3, ,3,4,2,2,2,2,3,3,3,3,2,2,3,3,4,3,3,2,3,3,3,3,4,3,4,3,3,3,3,3,4,3,4,3,4,3,3,3,1,0,30,0,1,1,1,1,3,3,2,2,1,1,1,1,1,2,3,3,2,2,1,1,1,1,1,3,2,4,3,2,1,1,2,2,1,1,3,2,1,1,1,1,2,2,2,3,1,1,1,1,3,2,2,3,1,1,1,1,1,3,2,3,2,3,3,2,3,2,3,3,4,3,3,3,4,3,3,3,4,3,3,2,3,3,3,3,4,3,3,3,2,3,4,3,2,3,3,3,3,3,3,3,3,1,1,1,1,1,1,1,1,1,1,1,1,1,1,1,1,3,3,3,3,3,3,3,3,1, , ,3,4, , , , , ,3,4,3,3,2,3,3,3,3,3,4, , ,3,4,36,2,1.020749108
12910,6,1,1,1, , ,2,2,1,33000, ,0, ,68000, ,1, ,1,3, ,3,4,4,2,2,2,3,3,3,3,3,3,2,3,3,3,4,3,3,3,4,3,3,3,4,3,3,3,3,3,4,3,3,3,3,3,4,3,1,0,30,0,1,1,1,1,2,3,3,1,1,1,1,1,1,3,3,3,2,2,1,1,1,1,1,3,3,3,3,2,1,1,2,2,1,1,2,2,1,1,1,1,2,2,2,2,1,1,1,1,2,2,2,2,1,1,1,1,1,3,4,3,3,3,3,2,3,3,3,3,4,3,3,3,4,3,3,4,3,3,3,4,3,3,3,3,4,3,3,3,2,4,3,4,3,3,4,3,3,3,3,3,3,1,1,1,1,1,1,1,1,1,1,1,1,1,1,1,1,3,3,3,3,3,3,3,3,1, , ,3, , , , , , ,4,4,3,4,3,3,3,3,4,3,4, , ,3,4,35,2,0.983399111
12918,6,1,2,1, , ,1,2,1,33000, ,0, ,65000, ,1, ,1,2, ,3,4,4,2,2,2,3,3,3,3,3,2,3,3,4,3,3,2,3,3,3,4,3,3,3,3,4,3,3,3,4,3,3,3,3,2,3,3,1,5,30,0,3,2,1,1,3,3,3,2,4,2,3,2,1,4,4,2,3,2,3,2,2,2,2,2,3,2,3,2,2,2,2,2,2,2,2,2,2,2,2,2,2,2,2,2,2,2,2,2,2,2,2,2,1,1,1,1,1,3,3,2,3,3,3,2,3,3,3,3,3,4,3,3,3,3,3,3,4,4,3,3,3,3,3,3,3,3,2,3,2,3,4,3,3,4,3,2,3,3,3,3,3,1,1,1,1,1,1,1,1,1,1,1,1,1,1,1,1,3,3,3,3,3,3,3,3,1, , ,3, , , , , , ,3,3,4,4,3,4,3,3,4,3,4, , , ,4,36,2,0.983399111
12923,6,1,2,1, , ,2,2,1,33000, ,0, ,65000, ,1, ,1,3, ,3,4,2,2,2,2,4,4,4,4,4,4,3,3,3,4,4,4,4,4,3,4,3,4,4,3,3,3,3,3,3,4,3,3,3,3,3,2,1,20,30,0,3,3,2,2,3,3,2,2,2,2,2,2,2,2,3,3,3,2,3,2,2,2,2,3,3,2,2,2,2,2,2,2,1,2,2,2,2,2,2,2,2,2,2,2,2,2,2,2,2,2,2,2,1,1,1,1,1,2,2,2,3,3,4,3,3,3,3,4,3,3,3,3,4,3,3,2,3,3,3,3,3,2,3,4,3,3,2,3,2,4,4,3,3,4,3,2,3,3,3,3,3,1,1,1,1,1,1,1,1,1,1,1,1,1,1,1,1,2,3,3,4,3,4,3,3,1, , ,3,4, , , , , ,4,3,4,3,3,3,3,4,3,3,4, , , ,4,47,1,0.983399111
12929,6,1,2,1, , ,2,2,1,33000, ,0, ,45000, ,1, ,1,3, ,3,3,2,2,2,2,3,3,3,3,2,2,2,3,3,2,3,3,3,3,3,2,2,3,3,3,3,3,3,3,2,2,2,3,3,3,2,2,1,0,30,0,1,1,1,1,3,3,2,1,1,1,1,1,1,2,2,2,2,2,1,1,1,1,1,3,3,2,2,2,1,1,2,2,1,1,2,2,1,1,1,1,2,2,2,2,1,1,1,1,2,2,2,2,1,1,1,1,1,3,4,2,3,3,2,3,3,3,2,3,3,3,2,3,3,2,3,3,3,2,2,3,3,3,2,3,3,2,3,3,2,3,3,2,3,3,2,3,3,2,3,3,2,1,1,1,1,1,1, , ,1,1,1,1,1,1, , ,4,3,3,3,3,3,3,3,1, , ,3,4, , , , , ,3,3,3,4,3,3,2,3,3,3,4, , , ,4,48,2,0.983399111
12937,6,1,2,1, , ,2,2,1,33000, ,0, ,65000, ,1, ,1,3, ,3,3,4,3,3,3,3,2,3,2,2,3,3,4,3,3,4,3,3,3,3,4,3,3,4,3,3,3,3,4,3,3,4,3,3,3,3,3,1,0,30,0,1,1,1,1,3,3,3,1,1,1,1,1,1,3,3,4,3,3,1,1,1,1,1,3,3,3,2,2,1,1,3,3,1,1,2,2,1,1,1,1,2,3,3,3,1,1,1,1,3,3,2,2,1,1,1,1,1,3,2,3,2,3,3,2,2,3,3,3,3,3,3,3,4,3,3,3,4,3,3,3,3,3,3,3,4,3,2,3,2,3,3,3,2,2,3,3,3,3,2,3,3,1,1,1,1,1,1,1,1,1,1,1,1,1,1,1,1,3,3,4,3,2,3,3,3,1, , ,3,4, , , , , ,3,3,2,3,3,2,3,3,2,3,4, , , ,4,41,2,0.983399111
12941,6,1,2,1, , ,2,2,1,30000, ,0, ,32000, , , , ,3, ,3,1,1,1,1,1,1,1,1,1,1,1,1,1,1,1,1,1,1,1,1,1,1,1,1,1,1,1,1,1,1,1,1,1,1,1,1,1,3, , , , , , , , , , , , , , , , , , , , , , , , , , , , , , , , , , , , , , , , , , , , , , , , , , , , , , , , , , , , ,2,2,2,2,2,3,3,2,2,2,3,2,1,2,1,1,1,1,2,2,2,2,2,2,2,2,2,2,2,2,2,2,1,1,1,1,1,1,1,1,1,1,1,1, , , , , , , , , , , , , , , , ,2,2,2,1,1,1,1,1, , , , , , , , , , ,2,1,1,2,2,2,2,2,2,2,4,1, , , ,40,2,0.993377503
12946,6,1,2,1, , ,2,2,1,33000, ,0, ,45000, ,1, ,1,3, ,3,3,4,3,3,3,3,3,3,2,2,2,2,3,3,3,4,3,3,3,3,2,3,3,3,3,3,3,3,3,4,3,3,2,3,3,3,3,1,0,30,0,1,1,1,1,3,3,3,2,1,1,1,1,1,3,2,3,2,2,1,1,1,1,1,2,2,3,3,2,1,1,2,2,1,1,2,2,1,1,1,1,3,3,2,2,1,1,1,1,3,2,2,1,1,1,1,1,1,2,2,3,3,2,3,3,3,3,2,3,3,2,3,3,3,3,2,3,3,3,4,3,3,3,3,3,4,3,3,3,2,3,3,2,3,2,2,2,2,3,2,2,3, ,1,1, , , , , , ,1,1, , , , , ,3,3,3,3,3,3,4,3,1, , ,3, , , , , , ,3,3,3,4,3,3,4,3,3,3,4, ,2,3, ,27,2,0.993377503
12952,6,1,2,1, , ,2,2,1,33000, ,0, ,45000, ,1, ,1,3, ,3,3,2,2,2,2,2,2,2,3,2,2,2,4,3,3,3,2,3,3,3,3,2,3,3,3,2,3,3,3,3,2,3,3,2,3,3,2,1,0,30,0,1,1,1,1,3,3,3,2,1,1,1,1,1,3,2,2,2,1,1,1,1,1,1,2,3,2,2,2,1,1,2,2,1,1,2,2,1,1,1,1,3,2,3,2,1,1,1,1,2,2,2,2,1,1,1,1,1,3,3,3,3,2,2,3,3,2,2,3,3,2,2,3,3,2,2,3,3,4,4,4,4,3,3,3,3,3,2,3,2,3,2,2,3,2,3,3,3,3,3,2,3,1,1,1,1,1,1,1,1,1,1,1,1,1,1,1,1,3,4,3,3,3,4,3,3,1, , ,3,4, , , , , ,3,3,2,3,3,2,3,3,3,3,4, ,2,3, ,29,2,0.993377503
12958,6,2,2,1, , ,2,2,1,0, ,0, ,75000, , , ,1, , ,4,4,2,2,2,2,3,3,3,3,3,3,2,3,3,3,3,4,3,3,3,3,2,3,3,3,3,2,3,3,3,3,2,3,3,3,3,3,1,0,30,0,1,1,1,1,3,3,2,2,1,1,1,1,1,3,3,2,3,3,1,1,1,1,1,4,4,3,3,2,1,1,2,2,1,1,2,2,1,1,1,1,2,3,2,2,1,1,1,1,2,2,2,2,1,1,1,1,1,3,2,2,3,2,2,3,3,3,3,3,3,2,2,3,3,2,3,3,3,3,2,3,3,3,3,3,3,2,3,2,2,3,3,3,2,3,3,3,3,3,2,3,3,1,1,1,1,1,1,1, ,1,1,1,1,1,1,1, ,3,3,3,2,4,4,4,3,1, , ,3,4, , , , , ,3,3,2,4,4,3,3,4,3,3,4, , ,3,4,29,2,0.993377503
12962,6,2,2,1, , ,2,2,1,0, ,0, ,55000, , , , , , ,3,3,3,2,2,2,2,2,2,2,2,2,1,3,3,2,2,3,3,2,3,3,2,3,3,2,3,3,2,3,3,2,3,2,3,3,2,3,1,0,30,0,1,1,1,1,2,3,3,1,1,1,1,1,1,2,2,2,2,2,1,1,1,1,1,2,2,2,2,2,1,1,2,2,1,1,2,2,1,1,1,1,2,2,2,2,1,1,1,1,2,2,2,1,1,1,1,1,1,3,2,3,2,3,2,2,3,3,2,3,3,2,2,3,3,2,3,3,3,2,2,3,2,2,3,3,2,3,2,3,2,3,3,2,2,3,3,2,2,2,3,2,3,1,1,1,1,1, , , ,1,1,1,1,1, , , ,3,3,3,3,3,3,3,3,1, , ,3,4, , , , , ,3,2,3,3,3,3,3,3,3,3,4, , ,3,4,27,2,0.993377503
12966,6,2,2,1, , ,2,2,1,0, ,0, ,65000, , , , , , ,3,3,4,3,3,3,3,3,3,3,3,3,3,3,3,2,3,3,3,3,3,3,2,3,3,3,4,3,3,3,4,3,4,3,3,3,3,3,1,0,30,0,1,1,1,1,2,3,3,1,1,1,1,1,1,3,3,2,2,2,1,1,1,1,1,2,2,2,2,2,1,1,2,2,1,1,2,2,1,1,1,1,2,2,2,2,1,1,1,1,2,2,2,2,1,1,1,1,1,3,2,3,3,3,2,3,3,2,2,3,3,2,3,3,3,3,3,3,2,3,3,4,3,2,3,3,3,2,3,3,2,3,2,3,3,4,3,2,3,3,3,3,3,1,1,1,1,1,1,1,1,1,3,1,1,1,1,1,1,3,4,4,3,3,4,3,3, , , , , , , , , , ,3,3,2,3,4,3,3,3,3,3,4, , , ,4,34,1,0.993377503
12973,6,1,2,1, , ,2,2,1, ,1, ,1, ,1, , , ,3,3,3,3,2,2,2,2,3,3,3,3,3,3,2,3,3,3,2,3,3,3,3,3,2,3,3,3,3,3,3,3,3,3,3,2,3,3,4,3,1,0,30,0,1,1,1,1,3,3,2,1,1,1,1,1,1,3,3,3,2,1,1,1,1,1,1,3,3,3,2,2,1,1,2,2,1,1,2,2,1,1,1,1,2,2,2,2,1,1,1,1,3,3,2,2,1,1,1,1,1,3,3,2,2,2,3,3,3,2,3,3,3,2,3,3,3,3,3,3,3,3,3,3,4,3,3,3,4,3,3,3,2,3,4,3,3,2,3,3,3,4,3,3,3,1,1,1,1,1,1,1,1,1,1,1,1,1,1,1,1,3,3,3,3,3,2,4,3,1, , ,3,4, , , , , ,3,3,2,3,4,3,3,3,3,3,4, , , ,4,36,2,0.993377503
12979,6,1,2,1, , ,2,2,1,33000, ,0, ,55000, ,1, ,1,3, ,3,3,3,4,3,3,3,3,3,3,2,3,2,3,3,2,3,3,3,2,3,3,3,2,3,3,3,3,3,3,3,3,2,2,3,3,3,3,1,0,30,0,1,1,1,1,2,3,2,1,1,1,1,1,1,3,3,3,2,2,1,1,1,1,1,3,3,3,2,1,1,1,2,2,1,1,2,2,1,1,1,1,3,3,3,2,1,1,1,1,2,3,3,2,1,1,1,1,1,3,3,2,3,3,2,3,2,3,3,3,3,2,3,3,3,2,3,3,3,2,3,3,2,3,3,3,3,3,2,3,2,3,3,3,2,3,3,3,3,2,3,3,3,1,1,1,1,1,1,1,1,1,1,1,1,1,1,1,1,3,3,3,3,3,3,3,3,1, , ,3,4, , , , , ,3,3,3,3,4,3,3,2,3,3,4, , ,3,4,40,1,0.993377503
12983,6,1,1,1, , ,1,2,1,35000, ,0, ,55000, ,1, ,1,3, ,3,3,3,2,2,2,3,3,2,3,3,3,2,3,3,3,4,3,3,3,3,3,3,4,3,3,3,3,3,3,4,3,3,3,3,2,3,3,1,0,30,10,1,1,1,1,2,4,3,2,1,1,1,1,1,3,3,2,3,2,1,1,1,1,1,3,3,3,3,3,1,1,2,2,1,1,2,2,1,1,1,1,3,3,3,3,1,1,1,1,2,3,3,3,3,1,1,1,1,3,3,4,4,3,3,3,3,3,3,3,3,3,3,3,4,3,3,3,3,4,3,3,3,3,2,3,3,3,4,3,2,3,4,3,3,4,3,3,3,3,4,3,3,1,1,1,1,1,1,1,1,1,3,1,2,1,1,1,1,4,4,4,4,4,4,3,3, , , , , , , , , , ,3,4,3,3,3,3,4,3,3,3,4, , , ,4,30,2,1.020749108
12990,6,1,2,1, , ,2,2,1,33000, ,0, ,55000, ,1, ,1,3, ,3,3,3,4,3,3,2,3,2,3,2,3,2,3,3,3,3,2,2,3,3,3,2,3,3,3,3,2,3,3,3,3,3,2,3,3,3,2,1,0,30,0,1,1,1,1,3,3,3,3,1,1,1,1,1,3,3,3,3,2,1,1,1,1,1,3,3,3,3,3,1,1,2,2,1,1,2,2,1,1,1,1,2,2,2,2,1,1,1,1,3,2,3,2,1,1,1,1,1,3,2,3,2,3,3,2,2,2,2,3,3,2,2,3,3,3,2,3,3,3,2,2,3,3,2,3,3,2,3,2,2,3,3,2,3,3,2,2,3,3,2,3,3,1,1,1,1,1,1,1,1,1,1,1,1,1,1,1,1,3,3,3,3,3,3,3,3,1, , , ,4, , , , , ,3,4,3,3,3,2,3,3,3,3,4, , , ,4,32,2,1.020749108
12994,6,1,2,1, , ,2,2,1,33000, ,0, ,55000, ,1, ,1,3, ,3,3,4,3,3,3,3,3,3,3,3,3,3,3,4,3,3,4,3,3,4,3,3,3,4,3,3,3,3,4,3,2,3,3,3,4,3,3,1,10,30,0,3,2,1,1,2,3,2,2,2,2,2,2,1,3,3,3,2,2,2,2,2,2,2,3,3,3,3,2,3,3,3,3,2,2,3,3,2,2,2,2,3,2,3,2,3,2,2,3,3,3,2,2,3,2,3,2,2,3,3,3,2,3,3,2,3,3,3,3,3,2,3,3,3,4,3,3,3,4,3,3,2,3,3,4,3,3,2,3,2,4,3,3,2,3,3,3,3,4,3,3,3,1,1,1,1,1,1,1,1,1,1,1,1,1,1,1,1,3,3,3,3,3,3,3,3,1, , , ,4,5, , , , ,3,2,3,3,4,3,3,2,3,3,4, , ,3, ,36,2,1.020749108
12997,6,2,2,1, , ,1,2,1,32000, ,0, ,55000, ,1, ,1,3, ,3,3,2,2,2,2,3,3,3,3,3,3,2,3,3,2,2,3,3,3,4,3,3,3,3,3,3,3,3,3,3,2,2,3,3,3,2,3,1,0,30,0,1,1,1,1,3,3,3,2,1,1,1,1,1,3,3,3,2,1,1,1,1,1,1,2,3,2,2,3,1,1,3,2,1,1,2,2,1,1,1,1,3,3,2,2,1,1,1,1,3,3,2,2,2,3,2,3,3,3,3,3,2,2,3,3,3,3,2,3,3,3,2,3,3,3,2,3,3,3,3,4,3,3,3,3,3,3,3,2,2,3,3,2,3,3,3,3,2,3,3,3,3,1,1,1,1,1,1,1, ,1,1,1,1,1,1,1, ,3,3,4,4,4,3,3,3,1, , , ,4,5, , , , ,4,3,3,3,4,3,3,3,3,3,4, , ,3,4,32,2,0.993377503
13004,6,1,2,1, , ,2,2,1,35000, ,0, ,55000, ,1, ,1,3, ,3,3,2,2,2,2,3,3,3,3,3,3,2,3,4,3,3,2,3,3,3,3,3,2,3,3,3,3,3,3,3,3,2,3,3,2,3,3,1,0,30,0,1,1,1,1,3,3,3,2,1,1,1,1,1,2,2,3,2,2,1,1,1,1,1,3,2,3,3,3,1,1,2,2,1,1,2,2,1,1,1,1,2,2,2,2,1,1,1,1,2,2,2,2,1,1,1,1,1,3,3,4,3,3,3,3,3,3,3,3,3,3,3,3,4,3,3,3,4,3,3,3,3,2,3,4,3,3,3,3,2,3,3,4,3,3,3,3,3,4,3,3,3,1,1, , , , , , ,1,1, , , , , , ,3,3,3,3,3,4,3,3,1, , ,3,4, , , , , ,3,3,3,4,3,3,3,4,3,3,4, , , ,4,40,2,0.993377503
13009,6,2,2,1, , ,1,2,1,33000, ,0, ,55000, ,1, ,1,3, ,4,3,2,2,2,2,3,3,3,2,3,3,2,3,3,3,3,3,3,3,4,3,4,3,3,4,3,4,3,3,3,3,3,4,3,3,3,2,1,10,30,0,1,1,1,1,3,2,3,2,1,1,1,1,1,2,4,2,3,3,1,1,1,1,1,2,4,3,3,2,1,1,2,2,1,1,2,2,1,1,1,1,2,2,2,2,1,1,1,1,3,3,2,2,1,1,1,1,1,3,2,3,2,2,3,3,2,3,3,3,3,3,3,2,3,3,2,3,3,2,3,3,3,2,2,3,3,2,3,2,2,3,2,3,3,2,3,3,3,2,2,3,3,1,1,1,1,1,1,1,1,1,1,1,1,1,1,1,1,3,3,4,4,4,3,3,3,1, , , ,4,5, , , , ,3,4,3,3,3,3,4,3,2,3,4, , ,3,4,36,2,0.993377503
13018,6,1,2,1, , ,2,2,1,33000, ,0, ,55000, ,1, ,1,3, ,3,4,2,2,2,2,3,3,3,3,3,2,2,3,4,3,3,3,3,3,4,3,3,3,3,2,3,3,3,3,3,3,2,3,3,3,3,3,3, , , , , , , , , , , , , , , , , , , , , , , , , , , , , , , , , , , , , , , , , , , , , , , , , , , , , , , , , , , , ,3,3,3,4,3,3,3,3,2,3,3,3,3,3,4,3,3,3,4,3,3,3,4,3,3,3,4,4,3,3,3,2,4,4,3,3,2,3,3,3,3,3,3,3,1,1,1,1,1, , , ,1,1,1,1,1, , , ,3,3,3,3,3,3,3,4,1, , , ,4,5, , , , ,3,3,3,2,3,3,3,3,2,3,4, , ,3,4,33,2,0.993377503
13021,6,1,2,1, , ,1,2,1,33000, ,0, ,55000, ,1, ,1,3, ,3,3,2,2,2,2,3,3,3,3,2,2,2,3,4,3,4,3,3,3,3,3,3,3,4,3,3,4,3,4,3,2,3,3,3,3,4,3,1,10,30,0,2,2,1,1,3,3,3,2,3,2,2,2,1,2,3,2,2,1,1,2,2,1,1,3,3,3,2,2,1,1,3,3,1,1,2,2,1,1,2,2,3,3,3,2,1,1,1,1,3,3,2,3,1,1,1,1,1,3,3,3,3,2,3,3,3,3,3,3,3,3,3,3,4,3,3,4,3,3,3,3,2,3,3,4,3,3,3,3,2,4,3,2,3,3,3,3,3,4,4,3,3,1,1, , , , , , ,1,1, , , , , , ,3,3,3,4,3,3,3,3,1, , ,3,4, , , , , ,3,4,3,4,3,3,3,4,3,3,4, , , ,4,34,2,0.993377503
13028,6,1,1,1, , ,1,2,1,35000, ,0, ,45000, ,1, ,1,3, ,4,3,2,3,2,2,3,3,3,3,3,3,2,3,3,4,3,3,3,4,3,3,3,2,3,3,3,3,3,4,3,3,2,3,3,3,4,3,1,10,30,0,2,2,1,1,3,2,2,2,2,2,1,1,1,2,2,2,2,1,2,2,2,2,1,2,3,3,2,1,2,2,2,2,1,1,2,2,2,2,2,2,3,3,2,2,2,2,2,2,2,2,3,2,1,1,1,1,1,3,3,4,3,3,3,4,3,3,3,3,4,3,3,3,3,4,3,3,3,3,3,3,2,3,3,3,3,3,2,3,2,3,4,3,3,3,3,2,3,3,3,3,3,1,1, , , , ,1,1,1,1, , , , ,1,1,3,3,4,3,3,3,3,3,1, , ,3,4, , , , , ,3,3,4,3,3,3,3,3,4,3,4, , ,3,4,40,2,0.993377503
14262,6,1,2,1, , ,2,1,1, ,1, ,1, ,1, , , ,2,2,2,2,3,3,3,3,1,1,1,1,1,1,1,3,2,2,3,3,2,2,3,2,2,2,2,3,3,3,3,3,2,2,2,2,2,3,2,2,1,0,30,0,1,1,1,1,4,1,2,2,1,1,1,1,1,4,4,2,3,1,1,1,1,1,1,4,4,4,2,3,1,1,2,2,1,1,2,3,1,1,1,1,1,1,1,1,1,1,1,1,2,1,1,2,1,1,1,1,3,3,3,2,2,3,3,3,3,3,3,3,3,3,3,2,2,2,2,2,3,2,3,3,3,3,3,2,2,3,3,3,2,2,2,1,1,2,2,2,2,2,3,3,2, ,1, , , , , , , ,2, , , , , , ,3,4,3,3,3,2,3,2,1,1,2,3, ,5, , , , ,3,3,3,2,3,3,3,3,3,3,4,1,2, , ,34,2,0.993377503
14279,6,2,2,1, , ,2,1,1, ,1, ,1, ,1, , , ,2,2,2,2,3,3,3,3,1,1,1,1,1,1,1,3,2,2,3,3,2,2,3,2,2,3,2,3,3,3,3,3,2,2,3,2,2,3,2,2,1,0,30,5,1,1,1,1,4,1,3,2,1,1,1,1,1,4,4,2,3,2,1,1,1,1,1,4,3,3,2,2,1,1,3,4,1,1,2,3,1,1,1,1,1,1,1,1,1,1,1,1,2,1,1,2,1,1,1,1,3,3,3,3,2,3,3,3,3,3,3,3,3,3,3,2,3,2,3,2,3,3,3,3,2,3,3,2,2,3,3,3,2,3,3,2,2,2,2,2,2,2,2,2,2, ,1,1, , , , , , ,2,2, , , , , ,3,4,3,3,3,3,3,3,1,1,2,3,4,5, , , , ,3,2,3,3,3,3,3,3,3,4,3,1,2, , ,33,2,1.020749108
14422,6,1,2,1, , ,2,1,1, ,1, ,1,150000, , , ,1,2,2,3,4,1,1,3,1,2,2,2,2,2,2,1,2,2,2,3,2,2,1,2,2,2,4,2,4,4,4,4,3,2,2,2,2,2,2,2,2,1,15,30,0,2,2,1,1,4,3,4,1,2,1,1,2,1,4,4,2,3,1,1,4,4,2,1,4,4,4,2,1,2,3,4,4,2,2,4,4,2,1,2,1,3,1,2,2,3,1,1,1,1,1,2,4,3,2,2,2,4,3,2,3,2,2,3,3,3,4,3,4,4,4,4,2,2,2,4,3,3,3,3,3,3,3,1,3,3,2,4,2,1,2,2,2,3,3,4,3,3,3,2,2,1,1,1,1,1,1,1,1,1,2,4,2,4,2,4,2,4,3,4,3,4,2,4,3,4, , , , , , , , , , ,4,3,4,3,2,3,4,4,3,2,4,1, ,3, ,39,2,0.985680343
14757,6,1,1,1, , ,1,1,1,25000, , ,1,60000, , , , ,3,2,3,3,4,3,3,1,3,3,3,3,3,2,2,3,3,3,3,2,2,3,3,3,3,3,3,3,3,3,3,3,4,3,3,3,2,2,3,3,1,20,28,5,4,2,3,3,4,2,3,3,4,4,2,3,3,4,4,2,3,3,4,4,4,4,3,4,4,3,3,3,4,4,4,4,4,4,4,4,4,4,4,4,4,4,4,4,4,4,4,4,4,4,4,4,3,4,4,2,3,3,3,3,3,4,3,3,3,4,3,3,3,4,3,3,3,4,4,3,3,4,3,4,3,3,3,3,3,4,4,3,1,3,4,3,4,3,3,4,3,4,4,3,3,1, ,1,1, , , ,1,4, ,3,4, , , ,4,3,3,3,4,4,3,4,4, , , , , , , , , , ,3,3,4,3,3,4,3,3,3,4,1,1, , , ,29,1,1.020749108
15155,6,1,2,1, , ,2,1,1, ,1, ,1,300000, , , ,1,2,2,3,1,1,1,4,1,1,1,1,1,1,1,1,3,3,1,3,3,2,1,2,1,1,1,1,2,2,2,3,2,1,2,2,2,2,2,2,2,1,0,30,0,1,1,1,1,2,1,1,1,1,1,1,1,1,3,3,1,1,1,1,1,1,1,1,2,2,3,1,1,1,1,1,1,1,1,3,1,1,1,1,1,1,1,1,1,1,1,1,1,1,1,1,2,1,1,3,1,2,3,3,2,2,2,3,3,3,3,3,3,3,3,2,2,2,2,2,2,2,3,3,3,3,3,3,2,2,2,3,2,1,2,2,2,2,2,2,2,2,2,2,2,2, ,1, , , , , , , ,4, , , , , , ,2,3,3,3,2,3,2,2, , , , , , , , , , ,3,3,3,3,3,3,3,2,3,3,4,1,2, , ,36,1,1.020749108
15161,6,2,2,1, , ,2,1,1, ,1, ,1,160000, , , ,1,2,2,3,1,1,1,4,1,1,1,1,1,1,1,1,3,3,2,4,3,2,2,3,2,2,2,2,2,2,2,2,3,2,3,2,2,2,3,3,2,1,0,30,0,1,1,1,1,2,1,1,2,1,1,1,1,1,1,3,1,1,1,1,1,1,1,1,2,2,3,1,1,1,1,1,1,1,1,3,1,1,1,1,1,1,1,1,1,1,1,1,1,1,1,1,2,1,1,3,1,2,3,4,4,2,2,3,3,3,3,3,3,3,3,3,2,2,2,3,2,3,3,3,3,3,3,3,2,2,3,3,2,1,3,3,2,2,2,2,2,2,2,2,2,2, ,1, , , ,1, , , ,3, , , ,1, , ,2,3,3,2,2,3,2,2, , , , , , , , , , ,3,3,3,3,3,3,3,3,3,3,4,1,2, , ,38,2,1.020749108
15169,6,1,1,1, , ,1,1,1, ,1,0, ,70000, , , , ,2, ,3,3,3,3,3,3,4,4,4,4,4,4,4,4,4,4,4,4,4,4,4,4,4,4,4,4,4,4,4,4,4,3,4,4,3,3,3,3,1,30,30,0,2,3,2,2,2,2,4,3,1,1,1,1,1,4,4,2,4,2,2,2,2,2,2,4,4,4,2,2,1,1,3,2,2,2,4,4,2,2,2,1,2,2,2,1,1,1,1,3,2,2,3,2,2,1,3,1,3,3,3,4,4,4,4,3,3,3,3,3,3,3,3,3,3,3,3,3,2,3,3,3,3,3,2,2,2,3,2,2,1,3,2,2,2,3,3,3,2,2,3,2,3,1,1,1,1,1,1,1,1,1,3,2,2,1,3,1,2,3,3,3,3,3,3,3,3, , , , , , , , , , ,3,3,3,3,3,4,3,4,3,3,3, , , ,4,46,2,0.985680343
15171,6,1,2,1, , ,1,1,1, ,1, ,1,150000, , , , ,2,2,2,4,1,1,4,1,3,2,2,3,2,2,3,3,3,3,3,2,3,3,3,2,3,4,2,4,4,4,4,3,3,3,2,3,2,3,2,2,1,20,30,15,2,2,3,2,4,4,4,1,2,4,2,2,2,4,4,4,4,1,4,2,4,2,2,4,4,4,1,1,4,4,4,4,2,3,4,4,1,1,1,1,1,2,2,2,1,1,1,1,2,1,2,1,1,4,4,2,4,4,3,4,3,3,2,3,3,3,4,4,4,4,4,4,4,4,4,4,2,3,3,2,3,2,2,3,1,3,2,2,1,3,3,3,2,2,2,3,4,3,3,2,3,1,1,1,1,1,1,1,1,2,4,3,4,1,4,1,3,2,4,3,4,1,4,2,3, , , , , , , , , , ,4,4,4,4,4,4,3,2,3,3,4,1,2,3, ,44,1,1.020749108
15182,6,1,2,1, , ,2,2,1, ,1, ,1,230000, , , ,1,2,2,3,1,1,1,4,1,1,1,1,1,1,1,1,3,2,1,3,3,2,2,2,1,3,1,1,1,1,2,3,2,1,3,2,2,2,3,3,2,1,0,30,0,1,1,1,1,2,1,3,2,1,1,1,1,1,1,3,1,1,1,1,1,1,1,1,2,2,3,2,1,1,1,1,1,1,1,2,2,1,1,1,1,1,1,1,1,1,1,1,1,1,1,1,2,1,1,3,1,2,3,4,2,2,3,3,3,3,3,3,3,3,3,3,2,2,2,3,2,3,3,3,3,3,3,3,3,3,3,3,3,1,3,3,2,2,2,2,2,2,2,3,3,3, ,1, , , ,1, , , ,3, , , ,1, , ,2,3,2,2,2,3,2,2, , , , , , , , , , ,3,3,3,3,3,3,3,3,3,3,4,1,2, , ,47,2,1.020749108
15634,6,1,2,2,2, ,2,2,1,0, ,0, ,18000, , , , , , ,4,1,1,3,1,1,2,2,1,1,2,1,2,3,4,3,3,3,3,3,3,4,3,3,4,3,3,3,3,2,4,3,3,3,2,2,3,3,3, , , , , , , , , , , , , , , , , , , , , , , , , , , , , , , , , , , , , , , , , , , , , , , , , , , , , , , , , , , , ,1,1,2,1,1,1,1,1,1,1,1,1,1,1,1,2,1,1,3,3,2,2,3,1,1,1,2,2,1,1,1,2,1,1,2,2,1,1,1,1,1,1,1,1, ,1, , , ,1, , , ,1, , , ,1, , ,1,1,1,1,1,1,1,1,1,1, , , , , , , , ,3,3,4,3,3,4,4,4,3,3,4,1, ,3, ,40,2,1.020749108
15646,6,1,1,1, , ,2,2,1, ,1, ,1, ,1, , , ,3,3,3,1,4,1,4,1,1,1,1,1,1,1,1,4,3,1,4,3,2,1,3,2,1,1,1,3,3,3,3,1,1,1,1,1,1,1,1,1,1,0,30,0,1,1,1,1,3,1,1,1,1,1,1,1,1,4,4,4,1,1,1,1,1,1,1,4,4,4,1,1,1,1,1,1,1,1,1,1,1,1,1,1,1,1,1,1,1,1,1,1,1,1,1,1,1,1,1,1,1,4,3,3,3,3,1,1,1,1,1,4,4,4,4,2,3,3,4,3,3,3,4,4,3,3,2,3,3,4,3,3,2,3,2,2,2,2,2,2,2,2,2,2,2, , , , , , , , , , , , , , , , ,2,3,2,2,1,1,3,3, , , , , , , , , , ,3,4,1,1,2,2,2,2,3,2,4,1, , , ,34,2,0.993377503
15964,6,2,2,1, , ,2,2,1,30000, ,0, ,60000, , , , ,3, ,3,3,3,3,2,2,4,4,4,4,4,4,4,3,4,3,3,3,3,3,4,4,3,3,4,3,3,3,4,4,3,4,4,3,4,4,4,3,1,0,30,0,1,1,1,1,3,3,2,3,1,1,1,1,1,2,3,3,3,2,1,1,1,1,1,3,3,3,3,3,1,1,2,2,1,1,1,1,1,1,1,1,2,2,2,2,1,1,1,1,2,2,2,2,1,1,1,1,1,3,4,4,3,3,4,3,3,3,3,4,3,4,3,3,4,3,3,3,3,4,3,3,3,3,3,3,4,3,3,3,2,4,3,3,4,3,3,3,3,3,3,3,3,1,1,1,1,1,1,1,1,1,1,1,1,1,1,1,1,3,3,3,3,3,3,3,3,1, , , ,4, , , , , ,3,3,4,3,3,3,3,3,3,3,4, , , ,4,29,2,1.020749108
15965,6,1,2,1, , ,2,2,1,30000, ,0, ,40000, ,1, ,1,3, ,3,3,3,3,3,3,3,3,3,3,3,2,3,3,3,3,3,3,3,3,3,3,3,3,3,3,3,3,3,3,3,3,3,2,3,3,3,3,1,0,30,0,1,1,1,1,2,3,2,3,1,1,1,1,1,3,2,3,2,2,1,1,1,1,1,3,2,3,3,2,1,1,2,2,1,1,2,2,1,1,1,1,2,2,2,2,1,1,1,1,3,3,2,2,1,1,1,1,1,2,2,3,3,3,3,3,3,3,2,3,3,2,3,3,3,3,2,3,3,3,3,3,3,3,3,3,3,3,3,3,2,3,3,2,3,2,2,2,2,2,2,3,3, ,1,1, , , , , , ,1,1, , , , , ,3,3,3,3,3,3,3,3,1, , ,3, , , , , , ,3,3,3,3,3,3,3,3,3,3,4, ,2, , ,28,2,1.020749108
15967,6,1,2,1, , ,2,2,1,30000, ,0, ,40000, , , , ,3, ,3,3,2,2,2,2,2,2,2,2,2,2,2,3,3,3,3,2,3,3,3,3,2,3,3,3,3,3,3,3,3,3,2,3,3,3,3,2,1,0,30,0,1,1,1,1,3,2,3,3,1,1,1,1,1,3,2,3,3,2,1,1,1,1,1,3,3,2,2,2,1,1,2,2,1,1,2,2,1,1,1,1,3,2,3,3,1,1,1,1,2,2,2,2,1,1,1,1,1,3,3,3,3,3,3,3,3,3,3,3,3,2,2,3,3,2,2,3,3,3,3,4,4,3,3,3,3,3,2,3,2,3,3,3,3,3,2,3,2,3,3,3,2, , , , , , , , , , , , , , , , ,3,3,3,3,3,3,3,3, , , , , , , , , , ,3,3,3,2,3,3,3,3,3,3,4, , ,3, ,29,2,1.020749108
15970,6,2,2,1, , ,2,2,1,0, ,0, ,60000, , , ,1, , ,4,4,2,2,2,2,3,3,3,2,2,3,2,3,3,3,3,3,4,3,3,3,2,3,3,3,3,2,3,3,3,3,3,3,3,3,3,3,1,0,30,0,1,1,1,1,3,3,2,2,1,1,1,1,1,3,3,3,2,3,1,1,1,1,1,4,4,3,3,3,1,1,2,2,1,1,2,2,1,1,1,1,2,3,2,2,1,1,1,1,2,2,2,2,1,1,1,1,1,3,2,2,3,2,2,3,3,3,3,3,3,2,2,3,3,2,3,3,3,3,2,3,3,3,3,3,3,2,3,2,2,3,3,3,2,3,3,3,3,3,2,3,3,1,1,1,1,1,1,1,1,1,1,1,1,1,1,1,1,3,3,3,3,3,3,3,3,1, , ,3, , , , , , ,3,3,3,4,4,3,3,4,3,3,4, , ,3, ,29,2,1.020749108
15973,6,1,2,1, , ,2,2,1,0, ,0, ,50000, , , , , , ,3,3,2,2,2,2,4,3,3,4,3,3,3,3,3,3,3,3,3,3,3,3,3,3,4,3,3,4,3,3,3,3,4,3,4,3,3,3,1,0,30,0,1,1,1,1,3,3,3,2,1,1,1,1,1,4,4,4,3,3,1,1,1,1,1,2,4,4,4,4,1,2,4,2,1,1,2,2,1,1,1,1,1,1,1,1,1,1,1,1,3,2,2,2,2,1,1,1,3,3,4,3,2,3,3,4,3,3,3,3,3,3,3,3,3,3,3,3,3,3,3,3,3,3,3,3,3,3,3,3,2,3,3,4,2,2,2,3,4,4,2,2,2, , , , , , , , , , , , , , , , ,1,1,1,2,1,1,1,1, , , , , , , , , , ,3,1,1,1,2,2,1,2,2,2,4, , ,3, ,29,1,1.020749108
15976,6,1,2,1, , ,2,2,1, ,1, ,1, ,1, , , ,3,3,3,3,3,3,3,3,3,3,3,3,3,2,3,3,3,2,3,3,3,3,3,3,3,3,3,3,3,3,3,3,3,3,3,3,3,2,2,3,1,5,30,0,2,2,2,2,2,2,2,2,2,2,2,2,2,3,3,3,2,2,2,2,2,2,2,3,3,3,3,2,2,2,3,3,2,2,2,3,2,2,2,2,2,2,2,2,2,2,2,2,2,2,2,2,2,2,2,2,2,3,3,3,3,3,3,2,3,3,3,3,3,3,3,3,3,3,3,3,3,3,3,3,3,2,3,3,3,3,3,2,2,3,3,3,3,3,3,3,3,3,3,3,3,1,1,1, , , , , ,1,1,1, , , , , ,3,3,3,2,2,3,3,3,1, , , ,4, , , , , ,3,3,4,3,3,4,3,3,3,3,4, , ,3, ,34,1,1.020749108
15984,6,1,2,1, , ,2,2,1, ,1, ,1, ,1, , , ,3,3,3,3,2,2,2,2,3,3,3,3,3,2,2,3,4,3,2,3,3,3,3,3,3,3,3,2,3,3,3,3,3,3,3,3,3,3,2,3,1,0,30,0,1,1,1,1,3,3,2,2,1,2,2,2,2,3,3,3,2,2,2,2,2,2,2,3,2,2,2,2,1,1,4,3,1,1,2,2,1,1,1,1,3,3,2,2,2,2,2,2,3,2,3,3,2,3,3,2,3,3,2,4,3,3,3,3,3,3,3,3,3,3,3,3,3,3,3,3,3,3,3,3,2,3,3,3,2,3,3,2,2,3,3,3,4,3,3,3,2,3,2,3,3, , , , , , , , , , , , , , , , ,2,2,2,2,3,3,3,3, , , , , , , , , , ,3,3,3,2,3,3,3,2,3,3,4, , , ,4,49,1,1.020749108
15987,6,2,2,1, , ,2,2,1,35000, ,0, ,26000, ,1, ,1,3, ,3,2,2,1,2,1,1,1,1,1,1,1,1,1,1,1,1,1,1,1,1,1,1,1,1,1,1,1,1,1,1,1,1,1,1,1,1,1,3, , , , , , , , , , , , , , , , , , , , , , , , , , , , , , , , , , , , , , , , , , , , , , , , , , , , , , , , , , , , ,3,3,2,3,3,2,3,2,3,2,2,2,2,2,1,2,2,2,1,1,2,2,1,2,2,2,3,3,2,3,2,2,1,1,1,1,1,1,1,1,1,1,1,1, , , , , , , , , , , , , , , , ,2,2,2,1,2,2,1,2, , , , , , , , , , ,1,2,1,1,2,2,1,1,2,1,4,1, , , ,48,1,1.020749108
15988,6,2,2,1, , ,2,2,1,0, ,0, ,60000, , , , , , ,3,3,4,3,3,3,3,3,3,3,3,3,3,3,3,3,3,3,3,3,3,3,3,3,3,3,3,3,3,3,3,3,3,3,3,3,3,3,1,0,30,0,1,1,1,1,3,3,2,2,1,1,1,1,1,2,2,2,2,2,1,1,1,1,1,2,2,2,2,2,1,1,1,1,1,1,1,1,1,1,1,1,2,2,2,2,1,1,1,1,2,2,2,2,1,1,1,1,1,3,2,3,3,3,3,3,3,3,3,3,3,3,3,3,3,3,3,3,2,3,3,4,3,3,3,3,3,3,3,3,2,3,3,3,3,3,3,4,3,3,3,3,3, , , , , , , , , , , , , , , , ,3,3,3,3,3,3,3,3, , , , , , , , , , ,3,3,3,3,3,4,3,3,3,3,4, , ,3, ,33,1,1.020749108
16032,6,2,2,1, , ,2,2,1,0, ,0, ,29000, , , , , , ,2,2,2,2,2,2,2,1,1,1,1,1,1,2,3,2,2,3,2,2,2,3,2,3,2,3,3,2,2,3,3,2,2,2,2,2,2,2,1,0,30,0,1,1,1,1,3,1,3,2,1,1,1,1,1,3,3,3,3,2,1,1,1,1,1,3,3,2,3,2,1,1,3,3,1,1,3,2,1,1,1,1,3,2,3,2,1,1,1,1,2,3,3,3,2,3,2,3,2,2,3,2,3,3,3,2,3,2,2,2,3,2,2,3,3,2,2,3,3,2,3,2,2,2,2,2,3,2,3,2,2,3,2,3,2,2,2,2,2,2,2,2,2, , , , , , , , , , , , , , , , ,3,2,3,3,2,2,3,3, , , , , , , , , , ,3,3,2,2,3,2,3,2,2,3,4, , , ,4,51,2,0.983399111
16204,6,1,2,1, , ,2,2,1,19000, ,2000, ,50000, ,1,1,1,3,3,3,2,3,2,2,2,1,2,2,2,2,2,2,2,3,2,2,2,2,2,2,3,2,3,3,3,2,3,3,3,2,3,2,2,2,2,2,2,1,0,30,0,2,1,3,2,3,1,2,2,3,3,2,1,3,3,2,2,2,3,2,3,2,2,2,2,2,3,2,2,2,2,3,3,2,2,2,3,2,2,2,2,2,2,2,2,2,2,3,2,2,3,3,3,3,2,2,2,3,3,3,2,2,2,2,3,2,2,2,3,3,2,2,3,3,3,3,2,3,2,2,2,2,2,2,3,3,2,2,2,1,3,2,3,3,2,2,3,3,3,2,2,2, , , , , , , , , , , , , , , , ,2,3,2,2,3,2,2,2, , , , , , , , , , ,3,2,3,3,2,3,2,2,3,2,4, ,2, , ,26,2,0.985680343
16212,6,2,2,1, , ,2,2,1,0, ,0, ,35000, , , , , , ,3,2,3,2,2,2,2,2,2,2,2,2,2,2,3,1,2,2,2,2,2,3,2,3,3,1,3,2,3,3,3,2,2,2,2,2,2,2,1,0,30,0,1,1,1,1,3,2,2,2,1,1,1,1,1,2,2,3,3,3,1,1,1,1,1,3,2,3,2,3,1,1,3,2,1,1,3,3,1,1,1,1,2,2,2,3,1,1,1,1,2,3,2,2,2,3,2,2,2,3,3,2,2,2,3,2,2,2,2,2,2,3,2,2,2,2,2,3,3,2,2,2,2,2,2,2,3,2,2,2,2,2,3,2,2,2,3,2,2,2,2,2,3, , , , , , , , , , , , , , , , ,2,3,2,2,2,3,2,2, , , , , , , , , , ,2,3,2,2,2,2,3,2,2,2,4, , , ,4,28,2,0.985680343
16219,6,1,2,1, , ,2,2,1,0, ,0, ,45000, , , , , , ,3,2,3,2,2,2,2,2,1,1,1,1,1,2,3,2,2,2,2,2,2,3,2,3,2,3,2,2,2,2,3,2,2,2,2,2,2,2,1,0,30,0,1,1,1,1,3,1,2,2,1,1,1,1,1,3,3,3,2,2,1,1,1,1,1,2,3,2,2,2,1,1,3,3,1,1,2,2,1,1,1,1,3,2,2,2,1,1,1,1,3,3,3,2,2,3,2,2,2,2,3,2,2,2,2,2,2,2,2,2,2,2,2,2,3,2,2,2,2,2,3,2,3,2,2,2,2,1,2,2,2,2,3,2,2,3,2,3,2,2,2,3,2, , , , , , , , , , , , , , , , ,2,3,2,2,3,2,2,2, , , , , , , , , , ,2,3,2,2,2,2,2,3,3,3,4, ,2, , ,38,2,0.985680343
16228,6,2,2,1, , ,2,1,1,0, ,0, ,40000, , , , , , ,1,3,3,3,3,3,2,2,2,2,2,2,2,3,3,3,3,3,3,3,3,3,3,3,3,3,3,3,3,3,3,3,3,3,3,3,3,2,1,0,30,0,1,1,1,1,2,2,2,2,1,1,1,1,1,2,2,2,2,2,1,1,1,1,1,2,2,3,2,2,1,1,2,2,1,1,2,2,1,1,1,1,2,2,2,2,1,1,1,1,2,2,2,2,2,2,2,2,2,2,2,2,2,2,2,2,2,2,2,2,2,2,2,3,3,3,3,2,2,2,2,2,2,2,2,3,3,3,3,3,2,2,2,2,2,2,2,2,2,2,2,2,2, , , , , , , , , , , , , , , , ,1,1,1,1,1,1,1,1, , , , , , , , , , ,3,3,3,3,3,3,3,3,3,3,3,1, , , ,38,2,0.985680343
16230,6,2,2,1, , ,2,2,1,0, ,0, ,20900, , , , , , ,2,1,1,1,1,1,1,1,1,1,1,1,1,1,1,1,1,1,1,1,1,1,1,1,1,1,1,1,1,1,1,1,1,1,1,1,1,1,3, , , , , , , , , , , , , , , , , , , , , , , , , , , , , , , , , , , , , , , , , , , , , , , , , , , , , , , , , , , , ,3,3,3,3,3,2,2,2,3,2,3,3,3,2,2,2,2,2,3,3,2,3,3,3,3,2,2,2,3,2,2,2,1,1,1,1,1,2,1,1,1,1,1,1, ,1, , , , , , , ,1, , , , , , ,1,1,1,1,1,1,1,1,1, ,2,3,4, , , , , ,3,3,2,2,2,3,2,2,3,2,4,1, , , ,37,2,0.985680343
16427,6,2,2,1, , ,2,2,1,0, ,0, ,50000, , , , , , ,3,2,3,2,2,2,2,2,2,1,2,2,2,2,3,2,2,2,2,2,2,3,3,3,3,2,3,2,2,2,3,2,3,2,2,2,2,2,1,0,30,0,1,1,1,1,3,1,3,2,1,1,1,1,1,3,2,3,2,2,1,1,1,1,1,3,2,2,2,2,1,1,2,3,1,1,2,2,1,1,1,1,3,2,2,2,1,1,1,1,3,2,3,3,1,2,2,2,2,3,2,3,3,3,2,3,3,3,3,2,2,2,2,3,2,2,2,2,3,2,2,2,2,2,2,3,3,3,3,3,2,3,3,3,2,2,2,3,3,3,2,2,2, , , , , , , , , , , , , , , , ,3,2,2,2,2,2,2,2, , , , , , , , , , ,2,3,2,2,2,2,2,2,2,2,4, ,2, , ,48,2,0.985680343
16429,6,1,2,1, , ,2,2,1,20000, ,0, ,30000, ,1, ,1,3, ,3,2,3,2,2,2,2,1,2,2,1,2,2,2,3,2,2,2,2,2,2,3,2,3,2,3,2,2,2,2,3,3,2,2,2,2,2,2,1,0,30,0,1,1,1,1,3,1,2,2,1,1,1,1,1,2,2,2,2,2,1,1,1,1,1,2,2,2,2,2,1,1,3,2,1,1,2,2,1,1,1,1,2,3,2,2,1,1,1,1,2,3,2,2,2,3,2,2,2,3,3,3,3,3,3,3,2,3,2,2,3,2,2,3,3,2,2,2,2,2,3,2,2,2,3,3,3,2,2,2,2,3,2,2,2,3,2,2,2,3,2,3,3, , , , , , , , , , , , , , , , ,2,3,2,2,2,2,2,2, , , , , , , , , , ,2,3,2,2,2,2,3,3,2,2,3, ,2, , ,54,2,0.985680343
16431,6,1,1,1, , ,2,2,1,28000, ,0, ,40000, ,1, ,1,3, ,3,2,3,2,2,2,2,1,1,1,1,1,1,2,2,3,2,2,2,2,2,2,3,3,2,3,3,2,2,2,2,2,2,2,3,2,2,2,1,0,30,0,1,1,1,1,2,1,3,3,1,1,1,1,1,2,3,3,2,2,1,1,1,1,1,2,3,2,2,2,1,1,3,2,1,1,3,2,1,1,1,1,2,3,2,2,1,1,1,1,2,2,3,2,2,2,3,2,2,2,3,2,3,2,2,3,2,2,2,2,2,2,2,2,2,3,2,2,2,2,2,2,3,3,2,2,2,3,2,2,1,2,3,2,2,2,2,3,3,3,2,2,2, , , ,1,1, , , , , , ,3,2, , , ,2,3,2,3,2,2,3,2, , , , , , , , , , ,3,3,2,2,2,3,3,2,2,2,4, ,2, , ,39,2,0.985680343
16433,6,1,2,1, , ,2,2,1,20000, ,0, ,45000, ,1, ,1,3, ,3,2,2,2,2,2,1,1,1,1,1,1,1,2,2,2,2,1,1,2,2,2,2,3,2,1,1,2,3,3,2,2,2,2,1,1,2,2,1,0,30,0,1,1,1,1,2,1,2,2,1,1,1,1,1,2,4,2,3,2,1,1,1,1,1,2,2,3,3,3,1,1,3,3,1,1,2,2,1,1,1,1,3,2,2,2,1,1,1,1,2,2,2,2,2,3,2,3,2,2,3,2,2,2,2,2,2,2,2,2,2,2,2,3,3,2,2,2,2,2,3,2,2,2,3,2,2,2,2,2,1,2,3,2,2,2,2,2,2,3,2,2,2,1,1,1,1,1,1,1,1,3,2,3,2,2,2,2,3,2,3,2,2,3,3,2,2, , , , , , , , , , ,2,3,2,2,2,3,2,2,2,2,4,1, , , ,49,2,0.985680343
16439,6,2,2,1, , ,2,2,1,0, ,0, , ,1, , , , , ,1,3,3,3,3,3,3,2,3,3,3,3,2,3,3,3,3,3,3,3,3,3,3,3,3,3,3,3,3,3,3,3,3,3,3,3,3,3,1,0,30,0,1,1,1,1,2,2,2,2,1,1,1,1,1,3,2,3,2,3,1,1,1,1,1,2,2,2,2,2,1,1,2,2,1,1,2,2,1,1,1,1,3,2,3,3,1,1,1,1,2,2,2,2,3,3,3,3,3,3,3,3,3,3,3,3,3,3,3,3,3,3,3,3,3,3,3,3,3,3,3,3,3,3,3,3,3,3,3,3,2,3,3,3,3,3,3,3,3,3,3,3,3, , , , , , , , , , , , , , , , ,1,1,1,1,1,1,1,1, , , , , , , , , , ,3,3,3,3,3,3,3,3,3,3,3,1, , , ,28,1,0.993377503
16450,6,2,2,1, , ,2,2,1,0, ,0, ,50000, , , , , , ,1,3,3,3,3,3,3,3,3,3,3,3,3,3,3,3,3,3,3,3,3,3,3,3,3,3,3,3,3,3,3,3,3,3,3,3,3,3,1,0,30,0,1,1,1,1,2,2,2,2,1,1,1,1,1,2,2,2,2,2,1,1,1,1,1,2,2,2,2,2,1,1,3,2,1,1,2,2,1,1,1,1,3,2,2,2,1,1,1,1,3,2,2,3,3,3,3,3,3,3,3,3,3,3,3,3,3,3,3,3,3,3,3,3,3,3,3,3,3,3,3,3,3,3,3,3,3,3,3,3,2,3,3,3,3,3,3,3,3,3,3,3,3, , , , , , , , , , , , , , , , ,1,1,1,1,1,1,1,1, , , , , , , , , , ,3,3,3,3,3,3,3,3,3,3,4,1, ,3, ,28,2,0.993377503
16454,6,2,2,1, , ,2,2,1,0, ,0, ,50000, , , , , , ,1,3,3,3,3,3,3,2,3,3,2,3,3,3,3,3,3,3,3,3,3,3,3,3,3,3,3,3,3,3,3,3,3,3,3,3,3,3,1,0,30,0,1,1,1,1,3,2,2,3,1,1,1,1,1,2,2,3,3,3,1,1,1,1,1,2,3,3,3,3,1,1,2,2,1,2,3,2,1,1,1,1,2,3,2,2,1,1,1,1,2,3,3,2,3,3,3,3,3,3,3,3,3,3,3,3,3,3,3,3,3,3,3,3,3,3,3,3,3,3,3,3,3,3,3,3,3,3,3,3,2,3,3,3,3,3,3,3,3,3,3,3,3, , , , , , , , , , , , , , , , ,1,1,1,1,1,1,1,1, , , , , , , , , , ,3,3,3,3,3,3,3,3,3,3,3,1,2, , ,27,2,0.993377503
16458,6,2,2,1, , ,2,2,1,0, ,0, ,50000, , , , , , ,1,3,3,3,3,3,3,3,3,3,2,3,3,3,3,3,3,3,3,3,3,3,3,3,3,3,3,3,3,3,3,3,3,3,3,3,3,3,1,0,30,0,1,1,1,1,3,2,2,3,1,1,1,1,1,3,3,2,2,3,1,1,1,1,1,2,3,3,2,3,1,1,2,2,1,1,2,2,1,1,1,1,3,3,3,2,1,1,1,1,2,3,3,3,2,2,2,2,2,3,3,3,3,3,3,3,3,3,3,3,3,3,3,3,3,3,3,3,3,3,3,3,3,3,3,3,3,3,3,3,2,3,3,3,3,3,3,3,3,3,2,3,3, , , , , , , , , , , , , , , , ,2,2,2,2,2,2,2,2, , , , , , , , , , ,3,3,3,3,3,3,3,3,3,3,3,1, , , ,26,2,0.993377503
16460,6,2,2,1, , ,1,1,1,0, ,0, ,45000, , , , , , ,1,3,3,3,3,3,3,3,3,3,3,3,3,3,3,3,3,3,3,3,3,3,3,3,3,3,3,3,3,3,3,3,3,3,3,3,3,3,1,0,30,0,1,1,1,1,3,3,3,3,1,1,1,1,1,3,3,2,3,3,1,1,1,1,1,2,2,2,2,2,1,1,2,2,1,1,2,2,1,1,1,1,2,3,2,2,1,1,1,1,3,3,2,3,3,3,3,3,3,3,3,3,2,3,3,3,3,3,3,3,3,3,3,3,3,3,3,3,3,3,3,3,3,3,3,3,3,3,3,3,2,3,3,3,3,3,3,3,3,3,3,3,3, , , , , , , , , , , , , , , , ,2,2,2,2,2,2,2,2, , , , , , , , , , ,3,3,3,3,3,3,3,3,3,3,3,1, ,3, ,27,2,0.993377503
16465,6,1,2,1, , ,2,2,1,28000, ,0, ,55000, , , , ,3, ,3,2,3,2,2,2,1,1,1,1,1,1,1,3,2,2,2,2,2,2,2,2,2,2,2,3,3,3,3,2,3,2,2,2,2,2,2,2,1,0,30,0,1,1,1,1,3,1,2,2,1,1,1,1,1,2,3,3,2,2,1,1,1,1,1,3,3,3,2,2,1,1,2,2,1,1,2,2,1,1,1,1,2,2,2,3,1,1,1,1,3,2,3,2,1,3,2,2,3,3,2,3,2,2,2,3,2,3,3,2,3,2,2,2,2,3,3,3,3,3,3,2,2,3,3,2,3,2,3,2,2,2,2,2,2,2,3,3,2,2,2,2,2, , , , , , , , , , , , , , , , ,2,3,2,2,3,2,2,3, , , , , , , , , , ,3,2,3,2,2,2,3,2,2,2,4,1, , , ,28,2,0.983399111
16466,6,2,2,1, , ,2,2,1,0, ,0, ,60000, , , , , , ,1,3,3,3,3,3,3,3,3,3,3,3,3,3,3,3,3,3,3,3,3,3,3,2,3,3,3,3,3,3,3,3,3,3,3,3,3,3,1,0,30,0,1,1,1,1,2,3,3,3,1,1,1,1,1,3,3,2,3,3,1,1,1,1,1,3,3,2,3,3,1,1,2,2,1,1,2,2,1,1,1,1,3,3,2,2,1,1,1,1,3,3,3,2,3,3,3,2,3,3,3,3,3,3,3,3,3,3,3,3,3,3,3,3,3,3,3,3,3,3,3,3,3,3,3,3,3,3,3,3,2,3,3,3,3,3,3,3,3,3,3,3,3, , , , , , , , , , , , , , , , ,1,1,1,1,1,1,1,1, , , , , , , , , , ,3,3,3,3,3,3,3,2,3,3,3,1,2, ,4,36,1,0.993377503
16467,6,2,2,1, , ,2,2,1,0, ,0, ,65000, , , , , , ,2,3,3,3,3,3,1,2,1,2,2,1,2,2,3,2,2,2,2,2,3,2,2,3,2,3,3,3,3,3,2,3,2,3,3,2,2,2,1,0,30,0,1,1,1,1,4,1,3,1,1,1,1,1,1,3,4,2,3,2,1,1,1,1,1,3,2,3,2,2,1,1,2,2,1,1,2,2,1,1,1,1,1,1,1,1,1,1,1,1,2,1,1,1,2,3,2,3,3,2,3,3,3,2,2,2,3,2,2,2,3,2,2,3,2,2,2,3,2,3,3,2,3,2,1,3,2,3,2,3,1,3,2,3,2,2,2,2,2,2,3,3,2, , , ,1,1, , , , , , ,3,3, , , ,2,2,2,3,2,2,2,3, , , , , , , , , , ,3,2,2,2,2,2,3,3,2,2,4,1, , , ,39,2,0.983399111
16469,6,2,2,1, , ,2,2,1,0, ,0, ,50000, , , , , , ,1,3,3,3,3,3,2,3,3,3,2,3,3,3,3,3,2,3,3,3,3,3,3,3,3,3,3,3,3,3,3,2,3,3,3,3,3,3,1,0,30,0,1,1,1,1,3,2,2,2,1,1,1,1,1,3,3,2,2,3,1,1,1,1,1,3,3,2,2,3,2,1,2,2,1,1,2,2,1,1,1,1,2,2,2,2,1,1,1,1,3,3,3,2,3,3,3,3,3,3,3,3,3,3,3,3,3,2,3,3,3,3,3,3,3,3,3,3,3,3,3,3,3,3,3,3,3,3,3,3,2,3,3,3,3,3,3,3,3,3,3,3,3, , , , , , , , , , , , , , , , ,2,2,2,2,2,2,2,2, , , , , , , , , , ,3,3,3,3,3,3,3,3,3,3,3,1, , , ,39,2,0.993377503
16473,6,1,2,1, , ,2,2,1, ,1, ,1, ,1,1,1,1,2,2,3,2,3,2,2,2,1,1,1,2,1,1,1,2,2,1,2,1,2,2,2,2,3,3,1,2,1,2,3,2,2,2,2,1,2,2,1,2,1,0,30,0,1,1,1,1,3,1,2,2,1,1,1,1,1,3,2,2,2,2,1,1,1,1,1,2,2,3,3,2,1,1,3,2,1,1,2,2,1,1,1,1,3,2,2,2,1,1,1,1,2,2,2,2,2,2,3,2,2,2,2,2,2,2,2,3,3,2,2,3,3,3,3,2,3,2,2,2,3,2,2,2,2,2,2,3,2,3,3,3,1,2,2,2,2,3,2,3,2,2,2,3,2, , , , , , , , , , , , , , , , ,2,3,2,2,2,2,2,2, , , , , , , , , , ,2,3,2,2,2,2,2,2,2,2,4,1,2, , ,37,2,0.993377503
16474,6,2,2,1, , ,1,1,1,0, ,0, ,45000, , , , , , ,1,3,3,3,3,3,2,2,2,2,2,2,2,3,3,3,3,3,3,3,3,3,3,3,3,3,3,3,3,3,3,3,3,3,3,3,3,3,1,0,30,0,1,1,1,1,3,3,2,3,1,1,1,1,1,3,2,2,3,2,1,1,1,1,1,2,3,2,3,1,1,1,2,3,1,1,3,2,1,1,1,1,3,3,2,3,1,1,1,1,3,3,2,3,3,3,3,3,3,3,3,3,3,3,3,3,3,3,3,3,3,2,3,3,3,3,3,3,3,3,2,2,3,3,3,3,3,2,3,3,2,3,3,2,3,3,3,3,2,3,3,3,3, , , , , , , , , , , , , , , , ,2,2,2,2,2,2,2,2, , , , , , , , , , ,3,3,3,3,2,3,3,3,3,3,3,1,2, , ,38,2,0.993377503
16477,6,2,2,1, , ,2,2,1,0, ,0, ,50000, , , , , , ,2,3,3,3,3,3,3,3,3,3,3,2,3,3,3,3,3,3,3,3,3,3,3,3,3,3,3,3,3,3,3,3,2,3,3,3,3,3,1,0,30,0,1,1,1,1,3,3,2,3,1,1,1,1,1,2,3,3,2,3,1,1,1,1,1,3,3,3,3,2,1,1,2,2,1,1,2,2,1,1,1,1,3,3,2,2,1,1,1,1,2,2,2,3,3,3,3,3,3,3,3,3,3,3,3,3,3,3,3,3,3,3,3,3,3,3,3,3,3,3,3,3,3,3,3,3,3,3,3,3,2,3,3,3,3,2,3,3,3,3,3,3,3, , , , , , , , , , , , , , , , ,2,2,2,2,2,2,2,2, , , , , , , , , , ,3,3,3,3,3,3,2,3,3,3,4,1,2, , ,38,2,0.993377503
16487,6,1,1,1, , ,2,2,1, ,1, ,1,53000, , , ,1,2,2,2,2,2,3,3,2,1,2,1,2,1,1,1,2,2,3,2,3,2,2,2,2,3,3,2,2,2,2,2,2,1,3,2,2,2,2,2,2,1,0,30,0,1,1,1,1,3,1,2,2,1,1,1,1,1,2,2,2,2,2,1,1,1,1,1,2,2,2,2,2,1,1,2,2,1,1,2,2,1,1,1,1,2,2,2,2,1,1,1,1,2,2,2,2,2,3,2,2,2,2,2,2,2,3,2,1,2,2,2,2,2,2,2,2,2,2,2,2,2,2,3,2,3,2,2,2,3,3,3,2,1,3,2,3,2,2,3,2,3,3,3,2,3, , ,1,1, ,1, , , , ,3,3, ,3, , ,2,2,3,3,3,3,3,2, , , , , , , , , , ,2,3,2,2,2,2,3,2,3,2,4,1,2, , ,37,2,0.993377503
16490,6,1,2,1, , ,1,1,1,20000, ,0, ,40000, ,1, ,1,3, ,3,2,3,2,2,2,2,2,2,2,2,2,2,3,2,3,3,3,3,3,3,2,3,3,2,3,3,3,3,2,3,2,3,3,3,2,2,2,1,20,30,10,3,1,3,3,3,1,3,3,2,1,2,2,2,1,4,2,2,2,3,2,3,2,3,3,3,3,3,2,3,2,3,2,2,3,2,2,2,3,2,3,3,3,2,3,3,2,3,2,3,3,2,3,3,2,3,3,3,3,2,3,2,2,3,2,2,3,3,3,3,2,2,3,3,2,2,2,2,2,2,3,2,3,2,2,2,3,2,2,2,2,3,2,3,2,2,3,3,3,2,3,3, , , , , , , , , , , , , , , , ,3,2,3,2,2,2,2,3, , , , , , , , , , ,2,3,2,3,2,3,3,3,2,2,4,1,2, , ,38,2,0.993377503
16493,6,1,2,1, , ,2,2,1,25000, ,0, ,30000, ,1, ,1,2, ,2,2,3,3,2,2,2,2,2,1,2,2,2,3,3,2,3,2,2,3,2,2,3,3,3,3,3,2,3,3,3,2,2,3,2,3,2,2,1,20,30,0,3,1,3,2,3,1,2,2,1,1,2,3,3,2,3,3,2,3,2,3,2,3,2,3,3,3,2,3,3,2,3,2,2,2,2,2,3,1,2,1,3,2,2,2,1,2,1,1,2,2,3,2,2,3,2,2,2,3,2,3,3,2,2,3,2,3,3,2,3,2,2,3,3,2,2,3,2,2,3,3,2,3,2,3,2,3,3,3,1,2,3,2,3,2,2,2,2,3,3,2,3, , ,1,1,1, ,1, , , ,2,3,3, ,3, ,3,3,2,3,3,2,2,3, , , , , , , , , , ,2,3,2,2,2,3,2,3,3,2,3,1, , , ,37,2,0.993377503
16496,6,1,2,1, , ,2,2,1,19000, ,1000, ,40000, ,1,1,1,3,3,3,2,2,2,3,2,1,2,1,1,1,1,1,2,3,2,2,3,2,2,3,3,2,3,2,3,3,3,3,2,2,2,2,2,3,2,2,2,1,20,30,0,3,1,3,3,3,1,3,2,2,3,2,2,2,3,2,3,2,2,2,3,2,2,2,3,2,3,2,2,3,2,2,1,2,2,2,2,2,3,2,2,2,3,2,2,2,3,2,2,2,2,2,3,2,3,2,2,2,3,3,2,3,2,3,3,3,2,2,2,2,2,2,3,2,2,2,2,2,2,3,2,3,3,2,2,3,2,2,3,1,2,3,2,2,2,2,2,2,3,2,3,2, , , , , ,1,1, , , , , , ,3,3, ,2,3,2,3,2,2,3,2, , , , , , , , , , ,2,3,2,2,2,3,3,2,2,2,4,1, , , ,32,2,0.993377503
16499,6,1,2,1, , ,2,2,1,20000, ,0, ,40000, ,1, ,1,3, ,3,3,3,2,2,2,1,1,1,2,1,2,1,2,2,2,3,3,2,2,2,2,2,3,3,2,3,2,3,2,2,2,2,3,3,2,2,2,1,10,30,0,3,1,3,3,2,1,3,2,2,1,3,2,3,1,2,2,2,2,3,2,2,2,2,3,2,3,2,2,3,2,3,3,2,2,2,2,2,3,2,2,2,2,2,2,3,2,2,2,3,3,2,2,2,3,2,2,2,2,2,3,2,2,3,2,2,2,2,3,3,2,2,2,2,2,2,3,2,2,2,2,3,2,2,2,2,3,2,2,1,2,3,2,3,2,2,2,3,2,2,3,2, , , , , , , , , , , , , , , , ,3,2,2,2,2,3,2,2, , , , , , , , , , ,2,3,2,2,2,3,2,2,2,3,4,1, , , ,34,2,0.993377503
16501,6,1,2,1, , ,2,2,1,20000, ,0, ,40000, ,1, ,1,3, ,3,2,3,2,2,2,2,2,1,2,2,2,2,2,3,2,3,2,2,2,2,2,3,3,3,3,3,2,3,3,3,2,2,2,2,1,2,2,1,10,30,0,3,1,3,3,3,1,3,2,1,1,3,3,3,1,4,2,2,3,3,2,3,3,2,2,2,3,2,2,2,2,2,2,2,2,2,2,2,2,2,2,2,3,2,2,2,2,2,2,2,3,2,2,2,2,3,3,2,2,3,2,2,2,3,2,2,3,2,2,2,2,2,2,3,2,2,2,2,2,3,2,2,2,2,2,3,3,3,2,2,2,3,2,2,2,2,3,2,3,2,2,2, , , , , , , , , , , , , , , , ,3,2,2,3,2,2,2,2, , , , , , , , , , ,2,3,2,2,2,3,2,2,3,2,4,1, , , ,47,2,0.993377503
16528,6,1,2,1, , ,2,2,1,20000, , ,1,28000, ,1,1,1,2,2,2,2,3,2,2,2,1,1,2,2,2,1,2,2,2,2,2,2,3,2,3,2,2,3,3,2,3,2,2,2,3,2,2,3,2,2,2,2,1,10,30,0,3,1,2,2,3,1,2,2,2,2,2,2,2,3,2,3,2,3,3,2,2,2,3,3,2,2,3,3,3,3,3,2,3,3,3,2,2,2,2,2,2,2,2,2,2,2,2,2,3,3,3,3,2,1,2,2,2,3,2,3,2,2,2,2,2,2,2,2,2,2,2,2,2,2,2,3,1,2,3,2,2,2,2,2,2,2,2,2,2,2,3,2,2,2,2,2,2,3,3,2,2, , , , , , , , , , , , , , , , ,2,3,2,2,2,2,2,2, , , , , , , , , , ,2,2,2,2,3,2,3,2,2,2,4,1, , , ,40,2,0.993377503
16529,6,1,2,1, , ,2,2,1,25000, ,0, ,29000, ,1, ,1,2, ,2,3,2,3,2,2,2,1,1,1,2,2,2,2,3,2,2,2,2,2,2,2,2,2,2,2,3,3,2,2,2,2,2,3,1,2,3,2,1,0,30,0,1,1,1,1,3,1,2,2,1,1,1,1,1,3,2,2,2,2,1,1,1,1,1,2,2,2,2,2,1,1,2,2,1,1,2,2,1,1,1,1,2,2,2,2,1,1,1,1,2,2,2,2,2,3,2,3,2,2,3,2,2,3,2,2,2,2,2,2,2,2,2,2,2,2,2,2,3,2,2,2,2,2,2,2,2,3,2,2,2,2,1,2,2,2,1,2,1,1,2,2,1, , , , , , , , , , , , , , , , ,2,3,2,2,2,3,2,2, , , , , , , , , , ,2,3,2,2,2,2,1,2,3,2,4,1, , , ,47,2,0.993377503
16530,6,2,2,1, , ,2,2,1,0, ,0, ,50000, , , , , , ,2,2,3,2,2,2,2,2,1,2,1,2,2,2,3,2,2,2,2,2,2,2,3,2,1,2,3,2,3,2,2,2,2,2,2,2,1,2,1,0,30,0,1,1,1,1,3,1,2,2,1,1,1,1,1,2,4,2,2,2,1,1,1,1,1,3,2,3,2,2,1,1,2,2,1,1,3,3,1,1,1,1,2,2,2,2,1,1,1,1,2,2,2,2,2,3,3,2,2,2,3,3,2,2,2,2,2,3,2,2,2,2,2,3,3,2,2,2,2,2,3,3,2,2,3,3,3,2,2,2,1,2,2,2,2,2,2,2,1,2,1,2,2, , , ,1, ,1, , , , , ,3, ,3, , ,2,3,2,3,2,3,2,2, , , , , , , , , , ,2,3,2,3,2,2,2,3,2,2,4,1, , , ,44,2,0.993377503
16531,6,1,1,1, , ,2,2,1,28000, ,0, ,35000, ,1, ,1,3, ,3,2,3,2,2,2,1,1,1,2,1,1,1,2,3,3,2,2,3,2,3,2,3,3,3,3,2,2,2,3,3,2,2,2,3,2,2,3,1,10,30,0,2,1,2,2,3,1,2,2,1,1,1,2,2,3,4,2,3,2,2,2,2,2,2,2,3,2,2,2,3,2,2,2,3,3,2,2,2,2,2,2,2,2,2,2,2,2,2,2,2,3,2,2,2,2,2,3,2,2,2,3,2,2,2,2,3,2,3,3,3,3,3,2,3,2,2,2,2,2,3,2,2,2,2,3,3,2,2,2,1,2,2,2,2,1,3,2,1,2,1,1,2, , , ,1, ,1, , , , , ,3, ,3, , ,2,3,2,2,2,2,2,2, , , , , , , , , , ,1,1,1,1,2,1,2,1,1,1,4,1, , , ,43,2,0.993377503
16532,6,1,1,1, , ,2,2,1,22000, ,0, ,29000, ,1, ,1,2, ,2,2,3,2,2,2,2,2,1,1,1,1,1,2,3,2,2,2,2,2,2,2,1,2,3,1,3,2,3,3,2,1,2,1,2,2,2,2,1,10,30,0,3,1,2,2,4,1,3,2,1,1,2,2,2,1,4,3,3,3,2,1,1,2,1,3,2,3,3,2,1,1,2,2,2,2,2,2,2,2,2,2,3,2,2,2,1,1,2,1,2,2,2,2,1,1,1,1,1,1,1,1,1,1,2,1,2,1,1,3,2,3,1,2,1,2,1,3,3,2,2,2,2,2,2,2,2,2,3,2,1,2,3,2,2,2,3,2,3,2,3,2,2, , , ,1, ,1, , , , , ,3, ,3, , ,2,3,2,2,1,3,2,3, , , , , , , , , , ,2,2,1,2,1,2,2,2,2,2,3,1, , , ,42,2,0.993377503
16533,6,2,2,1, , ,1,2,1,0, ,0, ,45000, , , , , , ,3,2,3,2,2,2,2,2,1,1,2,2,2,2,3,2,2,2,2,2,2,2,2,2,3,3,2,2,2,2,3,2,2,1,2,1,2,2,1,0,30,0,1,1,1,1,3,1,2,2,1,1,1,1,1,2,3,2,2,2,1,1,1,1,1,2,3,2,2,2,1,1,2,2,1,1,2,2,1,1,1,1,2,3,1,2,1,1,1,1,2,1,2,2,2,1,2,1,2,1,2,2,1,2,1,2,2,2,2,2,2,2,2,2,2,2,2,2,2,2,1,2,1,2,2,2,2,2,1,2,2,2,3,2,2,2,2,1,1,2,2,2,2, , , , , , , , , , , , , , , , ,2,3,2,2,2,2,2,2, , , , , , , , , , ,1,1,1,1,1,3,2,2,2,2,4,1, , , ,44,2,0.993377503
16534,6,1,2,1, , ,2,2,1,22000, ,0, ,39000, ,1, ,1,3, ,3,2,3,2,2,2,2,1,1,1,1,1,1,2,3,2,2,2,2,2,2,2,1,1,2,2,2,2,3,2,3,2,2,3,2,2,2,2,1,0,30,0,1,1,1,1,3,1,2,2,1,1,1,1,1,2,2,2,2,2,1,1,1,1,1,2,2,3,2,2,1,1,2,2,2,2,2,2,2,3,2,2,3,2,2,2,1,1,1,1,2,2,1,2,1,1,2,1,1,2,2,1,1,1,1,2,1,1,1,2,2,2,2,2,1,2,2,2,2,2,1,2,1,2,2,2,2,1,2,2,2,2,2,2,1,2,2,1,1,2,2,1,1, , , , , , , , , , , , , , , , ,2,3,2,2,3,2,2,2, , , , , , , , , , ,2,2,1,2,3,2,1,1,2,1,3,1, , , ,47,1,0.993377503
16536,6,2,2,1, , ,2,2,1,0, ,0, ,56000, , , , , , ,3,2,2,2,2,2,1,2,2,2,1,2,2,1,2,1,2,1,1,2,2,1,1,2,1,2,3,2,3,2,2,2,2,2,1,2,2,2,1,0,30,0,1,1,1,1,2,1,2,2,1,1,1,1,1,1,4,2,2,2,1,1,1,1,1,3,2,3,2,2,1,1,2,2,1,1,2,2,1,1,1,1,2,2,2,2,1,1,1,1,2,2,2,2,1,1,1,1,1,2,1,2,2,1,1,2,2,2,2,2,2,2,2,2,2,2,2,2,2,1,2,1,1,2,2,2,2,2,2,2,1,2,1,2,2,1,1,2,2,2,1,2,2, , ,1,1, ,1, , , , ,3,3, ,3, , ,3,2,2,2,2,3,2,2, , , , , , , , , , ,2,1,2,1,2,1,2,2,1,2,4,1, , , ,27,1,1.020749108
16537,6,2,2,1, , ,2,2,1,0, ,0, ,28000, , , , , , ,2,2,2,2,2,2,1,1,1,2,1,1,1,2,1,1,2,2,1,2,2,2,2,2,1,1,1,1,1,2,2,2,2,1,1,1,2,2,1,0,30,0,1,1,1,1,3,1,2,2,1,1,1,1,1,1,3,1,1,2,1,1,1,1,1,2,2,2,2,2,1,1,2,2,1,1,2,2,1,1,1,1,2,1,2,1,1,1,1,1,2,1,2,2,2,1,2,2,2,2,1,1,1,2,1,2,2,2,2,2,2,2,2,2,3,1,2,2,2,1,2,1,1,2,2,2,2,1,1,2,1,2,1,2,2,3,2,2,2,2,3,2,2, , , ,1, ,1, , , , , ,3, ,3, , ,3,2,2,3,2,2,3,2, , , , , , , , , , ,2,3,1,2,2,2,1,1,2,2,3,1, , , ,39,2,1.020749108
16538,6,2,1,2,2, ,2,2,1,0, ,0, ,25000, , , , , , ,3,2,2,3,3,3,2,1,2,2,1,2,2,2,2,1,2,3,2,2,2,2,1,2,2,1,2,2,2,2,1,2,1,1,2,2,2,2,3, , , , , , , , , , , , , , , , , , , , , , , , , , , , , , , , , , , , , , , , , , , , , , , , , , , , , , , , , , , , ,2,1,2,2,1,2,2,1,2,2,2,2,3,3,2,2,3,3,2,2,2,3,3,3,2,2,2,2,3,2,2,2,2,1,2,1,2,2,1,2,1,2,2,2, , , , , , , , , , , , , , , , ,3,4,3,3,3,4,3,3, , , , , , , , , , ,2,1,2,2,2,1,1,2,1,2,4,1,2, , ,37,2,1.020749108
16543,6,2,2,1, , ,2,2,1,0, ,0, ,60000, , , , , , ,3,2,2,2,2,2,2,2,1,1,1,1,1,2,2,2,2,3,2,2,2,2,2,2,2,3,2,2,2,3,2,2,1,2,1,2,2,2,1,0,30,0,1,1,1,1,3,1,2,2,1,1,1,1,1,2,3,3,3,2,1,1,1,1,1,2,3,2,2,2,1,1,2,2,1,1,2,2,1,1,1,1,2,2,2,2,1,1,1,1,3,2,2,2,2,2,2,2,2,2,2,1,1,2,2,2,2,2,2,2,2,2,2,2,2,2,2,2,2,2,2,2,2,2,2,2,2,2,2,2,2,2,2,2,2,2,2,2,1,2,1,2,2, , , , , , , , , , , , , , , , ,2,2,2,2,2,2,2,2, , , , , , , , , , ,2,3,2,2,2,2,2,2,2,2,4,1, , , ,39,2,1.020749108
16544,6,1,2,1, , ,2,2,1,23000, ,0, ,30500, ,1, ,1,2, ,2,2,2,2,2,2,2,2,2,1,1,1,1,2,2,1,2,2,1,2,2,2,2,3,2,3,2,2,2,2,2,1,2,1,2,2,2,2,1,0,30,0,1,1,1,1,3,1,2,2,1,1,1,1,1,2,4,1,2,2,1,1,1,1,1,2,3,2,2,2,1,1,2,2,1,1,2,2,1,1,1,1,2,3,2,2,1,1,1,1,2,2,2,2,2,2,2,2,2,2,3,2,2,2,3,2,2,3,2,2,2,2,2,2,2,2,2,2,2,2,1,2,1,2,2,2,2,2,2,2,2,2,3,2,2,2,2,2,2,3,3,2,2, , , , , ,1,1, , , , , , ,2,3, ,2,3,2,2,2,2,3,2, , , , , , , , , , ,2,2,2,2,2,2,2,3,2,2,4,1, , , ,27,2,1.020749108
16545,6,1,2,1, , ,1,2,1,35000, ,0, ,41800, ,1, ,1,3, ,3,3,3,2,2,2,1,2,2,2,2,2,2,3,3,2,3,3,2,3,3,3,2,3,2,3,3,2,3,2,3,2,2,3,2,3,2,2,1,10,30,0,3,1,1,1,4,1,1,1,1,1,1,1,1,2,4,2,2,1,3,1,1,1,1,3,2,1,1,2,1,1,1,1,1,1,1,1,1,1,1,1,1,1,1,1,1,1,1,1,1,1,1,1,1,1,1,1,1,1,1,2,2,1,1,2,1,2,1,2,1,1,1,2,2,2,2,2,2,1,2,2,1,2,1,2,2,1,2,2,2,2,2,2,1,2,1,2,1,2,2,2,2, , , , , , , , , , , , , , , , ,2,2,2,2,2,2,2,2, , , , , , , , , , ,2,3,2,2,2,2,2,2,2,2,3,1, , , ,28,2,1.020749108
16547,6,2,1,2,2, ,2,2,1, ,1, ,1, ,1, , , ,1,1,1,1,1,3,3,1,3,1,1,1,1,1,1,2,1,2,2,1,1,1,2,2,2,1,2,1,1,1,1,3,2,1,1,1,1,1,1,1,3, , , , , , , , , , , , , , , , , , , , , , , , , , , , , , , , , , , , , , , , , , , , , , , , , , , , , , , , , , , , ,3,4,3,3,2,2,2,2,1,1,4,3,3,3,3,4,3,3,2,2,3,3,3,1,2,1,2,2,3,3,2,2,3,3,2,2,4,2,3,3,2,3,2,3, , , , , , , , , , , , , , , , ,1,3,3,1,1,1,1,1, , , , , , , , , , ,4,2,1,1,3,2,4,2,3,3,4,1, , , ,28,2,1.020749108
16548,6,1,1,1, , ,2,2,1,30000, ,2000, ,40000, ,1,1,1,2,2,3,2,3,2,2,2,1,1,1,2,2,1,1,2,3,2,2,2,2,2,2,3,2,2,2,2,2,2,2,1,2,3,2,2,2,2,2,2,1,10,30,0,3,1,1,1,4,1,2,1,1,1,1,1,1,2,1,1,1,2,1,1,1,1,1,2,1,1,1,1,1,1,2,2,1,1,1,1,2,1,2,1,2,2,2,2,2,1,1,1,2,2,2,2,2,2,1,2,1,2,2,1,1,2,1,2,1,2,2,3,3,3,3,3,3,3,3,3,3,3,3,3,2,3,3,2,2,2,2,2,1,2,3,2,2,3,2,2,2,2,2,2,2,1, , ,1, ,1, , ,3, , ,2, ,2, , ,2,2,3,2,2,2,2,2, , , , , , , , , , ,2,2,2,1,1,2,2,2,2,2,4,1, , , ,36,2,1.020749108
16550,6,1,2,1, , ,2,2,1, ,1, ,1,60000, , , , ,2,2,3,3,3,3,2,2,1,1,1,1,1,1,1,1,1,1,2,1,2,1,1,1,2,2,2,2,2,1,2,2,2,2,2,1,2,1,2,1,1,0,30,0,1,1,1,1,3,1,1,1,1,1,1,1,1,4,4,2,2,2,1,1,1,1,1,2,2,2,2,2,1,1,2,2,1,1,2,2,1,1,1,1,2,2,2,2,1,1,1,1,3,3,3,3,1,1,1,1,3,2,2,3,2,3,3,3,3,3,3,3,3,3,3,3,3,3,3,2,3,2,2,2,3,3,3,3,3,2,3,3,2,2,3,2,2,2,2,2,3,2,3,2,2, , , , , , , , , , , , , , , , ,2,3,2,3,2,3,3,2, , , , , , , , , , ,2,2,3,3,2,2,2,2,2,2,4,1,2, , ,39,2,1.020749108
16553,6,2,2,1, , ,2,2,1,34000, ,0, ,15000, ,1, , ,3, ,2,2,3,2,2,2,1,1,1,1,1,1,1,2,2,1,1,2,1,1,2,1,1,1,1,1,1,1,1,1,1,1,1,1,1,1,1,1,3, , , , , , , , , , , , , , , , , , , , , , , , , , , , , , , , , , , , , , , , , , , , , , , , , , , , , , , , , , , , ,2,2,2,3,3,2,2,2,2,2,2,2,2,2,2,2,1,2,2,2,2,2,3,2,3,1,2,2,3,3,2,1,2,2,1,1,2,2,2,1,1,2,2,2, ,1, , , ,1, , , ,1, , , ,1, , ,1,3,1,1,1,3,1,1,1, , , ,4, , , , , ,2,2,2,2,2,3,2,3,2,2,3,1, , , ,39,2,1.020749108
16554,6,2,1,1, , ,2,1,1,0, ,0, ,30000, , , , , , ,2,2,3,3,2,3,2,1,1,1,1,1,1,2,2,2,1,2,1,2,2,2,2,1,1,2,1,1,1,2,2,1,2,1,2,2,1,2,1,0,30,0,3,2,1,1,2,3,2,2,1,1,1,1,1,2,2,2,2,2,1,1,1,1,1,2,1,2,2,2,1,1,2,2,1,1,2,2,1,1,1,1,2,2,2,2,1,1,1,1,2,2,2,2,1,2,2,2,2,3,2,2,3,2,2,2,2,2,2,3,2,3,3,3,3,2,2,2,3,2,3,2,3,3,3,3,3,3,3,3,2,2,1,2,2,2,1,2,1,1,2,2,2, , , , , , , , , , , , , , , , ,2,3,2,2,2,2,2,2, , , , , , , , , , ,2,3,2,1,2,1,1,2,1,2,4,1,2, , ,36,1,1.020749108
16557,6,2,2,1, , ,2,2,1,0, ,0, ,40000, , , , , , ,2,2,2,3,2,2,2,2,2,2,1,1,1,2,3,2,2,2,2,2,2,2,3,3,2,3,3,2,2,2,3,1,2,2,2,2,2,2,1,0,30,0,1,1,1,1,2,1,2,2,1,1,1,1,1,3,2,2,2,2,1,1,1,1,1,3,2,2,2,2,1,1,2,2,1,1,2,2,1,1,1,1,2,2,2,2,1,1,1,1,3,2,2,2,2,2,3,2,2,2,3,2,2,2,2,2,2,2,2,2,3,2,2,2,2,2,2,2,3,2,2,2,2,2,2,2,2,2,2,2,2,2,1,2,2,1,2,2,2,2,1,2,1, , , ,1, ,1, , , , , ,3, ,3, , ,2,3,2,3,2,3,2,2, , , , , , , , , , ,2,3,2,2,2,2,2,2,2,2,2,1,2, , ,34,1,1.020749108
16559,6,2,2,1, , ,2,2,1,0, ,0, ,60000, , , , , , ,3,3,3,3,3,3,2,1,2,1,2,2,2,2,3,2,2,2,3,2,3,3,3,2,2,2,3,3,3,3,3,3,3,2,2,2,2,2,1,0,30,0,1,1,1,1,3,1,2,2,1,1,1,1,1,3,2,2,2,2,1,1,1,1,1,2,2,2,2,2,1,1,2,2,1,1,2,2,1,1,1,1,3,2,2,2,1,1,1,1,2,2,2,2,2,3,2,2,2,2,2,2,2,3,2,3,2,3,2,2,2,2,2,3,2,2,2,2,2,2,2,1,2,1,2,2,2,1,2,2,1,2,3,2,2,2,2,2,2,2,3,2,2, , , ,1, ,1,1,1, , , ,2, ,3,3,3,3,2,3,2,2,2,2,2, , , , , , , , , , ,2,3,2,2,2,2,2,2,2,2,3,1,2, , ,51,1,1.020749108
16563,6,2,2,1, , ,2,2,1,0, ,0, ,48000, , , , , , ,3,2,3,2,2,2,2,2,1,2,2,1,1,2,2,3,2,2,3,2,2,2,3,2,2,1,3,2,3,2,2,2,2,2,1,2,1,2,1,0,30,0,1,1,1,1,3,1,2,2,1,1,1,1,1,2,4,2,2,2,1,1,1,1,1,2,2,3,2,2,1,1,2,2,1,1,2,2,1,1,1,1,2,2,2,2,1,1,1,1,3,2,2,2,2,2,3,2,2,2,2,2,2,1,2,1,2,2,1,2,2,2,2,2,3,1,2,2,2,2,2,1,1,2,2,2,2,1,1,2,2,2,3,2,2,2,2,2,3,2,1,2,1, , , , , , , , , , , , , , , , ,3,2,2,2,2,2,3,2, , , , , , , , , , ,2,3,2,2,2,2,1,3,2,1,4,1,2, , ,50,2,1.020749108
16565,6,1,2,1, , ,2,2,1,0, ,0, ,50000, , , , , , ,3,2,3,2,2,2,2,2,1,2,1,1,1,2,2,2,2,2,2,2,2,3,2,2,2,2,2,2,2,2,3,2,2,2,2,2,2,2,1,0,30,0,1,1,1,1,2,2,2,2,1,1,1,1,1,2,2,2,2,2,1,1,1,1,1,2,2,2,2,2,1,1,2,2,1,1,2,2,1,1,1,1,2,2,2,2,1,1,1,1,2,2,2,2,2,1,2,2,2,2,3,2,2,2,2,2,2,2,2,2,2,2,2,2,2,2,2,2,3,2,2,2,2,2,2,2,2,2,2,2,2,2,3,2,2,2,2,2,1,1,2,2,2,1, , , , , , , ,3, , , , , , , ,3,2,2,2,2,2,2,2, , , , , , , , , , ,2,3,2,2,3,2,2,2,2,2,4,1,2, , ,41,2,1.020749108
16567,6,1,2,1, , ,2,2,1,0, ,0, ,50000, , , , , , ,3,2,3,2,2,2,1,2,1,1,1,1,1,2,2,2,1,1,2,2,2,2,2,1,1,2,1,2,2,2,3,2,2,2,2,2,2,2,1,0,30,0,1,1,1,1,2,1,2,2,1,1,1,1,1,3,2,3,2,2,1,1,1,1,1,2,2,2,2,2,1,1,2,2,1,1,2,2,1,1,1,1,2,2,2,2,1,1,1,1,2,3,2,2,2,3,2,2,2,2,2,2,3,2,2,2,2,2,2,2,2,2,2,2,3,2,2,2,3,2,2,2,2,2,2,2,3,2,2,2,1,2,3,2,2,2,2,2,2,2,2,2,2, , , , , , ,1,1, , , , , , ,3,2,3,2,3,2,2,2,3,2, , , , , , , , , , ,2,3,2,2,2,2,2,2,2,2,3,1,2, , ,47,2,1.020749108
16568,6,2,2,1, , ,2,2,1,0, ,0, ,50000, , , , , , ,1,3,3,3,3,3,2,3,3,3,3,3,3,3,3,3,3,3,3,3,3,3,3,3,3,3,3,3,3,3,3,3,3,3,3,3,3,3,1,0,30,0,1,1,1,1,2,2,2,3,1,1,1,1,1,2,2,2,2,2,1,1,1,1,1,3,3,2,2,3,1,1,2,2,1,1,2,2,1,1,1,1,3,2,2,2,1,1,1,1,2,2,2,3,3,3,3,3,3,3,3,3,3,3,3,3,3,3,3,3,3,3,3,3,3,3,3,3,3,3,3,3,3,3,3,3,3,3,3,3,2,3,3,3,3,3,3,3,3,3,3,3,3, , , , , , , , , , , , , , , , ,1,1,1,1,1,1,1,1, , , , , , , , , , ,3,3,3,3,3,3,3,3,3,3,3,1,2, , ,44,2,1.020749108
