title,text,subreddit,score,num_comments,created_utc,search_term,url,author,month,combined_text,cleaned_text,sentiment_compound,sentiment_pos,sentiment_neu,sentiment_neg,sentiment_sentiment,categories,keywords
[Breeds] Looking for our next family member,"**Introduction**

1)  Will this be your first dog? If not, what experience do you have owning/training dogs?

* No. I grew up with a spirited Parson Russell Terrier and currently have a Pembroke Welsh Corgi (nearly 14). My husband and I have had her since she was about 3 years old. She will be making her transition into the next world soon after a long battle with degenerative myelopathy, so we are starting to think about our next canine family member because we just cannot be without a dog in our home

* My husband and I are extremely devoted owners; in addition to taking our kiddo on regular outings and trips throughout her life, we did daily physical therapy exercises and treatments for our current dog for about a year and a half to slow the effects of her illness. We are childless so our dog (and any future dogs) are the primary objects of our affection and focus.

2)  Do you have a preference for rescuing a dog vs. going through a [reputable breeder]( http://ownresponsibly.blogspot.com/2011/07/identifying-reputable-breeder.html)?

* Reputable breeder

3)  Describe your ideal dog.

* Willing to snuggle but not deadset on doing it all the time. Able to go for 1-2 mile walks. Moderate energy, doesn't need hours a day of exercise but could do with a series of short and long walks throughout the day, in addition to indoor play and puzzle games. Loves companionship but doesn't suffer from separation anxiety. Not super barky or loud because we have shared walls. Small enough to travel on a plane with us (ETA: this would be like 1-2x a year max). Generally genetically healthy and not prone to major health issues.

4)  What breeds or types of dogs are you interested in and why?

* Our shortlist includes the Tibetan Spaniel, the Havanese, the Coton de Tulear, Lancashire Heelers (may be too high energy?), Border Terrier, Norwich Terrier

5)  What sorts of things would you like to train your dog to do?

* We don't need the dog to do too much by way of tricks, but Sit, Stay, Come would be ideal and sufficient. Also just generally decent leash behavior would be good. We're considering trying button training out but that's not a hard requirement at all. 

6) Do you want to compete with your dog in a sport (e.g. agility, obedience, rally) or use your dog for a form of work (e.g. hunting, herding, livestock guarding)? If so, how much experience do you have with this work/sport?

* No, this dog will be a companion

**Care Commitments**

  7) How long do you want to devote to training, playing with, or otherwise interacting with your dog each day?

* My husband and I both work from home but are working. A typical day involves a morning walk, lunchtime walk (longer), a 5pm walk (longer), and a short walk before bedtime. Beyond that, we will likely spend a 1-2 hours after work playing or engaging directly with the dog, and otherwise spending time in close proximity to it. With the exception of going to the gym a few nights a week for a few hours, we are homebodies. 

8) How long can you exercise your dog each day, on average?  What sorts of exercise are you planning to give your dog regularly and does that include using a dog park?  

* A typical day involves a morning walk, lunchtime walk (longer), a 5pm walk (longer), and a short walk before bedtime. Outside of that, primary exercise will likely be indoor play. We do not have a fenced in yard nor a nearby dog park, but would likely take it to our closest dog park a few times a month, ideally once a week at least. 

9)  How much regular brushing are you willing to do?  Are you open to trimming hair, cleaning ears, or doing other grooming at home?  If not, would you be willing to pay a professional to do it regularly?

* We typically pay for grooming services, including dental care

**Personal Preferences**

10) What size dog are you looking for?

* Small, ideally under 20lbs

11) How much shedding, barking, and slobber can you handle?

* No issues with shedding. We do not want a dog that's going to bark like crazy or constantly, but some barking or vocalization is okay. Would prefer to avoid slobber.

12) How important is being able to let your dog off-leash in an unfenced area?

* Not terribly important, but would be nice

**Dog Personality and Behavior**

13) Do you want a snuggly dog or one that prefers some personal space?

* Middle of the road - occasionally interested in snuggling but definitely not a velcro dog that wants to be on top of us all the time. 

14) Would you prefer a dog that wants to do its own thing or one that’s more eager-to-please?

* Middle of the road 

15) How  would you prefer your dog to respond to someone knocking on the door or entering your yard?  How would you prefer your dog to greet strangers or visitors?  

* Candidly fairly ambivalent about knocking on the door; we don't often have guests. Regarding strangers or visitors, we just don't want it to be scared or aggressive of others. 

16) Are you willing to manage a dog that is aggressive to other dogs?

* No, we likely would not do well by the dog. We'd like one that either enjoys playing with other dogs or is ambivalent towards them. 

17) Are there any other behaviors you can’t deal with or want to avoid?

* Separation anxiety 

**Lifestyle**

18) How often and how long will the dog be left alone?

* My husband and I both work from home, so it will likely be around people most of the time. Exceptions are a few hours a few days a week for gym time, date nights, etc. 

19) What are the dog-related preferences of other people in the house and what will be their involvement in caring for the dog? 

* It's just me and my husband, and he is the primary caretaker regarding walks, bathroom breaks, and feeding. 

20) Do you have other pets or are you planning on having other pets?  What breed or type of animal are they?

* By the time we get the next dog, we will not have one in the house.

21) Will the dog be interacting with children regularly?

* No.

22) Do you rent or plan to rent in the future? If applicable, what breed or weight restrictions are on your current lease?

* We live in a condo and the association requires the dog weight to be <75 lbs. 

23) What city or country do you live in and are you aware of any laws banning certain breeds?

* Massachusetts, no bans or breed restrictions

24) What is the average temperature of a typical summer and winter day where you live?

* Winter: 30-40F, Summer: 70-90F 

**Additional Information and Questions**

25) Please provide any additional information you feel may be relevant.

* We would ideally like an animal that we can take with us on airplanes, but definitely not in the cargo hold. This means we're looking for a pretty small creature. (ETA: this would be like 1-2x a year max)

26) Feel free to ask any questions below.",dogs,3,1,2025-01-16 11:14:37,dog airplane cargo,https://www.reddit.com/r/dogs/comments/1i2eebn/breeds_looking_for_our_next_family_member/,noyoukant,2025-01,"[Breeds] Looking for our next family member **Introduction**

1)  Will this be your first dog? If not, what experience do you have owning/training dogs?

* No. I grew up with a spirited Parson Russell Terrier and currently have a Pembroke Welsh Corgi (nearly 14). My husband and I have had her since she was about 3 years old. She will be making her transition into the next world soon after a long battle with degenerative myelopathy, so we are starting to think about our next canine family member because we just cannot be without a dog in our home

* My husband and I are extremely devoted owners; in addition to taking our kiddo on regular outings and trips throughout her life, we did daily physical therapy exercises and treatments for our current dog for about a year and a half to slow the effects of her illness. We are childless so our dog (and any future dogs) are the primary objects of our affection and focus.

2)  Do you have a preference for rescuing a dog vs. going through a [reputable breeder]( http://ownresponsibly.blogspot.com/2011/07/identifying-reputable-breeder.html)?

* Reputable breeder

3)  Describe your ideal dog.

* Willing to snuggle but not deadset on doing it all the time. Able to go for 1-2 mile walks. Moderate energy, doesn't need hours a day of exercise but could do with a series of short and long walks throughout the day, in addition to indoor play and puzzle games. Loves companionship but doesn't suffer from separation anxiety. Not super barky or loud because we have shared walls. Small enough to travel on a plane with us (ETA: this would be like 1-2x a year max). Generally genetically healthy and not prone to major health issues.

4)  What breeds or types of dogs are you interested in and why?

* Our shortlist includes the Tibetan Spaniel, the Havanese, the Coton de Tulear, Lancashire Heelers (may be too high energy?), Border Terrier, Norwich Terrier

5)  What sorts of things would you like to train your dog to do?

* We don't need the dog to do too much by way of tricks, but Sit, Stay, Come would be ideal and sufficient. Also just generally decent leash behavior would be good. We're considering trying button training out but that's not a hard requirement at all. 

6) Do you want to compete with your dog in a sport (e.g. agility, obedience, rally) or use your dog for a form of work (e.g. hunting, herding, livestock guarding)? If so, how much experience do you have with this work/sport?

* No, this dog will be a companion

**Care Commitments**

  7) How long do you want to devote to training, playing with, or otherwise interacting with your dog each day?

* My husband and I both work from home but are working. A typical day involves a morning walk, lunchtime walk (longer), a 5pm walk (longer), and a short walk before bedtime. Beyond that, we will likely spend a 1-2 hours after work playing or engaging directly with the dog, and otherwise spending time in close proximity to it. With the exception of going to the gym a few nights a week for a few hours, we are homebodies. 

8) How long can you exercise your dog each day, on average?  What sorts of exercise are you planning to give your dog regularly and does that include using a dog park?  

* A typical day involves a morning walk, lunchtime walk (longer), a 5pm walk (longer), and a short walk before bedtime. Outside of that, primary exercise will likely be indoor play. We do not have a fenced in yard nor a nearby dog park, but would likely take it to our closest dog park a few times a month, ideally once a week at least. 

9)  How much regular brushing are you willing to do?  Are you open to trimming hair, cleaning ears, or doing other grooming at home?  If not, would you be willing to pay a professional to do it regularly?

* We typically pay for grooming services, including dental care

**Personal Preferences**

10) What size dog are you looking for?

* Small, ideally under 20lbs

11) How much shedding, barking, and slobber can you handle?

* No issues with shedding. We do not want a dog that's going to bark like crazy or constantly, but some barking or vocalization is okay. Would prefer to avoid slobber.

12) How important is being able to let your dog off-leash in an unfenced area?

* Not terribly important, but would be nice

**Dog Personality and Behavior**

13) Do you want a snuggly dog or one that prefers some personal space?

* Middle of the road - occasionally interested in snuggling but definitely not a velcro dog that wants to be on top of us all the time. 

14) Would you prefer a dog that wants to do its own thing or one that’s more eager-to-please?

* Middle of the road 

15) How  would you prefer your dog to respond to someone knocking on the door or entering your yard?  How would you prefer your dog to greet strangers or visitors?  

* Candidly fairly ambivalent about knocking on the door; we don't often have guests. Regarding strangers or visitors, we just don't want it to be scared or aggressive of others. 

16) Are you willing to manage a dog that is aggressive to other dogs?

* No, we likely would not do well by the dog. We'd like one that either enjoys playing with other dogs or is ambivalent towards them. 

17) Are there any other behaviors you can’t deal with or want to avoid?

* Separation anxiety 

**Lifestyle**

18) How often and how long will the dog be left alone?

* My husband and I both work from home, so it will likely be around people most of the time. Exceptions are a few hours a few days a week for gym time, date nights, etc. 

19) What are the dog-related preferences of other people in the house and what will be their involvement in caring for the dog? 

* It's just me and my husband, and he is the primary caretaker regarding walks, bathroom breaks, and feeding. 

20) Do you have other pets or are you planning on having other pets?  What breed or type of animal are they?

* By the time we get the next dog, we will not have one in the house.

21) Will the dog be interacting with children regularly?

* No.

22) Do you rent or plan to rent in the future? If applicable, what breed or weight restrictions are on your current lease?

* We live in a condo and the association requires the dog weight to be <75 lbs. 

23) What city or country do you live in and are you aware of any laws banning certain breeds?

* Massachusetts, no bans or breed restrictions

24) What is the average temperature of a typical summer and winter day where you live?

* Winter: 30-40F, Summer: 70-90F 

**Additional Information and Questions**

25) Please provide any additional information you feel may be relevant.

* We would ideally like an animal that we can take with us on airplanes, but definitely not in the cargo hold. This means we're looking for a pretty small creature. (ETA: this would be like 1-2x a year max)

26) Feel free to ask any questions below.",breeds looking next family member introduction first dog? experience owningtraining dogs? no. grew spirited parson russell terrier currently pembroke welsh corgi nearly husband since years old. making transition next world soon long battle degenerative myelopathy starting next canine family member cannot without home husband extremely devoted owners addition taking kiddo regular outings trips throughout life daily physical therapy exercises treatments current year half slow effects illness. childless future dogs primary objects affection focus. preference rescuing vs. going reputable breeder reputable breeder describe ideal dog. willing snuggle deadset time. able mile walks. moderate energy doesnt hours day exercise series short long walks throughout day addition indoor play puzzle games. loves companionship doesnt suffer separation anxiety. super barky loud shared walls. small enough eta year max. generally genetically healthy prone major health issues. breeds types dogs interested why? shortlist includes tibetan spaniel havanese coton tulear lancashire heelers may high energy? border terrier norwich terrier sorts things train do? dont tricks sit stay come ideal sufficient. generally decent leash behavior good. considering trying button training thats hard requirement all. compete sport e.g. agility obedience rally use form work e.g. hunting herding livestock guarding? experience worksport? companion care commitments long devote training playing otherwise interacting day? husband work home working. typical day involves morning walk lunchtime walk longer walk longer short walk bedtime. beyond likely spend hours work playing engaging directly otherwise spending close proximity it. exception going gym nights week hours homebodies. long exercise day average? sorts exercise planning give regularly include using park? typical day involves morning walk lunchtime walk longer walk longer short walk bedtime. outside primary exercise likely indoor play. fenced yard nearby park likely take closest park times month ideally week least. regular brushing willing do? open trimming hair cleaning ears grooming home? willing pay professional regularly? typically pay grooming services including dental care personal preferences size looking for? small ideally lbs shedding barking slobber handle? issues shedding. thats going bark crazy constantly barking vocalization okay. prefer avoid slobber. important able let offleash unfenced area? terribly important nice personality behavior snuggly prefers personal space? middle road occasionally interested snuggling definitely velcro wants top time. prefer wants thing thats eagertoplease? middle road prefer respond someone knocking door entering yard? prefer greet strangers visitors? candidly fairly ambivalent knocking door dont often guests. regarding strangers visitors dont scared aggressive others. willing manage aggressive dogs? likely well dog. wed either enjoys playing dogs ambivalent towards them. behaviors cant deal avoid? separation anxiety lifestyle often long left alone? husband work home likely around people time. exceptions hours days week gym date nights etc. dogrelated preferences people house involvement caring dog? husband primary caretaker regarding walks bathroom breaks feeding. pets planning pets? breed type animal they? next house. interacting children regularly? no. rent plan rent future? applicable breed weight restrictions current lease? live condo association requires weight lbs. city country live aware laws banning certain breeds? massachusetts bans breed restrictions average temperature typical summer winter day live? winter summer additional information questions please provide additional information feel may relevant. ideally animal take airplanes definitely hold. means looking pretty small creature. eta year max feel free ask questions below.,0.9979,0.205,0.752,0.043,positive,"['safety_concern', 'positive_experience', 'policy_info', 'practical_tip']","['walk', 'day', 'dogs', 'husband', 'likely', 'long', 'home', 'longer', 'walk longer', 'willing']"
Has anyone flown with a dog in cargo ?,"Hi everyone,

I’m relocating to the United States and planning to fly with my Staffordshire Bull Terrier (23kg / 62cm high / 80cm long) in cargo with ITA Airways, on flights AZ 317 and AZ 608.

I’ve called ITA Airways several times and they keep saying the dog can fly, that all breeds are accepted as long as I provide a veterinary certificate stating that he is fit to travel. **They also confirmed that the cargo hold is pressurized and climate-controlled, which is reassuring.**

However, every time I call, I get different approved kennel dimensions like:

- 65x80x148 cm
- 130x90x100 cm
- 58x80x148 cm

This is making it difficult to find a properly fitting crate. Has anyone traveled with a large dog on ITA Airways and could confirm what size crate they actually accepted at check-in?

Also:

>Has anyone traveled with brachycephalic breeds or Staffies in cargo with them?

**(Our vet confirmed our dog’s nose is long enough and he’s fully healthy to fly.)**

>What exactly did they check at the airport check-in for dogs in cargo (crate, paperwork, etc.)?

Any experience with ITA Airways and pets in cabin also welcome.

Any tips, confirmations or experiences would be hugely appreciated. Thanks so much in advance!",dogs,9,25,2025-07-12 21:05:11,dog airplane cargo,https://www.reddit.com/r/dogs/comments/1lxytor/has_anyone_flown_with_a_dog_in_cargo/,Aware-Butterfly8944,2025-07,"Has anyone flown with a dog in cargo ? Hi everyone,

I’m relocating to the United States and planning to fly with my Staffordshire Bull Terrier (23kg / 62cm high / 80cm long) in cargo with ITA Airways, on flights AZ 317 and AZ 608.

I’ve called ITA Airways several times and they keep saying the dog can fly, that all breeds are accepted as long as I provide a veterinary certificate stating that he is fit to travel. **They also confirmed that the cargo hold is pressurized and climate-controlled, which is reassuring.**

However, every time I call, I get different approved kennel dimensions like:

- 65x80x148 cm
- 130x90x100 cm
- 58x80x148 cm

This is making it difficult to find a properly fitting crate. Has anyone traveled with a large dog on ITA Airways and could confirm what size crate they actually accepted at check-in?

Also:

>Has anyone traveled with brachycephalic breeds or Staffies in cargo with them?

**(Our vet confirmed our dog’s nose is long enough and he’s fully healthy to fly.)**

>What exactly did they check at the airport check-in for dogs in cargo (crate, paperwork, etc.)?

Any experience with ITA Airways and pets in cabin also welcome.

Any tips, confirmations or experiences would be hugely appreciated. Thanks so much in advance!",anyone flown everyone relocating united states planning fly staffordshire bull terrier high long ita airways flights ive called ita airways several times keep saying fly breeds accepted long provide veterinary certificate stating fit travel. confirmed hold pressurized climatecontrolled reassuring. however every call different approved kennel dimensions making difficult find properly fitting crate. anyone traveled large ita airways confirm size crate actually accepted checkin? anyone traveled brachycephalic breeds staffies them? vet confirmed dogs nose long enough hes fully healthy fly. exactly check airport checkin dogs crate paperwork etc.? experience ita airways pets cabin welcome. tips confirmations experiences hugely appreciated. thanks advance!,0.9756,0.247,0.732,0.021,positive,"['practical_tip', 'airline_specific']","['airways', 'ita', 'ita airways', 'crate', 'fly', 'long', 'accepted', 'breeds', 'confirmed', 'dogs']"
Blind dog flying in cargo,"Hii! My dog leeloo has one eye left due to glaucoma in both eyes. We might be moving countries in the next few months. She might go blind… 
She weighs 26 kilos and im worried about cargo flying with her new blindness… all guides online refer to blind dogs as in dogs who help blind people but in this case the blind one is the dog… anyone has any experience with this and would like to shed some light? 
I would pay any sum to have her in cabin ",dogs,4,22,2025-06-10 04:12:30,dog airplane cargo,https://www.reddit.com/r/dogs/comments/1l7dkbu/blind_dog_flying_in_cargo/,Eyad116,2025-06,"Blind dog flying in cargo Hii! My dog leeloo has one eye left due to glaucoma in both eyes. We might be moving countries in the next few months. She might go blind… 
She weighs 26 kilos and im worried about cargo flying with her new blindness… all guides online refer to blind dogs as in dogs who help blind people but in this case the blind one is the dog… anyone has any experience with this and would like to shed some light? 
I would pay any sum to have her in cabin ",blind flying hii! leeloo eye left due glaucoma eyes. might moving countries next months. might blind weighs kilos worried flying new blindness guides online refer blind dogs dogs help blind people case blind anyone experience shed light? pay sum cabin,-0.9134,0.052,0.614,0.334,negative,['practical_tip'],"['blind', 'dogs', 'flying', 'blind dogs', 'blind experience', 'blind people', 'blind weighs', 'blindness', 'blindness guides', 'cabin']"
Dog + Beach + Old SUV = Needs Cargo Liner Help!,"Hi!
(Mods, please remove if not allowed), 

Water + sand + black fur on a tan car interior is a full time job from our many dog beach trips!

I’m learned vendors dont offer cargo liners for the ‘01 year range my car is in.

I thought I would ask to see if other dog owner have had luck finding specific custom-fit/made to order brands and can share!

Looking for firm/form-fitted material (not the soft canvas) and to have sides/back of the row 2 seat coverage too.

I saw ‘luxus’ - If anyone can share experience with that one, ty in advance!

WeatherTech, Husky, SmartLinner, KaguLiners, Canvasback & Covercraft – either didn’t fit my year or didn’t work design-wise.

I wanted to acknowledge the back row is for the 1.7 miles we travel on residential beach streets after swimming - she’s harnessed other times!

Thank you so much for helping.

TL;DR: Looking for SUV cargo liner vendors that do custom or have a large Catalogue of cars they can fit; semi-solid material and vehicle side coverage needed on the design needed (not just flat) 
",dogs,1,2,2025-06-21 00:43:27,dog airplane cargo,https://www.reddit.com/r/dogs/comments/1lg78gc/dog_beach_old_suv_needs_cargo_liner_help/,landlocked_mermaid_,2025-06,"Dog + Beach + Old SUV = Needs Cargo Liner Help! Hi!
(Mods, please remove if not allowed), 

Water + sand + black fur on a tan car interior is a full time job from our many dog beach trips!

I’m learned vendors dont offer cargo liners for the ‘01 year range my car is in.

I thought I would ask to see if other dog owner have had luck finding specific custom-fit/made to order brands and can share!

Looking for firm/form-fitted material (not the soft canvas) and to have sides/back of the row 2 seat coverage too.

I saw ‘luxus’ - If anyone can share experience with that one, ty in advance!

WeatherTech, Husky, SmartLinner, KaguLiners, Canvasback & Covercraft – either didn’t fit my year or didn’t work design-wise.

I wanted to acknowledge the back row is for the 1.7 miles we travel on residential beach streets after swimming - she’s harnessed other times!

Thank you so much for helping.

TL;DR: Looking for SUV cargo liner vendors that do custom or have a large Catalogue of cars they can fit; semi-solid material and vehicle side coverage needed on the design needed (not just flat) 
",beach old suv needs liner help! hi! mods please remove allowed water sand black fur tan car interior full job many beach trips! learned vendors dont offer liners year range car in. thought ask see owner luck finding specific customfitmade order brands share! looking firmformfitted material soft canvas sidesback row seat coverage too. saw luxus anyone share experience advance! weathertech husky smartlinner kaguliners canvasback covercraft either didnt fit year didnt work designwise. wanted acknowledge back row miles residential beach streets swimming shes harnessed times! thank helping. tldr looking suv liner vendors custom large catalogue cars fit semisolid material vehicle side coverage needed design needed flat,0.9193,0.154,0.81,0.036,positive,['practical_tip'],"['beach', 'car', 'coverage', 'didnt', 'fit', 'liner', 'looking', 'material', 'needed', 'row']"
"Looking to split a pet-friendly charter flight to Spain – big dog, no cargo or kennel travel","Hi everyone,  
I’m planning to move to Spain around **January 2026**, but I’m facing a big challenge:

* I have a **100 lb dog** who **cannot be crated or kenneled** (she’s never used one and would panic/hurt herself). And I won't put her under the plane in a crate either, no crates/kennels in general...
* I’m looking for a way to get from the **USA, Canada, or Mexico** to **Spain** **without putting her in the cargo hold or a kennel**.
* I’ve researched cruises, freighters, and relocation services, but most either use kennels or don’t accept large dogs in-cabin.

The only real humane option so far is a **shared charter flight**, like those from K9 Jets — where dogs ride in the cabin with you — but the price is pretty high unless it’s split between several people.

**Would anyone be interested in coordinating or splitting a private or shared charter flight to Spain (or France/Portugal)?** Ideally for late 2025 early 2026?

If you’ve done something similar or know of any new options for large dog-friendly air travel to Europe, I’d love to hear about it too.

Thanks so much for any info! 🙏  
We need to get to europe and out of the USA! Please help!

<3",dogs,1,3,2025-05-13 00:35:50,dog airplane cargo,https://www.reddit.com/r/dogs/comments/1kkvknl/looking_to_split_a_petfriendly_charter_flight_to/,Dapper-Account7595,2025-05,"Looking to split a pet-friendly charter flight to Spain – big dog, no cargo or kennel travel Hi everyone,  
I’m planning to move to Spain around **January 2026**, but I’m facing a big challenge:

* I have a **100 lb dog** who **cannot be crated or kenneled** (she’s never used one and would panic/hurt herself). And I won't put her under the plane in a crate either, no crates/kennels in general...
* I’m looking for a way to get from the **USA, Canada, or Mexico** to **Spain** **without putting her in the cargo hold or a kennel**.
* I’ve researched cruises, freighters, and relocation services, but most either use kennels or don’t accept large dogs in-cabin.

The only real humane option so far is a **shared charter flight**, like those from K9 Jets — where dogs ride in the cabin with you — but the price is pretty high unless it’s split between several people.

**Would anyone be interested in coordinating or splitting a private or shared charter flight to Spain (or France/Portugal)?** Ideally for late 2025 early 2026?

If you’ve done something similar or know of any new options for large dog-friendly air travel to Europe, I’d love to hear about it too.

Thanks so much for any info! 🙏  
We need to get to europe and out of the USA! Please help!

<3",looking split petfriendly charter spain big kennel everyone planning move spain around january facing big challenge cannot crated kenneled shes never used panichurt herself. wont put crate either crateskennels general... looking usa canada mexico spain without putting hold kennel. ive researched cruises freighters relocation services either use kennels dont accept large dogs incabin. real humane option far shared charter jets dogs ride cabin price pretty high unless split several people. anyone interested coordinating splitting private shared charter spain franceportugal? ideally late early youve done something similar new options large dogfriendly air europe love hear too. thanks info! europe usa! please help!,0.9738,0.232,0.75,0.018,positive,['practical_tip'],"['spain', 'charter', 'big', 'charter spain', 'dogs', 'europe', 'large', 'looking', 'shared', 'shared charter']"
My anxious dog is about to have to endure a 17 hour flight. I don't know what to do,"I have a 7 year old medium sized dog (23 kg or about 50 lbs) from a shelter. She is very anxious and afraid of loud noises. I am worried that the flight will be very traumatic for her and I want to do everything to make it easier. In 2 weeks I am leaving for another country for a few years and no, I can't leave the dog here, she will have to fly in the cargo hold of the plane. What advice can you give? How to prepare for the flight?",dogs,108,363,2025-07-25 18:49:04,dog airplane cargo,https://www.reddit.com/r/dogs/comments/1m8uylp/my_anxious_dog_is_about_to_have_to_endure_a_17/,Tracy_Floresa,2025-07,"My anxious dog is about to have to endure a 17 hour flight. I don't know what to do I have a 7 year old medium sized dog (23 kg or about 50 lbs) from a shelter. She is very anxious and afraid of loud noises. I am worried that the flight will be very traumatic for her and I want to do everything to make it easier. In 2 weeks I am leaving for another country for a few years and no, I can't leave the dog here, she will have to fly in the cargo hold of the plane. What advice can you give? How to prepare for the flight?",anxious endure hour flight. dont year old medium sized lbs shelter. anxious afraid loud noises. worried traumatic everything make easier. weeks leaving another country years cant leave fly hold plane. advice give? prepare flight?,-0.744,0.094,0.663,0.243,negative,['practical_tip'],"['anxious', 'flight', 'advice', 'advice prepare', 'afraid', 'afraid loud', 'anxious afraid', 'anxious endure', 'country', 'country years']"
Recommendations for a airplane approved carrier for a 23 inch long dog (20 pounds),I'm having trouble finding something,dogs,0,6,2025-02-02 08:51:35,dog airplane cargo,https://www.reddit.com/r/dogs/comments/1ifjz8v/recommendations_for_a_airplane_approved_carrier/,YokeBloke888,2025-02,Recommendations for a airplane approved carrier for a 23 inch long dog (20 pounds) I'm having trouble finding something,recommendations approved carrier inch long pounds trouble finding something,0.0258,0.224,0.56,0.216,neutral,['practical_tip'],"['approved', 'approved carrier', 'carrier', 'carrier inch', 'finding', 'inch', 'inch long', 'long', 'long pounds', 'pounds']"
Flying dog in cargo tips,"Hi all,

I’m relocating from NY to San Francisco for work and my dog (2 year old Corgi) is too big to go in cabin and must go in cargo (I know, I know save me the lecture) and with a back injury I can’t make the cross country drive, plane is hard as it is.

From researching I’m going to fly Alaska as they have the best record for pets in cargo.

What kennels has anyone used and how do you go about attaching water/food?

Also looking for any other tips, I’ve read through some posts, but I haven’t flown in a long time so I’m looking for updated tips.

Thank you!",dogs,0,5,2025-01-20 06:06:39,dog airplane cargo,https://www.reddit.com/r/dogs/comments/1i592j6/flying_dog_in_cargo_tips/,jewboifresh91,2025-01,"Flying dog in cargo tips Hi all,

I’m relocating from NY to San Francisco for work and my dog (2 year old Corgi) is too big to go in cabin and must go in cargo (I know, I know save me the lecture) and with a back injury I can’t make the cross country drive, plane is hard as it is.

From researching I’m going to fly Alaska as they have the best record for pets in cargo.

What kennels has anyone used and how do you go about attaching water/food?

Also looking for any other tips, I’ve read through some posts, but I haven’t flown in a long time so I’m looking for updated tips.

Thank you!",flying tips relocating san francisco work year old corgi big cabin must save lecture back injury cant make cross country drive hard is. researching going fly alaska best record pets cargo. kennels anyone used attaching waterfood? looking tips ive read posts havent flown long looking updated tips. thank you!,0.7901,0.175,0.754,0.072,positive,['practical_tip'],"['tips', 'looking', 'alaska', 'alaska best', 'attaching', 'best', 'best record', 'big', 'cabin', 'cabin save']"
Crate-trained dog experiences in airplane baggage,"My husband and I may be moving to Europe from Canada within the next few years, and I'm wondering what other people with anxiety-prone dogs - who are too big to travel in the cabin - have experienced. Specifically, I would be flying mine in the pressurized airplane baggage area.

A bit of backstory: my dog was flown to Canada from India six years ago, as an older puppy. She had a traumatic experience - multiple delays lasting days, waste all over her, with no extra food or water - and as such, she hated crates for a few years. But I was shocked to discover that, after attending doggie daycare for several years, she developed a fondness for crates as a safe space to retreat to when she is feeling overwhelmed. She will see herself into an open crate just to be alone. This was promising for me, as I'd always hoped to live abroad for a few yeras, but didn't know how to bring her with me without re-traumatizing her... now, I'm thinking, maybe it's possible? I'm planning to purchase a crate & train her even more, so it can become her safe space at home too.

Now, about her anxiety: she can become anxious about a variety of ever-changing things: certain types of other dogs, car rides (a weird recent one - she used to be neutral about car rides), etc. However, she is bombproof when it comes to loud noises.

My question is: have you ever put your anxiety-prone dog, *who feels safe in their crate,* in the pressurized airplane baggage area? And if so, how did they seem to fare from what you gathered on arrival? Did they seem slightly anxious, or extremely stressed? I do not plan to re-traumatize my dog, so us moving overseas actually depends on whether this will be safe for her.

Thank you.",dogs,2,7,2024-12-18 07:39:54,dog airplane cargo,https://www.reddit.com/r/dogs/comments/1hgmxrs/cratetrained_dog_experiences_in_airplane_baggage/,butterchickpea,2024-12,"Crate-trained dog experiences in airplane baggage My husband and I may be moving to Europe from Canada within the next few years, and I'm wondering what other people with anxiety-prone dogs - who are too big to travel in the cabin - have experienced. Specifically, I would be flying mine in the pressurized airplane baggage area.

A bit of backstory: my dog was flown to Canada from India six years ago, as an older puppy. She had a traumatic experience - multiple delays lasting days, waste all over her, with no extra food or water - and as such, she hated crates for a few years. But I was shocked to discover that, after attending doggie daycare for several years, she developed a fondness for crates as a safe space to retreat to when she is feeling overwhelmed. She will see herself into an open crate just to be alone. This was promising for me, as I'd always hoped to live abroad for a few yeras, but didn't know how to bring her with me without re-traumatizing her... now, I'm thinking, maybe it's possible? I'm planning to purchase a crate & train her even more, so it can become her safe space at home too.

Now, about her anxiety: she can become anxious about a variety of ever-changing things: certain types of other dogs, car rides (a weird recent one - she used to be neutral about car rides), etc. However, she is bombproof when it comes to loud noises.

My question is: have you ever put your anxiety-prone dog, *who feels safe in their crate,* in the pressurized airplane baggage area? And if so, how did they seem to fare from what you gathered on arrival? Did they seem slightly anxious, or extremely stressed? I do not plan to re-traumatize my dog, so us moving overseas actually depends on whether this will be safe for her.

Thank you.",cratetrained experiences baggage husband may moving europe canada within next years wondering people anxietyprone dogs big cabin experienced. specifically flying mine pressurized baggage area. bit backstory flown canada india six years ago older puppy. traumatic experience multiple delays lasting days waste extra food water hated crates years. shocked discover attending doggie daycare several years developed fondness crates safe space retreat feeling overwhelmed. see open crate alone. promising always hoped live abroad yeras didnt bring without retraumatizing her... thinking maybe possible? planning purchase crate train even become safe space home too. anxiety become anxious variety everchanging things certain types dogs car rides weird recent used neutral car rides etc. however bombproof comes loud noises. question ever put anxietyprone feels safe crate pressurized baggage area? seem fare gathered arrival? seem slightly anxious extremely stressed? plan retraumatize moving overseas actually depends whether safe her. thank you.,0.7032,0.185,0.674,0.141,positive,"['safety_concern', 'positive_experience', 'practical_tip']","['safe', 'years', 'baggage', 'crate', 'anxietyprone', 'anxious', 'baggage area', 'canada', 'car rides', 'crates']"
Called the airline about flying my dog… now I’m more confused than before.,"I asked 3 different reps from the same airline if my dog could fly in cargo and got 3 different answers. One said yes, one said no, and one said “it depends on the staff on the day.” Super helpful. 😩

Is this normal with flying pets? How do you make sure you're getting correct info?

",dogs,257,134,2025-06-24 13:28:44,dog airplane cargo,https://www.reddit.com/r/dogs/comments/1lj1w3w/called_the_airline_about_flying_my_dog_now_im/,Toto_Alpha,2025-06,"Called the airline about flying my dog… now I’m more confused than before. I asked 3 different reps from the same airline if my dog could fly in cargo and got 3 different answers. One said yes, one said no, and one said “it depends on the staff on the day.” Super helpful. 😩

Is this normal with flying pets? How do you make sure you're getting correct info?

",called flying confused before. asked different reps fly got different answers. yes depends staff day. super helpful. normal flying pets? make sure youre getting correct info?,0.8677,0.341,0.594,0.065,positive,['practical_tip'],"['different', 'flying', 'answers', 'answers yes', 'asked', 'called', 'called flying', 'confused', 'confused asked', 'correct']"
Flying to Dubai with my dog in cargo for the first time. Is it safe? ,This is the first time my baby will be flying in cargo. What are your experiences flying internationally with pets in cargo? I've heard so many horror stories. Can anyone tell me what I can expect and how to prepare him for his journey? ,dogs,1,2,2024-08-23 03:14:55,dog airplane cargo,https://www.reddit.com/r/dogs/comments/1eyqfvx/flying_to_dubai_with_my_dog_in_cargo_for_the/,PetsFlyingPrivate,2024-08,Flying to Dubai with my dog in cargo for the first time. Is it safe?  This is the first time my baby will be flying in cargo. What are your experiences flying internationally with pets in cargo? I've heard so many horror stories. Can anyone tell me what I can expect and how to prepare him for his journey? ,flying dubai first time. safe? first baby flying cargo. experiences flying internationally pets cargo? ive heard many horror stories. anyone tell expect prepare journey?,-0.327,0.1,0.755,0.146,negative,"['positive_experience', 'practical_tip']","['flying', 'cargo', 'baby', 'baby flying', 'cargo experiences', 'cargo ive', 'dubai', 'dubai time', 'expect', 'expect prepare']"
Flying or 3 day roadtrip with dog,"Hello, I am moving across the country with my dog in about a month. Im weighing the pros and cons of flying vs driving there. it would be about 5 hour flight vs almost 2,000 miles spread over 2-3 days. I think both will be stressful for my dog. He is a 2 year old husky mix, no illnesses, no respiratory issues that would make it hard for him to breath properly. Because he is large (around 70lb) he will have to go into the cargo. He is crate trained at home and is not anxious or nervous, pretty well adapted. I feel like a 5 hour flight and getting it over with might be easier for him instead of having to be in the car for hours at a time, but for more days. Does anybody have any experience with flying or road tripping with their large dog?",dogs,62,224,2025-02-23 04:02:46,dog airplane cargo,https://www.reddit.com/r/dogs/comments/1ivq98w/flying_or_3_day_roadtrip_with_dog/,Fragrant-Airport-844,2025-02,"Flying or 3 day roadtrip with dog Hello, I am moving across the country with my dog in about a month. Im weighing the pros and cons of flying vs driving there. it would be about 5 hour flight vs almost 2,000 miles spread over 2-3 days. I think both will be stressful for my dog. He is a 2 year old husky mix, no illnesses, no respiratory issues that would make it hard for him to breath properly. Because he is large (around 70lb) he will have to go into the cargo. He is crate trained at home and is not anxious or nervous, pretty well adapted. I feel like a 5 hour flight and getting it over with might be easier for him instead of having to be in the car for hours at a time, but for more days. Does anybody have any experience with flying or road tripping with their large dog?",flying day roadtrip hello moving across country month. weighing pros cons flying driving there. hour almost miles spread days. stressful dog. year old husky mix illnesses respiratory issues make hard breath properly. large around cargo. crate trained home anxious nervous pretty well adapted. feel hour getting might easier instead car hours days. anybody experience flying road tripping large dog?,-0.4404,0.114,0.717,0.169,negative,"['safety_concern', 'practical_tip']","['flying', 'days', 'dog', 'hour', 'large', 'adapted', 'adapted feel', 'anybody', 'car', 'car hours']"
Tips for a 12 hour drive with my dog.,"In a few months, my partner and I are going away and taking our 1 year old pup with. We wanted to fly but unfortunately the only airlines that fly to our destination require dogs to be in the cargo hold. So drive it is.

Ideally, we'd like to break the drive up into two 6 hour days. But we can do three 4 hour days if needed. Regular stops for a stretch and pee aren't a problem.

Our pup has only been on a 2 hour drive before, and he did pretty well but started whining and barking for the last 15 minutes. Needless to say, we're petrified at the notion of a 6 hour drive where he barks for the last 4 hours. But the pup has to come with, so if it ends up with him screaming the whole way, that's just how it's gonna be.

We usually crate our dog for drives but are thinking of rather putting the back seats down and getting a barrier. He's okay in the crate on shorter drives, but I think 6 hours would stress him out.

He's a velcro dog (clingy to the extreme), so a barrier is a must to be safe. There's a good chance he'll get upset behind the barrier anyway because he can't live inside our skin upfront.

So far, our plan is to practice with longer drives before the trip. But realistically, we can't casually practice a 6 hour drive on any old weekend. 

Any tips would be greatly appreciated! ",dogs,134,222,2024-08-28 02:58:46,dog airplane cargo,https://www.reddit.com/r/dogs/comments/1f2nmbm/tips_for_a_12_hour_drive_with_my_dog/,anoidciv,2024-08,"Tips for a 12 hour drive with my dog. In a few months, my partner and I are going away and taking our 1 year old pup with. We wanted to fly but unfortunately the only airlines that fly to our destination require dogs to be in the cargo hold. So drive it is.

Ideally, we'd like to break the drive up into two 6 hour days. But we can do three 4 hour days if needed. Regular stops for a stretch and pee aren't a problem.

Our pup has only been on a 2 hour drive before, and he did pretty well but started whining and barking for the last 15 minutes. Needless to say, we're petrified at the notion of a 6 hour drive where he barks for the last 4 hours. But the pup has to come with, so if it ends up with him screaming the whole way, that's just how it's gonna be.

We usually crate our dog for drives but are thinking of rather putting the back seats down and getting a barrier. He's okay in the crate on shorter drives, but I think 6 hours would stress him out.

He's a velcro dog (clingy to the extreme), so a barrier is a must to be safe. There's a good chance he'll get upset behind the barrier anyway because he can't live inside our skin upfront.

So far, our plan is to practice with longer drives before the trip. But realistically, we can't casually practice a 6 hour drive on any old weekend. 

Any tips would be greatly appreciated! ",tips hour drive dog. months partner going away taking year old pup with. wanted fly unfortunately airlines fly destination require dogs hold. drive is. ideally wed break drive two hour days. three hour days needed. regular stops stretch pee arent problem. pup hour drive pretty well started whining barking last minutes. needless say petrified notion hour drive barks last hours. pup come ends screaming whole thats gonna be. usually crate drives thinking rather putting back seats getting barrier. hes okay crate shorter drives hours stress out. hes velcro clingy extreme barrier must safe. theres good chance hell upset behind barrier anyway cant live inside skin upfront. far plan practice longer drives trip. realistically cant casually practice hour drive old weekend. tips greatly appreciated!,-0.3937,0.154,0.663,0.184,negative,"['safety_concern', 'positive_experience', 'practical_tip']","['drive', 'hour', 'hour drive', 'barrier', 'drives', 'pup', 'crate', 'days', 'hours', 'old']"
Has anyone flown with a giant size dog breed?,"My dog is 122lbs, Anatolian Shepherd, 10 years old. I’m moving from Washington, DC to Honolulu, Hawaii. I absolutely to not want to put him in cargo if I don’t have to, and the only thing I’ve found online are private jets that are hella expensive. I don’t know what to do and I need advice. Has anyone here travelled long distance with a giant sized dog before? ",dogs,39,89,2025-04-11 00:14:00,dog airplane cargo,https://www.reddit.com/r/dogs/comments/1jw0cdq/has_anyone_flown_with_a_giant_size_dog_breed/,water_me,2025-04,"Has anyone flown with a giant size dog breed? My dog is 122lbs, Anatolian Shepherd, 10 years old. I’m moving from Washington, DC to Honolulu, Hawaii. I absolutely to not want to put him in cargo if I don’t have to, and the only thing I’ve found online are private jets that are hella expensive. I don’t know what to do and I need advice. Has anyone here travelled long distance with a giant sized dog before? ",anyone flown giant size breed? lbs anatolian shepherd years old. moving washington honolulu hawaii. absolutely put dont thing ive found online private jets hella expensive. dont advice. anyone travelled long distance giant sized before?,0.0,0.0,1.0,0.0,neutral,['practical_tip'],"['dont', 'giant', 'absolutely', 'absolutely dont', 'advice', 'anatolian', 'anatolian shepherd', 'breed', 'breed lbs', 'distance']"
first time flying with my 88lbs dog,"**UPDATE:** i reconsidered and got family on board to drive with me, thank you for the advice! i was definitely scared to throw him in a plane. we will be driving 👍 hes on gabapentin and trazadone from his vet for his anxiety, and already has a seat belt for my car; i'll look into getting him a better one ! thank you all for your advice.

Edit: I'd love to drive with him, any recommendations for driving with a large dog? I have a seatbelt for him in my car already; we chose flying because I think for him it'd be more stressful to drive since he is young and when we drove to OKC (abot a 3 hour drive) he freaked out when i drove over those bumps that make a loud noise and was jumping everywhere, dont want to accidentally harm either of us if he freaks on our drive to NJ and causes an accident.

I am moving from TX to NJ in about a month or two and I need recommendations for airlines and kennels. my pup is about to turn a year old next month, hes a german shepherd mix and weights 90 lbs, hes got separation anxiety that we are working on at home and with his vet. Its my first time owning a large breed and have only flown with small dogs that fit in the cabin.

I know he'll have to fly in cargo but im not sure which airline will be the best and/or which kennel to buy him.

I'd appreciate any help i can get.",dogs,25,67,2025-03-08 08:05:41,dog airplane cargo,https://www.reddit.com/r/dogs/comments/1j62zzq/first_time_flying_with_my_88lbs_dog/,CarGlittering6101,2025-03,"first time flying with my 88lbs dog **UPDATE:** i reconsidered and got family on board to drive with me, thank you for the advice! i was definitely scared to throw him in a plane. we will be driving 👍 hes on gabapentin and trazadone from his vet for his anxiety, and already has a seat belt for my car; i'll look into getting him a better one ! thank you all for your advice.

Edit: I'd love to drive with him, any recommendations for driving with a large dog? I have a seatbelt for him in my car already; we chose flying because I think for him it'd be more stressful to drive since he is young and when we drove to OKC (abot a 3 hour drive) he freaked out when i drove over those bumps that make a loud noise and was jumping everywhere, dont want to accidentally harm either of us if he freaks on our drive to NJ and causes an accident.

I am moving from TX to NJ in about a month or two and I need recommendations for airlines and kennels. my pup is about to turn a year old next month, hes a german shepherd mix and weights 90 lbs, hes got separation anxiety that we are working on at home and with his vet. Its my first time owning a large breed and have only flown with small dogs that fit in the cabin.

I know he'll have to fly in cargo but im not sure which airline will be the best and/or which kennel to buy him.

I'd appreciate any help i can get.",first flying lbs update reconsidered got family board drive thank advice! definitely scared throw plane. driving hes gabapentin trazadone vet anxiety already seat belt car ill look getting better thank advice. edit love drive recommendations driving large dog? seatbelt car already chose flying itd stressful drive since young drove okc abot hour drive freaked drove bumps make loud noise jumping everywhere dont accidentally harm either freaks drive causes accident. moving month two recommendations airlines kennels. pup turn year old next month hes german shepherd mix weights lbs hes got separation anxiety working home vet. first owning large breed flown small dogs fit cabin. hell fly sure best andor kennel buy him. appreciate help get.,0.8928,0.228,0.616,0.157,positive,"['safety_concern', 'practical_tip']","['drive', 'hes', 'advice', 'anxiety', 'car', 'driving', 'drove', 'flying', 'got', 'large']"
"Help flying my 75 lb dog from India to the USA (preferably the West Coast) - charter options, costs, and contacts?","Hi everyone,  
I'm trying to relocate my dog from India to the USA (preferably the West Coast). I'm open to departing from any major Indian city depending on availability.

A few key details:

* She's about 75 lbs, so flying in-cabin isn't an option.
* She has separation anxiety, so I really want to avoid any situation where she’d be separated from people or placed in a cargo hold.
* I'm looking into pet group charter flights where she can travel more comfortably and safely.

Would love help with:

* Trusted charter providers or agents you've worked with
* Cost estimates
* Your experience with pet relocation from India to the US
* Any tips on paperwork, vaccinations, and timing

I just want to get her here in the safest, least stressful way possible. Thanks so much for any advice or leads!",dogs,10,34,2025-07-08 15:58:22,dog airplane cargo,https://www.reddit.com/r/dogs/comments/1luhyb4/help_flying_my_75_lb_dog_from_india_to_the_usa/,this_aint_meee,2025-07,"Help flying my 75 lb dog from India to the USA (preferably the West Coast) - charter options, costs, and contacts? Hi everyone,  
I'm trying to relocate my dog from India to the USA (preferably the West Coast). I'm open to departing from any major Indian city depending on availability.

A few key details:

* She's about 75 lbs, so flying in-cabin isn't an option.
* She has separation anxiety, so I really want to avoid any situation where she’d be separated from people or placed in a cargo hold.
* I'm looking into pet group charter flights where she can travel more comfortably and safely.

Would love help with:

* Trusted charter providers or agents you've worked with
* Cost estimates
* Your experience with pet relocation from India to the US
* Any tips on paperwork, vaccinations, and timing

I just want to get her here in the safest, least stressful way possible. Thanks so much for any advice or leads!",help flying india usa preferably west coast charter options costs contacts? everyone trying relocate india usa preferably west coast. open departing major indian city depending availability. key details shes lbs flying incabin isnt option. separation anxiety avoid situation shed separated people placed hold. looking group charter flights comfortably safely. love help trusted charter providers agents youve worked cost estimates experience relocation india tips paperwork vaccinations timing safest least stressful possible. thanks advice leads!,0.9767,0.31,0.667,0.024,positive,"['safety_concern', 'positive_experience', 'practical_tip']","['charter', 'india', 'coast', 'flying', 'help', 'india usa', 'preferably', 'preferably west', 'west', 'west coast']"
Flying with a Samoyed,"hi everyone, i am going to london next february, and i have a 42 lb (19 kg) female samoyed whom i would like to bring with me. i will be there for 2 1/2 weeks. she would have to go in cargo as she is not a service dog and is obviously too large to fit under the seat. i am fine with this and i know she would be fine too, she is very good in a crate. i would be flying from MCO (orlando, florida) but can go to ATL, TPA or MIA if needed. 

does anyone have any recommendations for airlines, as well as the process of flying dogs into london? would it be better to fly into paris? i am aware the UK is rabies free, so there are some hurdles that come with that. thanks!

ETA: if you have nothing helpful to comment don’t comment at all :)",dogs,0,25,2025-06-27 23:38:59,dog airplane cargo,https://www.reddit.com/r/dogs/comments/1llvjvf/flying_with_a_samoyed/,princessbutch2,2025-06,"Flying with a Samoyed hi everyone, i am going to london next february, and i have a 42 lb (19 kg) female samoyed whom i would like to bring with me. i will be there for 2 1/2 weeks. she would have to go in cargo as she is not a service dog and is obviously too large to fit under the seat. i am fine with this and i know she would be fine too, she is very good in a crate. i would be flying from MCO (orlando, florida) but can go to ATL, TPA or MIA if needed. 

does anyone have any recommendations for airlines, as well as the process of flying dogs into london? would it be better to fly into paris? i am aware the UK is rabies free, so there are some hurdles that come with that. thanks!

ETA: if you have nothing helpful to comment don’t comment at all :)",flying samoyed everyone going london next february female samoyed bring me. weeks. service obviously large fit seat. fine fine good crate. flying mco orlando florida atl tpa mia needed. anyone recommendations airlines well process flying dogs london? better fly paris? aware rabies free hurdles come that. thanks! eta nothing helpful comment dont comment,0.9362,0.305,0.629,0.066,positive,"['positive_experience', 'practical_tip']","['flying', 'comment', 'fine', 'london', 'samoyed', 'atl', 'aware', 'aware rabies', 'better fly', 'bring']"
"Have to fly with my dog, I'm frightened","In a few months I'll have to fly with my dog, it's a 3 hour flight (Not US) and I don't have the option to drive, that's out of question.

I'm scared shitless about anything happening to him. He's roughly 17kg, small-medium sized.

I've recently lost people and the thought of losing him would devastate me beyond repair

I don't know what to do... Do I get him an emotional support animal status? Are there European airlines that allow dogs in first class under 20kg?

Edit: 

I thought going as far as setting up a camera with mini LED lights over bluetooth so I could see him during the flight, idk if that's allowed but my worst case scenario is him being in cargo",dogs,18,56,2024-12-20 23:03:11,dog airplane cargo,https://www.reddit.com/r/dogs/comments/1hikfve/have_to_fly_with_my_dog_im_frightened/,MLForBreakfast,2024-12,"Have to fly with my dog, I'm frightened In a few months I'll have to fly with my dog, it's a 3 hour flight (Not US) and I don't have the option to drive, that's out of question.

I'm scared shitless about anything happening to him. He's roughly 17kg, small-medium sized.

I've recently lost people and the thought of losing him would devastate me beyond repair

I don't know what to do... Do I get him an emotional support animal status? Are there European airlines that allow dogs in first class under 20kg?

Edit: 

I thought going as far as setting up a camera with mini LED lights over bluetooth so I could see him during the flight, idk if that's allowed but my worst case scenario is him being in cargo",fly frightened months ill fly hour dont option drive thats question. scared shitless anything happening him. hes roughly smallmedium sized. ive recently lost people thought losing devastate beyond repair dont do... emotional support animal status? european airlines allow dogs first class kg? edit thought going far setting camera mini led lights bluetooth see idk thats allowed worst case scenario,-0.9728,0.025,0.623,0.352,negative,['safety_concern'],"['dont', 'fly', 'thats', 'thought', 'airlines', 'allow', 'allowed', 'allowed worst', 'bluetooth', 'bluetooth idk']"
Flying with my VERY anxious dog,"Hi all, 

So we flew our dog (1yo, 15kg, MAS) in cargo hold to go from Sweden to France (3h flight) and it went .... well, it seems like she doesn't suffer from any trauma from it, but we do! She has severe separation anxiety, if she doesn't see us she freaks out. So she freaked out when we left her at the special luggage facility, and we could HEAR her bark and squeal for 10minutes before taking off. Yes, from the cabin. While she was very ok when we picked her up, I'm close to emotional breakdown to have to go through this again with her in a few weeks. We tried Sileo recommended from the vet for the flight but it did not seem to work at all. 

  
I should also mention that, to add to the fun, crates are forbidden in Sweden so she is not crate trained. And of course, hates being in a crate. 

  
Looking for ANY tips at this point. ",dogs,4,12,2025-07-23 16:52:22,dog airplane cargo,https://www.reddit.com/r/dogs/comments/1m737ey/flying_with_my_very_anxious_dog/,Any-Spring-8884,2025-07,"Flying with my VERY anxious dog Hi all, 

So we flew our dog (1yo, 15kg, MAS) in cargo hold to go from Sweden to France (3h flight) and it went .... well, it seems like she doesn't suffer from any trauma from it, but we do! She has severe separation anxiety, if she doesn't see us she freaks out. So she freaked out when we left her at the special luggage facility, and we could HEAR her bark and squeal for 10minutes before taking off. Yes, from the cabin. While she was very ok when we picked her up, I'm close to emotional breakdown to have to go through this again with her in a few weeks. We tried Sileo recommended from the vet for the flight but it did not seem to work at all. 

  
I should also mention that, to add to the fun, crates are forbidden in Sweden so she is not crate trained. And of course, hates being in a crate. 

  
Looking for ANY tips at this point. ",flying anxious flew mas hold sweden france went .... well seems doesnt suffer trauma do! severe separation anxiety doesnt see freaks out. freaked left special luggage facility hear bark squeal minutes taking off. yes cabin. picked close emotional breakdown weeks. tried sileo recommended vet seem work all. mention add fun crates forbidden sweden crate trained. course hates crate. looking tips point.,0.6975,0.258,0.567,0.175,positive,"['safety_concern', 'practical_tip']","['crate', 'doesnt', 'sweden', 'add', 'add fun', 'anxiety', 'anxious', 'anxious flew', 'breakdown', 'breakdown weeks']"
Pet Travel Options,Hi there! We are moving from the states to Spain next year and we have a dog who’s 65lbs. We would hate to put her in cargo in any airline. Does anyone know of other options? ,dogs,2,18,2025-06-27 22:18:22,dog airplane cargo,https://www.reddit.com/r/dogs/comments/1llto8o/pet_travel_options/,Outside-Outcome-3264,2025-06,Pet Travel Options Hi there! We are moving from the states to Spain next year and we have a dog who’s 65lbs. We would hate to put her in cargo in any airline. Does anyone know of other options? ,options there! moving states spain next year whos lbs. hate put airline. anyone options?,-0.6114,0.0,0.765,0.235,negative,['general'],"['options', 'airline', 'airline options', 'hate', 'hate airline', 'lbs', 'lbs hate', 'moving', 'moving states', 'options moving']"
Anyone used Skye Pets or K9 Jets to travel with a dog?,"Hello. My fiancé and I are planning to relocate from Los Angeles to Sydney either later this year or next year. We have a 12 year old 12 lb terrier mix who is generally anxious, on the older side, and I simply cannot imagine putting him in cargo for the 14.5 hour flight. For this reason, we've been looking into various pet charter flight companies. 

He's up to date on all his shots, and I'm not particularly worried about the quarantine, just the flight. 

Skye Pets has opened up a Vancouver to Melbourne flight for later this year, and K9 Jets has been teasing a US to Melbourne route. Does anyone on here have any experience with either of these companies, or relocating an older dog to Australia? I appreciate any advice or experience you have. Thank You! ",dogs,1,0,2025-05-16 04:15:53,pet travel flight,https://www.reddit.com/r/dogs/comments/1kngq2b/anyone_used_skye_pets_or_k9_jets_to_travel_with_a/,Opening-Equipment-13,2025-05,"Anyone used Skye Pets or K9 Jets to travel with a dog? Hello. My fiancé and I are planning to relocate from Los Angeles to Sydney either later this year or next year. We have a 12 year old 12 lb terrier mix who is generally anxious, on the older side, and I simply cannot imagine putting him in cargo for the 14.5 hour flight. For this reason, we've been looking into various pet charter flight companies. 

He's up to date on all his shots, and I'm not particularly worried about the quarantine, just the flight. 

Skye Pets has opened up a Vancouver to Melbourne flight for later this year, and K9 Jets has been teasing a US to Melbourne route. Does anyone on here have any experience with either of these companies, or relocating an older dog to Australia? I appreciate any advice or experience you have. Thank You! ",anyone used skye pets jets dog? hello. fianc planning relocate los angeles sydney either later year next year. year old terrier mix generally anxious older side simply cannot imagine putting hour flight. reason weve looking various charter companies. hes date shots particularly worried quarantine flight. skye pets opened vancouver melbourne later year jets teasing melbourne route. anyone experience either companies relocating older australia? appreciate advice experience have. thank you!,0.2638,0.069,0.846,0.085,positive,['practical_tip'],"['year', 'companies', 'experience', 'flight', 'later', 'later year', 'melbourne', 'older', 'pets', 'year year']"
"Is $9,000 USD a fair price to relocate a 39.5 kg Golden Retriever from Japan to Australia?","Hi everyone,
I’m planning to relocate from Japan to Australia with my Golden Retriever (weighs around 39.5 kg) and got a quote from a well-known international pet relocation company. Their minimum price is $9,000 USD for full support services, which includes:

Travel crate

Home pickup & delivery

Vet exams & health certificate

Government endorsements

Import permit & quarantine booking

Flight booking, check-in, and airport supervision

Quarantine fees and delivery to facility


I understand large dogs cost more, and quarantine is mandatory in Australia, but I still wanted to ask:

1. Is this a fair/normal price for large dog relocation from Japan to Australia?


2. Has anyone done this recently and can recommend any other reliable but possibly more affordable companies?


3. Any tips to reduce the cost without compromising safety or legal requirements?



Thanks in advance — this is a huge part of our move and I want to make sure my dog travels safely and comfortably without overpaying.
",dogs,338,173,2025-05-10 15:21:21,pet travel flight,https://www.reddit.com/r/dogs/comments/1kj3nwf/is_9000_usd_a_fair_price_to_relocate_a_395_kg/,Green-Butterscotch-5,2025-05,"Is $9,000 USD a fair price to relocate a 39.5 kg Golden Retriever from Japan to Australia? Hi everyone,
I’m planning to relocate from Japan to Australia with my Golden Retriever (weighs around 39.5 kg) and got a quote from a well-known international pet relocation company. Their minimum price is $9,000 USD for full support services, which includes:

Travel crate

Home pickup & delivery

Vet exams & health certificate

Government endorsements

Import permit & quarantine booking

Flight booking, check-in, and airport supervision

Quarantine fees and delivery to facility


I understand large dogs cost more, and quarantine is mandatory in Australia, but I still wanted to ask:

1. Is this a fair/normal price for large dog relocation from Japan to Australia?


2. Has anyone done this recently and can recommend any other reliable but possibly more affordable companies?


3. Any tips to reduce the cost without compromising safety or legal requirements?



Thanks in advance — this is a huge part of our move and I want to make sure my dog travels safely and comfortably without overpaying.
",usd fair price relocate golden retriever japan australia? everyone planning relocate japan australia golden retriever weighs around got quote wellknown international relocation company. minimum price usd full support services includes crate home pickup delivery vet exams health certificate government endorsements import permit quarantine booking booking checkin airport supervision quarantine fees delivery facility understand large dogs cost quarantine mandatory australia still wanted ask fairnormal price large relocation japan australia? anyone done recently recommend reliable possibly affordable companies? tips reduce cost without compromising safety legal requirements? thanks advance huge part move make sure travels safely comfortably without overpaying.,0.9556,0.208,0.759,0.033,positive,"['positive_experience', 'policy_info', 'practical_tip']","['australia', 'japan', 'japan australia', 'price', 'quarantine', 'booking', 'cost', 'delivery', 'relocate', 'relocation']"
Pet travel from the Dominican Republic,"Hi, I have a puppy that I found one day on the beach that I plan to bring back in a month or 2 if I can. he was 8 weeks when found him.  He is having all is vaccines and microchip at the moment.  I am in the US but I have friends who are taking care of him for now. 

I have been struggling to found an airlines that bring dogs from the DR. If he has to wait to be 6 months old he would surely be over 20lb at that time. (island mix, his mom was about 45lb) Jetblue doesn't have pet cargo, American only flight pet in cargo for veterans or army folks. I don't find much info about Delta for there Pet Cargo or if they even allow pet for the Dominican Republic.

  
How can I bring this pup back to the US? And what prices I would be looking at?

Does anyone has info or experience to share on that?",dogs,1,1,2024-10-08 02:08:39,pet travel flight,https://www.reddit.com/r/dogs/comments/1fycuzz/pet_travel_from_the_dominican_republic/,onizukadesuka,2024-10,"Pet travel from the Dominican Republic Hi, I have a puppy that I found one day on the beach that I plan to bring back in a month or 2 if I can. he was 8 weeks when found him.  He is having all is vaccines and microchip at the moment.  I am in the US but I have friends who are taking care of him for now. 

I have been struggling to found an airlines that bring dogs from the DR. If he has to wait to be 6 months old he would surely be over 20lb at that time. (island mix, his mom was about 45lb) Jetblue doesn't have pet cargo, American only flight pet in cargo for veterans or army folks. I don't find much info about Delta for there Pet Cargo or if they even allow pet for the Dominican Republic.

  
How can I bring this pup back to the US? And what prices I would be looking at?

Does anyone has info or experience to share on that?",dominican republic puppy found day beach plan bring back month can. weeks found him. vaccines microchip moment. friends taking care now. struggling found airlines bring dogs dr. wait months old surely time. island mix mom jetblue doesnt american veterans army folks. dont find info delta even allow dominican republic. bring pup back us? prices looking at? anyone info experience share that?,0.8762,0.193,0.768,0.039,positive,"['practical_tip', 'airline_specific']","['bring', 'dominican', 'dominican republic', 'info', 'republic', 'allow', 'american', 'american veterans', 'army folks', 'beach']"
Leave dog with sitter or bring him ?,I have a young 13 week old puppy and have to go on a 3 night trip for a ceremony. I am wondering if it's best to bring the puppy with me or leave him with a rover sitter for house sitting. During the trip we will only go out to dinner and the ceremony which is no more than 1-3 hours. The air bnb allows pets and the flight is about 2.5 hours long. He does well in his travel bag besides crying for about 5 minutes. ,dogs,6,46,2025-05-09 02:29:41,pet travel flight,https://www.reddit.com/r/dogs/comments/1khvx6g/leave_dog_with_sitter_or_bring_him/,Which_Marketing_3221,2025-05,Leave dog with sitter or bring him ? I have a young 13 week old puppy and have to go on a 3 night trip for a ceremony. I am wondering if it's best to bring the puppy with me or leave him with a rover sitter for house sitting. During the trip we will only go out to dinner and the ceremony which is no more than 1-3 hours. The air bnb allows pets and the flight is about 2.5 hours long. He does well in his travel bag besides crying for about 5 minutes. ,leave sitter bring young week old puppy night trip ceremony. wondering best bring puppy leave rover sitter house sitting. trip dinner ceremony hours. air bnb allows pets hours long. well bag besides crying minutes.,0.4215,0.154,0.711,0.135,positive,['general'],"['bring', 'ceremony', 'hours', 'leave', 'puppy', 'sitter', 'trip', 'bag', 'best', 'best bring']"
Flying with your Small Dogs,"Hello! **Asking regarding \*2\* small dogs.**  
  
I had a few questions about travel, as I'm new to this with multiple pets. I've only ever flown with 1 pet, a 10lb small dog I had years ago. I am moving cross-country and it is easiest for me to drive out solo while leaving my 2 small dogs (10-15lbs) with family back east, get everything situated out west, fly back for Labor Day with family, and then fly back with my 2 dogs to better ease into my new space out there and not need to sort a sitter over Labor Day week.

Has anyone else done something similar and how convenient/pricy did it end up being? If no one has experience flying with both pets at once, solo, I suppose I'll try calling each airlines to see exactly how it works. My **main question** here is if both dogs fit in one regulation size soft-sided dog carry-on bag (which they both do and are calm in nature), has any airline let anyone else here fly with both digs in one dog carry-on bag or did you have to buy 2 seats and bring 2 bags?

I am seeing the following for United, American, and Delta:  
United - $150/pet, add to trip at counter before flight, can bring 2 pets if you buy 2 flight seats  
American - $150/pet, add as carry-on in app, (unsure if you can bring 2)  
Delta - $150/pet, add to trip at counter before flight, (unsure if you can bring 2)

Thanks! Any insight is greatly appreciated.",dogs,1,7,2025-07-29 02:48:47,pet travel flight,https://www.reddit.com/r/dogs/comments/1mbn3lg/flying_with_your_small_dogs/,MyLegsHurt315,2025-07,"Flying with your Small Dogs Hello! **Asking regarding \*2\* small dogs.**  
  
I had a few questions about travel, as I'm new to this with multiple pets. I've only ever flown with 1 pet, a 10lb small dog I had years ago. I am moving cross-country and it is easiest for me to drive out solo while leaving my 2 small dogs (10-15lbs) with family back east, get everything situated out west, fly back for Labor Day with family, and then fly back with my 2 dogs to better ease into my new space out there and not need to sort a sitter over Labor Day week.

Has anyone else done something similar and how convenient/pricy did it end up being? If no one has experience flying with both pets at once, solo, I suppose I'll try calling each airlines to see exactly how it works. My **main question** here is if both dogs fit in one regulation size soft-sided dog carry-on bag (which they both do and are calm in nature), has any airline let anyone else here fly with both digs in one dog carry-on bag or did you have to buy 2 seats and bring 2 bags?

I am seeing the following for United, American, and Delta:  
United - $150/pet, add to trip at counter before flight, can bring 2 pets if you buy 2 flight seats  
American - $150/pet, add as carry-on in app, (unsure if you can bring 2)  
Delta - $150/pet, add to trip at counter before flight, (unsure if you can bring 2)

Thanks! Any insight is greatly appreciated.",flying small dogs hello! asking regarding small dogs. questions new multiple pets. ive ever flown small years ago. moving crosscountry easiest drive solo leaving small dogs lbs family back east everything situated west fly back labor day family fly back dogs better ease new space sort sitter labor day week. anyone else done something similar convenientpricy end being? experience flying pets solo suppose ill try calling airlines see exactly works. main question dogs fit regulation size softsided carryon bag calm nature let anyone else fly digs carryon bag buy seats bring bags? seeing following united american delta united add trip counter bring pets buy seats american add carryon app unsure bring delta add trip counter unsure bring thanks! insight greatly appreciated.,0.9598,0.184,0.768,0.048,positive,"['policy_info', 'practical_tip', 'airline_specific']","['dogs', 'bring', 'small', 'add', 'carryon', 'fly', 'pets', 'small dogs', 'carryon bag', 'counter']"
Flying internationally with my dog—looking for advice,"Hi everyone! I am planning a trip abroad with my dog, and I have never traveled internationally with him before. I am using Travel Hund to manage the logistics, but I would love to hear from other dog owners who've traveled with their pets internationally.

What should I expect when flying with a dog, and how can I prepare to make it as smooth as possible for both of us? Also, how do I make sure my dog stays comfortable during the flight?

Looking forward to hearing your experiences!",dogs,2,7,2025-06-29 19:31:34,pet travel flight,https://www.reddit.com/r/dogs/comments/1lnbiky/flying_internationally_with_my_doglooking_for/,Cheap-Housing-1631,2025-06,"Flying internationally with my dog—looking for advice Hi everyone! I am planning a trip abroad with my dog, and I have never traveled internationally with him before. I am using Travel Hund to manage the logistics, but I would love to hear from other dog owners who've traveled with their pets internationally.

What should I expect when flying with a dog, and how can I prepare to make it as smooth as possible for both of us? Also, how do I make sure my dog stays comfortable during the flight?

Looking forward to hearing your experiences!",flying internationally doglooking advice everyone! planning trip abroad never traveled internationally before. using hund manage logistics love hear owners whove traveled pets internationally. expect flying prepare make smooth possible us? make sure stays comfortable flight? looking forward hearing experiences!,0.8944,0.23,0.77,0.0,positive,"['positive_experience', 'practical_tip']","['internationally', 'flying', 'make', 'traveled', 'abroad', 'advice', 'comfortable', 'comfortable flight', 'doglooking advice', 'expect']"
Dog when you aren't settled - is it the right time?,"Seeking advice here. My fiancée and I have always wanted a dog together, and we see a dog as an ever present member of our future home life. Over the past year of living together, we have gone back and forth a few times on when the “right time” is to get a dog. On the one hand, raising a dog together is something we want to do before introducing kids into our home.  We have both grown up with dogs, and know what it requires.  Right now we are both working from home and have plenty of time and resources to care for a furry companion.  She is all for it, but I am hesitant


We aren’t planning on staying in the same place for more than a year at a time.  At some point I’d like to commit to a dog, but this year we are planning to move (and may move a second time after that).  I recognize that moving with a dog also has its pros, such as having the companionship and responsibility of care, and the potential for forming social bonds with other dog owners. 


Additionally, we have both agreed that before having kids we would like to spend an extended amount of time abroad. International travel is difficult due to regulations on dogs, but that’s something we can handle financially and time-wise.  My concern is more about transferring the dog abroad.  I am concerned about flying them as cargo.  There are some options to take a cruise from the USA to London, and that might be the ultimate decision if I can’t bear the thought of putting the dog through that flight. That isn’t as much of an option for other parts of the world.

I know there will never be a “perfect” time to take this step, but I would love to hear from the /r/dogs community if yall think my concerns are blown out of proportion, or if we have the time and money, I should lighten up and bring a pet into our lives.",dogs,6,25,2025-01-08 04:53:22,pet travel flight,https://www.reddit.com/r/dogs/comments/1hw099x/dog_when_you_arent_settled_is_it_the_right_time/,ButcherJones,2025-01,"Dog when you aren't settled - is it the right time? Seeking advice here. My fiancée and I have always wanted a dog together, and we see a dog as an ever present member of our future home life. Over the past year of living together, we have gone back and forth a few times on when the “right time” is to get a dog. On the one hand, raising a dog together is something we want to do before introducing kids into our home.  We have both grown up with dogs, and know what it requires.  Right now we are both working from home and have plenty of time and resources to care for a furry companion.  She is all for it, but I am hesitant


We aren’t planning on staying in the same place for more than a year at a time.  At some point I’d like to commit to a dog, but this year we are planning to move (and may move a second time after that).  I recognize that moving with a dog also has its pros, such as having the companionship and responsibility of care, and the potential for forming social bonds with other dog owners. 


Additionally, we have both agreed that before having kids we would like to spend an extended amount of time abroad. International travel is difficult due to regulations on dogs, but that’s something we can handle financially and time-wise.  My concern is more about transferring the dog abroad.  I am concerned about flying them as cargo.  There are some options to take a cruise from the USA to London, and that might be the ultimate decision if I can’t bear the thought of putting the dog through that flight. That isn’t as much of an option for other parts of the world.

I know there will never be a “perfect” time to take this step, but I would love to hear from the /r/dogs community if yall think my concerns are blown out of proportion, or if we have the time and money, I should lighten up and bring a pet into our lives.",arent settled right time? seeking advice here. fiance always wanted together see ever present member future home life. past year living together gone back forth times right dog. hand raising together something introducing kids home. grown dogs requires. right working home plenty resources care furry companion. hesitant arent planning staying place year time. point commit year planning move may move second that. recognize moving pros companionship responsibility care potential forming social bonds owners. additionally agreed kids spend extended amount abroad. international difficult due regulations dogs thats something handle financially timewise. concern transferring abroad. concerned flying cargo. options take cruise usa london might ultimate decision cant bear thought putting flight. isnt option parts world. never perfect take step love hear rdogs community yall concerns blown proportion money lighten bring lives.,0.891,0.124,0.824,0.051,positive,"['policy_info', 'practical_tip']","['home', 'right', 'year', 'abroad', 'arent', 'care', 'dogs', 'kids', 'planning', 'time']"
Flying w/ dog in cabin on Air France -- slightly over weight limit? ,"Hi all,

Wondering if anyone has traveled with a dog that's \*slightly\* over the 8 kg/17.64 lb in-cabin weight limit on Air France?

I'm traveling with my Shih Tzu next month on Air France. My pup and her carrier are 8.2 kg/18.12 lbs (pup alone is 7.25 kg/16 lbs). Does anyone know if that's ""too much"" over the Air France in-cabin pet weight limit? 

The American carriers we've traveled on before didn't have weight limits for in-cabin pets, and she comfortably fits within her travel carrier, which meets Air France's size requirements.

I'd imagine the most important thing is that she's comfortable and can move around in her carrier, which she can! (We've traveled together on 10+ domestic flights, and she loves to travel and always hops in her carrier and falls asleep.)

Any advice would be greatly appreciated!",dogs,1,25,2025-01-08 05:01:33,pet travel flight,https://www.reddit.com/r/dogs/comments/1hw0ggo/flying_w_dog_in_cabin_on_air_france_slightly_over/,Ready-Speaker8611,2025-01,"Flying w/ dog in cabin on Air France -- slightly over weight limit?  Hi all,

Wondering if anyone has traveled with a dog that's \*slightly\* over the 8 kg/17.64 lb in-cabin weight limit on Air France?

I'm traveling with my Shih Tzu next month on Air France. My pup and her carrier are 8.2 kg/18.12 lbs (pup alone is 7.25 kg/16 lbs). Does anyone know if that's ""too much"" over the Air France in-cabin pet weight limit? 

The American carriers we've traveled on before didn't have weight limits for in-cabin pets, and she comfortably fits within her travel carrier, which meets Air France's size requirements.

I'd imagine the most important thing is that she's comfortable and can move around in her carrier, which she can! (We've traveled together on 10+ domestic flights, and she loves to travel and always hops in her carrier and falls asleep.)

Any advice would be greatly appreciated!",flying cabin air france slightly weight limit? wondering anyone traveled thats slightly kg. incabin weight limit air france? traveling shih tzu next month air france. pup carrier kg. lbs pup alone lbs. anyone thats air france incabin weight limit? american carriers weve traveled didnt weight limits incabin pets comfortably fits within carrier meets air frances size requirements. imagine important thing shes comfortable move around carrier can! weve traveled together domestic flights loves always hops carrier falls asleep. advice greatly appreciated!,0.9362,0.177,0.802,0.022,positive,"['positive_experience', 'policy_info', 'practical_tip', 'airline_specific']","['air', 'air france', 'carrier', 'france', 'weight', 'incabin', 'limit', 'traveled', 'weight limit', 'lbs']"
International Dog Travel Help,"Hi all, unique question, we are moving to the UK, My husband is from there and living there. We cant afford a pet agent and are trying to do this ourselves. If my husband comes to the US for work and we send our dog back to the UK with him after, what do we need to do to establish my husband as an owner so that it still meets non commercial cargo standards? Does his name have to be on the health cert? Or just be the person booking the flight/checking him in? We are going to try to fly him out of LAX with my husband a month before my planned flight over. Also any advice or things youve learned doing this yourself is welcome! Flying American or British likely out of LAX or DAL. 

Also, please no horror stories, its either fly him over with us or give him away and I cant bare to give him away so I cant handle any horror stories or I will pass away from anxiety. ",dogs,6,4,2025-05-27 06:25:28,pet travel flight,https://www.reddit.com/r/dogs/comments/1kw60i7/international_dog_travel_help/,Money_Beat_9803,2025-05,"International Dog Travel Help Hi all, unique question, we are moving to the UK, My husband is from there and living there. We cant afford a pet agent and are trying to do this ourselves. If my husband comes to the US for work and we send our dog back to the UK with him after, what do we need to do to establish my husband as an owner so that it still meets non commercial cargo standards? Does his name have to be on the health cert? Or just be the person booking the flight/checking him in? We are going to try to fly him out of LAX with my husband a month before my planned flight over. Also any advice or things youve learned doing this yourself is welcome! Flying American or British likely out of LAX or DAL. 

Also, please no horror stories, its either fly him over with us or give him away and I cant bare to give him away so I cant handle any horror stories or I will pass away from anxiety. ",international help unique question moving husband living there. cant afford agent trying ourselves. husband comes work send back establish husband owner still meets non commercial standards? name health cert? person booking flightchecking in? going try fly lax husband month planned over. advice things youve learned welcome! flying american british likely lax dal. please horror stories either fly give away cant bare give away cant handle horror stories pass away anxiety.,-0.4464,0.098,0.781,0.121,negative,"['safety_concern', 'practical_tip', 'airline_specific']","['husband', 'away', 'fly', 'horror', 'horror stories', 'lax', 'stories', 'afford', 'american british', 'anxiety']"
Could someone share their recent experience flying from the EU to the US?,"I'll be returning to the US after 7 months in Germany flying FRA to SFO on United Airlines with my service dog (diabetes alert) at the end of May.

* If I did my research correctly for the US immigration/customs part I need to only complete and submit the CDC Dog Import Form.

* For United Airlines I require a rabies vaccine certification (28 days old at least) and a health certificate. United said for both I can use the EU Pet Passport which I have showing a January 2025 rabies vaccine. 

* For in-cabin travel I will complete the two DOT service dog forms as I did on the flight to Europe last year.

Is there any issue with the air waybill (AWB)? Or do I understand correctly that this issue is currently on hold and not relevant until at least the Fall of 2025?

What can I expect at immigration/customs on the US? Just show the CDC paperwork and be on my way?

My dog is a 9 year old microchipped Golden. 

Thank you for any feedback. ",dogs,5,9,2025-04-11 06:49:53,pet travel flight,https://www.reddit.com/r/dogs/comments/1jw9tb0/could_someone_share_their_recent_experience/,CmdrMcLane,2025-04,"Could someone share their recent experience flying from the EU to the US? I'll be returning to the US after 7 months in Germany flying FRA to SFO on United Airlines with my service dog (diabetes alert) at the end of May.

* If I did my research correctly for the US immigration/customs part I need to only complete and submit the CDC Dog Import Form.

* For United Airlines I require a rabies vaccine certification (28 days old at least) and a health certificate. United said for both I can use the EU Pet Passport which I have showing a January 2025 rabies vaccine. 

* For in-cabin travel I will complete the two DOT service dog forms as I did on the flight to Europe last year.

Is there any issue with the air waybill (AWB)? Or do I understand correctly that this issue is currently on hold and not relevant until at least the Fall of 2025?

What can I expect at immigration/customs on the US? Just show the CDC paperwork and be on my way?

My dog is a 9 year old microchipped Golden. 

Thank you for any feedback. ",someone share recent experience flying us? ill returning months germany flying fra sfo united airlines service diabetes alert end may. research correctly immigrationcustoms part complete submit cdc import form. united airlines require rabies vaccine certification days old least health certificate. united use passport showing january rabies vaccine. incabin complete two dot service forms europe last year. issue air waybill awb? understand correctly issue currently hold relevant least fall expect immigrationcustoms us? show cdc paperwork way? year old microchipped golden. thank feedback.,0.9092,0.175,0.795,0.03,positive,"['practical_tip', 'airline_specific']","['united', 'airlines', 'cdc', 'complete', 'correctly', 'flying', 'immigrationcustoms', 'issue', 'rabies', 'united airlines']"
Flying with dog on hold from Vienna with Austrian Airlines,"Hi,

For anyone that flew with their dog on hold from Vienna with Austrian Airlines, how was your experience?

Were you satisfied with the handling and care of your pet?

Did you pay any extra fee for taking off / arriving to Vienna airport?
I see this note on their website:

Please note that an additional fee of EUR 150 (or CHF 175 or USD 175) will be charged if you travel via Frankfurt (FRA), Munich (MUC), Vienna (VIE), Zurich (ZRH), Geneva (GVA) or Brussels (BRU). This applies to tickets issued after 1 April 2021.

I talked with their support agent but couldn’t get a straight answer. Do I have to pay this 150€ on top of the 200€ ticket (one way direct flight within Europe)?

Thank you for sharing your experience. 
",dogs,1,9,2025-04-03 23:55:41,pet travel flight,https://www.reddit.com/r/dogs/comments/1jqkl4y/flying_with_dog_on_hold_from_vienna_with_austrian/,Glass_Practice_1605,2025-04,"Flying with dog on hold from Vienna with Austrian Airlines Hi,

For anyone that flew with their dog on hold from Vienna with Austrian Airlines, how was your experience?

Were you satisfied with the handling and care of your pet?

Did you pay any extra fee for taking off / arriving to Vienna airport?
I see this note on their website:

Please note that an additional fee of EUR 150 (or CHF 175 or USD 175) will be charged if you travel via Frankfurt (FRA), Munich (MUC), Vienna (VIE), Zurich (ZRH), Geneva (GVA) or Brussels (BRU). This applies to tickets issued after 1 April 2021.

I talked with their support agent but couldn’t get a straight answer. Do I have to pay this 150€ on top of the 200€ ticket (one way direct flight within Europe)?

Thank you for sharing your experience. 
",flying hold vienna austrian airlines anyone flew hold vienna austrian airlines experience? satisfied handling care pet? pay extra fee taking arriving vienna airport? see note website please note additional fee eur chf usd charged via frankfurt fra munich muc vienna vie zurich zrh geneva gva brussels bru. applies tickets issued april talked support agent couldnt straight answer. pay top ticket direct within europe? thank sharing experience.,0.9299,0.237,0.685,0.078,positive,['practical_tip'],"['vienna', 'airlines', 'austrian', 'austrian airlines', 'experience', 'fee', 'hold', 'hold vienna', 'pay', 'vienna austrian']"
Dogs and overseas travel questions...,"Hello! I am absolutely terrified of the idea of travel with my dog where i'd have to leave it alone. So i don't. But i worry about even a possibility (like an emergency). 
I don't understand how do dogs travel in the cargo hold on long haul flights? When  the maximum amount of time a dog should be left alone is 4-6 hours? Especial small 8-9 kg dogs? 

But my main question is - is there really no airline that visits the dogs in the hold? Or allows a passenger to visit?

And what about those humane relocation service companies? They are so expensive...do they stay with the dog the whole time so it's not alone?

Thank you in advance for any help on this!
",dogs,0,2,2025-02-22 02:00:45,pet travel flight,https://www.reddit.com/r/dogs/comments/1iuvpue/dogs_and_overseas_travel_questions/,agirtzce,2025-02,"Dogs and overseas travel questions... Hello! I am absolutely terrified of the idea of travel with my dog where i'd have to leave it alone. So i don't. But i worry about even a possibility (like an emergency). 
I don't understand how do dogs travel in the cargo hold on long haul flights? When  the maximum amount of time a dog should be left alone is 4-6 hours? Especial small 8-9 kg dogs? 

But my main question is - is there really no airline that visits the dogs in the hold? Or allows a passenger to visit?

And what about those humane relocation service companies? They are so expensive...do they stay with the dog the whole time so it's not alone?

Thank you in advance for any help on this!
",dogs overseas questions... hello! absolutely terrified idea leave alone. dont. worry even possibility emergency. dont understand dogs hold long haul flights? maximum amount left alone hours? especial small dogs? main question visits dogs hold? allows passenger visit? humane relocation service companies? expensive...do stay whole alone? thank advance help this!,-0.8071,0.12,0.63,0.25,negative,"['safety_concern', 'practical_tip']","['dogs', 'dogs hold', 'dont', 'hold', 'absolutely', 'absolutely terrified', 'advance', 'allows', 'companies', 'companies expensive']"
Shipping Chihuahua from Edmonton to Niagara region Ontario,"We have a 3+ year old female pure breed chihuahua, maybe 4-5lbs. She is a lap dog, very dependent. She has been on a plane with me in the cabin under my legs in a travel bag, with trazadone and gabapentin to make her sleepy to and from which is 4hrs each way, it sort of worked but I want her knocked out sleeping as I wont be there to put my hand in her bag to calm her down if barking.

But we can't take her to Asia with us, I am trying to ship her from Edmonton to a trusted person I know and she knows very well instead of a local dog sitter (trust issues and they won't be able to handle my dog for a month)

Does anyone know any reputable pet shippers by plane throughout Canada and with the possible option for door delivery?

She will be medicated and within an approved crate with her bed, travel bag, and a snuggle puppy heart beat toy and maybe adaptil on a bandana (recommend by vet). The reviews for adaptil don't seem great on Amazon. 

I want to include a video recorder in the crate to make sure she wasn't abused during the flight. I may be overreacting, but I have trust issues.

Any contact info and suggestions will be great. My dog is my child, im trying to provide her the best care possible while away out of Canada for a month.",dogs,0,3,2025-01-13 08:31:40,pet travel flight,https://www.reddit.com/r/dogs/comments/1i009yv/shipping_chihuahua_from_edmonton_to_niagara/,ketablues,2025-01,"Shipping Chihuahua from Edmonton to Niagara region Ontario We have a 3+ year old female pure breed chihuahua, maybe 4-5lbs. She is a lap dog, very dependent. She has been on a plane with me in the cabin under my legs in a travel bag, with trazadone and gabapentin to make her sleepy to and from which is 4hrs each way, it sort of worked but I want her knocked out sleeping as I wont be there to put my hand in her bag to calm her down if barking.

But we can't take her to Asia with us, I am trying to ship her from Edmonton to a trusted person I know and she knows very well instead of a local dog sitter (trust issues and they won't be able to handle my dog for a month)

Does anyone know any reputable pet shippers by plane throughout Canada and with the possible option for door delivery?

She will be medicated and within an approved crate with her bed, travel bag, and a snuggle puppy heart beat toy and maybe adaptil on a bandana (recommend by vet). The reviews for adaptil don't seem great on Amazon. 

I want to include a video recorder in the crate to make sure she wasn't abused during the flight. I may be overreacting, but I have trust issues.

Any contact info and suggestions will be great. My dog is my child, im trying to provide her the best care possible while away out of Canada for a month.",shipping chihuahua edmonton niagara region ontario year old female pure breed chihuahua maybe lbs. lap dependent. cabin legs bag trazadone gabapentin make sleepy hrs sort worked knocked sleeping wont put hand bag calm barking. cant take asia trying ship edmonton trusted person knows well instead local sitter trust issues wont able handle month anyone reputable shippers throughout canada possible option door delivery? medicated within approved crate bed bag snuggle puppy heart beat toy maybe adaptil bandana recommend vet. reviews adaptil dont seem great amazon. include video recorder crate make sure wasnt abused flight. may overreacting trust issues. contact info suggestions great. child trying provide best care possible away canada month.,0.9641,0.231,0.691,0.078,positive,['practical_tip'],"['bag', 'adaptil', 'canada', 'chihuahua', 'crate', 'edmonton', 'great', 'issues', 'make', 'maybe']"
Flying an American Staffordshire Terrier Mix ,"I am officially all out of ideas or solutions.. has anyone transported a Staffy on a plane?

I am a young student and have been living in Texas for the past two years. I am now moving back home to Europe from Dallas to Sweden at the end of this month.
I will bring my dog, a one-year-old American Staffordshire Terrier Mix, and have been planning our move for weeks. I am currently in Europe working while she is in babysitting in Dallas. I had planned to fly back to get her but now all of my plans A, B, C, D, E… all of them have crashed and I can’t find a way to fly her over.
I didn’t want to go through a transportation company as I don’t have $6000 and decided to try and do this on my own. I have all the required paperwork, vaccinations, microchip, and Health certificate which is currently in the making and will be delivered around the 20th of August. I had booked flights with Delta after they told me she could travel in the cargo but turns out they do not allow it! and I cannot get a refund... Now I have been searching every airline, calling, and sending emails and all of them do not accept her breed or do not fly pets. 
It wouldn’t be a problem if we were in Chicago or NY or Atlanta to fly her over to Sweden but the hardest part is to get her from Dallas! I am starting to panic as her health certification is only valid for 10 days, I start my new school on the 26th and I cannot keep her babysitting much longer, and to add.. I do not know anyone else who could babysit her.
I sound like I am doing this last minute but believe me, I have been working on this for months and just now the plans started to crash so I am in a very tough situation.
My dog means the absolute world to me and I refuse to give up until I have reached the bottom, does anyone know a way or have any advice?
Sincerely a very worried dog mom.",dogs,0,11,2024-08-09 06:02:01,pet travel flight,https://www.reddit.com/r/dogs/comments/1enh8va/flying_an_american_staffordshire_terrier_mix/,Blue-Berry-Mary,2024-08,"Flying an American Staffordshire Terrier Mix  I am officially all out of ideas or solutions.. has anyone transported a Staffy on a plane?

I am a young student and have been living in Texas for the past two years. I am now moving back home to Europe from Dallas to Sweden at the end of this month.
I will bring my dog, a one-year-old American Staffordshire Terrier Mix, and have been planning our move for weeks. I am currently in Europe working while she is in babysitting in Dallas. I had planned to fly back to get her but now all of my plans A, B, C, D, E… all of them have crashed and I can’t find a way to fly her over.
I didn’t want to go through a transportation company as I don’t have $6000 and decided to try and do this on my own. I have all the required paperwork, vaccinations, microchip, and Health certificate which is currently in the making and will be delivered around the 20th of August. I had booked flights with Delta after they told me she could travel in the cargo but turns out they do not allow it! and I cannot get a refund... Now I have been searching every airline, calling, and sending emails and all of them do not accept her breed or do not fly pets. 
It wouldn’t be a problem if we were in Chicago or NY or Atlanta to fly her over to Sweden but the hardest part is to get her from Dallas! I am starting to panic as her health certification is only valid for 10 days, I start my new school on the 26th and I cannot keep her babysitting much longer, and to add.. I do not know anyone else who could babysit her.
I sound like I am doing this last minute but believe me, I have been working on this for months and just now the plans started to crash so I am in a very tough situation.
My dog means the absolute world to me and I refuse to give up until I have reached the bottom, does anyone know a way or have any advice?
Sincerely a very worried dog mom.",flying american staffordshire terrier mix officially ideas solutions.. anyone transported staffy plane? young student living texas past two years. moving back home europe dallas sweden end month. bring oneyearold american staffordshire terrier mix planning move weeks. currently europe working babysitting dallas. planned fly back plans crashed cant find fly over. didnt transportation company dont decided try own. required paperwork vaccinations microchip health certificate currently making delivered around august. booked flights delta told turns allow it! cannot refund... searching every calling sending emails accept breed fly pets. wouldnt problem chicago atlanta fly sweden hardest part dallas! starting panic health certification valid days start new school cannot keep babysitting longer add.. anyone else babysit her. sound last minute believe working months plans started crash tough situation. means absolute world refuse give reached bottom anyone advice? sincerely worried mom.,-0.379,0.075,0.839,0.086,negative,"['practical_tip', 'airline_specific']","['fly', 'dallas', 'american', 'american staffordshire', 'babysitting', 'currently', 'europe', 'health', 'mix', 'working']"
Travelling with a dachshund or finding suitable alternatives?,"Hi there,

My husband and I are considering getting a dog, specifically a dachshund. We've given it a lot of thought and are excited about the prospect. We live in a very dog-friendly city in Europe, next to two parks. I work from home, we love spending time outdoors and we fully understand the significant lifestyle change a dog would bring. We're willing to accept all that.

However, there is one concern that we haven't been able to resolve. We like to travel once a year for a month to escape the cold winter while working remotely. The destination (Madeira) is a 5 hour flight for us. We're not sure how we could manage this with a dog. Taking a dog on a plane seems stressful and dangerous for the animal and the idea of leaving our dog at a pet boarding facility for a whole month seems sad. Unfortunately, leaving the dog with family or friends for such a long time isn't an option either.

Has anyone here been in a similar situation? How did you deal with it? We'd love to hear about your experiences and any advice you have. Thanks in advance!",dogs,1,1,2024-10-08 05:19:09,pet travel flight,https://www.reddit.com/r/dogs/comments/1fyhi8y/travelling_with_a_dachshund_or_finding_suitable/,Bitter_Cook_979,2024-10,"Travelling with a dachshund or finding suitable alternatives? Hi there,

My husband and I are considering getting a dog, specifically a dachshund. We've given it a lot of thought and are excited about the prospect. We live in a very dog-friendly city in Europe, next to two parks. I work from home, we love spending time outdoors and we fully understand the significant lifestyle change a dog would bring. We're willing to accept all that.

However, there is one concern that we haven't been able to resolve. We like to travel once a year for a month to escape the cold winter while working remotely. The destination (Madeira) is a 5 hour flight for us. We're not sure how we could manage this with a dog. Taking a dog on a plane seems stressful and dangerous for the animal and the idea of leaving our dog at a pet boarding facility for a whole month seems sad. Unfortunately, leaving the dog with family or friends for such a long time isn't an option either.

Has anyone here been in a similar situation? How did you deal with it? We'd love to hear about your experiences and any advice you have. Thanks in advance!",travelling dachshund finding suitable alternatives? husband considering getting specifically dachshund. weve given lot thought excited prospect. live dogfriendly city europe next two parks. work home love spending outdoors fully understand significant lifestyle change bring. willing accept that. however concern havent able resolve. year month escape cold winter working remotely. destination madeira hour us. sure manage dog. taking seems stressful dangerous animal idea leaving boarding facility whole month seems sad. unfortunately leaving family friends long isnt option either. anyone similar situation? deal it? wed love hear experiences advice have. thanks advance!,0.925,0.242,0.638,0.12,positive,"['safety_concern', 'practical_tip']","['dachshund', 'leaving', 'love', 'month', 'able', 'able resolve', 'accept', 'advance', 'alternatives husband', 'animal']"
My dog needs a flight companion from Portugal,"My dog is currently in Lisbon and I traveled to Athens to apply for the digital nomad residence permit. Now I'm stuck in Greece and I need someon to fly with her to meet me here - she is currently with a pet sitter but the process of obtaining residency might take up to 3-6 months, and I cannot be away from my dog for that long.

  
Are there groups or organizations that arrange for a flight buddy? She is a 5kg shih tzu - 3 years old and very healthy so ideally she would be easy to transport in cabin!",dogs,0,4,2024-08-25 00:28:42,pet travel flight,https://www.reddit.com/r/dogs/comments/1f07ym8/my_dog_needs_a_flight_companion_from_portugal/,Careless_Abroad_9400,2024-08,"My dog needs a flight companion from Portugal My dog is currently in Lisbon and I traveled to Athens to apply for the digital nomad residence permit. Now I'm stuck in Greece and I need someon to fly with her to meet me here - she is currently with a pet sitter but the process of obtaining residency might take up to 3-6 months, and I cannot be away from my dog for that long.

  
Are there groups or organizations that arrange for a flight buddy? She is a 5kg shih tzu - 3 years old and very healthy so ideally she would be easy to transport in cabin!",needs companion portugal currently lisbon traveled athens apply digital nomad residence permit. stuck greece someon fly meet currently sitter process obtaining residency might take months cannot away long. groups organizations arrange buddy? shih tzu years old healthy ideally easy transport cabin!,0.7712,0.182,0.776,0.042,positive,['general'],"['currently', 'apply', 'apply digital', 'arrange', 'arrange buddy', 'athens', 'athens apply', 'away', 'away long', 'buddy']"
Traveling with golden doodle AUS - EWR,"Hi all, thank you in advance for your help and sorry if this is a repeat. I’m unable to find any airlines that do allow travel with a dog in cargo. My dog is big enough that he wouldn’t fit under the seat. So planning to travel with cargo but I keep on finding conflicting information - some say that only military personnel are allowed to bring pets in cargo ? Is that right ? 
And then I contacted American they said I could bring a dog but I would need to go to Dallas for a direct flight and then ask the checkin staff there on the day of the flight. 

Do any airlines allow dogs cargo ? If yes, which ones ? Thank you! 
This is the first time I’m flying with a pet. ",dogs,0,1,2024-08-22 04:16:59,pet travel flight,https://www.reddit.com/r/dogs/comments/1exyc92/traveling_with_golden_doodle_aus_ewr/,untakenusername23,2024-08,"Traveling with golden doodle AUS - EWR Hi all, thank you in advance for your help and sorry if this is a repeat. I’m unable to find any airlines that do allow travel with a dog in cargo. My dog is big enough that he wouldn’t fit under the seat. So planning to travel with cargo but I keep on finding conflicting information - some say that only military personnel are allowed to bring pets in cargo ? Is that right ? 
And then I contacted American they said I could bring a dog but I would need to go to Dallas for a direct flight and then ask the checkin staff there on the day of the flight. 

Do any airlines allow dogs cargo ? If yes, which ones ? Thank you! 
This is the first time I’m flying with a pet. ",traveling golden doodle aus ewr thank advance help sorry repeat. unable find airlines allow cargo. big enough wouldnt fit seat. planning keep finding conflicting information say military personnel allowed bring pets right contacted american bring dallas direct ask checkin staff day flight. airlines allow dogs yes ones thank you! first flying pet.,0.8117,0.228,0.676,0.096,positive,"['practical_tip', 'airline_specific']","['airlines', 'airlines allow', 'allow', 'bring', 'thank', 'advance', 'allow cargo', 'allow dogs', 'allowed bring', 'american']"
I know this has been asked before but what do I do when my dog dies?,"My baby girl has been around for 13 years and going forward. Adopted her at 6 months. She’s still incredibly active but I see her  getting grayer, tired and anxious. It makes me scared but I want to be there for her like she’s been there for me all these years.

I hate even asking this because she’s still my best buddy who should be alive forever. And idk why dogs have to die. 


I know people are like “go to the vet!” But what if I wake up one morning and she’s gone? Do I just call the vet and be like “hello my dog is dead?” What do I say? Where do I actually go? 

I’ve gone to the emergency vet center when she had a uti…but that’s not the same thing. Do I just barge in?  Call off work…tears down my face holding by dead best furry buddy like “she’s dead …help?”

I ask because I honestly don’t know how to react when the moment comes. How do I prepare? What do I do? How do I even know she’s dying? What if she’s okay before bed and gone in the morning?  Where do I go? Is it just emergency vet services? What if I want her cremated? Should I be looking for a private practice?

I don’t want her to leave me but realistically she will and I’m not ready for it.  But I want to be ready when the time comes and not google shit through my tears. 

I think about these things and have no one to ask without sounding crazy.   She’s literally my best friend and l want her to have a peaceful passing and respect to her remains. 


Edit: I want to thank each and every one of you who said kind words and shared their stories. You’ve all definitely helped me feel a bit better and offered some great pointers. I’m glad we all can all bond over our pups. Love ya guys!",dogs,18,18,2024-08-24 20:28:57,dog died cargo hold,https://www.reddit.com/r/dogs/comments/1f032pr/i_know_this_has_been_asked_before_but_what_do_i/,softyuk,2024-08,"I know this has been asked before but what do I do when my dog dies? My baby girl has been around for 13 years and going forward. Adopted her at 6 months. She’s still incredibly active but I see her  getting grayer, tired and anxious. It makes me scared but I want to be there for her like she’s been there for me all these years.

I hate even asking this because she’s still my best buddy who should be alive forever. And idk why dogs have to die. 


I know people are like “go to the vet!” But what if I wake up one morning and she’s gone? Do I just call the vet and be like “hello my dog is dead?” What do I say? Where do I actually go? 

I’ve gone to the emergency vet center when she had a uti…but that’s not the same thing. Do I just barge in?  Call off work…tears down my face holding by dead best furry buddy like “she’s dead …help?”

I ask because I honestly don’t know how to react when the moment comes. How do I prepare? What do I do? How do I even know she’s dying? What if she’s okay before bed and gone in the morning?  Where do I go? Is it just emergency vet services? What if I want her cremated? Should I be looking for a private practice?

I don’t want her to leave me but realistically she will and I’m not ready for it.  But I want to be ready when the time comes and not google shit through my tears. 

I think about these things and have no one to ask without sounding crazy.   She’s literally my best friend and l want her to have a peaceful passing and respect to her remains. 


Edit: I want to thank each and every one of you who said kind words and shared their stories. You’ve all definitely helped me feel a bit better and offered some great pointers. I’m glad we all can all bond over our pups. Love ya guys!",asked dies? baby girl around years going forward. adopted months. shes still incredibly active see getting grayer tired anxious. makes scared shes years. hate even asking shes still best buddy alive forever. idk dogs die. people vet! wake morning shes gone? call vet hello dead? say? actually go? ive gone emergency vet center utibut thats thing. barge in? call worktears face holding dead best furry buddy shes dead help? ask honestly dont react moment comes. prepare? do? even shes dying? shes okay bed gone morning? go? emergency vet services? cremated? looking private practice? dont leave realistically ready it. ready comes google shit tears. things ask without sounding crazy. shes literally best friend peaceful passing respect remains. edit thank every kind words shared stories. youve definitely helped feel bit better offered great pointers. glad bond pups. love guys!,0.9666,0.309,0.479,0.212,positive,"['safety_concern', 'practical_tip']","['shes', 'vet', 'best', 'dead', 'gone', 'buddy', 'comes', 'dont', 'emergency vet', 'ready']"
How much sleep do you get?,"I have two 7yo dogs and I swear I haven't slept in in 7 years. It doesn't matter what time we let them out at night, they WILL wake me up at 3-5am. It's so bad that I had to go to bed at 7pm last night to make sure I had enough sleep because I have to drive to the city this morning.

Thankfully (or sadly) I don't work because of health issues currently, so I can typically go back to bed after but... ugh. Usually my husband lets them out at 11pm or something before going to bed, but it doesn't matter, they still wake me up at 4am the next day (they don't get fed until 5 - tried pushing to 6 and it made no difference). If for some reason he goes to bed early it's awful.

Not really looking for advice but some solidarity I guess :D

We used to have another dog who died a couple of years ago who always let us sleep in, I swear he could hold it for 12 hours...",dogs,219,358,2024-10-02 18:22:10,dog died cargo hold,https://www.reddit.com/r/dogs/comments/1fuc13h/how_much_sleep_do_you_get/,Francl27,2024-10,"How much sleep do you get? I have two 7yo dogs and I swear I haven't slept in in 7 years. It doesn't matter what time we let them out at night, they WILL wake me up at 3-5am. It's so bad that I had to go to bed at 7pm last night to make sure I had enough sleep because I have to drive to the city this morning.

Thankfully (or sadly) I don't work because of health issues currently, so I can typically go back to bed after but... ugh. Usually my husband lets them out at 11pm or something before going to bed, but it doesn't matter, they still wake me up at 4am the next day (they don't get fed until 5 - tried pushing to 6 and it made no difference). If for some reason he goes to bed early it's awful.

Not really looking for advice but some solidarity I guess :D

We used to have another dog who died a couple of years ago who always let us sleep in, I swear he could hold it for 12 hours...",sleep get? two dogs swear havent slept years. doesnt matter let night wake am. bad bed last night make sure enough sleep drive city morning. thankfully sadly dont work health issues currently typically back bed but... ugh. usually husband lets something going bed doesnt matter still wake next day dont fed tried pushing made difference. reason goes bed early awful. looking advice solidarity guess used another died couple years ago always let sleep swear hold hours...,-0.8735,0.08,0.699,0.221,negative,"['safety_concern', 'practical_tip']","['bed', 'sleep', 'doesnt', 'doesnt matter', 'dont', 'let', 'matter', 'night', 'swear', 'years']"
Advice on the best way to Rehome,"We are moving countries and there is no way that my dog can come with us so I have to give her up. But I want to make sure she is going to the right home. Is it better to get her out of the same town so she isn’t waiting for us to come home, with a couple with another dog and the potential of kids in the future? Or to a home that will spoil her, no other dogs, no kids, but in the same town?? 
I just want what’s best for her. ",dogs,0,33,2025-07-24 10:09:44,dog died cargo hold,https://www.reddit.com/r/dogs/comments/1m7qw8g/advice_on_the_best_way_to_rehome/,noborigama,2025-07,"Advice on the best way to Rehome We are moving countries and there is no way that my dog can come with us so I have to give her up. But I want to make sure she is going to the right home. Is it better to get her out of the same town so she isn’t waiting for us to come home, with a couple with another dog and the potential of kids in the future? Or to a home that will spoil her, no other dogs, no kids, but in the same town?? 
I just want what’s best for her. ",advice best rehome moving countries come give up. make sure going right home. better town isnt waiting come home couple another potential kids future? home spoil dogs kids town?? whats best her.,0.9342,0.336,0.664,0.0,positive,['practical_tip'],"['home', 'best', 'come', 'kids', 'town', 'advice best', 'best rehome', 'better', 'come make', 'countries']"
Should I get a third dog???,"So, I know the answer should be no (lol) but I keep entertaining the idea. It wouldn’t be anytime soon, as I have a 10mo puppy that I am still working with and would want my dogs to be as best trained as possible before introducing a third. 
Both of my dogs are mutts from the shelter, and I love them dearly and work daily to train them. I would like to get them some akc titles even and am working with an akc trainer. I absolutely love training them and everything that has to do with dog sports. This is what makes me want a third, well bred dog. Since I’ve never experienced a well bred dog I am dying to know what it’s like to have a dog with specific drives and can be easily trained. I also just think if I were to introduce a third it would be wise considering my dogs to get one that is as predictable as possible. 
Here’s what’s holding me back. First off, my husband is in the military, so we only stay places for a few years at a time and are only planning on renting because of the frequent moving. Having 3 dogs would definitely make it harder to find a place, but not impossible. We are also planning on having kids in the next few years, so cost wise and time wise I’m not sure if this would be feasible.  
Basically, I just love dogs a lot and want to pour all of my energy and love into them. I know it would be crazy to get a third and I am realistic  in knowing the responsibility that comes with this, and am still considering it. Looking for any input!! ",dogs,0,30,2025-04-29 10:50:46,dog died cargo hold,https://www.reddit.com/r/dogs/comments/1kacn95/should_i_get_a_third_dog/,Feisty-Act-9015,2025-04,"Should I get a third dog??? So, I know the answer should be no (lol) but I keep entertaining the idea. It wouldn’t be anytime soon, as I have a 10mo puppy that I am still working with and would want my dogs to be as best trained as possible before introducing a third. 
Both of my dogs are mutts from the shelter, and I love them dearly and work daily to train them. I would like to get them some akc titles even and am working with an akc trainer. I absolutely love training them and everything that has to do with dog sports. This is what makes me want a third, well bred dog. Since I’ve never experienced a well bred dog I am dying to know what it’s like to have a dog with specific drives and can be easily trained. I also just think if I were to introduce a third it would be wise considering my dogs to get one that is as predictable as possible. 
Here’s what’s holding me back. First off, my husband is in the military, so we only stay places for a few years at a time and are only planning on renting because of the frequent moving. Having 3 dogs would definitely make it harder to find a place, but not impossible. We are also planning on having kids in the next few years, so cost wise and time wise I’m not sure if this would be feasible.  
Basically, I just love dogs a lot and want to pour all of my energy and love into them. I know it would be crazy to get a third and I am realistic  in knowing the responsibility that comes with this, and am still considering it. Looking for any input!! ",third dog??? answer lol keep entertaining idea. wouldnt anytime soon puppy still working dogs best trained possible introducing third. dogs mutts shelter love dearly work daily train them. akc titles even working akc trainer. absolutely love training everything sports. makes third well bred dog. since ive never experienced well bred dying specific drives easily trained. introduce third wise considering dogs predictable possible. heres whats holding back. first husband military stay places years planning renting frequent moving. dogs definitely make harder find place impossible. planning kids next years cost wise wise sure feasible. basically love dogs lot pour energy love them. crazy third realistic knowing responsibility comes still considering it. looking input!!,0.994,0.36,0.624,0.016,positive,['practical_tip'],"['dogs', 'love', 'wise', 'akc', 'considering', 'dog', 'planning', 'possible', 'working', 'years']"
Calming supplements for flight,"Hi all! 

In about 4 months we will move from Europe to USA together with out 5 yr old Lab mix. She is 24 kg and will travel in the hold as she is to heavy to be taken in the cabin. 

The issue is the flight. We will fly for almost 10+ hours, and she is a very anxious dog, panics during night walks and is reactive to strangers. So i can only imagine how she will feel while being transported in the hold.

She has been cage trained, and she is quite ok with spending hours in the cage, however the outside stimulus is what makes her panic.

Our trainer recommended to give her gabapentine, but after some research done on the substance, i am worried she might develop side effects and we will not be able to assist. Also i know that sedating her is not an option, as the air pressure might lower her heart rate, and with the sedation too, she might die. 

So right now we are looking into chews or pills that can help her relax more, while she is also aware of her surroundings. 

Do you know of any chews, treats or pills that have a calming effect for an extended period of time and can help us in this situation?


Thank you in advance! ",dogs,3,6,2025-07-30 18:48:44,dog died cargo hold,https://www.reddit.com/r/dogs/comments/1md2bv6/calming_supplements_for_flight/,frenchfriesandcaviar,2025-07,"Calming supplements for flight Hi all! 

In about 4 months we will move from Europe to USA together with out 5 yr old Lab mix. She is 24 kg and will travel in the hold as she is to heavy to be taken in the cabin. 

The issue is the flight. We will fly for almost 10+ hours, and she is a very anxious dog, panics during night walks and is reactive to strangers. So i can only imagine how she will feel while being transported in the hold.

She has been cage trained, and she is quite ok with spending hours in the cage, however the outside stimulus is what makes her panic.

Our trainer recommended to give her gabapentine, but after some research done on the substance, i am worried she might develop side effects and we will not be able to assist. Also i know that sedating her is not an option, as the air pressure might lower her heart rate, and with the sedation too, she might die. 

So right now we are looking into chews or pills that can help her relax more, while she is also aware of her surroundings. 

Do you know of any chews, treats or pills that have a calming effect for an extended period of time and can help us in this situation?


Thank you in advance! ",calming supplements all! months move europe usa together old lab mix. hold heavy taken cabin. issue flight. fly almost hours anxious panics night walks reactive strangers. imagine feel transported hold. cage trained quite spending hours cage however outside stimulus makes panic. trainer recommended give gabapentine research done substance worried might develop side effects able assist. sedating option air pressure might lower heart rate sedation might die. right looking chews pills help relax aware surroundings. chews treats pills calming effect extended period help situation? thank advance!,-0.1881,0.167,0.659,0.174,negative,['practical_tip'],"['cage', 'calming', 'chews', 'help', 'hold', 'hours', 'pills', 'air pressure', 'assist', 'assist sedating']"
Travelling to USA from UK with dog,"Hi, I am looking to do a long trip to America (not sure which states yet). 

I am looking to travel with my dog there, as he’s my little sidekick and I would not enjoy the trip knowing he’s back home. 

I do not want him to be travelling separate (eg. In cargo/hold of a plane or kennels). 

I was wondering if anyone has done the same and can recommend good routes and transportation options to go from the UK to USA? ",dogs,0,30,2025-02-12 23:29:58,dog died cargo hold,https://www.reddit.com/r/dogs/comments/1ins2y3/travelling_to_usa_from_uk_with_dog/,Louloucharlie,2025-02,"Travelling to USA from UK with dog Hi, I am looking to do a long trip to America (not sure which states yet). 

I am looking to travel with my dog there, as he’s my little sidekick and I would not enjoy the trip knowing he’s back home. 

I do not want him to be travelling separate (eg. In cargo/hold of a plane or kennels). 

I was wondering if anyone has done the same and can recommend good routes and transportation options to go from the UK to USA? ",travelling usa looking long trip america sure states yet. looking hes little sidekick enjoy trip knowing hes back home. travelling separate eg. cargohold kennels. wondering anyone done recommend good routes transportation options usa?,0.8632,0.268,0.732,0.0,positive,"['positive_experience', 'practical_tip']","['hes', 'looking', 'travelling', 'trip', 'usa', 'america', 'cargohold', 'enjoy', 'good routes', 'hes home']"
Recommendation for airline approved dog carrier for a dachshund? 🌭✈️,"My dachshund is small enough (less than 15lbs - she’s 12lb) to fly on board - only issue is she is too long for a standard carrier (17 in x 10.50 in x 11 in). 

Any recommendations or suggestions on what to do or carriers to get? ",dogs,1,9,2025-06-11 10:25:59,dog died cargo hold,https://www.reddit.com/r/dogs/comments/1l8g71r/recommendation_for_airline_approved_dog_carrier/,Otherwise-Dog-1763,2025-06,"Recommendation for airline approved dog carrier for a dachshund? 🌭✈️ My dachshund is small enough (less than 15lbs - she’s 12lb) to fly on board - only issue is she is too long for a standard carrier (17 in x 10.50 in x 11 in). 

Any recommendations or suggestions on what to do or carriers to get? ",recommendation approved carrier dachshund? dachshund small enough less lbs shes fly board issue long standard carrier in. recommendations suggestions carriers get?,0.4871,0.136,0.864,0.0,positive,['practical_tip'],"['carrier', 'dachshund', 'approved', 'approved carrier', 'board', 'board issue', 'carrier dachshund', 'carrier recommendations', 'carriers', 'dachshund dachshund']"
[HELP] Flying with dog and trying to figure out watering situation,"I and my husky are flying from Germany to Canada. She'll be in the cargo hold - we've already sourced an IATA compliant crate, but are at a bit of a standstill when it comes to her water situation. Per the IATA, any attached water bowls need to be empty, so we're looking for either a slow water dispenser (like a hamster bottle?) or maybe an attached funnel that water can be poured into. What do you use? Any recommended brands/items?

It's our first time flying and we're both nervewrecked both at the thought of flying, but also at the thought of being turned away due to any technical issues!",dogs,15,8,2025-05-29 23:07:35,dog died cargo hold,https://www.reddit.com/r/dogs/comments/1kybpfg/help_flying_with_dog_and_trying_to_figure_out/,animusinmyanima,2025-05,"[HELP] Flying with dog and trying to figure out watering situation I and my husky are flying from Germany to Canada. She'll be in the cargo hold - we've already sourced an IATA compliant crate, but are at a bit of a standstill when it comes to her water situation. Per the IATA, any attached water bowls need to be empty, so we're looking for either a slow water dispenser (like a hamster bottle?) or maybe an attached funnel that water can be poured into. What do you use? Any recommended brands/items?

It's our first time flying and we're both nervewrecked both at the thought of flying, but also at the thought of being turned away due to any technical issues!",help flying trying figure watering situation husky flying germany canada. shell hold weve already sourced iata compliant crate bit standstill comes water situation. per iata attached water bowls empty looking either slow water dispenser hamster bottle? maybe attached funnel water poured into. use? recommended brandsitems? first flying nervewrecked thought flying thought turned away due technical issues!,0.5621,0.107,0.863,0.03,positive,['practical_tip'],"['flying', 'water', 'attached', 'iata', 'situation', 'thought', 'away technical', 'bit', 'bottle maybe', 'bowls']"
"How to get my dog from Frankfurt, Germany to Minneapolis, USA?","I'm moving from near Frankfurt to Minneapolis this summer. My dog is too big to fly in the cabin. When I moved to Germany I paid like $150 to check my dog in an appropriate kennel and he flew in the hold. Lufthansa took great care of him, and he did fine with the trip. 

Now I'm moving back and it seems the CDC changes are making this more complicated. 

Most airlines don't take dogs in the hold unless you're active military, on assignment. Lufthansa still does, but only to [some cities](https://www.lufthansa.com/us/en/travelling-with-animals). The closest city seems to be either New York or Philadelphia. 

Alternatively, I can send the dog with a dog shipping company, and they will put it in the hold *on the exact Lufthansa flight I want to take* but it will cost me €2,500. 


Am I missing an airline that will take dogs as cargo? Even domestically? I'd rather do a direct flight - for the dog's sake and mine - but I'm considering all options here.

It's frustrating that I have to pay €2,500 to send my dog on the same flight that I was going to send him on for €150 or so. It's the same dog, same airport, same flight.

Edit: The CDC allows dogs to [enter at any port](https://www.cdc.gov/importation/dogs/faqs.html#heading-lxn6qdynb7). My dog was vaccinated against rabies in the US and was chipped there.

Edit2: It looks like Air France will allow dogs in the hold to MSP. Maybe I'll take the train to Paris and do the direct flight from Paris to Minneapolis.",dogs,23,19,2025-02-13 19:37:12,dog died cargo hold,https://www.reddit.com/r/dogs/comments/1ioga75/how_to_get_my_dog_from_frankfurt_germany_to/,cspybbq,2025-02,"How to get my dog from Frankfurt, Germany to Minneapolis, USA? I'm moving from near Frankfurt to Minneapolis this summer. My dog is too big to fly in the cabin. When I moved to Germany I paid like $150 to check my dog in an appropriate kennel and he flew in the hold. Lufthansa took great care of him, and he did fine with the trip. 

Now I'm moving back and it seems the CDC changes are making this more complicated. 

Most airlines don't take dogs in the hold unless you're active military, on assignment. Lufthansa still does, but only to [some cities](https://www.lufthansa.com/us/en/travelling-with-animals). The closest city seems to be either New York or Philadelphia. 

Alternatively, I can send the dog with a dog shipping company, and they will put it in the hold *on the exact Lufthansa flight I want to take* but it will cost me €2,500. 


Am I missing an airline that will take dogs as cargo? Even domestically? I'd rather do a direct flight - for the dog's sake and mine - but I'm considering all options here.

It's frustrating that I have to pay €2,500 to send my dog on the same flight that I was going to send him on for €150 or so. It's the same dog, same airport, same flight.

Edit: The CDC allows dogs to [enter at any port](https://www.cdc.gov/importation/dogs/faqs.html#heading-lxn6qdynb7). My dog was vaccinated against rabies in the US and was chipped there.

Edit2: It looks like Air France will allow dogs in the hold to MSP. Maybe I'll take the train to Paris and do the direct flight from Paris to Minneapolis.",frankfurt germany minneapolis usa? moving near frankfurt minneapolis summer. big fly cabin. moved germany paid check appropriate kennel flew hold. lufthansa took great care fine trip. moving back seems cdc changes making complicated. airlines dont take dogs hold unless youre active military assignment. lufthansa still cities closest city seems either new york philadelphia. alternatively send shipping company put hold exact lufthansa take cost missing take dogs cargo? even domestically? rather direct dogs sake mine considering options here. frustrating pay send going send so. airport flight. edit cdc allows dogs enter port vaccinated rabies chipped there. edit looks air france allow dogs hold msp. maybe ill take train paris direct paris minneapolis.,0.7131,0.113,0.812,0.074,positive,['airline_specific'],"['dogs', 'hold', 'lufthansa', 'minneapolis', 'send', 'cdc', 'dogs hold', 'edit', 'frankfurt', 'germany']"
"What’s the one moment you regret not taking a picture or recording of your pup, but you’ll always remember?","My husband and I talk about this often. We have a 6 yr old Am Staff/Great Dane. Poor guy had a rough life before us, and because of that he’s not super friendly with other dogs. 

Earlier this year, we brought home a puppy that was abandoned in our neighborhood. We had a long talk with our boy about being nice. He was lonely since our other dog died last June and we know he needed a friend. I honestly believe he understood every word we said, and was so sweet to our girl from the second she came home. 

Our puppy, GSD/Pyr mix, was 8 weeks when we found her. She was so cute and tiny and fuzzy!! She had no fear walking around the house, almost like it was hers and she knew it haha! The moment I will always regret not recording was when she walked up our stairs all proud, but was so scared to come down! She was yelping and crying and not sure what to do. It was like our boy was talking to her and he showed her how to walk down the stairs!! He’d walk down a few, and then go back up as if saying “follow me”. After a couple demonstrations, she followed him down the stairs and was a pro her first time! I’m pretty sure my heart exploded in my chest in that moment!

What was your moment?",dogs,42,25,2024-12-05 21:09:13,dog died cargo hold,https://www.reddit.com/r/dogs/comments/1h77q6w/whats_the_one_moment_you_regret_not_taking_a/,username-does-exist,2024-12,"What’s the one moment you regret not taking a picture or recording of your pup, but you’ll always remember? My husband and I talk about this often. We have a 6 yr old Am Staff/Great Dane. Poor guy had a rough life before us, and because of that he’s not super friendly with other dogs. 

Earlier this year, we brought home a puppy that was abandoned in our neighborhood. We had a long talk with our boy about being nice. He was lonely since our other dog died last June and we know he needed a friend. I honestly believe he understood every word we said, and was so sweet to our girl from the second she came home. 

Our puppy, GSD/Pyr mix, was 8 weeks when we found her. She was so cute and tiny and fuzzy!! She had no fear walking around the house, almost like it was hers and she knew it haha! The moment I will always regret not recording was when she walked up our stairs all proud, but was so scared to come down! She was yelping and crying and not sure what to do. It was like our boy was talking to her and he showed her how to walk down the stairs!! He’d walk down a few, and then go back up as if saying “follow me”. After a couple demonstrations, she followed him down the stairs and was a pro her first time! I’m pretty sure my heart exploded in my chest in that moment!

What was your moment?",whats moment regret taking picture recording pup youll always remember? husband talk often. old staffgreat dane. poor guy rough life hes super friendly dogs. earlier year brought home puppy abandoned neighborhood. long talk boy nice. lonely since died last june needed friend. honestly believe understood every word sweet girl second came home. puppy gsdpyr mix weeks found her. cute tiny fuzzy!! fear walking around house almost knew haha! moment always regret recording walked stairs proud scared come down! yelping crying sure do. boy talking showed walk stairs!! hed walk back saying follow me. couple demonstrations followed stairs pro first time! pretty sure heart exploded chest moment! moment?,0.882,0.248,0.572,0.18,positive,['safety_concern'],"['moment', 'stairs', 'boy', 'home', 'home puppy', 'moment regret', 'puppy', 'recording', 'regret', 'walk']"
Potty training advice,"Hello all, I just rescued a failed hunting dog, he's 6 months and previous owners just left him to die. We had him for almost 1 month and he only using the bathroom on training pads inside the house. He loves going on walks and runs, we stay outside for an hour or more a day, but we noticed he holds it until he comes back inside. Not sure what to do, please help. ",dogs,3,2,2025-05-28 02:37:20,dog died cargo hold,https://www.reddit.com/r/dogs/comments/1kwti6p/potty_training_advice/,Supertuti813,2025-05,"Potty training advice Hello all, I just rescued a failed hunting dog, he's 6 months and previous owners just left him to die. We had him for almost 1 month and he only using the bathroom on training pads inside the house. He loves going on walks and runs, we stay outside for an hour or more a day, but we noticed he holds it until he comes back inside. Not sure what to do, please help. ",potty training advice hello rescued failed hunting hes months previous owners left die. almost month using bathroom training pads inside house. loves going walks runs stay outside hour day noticed holds comes back inside. sure please help.,0.6808,0.271,0.588,0.141,positive,['practical_tip'],"['inside', 'training', 'advice', 'advice hello', 'bathroom', 'comes', 'comes inside', 'day', 'die', 'die month']"
6 month old toy poodle just won’t pee outside.,"About a week ago I got a 6 month old toy poodle. He was at a lovely home (the breeder literally keeps the dogs in his home semi contained in a large pen in his living room or just roaming freely around the house), the puppies are clearly loved as are the parents. They do it more for the love of the breed rather than as a big money making enterprise. I say all of this to stress that it’s not a puppy mill type of set up and they’re very much family pets from the get go.
Having said all of that, my little guy- Ollie, just won’t pee outside. I saw his living area before and like I say he was very much indoors and using puppy pads, although the breeder did say he’d go out to do his business as well. 

The snag is that I cannot get him to pee outside. He’s using the pads no problem, and I don’t want to discourage him from using them in the house (to save my carpets/ furniture etc) but I’ve only managed to get him to go in the garden maybe 3 times in a week. He waits til we get back in and then goes right in front of me. I whisk him back outside but by then it’s too late or he just holds in the rest. 

I’ve started to use a crate at night which I didn’t want to do but felt it was going to help with the house training as he’d be dying to go in the morning but he’s not! He doesn’t pee in the crate, but even today it’s been 2.5 hours since I let him out and still no outdoor peeing! Agh!!!! I feel like I’m going crazy. He looks at me the entire time if we are walking, zero interest in smells or marking his territory. Nor does he care about marking our yard. 
I bought the spray to encourage urination but no interest in that either… 
Any ideas? 
",dogs,1,2,2025-05-23 22:33:18,dog died cargo hold,https://www.reddit.com/r/dogs/comments/1ktjom9/6_month_old_toy_poodle_just_wont_pee_outside/,JackMcB99,2025-05,"6 month old toy poodle just won’t pee outside. About a week ago I got a 6 month old toy poodle. He was at a lovely home (the breeder literally keeps the dogs in his home semi contained in a large pen in his living room or just roaming freely around the house), the puppies are clearly loved as are the parents. They do it more for the love of the breed rather than as a big money making enterprise. I say all of this to stress that it’s not a puppy mill type of set up and they’re very much family pets from the get go.
Having said all of that, my little guy- Ollie, just won’t pee outside. I saw his living area before and like I say he was very much indoors and using puppy pads, although the breeder did say he’d go out to do his business as well. 

The snag is that I cannot get him to pee outside. He’s using the pads no problem, and I don’t want to discourage him from using them in the house (to save my carpets/ furniture etc) but I’ve only managed to get him to go in the garden maybe 3 times in a week. He waits til we get back in and then goes right in front of me. I whisk him back outside but by then it’s too late or he just holds in the rest. 

I’ve started to use a crate at night which I didn’t want to do but felt it was going to help with the house training as he’d be dying to go in the morning but he’s not! He doesn’t pee in the crate, but even today it’s been 2.5 hours since I let him out and still no outdoor peeing! Agh!!!! I feel like I’m going crazy. He looks at me the entire time if we are walking, zero interest in smells or marking his territory. Nor does he care about marking our yard. 
I bought the spray to encourage urination but no interest in that either… 
Any ideas? 
",month old toy poodle wont pee outside. week ago got month old toy poodle. lovely home breeder literally keeps dogs home semi contained large pen living room roaming freely around house puppies clearly loved parents. love breed rather big money making enterprise. say stress puppy mill type set theyre family pets go. little guy ollie wont pee outside. saw living area say indoors using puppy pads although breeder say hed business well. snag cannot pee outside. hes using pads problem dont discourage using house save carpets furniture etc ive managed garden maybe times week. waits til back goes right front me. whisk back outside late holds rest. ive started use crate night didnt felt going help house training hed dying morning hes not! doesnt pee crate even today hours since let still outdoor peeing! agh!!!! feel going crazy. looks entire walking zero interest smells marking territory. care marking yard. bought spray encourage urination interest either ideas?,0.9828,0.205,0.741,0.054,positive,"['safety_concern', 'practical_tip']","['outside', 'pee', 'house', 'pee outside', 'say', 'using', 'breeder', 'going', 'living', 'marking']"
Has anyone used pet travel websites to get accurate airline requirements instead of calling customer service?,"I'm trying to fly my 55lb lab mix from Denver to London next month and I'm honestly losing my mind. I've called United four times now and gotten completely different information each time. First rep said my dog could fly cargo, second said the route doesn't allow pets at all, third said only certain aircraft on that route can take dogs, and the fourth just transferred me to some automated system.

Meanwhile their website just says ""pets accepted as cargo"" with zero specifics about which planes, routes, or restrictions. I even drove to the airport yesterday to ask in person and the desk agent just shrugged and said ""I don't handle pet cargo.""

I'm terrified I'll show up with my dog and all her paperwork only to be told she can't fly. Has anyone actually figured out how to get straight answers from airlines about pet policies?",dogs,27,9,2025-06-29 20:26:58,airline pet policy,https://www.reddit.com/r/dogs/comments/1lncepb/has_anyone_used_pet_travel_websites_to_get/,No_Newspaper_7295,2025-06,"Has anyone used pet travel websites to get accurate airline requirements instead of calling customer service? I'm trying to fly my 55lb lab mix from Denver to London next month and I'm honestly losing my mind. I've called United four times now and gotten completely different information each time. First rep said my dog could fly cargo, second said the route doesn't allow pets at all, third said only certain aircraft on that route can take dogs, and the fourth just transferred me to some automated system.

Meanwhile their website just says ""pets accepted as cargo"" with zero specifics about which planes, routes, or restrictions. I even drove to the airport yesterday to ask in person and the desk agent just shrugged and said ""I don't handle pet cargo.""

I'm terrified I'll show up with my dog and all her paperwork only to be told she can't fly. Has anyone actually figured out how to get straight answers from airlines about pet policies?",anyone used websites accurate requirements instead calling customer service? trying fly lab mix denver london next month honestly losing mind. ive called united four times gotten completely different information time. first rep fly second route doesnt allow pets third certain aircraft route take dogs fourth transferred automated system. meanwhile website says pets accepted zero specifics planes routes restrictions. even drove airport yesterday ask person desk agent shrugged dont handle cargo. terrified ill show paperwork told cant fly. anyone actually figured straight answers airlines policies?,0.8133,0.159,0.769,0.072,positive,"['policy_info', 'airline_specific']","['fly', 'pets', 'route', 'accepted', 'accepted zero', 'accurate', 'actually', 'actually figured', 'aircraft', 'aircraft route']"
What To Know before flying with a puppy:,An easy guide to compare airline pet policies and prepare for your next trip! 🐶 👉  [https://www.pawrade.com/resource/puppy-travel/flying-with-a-puppy](https://www.pawrade.com/resource/puppy-travel/flying-with-a-puppy),dogs,0,1,2025-04-24 22:47:14,airline pet policy,https://www.reddit.com/r/dogs/comments/1k6sn03/what_to_know_before_flying_with_a_puppy/,Pawrade,2025-04,What To Know before flying with a puppy: An easy guide to compare airline pet policies and prepare for your next trip! 🐶 👉  [https://www.pawrade.com/resource/puppy-travel/flying-with-a-puppy](https://www.pawrade.com/resource/puppy-travel/flying-with-a-puppy),flying puppy easy guide compare policies prepare next trip!,0.4926,0.285,0.715,0.0,positive,['practical_tip'],"['compare', 'compare policies', 'easy', 'easy guide', 'flying', 'flying puppy', 'guide', 'guide compare', 'policies', 'policies prepare']"
Dog Crate sizing for Alaska Airlines Question,"We need to fly our large 75 lb coonhound. He is too tall for the 40”x30” crate so we bought the next size up, a 48”x35” crate. He fits great in the larger crate, but the problem is Alaska’s planes can’t hold that size (it has an external height of 35” and Alaska has a max loading height of 34”). 


We’ve looked high and low for a Goldilocks crate that would work, but come up empty. Does anyone know of a crate that is somewhere between 31-34” tall and 41-48” long?

Edit: u/Hot_Firefighter_4034 pointed out that Impact crates has a model that might work. However, Alaska Airlines guidelines state that crates ""must not be collapsible."" https://www.alaskaair.com/content/travel-info/policies/pets-traveling-with-pets/travel-crates?srsltid=AfmBOorkuHsM5RoUeh7x9KD8p9NzJp6nXp6xalXcBxdBmj2A4e2BdsHX) I know that Impact offers an airline rail to lock out the crate and make it IATA compliant, i.e., not collapsible. However, Alska Airlines won't confirm whether they would accept the crate with the rail installed or not. Has anyone traveled with an Impact crate on Alaska Airlines? ",dogs,1,8,2024-12-30 00:03:32,airline pet policy,https://www.reddit.com/r/dogs/comments/1hoxrcx/dog_crate_sizing_for_alaska_airlines_question/,Congenital_Stirpes,2024-12,"Dog Crate sizing for Alaska Airlines Question We need to fly our large 75 lb coonhound. He is too tall for the 40”x30” crate so we bought the next size up, a 48”x35” crate. He fits great in the larger crate, but the problem is Alaska’s planes can’t hold that size (it has an external height of 35” and Alaska has a max loading height of 34”). 


We’ve looked high and low for a Goldilocks crate that would work, but come up empty. Does anyone know of a crate that is somewhere between 31-34” tall and 41-48” long?

Edit: u/Hot_Firefighter_4034 pointed out that Impact crates has a model that might work. However, Alaska Airlines guidelines state that crates ""must not be collapsible."" https://www.alaskaair.com/content/travel-info/policies/pets-traveling-with-pets/travel-crates?srsltid=AfmBOorkuHsM5RoUeh7x9KD8p9NzJp6nXp6xalXcBxdBmj2A4e2BdsHX) I know that Impact offers an airline rail to lock out the crate and make it IATA compliant, i.e., not collapsible. However, Alska Airlines won't confirm whether they would accept the crate with the rail installed or not. Has anyone traveled with an Impact crate on Alaska Airlines? ",crate sizing alaska airlines question fly large coonhound. tall crate bought next size crate. fits great larger crate problem alaskas planes cant hold size external height alaska max loading height weve looked high low goldilocks crate work come empty. anyone crate somewhere tall long? edit uhotfirefighter pointed impact crates model might work. however alaska airlines guidelines state crates must collapsible. impact offers rail lock crate make iata compliant i.e. collapsible. however alska airlines wont confirm whether accept crate rail installed not. anyone traveled impact crate alaska airlines?,-0.4667,0.043,0.861,0.096,negative,"['policy_info', 'practical_tip']","['crate', 'airlines', 'alaska', 'alaska airlines', 'impact', 'collapsible', 'crates', 'height', 'rail', 'size']"
Tell us about your experience with pet health care plans,"We wanted to ask people who have bought pet health care from a wide range of companies to get a sense of what sort of things different plans cover, how effective the policies have been, and any gripes you've had.",dogs,16,65,2025-06-19 04:58:00,airline pet policy,https://www.reddit.com/r/dogs/comments/1leqxkk/tell_us_about_your_experience_with_pet_health/,nbcnews,2025-06,"Tell us about your experience with pet health care plans We wanted to ask people who have bought pet health care from a wide range of companies to get a sense of what sort of things different plans cover, how effective the policies have been, and any gripes you've had.",tell experience health care plans wanted ask people bought health care wide range companies sense sort things different plans cover effective policies gripes youve had.,0.8591,0.302,0.698,0.0,positive,['practical_tip'],"['care', 'health', 'health care', 'plans', 'ask', 'ask people', 'bought', 'bought health', 'companies sense', 'cover']"
"Question for Breeders: Assuming an individual/couple would be an ideal match for a certain breed of dog, how important is temperament matching/puppy selection really?","Say there’s an interested party whose lifestyle, home environment, financial well-being, ownership experience, commitment to training, etc. were such that they’d be ideal owners for a specific breed of dog (with no children or other pets in the mix to consider). How much does it matter which specific puppy from a litter they end up taking home? I know that even dogs of the same breed can have very different personalities, but do they really noticeably vary so much in the first 8 weeks that you would hesitate to send any one of your puppies home with these hypothetical “ideal” dog owners?

For some background on why I’m asking this: I’m not asking for advice because I am not a breeder, nor do I ever intend to become a breeder. This is just a random thought I had when getting my own puppy several years ago, and then I’ve seen temperament matching come up multiple times in discussions about tail docking and dew claw removal as an explanation as to why breeders refuse to not do those procedures upon request. (I’m not trying to start that discussion though. I’m also not trying to “gather evidence” to try to argue with anyone. I feel I understand the pros and cons of these procedures fully and respect a breeder’s right to set their own policies.) I’m simply curious, especially about the extent of personality variation within a breed and how much of that later on is from nature vs. nurture. 

",dogs,9,19,2025-07-21 10:10:17,airline pet policy,https://www.reddit.com/r/dogs/comments/1m55k59/question_for_breeders_assuming_an/,WinterFoxII,2025-07,"Question for Breeders: Assuming an individual/couple would be an ideal match for a certain breed of dog, how important is temperament matching/puppy selection really? Say there’s an interested party whose lifestyle, home environment, financial well-being, ownership experience, commitment to training, etc. were such that they’d be ideal owners for a specific breed of dog (with no children or other pets in the mix to consider). How much does it matter which specific puppy from a litter they end up taking home? I know that even dogs of the same breed can have very different personalities, but do they really noticeably vary so much in the first 8 weeks that you would hesitate to send any one of your puppies home with these hypothetical “ideal” dog owners?

For some background on why I’m asking this: I’m not asking for advice because I am not a breeder, nor do I ever intend to become a breeder. This is just a random thought I had when getting my own puppy several years ago, and then I’ve seen temperament matching come up multiple times in discussions about tail docking and dew claw removal as an explanation as to why breeders refuse to not do those procedures upon request. (I’m not trying to start that discussion though. I’m also not trying to “gather evidence” to try to argue with anyone. I feel I understand the pros and cons of these procedures fully and respect a breeder’s right to set their own policies.) I’m simply curious, especially about the extent of personality variation within a breed and how much of that later on is from nature vs. nurture. 

",question breeders assuming individualcouple ideal match certain breed important temperament matchingpuppy selection really? say theres interested party whose lifestyle home environment financial wellbeing ownership experience commitment training etc. theyd ideal owners specific breed children pets mix consider. matter specific puppy litter end taking home? even dogs breed different personalities noticeably vary first weeks hesitate send puppies home hypothetical ideal owners? background asking asking advice breeder ever intend become breeder. random thought getting puppy several years ago ive seen temperament matching come multiple times discussions tail docking dew claw removal explanation breeders refuse procedures upon request. trying start discussion though. trying gather evidence try argue anyone. feel understand pros cons procedures fully respect breeders right set policies. simply curious especially extent personality variation within breed later nature vs. nurture.,0.9732,0.211,0.744,0.044,positive,"['policy_info', 'practical_tip']","['breed', 'breeders', 'home', 'ideal', 'asking', 'breeder', 'ideal owners', 'owners', 'specific', 'temperament']"
"For anyone who has pet insurance, how long did it take you to get reimbursed?","I just signed up with MetLife about 5 minutes ago over the phone. I originally called just to ask a question, but I ended up taking out the policy because they were waiving the waiting period for illnesses—which is unheard of. So everything can start by tomorrow thankfully. 

However, I asked the customer service lady how long it takes to get reimbursed and she said claims are processed within 10 business days. **2 weeks just to get processed???** Not even including the time it would take for the deposit to come in??

Unsure if I made the right decision. Again, it seemed like a no-brainer because the waiting period was waived, but now I’m second guessing?
",dogs,15,78,2024-08-05 01:16:18,airline pet policy,https://www.reddit.com/r/dogs/comments/1ejz05i/for_anyone_who_has_pet_insurance_how_long_did_it/,trynaheal222,2024-08,"For anyone who has pet insurance, how long did it take you to get reimbursed? I just signed up with MetLife about 5 minutes ago over the phone. I originally called just to ask a question, but I ended up taking out the policy because they were waiving the waiting period for illnesses—which is unheard of. So everything can start by tomorrow thankfully. 

However, I asked the customer service lady how long it takes to get reimbursed and she said claims are processed within 10 business days. **2 weeks just to get processed???** Not even including the time it would take for the deposit to come in??

Unsure if I made the right decision. Again, it seemed like a no-brainer because the waiting period was waived, but now I’m second guessing?
",anyone insurance long take reimbursed? signed metlife minutes ago phone. originally called ask question ended taking policy waiving waiting period illnesseswhich unheard of. everything start tomorrow thankfully. however asked customer service lady long takes reimbursed claims processed within business days. weeks processed??? even including take deposit come in?? unsure made right decision. seemed nobrainer waiting period waived second guessing?,0.4137,0.06,0.908,0.032,positive,['policy_info'],"['long', 'period', 'processed', 'reimbursed', 'waiting', 'waiting period', 'ago', 'ago phone', 'called', 'called ask']"
Can’t figure how how to ship our dog to Colombia,"Hi everyone, we are moving to Bogota Colombia and flying American Airlines. We thought it would be simple to have our dog (Brittany Spaniel)  travel with us, but it turns out to be not that simple. We are ware of the health certificate that we need to get. 

The issue is that American Airlines says that they have to have special Pet Friendly airplanes taking dogs and that those come to Portland very infrequently. They have planes that go to Seattle sometimes but the maximum crate size is very small. Our dog isn’t very big but they say that his crate size would be too big to go on the very infrequent pet friendly airplanes. 

We have called other airlines and Delta and United are saying that since Covid they don’t ship dogs. 

So we are stuck, and looking for advice. People have to ship dogs, right? I mean, I see them in the airport. Does anyone know of any companies we can contact?

Thanks in advance.",dogs,5,47,2024-12-28 03:22:06,airline pet policy,https://www.reddit.com/r/dogs/comments/1hnl87d/cant_figure_how_how_to_ship_our_dog_to_colombia/,sdallyeee,2024-12,"Can’t figure how how to ship our dog to Colombia Hi everyone, we are moving to Bogota Colombia and flying American Airlines. We thought it would be simple to have our dog (Brittany Spaniel)  travel with us, but it turns out to be not that simple. We are ware of the health certificate that we need to get. 

The issue is that American Airlines says that they have to have special Pet Friendly airplanes taking dogs and that those come to Portland very infrequently. They have planes that go to Seattle sometimes but the maximum crate size is very small. Our dog isn’t very big but they say that his crate size would be too big to go on the very infrequent pet friendly airplanes. 

We have called other airlines and Delta and United are saying that since Covid they don’t ship dogs. 

So we are stuck, and looking for advice. People have to ship dogs, right? I mean, I see them in the airport. Does anyone know of any companies we can contact?

Thanks in advance.",cant figure ship colombia everyone moving bogota colombia flying american airlines. thought simple brittany spaniel turns simple. ware health certificate get. issue american airlines says special friendly airplanes taking dogs come portland infrequently. planes seattle sometimes maximum crate size small. isnt big say crate size big infrequent friendly airplanes. called airlines delta united saying since covid dont ship dogs. stuck looking advice. people ship dogs right? mean see airport. anyone companies contact? thanks advance.,0.9423,0.199,0.801,0.0,positive,"['practical_tip', 'airline_specific']","['airlines', 'dogs', 'ship', 'airplanes', 'american', 'big', 'colombia', 'crate', 'crate size', 'friendly airplanes']"
best way to transport 25 lb pug across the US?,"my fiancé is military and he’s been stationed in virginia. he’s going on an unexpected transit soon, right before he gets out of the navy, so i would like to fly home and wait for him in arizona. 

the issue is our pug. she’s too tall to fly under the seat (she meets the weight requirements but cannot stand whatsoever in the pet carrier and her head touches the top lying down which seems cruel). she cannot fly cargo due to her being a brachycephalic breed. 

is there any way we can buy her a seat? any airlines? it’s a long drive, i’m willing to make it but that’s last case scenario. any pet transporters that don’t use cargo? i want her to be safe. any help would be greatly appreciated.

edit: we rented a van and drove across country. it was fun actually! that was definitely the best move, so thanks for all the advice!",dogs,0,27,2025-04-14 13:29:29,airline pet policy,https://www.reddit.com/r/dogs/comments/1jyqhws/best_way_to_transport_25_lb_pug_across_the_us/,likaachikaa,2025-04,"best way to transport 25 lb pug across the US? my fiancé is military and he’s been stationed in virginia. he’s going on an unexpected transit soon, right before he gets out of the navy, so i would like to fly home and wait for him in arizona. 

the issue is our pug. she’s too tall to fly under the seat (she meets the weight requirements but cannot stand whatsoever in the pet carrier and her head touches the top lying down which seems cruel). she cannot fly cargo due to her being a brachycephalic breed. 

is there any way we can buy her a seat? any airlines? it’s a long drive, i’m willing to make it but that’s last case scenario. any pet transporters that don’t use cargo? i want her to be safe. any help would be greatly appreciated.

edit: we rented a van and drove across country. it was fun actually! that was definitely the best move, so thanks for all the advice!",best transport pug across us? fianc military hes stationed virginia. hes going unexpected transit soon right gets navy fly home wait arizona. issue pug. shes tall fly seat meets weight requirements cannot stand whatsoever carrier head touches top lying seems cruel. cannot fly due brachycephalic breed. buy seat? airlines? long drive willing make thats last case scenario. transporters dont use cargo? safe. help greatly appreciated. edit rented van drove across country. fun actually! definitely best move thanks advice!,0.954,0.26,0.647,0.093,positive,"['positive_experience', 'policy_info', 'practical_tip']","['fly', 'best', 'hes', 'pug', 'seat', 'actually', 'airlines long', 'appreciated', 'arizona', 'arizona issue']"
Flying with a Gunner Kennel,"I looked all over and could not find any insight into people's experiences commercial flying with their Gunner Kennel so I thought I would provide mine. This was on Alaska Airlines going from Seattle to Anchorage. I understand that Gunner Kennels are expensive, I was patient and waited on Facebook Marketplace for about 3 weeks before getting ours for $400. Worth every penny in my mind, especially since it came with tie down straps so I can put it safely in the back of my truck. 

* The biggest Gunner Kennel an airline will accept is the intermediate, the large is too big and must be shipped via cargo (quote for that was $1,200 compared to $150 on my flight). I have a 71-pound Husky and he fits just fine in the intermediate, he can turn around and stand up if needs too.
* You need two bowls. I bought the water bowl from Gunner because it had the spigot attachment for filing up outside the kennel, and then I bought a cheap one from PetCo for the food. The TSA agents thought the Gunner bowl water spigot was the best idea they had seen, and it allowed anyone (ie baggage handlers if there was a delay) to give our dog some water without making a mess.
* The gate agents didn't make me use zip ties because the door has the locking feature (without a key) which the gate agents seemed to love. I did end up drilling a hole and a 14"" zip tie just because I figured it would be easier for the baggage handlers in an emergency to figure out compared to the sliding locks. I drilled the hole on the thinner part above the door (about 3 inches back from the edge). I also drilled one on the bottom, but the gate agents didn't even seem to care I only used 1 zip tie.
* They can have a toy in their kennel so I bought one that I could freeze a ball of peanut butter and stuff in. That will last him a couple hours along with the food in his bowl when I sent him off.
* Alaska Airlines says the kennel must have a metal door, and the Gunner Kennel's door is a very thick plastic. I had no problems, if anything it was the opposite. Every gate agent I talked to said the Gunner Kennel looked great and they were impressed with the quality compared to the kennels they usually deal with. They did not bug me at all about any of the requirements.
* I bought the orthopedic bed for our intermediate kennel, but I found one at PetCo for 1/5th of the price that probably would have worked just as well. Oh well, it was too late.
* Took about 2 weeks to train our dog to sleep in the kennel, but now he loves to lay down in it. We kept it in our living room for that entire time and fed him treats every time he went in on his own.

Feel free to reach out with any questions.",dogs,15,3,2025-07-04 15:10:44,airline pet policy,https://www.reddit.com/r/dogs/comments/1lrbi7c/flying_with_a_gunner_kennel/,CMCdaGoat,2025-07,"Flying with a Gunner Kennel I looked all over and could not find any insight into people's experiences commercial flying with their Gunner Kennel so I thought I would provide mine. This was on Alaska Airlines going from Seattle to Anchorage. I understand that Gunner Kennels are expensive, I was patient and waited on Facebook Marketplace for about 3 weeks before getting ours for $400. Worth every penny in my mind, especially since it came with tie down straps so I can put it safely in the back of my truck. 

* The biggest Gunner Kennel an airline will accept is the intermediate, the large is too big and must be shipped via cargo (quote for that was $1,200 compared to $150 on my flight). I have a 71-pound Husky and he fits just fine in the intermediate, he can turn around and stand up if needs too.
* You need two bowls. I bought the water bowl from Gunner because it had the spigot attachment for filing up outside the kennel, and then I bought a cheap one from PetCo for the food. The TSA agents thought the Gunner bowl water spigot was the best idea they had seen, and it allowed anyone (ie baggage handlers if there was a delay) to give our dog some water without making a mess.
* The gate agents didn't make me use zip ties because the door has the locking feature (without a key) which the gate agents seemed to love. I did end up drilling a hole and a 14"" zip tie just because I figured it would be easier for the baggage handlers in an emergency to figure out compared to the sliding locks. I drilled the hole on the thinner part above the door (about 3 inches back from the edge). I also drilled one on the bottom, but the gate agents didn't even seem to care I only used 1 zip tie.
* They can have a toy in their kennel so I bought one that I could freeze a ball of peanut butter and stuff in. That will last him a couple hours along with the food in his bowl when I sent him off.
* Alaska Airlines says the kennel must have a metal door, and the Gunner Kennel's door is a very thick plastic. I had no problems, if anything it was the opposite. Every gate agent I talked to said the Gunner Kennel looked great and they were impressed with the quality compared to the kennels they usually deal with. They did not bug me at all about any of the requirements.
* I bought the orthopedic bed for our intermediate kennel, but I found one at PetCo for 1/5th of the price that probably would have worked just as well. Oh well, it was too late.
* Took about 2 weeks to train our dog to sleep in the kennel, but now he loves to lay down in it. We kept it in our living room for that entire time and fed him treats every time he went in on his own.

Feel free to reach out with any questions.",flying gunner kennel looked find insight peoples experiences commercial flying gunner kennel thought provide mine. alaska airlines going seattle anchorage. understand gunner kennels expensive patient waited facebook marketplace weeks getting worth every penny mind especially since came tie straps put safely back truck. biggest gunner kennel accept intermediate large big must shipped via quote compared flight. pound husky fits fine intermediate turn around stand needs too. two bowls. bought water bowl gunner spigot attachment filing outside kennel bought cheap petco food. tsa agents thought gunner bowl water spigot best idea seen allowed anyone baggage handlers delay give water without making mess. gate agents didnt make use zip ties door locking feature without key gate agents seemed love. end drilling hole zip tie figured easier baggage handlers emergency figure compared sliding locks. drilled hole thinner part door inches back edge. drilled bottom gate agents didnt even seem care used zip tie. toy kennel bought freeze ball peanut butter stuff in. last couple hours along food bowl sent off. alaska airlines says kennel must metal door gunner kennels door thick plastic. problems anything opposite. every gate agent talked gunner kennel looked great impressed quality compared kennels usually deal with. bug requirements. bought orthopedic bed intermediate kennel found petco price probably worked well. well late. took weeks train sleep kennel loves lay it. kept living room entire fed treats every went own. feel free reach questions.,0.9855,0.171,0.791,0.038,positive,"['positive_experience', 'policy_info', 'practical_tip']","['kennel', 'gunner', 'agents', 'bought', 'door', 'gate', 'gunner kennel', 'bowl', 'kennels', 'zip']"
Dutch shepherd flying cargo 1st time need advise and first hand experiences,"Hi
We are flying with our 9month 36lb Dutch shepherd/malinois mix, due to her weight and policies she has to go in the cargo for the 3hr flight. We got trazodone 50mg but not sure if its a good idea to sedate her for the 3hr mid day flight. This is my first time flying with a pet. Any advise ? Past experiences from any large dog owners ??? She's crate trained and behaves relatively well but this is all new to her and us.
",dogs,1,3,2025-06-17 11:26:49,airline pet policy,https://www.reddit.com/r/dogs/comments/1ldbsh4/dutch_shepherd_flying_cargo_1st_time_need_advise/,julielie47,2025-06,"Dutch shepherd flying cargo 1st time need advise and first hand experiences Hi
We are flying with our 9month 36lb Dutch shepherd/malinois mix, due to her weight and policies she has to go in the cargo for the 3hr flight. We got trazodone 50mg but not sure if its a good idea to sedate her for the 3hr mid day flight. This is my first time flying with a pet. Any advise ? Past experiences from any large dog owners ??? She's crate trained and behaves relatively well but this is all new to her and us.
",dutch shepherd flying advise first hand experiences flying month dutch shepherdmalinois mix due weight policies flight. got trazodone sure good idea sedate mid day flight. first flying pet. advise past experiences large owners ??? shes crate trained behaves relatively well new us.,0.8762,0.225,0.775,0.0,positive,"['positive_experience', 'practical_tip']","['flying', 'advise', 'dutch', 'experiences', 'flight', 'advise hand', 'advise past', 'behaves relatively', 'crate trained', 'day']"
"[Breeds] Researching a first dog - help understanding the ""sporting"" category","**Introduction**  
  
*1) Will this be your first dog? If not, what experience do you have owning/training dogs?*  
  
This will be the first dog that I have owned on my own. I have spent most of my life around dogs, having grown up with shelties, which I helped train and maintain when I was home. I have also lived with various roommates who have owned dogs that were poorly/not at all trained, so have a deep appreciation for the work that needs to be put in.  
  
*2) Do you prefer rescuing a dog vs. going through a reputable breeder*  
  
My preference is using a reputable breeder, although am open to a rescue. I know there are quite a few breed specific rescues around.
  
*3) Describe your ideal dog.*  
  
A dog that is good around humans and other dogs. Is willing to hang out at breweries, baseball games (bark at the park-style events), etc. Is a fun travel companion, going on hikes and exploring new places without being too overwhelmed. I know that this is something you slowly work up to – short walks building into longer ones, socializing without overwhelming, etc. But at the end of the day, is okay with being a couch potato after a long walk or playtime, cuddling up next to me.  
  
*4) What breeds or types of dogs are you interested in and why?*  
  
After doing a bunch of research, I think something in the “sporting group” fits what I am looking for, although definitely open to other suggestions. I do know that even here, there is a spectrum. I know that goldens and labs are probably most aligned with my profile – first time owner, loving, on the easier end to train – but would love to hear about some of the others in this section. Love the look of the wirehaired pointers (either griff or german) and the Tollies, but think they may be more than what I may need with a first go around. I know that Poodles seem to have been recommended as I have read through others’ posts but am a little hesitant on the breed due to the grooming requirements.  
  
*5) What sorts of things would you like to train your dog to do?*  
  
General obedience and some level of agility training will be enough. Would love to do some off leash work but live in a fairly urban setting with plenty of humans and animals around, and this skill would only really need use when out on hikes and exploring away from towns – so not a huge priority.  
  
*6) Do you want to compete with your dog in a sport (e.g. agility, obedience, rally) or use your dog for a form of work (e.g. hunting, herding, livestock guarding)? If so, how much experience do you have with this work/sport?*  
  
No  
  
**Care Commitments**  
  
*7) How long do you want to devote to training, playing with, or otherwise interacting with your dog each day?*  
  
I work from home three days a week, and have a relatively low-key job, so on those days, I can spend as much or as little time as the pup needs to be happy. On days that I am in the office, I will be able to run home during lunch to go for a bathroom and walk break – and as the pup gets older, will most likely hire a walker to come once during the day. May also look into doing daycare one day a week but know that it isn’t a one size fits all policy, and it may not be something they enjoy doing.  
  
*8) How long can you exercise your dog each day, on average? What sorts of exercise are you planning to give your dog regularly and does that include using a dog park?*  
  
2-3 hours per day (spread out) of walks and play time. Weekend hikes and travels. No on the dog park at this time but could be an option in the future.  
  
*9) How much regular brushing are you willing to do? Are you open to trimming hair, cleaning ears, or doing other grooming at home? If not, would you be willing to pay a professional to do it regularly?*  
  
Brushing - weekly or on an as-needed basis.  
Grooming - regular professional grooming (as needed). Side note, my parents always used PetSmart in the past, seemed like a good deal - is this still a good option for others?  
  
**Personal Preferences**  
  
*10)What size dog are you looking for?*  
  
Medium/large is my preference  
  
*11) How much shedding, barking, and slobber can you handle?*  
  
Shedding - won't say I love super shedders, but it isn't a deal breaker  
Barking - prefer a low-key barker. Our shelties tended to yip a bit more than I would like  
Slobber - can handle most of it  
  
*12) How important is being able to let your dog off-leash in an unfenced area?*  
  
This is not a necessity, and it will not happen every day, but it will happen. So semi-important  
  
**Dog Personality and Behavior**  
  
*13) Do you want a snuggly dog or one that prefers some personal space?*  
  
I prefer a snuggly dog – I have seen them referred to on here as “Velcro”. I am curious whether these types of dogs suffer from separation anxiety.  
  
*14) Would you prefer a dog that wants to do its own thing or one that’s more eager-to-please?*  
  
I think that either is fine. Having a semi-independent dog is appealing so that the times that I am home working, I don’t feel like I need to constantly entertain.  
  
*15) How would you prefer your dog to respond to someone knocking on the door or entering your yard? How would you prefer your dog to greet strangers or visitors?*  
  
My preference is a much more friendly-oriented dog, because the setting I live in means that there will be people and dogs out and about.  
  
*16) Are you willing to manage a dog that is aggressive to other dogs?*  
  
No – this would be a deal breaker for me.  
  
*17) Are there any other behaviors you can’t deal with or want to avoid?*  
  
None that I can think of.  
  
**Lifestyle**  
  
*18) How often and how long will the dog be left alone?*  
  
On days that I am in the office, 3-4 hours at a time while they are younger. Otherwise, I will bring them along when I am able to do so.  
  
*19) What are the dog-related preferences of other people in the house and what will be their involvement in caring for the dog?*  
  
I currently live alone.  
  
*20) Do you have other pets or are you planning on having other pets? What breed or type of animal are they?*  
  
Not planning on having any other animals at this time  
  
*21) Will the dog be interacting with children regularly?*  
  
Not regularly, but they will be involved in my life.  
  
*22) Do you rent or plan to rent in the future? If applicable, what breed or weight restrictions are on your current lease?*  
  
I am currently renting now. The restrictions are: Chow Chow, Doberman, German Shepherd, Pit Bull, American Bull Terrier, American Bulldog, American Staffordshire Terrier, Presa Canario, and Rottweiler.  
  
*23) What city or country do you live in and are you aware of any laws banning certain breeds?*  
  
I live in a large city in North Carolina, and am not aware of any breeds being outright banned  
  
*24) What is the average temperature of a typical summer and winter day where you live?*  
  
Hot and humid during the summer – 90s and up on a particularly hot day. Winter gets cold but never freezing as compared to those places north of us.",dogs,3,6,2025-05-30 04:15:41,airline pet policy,https://www.reddit.com/r/dogs/comments/1kyjh2n/breeds_researching_a_first_dog_help_understanding/,wtellis2,2025-05,"[Breeds] Researching a first dog - help understanding the ""sporting"" category **Introduction**  
  
*1) Will this be your first dog? If not, what experience do you have owning/training dogs?*  
  
This will be the first dog that I have owned on my own. I have spent most of my life around dogs, having grown up with shelties, which I helped train and maintain when I was home. I have also lived with various roommates who have owned dogs that were poorly/not at all trained, so have a deep appreciation for the work that needs to be put in.  
  
*2) Do you prefer rescuing a dog vs. going through a reputable breeder*  
  
My preference is using a reputable breeder, although am open to a rescue. I know there are quite a few breed specific rescues around.
  
*3) Describe your ideal dog.*  
  
A dog that is good around humans and other dogs. Is willing to hang out at breweries, baseball games (bark at the park-style events), etc. Is a fun travel companion, going on hikes and exploring new places without being too overwhelmed. I know that this is something you slowly work up to – short walks building into longer ones, socializing without overwhelming, etc. But at the end of the day, is okay with being a couch potato after a long walk or playtime, cuddling up next to me.  
  
*4) What breeds or types of dogs are you interested in and why?*  
  
After doing a bunch of research, I think something in the “sporting group” fits what I am looking for, although definitely open to other suggestions. I do know that even here, there is a spectrum. I know that goldens and labs are probably most aligned with my profile – first time owner, loving, on the easier end to train – but would love to hear about some of the others in this section. Love the look of the wirehaired pointers (either griff or german) and the Tollies, but think they may be more than what I may need with a first go around. I know that Poodles seem to have been recommended as I have read through others’ posts but am a little hesitant on the breed due to the grooming requirements.  
  
*5) What sorts of things would you like to train your dog to do?*  
  
General obedience and some level of agility training will be enough. Would love to do some off leash work but live in a fairly urban setting with plenty of humans and animals around, and this skill would only really need use when out on hikes and exploring away from towns – so not a huge priority.  
  
*6) Do you want to compete with your dog in a sport (e.g. agility, obedience, rally) or use your dog for a form of work (e.g. hunting, herding, livestock guarding)? If so, how much experience do you have with this work/sport?*  
  
No  
  
**Care Commitments**  
  
*7) How long do you want to devote to training, playing with, or otherwise interacting with your dog each day?*  
  
I work from home three days a week, and have a relatively low-key job, so on those days, I can spend as much or as little time as the pup needs to be happy. On days that I am in the office, I will be able to run home during lunch to go for a bathroom and walk break – and as the pup gets older, will most likely hire a walker to come once during the day. May also look into doing daycare one day a week but know that it isn’t a one size fits all policy, and it may not be something they enjoy doing.  
  
*8) How long can you exercise your dog each day, on average? What sorts of exercise are you planning to give your dog regularly and does that include using a dog park?*  
  
2-3 hours per day (spread out) of walks and play time. Weekend hikes and travels. No on the dog park at this time but could be an option in the future.  
  
*9) How much regular brushing are you willing to do? Are you open to trimming hair, cleaning ears, or doing other grooming at home? If not, would you be willing to pay a professional to do it regularly?*  
  
Brushing - weekly or on an as-needed basis.  
Grooming - regular professional grooming (as needed). Side note, my parents always used PetSmart in the past, seemed like a good deal - is this still a good option for others?  
  
**Personal Preferences**  
  
*10)What size dog are you looking for?*  
  
Medium/large is my preference  
  
*11) How much shedding, barking, and slobber can you handle?*  
  
Shedding - won't say I love super shedders, but it isn't a deal breaker  
Barking - prefer a low-key barker. Our shelties tended to yip a bit more than I would like  
Slobber - can handle most of it  
  
*12) How important is being able to let your dog off-leash in an unfenced area?*  
  
This is not a necessity, and it will not happen every day, but it will happen. So semi-important  
  
**Dog Personality and Behavior**  
  
*13) Do you want a snuggly dog or one that prefers some personal space?*  
  
I prefer a snuggly dog – I have seen them referred to on here as “Velcro”. I am curious whether these types of dogs suffer from separation anxiety.  
  
*14) Would you prefer a dog that wants to do its own thing or one that’s more eager-to-please?*  
  
I think that either is fine. Having a semi-independent dog is appealing so that the times that I am home working, I don’t feel like I need to constantly entertain.  
  
*15) How would you prefer your dog to respond to someone knocking on the door or entering your yard? How would you prefer your dog to greet strangers or visitors?*  
  
My preference is a much more friendly-oriented dog, because the setting I live in means that there will be people and dogs out and about.  
  
*16) Are you willing to manage a dog that is aggressive to other dogs?*  
  
No – this would be a deal breaker for me.  
  
*17) Are there any other behaviors you can’t deal with or want to avoid?*  
  
None that I can think of.  
  
**Lifestyle**  
  
*18) How often and how long will the dog be left alone?*  
  
On days that I am in the office, 3-4 hours at a time while they are younger. Otherwise, I will bring them along when I am able to do so.  
  
*19) What are the dog-related preferences of other people in the house and what will be their involvement in caring for the dog?*  
  
I currently live alone.  
  
*20) Do you have other pets or are you planning on having other pets? What breed or type of animal are they?*  
  
Not planning on having any other animals at this time  
  
*21) Will the dog be interacting with children regularly?*  
  
Not regularly, but they will be involved in my life.  
  
*22) Do you rent or plan to rent in the future? If applicable, what breed or weight restrictions are on your current lease?*  
  
I am currently renting now. The restrictions are: Chow Chow, Doberman, German Shepherd, Pit Bull, American Bull Terrier, American Bulldog, American Staffordshire Terrier, Presa Canario, and Rottweiler.  
  
*23) What city or country do you live in and are you aware of any laws banning certain breeds?*  
  
I live in a large city in North Carolina, and am not aware of any breeds being outright banned  
  
*24) What is the average temperature of a typical summer and winter day where you live?*  
  
Hot and humid during the summer – 90s and up on a particularly hot day. Winter gets cold but never freezing as compared to those places north of us.",breeds researching first help understanding sporting category introduction first dog? experience owningtraining dogs? first owned own. spent life around dogs grown shelties helped train maintain home. lived various roommates owned dogs poorlynot trained deep appreciation work needs put in. prefer rescuing vs. going reputable breeder preference using reputable breeder although open rescue. quite breed specific rescues around. describe ideal dog. good around humans dogs. willing hang breweries baseball games bark parkstyle events etc. fun companion going hikes exploring new places without overwhelmed. something slowly work short walks building longer ones socializing without overwhelming etc. end day okay couch potato long walk playtime cuddling next me. breeds types dogs interested why? bunch research something sporting group fits looking although definitely open suggestions. even spectrum. goldens labs probably aligned profile first owner loving easier end train love hear others section. love look wirehaired pointers either griff german tollies may may first around. poodles seem recommended read others posts little hesitant breed due grooming requirements. sorts things train do? general obedience level agility training enough. love leash work live fairly urban setting plenty humans animals around skill use hikes exploring away towns huge priority. compete sport e.g. agility obedience rally use form work e.g. hunting herding livestock guarding? experience worksport? care commitments long devote training playing otherwise interacting day? work home three days week relatively lowkey job days spend little pup needs happy. days office able run home lunch bathroom walk break pup gets older likely hire walker come day. may look daycare day week isnt size fits policy may something enjoy doing. long exercise day average? sorts exercise planning give regularly include using park? hours per day spread walks play time. weekend hikes travels. park option future. regular brushing willing do? open trimming hair cleaning ears grooming home? willing pay professional regularly? brushing weekly asneeded basis. grooming regular professional grooming needed. side note parents always used petsmart past seemed good deal still good option others? personal preferences size looking for? mediumlarge preference shedding barking slobber handle? shedding wont say love super shedders isnt deal breaker barking prefer lowkey barker. shelties tended yip bit slobber handle important able let offleash unfenced area? necessity happen every day happen. semiimportant personality behavior snuggly prefers personal space? prefer snuggly seen referred velcro. curious whether types dogs suffer separation anxiety. prefer wants thing thats eagertoplease? either fine. semiindependent appealing times home working dont feel constantly entertain. prefer respond someone knocking door entering yard? prefer greet strangers visitors? preference friendlyoriented setting live means people dogs about. willing manage aggressive dogs? deal breaker me. behaviors cant deal avoid? none of. lifestyle often long left alone? days office hours younger. otherwise bring along able so. dogrelated preferences people house involvement caring dog? currently live alone. pets planning pets? breed type animal they? planning animals interacting children regularly? regularly involved life. rent plan rent future? applicable breed weight restrictions current lease? currently renting now. restrictions chow chow doberman german shepherd pit bull american bull terrier american bulldog american staffordshire terrier presa canario rottweiler. city country live aware laws banning certain breeds? live large city north carolina aware breeds outright banned average temperature typical summer winter day live? hot humid summer particularly hot day. winter gets cold never freezing compared places north us.,0.9971,0.159,0.804,0.038,positive,"['safety_concern', 'positive_experience', 'policy_info', 'practical_tip', 'airline_specific']","['day', 'dogs', 'live', 'prefer', 'home', 'work', 'grooming', 'long', 'regularly', 'willing']"
Best options for international pet air travel? US to JP,"I’m planning to move to from Florida, US to Hokkaido, Japan and bringing my older beagle (14yo, 25lbs) with me. I’ve already handled the majority of the paperwork and testing, but I’m trying to figure out the best airline or pet transport service. My main concern is safety as he is an older dog and this would be his first time with air travel. I’d love to hear from anyone who has had experience flying with dogs internationally or even specifically to JP. Thank you all in advance!",dogs,2,13,2025-02-13 11:18:15,airline pet policy,https://www.reddit.com/r/dogs/comments/1io8m51/best_options_for_international_pet_air_travel_us/,Dependentsparrow,2025-02,"Best options for international pet air travel? US to JP I’m planning to move to from Florida, US to Hokkaido, Japan and bringing my older beagle (14yo, 25lbs) with me. I’ve already handled the majority of the paperwork and testing, but I’m trying to figure out the best airline or pet transport service. My main concern is safety as he is an older dog and this would be his first time with air travel. I’d love to hear from anyone who has had experience flying with dogs internationally or even specifically to JP. Thank you all in advance!",best options international air travel? planning move florida hokkaido japan bringing older beagle lbs me. ive already handled majority paperwork testing trying figure best transport service. main concern safety older first air travel. love hear anyone experience flying dogs internationally even specifically jp. thank advance!,0.9638,0.339,0.661,0.0,positive,"['positive_experience', 'practical_tip']","['air', 'air travel', 'best', 'older', 'travel', 'beagle', 'beagle lbs', 'best options', 'bringing', 'bringing older']"
Megathread: Pet Insurance,"Which pet insurance is best for you? Are there any that may cover your dog's current treatment? Did your dog get injured during the waiting period and want to know if you're covered?

Here's the place to ask.

Do know we cannot help you here with medical concerns, and lying or not disclosing things to the insurance company is illegal so we don't allow that either.",dogs,2,9,2025-03-13 01:15:29,airline pet policy,https://www.reddit.com/r/dogs/comments/1j9nror/megathread_pet_insurance/,AutoModerator,2025-03,"Megathread: Pet Insurance Which pet insurance is best for you? Are there any that may cover your dog's current treatment? Did your dog get injured during the waiting period and want to know if you're covered?

Here's the place to ask.

Do know we cannot help you here with medical concerns, and lying or not disclosing things to the insurance company is illegal so we don't allow that either.",megathread insurance insurance best you? may cover dogs current treatment? injured waiting period youre covered? heres place ask. cannot help medical concerns lying disclosing things insurance company illegal dont allow either.,-0.8387,0.097,0.577,0.327,negative,['practical_tip'],"['insurance', 'allow', 'ask', 'ask help', 'best', 'best cover', 'company', 'company illegal', 'concerns lying', 'cover']"
Is a Poodle a Good Fit?,"I love the personality of Golden’s but they wouldn’t be a good match for us due to their size, hair, and energy. I’m leaning heavily towards FCI Moyen Poodles (European Imported parents) due to their size, hair, and intelligence. Any help would be greatly appreciated!

1)	Will this be your first dog? If not, what experience do you have owning/training dogs?

	•	I’ve grown up with dogs and currently have a small terrier.

2)	Do you have a preference for rescuing a dog vs. going through a [reputable breeder]( http://ownresponsibly.blogspot.com/2011/07/identifying-reputable-breeder.html)?

	•	Would love to go through a breeder to avoid hidden temperament issues. I know temperament isn’t guaranteed with breeds, but rescues may need more work due to trauma.

3)	Describe your ideal dog.

	•	A snuggly, quiet dog, who is equally excited to go for hikes as they are to spend time curled up next to me on the couch. A dog that’s good with all people and other dogs. Either a low prey drive so it doesn’t tug or get distracted on walks, or can be easily trained to ignore distractions. Our terrier currently has really high prey drive and doesn’t stop barking/pulling when it sees another animal. Would love it if the dog is calm in these circumstances. Bonus points if the dog is low shedding and likes to learn new tricks. 

4)	What breeds or types of dogs are you interested in and why?

	•	I’m open to suggestions! I’m leaning heavily towards FCI Moyen poodles since they don’t shed, are athletic enough to take on hikes, but have an off switch. They seem like the sweet spot in size since Standards are too big and Miniatures are a tad small.  I have always adored the personality of a golden retriever, but it’s hard to get past the thought of hair everywhere, their size, and their common health issues. If there was such a thing as a Golden Retriever with medium energy, better health, and little to no shedding I would get one in a heartbeat. 

5)	What sorts of things would you like to train your dog to do?

	•	Basic obedience - heel, sit, and walk on a leash. Nothing crazy. It’d be really cool if the dog was able to ride in a trailer towed behind my bike. Would be great if the dog makes me feel like a genius, but not necessary.

6)    Do you want to compete with your dog in a sport (e.g. agility, obedience, rally) or use your dog for a form of work (e.g. hunting, herding, livestock guarding)? If so, how much experience do you have with this work/sport?

	•	No intention on showing/sporting

**Care Commitments**

7)	How long do you want to devote to training, playing with, or otherwise interacting with your dog each day?

	•	Around 2 hours a day. It will get 1 hour of walks, some play time, and lots of attention throughout the day. I WFH so the dog won’t be alone much.

8)	How long can you exercise your dog each day, on average?  What sorts of exercise are you planning to give your dog regularly and does that include using a dog park?  

	•	1 hour of walks each day and small bits of playtime. I’ll give the dog puzzles and other things so its brain will be stimulated. 

9)	How much regular brushing are you willing to do?  Are you open to trimming hair, cleaning ears, or doing other grooming at home?  If not, would you be willing to pay a professional to do it regularly?

	•	Yes - can pay or do it myself. I’d be open to learning how to at home and if it doesn’t go as planned we can pay for grooming. 

**Personal Preferences**

10)	What size dog are you looking for?
     
       20-40lbs

11)	How much shedding, barking, and slobber can you handle?

	•	All in moderation - I don’t mind a little of each, but would really like minimal amounts. I like the idea of a poodle since they don’t leave mounds of hair everywhere. I don’t mind some barking, but would love a relatively quiet dog. Alert barking is okay, but not a huge fan of barking in general. 

12)	How important is being able to let your dog off-leash in an unfenced area?

	•	Not important

**Dog Personality and Behavior**

13)	Do you want a snuggly dog or one that prefers some personal space?
	•	 Snuggly dogs are the best - would love one that wants to sit next to me (or on me) and soak up all the pets. 

14)	Would you prefer a dog that wants to do its own thing or one that’s more eager-to-please?

	•	I would love one that’s eager to please

15)	How  would you prefer your dog to respond to someone knocking on the door or entering your yard?  How would you prefer your dog to greet strangers or visitors?  

	•	It’d be great if the dog was relatively quiet when someone knocked on the door. An alert bark or two I wouldn’t mind, but I’m not a huge fan of loud incessant barking. I would love the dog to be friendly towards strangers. Either reserved but not anxious, or wagging its tail and walking up to them like they’re his best friend. Jumping would not be good - I have small nieces and nephews and elderly relatives that might get knocked over easily.

16)	Are you willing to manage a dog that is aggressive to other dogs?

	•	That wouldn’t be ideal since we have a smaller terrier that’s getting older. I would love for the dog to either be indifferent to other dogs or friendly. Reactivity definitely makes a lot of things more difficult.

17)	Are there any other behaviors you can’t deal with or want to avoid?

	•	Neuroticism
	•	Aggression
	•	Excessive barking
	•	Heavy Leash pulling

**Lifestyle**

18)	How often and how long will the dog be left alone?

	•	I work from home so the dog won’t be left alone for more than a few hours each week. Might be gone for 4-5 hours 2-3 times a week, but aside from that my wife or I will be home. 

19)	What are the dog-related preferences of other people in the house and what will be their involvement in caring for the dog? 

	•	Wife and I will tag team walking, training, and feeding the dog. My wife prefers a dog that she can manage on walks (she’s tiny)
	•	My wife loves the looks of Poodles in a Teddy Bear cut

20)	Do you have other pets or are you planning on having other pets?  What breed or type of animal are they?

	•	We have a small 12lb Norfolk Terrier. She’s good with other dogs and people, but is reserved if a dog wants to play with her. 

21)	Will the dog be interacting with children regularly?

	•	Yes, we have family with young kids and a plan to have our own in the future

22)	Do you rent or plan to rent in the future? If applicable, what breed or weight restrictions are on your current lease?

	•	We rent an apartment - not sure on policy since we are moving

23)	What city or country do you live in and are you aware of any laws banning certain breeds?

	•	not aware of bans on dogs where we live

24)	What is the average temperature of a typical summer and winter day where you live?

Summer: 75-95 degrees F in the summer
Winter is between 40 and 70 F

**Additional Information and Questions**

25)	Please provide any additional information you feel may be relevant.


26)	Feel free to ask any questions below.

	•	If an American breeder has imported FCI Moyen Poodles as Sire and Dam, is the breeder still seen as reputable? 
	•	Are there any breeds I should also be aware of?

**Edit**
Made styling changes to make it more readable. Wasn’t sure how it’d come out formatted as it’s my first post 😅",dogs,8,21,2024-10-17 12:23:22,airline pet policy,https://www.reddit.com/r/dogs/comments/1g5hnez/is_a_poodle_a_good_fit/,Ok-Explanation-8991,2024-10,"Is a Poodle a Good Fit? I love the personality of Golden’s but they wouldn’t be a good match for us due to their size, hair, and energy. I’m leaning heavily towards FCI Moyen Poodles (European Imported parents) due to their size, hair, and intelligence. Any help would be greatly appreciated!

1)	Will this be your first dog? If not, what experience do you have owning/training dogs?

	•	I’ve grown up with dogs and currently have a small terrier.

2)	Do you have a preference for rescuing a dog vs. going through a [reputable breeder]( http://ownresponsibly.blogspot.com/2011/07/identifying-reputable-breeder.html)?

	•	Would love to go through a breeder to avoid hidden temperament issues. I know temperament isn’t guaranteed with breeds, but rescues may need more work due to trauma.

3)	Describe your ideal dog.

	•	A snuggly, quiet dog, who is equally excited to go for hikes as they are to spend time curled up next to me on the couch. A dog that’s good with all people and other dogs. Either a low prey drive so it doesn’t tug or get distracted on walks, or can be easily trained to ignore distractions. Our terrier currently has really high prey drive and doesn’t stop barking/pulling when it sees another animal. Would love it if the dog is calm in these circumstances. Bonus points if the dog is low shedding and likes to learn new tricks. 

4)	What breeds or types of dogs are you interested in and why?

	•	I’m open to suggestions! I’m leaning heavily towards FCI Moyen poodles since they don’t shed, are athletic enough to take on hikes, but have an off switch. They seem like the sweet spot in size since Standards are too big and Miniatures are a tad small.  I have always adored the personality of a golden retriever, but it’s hard to get past the thought of hair everywhere, their size, and their common health issues. If there was such a thing as a Golden Retriever with medium energy, better health, and little to no shedding I would get one in a heartbeat. 

5)	What sorts of things would you like to train your dog to do?

	•	Basic obedience - heel, sit, and walk on a leash. Nothing crazy. It’d be really cool if the dog was able to ride in a trailer towed behind my bike. Would be great if the dog makes me feel like a genius, but not necessary.

6)    Do you want to compete with your dog in a sport (e.g. agility, obedience, rally) or use your dog for a form of work (e.g. hunting, herding, livestock guarding)? If so, how much experience do you have with this work/sport?

	•	No intention on showing/sporting

**Care Commitments**

7)	How long do you want to devote to training, playing with, or otherwise interacting with your dog each day?

	•	Around 2 hours a day. It will get 1 hour of walks, some play time, and lots of attention throughout the day. I WFH so the dog won’t be alone much.

8)	How long can you exercise your dog each day, on average?  What sorts of exercise are you planning to give your dog regularly and does that include using a dog park?  

	•	1 hour of walks each day and small bits of playtime. I’ll give the dog puzzles and other things so its brain will be stimulated. 

9)	How much regular brushing are you willing to do?  Are you open to trimming hair, cleaning ears, or doing other grooming at home?  If not, would you be willing to pay a professional to do it regularly?

	•	Yes - can pay or do it myself. I’d be open to learning how to at home and if it doesn’t go as planned we can pay for grooming. 

**Personal Preferences**

10)	What size dog are you looking for?
     
       20-40lbs

11)	How much shedding, barking, and slobber can you handle?

	•	All in moderation - I don’t mind a little of each, but would really like minimal amounts. I like the idea of a poodle since they don’t leave mounds of hair everywhere. I don’t mind some barking, but would love a relatively quiet dog. Alert barking is okay, but not a huge fan of barking in general. 

12)	How important is being able to let your dog off-leash in an unfenced area?

	•	Not important

**Dog Personality and Behavior**

13)	Do you want a snuggly dog or one that prefers some personal space?
	•	 Snuggly dogs are the best - would love one that wants to sit next to me (or on me) and soak up all the pets. 

14)	Would you prefer a dog that wants to do its own thing or one that’s more eager-to-please?

	•	I would love one that’s eager to please

15)	How  would you prefer your dog to respond to someone knocking on the door or entering your yard?  How would you prefer your dog to greet strangers or visitors?  

	•	It’d be great if the dog was relatively quiet when someone knocked on the door. An alert bark or two I wouldn’t mind, but I’m not a huge fan of loud incessant barking. I would love the dog to be friendly towards strangers. Either reserved but not anxious, or wagging its tail and walking up to them like they’re his best friend. Jumping would not be good - I have small nieces and nephews and elderly relatives that might get knocked over easily.

16)	Are you willing to manage a dog that is aggressive to other dogs?

	•	That wouldn’t be ideal since we have a smaller terrier that’s getting older. I would love for the dog to either be indifferent to other dogs or friendly. Reactivity definitely makes a lot of things more difficult.

17)	Are there any other behaviors you can’t deal with or want to avoid?

	•	Neuroticism
	•	Aggression
	•	Excessive barking
	•	Heavy Leash pulling

**Lifestyle**

18)	How often and how long will the dog be left alone?

	•	I work from home so the dog won’t be left alone for more than a few hours each week. Might be gone for 4-5 hours 2-3 times a week, but aside from that my wife or I will be home. 

19)	What are the dog-related preferences of other people in the house and what will be their involvement in caring for the dog? 

	•	Wife and I will tag team walking, training, and feeding the dog. My wife prefers a dog that she can manage on walks (she’s tiny)
	•	My wife loves the looks of Poodles in a Teddy Bear cut

20)	Do you have other pets or are you planning on having other pets?  What breed or type of animal are they?

	•	We have a small 12lb Norfolk Terrier. She’s good with other dogs and people, but is reserved if a dog wants to play with her. 

21)	Will the dog be interacting with children regularly?

	•	Yes, we have family with young kids and a plan to have our own in the future

22)	Do you rent or plan to rent in the future? If applicable, what breed or weight restrictions are on your current lease?

	•	We rent an apartment - not sure on policy since we are moving

23)	What city or country do you live in and are you aware of any laws banning certain breeds?

	•	not aware of bans on dogs where we live

24)	What is the average temperature of a typical summer and winter day where you live?

Summer: 75-95 degrees F in the summer
Winter is between 40 and 70 F

**Additional Information and Questions**

25)	Please provide any additional information you feel may be relevant.


26)	Feel free to ask any questions below.

	•	If an American breeder has imported FCI Moyen Poodles as Sire and Dam, is the breeder still seen as reputable? 
	•	Are there any breeds I should also be aware of?

**Edit**
Made styling changes to make it more readable. Wasn’t sure how it’d come out formatted as it’s my first post 😅",poodle good fit? love personality goldens wouldnt good match due size hair energy. leaning heavily towards fci moyen poodles european imported parents due size hair intelligence. help greatly appreciated! first dog? experience owningtraining dogs? ive grown dogs currently small terrier. preference rescuing vs. going reputable breeder love breeder avoid hidden temperament issues. temperament isnt guaranteed breeds rescues may work due trauma. describe ideal dog. snuggly quiet equally excited hikes spend curled next couch. thats good people dogs. either low prey drive doesnt tug distracted walks easily trained ignore distractions. terrier currently high prey drive doesnt stop barkingpulling sees another animal. love calm circumstances. bonus points low shedding likes learn new tricks. breeds types dogs interested why? open suggestions! leaning heavily towards fci moyen poodles since dont shed athletic enough take hikes switch. seem sweet spot size since standards big miniatures tad small. always adored personality golden retriever hard past thought hair everywhere size common health issues. thing golden retriever medium energy better health little shedding heartbeat. sorts things train do? basic obedience heel sit walk leash. nothing crazy. itd cool able ride trailer towed behind bike. great makes feel genius necessary. compete sport e.g. agility obedience rally use form work e.g. hunting herding livestock guarding? experience worksport? intention showingsporting care commitments long devote training playing otherwise interacting day? around hours day. hour walks play lots attention throughout day. wfh wont alone much. long exercise day average? sorts exercise planning give regularly include using park? hour walks day small bits playtime. ill give puzzles things brain stimulated. regular brushing willing do? open trimming hair cleaning ears grooming home? willing pay professional regularly? yes pay myself. open learning home doesnt planned pay grooming. personal preferences size looking for? lbs shedding barking slobber handle? moderation dont mind little minimal amounts. idea poodle since dont leave mounds hair everywhere. dont mind barking love relatively quiet dog. alert barking okay huge fan barking general. important able let offleash unfenced area? important personality behavior snuggly prefers personal space? snuggly dogs best love wants sit next soak pets. prefer wants thing thats eagertoplease? love thats eager please prefer respond someone knocking door entering yard? prefer greet strangers visitors? itd great relatively quiet someone knocked door. alert bark two wouldnt mind huge fan loud incessant barking. love friendly towards strangers. either reserved anxious wagging tail walking theyre best friend. jumping good small nieces nephews elderly relatives might knocked easily. willing manage aggressive dogs? wouldnt ideal since smaller terrier thats getting older. love either indifferent dogs friendly. reactivity definitely makes lot things difficult. behaviors cant deal avoid? neuroticism aggression excessive barking heavy leash pulling lifestyle often long left alone? work home wont left alone hours week. might gone hours times week aside wife home. dogrelated preferences people house involvement caring dog? wife tag team walking training feeding dog. wife prefers manage walks shes tiny wife loves looks poodles teddy bear cut pets planning pets? breed type animal they? small norfolk terrier. shes good dogs people reserved wants play her. interacting children regularly? yes family young kids plan future rent plan rent future? applicable breed weight restrictions current lease? rent apartment sure policy since moving city country live aware laws banning certain breeds? aware bans dogs live average temperature typical summer winter day live? summer degrees summer winter additional information questions please provide additional information feel may relevant. feel free ask questions below. american breeder imported fci moyen poodles sire dam breeder still seen reputable? breeds aware of? edit made styling changes make readable. wasnt sure itd come formatted first post,0.9994,0.28,0.664,0.056,positive,"['positive_experience', 'policy_info', 'practical_tip', 'airline_specific']","['dogs', 'love', 'barking', 'day', 'dog', 'good', 'hair', 'size', 'small', 'breeds']"
Light-weight carrier for Dachshund,"Hi all,

I am looking for a sub-1kg pet carrier for a plane ride with my Dachsie. She's upwards of 7kg and most airlines have an 8kg limit for pet + carrier, so I am looking for an ultra-light carrier. Does anyone have any recommendations?",dogs,0,1,2025-05-01 22:02:10,airline pet policy,https://www.reddit.com/r/dogs/comments/1kc869h/lightweight_carrier_for_dachshund/,True_Estimate_7121,2025-05,"Light-weight carrier for Dachshund Hi all,

I am looking for a sub-1kg pet carrier for a plane ride with my Dachsie. She's upwards of 7kg and most airlines have an 8kg limit for pet + carrier, so I am looking for an ultra-light carrier. Does anyone have any recommendations?",lightweight carrier dachshund looking subkg carrier ride dachsie. shes upwards airlines limit carrier looking ultralight carrier. anyone recommendations?,0.0,0.0,1.0,0.0,neutral,['practical_tip'],"['carrier', 'looking', 'airlines', 'airlines limit', 'carrier dachshund', 'carrier looking', 'carrier recommendations', 'carrier ride', 'dachshund', 'dachshund looking']"
Has anyone traveled with the Roverlund wheel base?,"I'm taking a few flights with my small dog this year. 

He flies well, so that's not a concern, but I hate carrying him in the carrier over my shoulder through the airport - we fly out of JFK and it can be a TREK to the gate. 

I was thinking about getting the [Roverlund wheel base](https://www.roverlund.com/products/ready-to-roll-pet-carrier-wheel-base) so I can roll him, but I'm not sure how the flight crew will treat it when I separate it from the carrier. As a personal item? I suppose the worst case is I'd have to gate check it like a stroller, but I'm curious to know if anyone else has flown with the carrier/wheelbase combo, and if so, how it went?

FWIW, I'll be flying domestically, Delta One.",dogs,1,1,2025-07-09 20:47:07,pet carrier flight,https://www.reddit.com/r/dogs/comments/1lvgowx/has_anyone_traveled_with_the_roverlund_wheel_base/,queenie_bklyn,2025-07,"Has anyone traveled with the Roverlund wheel base? I'm taking a few flights with my small dog this year. 

He flies well, so that's not a concern, but I hate carrying him in the carrier over my shoulder through the airport - we fly out of JFK and it can be a TREK to the gate. 

I was thinking about getting the [Roverlund wheel base](https://www.roverlund.com/products/ready-to-roll-pet-carrier-wheel-base) so I can roll him, but I'm not sure how the flight crew will treat it when I separate it from the carrier. As a personal item? I suppose the worst case is I'd have to gate check it like a stroller, but I'm curious to know if anyone else has flown with the carrier/wheelbase combo, and if so, how it went?

FWIW, I'll be flying domestically, Delta One.",anyone traveled roverlund wheel base? taking flights small year. flies well thats concern hate carrying carrier shoulder airport fly jfk trek gate. thinking getting roverlund wheel base roll sure crew treat separate carrier. personal item? suppose worst case gate check stroller curious anyone else flown carrierwheelbase combo went? fwiw ill flying domestically delta one.,-0.5775,0.139,0.696,0.165,negative,['airline_specific'],"['base', 'carrier', 'gate', 'roverlund', 'roverlund wheel', 'wheel', 'wheel base', 'base roll', 'carrierwheelbase', 'carrierwheelbase combo']"
Flying with a dog?,"First of all: is it possible to leave the airport after checking your pet in? How early are you allowed to check your pet in? 

I ask because my dog and her carrier are both a bit large. I know she’s comfortable in there, I’ve even done a car trip the length of a flight with her in it to make sure, but I’m worried about getting refused. I’m wondering if I can check in and get her tag a few hours early. This way if they refuse her, I will have time to take her back home. If they accept her, I can give her more time outside of the airport to stretch her legs and potty.

On a similar note, have any of you ever been turned away or almost turned away when trying to fly with a pet?",dogs,0,6,2024-12-05 08:56:45,pet carrier flight,https://www.reddit.com/r/dogs/comments/1h6v8c6/flying_with_a_dog/,missbitterness,2024-12,"Flying with a dog? First of all: is it possible to leave the airport after checking your pet in? How early are you allowed to check your pet in? 

I ask because my dog and her carrier are both a bit large. I know she’s comfortable in there, I’ve even done a car trip the length of a flight with her in it to make sure, but I’m worried about getting refused. I’m wondering if I can check in and get her tag a few hours early. This way if they refuse her, I will have time to take her back home. If they accept her, I can give her more time outside of the airport to stretch her legs and potty.

On a similar note, have any of you ever been turned away or almost turned away when trying to fly with a pet?",flying dog? first possible leave airport checking in? early allowed check in? ask carrier bit large. shes comfortable ive even done car trip length make sure worried getting refused. wondering check tag hours early. refuse take back home. accept give outside airport stretch legs potty. similar note ever turned away almost turned away trying fly pet?,0.5204,0.139,0.743,0.118,positive,['positive_experience'],"['airport', 'away', 'check', 'early', 'turned', 'turned away', 'airport stretch', 'allowed', 'ask', 'ask carrier']"
Pet carrier for small dog,"Hiii, 

Looking for a good pet carrier that has a lot of airflow  for flying. Send me over your favorite pet carrier. Thanks!",dogs,8,5,2025-06-06 03:18:21,pet carrier flight,https://www.reddit.com/r/dogs/comments/1l46gbm/pet_carrier_for_small_dog/,Portuguese9694,2025-06,"Pet carrier for small dog Hiii, 

Looking for a good pet carrier that has a lot of airflow  for flying. Send me over your favorite pet carrier. Thanks!",carrier small hiii looking good carrier lot airflow flying. send favorite carrier. thanks!,0.8439,0.476,0.524,0.0,positive,['positive_experience'],"['carrier', 'airflow', 'airflow flying', 'carrier lot', 'carrier small', 'carrier thanks', 'favorite', 'favorite carrier', 'flying', 'flying send']"
Thinking of welcoming an adult dog while working full-time (mostly remote),"There’s a 5-year-old Papillon I’m in talks about. She’s a retired show dog, about 6 lbs, spayed, and has a sweet, mellow temperament (at least according to the breeder). She’s been using potty pads in a kind of indoor/outdoor space, but I was told she should transition to outdoor potty breaks fairly easily. She’s had two litters and is in good health with up-to-date vet care and annual dental cleanings.

I'm 28, single, and work mostly remotely full-time in Chicago, and I live alone in an apartment. Most of the time, I’m at home, but I do have the occasional office day, maybe one or two times a month. I don’t have a car, but I live close to pet stores and a few vet clinics.

I’ve always loved dogs, and this feels like the right dog at the right time. But I tend to overthink big life decisions and spiral. I don’t want to underestimate the responsibility. 

The breeder happens to be flying into Chicago next week, which makes this feel very “now or never.” She offered to bring the dog with her, and I’d just need to cover part of the flight. So there’s a sense of urgency even though she’s not pressuring me at all. 

Have any of you adopted an adult dog while working full-time? I know no one can predict the future, but I’d love to hear any stories, regrets, or reassurances you might have. Thanks!!",dogs,22,42,2025-05-28 22:56:34,pet carrier flight,https://www.reddit.com/r/dogs/comments/1kxhqx3/thinking_of_welcoming_an_adult_dog_while_working/,hanabomb,2025-05,"Thinking of welcoming an adult dog while working full-time (mostly remote) There’s a 5-year-old Papillon I’m in talks about. She’s a retired show dog, about 6 lbs, spayed, and has a sweet, mellow temperament (at least according to the breeder). She’s been using potty pads in a kind of indoor/outdoor space, but I was told she should transition to outdoor potty breaks fairly easily. She’s had two litters and is in good health with up-to-date vet care and annual dental cleanings.

I'm 28, single, and work mostly remotely full-time in Chicago, and I live alone in an apartment. Most of the time, I’m at home, but I do have the occasional office day, maybe one or two times a month. I don’t have a car, but I live close to pet stores and a few vet clinics.

I’ve always loved dogs, and this feels like the right dog at the right time. But I tend to overthink big life decisions and spiral. I don’t want to underestimate the responsibility. 

The breeder happens to be flying into Chicago next week, which makes this feel very “now or never.” She offered to bring the dog with her, and I’d just need to cover part of the flight. So there’s a sense of urgency even though she’s not pressuring me at all. 

Have any of you adopted an adult dog while working full-time? I know no one can predict the future, but I’d love to hear any stories, regrets, or reassurances you might have. Thanks!!",thinking welcoming adult working fulltime mostly remote theres yearold papillon talks about. shes retired show lbs spayed sweet mellow temperament least according breeder. shes using potty pads kind indooroutdoor space told transition outdoor potty breaks fairly easily. shes two litters good health uptodate vet care annual dental cleanings. single work mostly remotely fulltime chicago live alone apartment. home occasional office day maybe two times month. dont car live close stores vet clinics. ive always loved dogs feels right right time. tend overthink big life decisions spiral. dont underestimate responsibility. breeder happens flying chicago next week makes feel never. offered bring cover part flight. theres sense urgency even though shes pressuring all. adopted adult working fulltime? predict future love hear stories regrets reassurances might have. thanks!!,0.9794,0.222,0.732,0.046,positive,['positive_experience'],"['shes', 'fulltime', 'adult', 'adult working', 'breeder', 'chicago', 'dont', 'potty', 'theres', 'vet']"
Dog flying on delta but refuses to turn around in her carrier to show she can,"I'm flying with my dog this week on delta. She's less than 20 pounds. She's three, she's potty trained, she's quiet on flights, we've flown before. Her carrier is the right size. However - she just simply refuses to turn around. She can, I've seen her do it but when I try to persuade her to do it she refuses. She's just stubborn. Is this a requirement to board? Will the counter attendant understand she's just kind of a brat sometimes?  Does anyone have any advice? 

  
The problem isn't getting her in the carrier, she loves it, she just likes her head in one space. ",dogs,44,37,2025-04-30 11:46:17,pet carrier flight,https://www.reddit.com/r/dogs/comments/1kb65va/dog_flying_on_delta_but_refuses_to_turn_around_in/,BadAtUsernames14,2025-04,"Dog flying on delta but refuses to turn around in her carrier to show she can I'm flying with my dog this week on delta. She's less than 20 pounds. She's three, she's potty trained, she's quiet on flights, we've flown before. Her carrier is the right size. However - she just simply refuses to turn around. She can, I've seen her do it but when I try to persuade her to do it she refuses. She's just stubborn. Is this a requirement to board? Will the counter attendant understand she's just kind of a brat sometimes?  Does anyone have any advice? 

  
The problem isn't getting her in the carrier, she loves it, she just likes her head in one space. ",flying delta refuses turn around carrier show flying week delta. shes less pounds. shes three shes potty trained shes quiet flights weve flown before. carrier right size. however simply refuses turn around. ive seen try persuade refuses. shes stubborn. requirement board? counter attendant understand shes kind brat sometimes? anyone advice? problem isnt getting carrier loves likes head space.,-0.4094,0.091,0.778,0.131,negative,"['policy_info', 'practical_tip', 'airline_specific']","['shes', 'carrier', 'refuses', 'delta', 'flying', 'refuses turn', 'turn', 'board', 'brat', 'brat advice']"
What are your best tips for taking a dog on a flight?,"Taking my dog on a 6 hour flight soon! His first ever flight. He’s a 15 pound poodle and we’ve been doing some carrier training (just familiarizing him with it, associating it with his favourite treats, etc). He’ll be flying in cabin with me (under the seat)!

Please, any and all tips are helpful!! Especially with reactivity.

Thanks in advance from a nervous dog and a nervous dog owner 

Edit: for context, he is 2 years old! And we are moving across the country so hopefully he won’t have to fly too much after.",dogs,3,31,2025-04-25 22:48:12,pet carrier flight,https://www.reddit.com/r/dogs/comments/1k7ldun/what_are_your_best_tips_for_taking_a_dog_on_a/,darkchocolatemousse,2025-04,"What are your best tips for taking a dog on a flight? Taking my dog on a 6 hour flight soon! His first ever flight. He’s a 15 pound poodle and we’ve been doing some carrier training (just familiarizing him with it, associating it with his favourite treats, etc). He’ll be flying in cabin with me (under the seat)!

Please, any and all tips are helpful!! Especially with reactivity.

Thanks in advance from a nervous dog and a nervous dog owner 

Edit: for context, he is 2 years old! And we are moving across the country so hopefully he won’t have to fly too much after.",best tips taking flight? taking hour soon! first ever flight. hes pound poodle weve carrier training familiarizing associating favourite treats etc. hell flying cabin seat! please tips helpful!! especially reactivity. thanks advance nervous nervous owner edit context years old! moving across country hopefully wont fly after.,0.8199,0.259,0.602,0.139,positive,['practical_tip'],"['flight', 'nervous', 'taking', 'tips', 'advance', 'advance nervous', 'associating', 'best', 'carrier', 'carrier training']"
Looking for a pet stroller,"Hi all,  
New to pet strollers. Looking for my 15ish lb cat (we also have a 16ish lb toy poodle mix who might use it the odd time but this is more for the cat. they'll never be in it together). ideally i'm looking for something:  
\- no more than 250cad (approx 182 us)  
\- wheels that are rubber or TPU wheels (really anything but hard plastic)  
\- all one piece (NOT the ones where there is a detachable carrier as we have nowhere to store that)  
\-preferred but not necessary is also to have a no zip model

also what is the difference between 3 and 4 wheelers ideally i'm looking for 4. as i heard it folds more compactly.  am i right in thinking that 4 is more stable but 3 has better mobility?

any recommendations would be much appreciated!",dogs,2,7,2025-07-29 09:13:42,pet carrier flight,https://www.reddit.com/r/dogs/comments/1mbwvl8/looking_for_a_pet_stroller/,M_Isenberg33,2025-07,"Looking for a pet stroller Hi all,  
New to pet strollers. Looking for my 15ish lb cat (we also have a 16ish lb toy poodle mix who might use it the odd time but this is more for the cat. they'll never be in it together). ideally i'm looking for something:  
\- no more than 250cad (approx 182 us)  
\- wheels that are rubber or TPU wheels (really anything but hard plastic)  
\- all one piece (NOT the ones where there is a detachable carrier as we have nowhere to store that)  
\-preferred but not necessary is also to have a no zip model

also what is the difference between 3 and 4 wheelers ideally i'm looking for 4. as i heard it folds more compactly.  am i right in thinking that 4 is more stable but 3 has better mobility?

any recommendations would be much appreciated!",looking stroller new strollers. looking ish cat ish toy poodle mix might use odd cat. theyll never together. ideally looking something cad approx wheels rubber tpu wheels anything hard plastic piece ones detachable carrier nowhere store preferred necessary zip model difference wheelers ideally looking heard folds compactly. right thinking stable better mobility? recommendations appreciated!,0.3244,0.136,0.734,0.131,positive,['practical_tip'],"['looking', 'cat', 'ideally', 'ideally looking', 'ish', 'wheels', 'appreciated', 'approx wheels', 'carrier', 'carrier store']"
Pet Stroller Recommendations,"I’m looking into getting my 7 lb Yorkie a stroller with a removable carrier that can be used as a car seat. I found several options: Pet Gear 360 View 3-in-1 Stroller, Pawzidea 4-in-1 Stroller, and HPZ Pet Rover Prime 3-in-1 Stroller. I’m having a hard time deciding. Does anyone have any thoughts on these options or recommendations for other strollers with removable carriers? I’m leading toward the Pet Gear.",dogs,1,8,2025-07-04 20:29:00,pet carrier flight,https://www.reddit.com/r/dogs/comments/1lrgg45/pet_stroller_recommendations/,amcglew,2025-07,"Pet Stroller Recommendations I’m looking into getting my 7 lb Yorkie a stroller with a removable carrier that can be used as a car seat. I found several options: Pet Gear 360 View 3-in-1 Stroller, Pawzidea 4-in-1 Stroller, and HPZ Pet Rover Prime 3-in-1 Stroller. I’m having a hard time deciding. Does anyone have any thoughts on these options or recommendations for other strollers with removable carriers? I’m leading toward the Pet Gear.",stroller recommendations looking getting yorkie stroller removable carrier used car seat. found several options gear view stroller pawzidea stroller hpz rover prime stroller. hard deciding. anyone thoughts options recommendations strollers removable carriers? leading toward gear.,-0.1027,0.0,0.96,0.04,negative,['practical_tip'],"['stroller', 'gear', 'options', 'recommendations', 'removable', 'car', 'carrier', 'carriers', 'deciding thoughts', 'gear view']"
How can I train my dog to want to stay inside her travel carrier? She loves it already she just doesn’t want to stay long in there.,"Hello everyone! I swear I have searched this but I keep coming up with posts about crate/travel training and getting them used to it. My issue is that my pup (an 11mo, 11lb Shih tzu) has been crate trained on quite a large crate that she’s perfectly happy to be in and sleep in. She also has already been trained to like her little travel bag crate. As soon as she sees it, she wants to jump in. If I open the sides, she goes inside and sleeps in it. She definitely likes it. 

The issue is that she doesn’t like being inside with it closed. As soon as I close the zipper she wants out. I’ve been closing it, giving her treat, opening, closing, treat, etc. And every time leaving her in there longer but it’s been a monumentally slow process and the trip we’re taking, the flight is 6hr 30m long. I have no idea how I’ll keep her in there that long. My other tzu just sleeps in it but he’s always loved tight spaces to sleep so he was easy to train. 

I think she just gets claustrophobic in there (I totally get her, I would too 😩😭) Last time I flew with her she straight up started barking in flight. I was horrified. I was so lucky I had a flight attendant that let me put her on my lap. 

Any tips? I just don’t know how to get her to STAY inside and like it. I’m so anxious about this. ",dogs,9,6,2025-07-04 00:08:22,pet carrier flight,https://www.reddit.com/r/dogs/comments/1lqrzfw/how_can_i_train_my_dog_to_want_to_stay_inside_her/,CostaNic,2025-07,"How can I train my dog to want to stay inside her travel carrier? She loves it already she just doesn’t want to stay long in there. Hello everyone! I swear I have searched this but I keep coming up with posts about crate/travel training and getting them used to it. My issue is that my pup (an 11mo, 11lb Shih tzu) has been crate trained on quite a large crate that she’s perfectly happy to be in and sleep in. She also has already been trained to like her little travel bag crate. As soon as she sees it, she wants to jump in. If I open the sides, she goes inside and sleeps in it. She definitely likes it. 

The issue is that she doesn’t like being inside with it closed. As soon as I close the zipper she wants out. I’ve been closing it, giving her treat, opening, closing, treat, etc. And every time leaving her in there longer but it’s been a monumentally slow process and the trip we’re taking, the flight is 6hr 30m long. I have no idea how I’ll keep her in there that long. My other tzu just sleeps in it but he’s always loved tight spaces to sleep so he was easy to train. 

I think she just gets claustrophobic in there (I totally get her, I would too 😩😭) Last time I flew with her she straight up started barking in flight. I was horrified. I was so lucky I had a flight attendant that let me put her on my lap. 

Any tips? I just don’t know how to get her to STAY inside and like it. I’m so anxious about this. ",train stay inside carrier? loves already doesnt stay long there. hello everyone! swear searched keep coming posts cratetravel training getting used it. issue pup shih tzu crate trained quite large crate shes perfectly happy sleep in. already trained little bag crate. soon sees wants jump in. open sides goes inside sleeps it. definitely likes it. issue doesnt inside closed. soon close zipper wants out. ive closing giving treat opening closing treat etc. every leaving longer monumentally slow process trip taking long. idea ill keep long. tzu sleeps hes always loved tight spaces sleep easy train. gets claustrophobic totally last flew straight started barking flight. horrified. lucky attendant let put lap. tips? dont stay inside it. anxious this.,0.9814,0.252,0.683,0.064,positive,"['positive_experience', 'practical_tip']","['inside', 'crate', 'long', 'stay', 'doesnt', 'issue', 'sleep', 'sleeps', 'tzu', 'wants']"
Dog stroller or wagon for short-legged dogs?,"Hello,

I have two older Dachshunds that don't enjoy walks as much as they used to, but I think they still like being taken out of the house. They're not completely immobilized or anything, but they often prefer to sit still outside rather than continue on walks. Meanwhile, I also have a younger dog with a normal-sized legs that likes walks a lot. It's hard to balance all their needs, but I think a wagon or stroller for the older dogs would help.

From some searches on this subreddit, it seems like most people like a stroller better than a wagon, but most strollers seem too high off the ground for the Dachshunds to get into. I also don't like the idea of the strollers where the cage thing is removable but you have to lift it to the top part of the stroller; I think the dogs would like to go in and out of the cart semi-regularly during the walk. Their short legs makes it hard to find a stroller/wagon that'll work though. For reference, they can climb a ~6-8"" curb, but it's not the easiest thing for them.

I was looking at something like [this wagon from Amazon](https://www.amazon.com/Stroller-Folding-Travelling-Shopping-Walking/dp/B0CHMDYX36/ref=sr_1_26?crid=36CUTVHWZZP61&dib=eyJ2IjoiMSJ9.b0JcKQTjDYjC0iSWqaJRjSxLMGlzPhZ_WkpOjjZeBcFIYxzhZa4n_J4xh9RxEd_ZFq6B-hN76Fz1pDh6TpEvyDf_7EtfQET1KiYbenhYF3PC2FGCHSy3-b2beTrRV-s8NB2lwxTCo2YU0M0GlxCiY4mbXFmJYlZ64VXQtiFaMIJri7l58-3mB4PGF7eh9GbEQ6JFXSepL_feX8YoD7JQNVPBTnsGHm1LB5YE0Cicjy0M4ABPzO-BK5GHWzI7-8PhOaNAqrQH45E0E8aMEQHzwz_WIylHYEOeXFs6hpak6Lc.4m6ggz__RVTDt2bAGueJmG2sYouecfQc5BPNP5fNzjo&dib_tag=se&th=1), but it seems to have crummy reviews.

This [REDCAMP cart](https://www.amazon.com/REDCAMP-Folding-Extendable-Collapsible-Shopping/dp/B09CYKWPWC/ref=sxin_16_pa_sp_search_thematic_sspa?content-id=amzn1.sym.87b1f643-33a9-49d2-948f-44f2ccfe0508%3Aamzn1.sym.87b1f643-33a9-49d2-948f-44f2ccfe0508&crid=36CUTVHWZZP61&cv_ct_cx=dog+wagon&keywords=dog+wagon&pd_rd_i=B09CYKWPWC&pd_rd_r=621cd4ef-09d0-4070-9a56-f1401c20edfa&pd_rd_w=COln1&pd_rd_wg=TiCrA&pf_rd_p=87b1f643-33a9-49d2-948f-44f2ccfe0508&pf_rd_r=Y3NDGRW5KBW6AE5492QW&qid=1747361909&sbo=RZvfv%2F%2FHxDF%2BO5021pAnSA%3D%3D&sprefix=dog+wagon%2Caps%2C284&sr=1-1-6024b2a3-78e4-4fed-8fed-e1613be3bcce-spons&sp_csd=d2lkZ2V0TmFtZT1zcF9zZWFyY2hfdGhlbWF0aWM&psc=1) looks bigger than I'd like. Maybe it'll work since it looks like it can carry both of the dachshunds at the same time. I was hoping for something not too bulky since the dogs are pretty small (only ~20 lbs each).

I was wondering if anyone else has looked for a good wagon for their short-legged, older dogs. I'm near a Petco and Petsmart as well, but haven't had a chance to visit the stores in person yet. Any suggestions/recommendations are appreciated! Thanks.",dogs,4,13,2025-05-16 11:29:55,pet carrier flight,https://www.reddit.com/r/dogs/comments/1knq34z/dog_stroller_or_wagon_for_shortlegged_dogs/,SmilesUndSunshine,2025-05,"Dog stroller or wagon for short-legged dogs? Hello,

I have two older Dachshunds that don't enjoy walks as much as they used to, but I think they still like being taken out of the house. They're not completely immobilized or anything, but they often prefer to sit still outside rather than continue on walks. Meanwhile, I also have a younger dog with a normal-sized legs that likes walks a lot. It's hard to balance all their needs, but I think a wagon or stroller for the older dogs would help.

From some searches on this subreddit, it seems like most people like a stroller better than a wagon, but most strollers seem too high off the ground for the Dachshunds to get into. I also don't like the idea of the strollers where the cage thing is removable but you have to lift it to the top part of the stroller; I think the dogs would like to go in and out of the cart semi-regularly during the walk. Their short legs makes it hard to find a stroller/wagon that'll work though. For reference, they can climb a ~6-8"" curb, but it's not the easiest thing for them.

I was looking at something like [this wagon from Amazon](https://www.amazon.com/Stroller-Folding-Travelling-Shopping-Walking/dp/B0CHMDYX36/ref=sr_1_26?crid=36CUTVHWZZP61&dib=eyJ2IjoiMSJ9.b0JcKQTjDYjC0iSWqaJRjSxLMGlzPhZ_WkpOjjZeBcFIYxzhZa4n_J4xh9RxEd_ZFq6B-hN76Fz1pDh6TpEvyDf_7EtfQET1KiYbenhYF3PC2FGCHSy3-b2beTrRV-s8NB2lwxTCo2YU0M0GlxCiY4mbXFmJYlZ64VXQtiFaMIJri7l58-3mB4PGF7eh9GbEQ6JFXSepL_feX8YoD7JQNVPBTnsGHm1LB5YE0Cicjy0M4ABPzO-BK5GHWzI7-8PhOaNAqrQH45E0E8aMEQHzwz_WIylHYEOeXFs6hpak6Lc.4m6ggz__RVTDt2bAGueJmG2sYouecfQc5BPNP5fNzjo&dib_tag=se&th=1), but it seems to have crummy reviews.

This [REDCAMP cart](https://www.amazon.com/REDCAMP-Folding-Extendable-Collapsible-Shopping/dp/B09CYKWPWC/ref=sxin_16_pa_sp_search_thematic_sspa?content-id=amzn1.sym.87b1f643-33a9-49d2-948f-44f2ccfe0508%3Aamzn1.sym.87b1f643-33a9-49d2-948f-44f2ccfe0508&crid=36CUTVHWZZP61&cv_ct_cx=dog+wagon&keywords=dog+wagon&pd_rd_i=B09CYKWPWC&pd_rd_r=621cd4ef-09d0-4070-9a56-f1401c20edfa&pd_rd_w=COln1&pd_rd_wg=TiCrA&pf_rd_p=87b1f643-33a9-49d2-948f-44f2ccfe0508&pf_rd_r=Y3NDGRW5KBW6AE5492QW&qid=1747361909&sbo=RZvfv%2F%2FHxDF%2BO5021pAnSA%3D%3D&sprefix=dog+wagon%2Caps%2C284&sr=1-1-6024b2a3-78e4-4fed-8fed-e1613be3bcce-spons&sp_csd=d2lkZ2V0TmFtZT1zcF9zZWFyY2hfdGhlbWF0aWM&psc=1) looks bigger than I'd like. Maybe it'll work since it looks like it can carry both of the dachshunds at the same time. I was hoping for something not too bulky since the dogs are pretty small (only ~20 lbs each).

I was wondering if anyone else has looked for a good wagon for their short-legged, older dogs. I'm near a Petco and Petsmart as well, but haven't had a chance to visit the stores in person yet. Any suggestions/recommendations are appreciated! Thanks.",stroller wagon shortlegged dogs? hello two older dachshunds dont enjoy walks used still taken house. theyre completely immobilized anything often prefer sit still outside rather continue walks. meanwhile younger normalsized legs likes walks lot. hard balance needs wagon stroller older dogs help. searches subreddit seems people stroller better wagon strollers seem high ground dachshunds into. dont idea strollers cage thing removable lift top part stroller dogs cart semiregularly walk. short legs makes hard find strollerwagon thatll work though. reference climb curb easiest thing them. looking something wagon amazon seems crummy reviews. redcamp cart looks bigger like. maybe itll work since looks carry dachshunds time. hoping something bulky since dogs pretty small lbs each. wondering anyone else looked good wagon shortlegged older dogs. near petco petsmart well havent chance visit stores person yet. suggestionsrecommendations appreciated! thanks.,0.9751,0.215,0.725,0.06,positive,"['positive_experience', 'practical_tip']","['dogs', 'wagon', 'stroller', 'dachshunds', 'older', 'walks', 'dachshunds dont', 'hard', 'looks', 'older dogs']"
Best way to keep my pup safe in the car?,"Today I finally got around to looking for scientific research on the safety of the variety of car products for dogs and found out there's basically none. It seems the only evaluation that's been done was the CPS (the P stands for pet) which only found one brand's harness to be adequate for car safety and it's sleepypod which is quite expensive and also it seems the test was in 2013 for a prior version of the harness??? So before I make that jump, I wanted to see if anyone has seen other evaluations find other products to be good at keeping a pup safe in a car. (My pup is too big for carriers (70lb husky) and my car is too small for a crate.)",dogs,0,4,2025-07-16 04:42:45,pet carrier flight,https://www.reddit.com/r/dogs/comments/1m0rms1/best_way_to_keep_my_pup_safe_in_the_car/,PhysicalOceanSci,2025-07,"Best way to keep my pup safe in the car? Today I finally got around to looking for scientific research on the safety of the variety of car products for dogs and found out there's basically none. It seems the only evaluation that's been done was the CPS (the P stands for pet) which only found one brand's harness to be adequate for car safety and it's sleepypod which is quite expensive and also it seems the test was in 2013 for a prior version of the harness??? So before I make that jump, I wanted to see if anyone has seen other evaluations find other products to be good at keeping a pup safe in a car. (My pup is too big for carriers (70lb husky) and my car is too small for a crate.)",best keep pup safe car? today finally got around looking scientific research safety variety car products dogs found theres basically none. seems evaluation thats done cps stands found brands harness adequate car safety sleepypod quite expensive seems test prior version harness??? make jump wanted see anyone seen evaluations find products good keeping pup safe car. pup big carriers husky car small crate.,0.9655,0.28,0.72,0.0,positive,['positive_experience'],"['car', 'pup', 'harness', 'products', 'pup safe', 'safe', 'safe car', 'safety', 'adequate', 'big carriers']"
Reducing or overcoming my dogs anxiety,"We adopted a rescue about 6 months ago, our new friend is about 2.5 years old now. 

At first he showed no anxiety at all (after the initial few weeks/months of adjusting to his new home obviously). But did get very skittish whenever there was audible thunder outside. He didn't like the rain, because it got him wet, but didn't mind it after the initial few steps outside. 

Unfortunately, this thunder anxiety worsened a lot. Over the last 2 months, he developed (chronologically) a fear of rain (the sound even when inside), then a fear of dark skies, and now we are reaching the point where he is afraid whenever planes fly over. 

His behavior when afraid is best described as excessive panting and drooling, as well as trembling all over. We cannot do anything with him at this point, he hardly listens and won't eat or drink during this time. We should note, we ignore the sounds and act as if nothing changed - as to not ""train"" our pup that it is good to fear the noise. We basically always continue our days as if nothing happened. We do, however, sometimes say all is fine, or ""thats an airplane"" in a calm voice, without any excitement.

  
We did try to research and help the poor pup with his anxiety. This included a thundershirt, which had little to no effect. Making those fear-inducing sounds fun using treats or toys is a no go, as we cannot do anything with him in that state. Desensitization using the noise is a long process, however even when sounds are barely audible to us, he already reacts and stops listening. 

We are desperate to let him enjoy his life without daily attacks of fear/anxiety, and are willing to try anything. Unfortunately things seem to only be getting worse. Our next step would be to go to the vet, in the hopes medication can help him, or a behaviourist. Though I must admit I'm not a big fan of 24/7 medication of our dog.

Sorry for the long read! We simply hope there is someone who has experience with this and can maybe give us the crucial tip or insight to help break this cycle with our pup! 

",dogs,5,11,2024-09-09 03:03:50,dog anxiety plane,https://www.reddit.com/r/dogs/comments/1fc41c0/reducing_or_overcoming_my_dogs_anxiety/,uglyluckding,2024-09,"Reducing or overcoming my dogs anxiety We adopted a rescue about 6 months ago, our new friend is about 2.5 years old now. 

At first he showed no anxiety at all (after the initial few weeks/months of adjusting to his new home obviously). But did get very skittish whenever there was audible thunder outside. He didn't like the rain, because it got him wet, but didn't mind it after the initial few steps outside. 

Unfortunately, this thunder anxiety worsened a lot. Over the last 2 months, he developed (chronologically) a fear of rain (the sound even when inside), then a fear of dark skies, and now we are reaching the point where he is afraid whenever planes fly over. 

His behavior when afraid is best described as excessive panting and drooling, as well as trembling all over. We cannot do anything with him at this point, he hardly listens and won't eat or drink during this time. We should note, we ignore the sounds and act as if nothing changed - as to not ""train"" our pup that it is good to fear the noise. We basically always continue our days as if nothing happened. We do, however, sometimes say all is fine, or ""thats an airplane"" in a calm voice, without any excitement.

  
We did try to research and help the poor pup with his anxiety. This included a thundershirt, which had little to no effect. Making those fear-inducing sounds fun using treats or toys is a no go, as we cannot do anything with him in that state. Desensitization using the noise is a long process, however even when sounds are barely audible to us, he already reacts and stops listening. 

We are desperate to let him enjoy his life without daily attacks of fear/anxiety, and are willing to try anything. Unfortunately things seem to only be getting worse. Our next step would be to go to the vet, in the hopes medication can help him, or a behaviourist. Though I must admit I'm not a big fan of 24/7 medication of our dog.

Sorry for the long read! We simply hope there is someone who has experience with this and can maybe give us the crucial tip or insight to help break this cycle with our pup! 

",reducing overcoming dogs anxiety adopted rescue months ago new friend years old now. first showed anxiety initial weeksmonths adjusting new home obviously. skittish whenever audible thunder outside. didnt rain got wet didnt mind initial steps outside. unfortunately thunder anxiety worsened lot. last months developed chronologically fear rain sound even inside fear dark skies reaching point afraid whenever planes fly over. behavior afraid best described excessive panting drooling well trembling over. cannot anything point hardly listens wont eat drink time. note ignore sounds act nothing changed train pup good fear noise. basically always continue days nothing happened. however sometimes say fine thats calm voice without excitement. try research help poor pup anxiety. included thundershirt little effect. making fearinducing sounds fun using treats toys cannot anything state. desensitization using noise long process however even sounds barely audible already reacts stops listening. desperate let enjoy life without daily attacks fearanxiety willing try anything. unfortunately things seem getting worse. next step vet hopes medication help behaviourist. though must admit big fan medication dog. sorry long read! simply hope someone experience maybe give crucial tip insight help break cycle pup!,0.8343,0.203,0.618,0.179,positive,"['safety_concern', 'positive_experience', 'practical_tip']","['anxiety', 'fear', 'help', 'pup', 'sounds', 'new', 'point', 'rain', 'thunder', 'try']"
"Support needed - new dog blues, feeling overwhelmed and scared.","My husband and I adopted a 10-month old Tibetan Spaniel from a reputable show breeder in a rural area this past weekend. He never showed himself, but other dogs in his line did, and he lived with them. His previous owner crate trained and potty trained him.

He was very sweet and calm on the drive back to our house (a long drive taken over 2 days) but since we got home, we are struggling.

We have a 2-hour session with a certified dog trainer (ADT) for a week from tomorrow, but in the meantime I'm feeling overwhelmed and panicking a bit that we're in way over our head with (probably?) stress- and move-induced separation anxiety.

While our new boy is very sweet with us and calm when we're around, he:

* Barks at unfamiliar dogs and people when on walks (we bring itty bitty pieces of steak with whenever we go outside, which has helped, but he's still very nervous whenever someone walks by)
* Panics with barking and whining if both of us are out of sight, even for a few seconds. He ignores the high value treats we put in his crate and just shrieks.
* Shadows us (especially me) around the house - not a huge problem but indicative of separation anxiety. If I'm in my office with the door closed, he shrieks for a few minutes but calms down if he's with my husband, so at least there's that.
* Regressed on potty training, and has had a few accidents in the house.

We're doing our best on reinforcing crate training and building up towards him being alone for longer than 2 seconds, but I'm second guessing everything about our choice to get a dog.

We wanted a dog that we could take with us around the city, that we could [rarely] take on a plane to visit family with, and that we could, you know, leave at our house sometimes to go to the gym or a movie. We did months of research at home, and spoke with multiple breeders of multiple different breeds at AKC's Meet the Breeds over 3 years.

We're not total newbies as far as dog ownership goes - we had a dog for 10 years until this past January; she was a behavioral dream - but am feeling like a complete failure that he's struggling, and am scared that we made a mistake.

I know this is probably more normal than I think, and that this is just some catastrophizing in response to a life change that isn't aligning with my naive expectations of what the first days of dog ownership would be like.",dogs,6,16,2025-05-09 01:07:27,dog anxiety plane,https://www.reddit.com/r/dogs/comments/1khtw1v/support_needed_new_dog_blues_feeling_overwhelmed/,noyoukant,2025-05,"Support needed - new dog blues, feeling overwhelmed and scared. My husband and I adopted a 10-month old Tibetan Spaniel from a reputable show breeder in a rural area this past weekend. He never showed himself, but other dogs in his line did, and he lived with them. His previous owner crate trained and potty trained him.

He was very sweet and calm on the drive back to our house (a long drive taken over 2 days) but since we got home, we are struggling.

We have a 2-hour session with a certified dog trainer (ADT) for a week from tomorrow, but in the meantime I'm feeling overwhelmed and panicking a bit that we're in way over our head with (probably?) stress- and move-induced separation anxiety.

While our new boy is very sweet with us and calm when we're around, he:

* Barks at unfamiliar dogs and people when on walks (we bring itty bitty pieces of steak with whenever we go outside, which has helped, but he's still very nervous whenever someone walks by)
* Panics with barking and whining if both of us are out of sight, even for a few seconds. He ignores the high value treats we put in his crate and just shrieks.
* Shadows us (especially me) around the house - not a huge problem but indicative of separation anxiety. If I'm in my office with the door closed, he shrieks for a few minutes but calms down if he's with my husband, so at least there's that.
* Regressed on potty training, and has had a few accidents in the house.

We're doing our best on reinforcing crate training and building up towards him being alone for longer than 2 seconds, but I'm second guessing everything about our choice to get a dog.

We wanted a dog that we could take with us around the city, that we could [rarely] take on a plane to visit family with, and that we could, you know, leave at our house sometimes to go to the gym or a movie. We did months of research at home, and spoke with multiple breeders of multiple different breeds at AKC's Meet the Breeds over 3 years.

We're not total newbies as far as dog ownership goes - we had a dog for 10 years until this past January; she was a behavioral dream - but am feeling like a complete failure that he's struggling, and am scared that we made a mistake.

I know this is probably more normal than I think, and that this is just some catastrophizing in response to a life change that isn't aligning with my naive expectations of what the first days of dog ownership would be like.",support needed new blues feeling overwhelmed scared. husband adopted month old tibetan spaniel reputable show breeder rural area past weekend. never showed dogs line lived them. previous owner crate trained potty trained him. sweet calm drive back house long drive taken days since got home struggling. hour session certified trainer adt week tomorrow meantime feeling overwhelmed panicking bit head probably? stress moveinduced separation anxiety. new boy sweet calm around barks unfamiliar dogs people walks bring itty bitty pieces steak whenever outside helped hes still nervous whenever someone walks panics barking whining sight even seconds. ignores high value treats put crate shrieks. shadows especially around house huge problem indicative separation anxiety. office door closed shrieks minutes calms hes husband least theres that. regressed potty training accidents house. best reinforcing crate training building towards alone longer seconds second guessing everything choice dog. wanted take around city rarely take visit family leave house sometimes gym movie. months research home spoke multiple breeders multiple different breeds akcs meet breeds years. total newbies far ownership goes years past january behavioral dream feeling complete failure hes struggling scared made mistake. probably normal catastrophizing response life change isnt aligning naive expectations first days ownership like.,-0.7523,0.155,0.667,0.178,negative,"['safety_concern', 'practical_tip']","['house', 'crate', 'feeling', 'hes', 'scared', 'seconds', 'struggling', 'trained', 'training', 'years']"
What dog breed would fit my lifestyle best?,"    *Introduction**
    
    1)Will this be your first dog? If not, what experience do you have owning/training dogs?
    
    * First time I will be the primary one responsible for the dog, my family had a Nova Scotia Duck Tolling Retriever (Toller), got him when I was 2 and he passed away when I was 14. RIP Bourbon you were the best. A family member was very involved with dogsitting and dog training, so I grew up with that too.
    
    2)Do you have a preference for rescuing a dog vs. going through a [reputable breeder]( http://ownresponsibly.blogspot.com/2011/07/identifying-reputable-breeder.html)?
    
    * I'm not 100% decided on this, I'm not opposed to rescues but I think for my first dog it's probably wiser to go through a breeder, also as the adult size is fairly important.
    
    3)Describe your ideal dog.
    
    * Four-legged best friend that goes everywhere, is up for anything I am. Cuddly and loyal. Friendly to other people at least to some degree. Well trained. Not anxious or agressive. Everything from cuddling on my lap to hiking and boating (dog does not have to enjoy swimming, though.) Not overly afraid of things. Let's be honest, it will probably be wearing cute sweaters in the winter.
    I'm not really sure how to explain my ideal dog but hopefully you get the idea.
    Small, cute, cuddly, big personality, travel and adventure buddy.
    
    4)What breeds or types of dogs are you interested in and why?
    
    * I liked the Toller I grew up with. Have always liked herding dogs, especially border collies and australian shepherds. I like toy australian shepherds aside from the ethical issues of breeding them. Definitely not getting a big dog, A herding dog probably isn't right for me at the moment I need more of a companion. maybe when I'm older a herding dog will join the family. Currently considering a Papillon?
    
    5)What sorts of things would you like to train your dog to do?
    
    * Aside from obedience, and tricks for fun-
    I'm a small plane pilot, I would like it to get used to flying with me. Also intend to do a lot of traveling and outdoor adventures. 
    
    6) Do you want to compete with your dog in a sport (e.g. agility, obedience, rally) or use your dog for a form of work (e.g. hunting, herding, livestock guarding)? If so, how much experience do you have with this work/sport?
    
    * No.
    
    **Care Commitments**
    
      7) How long do you want to devote to training, playing with, or otherwise interacting with your dog each day?
    
    * Whatever is necessary. I have a fairly flexible schedule, and would like my dog to be well-trained, both with obedience and fun things as well. 
    
    8) How long can you exercise your dog each day, on average?  What sorts of exercise are you planning to give your dog regularly and does that include using a dog park?  
    
    * No dog park. I am a fairly active person, I walk about two miles around my neighborhood most mornings, enjoy hikes from time to time, go backpacking/camping occasionally, etc. I'm open to a combination of the dog exercising with me, and carrying the dog if/when necessary on longer excursions.
    
    9)How much regular brushing are you willing to do?  Are you open to trimming hair, cleaning ears, or doing other grooming at home?  If not, would you be willing to pay a professional to do it regularly?
    
    * Brushing is not an issue, I already have to brush my cats quite a bit. Don't mind the occasional trim, but I don't really want a dog that requires full haircuts. Cleaning ears, trimming nails, brushing teeth, anything else I may be forgetting at the moment, not a big deal. I bathe dogs for extended family every once in a while, would not mind doing it on a regular basis. Honestly kind of enjoy it, especially if the dog isn't overly terrified.
    
    **Personal Preferences**
    
    10)What size dog are you looking for?
    
    * Small. Under 20 pounds. I travel a decent amount to visit family, and for fun. I would like to bring the dog with me, definitely in-cabin, fees/complications aren't a huge issue.
    
    11) How much shedding, barking, and slobber can you handle?
    
    * Minimal-moderate shedding is fine. Barking doesn't bother me, although I will spend some time training to avoid the dog bothering others. Would prefer to keep the slobber to a minimum if at all possible.
    
    12) How important is being able to let your dog off-leash in an unfenced area?
    
    * No preference. Would like to off-leash train them if possible but it's not a deal breaker.
    
    **Dog Personality and Behavior**
    
    13) Do you want a snuggly dog or one that prefers some personal space?
    
    * Snuggly, but they don't HAVE to be in my space 24/7 if they don't want to.
    
    14) Would you prefer a dog that wants to do its own thing or one that’s more eager-to-please?
    
    * More on the side of eager-to-please, but I can work through a bit of stubbornness.
    
    15) How  would you prefer your dog to respond to someone knocking on the door or entering your yard?  How would you prefer your dog to greet strangers or visitors?  
    
    * Barking is fine, it doesn't bother me in small dogs especially, but again would aim for training them to stop on command. Not agressive, not overly shy, friendly enough at least. 
    
    16) Are you willing to manage a dog that is aggressive to other dogs?
    
    * Would prefer not. Can deal with it but the goal would definitely be to avoid that through breed and training.
    
    17) Are there any other behaviors you can’t deal with or want to avoid?
    
    * ANSWER
    
    **Lifestyle**
    
    18) How often and how long will the dog be left alone?
    
    * I'm not entirely sure on this one. Ideally I would bring the dog everywhere, currently my lifestyle would allow it, but I don't want to be entirely unable to leave them alone for a few hours on occasion when necessary. Definitely will crate-train.
    
    19) What are the dog-related preferences of other people in the house and what will be their involvement in caring for the dog? 
    
    * Currently living with my parents, the dog would be my responsability but they would be somewhat of a safety net in case of sudden large fees, or if I needed a dogsitter.
     My mother does not want a large slobbery dog, my dad does not want a chihuahua. Those are their preferences as far as I know, lol.
    
    20) Do you have other pets or are you planning on having other pets?  What breed or type of animal are they?
    
    * Two cats, fairly chill unless they're playing. They would be apprehensive at first but I think would make friends with a dog, as they did with Bourbon (previous dog.)
    
    21) Will the dog be interacting with children regularly?
    
    * A 4 year old in the household (5 by the time I would get a dog), but it would be under direct supervision at all times and because of the cats he knows to be very gentle. 
    
    22) Do you rent or plan to rent in the future? If applicable, what breed or weight restrictions are on your current lease?
    
    * No.
    
    23) What city or country do you live in and are you aware of any laws banning certain breeds?
    
    * None that would apply to the breeds I want. (NO Brachycephalic breeds, please, due to travel by air.)
    
    24) What is the average temperature of a typical summer and winter day where you live?
    
    * -FAHRENHEIT- Average of 60-70, high of 85 (maybe). Average of 20-30, low of maybe 5-10 during the day like one or two days a year. Willing to purchase dog sweaters LOL. 
    
    **Additional Information and Questions**
    25) Please provide any additional information you feel may be relevant.
    
    * I am (low-support needs) autistic, and have some anxiety issues. While not an official emotional support animal or anything, it will be my companion while I navigate the transition to adulthood, and will ideally be a comfort when people are too overwhelming. 
    It will be my adventure buddy, from flying to backpacking, etc.
    
    I have not owned a dog myself before, but I have been around them a lot, I'm doing my research, and I know the challenges. I think the project of training a dog would be good for me, and overall a dog is a good level of responsablility to get used to.
     Sorry if I'm not making sense. Not sure exactly when I'll move out, but not for a year or two at least, will most likely stay in the same town. 
    Not going away to college. I intend to do everything in my power to pay for and care for the dog myself but my family is willing to help out if necessary.
     
    I'm trying to be realistic, I know it can't go with me -everywhere- but it will not likely spend a ton of time on it's own.
    
    Thank you everyone!
    
    26) Feel free to ask any questions below.",dogs,8,32,2024-11-12 05:34:21,dog anxiety plane,https://www.reddit.com/r/dogs/comments/1gp2eow/what_dog_breed_would_fit_my_lifestyle_best/,2katsinatrenchcoat,2024-11,"What dog breed would fit my lifestyle best?     *Introduction**
    
    1)Will this be your first dog? If not, what experience do you have owning/training dogs?
    
    * First time I will be the primary one responsible for the dog, my family had a Nova Scotia Duck Tolling Retriever (Toller), got him when I was 2 and he passed away when I was 14. RIP Bourbon you were the best. A family member was very involved with dogsitting and dog training, so I grew up with that too.
    
    2)Do you have a preference for rescuing a dog vs. going through a [reputable breeder]( http://ownresponsibly.blogspot.com/2011/07/identifying-reputable-breeder.html)?
    
    * I'm not 100% decided on this, I'm not opposed to rescues but I think for my first dog it's probably wiser to go through a breeder, also as the adult size is fairly important.
    
    3)Describe your ideal dog.
    
    * Four-legged best friend that goes everywhere, is up for anything I am. Cuddly and loyal. Friendly to other people at least to some degree. Well trained. Not anxious or agressive. Everything from cuddling on my lap to hiking and boating (dog does not have to enjoy swimming, though.) Not overly afraid of things. Let's be honest, it will probably be wearing cute sweaters in the winter.
    I'm not really sure how to explain my ideal dog but hopefully you get the idea.
    Small, cute, cuddly, big personality, travel and adventure buddy.
    
    4)What breeds or types of dogs are you interested in and why?
    
    * I liked the Toller I grew up with. Have always liked herding dogs, especially border collies and australian shepherds. I like toy australian shepherds aside from the ethical issues of breeding them. Definitely not getting a big dog, A herding dog probably isn't right for me at the moment I need more of a companion. maybe when I'm older a herding dog will join the family. Currently considering a Papillon?
    
    5)What sorts of things would you like to train your dog to do?
    
    * Aside from obedience, and tricks for fun-
    I'm a small plane pilot, I would like it to get used to flying with me. Also intend to do a lot of traveling and outdoor adventures. 
    
    6) Do you want to compete with your dog in a sport (e.g. agility, obedience, rally) or use your dog for a form of work (e.g. hunting, herding, livestock guarding)? If so, how much experience do you have with this work/sport?
    
    * No.
    
    **Care Commitments**
    
      7) How long do you want to devote to training, playing with, or otherwise interacting with your dog each day?
    
    * Whatever is necessary. I have a fairly flexible schedule, and would like my dog to be well-trained, both with obedience and fun things as well. 
    
    8) How long can you exercise your dog each day, on average?  What sorts of exercise are you planning to give your dog regularly and does that include using a dog park?  
    
    * No dog park. I am a fairly active person, I walk about two miles around my neighborhood most mornings, enjoy hikes from time to time, go backpacking/camping occasionally, etc. I'm open to a combination of the dog exercising with me, and carrying the dog if/when necessary on longer excursions.
    
    9)How much regular brushing are you willing to do?  Are you open to trimming hair, cleaning ears, or doing other grooming at home?  If not, would you be willing to pay a professional to do it regularly?
    
    * Brushing is not an issue, I already have to brush my cats quite a bit. Don't mind the occasional trim, but I don't really want a dog that requires full haircuts. Cleaning ears, trimming nails, brushing teeth, anything else I may be forgetting at the moment, not a big deal. I bathe dogs for extended family every once in a while, would not mind doing it on a regular basis. Honestly kind of enjoy it, especially if the dog isn't overly terrified.
    
    **Personal Preferences**
    
    10)What size dog are you looking for?
    
    * Small. Under 20 pounds. I travel a decent amount to visit family, and for fun. I would like to bring the dog with me, definitely in-cabin, fees/complications aren't a huge issue.
    
    11) How much shedding, barking, and slobber can you handle?
    
    * Minimal-moderate shedding is fine. Barking doesn't bother me, although I will spend some time training to avoid the dog bothering others. Would prefer to keep the slobber to a minimum if at all possible.
    
    12) How important is being able to let your dog off-leash in an unfenced area?
    
    * No preference. Would like to off-leash train them if possible but it's not a deal breaker.
    
    **Dog Personality and Behavior**
    
    13) Do you want a snuggly dog or one that prefers some personal space?
    
    * Snuggly, but they don't HAVE to be in my space 24/7 if they don't want to.
    
    14) Would you prefer a dog that wants to do its own thing or one that’s more eager-to-please?
    
    * More on the side of eager-to-please, but I can work through a bit of stubbornness.
    
    15) How  would you prefer your dog to respond to someone knocking on the door or entering your yard?  How would you prefer your dog to greet strangers or visitors?  
    
    * Barking is fine, it doesn't bother me in small dogs especially, but again would aim for training them to stop on command. Not agressive, not overly shy, friendly enough at least. 
    
    16) Are you willing to manage a dog that is aggressive to other dogs?
    
    * Would prefer not. Can deal with it but the goal would definitely be to avoid that through breed and training.
    
    17) Are there any other behaviors you can’t deal with or want to avoid?
    
    * ANSWER
    
    **Lifestyle**
    
    18) How often and how long will the dog be left alone?
    
    * I'm not entirely sure on this one. Ideally I would bring the dog everywhere, currently my lifestyle would allow it, but I don't want to be entirely unable to leave them alone for a few hours on occasion when necessary. Definitely will crate-train.
    
    19) What are the dog-related preferences of other people in the house and what will be their involvement in caring for the dog? 
    
    * Currently living with my parents, the dog would be my responsability but they would be somewhat of a safety net in case of sudden large fees, or if I needed a dogsitter.
     My mother does not want a large slobbery dog, my dad does not want a chihuahua. Those are their preferences as far as I know, lol.
    
    20) Do you have other pets or are you planning on having other pets?  What breed or type of animal are they?
    
    * Two cats, fairly chill unless they're playing. They would be apprehensive at first but I think would make friends with a dog, as they did with Bourbon (previous dog.)
    
    21) Will the dog be interacting with children regularly?
    
    * A 4 year old in the household (5 by the time I would get a dog), but it would be under direct supervision at all times and because of the cats he knows to be very gentle. 
    
    22) Do you rent or plan to rent in the future? If applicable, what breed or weight restrictions are on your current lease?
    
    * No.
    
    23) What city or country do you live in and are you aware of any laws banning certain breeds?
    
    * None that would apply to the breeds I want. (NO Brachycephalic breeds, please, due to travel by air.)
    
    24) What is the average temperature of a typical summer and winter day where you live?
    
    * -FAHRENHEIT- Average of 60-70, high of 85 (maybe). Average of 20-30, low of maybe 5-10 during the day like one or two days a year. Willing to purchase dog sweaters LOL. 
    
    **Additional Information and Questions**
    25) Please provide any additional information you feel may be relevant.
    
    * I am (low-support needs) autistic, and have some anxiety issues. While not an official emotional support animal or anything, it will be my companion while I navigate the transition to adulthood, and will ideally be a comfort when people are too overwhelming. 
    It will be my adventure buddy, from flying to backpacking, etc.
    
    I have not owned a dog myself before, but I have been around them a lot, I'm doing my research, and I know the challenges. I think the project of training a dog would be good for me, and overall a dog is a good level of responsablility to get used to.
     Sorry if I'm not making sense. Not sure exactly when I'll move out, but not for a year or two at least, will most likely stay in the same town. 
    Not going away to college. I intend to do everything in my power to pay for and care for the dog myself but my family is willing to help out if necessary.
     
    I'm trying to be realistic, I know it can't go with me -everywhere- but it will not likely spend a ton of time on it's own.
    
    Thank you everyone!
    
    26) Feel free to ask any questions below.",breed fit lifestyle best? introduction first dog? experience owningtraining dogs? first primary responsible family nova scotia duck tolling retriever toller got passed away rip bourbon best. family member involved dogsitting training grew too. preference rescuing vs. going reputable breeder decided opposed rescues first probably wiser breeder adult size fairly important. describe ideal dog. fourlegged best friend goes everywhere anything am. cuddly loyal. friendly people least degree. well trained. anxious agressive. everything cuddling lap hiking boating enjoy swimming though. overly afraid things. lets honest probably wearing cute sweaters winter. sure explain ideal hopefully idea. small cute cuddly big personality adventure buddy. breeds types dogs interested why? liked toller grew with. always liked herding dogs especially border collies australian shepherds. toy australian shepherds aside ethical issues breeding them. definitely getting big herding probably isnt right moment companion. maybe older herding join family. currently considering papillon? sorts things train do? aside obedience tricks fun small pilot used flying me. intend lot traveling outdoor adventures. compete sport e.g. agility obedience rally use form work e.g. hunting herding livestock guarding? experience worksport? no. care commitments long devote training playing otherwise interacting day? whatever necessary. fairly flexible schedule welltrained obedience fun things well. long exercise day average? sorts exercise planning give regularly include using park? park. fairly active person walk two miles around neighborhood mornings enjoy hikes backpackingcamping occasionally etc. open combination exercising carrying ifwhen necessary longer excursions. regular brushing willing do? open trimming hair cleaning ears grooming home? willing pay professional regularly? brushing issue already brush cats quite bit. dont mind occasional trim dont requires full haircuts. cleaning ears trimming nails brushing teeth anything else may forgetting moment big deal. bathe dogs extended family every mind regular basis. honestly kind enjoy especially isnt overly terrified. personal preferences size looking for? small. pounds. decent amount visit family fun. bring definitely incabin feescomplications arent huge issue. shedding barking slobber handle? minimalmoderate shedding fine. barking doesnt bother although spend training avoid bothering others. prefer keep slobber minimum possible. important able let offleash unfenced area? preference. offleash train possible deal breaker. personality behavior snuggly prefers personal space? snuggly dont space dont to. prefer wants thing thats eagertoplease? side eagertoplease work bit stubbornness. prefer respond someone knocking door entering yard? prefer greet strangers visitors? barking fine doesnt bother small dogs especially aim training stop command. agressive overly shy friendly enough least. willing manage aggressive dogs? prefer not. deal goal definitely avoid breed training. behaviors cant deal avoid? answer lifestyle often long left alone? entirely sure one. ideally bring everywhere currently lifestyle allow dont entirely unable leave alone hours occasion necessary. definitely cratetrain. dogrelated preferences people house involvement caring dog? currently living parents responsability somewhat safety net case sudden large fees needed dogsitter. mother large slobbery dad chihuahua. preferences far lol. pets planning pets? breed type animal they? two cats fairly chill unless theyre playing. apprehensive first make friends bourbon previous dog. interacting children regularly? year old household direct supervision times cats knows gentle. rent plan rent future? applicable breed weight restrictions current lease? no. city country live aware laws banning certain breeds? none apply breeds want. brachycephalic breeds please due air. average temperature typical summer winter day live? fahrenheit average high maybe. average low maybe day two days year. willing purchase sweaters lol. additional information questions please provide additional information feel may relevant. lowsupport needs autistic anxiety issues. official emotional support animal anything companion navigate transition adulthood ideally comfort people overwhelming. adventure buddy flying backpacking etc. owned around lot research challenges. project training good overall good level responsablility used to. sorry making sense. sure exactly ill move year two least likely stay town. going away college. intend everything power pay care family willing help necessary. trying realistic cant everywhere likely spend ton own. thank everyone! feel free ask questions below.,0.9994,0.273,0.672,0.055,positive,"['safety_concern', 'positive_experience', 'practical_tip']","['dogs', 'family', 'training', 'dont', 'prefer', 'willing', 'average', 'breed', 'herding', 'small']"
"Nightmare travel attempt: dog did not like airport, barked non stop, wouldn't go into carrier, etc what can I do?","We're all supposed to go on vacation together and although our little guy was good last time, this time our westie Maltese would not stop barking, my sister could not get him into his carrier, he was shaking, and barking non stop.  

Airport staff approached and asked if he was a service dog.  So my sister left. 

I tried to have her put him in his carrier with rain sounds the moment we left the house but that didn't happen. 

What should we try this next time? 

Nothing humane is off the table.  A shaded carrier, can dogs get anxiety meds?  My sister said he was shaking and acting skittish, and there were tons of people around. 

This would have been his 3rd plane trip.  They're all gone well up to this point.

Tips please!",dogs,1,1,2025-06-04 13:28:44,dog anxiety plane,https://www.reddit.com/r/dogs/comments/1l2wlke/nightmare_travel_attempt_dog_did_not_like_airport/,EchidnaFit539,2025-06,"Nightmare travel attempt: dog did not like airport, barked non stop, wouldn't go into carrier, etc what can I do? We're all supposed to go on vacation together and although our little guy was good last time, this time our westie Maltese would not stop barking, my sister could not get him into his carrier, he was shaking, and barking non stop.  

Airport staff approached and asked if he was a service dog.  So my sister left. 

I tried to have her put him in his carrier with rain sounds the moment we left the house but that didn't happen. 

What should we try this next time? 

Nothing humane is off the table.  A shaded carrier, can dogs get anxiety meds?  My sister said he was shaking and acting skittish, and there were tons of people around. 

This would have been his 3rd plane trip.  They're all gone well up to this point.

Tips please!",nightmare attempt airport barked non stop wouldnt carrier etc do? supposed vacation together although little guy good last westie maltese stop barking sister carrier shaking barking non stop. airport staff approached asked service dog. sister left. tried put carrier rain sounds moment left house didnt happen. try next time? nothing humane table. shaded carrier dogs anxiety meds? sister shaking acting skittish tons people around. trip. theyre gone well point. tips please!,-0.5439,0.086,0.76,0.154,negative,"['safety_concern', 'positive_experience', 'practical_tip']","['carrier', 'sister', 'stop', 'airport', 'barking', 'left', 'non', 'non stop', 'shaking', 'approached']"
SOFT KENNEL FOR TWO DOGS,"I have two small dogs—one weighs 4 lbs, and the other is 9.5 lbs. I’m considering bringing them with me to Italy for a month since I’ve never left them alone for that long, and we all struggle with anxiety.

That said, I’m looking for recommendations for a soft-sided travel kennel that’s spacious enough for both of them to fit comfortably under my seat on the plane.

Thanks in advance for any suggestions!",dogs,0,3,2025-03-10 04:07:24,dog anxiety plane,https://www.reddit.com/r/dogs/comments/1j7eyoi/soft_kennel_for_two_dogs/,Individual_Peak_5813,2025-03,"SOFT KENNEL FOR TWO DOGS I have two small dogs—one weighs 4 lbs, and the other is 9.5 lbs. I’m considering bringing them with me to Italy for a month since I’ve never left them alone for that long, and we all struggle with anxiety.

That said, I’m looking for recommendations for a soft-sided travel kennel that’s spacious enough for both of them to fit comfortably under my seat on the plane.

Thanks in advance for any suggestions!",soft kennel two dogs two small dogsone weighs lbs lbs. considering bringing italy month since ive never left alone long struggle anxiety. looking recommendations softsided kennel thats spacious enough fit comfortably seat plane. thanks advance suggestions!,0.7377,0.231,0.678,0.09,positive,"['safety_concern', 'practical_tip']","['kennel', 'lbs', 'advance', 'advance suggestions', 'anxiety', 'anxiety looking', 'bringing', 'bringing italy', 'considering', 'considering bringing']"
Q's to find best fit rescue ,"I really have my heart set on rescuing again (as opposed to going through a breeder). I recognize that it may take some time to find the perfect fit. I feel like I just lucked out so much with getting a perfect dog last time, that I'm trying to figure out how to be able to phrase exactly what I'm looking for this time without seeing over demanding. Am I being overly picky/looking for a unicorn? 

Our ideal rescue: 
- Adult, ideally middle aged or senior (I don't have bandwidth for puppy training) 
- Has no anxiety issues / not very barky 
- Not high energy in the home (I want a couch potato) 
- Small enough to be able to travel in cabin with us on planes. 

Context: We were so lucky with our last rescue dog (mixed breed, 100lb). He was my first and only dog so far in life. He was incredibly confident in any situation; good with all humans including small kids, great with other dogs and cats, fireworks, sirens, road trips, new places, being home alone during work hours, being at a party with lots of people. Nothing phased him, he approached nearly everything with tail wagging joy, and he was so so affectionate yet also very independent. 

I know a new dog will inevitably have a different personality, but I just want to figure out if I could somehow ask the right questions to rescue centres now to see if I could find a new dog with the same confidence. Would it come off as being overly demanding if I say to rescue centres that I won't consider any dogs that have indicated they might have anxiety?  I understand that rescue shelters can only assess so much before dogs go up for adoption and nothing can be guaranteed. 

I just know that I  don't have the bandwidth for anxiety training right now; I could handle training for small things like  improving leash walking or recall, but I know I don't have bandwidth for anything intensive, like training for separation anxiety. Is it unrealistic that I just want a dog who is ""ready to go"" like my last dog happened to be when we adopted him?  

My last dog was 100lbs and one of my non-negotiable criteria for the next dog is that they must be small enough to travel in cabin on airplanes. I always thought part of my last dog's confidence was that he knew he was a big dog and had ""big dog energy"". Most small dogs I've met seem territorial, or get barky/intimidated around a certain populations (ie strangers or other dogs), or are just bouncing off the walls needing constant attention. Is there such a thing as a small dog with big dog energy? Would I sound crazy if I approached a rescue centre saying I'm looking for a small lazy quiet confident couch potato senior dog? Or is this being too picky? 

 Where I'm located, I find a lot of rescue centres make most of their dogs sound practically perfect, which I am wary of. Any tips for questions I could ask when I am meeting with a rescue centre to suss out whether they are glossing over anything? 

Thanks in advance! ",dogs,2,7,2025-01-18 13:28:10,dog anxiety plane,https://www.reddit.com/r/dogs/comments/1i3zmoe/qs_to_find_best_fit_rescue/,zouzouza,2025-01,"Q's to find best fit rescue  I really have my heart set on rescuing again (as opposed to going through a breeder). I recognize that it may take some time to find the perfect fit. I feel like I just lucked out so much with getting a perfect dog last time, that I'm trying to figure out how to be able to phrase exactly what I'm looking for this time without seeing over demanding. Am I being overly picky/looking for a unicorn? 

Our ideal rescue: 
- Adult, ideally middle aged or senior (I don't have bandwidth for puppy training) 
- Has no anxiety issues / not very barky 
- Not high energy in the home (I want a couch potato) 
- Small enough to be able to travel in cabin with us on planes. 

Context: We were so lucky with our last rescue dog (mixed breed, 100lb). He was my first and only dog so far in life. He was incredibly confident in any situation; good with all humans including small kids, great with other dogs and cats, fireworks, sirens, road trips, new places, being home alone during work hours, being at a party with lots of people. Nothing phased him, he approached nearly everything with tail wagging joy, and he was so so affectionate yet also very independent. 

I know a new dog will inevitably have a different personality, but I just want to figure out if I could somehow ask the right questions to rescue centres now to see if I could find a new dog with the same confidence. Would it come off as being overly demanding if I say to rescue centres that I won't consider any dogs that have indicated they might have anxiety?  I understand that rescue shelters can only assess so much before dogs go up for adoption and nothing can be guaranteed. 

I just know that I  don't have the bandwidth for anxiety training right now; I could handle training for small things like  improving leash walking or recall, but I know I don't have bandwidth for anything intensive, like training for separation anxiety. Is it unrealistic that I just want a dog who is ""ready to go"" like my last dog happened to be when we adopted him?  

My last dog was 100lbs and one of my non-negotiable criteria for the next dog is that they must be small enough to travel in cabin on airplanes. I always thought part of my last dog's confidence was that he knew he was a big dog and had ""big dog energy"". Most small dogs I've met seem territorial, or get barky/intimidated around a certain populations (ie strangers or other dogs), or are just bouncing off the walls needing constant attention. Is there such a thing as a small dog with big dog energy? Would I sound crazy if I approached a rescue centre saying I'm looking for a small lazy quiet confident couch potato senior dog? Or is this being too picky? 

 Where I'm located, I find a lot of rescue centres make most of their dogs sound practically perfect, which I am wary of. Any tips for questions I could ask when I am meeting with a rescue centre to suss out whether they are glossing over anything? 

Thanks in advance! ",find best fit rescue heart set rescuing opposed going breeder. recognize may take find perfect fit. feel lucked getting perfect last trying figure able phrase exactly looking without seeing demanding. overly pickylooking unicorn? ideal rescue adult ideally middle aged senior dont bandwidth puppy training anxiety issues barky high energy home couch potato small enough able cabin planes. context lucky last rescue mixed breed lb. first far life. incredibly confident situation good humans including small kids great dogs cats fireworks sirens road trips new places home alone work hours party lots people. nothing phased approached nearly everything tail wagging joy affectionate yet independent. new inevitably different personality figure somehow ask right questions rescue centres see find new confidence. come overly demanding say rescue centres wont consider dogs indicated might anxiety? understand rescue shelters assess dogs adoption nothing guaranteed. dont bandwidth anxiety training right handle training small things improving leash walking recall dont bandwidth anything intensive training separation anxiety. unrealistic ready last happened adopted him? last lbs nonnegotiable criteria next must small enough cabin airplanes. always thought part last dogs confidence knew big big energy. small dogs ive met seem territorial barkyintimidated around certain populations strangers dogs bouncing walls needing constant attention. thing small big energy? sound crazy approached rescue centre saying looking small lazy quiet confident couch potato senior dog? picky? located find lot rescue centres make dogs sound practically perfect wary of. tips questions ask meeting rescue centre suss whether glossing anything? thanks advance!,0.9985,0.347,0.612,0.042,positive,"['safety_concern', 'positive_experience', 'practical_tip']","['rescue', 'dogs', 'small', 'anxiety', 'training', 'dont', 'dont bandwidth', 'new', 'perfect', 'rescue centres']"
What strange things do your dogs get anxiety about?,"My girls are fine with loud noises. Fireworks, thunder, construction, no biggie. But one of them has car anxiety (maybe not so uncommon).

The other got so stressed at the vet when she *wasn't on the table and the centre of attention* that when it was her turn the vet detected a heart murmur. 

That was with my partner there to hold and soothe her. 2 weeks later for a follow-up - after walking over to the vet on a very hot day, lots of panting - but she was on the table first? No murmur. ",dogs,59,204,2025-06-29 22:53:08,dog anxiety plane,https://www.reddit.com/r/dogs/comments/1lnf7xi/what_strange_things_do_your_dogs_get_anxiety_about/,RussetWolf,2025-06,"What strange things do your dogs get anxiety about? My girls are fine with loud noises. Fireworks, thunder, construction, no biggie. But one of them has car anxiety (maybe not so uncommon).

The other got so stressed at the vet when she *wasn't on the table and the centre of attention* that when it was her turn the vet detected a heart murmur. 

That was with my partner there to hold and soothe her. 2 weeks later for a follow-up - after walking over to the vet on a very hot day, lots of panting - but she was on the table first? No murmur. ",strange things dogs anxiety about? girls fine loud noises. fireworks thunder construction biggie. car anxiety maybe uncommon. got stressed vet wasnt table centre attention turn vet detected heart murmur. partner hold soothe her. weeks later followup walking vet hot day lots panting table first? murmur.,-0.3939,0.084,0.761,0.155,negative,['safety_concern'],"['vet', 'anxiety', 'murmur', 'table', 'anxiety girls', 'anxiety maybe', 'attention turn', 'biggie', 'car anxiety', 'centre']"
"I Thought My Dog Had Separation Anxiety, but It Turns Out I Do—Anyone Else Feel This Way?","For a while, I thought my dog had separation anxiety. But after some reflection, I realized it’s actually me who has separation anxiety when we’re apart.

I find myself constantly worrying about him when I’m not home—thinking about whether he’s lonely, scared, or missing me. Sometimes, I even avoid making plans or going out just because the thought of leaving him makes me anxious. It’s like I’ve developed this over-attachment.

For context, my dog doesn’t show major signs of separation anxiety himself. He’s generally calm when I leave (though he does get a little sad), and he doesn’t engage in destructive behaviors or excessive barking. So, this seems to be more about me than him.

Has anyone else dealt with this kind of separation anxiety as a pet owner? How did you manage it? Did you find any strategies that helped you feel more comfortable leaving your dog at home?",dogs,272,67,2025-04-09 07:07:34,dog anxiety plane,https://www.reddit.com/r/dogs/comments/1juq0ru/i_thought_my_dog_had_separation_anxiety_but_it/,alkjdasoad,2025-04,"I Thought My Dog Had Separation Anxiety, but It Turns Out I Do—Anyone Else Feel This Way? For a while, I thought my dog had separation anxiety. But after some reflection, I realized it’s actually me who has separation anxiety when we’re apart.

I find myself constantly worrying about him when I’m not home—thinking about whether he’s lonely, scared, or missing me. Sometimes, I even avoid making plans or going out just because the thought of leaving him makes me anxious. It’s like I’ve developed this over-attachment.

For context, my dog doesn’t show major signs of separation anxiety himself. He’s generally calm when I leave (though he does get a little sad), and he doesn’t engage in destructive behaviors or excessive barking. So, this seems to be more about me than him.

Has anyone else dealt with this kind of separation anxiety as a pet owner? How did you manage it? Did you find any strategies that helped you feel more comfortable leaving your dog at home?",thought separation anxiety turns doanyone else feel way? thought separation anxiety. reflection realized actually separation anxiety apart. find constantly worrying homethinking whether hes lonely scared missing me. sometimes even avoid making plans going thought leaving makes anxious. ive developed overattachment. context doesnt show major signs separation anxiety himself. hes generally calm leave though little sad doesnt engage destructive behaviors excessive barking. seems him. anyone else dealt kind separation anxiety owner? manage it? find strategies helped feel comfortable leaving home?,-0.8812,0.119,0.594,0.287,negative,"['safety_concern', 'positive_experience', 'practical_tip']","['anxiety', 'separation', 'separation anxiety', 'thought', 'doesnt', 'feel', 'hes', 'leaving', 'thought separation', 'anxious ive']"
My dog’s anxiety has slowly taken over both our lives — has anything actually worked for your pup?,"Hi all,
I’ve never really posted about this before, but I feel like I’ve reached a point where I’m open to any and all advice.

My dog has been dealing with anxiety for a while now.
It started small — pacing, reacting to random noises, skipping meals once in a while. But lately it’s been escalating.

Thunderstorms are the worst — full-on shaking, panting, clinging to me like he’s in survival mode.
Even when everything is calm around him, he’s clearly not.

I’ve tried everything I can think of:
Long walks
Calming music
Creating a quiet space
Treats, diffusers, thunder shirts
I’ve even tried to manage my own energy and stay more calm around him

Some of it helps a little, but nothing has truly made a lasting difference.

So I’m genuinely curious — for those of you who have dogs with anxiety, what actually helped long-term?
Whether it’s a routine, a product, or something you changed in yourself — I’m all ears.

Appreciate any advice. I just want him to feel safe again.",dogs,74,92,2025-05-08 18:44:33,dog anxiety plane,https://www.reddit.com/r/dogs/comments/1khm2o3/my_dogs_anxiety_has_slowly_taken_over_both_our/,reddituser031007,2025-05,"My dog’s anxiety has slowly taken over both our lives — has anything actually worked for your pup? Hi all,
I’ve never really posted about this before, but I feel like I’ve reached a point where I’m open to any and all advice.

My dog has been dealing with anxiety for a while now.
It started small — pacing, reacting to random noises, skipping meals once in a while. But lately it’s been escalating.

Thunderstorms are the worst — full-on shaking, panting, clinging to me like he’s in survival mode.
Even when everything is calm around him, he’s clearly not.

I’ve tried everything I can think of:
Long walks
Calming music
Creating a quiet space
Treats, diffusers, thunder shirts
I’ve even tried to manage my own energy and stay more calm around him

Some of it helps a little, but nothing has truly made a lasting difference.

So I’m genuinely curious — for those of you who have dogs with anxiety, what actually helped long-term?
Whether it’s a routine, a product, or something you changed in yourself — I’m all ears.

Appreciate any advice. I just want him to feel safe again.",dogs anxiety slowly taken lives anything actually worked pup? ive never posted feel ive reached point open advice. dealing anxiety now. started small pacing reacting random noises skipping meals while. lately escalating. thunderstorms worst fullon shaking panting clinging hes survival mode. even everything calm around hes clearly not. ive tried everything long walks calming music creating quiet space treats diffusers thunder shirts ive even tried manage energy stay calm around helps little nothing truly made lasting difference. genuinely curious dogs anxiety actually helped longterm? whether routine product something changed ears. appreciate advice. feel safe again.,0.9106,0.226,0.663,0.111,positive,"['safety_concern', 'positive_experience', 'practical_tip']","['ive', 'anxiety', 'actually', 'advice', 'calm', 'dogs', 'dogs anxiety', 'feel', 'hes', 'ive tried']"
Struggling with anxiety about leaving my dog for 4 days- has anyone else dealt with this?,"I’m going away in 18 days for a family trip, and I’m really struggling emotionally with the idea of leaving my dog behind. My husband will be staying home and caring for our pets and he will do a good job. They love him. 

But one of our dogs is extremely attached to me, and I’m just as attached to him. We’ve been together every single day for the past 7 years. The only time we’ve ever been apart was once, 3 years ago, and it was for about 48 hours. I’m terrified he’s going to feel like I abandoned him or become depressed while I’m gone. He’s older now too, which adds to my anxiety.

The thought of being away for 4 days is making me sick. I’ve even considered shortening my part of the trip just so I don’t have to be gone as long. I know how important it is to my family that I be there, but I’m not handling this well at all.

Has anyone experienced this kind of separation anxiety from their dog? How did you cope? What helped you feel okay about it, and helped your dog feel secure?

Any support or advice is truly appreciated. Thank you. ",dogs,61,44,2025-07-05 16:40:19,dog anxiety plane,https://www.reddit.com/r/dogs/comments/1ls4ezr/struggling_with_anxiety_about_leaving_my_dog_for/,OrchidSubstantial415,2025-07,"Struggling with anxiety about leaving my dog for 4 days- has anyone else dealt with this? I’m going away in 18 days for a family trip, and I’m really struggling emotionally with the idea of leaving my dog behind. My husband will be staying home and caring for our pets and he will do a good job. They love him. 

But one of our dogs is extremely attached to me, and I’m just as attached to him. We’ve been together every single day for the past 7 years. The only time we’ve ever been apart was once, 3 years ago, and it was for about 48 hours. I’m terrified he’s going to feel like I abandoned him or become depressed while I’m gone. He’s older now too, which adds to my anxiety.

The thought of being away for 4 days is making me sick. I’ve even considered shortening my part of the trip just so I don’t have to be gone as long. I know how important it is to my family that I be there, but I’m not handling this well at all.

Has anyone experienced this kind of separation anxiety from their dog? How did you cope? What helped you feel okay about it, and helped your dog feel secure?

Any support or advice is truly appreciated. Thank you. ",struggling anxiety leaving days anyone else dealt this? going away days family trip struggling emotionally idea leaving behind. husband staying home caring pets good job. love him. dogs extremely attached attached him. weve together every single day past years. weve ever apart years ago hours. terrified hes going feel abandoned become depressed gone. hes older adds anxiety. thought away days making sick. ive even considered shortening part trip dont gone long. important family handling well all. anyone experienced kind separation anxiety dog? cope? helped feel okay helped feel secure? support advice truly appreciated. thank you.,0.8209,0.245,0.559,0.196,positive,"['safety_concern', 'positive_experience', 'practical_tip']","['anxiety', 'days', 'feel', 'attached', 'away', 'away days', 'family', 'going', 'gone', 'hes']"
Anyone know if a dog gets stressed out with car rides if they also get stressed out on a plane?,"My elderly pug has a heart condition so putting her thru a car ride out of town is no longer an option as she can’t take the stress anymore. Due to her 5x per day medication schedule and the fact that she stresses out if we’re away, we haven’t been able to travel at all. My son has been away in the Navy for 3 years since last time we went to visit him and 2 years of that was in Japan. He’s back in the states now and we’re trying to find a way to go see him before he moves again. It would also be wonderful for our mental health to get away from home. I’m wondering if our dog might do better on a plane in a seat between us than she does in the backseat of the car. Any advice is appreciated.",dogs,2,66,2025-05-20 21:06:48,dog anxiety plane,https://www.reddit.com/r/dogs/comments/1kr37jj/anyone_know_if_a_dog_gets_stressed_out_with_car/,Wendy556,2025-05,"Anyone know if a dog gets stressed out with car rides if they also get stressed out on a plane? My elderly pug has a heart condition so putting her thru a car ride out of town is no longer an option as she can’t take the stress anymore. Due to her 5x per day medication schedule and the fact that she stresses out if we’re away, we haven’t been able to travel at all. My son has been away in the Navy for 3 years since last time we went to visit him and 2 years of that was in Japan. He’s back in the states now and we’re trying to find a way to go see him before he moves again. It would also be wonderful for our mental health to get away from home. I’m wondering if our dog might do better on a plane in a seat between us than she does in the backseat of the car. Any advice is appreciated.",anyone gets stressed car rides stressed plane? elderly pug heart condition putting thru car ride town longer option cant take stress anymore. due per day medication schedule fact stresses away havent able all. son away navy years since last went visit years japan. hes back states trying find see moves again. wonderful mental health away home. wondering might better seat backseat car. advice appreciated.,0.6632,0.159,0.74,0.101,positive,"['safety_concern', 'practical_tip']","['away', 'car', 'stressed', 'years', 'able', 'advice', 'advice appreciated', 'anymore', 'appreciated', 'away havent']"
Dog on a plane for 1hour,"Is it dangerous to bring my dog on a plane? My dog is 7 years old, in very good shape, and can lie still and relax. He is also very happy, never aggressive towards other dogs, and the flight will take 1 hour and 30 minutes. Could this be harmful to him, or is there anything about the flight that could be traumatic? Also he is a mixed alaskan husky",dogs,65,125,2024-08-29 00:39:32,dog anxiety plane,https://www.reddit.com/r/dogs/comments/1f3ddqz/dog_on_a_plane_for_1hour/,Legitimate_Garage539,2024-08,"Dog on a plane for 1hour Is it dangerous to bring my dog on a plane? My dog is 7 years old, in very good shape, and can lie still and relax. He is also very happy, never aggressive towards other dogs, and the flight will take 1 hour and 30 minutes. Could this be harmful to him, or is there anything about the flight that could be traumatic? Also he is a mixed alaskan husky",hour dangerous bring plane? years old good shape lie still relax. happy never aggressive towards dogs take hour minutes. harmful anything traumatic? mixed alaskan husky,0.5429,0.305,0.512,0.183,positive,"['safety_concern', 'positive_experience']","['hour', 'aggressive', 'aggressive dogs', 'alaskan', 'alaskan husky', 'bring', 'bring plane', 'dangerous', 'dogs', 'dogs hour']"
"For dog owners who are homebodies/work from home, how do you prevent separation anxiety from developing?","I have noticed a pattern of my dogs all developing separation anxiety over time, becoming increasingly upset when I leave them home. And I have a feeling it’s related to my behaviour, and being around nearly 24/7. I only leave them alone at home about twice a week for a few hours, otherwise he’s my shadow. Do you purposely try to leave the house more to get them used to it? Force alone time while at home?",dogs,60,44,2025-06-10 05:36:27,dog anxiety plane,https://www.reddit.com/r/dogs/comments/1l7frh5/for_dog_owners_who_are_homebodieswork_from_home/,Altostratus,2025-06,"For dog owners who are homebodies/work from home, how do you prevent separation anxiety from developing? I have noticed a pattern of my dogs all developing separation anxiety over time, becoming increasingly upset when I leave them home. And I have a feeling it’s related to my behaviour, and being around nearly 24/7. I only leave them alone at home about twice a week for a few hours, otherwise he’s my shadow. Do you purposely try to leave the house more to get them used to it? Force alone time while at home?",owners homebodieswork home prevent separation anxiety developing? noticed pattern dogs developing separation anxiety becoming increasingly upset leave home. feeling related behaviour around nearly leave alone home twice week hours otherwise hes shadow. purposely try leave house used it? force alone home?,-0.8196,0.054,0.649,0.296,negative,['safety_concern'],"['home', 'leave', 'anxiety', 'developing', 'leave home', 'separation', 'separation anxiety', 'behaviour', 'dogs', 'dogs developing']"
What are some calmer dogs that are suitable for a family with someone who gets anxiety around dogs?,"This has probably been asked before, but I get very anxious around dogs if they are noisy or hyperactive, so would there be a kind of dog that is gentle and calm? I think that shih tzus are cute, but the ones that I've seen are usually barking a lot. I know that any dog will be guaranteed to make noise, but I'm hoping there's one that doesn't bark *too* much. Also, would a dog be able to be left alone sometimes while I'm at school, or would they get lonely? I have never had a pet other than fish before. I think that it would be good to try and get over my fear of dogs with a calmer one (because I'm okay if they're calm), and I have heard that dogs are meant to be good for relieving stress and offering companionship (I have an anxiety disorder). Thank you :)",dogs,0,49,2025-04-26 15:10:01,dog anxiety plane,https://www.reddit.com/r/dogs/comments/1k867d6/what_are_some_calmer_dogs_that_are_suitable_for_a/,ovexrqbses,2025-04,"What are some calmer dogs that are suitable for a family with someone who gets anxiety around dogs? This has probably been asked before, but I get very anxious around dogs if they are noisy or hyperactive, so would there be a kind of dog that is gentle and calm? I think that shih tzus are cute, but the ones that I've seen are usually barking a lot. I know that any dog will be guaranteed to make noise, but I'm hoping there's one that doesn't bark *too* much. Also, would a dog be able to be left alone sometimes while I'm at school, or would they get lonely? I have never had a pet other than fish before. I think that it would be good to try and get over my fear of dogs with a calmer one (because I'm okay if they're calm), and I have heard that dogs are meant to be good for relieving stress and offering companionship (I have an anxiety disorder). Thank you :)",calmer dogs suitable family someone gets anxiety around dogs? probably asked anxious around dogs noisy hyperactive kind gentle calm? shih tzus cute ones ive seen usually barking lot. guaranteed make noise hoping theres doesnt bark much. able left alone sometimes school lonely? never fish before. good try fear dogs calmer okay theyre calm heard dogs meant good relieving stress offering companionship anxiety disorder. thank,0.7208,0.303,0.436,0.261,positive,"['safety_concern', 'positive_experience']","['dogs', 'anxiety', 'calm', 'calmer', 'good', 'able left', 'anxiety dogs', 'anxious', 'asked', 'asked anxious']"
Watching dog with severe anxiety separation,"I just signed a year-long lease and agreed to watch my roomates' dog while they left for a week.  This is the 3rd time they've traveled without him since I moved in 4 months ago.  I love dogs, but this dog is not cuddly or loving at all.  He has what I am assuming is severe separation anxiety.  I can't sit on the couch without him panting in my face constantly, and it's stressing me out.  He has food, water, and walks 3-4 times a day.  I try to get him to sit on the couch with me so I can comfort him, but he won't.  He just stares and pants.   Help.  I'm losing my mind and feel like I can't even be in my own living room.  Yes, I've discussed this behavior with them before.   Any suggestions?

  
Edit: There are also 2 cats in the house, one of which he is really close with.",dogs,4,29,2025-06-24 00:35:46,dog anxiety plane,https://www.reddit.com/r/dogs/comments/1lijrnl/watching_dog_with_severe_anxiety_separation/,standalonehouse,2025-06,"Watching dog with severe anxiety separation I just signed a year-long lease and agreed to watch my roomates' dog while they left for a week.  This is the 3rd time they've traveled without him since I moved in 4 months ago.  I love dogs, but this dog is not cuddly or loving at all.  He has what I am assuming is severe separation anxiety.  I can't sit on the couch without him panting in my face constantly, and it's stressing me out.  He has food, water, and walks 3-4 times a day.  I try to get him to sit on the couch with me so I can comfort him, but he won't.  He just stares and pants.   Help.  I'm losing my mind and feel like I can't even be in my own living room.  Yes, I've discussed this behavior with them before.   Any suggestions?

  
Edit: There are also 2 cats in the house, one of which he is really close with.",watching severe anxiety separation signed yearlong lease agreed watch roomates left week. theyve traveled without since moved months ago. love dogs cuddly loving all. assuming severe separation anxiety. cant sit couch without panting face constantly stressing out. food water walks times day. try sit couch comfort wont. stares pants. help. losing mind feel cant even living room. yes ive discussed behavior before. suggestions? edit cats house close with.,0.3489,0.176,0.641,0.183,positive,"['safety_concern', 'practical_tip']","['anxiety', 'couch', 'separation', 'severe', 'sit', 'sit couch', 'ago', 'agreed', 'assuming severe', 'behavior']"
Adopting dog triggered anxiety,"I posted earlier how I adopted my first dog the other day. I thought I was totally prepared for this. So far everything is as I thought it would be. What I didn't expect was that my anxiety disorder would be triggered. 
It's constant, I'm not sleeping or eating. My dog is 100% being taken care of but I'm a mess. Am I the type of person that shouldn't be a pet owner? Do I need to take her back or will this get better?
Any help is greatly appreciated.",dogs,14,45,2025-02-15 23:16:00,dog anxiety plane,https://www.reddit.com/r/dogs/comments/1iq28lc/adopting_dog_triggered_anxiety/,Aggressive_Cell9718,2025-02,"Adopting dog triggered anxiety I posted earlier how I adopted my first dog the other day. I thought I was totally prepared for this. So far everything is as I thought it would be. What I didn't expect was that my anxiety disorder would be triggered. 
It's constant, I'm not sleeping or eating. My dog is 100% being taken care of but I'm a mess. Am I the type of person that shouldn't be a pet owner? Do I need to take her back or will this get better?
Any help is greatly appreciated.",adopting triggered anxiety posted earlier adopted first day. thought totally prepared this. far everything thought be. didnt expect anxiety disorder triggered. constant sleeping eating. taken care mess. type person shouldnt owner? take back better? help greatly appreciated.,0.9063,0.337,0.548,0.115,positive,"['safety_concern', 'practical_tip']","['anxiety', 'thought', 'triggered', 'adopted', 'adopted day', 'adopting', 'adopting triggered', 'anxiety disorder', 'better', 'better help']"
Timeline to rehome dog with separation anxiety?,"Hey y'all, just wanted to get some advice/outlooks from others who may have been in a similar situation. My partner and I adopted a dog last summer who ended up having severe separation anxiety (she was essentially fresh out of the shelter when we adopted her from a rescue organization, so we didn't know about the issue). We've been trying really hard ever since then to help her, and we've made a lot of progress with training, but recently we realized that as younger people who work most of the day, go out for social events on the weekends, and will probably be moving apartments frequently over the next couple of years, our lifestyle is not a good fit for a more anxious dog like her. We love her very much, but we know it will be less stressful for us and for her to find her a new home. 

I'm wondering if others who have rehomed a dog with separation anxiety can speak to how difficult it was to find a suitable owner. We're working with the rescue we originally got her from to rehome her, as per our adoption contract, but this seems to be a low priority case for them as they haven't been super responsive since putting her up on their website. I would post in local facebook groups but every one I've checked has had a no animal posts rule—any advice on ways people have found new homes that are good fits, and how long of a process it was? ",dogs,0,30,2025-05-03 14:40:28,dog anxiety plane,https://www.reddit.com/r/dogs/comments/1kdlq0p/timeline_to_rehome_dog_with_separation_anxiety/,No-Impression-5235,2025-05,"Timeline to rehome dog with separation anxiety? Hey y'all, just wanted to get some advice/outlooks from others who may have been in a similar situation. My partner and I adopted a dog last summer who ended up having severe separation anxiety (she was essentially fresh out of the shelter when we adopted her from a rescue organization, so we didn't know about the issue). We've been trying really hard ever since then to help her, and we've made a lot of progress with training, but recently we realized that as younger people who work most of the day, go out for social events on the weekends, and will probably be moving apartments frequently over the next couple of years, our lifestyle is not a good fit for a more anxious dog like her. We love her very much, but we know it will be less stressful for us and for her to find her a new home. 

I'm wondering if others who have rehomed a dog with separation anxiety can speak to how difficult it was to find a suitable owner. We're working with the rescue we originally got her from to rehome her, as per our adoption contract, but this seems to be a low priority case for them as they haven't been super responsive since putting her up on their website. I would post in local facebook groups but every one I've checked has had a no animal posts rule—any advice on ways people have found new homes that are good fits, and how long of a process it was? ",timeline rehome separation anxiety? hey yall wanted adviceoutlooks others may similar situation. partner adopted last summer ended severe separation anxiety essentially fresh shelter adopted rescue organization didnt issue. weve trying hard ever since help weve made lot progress training recently realized younger people work day social events weekends probably moving apartments frequently next couple years lifestyle good fit anxious her. love less stressful find new home. wondering others rehomed separation anxiety speak difficult find suitable owner. working rescue originally got rehome per adoption contract seems low priority case havent super responsive since putting website. post local facebook groups every ive checked animal posts ruleany advice ways people found new homes good fits long process was?,0.8072,0.186,0.65,0.164,positive,"['safety_concern', 'positive_experience', 'policy_info', 'practical_tip']","['anxiety', 'separation', 'separation anxiety', 'adopted', 'good', 'new', 'people', 'rehome', 'rescue', 'weve']"
Anxiety leaving my dog,"I left my dog (9mo.) with family for 3 days while my husband and I went on a weekend trip a couple of months ago. This was the first time we ever left him. He got out & injured and had to be taken to the emergency vet. Luckily he’s doing great now. However, I have a long international work trip I have to take later this year and we were planning on having my husband come visit me for a week (my dog will be a year old by this point). We were looking into boarding options, or even live-in sitters. But I can get over the anxiety of leaving him again… any help?",dogs,18,22,2025-05-22 09:07:27,dog anxiety plane,https://www.reddit.com/r/dogs/comments/1ksd6gh/anxiety_leaving_my_dog/,flmay,2025-05,"Anxiety leaving my dog I left my dog (9mo.) with family for 3 days while my husband and I went on a weekend trip a couple of months ago. This was the first time we ever left him. He got out & injured and had to be taken to the emergency vet. Luckily he’s doing great now. However, I have a long international work trip I have to take later this year and we were planning on having my husband come visit me for a week (my dog will be a year old by this point). We were looking into boarding options, or even live-in sitters. But I can get over the anxiety of leaving him again… any help?",anxiety leaving left mo. family days husband went weekend trip couple months ago. first ever left him. got injured taken emergency vet. luckily hes great now. however long international work trip take later year planning husband come visit week year old point. looking boarding options even livein sitters. anxiety leaving help?,0.5267,0.161,0.701,0.139,positive,"['safety_concern', 'practical_tip']","['anxiety', 'anxiety leaving', 'husband', 'leaving', 'left', 'trip', 'year', 'boarding', 'couple', 'couple months']"
Pet transport vs Checked/Cargo,We're moving US to Europe this summer and want to bring our 28 pound corgi mix along. What do the pet transport services do that you can't do just flying them in checked baggage? I'm having a hard time justifying the $4000 price tag if I still have to wrangle all the vet stuff and paperwork (which I would for that quote).,dogs,0,9,2025-05-01 03:08:15,pet cargo death,https://www.reddit.com/r/dogs/comments/1kbn6v0/pet_transport_vs_checkedcargo/,Triknitter,2025-05,Pet transport vs Checked/Cargo We're moving US to Europe this summer and want to bring our 28 pound corgi mix along. What do the pet transport services do that you can't do just flying them in checked baggage? I'm having a hard time justifying the $4000 price tag if I still have to wrangle all the vet stuff and paperwork (which I would for that quote).,transport checkedcargo moving europe summer bring pound corgi mix along. transport services cant flying checked baggage? hard justifying price tag still wrangle vet stuff paperwork quote.,-0.1027,0.0,0.947,0.053,negative,['general'],"['transport', 'baggage', 'baggage hard', 'bring', 'bring pound', 'checked', 'checked baggage', 'checkedcargo', 'corgi', 'corgi mix']"
Pets in cargo? ,We are moving to Puerto Rico so we can’t drive with our lab mix. American Airlines wants to charge us an arm and a leg for the dog to fly cargo. Are there any other options that anyone has experienced cost less? I’m already nervous to put him in cargo but there’s no other way as he weighs 60lbs and I can’t take him on the plane. Thanks in advance for your wisdom and help. ,dogs,1,1,2024-09-08 03:47:18,pet cargo death,https://www.reddit.com/r/dogs/comments/1fbe3zj/pets_in_cargo/,Neat_Betty77,2024-09,Pets in cargo?  We are moving to Puerto Rico so we can’t drive with our lab mix. American Airlines wants to charge us an arm and a leg for the dog to fly cargo. Are there any other options that anyone has experienced cost less? I’m already nervous to put him in cargo but there’s no other way as he weighs 60lbs and I can’t take him on the plane. Thanks in advance for your wisdom and help. ,pets cargo? moving puerto rico cant drive lab mix. american airlines wants charge arm leg fly cargo. options anyone experienced cost less? already nervous put theres weighs lbs cant take plane. thanks advance wisdom help.,0.4994,0.155,0.744,0.101,positive,"['practical_tip', 'airline_specific']","['cargo', 'advance', 'advance wisdom', 'airlines', 'airlines wants', 'american', 'american airlines', 'arm', 'arm leg', 'cargo moving']"
Do dogs know the concept of death/dying?,"What is the story that proved to you dogs have a grasp of the concept of death/dying? 

Maybe they only feel a sense of missing or longing? Or only realize it after a time has passed? Like something is gone but they don't know what? I'm asking bc I was with a relative at her home. She allowed her small dog to sniff one of her older dogs who had passed away via home euthanization. And that dog just stoically sniffed the big dog's body and turned away like it did not care. Perhaps it was only this dog but I want to believe they have some sense of knowing something is gone permanently. Or maybe they have no idea on what it is at all. I suppose while living, creatures have a totally different smell so it could be dogs don't even recognize each other after one has pass.

Edit: I read every story that was shared. I do like to believe they know what death is. Not in the same sense as humans but in their own way. They may see it as being ""gone"" and being sick and realize it is negative and stressful to them and us. They will grieve in their own way. A lot of dogs must just instinctually realize it's a part of life, the end of life and natural. There are lots of stories like Hachiko in the comments below, proof that if not ""told"" someone has moved on dogs may not know. And even more tragic when one pet decides to follow in the death of another not long after... Showed the post to my relative and she said TYSM ",dogs,204,172,2025-04-15 00:03:11,pet cargo death,https://www.reddit.com/r/dogs/comments/1jz12a5/do_dogs_know_the_concept_of_deathdying/,Ok_Dare_7840,2025-04,"Do dogs know the concept of death/dying? What is the story that proved to you dogs have a grasp of the concept of death/dying? 

Maybe they only feel a sense of missing or longing? Or only realize it after a time has passed? Like something is gone but they don't know what? I'm asking bc I was with a relative at her home. She allowed her small dog to sniff one of her older dogs who had passed away via home euthanization. And that dog just stoically sniffed the big dog's body and turned away like it did not care. Perhaps it was only this dog but I want to believe they have some sense of knowing something is gone permanently. Or maybe they have no idea on what it is at all. I suppose while living, creatures have a totally different smell so it could be dogs don't even recognize each other after one has pass.

Edit: I read every story that was shared. I do like to believe they know what death is. Not in the same sense as humans but in their own way. They may see it as being ""gone"" and being sick and realize it is negative and stressful to them and us. They will grieve in their own way. A lot of dogs must just instinctually realize it's a part of life, the end of life and natural. There are lots of stories like Hachiko in the comments below, proof that if not ""told"" someone has moved on dogs may not know. And even more tragic when one pet decides to follow in the death of another not long after... Showed the post to my relative and she said TYSM ",dogs concept deathdying? story proved dogs grasp concept deathdying? maybe feel sense missing longing? realize passed? something gone dont what? asking relative home. allowed small sniff older dogs passed away via home euthanization. stoically sniffed big dogs body turned away care. perhaps believe sense knowing something gone permanently. maybe idea all. suppose living creatures totally different smell dogs dont even recognize pass. edit read every story shared. believe death is. sense humans way. may see gone sick realize negative stressful us. grieve way. lot dogs must instinctually realize part life end life natural. lots stories hachiko comments proof told someone moved dogs may know. even tragic decides follow death another long after... showed post relative tysm,-0.9631,0.058,0.743,0.2,negative,['safety_concern'],"['dogs', 'gone', 'realize', 'sense', 'away', 'believe', 'death', 'deathdying', 'dont', 'home']"
Considering behavioral euthanasia,"I’m currently fostering a shepherd mix that I rescue pulled from a shelter back in November 2024. I managed to rescue her within HOURS of scheduled euthanasia.

The volunteers and workers at the shelter misled and/or did not properly behavioral test this dog when I was considering pulling her. I was told that she was timid and skittish, but showed no aggression issues the three months she was there. It led me into a false sense of security thinking that she would be ok to foster, and if she did have behavioral issues, it would likely be trainable.

Within the first couple of weeks of me having her, she started to show aggression and reactivity issues. She’s mainly ok around me, but strangers, animals, children and sometimes even cars trigger her into a hyper aggressive state.

Sometimes when I feel safe enough to sleep with her, if my feet even accidentally brush against her, she jolts up and gives a pre-bite growl until she realizes it’s me. Even though she hasn’t bit anyone yet, she has come close.

I have taken her to the rescue’s designated professional trainer, she has shown slight improvement in the training sessions, but as soon as she’s in a home setting, she reverts. Trainer says she needs to go through board/train, but neither I nor the rescue has 5k lying around to rehabilitate.

I’m currently trying to convince the owner of the rescue to allow behavioral euthanasia on this dog. It makes me feel like a murderer, especially when I love this cutie and how she helped me get through the death of my soul dog. But unfortunately, I cannot guarantee the public’s safety and it’s exhausting being her caretaker. 

Edit: I should clarify that I’m not jumping on this right away and that 3-4 months is short for a dog to acclimate. But I’m thinking in the sense, if she does not show improvement in the next 4 months ( AKA 8 months-1 yr total). Then it should be considered.

I also can’t help, but to think about how these resources could be going to a much more adoptable dog.

From those who have faced this; I would love to hear from you. Is there anything that you wish you have done differently? Do you feel like you did right by your pet? Does the guilt ever go away? What was the point at which you felt like this was the correct decision to make? etc.

TLDR : I’m considering behavioral euthanasia for a current foster dog. Looking for input from those who have faced this issue.

— Thanks everyone",dogs,9,80,2025-02-25 15:58:40,pet cargo death,https://www.reddit.com/r/dogs/comments/1ixp0ue/considering_behavioral_euthanasia/,coffeeanddogsislife,2025-02,"Considering behavioral euthanasia I’m currently fostering a shepherd mix that I rescue pulled from a shelter back in November 2024. I managed to rescue her within HOURS of scheduled euthanasia.

The volunteers and workers at the shelter misled and/or did not properly behavioral test this dog when I was considering pulling her. I was told that she was timid and skittish, but showed no aggression issues the three months she was there. It led me into a false sense of security thinking that she would be ok to foster, and if she did have behavioral issues, it would likely be trainable.

Within the first couple of weeks of me having her, she started to show aggression and reactivity issues. She’s mainly ok around me, but strangers, animals, children and sometimes even cars trigger her into a hyper aggressive state.

Sometimes when I feel safe enough to sleep with her, if my feet even accidentally brush against her, she jolts up and gives a pre-bite growl until she realizes it’s me. Even though she hasn’t bit anyone yet, she has come close.

I have taken her to the rescue’s designated professional trainer, she has shown slight improvement in the training sessions, but as soon as she’s in a home setting, she reverts. Trainer says she needs to go through board/train, but neither I nor the rescue has 5k lying around to rehabilitate.

I’m currently trying to convince the owner of the rescue to allow behavioral euthanasia on this dog. It makes me feel like a murderer, especially when I love this cutie and how she helped me get through the death of my soul dog. But unfortunately, I cannot guarantee the public’s safety and it’s exhausting being her caretaker. 

Edit: I should clarify that I’m not jumping on this right away and that 3-4 months is short for a dog to acclimate. But I’m thinking in the sense, if she does not show improvement in the next 4 months ( AKA 8 months-1 yr total). Then it should be considered.

I also can’t help, but to think about how these resources could be going to a much more adoptable dog.

From those who have faced this; I would love to hear from you. Is there anything that you wish you have done differently? Do you feel like you did right by your pet? Does the guilt ever go away? What was the point at which you felt like this was the correct decision to make? etc.

TLDR : I’m considering behavioral euthanasia for a current foster dog. Looking for input from those who have faced this issue.

— Thanks everyone",considering behavioral euthanasia currently fostering shepherd mix rescue pulled shelter back november managed rescue within hours scheduled euthanasia. volunteers workers shelter misled andor properly behavioral test considering pulling her. told timid skittish showed aggression issues three months there. led false sense security thinking foster behavioral issues likely trainable. within first couple weeks started show aggression reactivity issues. shes mainly around strangers animals children sometimes even cars trigger hyper aggressive state. sometimes feel safe enough sleep feet even accidentally brush jolts gives prebite growl realizes me. even though hasnt bit anyone yet come close. taken rescues designated professional trainer shown slight improvement training sessions soon shes home setting reverts. trainer says needs boardtrain neither rescue lying around rehabilitate. currently trying convince owner rescue allow behavioral euthanasia dog. makes feel murderer especially love cutie helped death soul dog. unfortunately cannot guarantee publics safety exhausting caretaker. edit clarify jumping right away months short acclimate. thinking sense show improvement next months aka months total. considered. cant help resources going adoptable dog. faced love hear you. anything wish done differently? feel right pet? guilt ever away? point felt correct decision make? etc. tldr considering behavioral euthanasia current foster dog. looking input faced issue. thanks everyone,0.9704,0.204,0.669,0.127,positive,"['safety_concern', 'positive_experience', 'practical_tip']","['behavioral', 'dog', 'euthanasia', 'months', 'rescue', 'behavioral euthanasia', 'considering', 'feel', 'issues', 'sense']"
Should I neuter?,"Okay so obviously yes it’s a good idea to spay and neuter your pets, all of my pets are spayed and neutered except one. I got a puppy a year ago, he’s a year old now and I haven’t gotten him neutered yet because I wanted to make sure he grew to his full potential. He doesn’t hump and he doesn’t pee on dogs and he’s super submissive, doesn’t have any real unwanted behavior that comes with having an intact dog. I’m not planning on breeding him at all either. It doesn’t make me sad for him to go through surgery I don’t really care as long as it’s necessary. I won’t be boarding him or be taking him to daycare either. So I’m wondering if I really even need to get him neutered and go through the process and pay for him to get neutered. I love him to death and only want the best for him and this is just something I’m uncertain of. Will it be more beneficial for him in the later years of his life?

He’s a 1 year old Dalmatian weighing around 55lbs",dogs,0,62,2025-05-07 07:22:48,pet cargo death,https://www.reddit.com/r/dogs/comments/1kghk54/should_i_neuter/,SafeVictory2961,2025-05,"Should I neuter? Okay so obviously yes it’s a good idea to spay and neuter your pets, all of my pets are spayed and neutered except one. I got a puppy a year ago, he’s a year old now and I haven’t gotten him neutered yet because I wanted to make sure he grew to his full potential. He doesn’t hump and he doesn’t pee on dogs and he’s super submissive, doesn’t have any real unwanted behavior that comes with having an intact dog. I’m not planning on breeding him at all either. It doesn’t make me sad for him to go through surgery I don’t really care as long as it’s necessary. I won’t be boarding him or be taking him to daycare either. So I’m wondering if I really even need to get him neutered and go through the process and pay for him to get neutered. I love him to death and only want the best for him and this is just something I’m uncertain of. Will it be more beneficial for him in the later years of his life?

He’s a 1 year old Dalmatian weighing around 55lbs",neuter? okay obviously yes good idea spay neuter pets pets spayed neutered except one. got puppy year ago hes year old havent gotten neutered yet wanted make sure grew full potential. doesnt hump doesnt pee dogs hes super submissive doesnt real unwanted behavior comes intact dog. planning breeding either. doesnt make sad surgery dont care long necessary. wont boarding taking daycare either. wondering even neutered process pay neutered. love death best something uncertain of. beneficial later years life? hes year old dalmatian weighing around lbs,0.9581,0.278,0.612,0.11,positive,"['safety_concern', 'positive_experience']","['doesnt', 'neutered', 'hes', 'year', 'hes year', 'make', 'neuter', 'old', 'pets', 'year old']"
Have you ever bought a custom product with your pup on it?,"Hi all! I have a little english staffy called Luna or 'spastic' 😆 (runt of the litter), nearly 3 years old, completely white and I love her to death.

Ive seen a few times on facebook now ads for personalized pet products, like jewelry and i have really been thinking about getting one of my little luna.

I was wondering if anyone had bought any? seen any? had any experiences, or feedback!

Thanks everyone!! <3",dogs,5,94,2024-12-11 07:40:46,pet cargo death,https://www.reddit.com/r/dogs/comments/1hbeh6q/have_you_ever_bought_a_custom_product_with_your/,Short_Walk2731,2024-12,"Have you ever bought a custom product with your pup on it? Hi all! I have a little english staffy called Luna or 'spastic' 😆 (runt of the litter), nearly 3 years old, completely white and I love her to death.

Ive seen a few times on facebook now ads for personalized pet products, like jewelry and i have really been thinking about getting one of my little luna.

I was wondering if anyone had bought any? seen any? had any experiences, or feedback!

Thanks everyone!! <3",ever bought custom product pup it? all! little english staffy called luna spastic runt litter nearly years old completely white love death. ive seen times facebook ads personalized products jewelry thinking getting little luna. wondering anyone bought any? seen any? experiences feedback! thanks everyone!!,0.7116,0.167,0.756,0.077,positive,"['safety_concern', 'practical_tip']","['bought', 'little', 'luna', 'seen', 'ads', 'ads personalized', 'bought seen', 'called', 'completely white', 'custom']"
Puppy doesn’t like to be petted :(,"Hi, everyone! 

A few weeks ago, I bought a Biewer Terrier puppy. He is 3 months old. I already love him to death, even though is kind of an asshole :D 

My Toto is incredibly loud, active, and playful, and seems to have a particular liking for nibbling on my brand new wallpaper. That’s fine. It’s not my first time, and I’ll handle it. 

The thing that confuses me the most with him is that he does not like to be petted at all. My previous Yorkie (who unfortunately passed not long ago) was the most affectionate, soft, and tender doggie who lived for pettings, hugs, and kisses. This one? Couldn’t care less. Moves away from me immediately. Thinks it’s playtime and starts biting my fingers. 

Is this normal? Is this just because he is very young and he will grow out of it eventually? Is this because he is a boy and not a girl (not gender stereotyping dogs, just never had boys before). Is this just his personality and I will have to accept that I now live with an asshole who won’t even let me pet him? /lh 
",dogs,15,40,2025-05-20 19:09:31,pet cargo death,https://www.reddit.com/r/dogs/comments/1kr17hm/puppy_doesnt_like_to_be_petted/,thestagmoon,2025-05,"Puppy doesn’t like to be petted :( Hi, everyone! 

A few weeks ago, I bought a Biewer Terrier puppy. He is 3 months old. I already love him to death, even though is kind of an asshole :D 

My Toto is incredibly loud, active, and playful, and seems to have a particular liking for nibbling on my brand new wallpaper. That’s fine. It’s not my first time, and I’ll handle it. 

The thing that confuses me the most with him is that he does not like to be petted at all. My previous Yorkie (who unfortunately passed not long ago) was the most affectionate, soft, and tender doggie who lived for pettings, hugs, and kisses. This one? Couldn’t care less. Moves away from me immediately. Thinks it’s playtime and starts biting my fingers. 

Is this normal? Is this just because he is very young and he will grow out of it eventually? Is this because he is a boy and not a girl (not gender stereotyping dogs, just never had boys before). Is this just his personality and I will have to accept that I now live with an asshole who won’t even let me pet him? /lh 
",puppy doesnt petted everyone! weeks ago bought biewer terrier puppy. months old. already love death even though kind asshole toto incredibly loud active playful seems particular liking nibbling brand new wallpaper. thats fine. first ill handle it. thing confuses petted all. previous yorkie unfortunately passed long ago affectionate soft tender doggie lived pettings hugs kisses. one? couldnt care less. moves away immediately. thinks playtime starts biting fingers. normal? young grow eventually? boy girl gender stereotyping dogs never boys before. personality accept live asshole wont even let him?,0.955,0.268,0.613,0.119,positive,['safety_concern'],"['ago', 'asshole', 'petted', 'puppy', 'accept', 'active', 'active playful', 'affectionate', 'ago affectionate', 'ago bought']"
