term,count,share
나는,408,0.00692570148189642
노트북,280,0.004752932389536759
때문에,205,0.00347982549948227
노트북을,204,0.00346285074094821
배터리,160,0.0027159613654495767
내가,146,0.0024783147459727386
많이,131,0.002223693367961841
다른,129,0.002189743850893721
좋은,129,0.002189743850893721
같은,123,0.002087895299689362
것을,121,0.0020539457826212423
노트북이,115,0.0019520972314168831
것이,110,0.0018672234387465839
있는,107,0.0018162991631444042
가지고,105,0.0017823496460762846
새로운,102,0.001731425370474105
rtx,101,0.0017144506119400453
다시,101,0.0017144506119400453
사용할,100,0.0016974758534059854
많은,98,0.0016635263363378656
동안,98,0.0016635263363378656
가장,98,0.0016635263363378656
것입니다,97,0.0016465515778038057
없습니다,95,0.001612602060735686
수있는,93,0.0015786525436675663
키보드,90,0.0015277282680653868
가벼운,88,0.001493778750997267
나은,86,0.0014598292339291473
맥북,86,0.0014598292339291473
함께,85,0.0014428544753950876
조금,84,0.0014258797168610277
위해,83,0.0014089049583269678
또는,83,0.0014089049583269678
16인치,82,0.001391930199792908
모든,81,0.001374955441258848
약간,80,0.0013579806827247883
있지만,79,0.0013410059241907284
화면,79,0.0013410059241907284
것은,77,0.0013070564071226086
대해,77,0.0013070564071226086
ssd,74,0.0012561321315204292
삼성,74,0.0012561321315204292
usb,73,0.0012391573729863693
macbook,72,0.0012221826144523094
대한,71,0.0012052078559182495
거의,69,0.00117125833885013
lenovo,68,0.00115428358031607
게임,67,0.0011373088217820101
있습니까,66,0.0011203340632479502
사실,64,0.0010863845461798307
정도,63,0.0010694097876457708
문제는,63,0.0010694097876457708
lg그램,62,0.0010524350291117109
노트북은,62,0.0010524350291117109
같습니다,62,0.0010524350291117109
않습니다,61,0.001035460270577651
배터리가,61,0.001035460270577651
하고,61,0.001035460270577651
내돈내산,60,0.001018485512043591
현재,60,0.001018485512043591
인텔,60,0.001018485512043591
화면이,59,0.0010015107535095314
윈도우,59,0.0010015107535095314
있어서,58,0.0009845359949754715
이제,58,0.0009845359949754715
그래픽,58,0.0009845359949754715
문제가,58,0.0009845359949754715
없어서,58,0.0009845359949754715
있으며,57,0.0009675612364414116
크게,56,0.0009505864779073517
들고,55,0.0009336117193732919
사용하고,55,0.0009336117193732919
인치,54,0.000916636960839232
그것은,54,0.000916636960839232
훨씬,54,0.000916636960839232
확실히,54,0.000916636960839232
시간,53,0.0008996622023051723
이상,52,0.0008826874437711124
있고,52,0.0008826874437711124
게임을,52,0.0008826874437711124
그래서,52,0.0008826874437711124
원래,52,0.0008826874437711124
사진,51,0.0008657126852370525
legion,50,0.0008487379267029927
터치,49,0.0008317631681689328
바로,49,0.0008317631681689328
windows,48,0.000814788409634873
하나,48,0.000814788409634873
쓰는,48,0.000814788409634873
엄청,48,0.000814788409634873
전에,48,0.000814788409634873
여러,47,0.0007978136511008131
여전히,47,0.0007978136511008131
노트북에,47,0.0007978136511008131
할인,47,0.0007978136511008131
쓰고,47,0.0007978136511008131
이런,46,0.0007808388925667532
ram,46,0.0007808388925667532
있기,46,0.0007808388925667532
asus,46,0.0007808388925667532
ultra,46,0.0007808388925667532
가볍고,46,0.0007808388925667532
아주,46,0.0007808388925667532
않고,46,0.0007808388925667532
32gb,45,0.0007638641340326934
정도로,45,0.0007638641340326934
작업을,45,0.0007638641340326934
마우스,45,0.0007638641340326934
16gb,44,0.0007468893754986335
코어,44,0.0007468893754986335
추천도,44,0.0007468893754986335
일이,43,0.0007299146169645736
없이,43,0.0007299146169645736
일부,43,0.0007299146169645736
물론,42,0.0007129398584305138
최대,42,0.0007129398584305138
실제로,42,0.0007129398584305138
모두,41,0.000695965099896454
기본,41,0.000695965099896454
성능,41,0.000695965099896454
생각이,41,0.000695965099896454
좋습니다,40,0.0006789903413623942
않은,40,0.0006789903413623942
전혀,40,0.0006789903413623942
엘지,40,0.0006789903413623942
그래도,40,0.0006789903413623942
근데,40,0.0006789903413623942
않지만,39,0.0006620155828283343
디스플레이,39,0.0006620155828283343
14인치,39,0.0006620155828283343
그렇게,39,0.0006620155828283343
이것은,39,0.0006620155828283343
1tb,38,0.0006450408242942744
숫자,38,0.0006450408242942744
나에게,38,0.0006450408242942744
보고,38,0.0006450408242942744
lg전자,38,0.0006450408242942744
이렇게,38,0.0006450408242942744
갤럭시,38,0.0006450408242942744
주로,37,0.0006280660657602146
intel,37,0.0006280660657602146
충전기,37,0.0006280660657602146
알고,37,0.0006280660657602146
zephyrus,37,0.0006280660657602146
모니터,37,0.0006280660657602146
그것을,37,0.0006280660657602146
전체,37,0.0006280660657602146
amd,37,0.0006280660657602146
이게,36,0.0006110913072261547
해서,36,0.0006110913072261547
내장,36,0.0006110913072261547
생각합니다,36,0.0006110913072261547
처음,36,0.0006110913072261547
oled,36,0.0006110913072261547
512gb,35,0.0005941165486920949
문제,35,0.0005941165486920949
일단,35,0.0005941165486920949
수도,35,0.0005941165486920949
ninkear,35,0.0005941165486920949
a15,35,0.0005941165486920949
집에,35,0.0005941165486920949
것으로,35,0.0005941165486920949
통해,35,0.0005941165486920949
맥북은,35,0.0005941165486920949
들었습니다,35,0.0005941165486920949
가격이,34,0.000577141790158035
지금,34,0.000577141790158035
추천,34,0.000577141790158035
얇고,34,0.000577141790158035
무거운,34,0.000577141790158035
찾고,34,0.000577141790158035
얻을,34,0.000577141790158035
그런데,34,0.000577141790158035
쓰던,34,0.000577141790158035
노트북의,34,0.000577141790158035
cpu,34,0.000577141790158035
보입니다,34,0.000577141790158035
굉장히,34,0.000577141790158035
저는,33,0.0005601670316239751
ai,33,0.0005601670316239751
따로,33,0.0005601670316239751
보니,33,0.0005601670316239751
쉽게,33,0.0005601670316239751
성능을,33,0.0005601670316239751
아니라,33,0.0005601670316239751
좋다고,33,0.0005601670316239751
모델은,33,0.0005601670316239751
것처럼,33,0.0005601670316239751
가지,33,0.0005601670316239751
제품을,33,0.0005601670316239751
느낌이,33,0.0005601670316239751
했는데,33,0.0005601670316239751
어떤,32,0.0005431922730899153
있는지,32,0.0005431922730899153
주요,32,0.0005431922730899153
않았습니다,32,0.0005431922730899153
작업,32,0.0005431922730899153
없는,32,0.0005431922730899153
있다고,32,0.0005431922730899153
이건,32,0.0005431922730899153
계속,32,0.0005431922730899153
있다면,32,0.0005431922730899153
저렴한,31,0.0005262175145558554
사용합니다,31,0.0005262175145558554
맥북을,31,0.0005262175145558554
사용한,31,0.0005262175145558554
성능과,31,0.0005262175145558554
아무래도,30,0.0005092427560217955
비디오,30,0.0005092427560217955
문제를,30,0.0005092427560217955
데스크탑,30,0.0005092427560217955
확장,30,0.0005092427560217955
nvme,30,0.0005092427560217955
core,30,0.0005092427560217955
같아요,30,0.0005092427560217955
생각보다,30,0.0005092427560217955
아니면,29,0.0004922679974877358
확실하지,29,0.0004922679974877358
pro를,29,0.0004922679974877358
싶습니다,29,0.0004922679974877358
17인치,29,0.0004922679974877358
테스트,29,0.0004922679974877358
acer,29,0.0004922679974877358
않는,29,0.0004922679974877358
필요합니다,28,0.00047529323895367586
차이가,28,0.00047529323895367586
프로세서,28,0.00047529323895367586
구입했습니다,28,0.00047529323895367586
용량,28,0.00047529323895367586
이미,28,0.00047529323895367586
pc,28,0.00047529323895367586
역시,28,0.00047529323895367586
구매한,28,0.00047529323895367586
뭔가,28,0.00047529323895367586
노트북도,28,0.00047529323895367586
좋다,28,0.00047529323895367586
안녕하세요,27,0.000458318480419616
끔찍한,27,0.000458318480419616
직접,27,0.000458318480419616
gb,27,0.000458318480419616
까다로운,27,0.000458318480419616
그램은,27,0.000458318480419616
실제,27,0.000458318480419616
사양은,27,0.000458318480419616
느낌,27,0.000458318480419616
구매할,27,0.000458318480419616
그런,27,0.000458318480419616
되는,27,0.000458318480419616
오래,26,0.0004413437218855562
들어,26,0.0004413437218855562
같이,26,0.0004413437218855562
것도,26,0.0004413437218855562
문서,26,0.0004413437218855562
256gb,26,0.0004413437218855562
일반,26,0.0004413437218855562
나름,26,0.0004413437218855562
최고의,26,0.0004413437218855562
비해,26,0.0004413437218855562
화면을,26,0.0004413437218855562
프로그램을,26,0.0004413437218855562
그램이,26,0.0004413437218855562
가격,26,0.0004413437218855562
보았습니다,26,0.0004413437218855562
오피스,26,0.0004413437218855562
적당한,26,0.0004413437218855562
장점,25,0.00042436896335149634
자주,25,0.00042436896335149634
가치가,25,0.00042436896335149634
home,25,0.00042436896335149634
같아서,25,0.00042436896335149634
특정,25,0.00042436896335149634
때까지,25,0.00042436896335149634
추가,25,0.00042436896335149634
가성비,25,0.00042436896335149634
대부분의,25,0.00042436896335149634
경우,25,0.00042436896335149634
프로그램,25,0.00042436896335149634
카드,25,0.00042436896335149634
제공합니다,25,0.00042436896335149634
있으면,24,0.0004073942048174365
맘에,24,0.0004073942048174365
창이,24,0.0004073942048174365
개의,24,0.0004073942048174365
있었고,24,0.0004073942048174365
그램의,24,0.0004073942048174365
디자인,24,0.0004073942048174365
기타,24,0.0004073942048174365
m4,24,0.0004073942048174365
그램을,24,0.0004073942048174365
아닌,24,0.0004073942048174365
있었는데,24,0.0004073942048174365
아직,24,0.0004073942048174365
마우스가,24,0.0004073942048174365
유일한,24,0.0004073942048174365
라는,24,0.0004073942048174365
작은,24,0.0004073942048174365
수명,24,0.0004073942048174365
ryzen,24,0.0004073942048174365
스피커,23,0.0003904194462833766
시리즈,23,0.0003904194462833766
노트북으로,23,0.0003904194462833766
dell,23,0.0003904194462833766
수행,23,0.0003904194462833766
온라인,23,0.0003904194462833766
빌드,23,0.0003904194462833766
하는데,23,0.0003904194462833766
다음,23,0.0003904194462833766
그것이,23,0.0003904194462833766
없으므로,23,0.0003904194462833766
있는데,23,0.0003904194462833766
열심히,23,0.0003904194462833766
때문입니다,23,0.0003904194462833766
소리가,23,0.0003904194462833766
새로,23,0.0003904194462833766
무게는,22,0.00037344468774931676
기능,22,0.00037344468774931676
용량이,22,0.00037344468774931676
기능을,22,0.00037344468774931676
합리적인,22,0.00037344468774931676
모르겠습니다,22,0.00037344468774931676
크기,22,0.00037344468774931676
번째,22,0.00037344468774931676
필요한,22,0.00037344468774931676
사용하기,22,0.00037344468774931676
1월,22,0.00037344468774931676
워낙,22,0.00037344468774931676
낮은,22,0.00037344468774931676
스타일,22,0.00037344468774931676
원합니다,22,0.00037344468774931676
g16,21,0.0003564699292152569
구매하는,21,0.0003564699292152569
번째는,21,0.0003564699292152569
하나를,21,0.0003564699292152569
편집,21,0.0003564699292152569
한컴오피스,21,0.0003564699292152569
응용,21,0.0003564699292152569
수명이,21,0.0003564699292152569
이는,21,0.0003564699292152569
않을,21,0.0003564699292152569
프로세서가,21,0.0003564699292152569
메모리,21,0.0003564699292152569
i5,21,0.0003564699292152569
무게가,21,0.0003564699292152569
사용자,21,0.0003564699292152569
멀티,21,0.0003564699292152569
모델이,21,0.0003564699292152569
노트북과,21,0.0003564699292152569
충분히,21,0.0003564699292152569
싶었습니다,21,0.0003564699292152569
슬롯,20,0.0003394951706811971
없고,20,0.0003394951706811971
하루,20,0.0003394951706811971
iris,20,0.0003394951706811971
여러분,20,0.0003394951706811971
지난,20,0.0003394951706811971
예산은,20,0.0003394951706811971
_na,20,0.0003394951706811971
모니터를,20,0.0003394951706811971
얻는,20,0.0003394951706811971
아닙니다,20,0.0003394951706811971
이유는,20,0.0003394951706811971
com,20,0.0003394951706811971
한번,20,0.0003394951706811971
보면,20,0.0003394951706811971
무조건,20,0.0003394951706811971
후기,20,0.0003394951706811971
키보드를,20,0.0003394951706811971
관련,20,0.0003394951706811971
pro의,20,0.0003394951706811971
하나는,20,0.0003394951706811971
이미지,20,0.0003394951706811971
포트가,20,0.0003394951706811971
있던,19,0.0003225204121471372
vs,19,0.0003225204121471372
상당히,19,0.0003225204121471372
가능,19,0.0003225204121471372
차이는,19,0.0003225204121471372
블로그,19,0.0003225204121471372
않기,19,0.0003225204121471372
아니기,19,0.0003225204121471372
가진,19,0.0003225204121471372
제품은,19,0.0003225204121471372
다양한,19,0.0003225204121471372
해요,19,0.0003225204121471372
이것저것,19,0.0003225204121471372
성능이,19,0.0003225204121471372
교체,19,0.0003225204121471372
무게,19,0.0003225204121471372
사용하던,19,0.0003225204121471372
블랙,19,0.0003225204121471372
나의,19,0.0003225204121471372
하면,19,0.0003225204121471372
중요한,19,0.0003225204121471372
사용하지,19,0.0003225204121471372
결국,19,0.0003225204121471372
pcie,19,0.0003225204121471372
없기,19,0.0003225204121471372
이것이,19,0.0003225204121471372
제품이,19,0.0003225204121471372
사이에,19,0.0003225204121471372
신뢰할,19,0.0003225204121471372
항상,19,0.0003225204121471372
수리,19,0.0003225204121471372
wqxga,19,0.0003225204121471372
블루투스,19,0.0003225204121471372
사용하는,19,0.0003225204121471372
모델,18,0.00030554565361307735
전원을,18,0.00030554565361307735
아니다,18,0.00030554565361307735
저에게,18,0.00030554565361307735
인해,18,0.00030554565361307735
저의,18,0.00030554565361307735
gram은,18,0.00030554565361307735
개인적으로,18,0.00030554565361307735
다만,18,0.00030554565361307735
후기였습니다,18,0.00030554565361307735
중에,18,0.00030554565361307735
연결해서,18,0.00030554565361307735
디스플레이는,18,0.00030554565361307735
이거,18,0.00030554565361307735
설정에서,18,0.00030554565361307735
lg그램pro,18,0.00030554565361307735
주는,18,0.00030554565361307735
설치,18,0.00030554565361307735
아마,18,0.00030554565361307735
않다고,18,0.00030554565361307735
괜찮은,18,0.00030554565361307735
구매하게,18,0.00030554565361307735
apple,18,0.00030554565361307735
가볍다,18,0.00030554565361307735
비교,18,0.00030554565361307735
아이폰,18,0.00030554565361307735
절대,18,0.00030554565361307735
무선,18,0.00030554565361307735
경우가,18,0.00030554565361307735
소프트웨어를,18,0.00030554565361307735
출시,18,0.00030554565361307735
빨리,18,0.00030554565361307735
gpu,18,0.00030554565361307735
패드,18,0.00030554565361307735
최고,18,0.00030554565361307735
화면은,18,0.00030554565361307735
microsoft,18,0.00030554565361307735
보이고,17,0.0002885708950790175
충전,17,0.0002885708950790175
선택,17,0.0002885708950790175
아마도,17,0.0002885708950790175
되었다,17,0.0002885708950790175
되고,17,0.0002885708950790175
오히려,17,0.0002885708950790175
c타입,17,0.0002885708950790175
인터넷,17,0.0002885708950790175
요즘,17,0.0002885708950790175
주고,17,0.0002885708950790175
어느,17,0.0002885708950790175
테스트를,17,0.0002885708950790175
lge,17,0.0002885708950790175
알게,17,0.0002885708950790175
것이라고,17,0.0002885708950790175
고사양,17,0.0002885708950790175
마음에,17,0.0002885708950790175
os,17,0.0002885708950790175
i7,17,0.0002885708950790175
없다는,17,0.0002885708950790175
google,17,0.0002885708950790175
지금까지,17,0.0002885708950790175
같고,17,0.0002885708950790175
게임이,17,0.0002885708950790175
사무실,17,0.0002885708950790175
히트,17,0.0002885708950790175
1년,16,0.00027159613654495767
됩니다,16,0.00027159613654495767
강력한,16,0.00027159613654495767
전원,16,0.00027159613654495767
255h,16,0.00027159613654495767
기존에,16,0.00027159613654495767
분들은,16,0.00027159613654495767
높은,16,0.00027159613654495767
전력,16,0.00027159613654495767
되면,16,0.00027159613654495767
사이즈가,16,0.00027159613654495767
도움을,16,0.00027159613654495767
모델을,16,0.00027159613654495767
통합,16,0.00027159613654495767
받을,16,0.00027159613654495767
드라이버,16,0.00027159613654495767
이와,16,0.00027159613654495767
컴퓨터,16,0.00027159613654495767
아래,16,0.00027159613654495767
지금은,16,0.00027159613654495767
보내고,16,0.00027159613654495767
대부분,16,0.00027159613654495767
무게와,16,0.00027159613654495767
실행,16,0.00027159613654495767
키보드가,16,0.00027159613654495767
때가,16,0.00027159613654495767
않다,16,0.00027159613654495767
있지,16,0.00027159613654495767
최근,16,0.00027159613654495767
구매했습니다,16,0.00027159613654495767
영상,16,0.00027159613654495767
os를,16,0.00027159613654495767
공간이,16,0.00027159613654495767
어쨌든,16,0.00027159613654495767
lg의,16,0.00027159613654495767
rog,16,0.00027159613654495767
게임에,16,0.00027159613654495767
어떻게해야합니까,16,0.00027159613654495767
어떻게,16,0.00027159613654495767
결정할,16,0.00027159613654495767
애플,16,0.00027159613654495767
않는다,16,0.00027159613654495767
찾을,16,0.00027159613654495767
m1,16,0.00027159613654495767
사용하여,16,0.00027159613654495767
가끔,16,0.00027159613654495767
살짝,16,0.00027159613654495767
수있을,16,0.00027159613654495767
점은,16,0.00027159613654495767
사람이,15,0.00025462137801089777
장단점을,15,0.00025462137801089777
눈에,15,0.00025462137801089777
plus,15,0.00025462137801089777
품질은,15,0.00025462137801089777
자세히,15,0.00025462137801089777
thinkpad,15,0.00025462137801089777
고민을,15,0.00025462137801089777
있었다,15,0.00025462137801089777
ssd를,15,0.00025462137801089777
유로입니다,15,0.00025462137801089777
자체,15,0.00025462137801089777
했지만,15,0.00025462137801089777
데이터를,15,0.00025462137801089777
기존,15,0.00025462137801089777
고침,15,0.00025462137801089777
좋을,15,0.00025462137801089777
싶지,15,0.00025462137801089777
스크린,15,0.00025462137801089777
제일,15,0.00025462137801089777
있음,15,0.00025462137801089777
surface,15,0.00025462137801089777
hz,15,0.00025462137801089777
장치는,15,0.00025462137801089777
아무,15,0.00025462137801089777
하지,15,0.00025462137801089777
helios,15,0.00025462137801089777
보이는,15,0.00025462137801089777
등등,15,0.00025462137801089777
기준,15,0.00025462137801089777
생각,15,0.00025462137801089777
개봉,15,0.00025462137801089777
기기,15,0.00025462137801089777
파일,15,0.00025462137801089777
자꾸,15,0.00025462137801089777
유지,15,0.00025462137801089777
정도의,15,0.00025462137801089777
사진을,15,0.00025462137801089777
15인치,15,0.00025462137801089777
포트,15,0.00025462137801089777
느린,15,0.00025462137801089777
edition,15,0.00025462137801089777
만족스럽습니다,15,0.00025462137801089777
사용하면,15,0.00025462137801089777
포토샵,14,0.00023764661947683793
쓰다가,14,0.00023764661947683793
비하면,14,0.00023764661947683793
좋지,14,0.00023764661947683793
집에서,14,0.00023764661947683793
말이,14,0.00023764661947683793
필요가,14,0.00023764661947683793
쓰기,14,0.00023764661947683793
도움이,14,0.00023764661947683793
그런지,14,0.00023764661947683793
3d,14,0.00023764661947683793
스크린이,14,0.00023764661947683793
랩톱에서,14,0.00023764661947683793
말하는,14,0.00023764661947683793
ram과,14,0.00023764661947683793
생각하고,14,0.00023764661947683793
좋았습니다,14,0.00023764661947683793
갤럭시북,14,0.00023764661947683793
커서,14,0.00023764661947683793
플러스,14,0.00023764661947683793
있을,14,0.00023764661947683793
오늘은,14,0.00023764661947683793
주택을,14,0.00023764661947683793
무슨,14,0.00023764661947683793
얼마나,14,0.00023764661947683793
가능한,14,0.00023764661947683793
xe,14,0.00023764661947683793
그들은,14,0.00023764661947683793
대신,14,0.00023764661947683793
에어,14,0.00023764661947683793
원활하게,14,0.00023764661947683793
보니까,14,0.00023764661947683793
썬더볼트,14,0.00023764661947683793
설치할,14,0.00023764661947683793
사고,14,0.00023764661947683793
보는,14,0.00023764661947683793
하드,14,0.00023764661947683793
예산에,14,0.00023764661947683793
book5,14,0.00023764661947683793
모르는,14,0.00023764661947683793
제외하고는,14,0.00023764661947683793
별로,14,0.00023764661947683793
신제품,14,0.00023764661947683793
하더라구요,14,0.00023764661947683793
16인치를,14,0.00023764661947683793
이전,14,0.00023764661947683793
확인하고,14,0.00023764661947683793
해야,14,0.00023764661947683793
포함,14,0.00023764661947683793
쿠팡에서,13,0.0002206718609427781
pro에는,13,0.0002206718609427781
m2,13,0.0002206718609427781
휴대용,13,0.0002206718609427781
감사합니다,13,0.0002206718609427781
완전,13,0.0002206718609427781
샀는데,13,0.0002206718609427781
전력을,13,0.0002206718609427781
적어도,13,0.0002206718609427781
수있었습니다,13,0.0002206718609427781
오랜만에,13,0.0002206718609427781
수명과,13,0.0002206718609427781
원하는,13,0.0002206718609427781
작업에,13,0.0002206718609427781
멀티미디어,13,0.0002206718609427781
필요,13,0.0002206718609427781
한글,13,0.0002206718609427781
제공하며,13,0.0002206718609427781
옵션,13,0.0002206718609427781
예를,13,0.0002206718609427781
윈도우를,13,0.0002206718609427781
공식,13,0.0002206718609427781
yoga,13,0.0002206718609427781
영롱한,13,0.0002206718609427781
키보드는,13,0.0002206718609427781
나도,13,0.0002206718609427781
생각을,13,0.0002206718609427781
우리는,13,0.0002206718609427781
알지,13,0.0002206718609427781
확인할,13,0.0002206718609427781
후기를,13,0.0002206718609427781
솔직히,13,0.0002206718609427781
디자인을,13,0.0002206718609427781
후자는,13,0.0002206718609427781
여기서,13,0.0002206718609427781
2024년,13,0.0002206718609427781
8gb,13,0.0002206718609427781
디자인은,13,0.0002206718609427781
이번에,13,0.0002206718609427781
하네요,13,0.0002206718609427781
액세스,13,0.0002206718609427781
해상도,13,0.0002206718609427781
디스플레이를,13,0.0002206718609427781
년에,13,0.0002206718609427781
모바일,13,0.0002206718609427781
구매해서,13,0.0002206718609427781
오래오래,13,0.0002206718609427781
어차피,13,0.0002206718609427781
매일,13,0.0002206718609427781
충전기와,13,0.0002206718609427781
작아서,13,0.0002206718609427781
돌아가는,13,0.0002206718609427781
다니는,13,0.0002206718609427781
같기도,13,0.0002206718609427781
화이트,13,0.0002206718609427781
했습니다,13,0.0002206718609427781
이었지만,13,0.0002206718609427781
가서,13,0.0002206718609427781
보기,13,0.0002206718609427781
helios의,13,0.0002206718609427781
16인치의,13,0.0002206718609427781
작동하지,13,0.0002206718609427781
그램과,12,0.00020369710240871825
제대로,12,0.00020369710240871825
앞으로,12,0.00020369710240871825
것이며,12,0.00020369710240871825
_1,12,0.00020369710240871825
판매,12,0.00020369710240871825
당신이,12,0.00020369710240871825
모델입니다,12,0.00020369710240871825
gen,12,0.00020369710240871825
손으로,12,0.00020369710240871825
배터리는,12,0.00020369710240871825
가격으로,12,0.00020369710240871825
불구하고,12,0.00020369710240871825
부드러운,12,0.00020369710240871825
맞는,12,0.00020369710240871825
https,12,0.00020369710240871825
선택한,12,0.00020369710240871825
충분한,12,0.00020369710240871825
장치가,12,0.00020369710240871825
nvidia,12,0.00020369710240871825
다들,12,0.00020369710240871825
수명에,12,0.00020369710240871825
지원,12,0.00020369710240871825
ips,12,0.00020369710240871825
박스가,12,0.00020369710240871825
5060을,12,0.00020369710240871825
구입할,12,0.00020369710240871825
실행할,12,0.00020369710240871825
고급스러운,12,0.00020369710240871825
이것도,12,0.00020369710240871825
처리,12,0.00020369710240871825
있기를,12,0.00020369710240871825
이걸,12,0.00020369710240871825
못합니다,12,0.00020369710240871825
지속적으로,12,0.00020369710240871825
고민이,12,0.00020369710240871825
단순히,12,0.00020369710240871825
mx,12,0.00020369710240871825
이러한,12,0.00020369710240871825
천체,12,0.00020369710240871825
엘가토,12,0.00020369710240871825
lg노트북,12,0.00020369710240871825
누구든지,12,0.00020369710240871825
데스크탑을,12,0.00020369710240871825
추가로,12,0.00020369710240871825
저장할,12,0.00020369710240871825
있게,12,0.00020369710240871825
최소,12,0.00020369710240871825
다행히,12,0.00020369710240871825
두고,12,0.00020369710240871825
라고,12,0.00020369710240871825
불빛이,12,0.00020369710240871825
뭐가,12,0.00020369710240871825
굳이,12,0.00020369710240871825
터치패드,12,0.00020369710240871825
금액이,12,0.00020369710240871825
덕분에,12,0.00020369710240871825
되었습니다,12,0.00020369710240871825
맥북으로,12,0.00020369710240871825
아이패드,12,0.00020369710240871825
패드를,12,0.00020369710240871825
깡통,12,0.00020369710240871825
정확한,12,0.00020369710240871825
레노버,12,0.00020369710240871825
아무튼,12,0.00020369710240871825
좋고,12,0.00020369710240871825
언박싱,12,0.00020369710240871825
뚜껑을,12,0.00020369710240871825
글들을,12,0.00020369710240871825
사이트에서,12,0.00020369710240871825
불편한,12,0.00020369710240871825
않는다는,12,0.00020369710240871825
기능이,12,0.00020369710240871825
빠른,12,0.00020369710240871825
없으며,12,0.00020369710240871825
에너지,12,0.00020369710240871825
dvi,12,0.00020369710240871825
색상,12,0.00020369710240871825
다르게,12,0.00020369710240871825
얻으십시오,12,0.00020369710240871825
도와주세요,12,0.00020369710240871825
없을,12,0.00020369710240871825
lggram,12,0.00020369710240871825
가졌습니다,12,0.00020369710240871825
싶어서,12,0.00020369710240871825
16인치로,12,0.00020369710240871825
일상적인,12,0.00020369710240871825
그대로,12,0.00020369710240871825
사용하다가,12,0.00020369710240871825
다니기,12,0.00020369710240871825
확인,12,0.00020369710240871825
부분은,12,0.00020369710240871825
2tb,12,0.00020369710240871825
있다는,12,0.00020369710240871825
없다고,12,0.00020369710240871825
대형,12,0.00020369710240871825
최신,12,0.00020369710240871825
pro는,12,0.00020369710240871825
했고,12,0.00020369710240871825
특히,12,0.00020369710240871825
약간의,11,0.00018672234387465838
일부는,11,0.00018672234387465838
나쁘지,11,0.00018672234387465838
저를,11,0.00018672234387465838
유사한,11,0.00018672234387465838
오늘,11,0.00018672234387465838
구성품은,11,0.00018672234387465838
ideapad,11,0.00018672234387465838
slim,11,0.00018672234387465838
감사,11,0.00018672234387465838
작년,11,0.00018672234387465838
왜냐하면,11,0.00018672234387465838
견고하고,11,0.00018672234387465838
사서,11,0.00018672234387465838
향후,11,0.00018672234387465838
괜찮습니다,11,0.00018672234387465838
시간이,11,0.00018672234387465838
cpu는,11,0.00018672234387465838
크지는,11,0.00018672234387465838
windows로,11,0.00018672234387465838
구성,11,0.00018672234387465838
쓰게,11,0.00018672234387465838
없지만,11,0.00018672234387465838
좋더라구요,11,0.00018672234387465838
그럼에도,11,0.00018672234387465838
하나의,11,0.00018672234387465838
스로틀,11,0.00018672234387465838
켜고,11,0.00018672234387465838
있었던,11,0.00018672234387465838
m3,11,0.00018672234387465838
쓰면,11,0.00018672234387465838
사은품을,11,0.00018672234387465838
차이,11,0.00018672234387465838
rdna,11,0.00018672234387465838
도킹,11,0.00018672234387465838
싶다,11,0.00018672234387465838
하게,11,0.00018672234387465838
편하게,11,0.00018672234387465838
비록,11,0.00018672234387465838
넘게,11,0.00018672234387465838
사용해,11,0.00018672234387465838
서비스,11,0.00018672234387465838
고장,11,0.00018672234387465838
위로,11,0.00018672234387465838
스펙,11,0.00018672234387465838
펜을,11,0.00018672234387465838
원했습니다,11,0.00018672234387465838
본체,11,0.00018672234387465838
작업이,11,0.00018672234387465838
사용하지는,11,0.00018672234387465838
않아,11,0.00018672234387465838
만드는,11,0.00018672234387465838
세로,11,0.00018672234387465838
회사,11,0.00018672234387465838
정품,11,0.00018672234387465838
없음,11,0.00018672234387465838
크고,11,0.00018672234387465838
된다,11,0.00018672234387465838
가능성이,11,0.00018672234387465838
내용을,11,0.00018672234387465838
사은품은,11,0.00018672234387465838
따라서,11,0.00018672234387465838
열린,11,0.00018672234387465838
라이브,11,0.00018672234387465838
되었어요,11,0.00018672234387465838
보지,11,0.00018672234387465838
일을,11,0.00018672234387465838
빠르고,11,0.00018672234387465838
samsung,11,0.00018672234387465838
좋아,11,0.00018672234387465838
ultra7,11,0.00018672234387465838
넓은,11,0.00018672234387465838
싶은,11,0.00018672234387465838
시작,11,0.00018672234387465838
그렇다면,10,0.00016974758534059854
샀다,10,0.00016974758534059854
구매하고,10,0.00016974758534059854
구멍이,10,0.00016974758534059854
무엇입니까,10,0.00016974758534059854
후에,10,0.00016974758534059854
수준,10,0.00016974758534059854
나는이,10,0.00016974758534059854
사이에서,10,0.00016974758534059854
미니,10,0.00016974758534059854
정보를,10,0.00016974758534059854
말이죠,10,0.00016974758534059854
제품입니다,10,0.00016974758534059854
고장없이,10,0.00016974758534059854
노트북인,10,0.00016974758534059854
전용,10,0.00016974758534059854
랩톱을,10,0.00016974758534059854
벤치,10,0.00016974758534059854
지원하는,10,0.00016974758534059854
학교에,10,0.00016974758534059854
태스킹,10,0.00016974758534059854
크기는,10,0.00016974758534059854
알았습니다,10,0.00016974758534059854
프로세서를,10,0.00016974758534059854
외에,10,0.00016974758534059854
나머지,10,0.00016974758534059854
모르겠으나,10,0.00016974758534059854
랩톱이,10,0.00016974758534059854
된다고,10,0.00016974758534059854
전자는,10,0.00016974758534059854
돈을,10,0.00016974758534059854
연결된,10,0.00016974758534059854
ddr4,10,0.00016974758534059854
두께가,10,0.00016974758534059854
먹고,10,0.00016974758534059854
방금,10,0.00016974758534059854
나쁜,10,0.00016974758534059854
비싸게,10,0.00016974758534059854
딱히,10,0.00016974758534059854
도저히,10,0.00016974758534059854
때도,10,0.00016974758534059854
쓰레기,10,0.00016974758534059854
믿지,10,0.00016974758534059854
가는,10,0.00016974758534059854
가격과,10,0.00016974758534059854
마침내,10,0.00016974758534059854
ppt,10,0.00016974758534059854
효율을,10,0.00016974758534059854
잡힌,10,0.00016974758534059854
혹은,10,0.00016974758534059854
요가의,10,0.00016974758534059854
옵션이,10,0.00016974758534059854
균형,10,0.00016974758534059854
결과,10,0.00016974758534059854
없어,10,0.00016974758534059854
최근에,10,0.00016974758534059854
시간의,10,0.00016974758534059854
정말로,10,0.00016974758534059854
썬더볼트4,10,0.00016974758534059854
노트북추천,10,0.00016974758534059854
엘지그램,10,0.00016974758534059854
선물,10,0.00016974758534059854
혹시나,10,0.00016974758534059854
삼성의,10,0.00016974758534059854
했던,10,0.00016974758534059854
스파이더,10,0.00016974758534059854
사운드,10,0.00016974758534059854
볼륨,10,0.00016974758534059854
슬픈,10,0.00016974758534059854
달러에,10,0.00016974758534059854
노트북이다,10,0.00016974758534059854
스로틀을,10,0.00016974758534059854
않다는,10,0.00016974758534059854
학생,10,0.00016974758534059854
적이,10,0.00016974758534059854
체감이,10,0.00016974758534059854
사용이,10,0.00016974758534059854
15인치는,10,0.00016974758534059854
시간에,10,0.00016974758534059854
든다,10,0.00016974758534059854
매직,10,0.00016974758534059854
간단,10,0.00016974758534059854
현재의,10,0.00016974758534059854
기술자에게,10,0.00016974758534059854
받아,10,0.00016974758534059854
것에,10,0.00016974758534059854
좋아요,10,0.00016974758534059854
랩탑을,10,0.00016974758534059854
리전,10,0.00016974758534059854
확실하지만,10,0.00016974758534059854
사용하는데,10,0.00016974758534059854
분들에게,10,0.00016974758534059854
프로그램도,10,0.00016974758534059854
나라에서,10,0.00016974758534059854
인식,10,0.00016974758534059854
계획,10,0.00016974758534059854
울트라,10,0.00016974758534059854
부팅,10,0.00016974758534059854
눈이,10,0.00016974758534059854
zephyrus는,10,0.00016974758534059854
페이스트를,10,0.00016974758534059854
충전기를,10,0.00016974758534059854
마침,10,0.00016974758534059854
트랙패드,10,0.00016974758534059854
나중에,10,0.00016974758534059854
맥스,10,0.00016974758534059854
그렇다고,10,0.00016974758534059854
사용했던,10,0.00016974758534059854
실리콘,10,0.00016974758534059854
적혀있는,10,0.00016974758534059854
나서,10,0.00016974758534059854
서피스,10,0.00016974758534059854
젠북,10,0.00016974758534059854
혹해서,10,0.00016974758534059854
않을까,10,0.00016974758534059854
등의,10,0.00016974758534059854
여기까지,10,0.00016974758534059854
mac,10,0.00016974758534059854
strix,10,0.00016974758534059854
리뷰를,10,0.00016974758534059854
연구,10,0.00016974758534059854
패널,9,0.00015277282680653867
편집을,9,0.00015277282680653867
ssd와,9,0.00015277282680653867
가벼워서,9,0.00015277282680653867
e16,9,0.00015277282680653867
아직도,9,0.00015277282680653867
기계를,9,0.00015277282680653867
중요하지,9,0.00015277282680653867
누르는,9,0.00015277282680653867
못하기,9,0.00015277282680653867
받은,9,0.00015277282680653867
비디오를,9,0.00015277282680653867
키감이,9,0.00015277282680653867
요청하고,9,0.00015277282680653867
win11,9,0.00015277282680653867
여러분들에게,9,0.00015277282680653867
기반,9,0.00015277282680653867
손상,9,0.00015277282680653867
실행됩니다,9,0.00015277282680653867
12월,9,0.00015277282680653867
사야지,9,0.00015277282680653867
cpu를,9,0.00015277282680653867
16z90sp,9,0.00015277282680653867
결제,9,0.00015277282680653867
당연히,9,0.00015277282680653867
6e,9,0.00015277282680653867
대충,9,0.00015277282680653867
웹서핑,9,0.00015277282680653867
장시간,9,0.00015277282680653867
살펴,9,0.00015277282680653867
16akp10을,9,0.00015277282680653867
들었다,9,0.00015277282680653867
있답니다,9,0.00015277282680653867
pc14255와,9,0.00015277282680653867
포트와,9,0.00015277282680653867
인텔의,9,0.00015277282680653867
소음,9,0.00015277282680653867
화면도,9,0.00015277282680653867
감사드립니다,9,0.00015277282680653867
파이프,9,0.00015277282680653867
그만큼,9,0.00015277282680653867
하시겠습니까,9,0.00015277282680653867
절반의,9,0.00015277282680653867
경량,9,0.00015277282680653867
사랑하는,9,0.00015277282680653867
손이,9,0.00015277282680653867
있었습니다,9,0.00015277282680653867
프린트,9,0.00015277282680653867
모르겠다,9,0.00015277282680653867
인식이,9,0.00015277282680653867
말하고,9,0.00015277282680653867
롯데,9,0.00015277282680653867
버튼을,9,0.00015277282680653867
evo,9,0.00015277282680653867
미리,9,0.00015277282680653867
c를,9,0.00015277282680653867
naver,9,0.00015277282680653867
ultra5,9,0.00015277282680653867
저장,9,0.00015277282680653867
windows를,9,0.00015277282680653867
세대,9,0.00015277282680653867
다소,9,0.00015277282680653867
i9,9,0.00015277282680653867
해당,9,0.00015277282680653867
북3,9,0.00015277282680653867
아는,9,0.00015277282680653867
박스,9,0.00015277282680653867
리뷰가,9,0.00015277282680653867
프로그램에,9,0.00015277282680653867
라이트,9,0.00015277282680653867
이제는,9,0.00015277282680653867
했어요,9,0.00015277282680653867
한다고,9,0.00015277282680653867
다닐,9,0.00015277282680653867
놓고,9,0.00015277282680653867
아무것도,9,0.00015277282680653867
시작했으며,9,0.00015277282680653867
최근에는,9,0.00015277282680653867
브랜드를,9,0.00015277282680653867
커버를,9,0.00015277282680653867
사이의,9,0.00015277282680653867
버전,9,0.00015277282680653867
클라우드,9,0.00015277282680653867
있어야,9,0.00015277282680653867
직장인,9,0.00015277282680653867
무려,9,0.00015277282680653867
엄청난,9,0.00015277282680653867
수는,9,0.00015277282680653867
의미가,9,0.00015277282680653867
15w,9,0.00015277282680653867
tdp가,9,0.00015277282680653867
비싼,9,0.00015277282680653867
알아보고,9,0.00015277282680653867
누군가가,9,0.00015277282680653867
맥북에어,9,0.00015277282680653867
더욱,9,0.00015277282680653867
정도는,9,0.00015277282680653867
게임은,9,0.00015277282680653867
고해상도,9,0.00015277282680653867
사무용으로,9,0.00015277282680653867
눈의,9,0.00015277282680653867
코뿔소,9,0.00015277282680653867
쓰기엔,9,0.00015277282680653867
이상을,9,0.00015277282680653867
쿠팡,9,0.00015277282680653867
외장,9,0.00015277282680653867
15인치를,9,0.00015277282680653867
아쉬운,9,0.00015277282680653867
그나마,9,0.00015277282680653867
해도,9,0.00015277282680653867
0을,9,0.00015277282680653867
결정했습니다,9,0.00015277282680653867
모듈,9,0.00015277282680653867
3200mhz,9,0.00015277282680653867
정도면,9,0.00015277282680653867
배송,9,0.00015277282680653867
드라이브,9,0.00015277282680653867
어디서나,9,0.00015277282680653867
도구를,9,0.00015277282680653867
다음과,9,0.00015277282680653867
원했지만,9,0.00015277282680653867
됐다,9,0.00015277282680653867
best,9,0.00015277282680653867
방에서,9,0.00015277282680653867
들어서,9,0.00015277282680653867
이번에는,9,0.00015277282680653867
link,9,0.00015277282680653867
무선마우스,9,0.00015277282680653867
구매하거나,9,0.00015277282680653867
산돌구름,9,0.00015277282680653867
등을,9,0.00015277282680653867
반환,9,0.00015277282680653867
7430u가,9,0.00015277282680653867
글을,9,0.00015277282680653867
기계식,9,0.00015277282680653867
시간을,9,0.00015277282680653867
업그레이드,9,0.00015277282680653867
이벤트,9,0.00015277282680653867
개념,9,0.00015277282680653867
기록하기,9,0.00015277282680653867
활동을,9,0.00015277282680653867
노트와,9,0.00015277282680653867
수업에,9,0.00015277282680653867
매끄럽게,9,0.00015277282680653867
장치를,9,0.00015277282680653867
범주에서,9,0.00015277282680653867
지속될,9,0.00015277282680653867
수없는,9,0.00015277282680653867
노트북이므로,9,0.00015277282680653867
무겁게,9,0.00015277282680653867
학교를위한,9,0.00015277282680653867
일어날,9,0.00015277282680653867
상자에,9,0.00015277282680653867
튼튼한,9,0.00015277282680653867
멋진,9,0.00015277282680653867
사무용,9,0.00015277282680653867
않으므로,9,0.00015277282680653867
생각하지,9,0.00015277282680653867
적합하다고,9,0.00015277282680653867
고품질,9,0.00015277282680653867
감사하겠습니다,9,0.00015277282680653867
수있게되면,9,0.00015277282680653867
업그레이드하거나,9,0.00015277282680653867
변경하여,9,0.00015277282680653867
4kg,9,0.00015277282680653867
슬롯을,9,0.00015277282680653867
신경,9,0.00015277282680653867
괜찮을,9,0.00015277282680653867
가격처럼,9,0.00015277282680653867
넣을,9,0.00015277282680653867
속도가,9,0.00015277282680653867
디자인이,9,0.00015277282680653867
amd와,9,0.00015277282680653867
g6,9,0.00015277282680653867
g2,9,0.00015277282680653867
그다지,9,0.00015277282680653867
사양,9,0.00015277282680653867
hdmi,9,0.00015277282680653867
hd로,9,0.00015277282680653867
60fps로,9,0.00015277282680653867
fortnite는,9,0.00015277282680653867
케이블도,9,0.00015277282680653867
제품으로,9,0.00015277282680653867
성능도,9,0.00015277282680653867
마지막,9,0.00015277282680653867
radeon을,9,0.00015277282680653867
느낌은,8,0.00013579806827247883
gaming,8,0.00013579806827247883
사람들이,8,0.00013579806827247883
패드는,8,0.00013579806827247883
왠만한,8,0.00013579806827247883
좋았다,8,0.00013579806827247883
크길래,8,0.00013579806827247883
따끈따끈한,8,0.00013579806827247883
ram이,8,0.00013579806827247883
아침,8,0.00013579806827247883
아니지만,8,0.00013579806827247883
구성되어,8,0.00013579806827247883
많고,8,0.00013579806827247883
화질이,8,0.00013579806827247883
느껴집니다,8,0.00013579806827247883
bluetooth,8,0.00013579806827247883
꽤나,8,0.00013579806827247883
능력이,8,0.00013579806827247883
홀로그램,8,0.00013579806827247883
유명한,8,0.00013579806827247883
봉사했지만,8,0.00013579806827247883
thunderbolt,8,0.00013579806827247883
맥북이,8,0.00013579806827247883
생각은,8,0.00013579806827247883
손을,8,0.00013579806827247883
맥북도,8,0.00013579806827247883
않으며,8,0.00013579806827247883
저전력,8,0.00013579806827247883
블랙으로,8,0.00013579806827247883
않아서,8,0.00013579806827247883
빠르게,8,0.00013579806827247883
작동합니다,8,0.00013579806827247883
크기에,8,0.00013579806827247883
비교를,8,0.00013579806827247883
장치,8,0.00013579806827247883
돌아와서,8,0.00013579806827247883
그걸로,8,0.00013579806827247883
모르겠는데,8,0.00013579806827247883
힘이,8,0.00013579806827247883
자판이,8,0.00013579806827247883
5070ti를,8,0.00013579806827247883
대체하기위한,8,0.00013579806827247883
3070을,8,0.00013579806827247883
15로,8,0.00013579806827247883
scar,8,0.00013579806827247883
년의,8,0.00013579806827247883
시작했습니다,8,0.00013579806827247883
2025를,8,0.00013579806827247883
갇힌,8,0.00013579806827247883
결정했지만,8,0.00013579806827247883
rn이기,8,0.00013579806827247883
스팟,8,0.00013579806827247883
달콤한,8,0.00013579806827247883
랩탑을위한,8,0.00013579806827247883
쉬운,8,0.00013579806827247883
휴대하기,8,0.00013579806827247883
g16을,8,0.00013579806827247883
구입하기위한,8,0.00013579806827247883
전파선을,8,0.00013579806827247883
저렴하고,8,0.00013579806827247883
asus보다,8,0.00013579806827247883
5080을,8,0.00013579806827247883
컴퓨터를,8,0.00013579806827247883
알아서,8,0.00013579806827247883
자동으로,8,0.00013579806827247883
보여서,8,0.00013579806827247883
들기도,8,0.00013579806827247883
놀라운,8,0.00013579806827247883
asus에서,8,0.00013579806827247883
기울였으며,8,0.00013579806827247883
7i에주의를,8,0.00013579806827247883
5080에서,8,0.00013579806827247883
5070ti,8,0.00013579806827247883
낮기,8,0.00013579806827247883
시간입니다,8,0.00013579806827247883
노트북을위한,8,0.00013579806827247883
포기하고,8,0.00013579806827247883
원래의,8,0.00013579806827247883
마우스를,8,0.00013579806827247883
처음엔,8,0.00013579806827247883
120w가,8,0.00013579806827247883
5080의,8,0.00013579806827247883
레지온은,8,0.00013579806827247883
연결될,8,0.00013579806827247883
140w,8,0.00013579806827247883
해결하기,8,0.00013579806827247883
체중,8,0.00013579806827247883
다녀야합니다,8,0.00013579806827247883
똥을,8,0.00013579806827247883
학생과,8,0.00013579806827247883
학생들을,8,0.00013579806827247883
운반하는,8,0.00013579806827247883
legion을,8,0.00013579806827247883
5070ti와,8,0.00013579806827247883
g16이,8,0.00013579806827247883
생각하는지,8,0.00013579806827247883
8kg이므로,8,0.00013579806827247883
충전기가있는,8,0.00013579806827247883
구매했는데,8,0.00013579806827247883
이걸로,8,0.00013579806827247883
이고,8,0.00013579806827247883
sheets,8,0.00013579806827247883
docs,8,0.00013579806827247883
대학원에,8,0.00013579806827247883
유지할,8,0.00013579806827247883
문자를,8,0.00013579806827247883
apple이기,8,0.00013579806827247883
키감,8,0.00013579806827247883
같은데,8,0.00013579806827247883
vga,8,0.00013579806827247883
경험이,8,0.00013579806827247883
비교해,8,0.00013579806827247883
그러다,8,0.00013579806827247883
이어폰,8,0.00013579806827247883
화려한,8,0.00013579806827247883
키패드,8,0.00013579806827247883
air를,8,0.00013579806827247883
pro보다,8,0.00013579806827247883
벽돌이,8,0.00013579806827247883
쓰지,8,0.00013579806827247883
게임용,8,0.00013579806827247883
데이,8,0.00013579806827247883
스트림,8,0.00013579806827247883
동시에,8,0.00013579806827247883
오빠가,8,0.00013579806827247883
16인치노트북,8,0.00013579806827247883
g14,8,0.00013579806827247883
난다,8,0.00013579806827247883
밝기,8,0.00013579806827247883
좋은듯,8,0.00013579806827247883
들어요,8,0.00013579806827247883
엑셀,8,0.00013579806827247883
마음이,8,0.00013579806827247883
작년에,8,0.00013579806827247883
밝기는,8,0.00013579806827247883
hdd,8,0.00013579806827247883
많아서,8,0.00013579806827247883
프로로,8,0.00013579806827247883
사용해야,8,0.00013579806827247883
얼굴,8,0.00013579806827247883
에이조,8,0.00013579806827247883
속도,8,0.00013579806827247883
좋아해서,8,0.00013579806827247883
발열,8,0.00013579806827247883
디자인이나,8,0.00013579806827247883
줄어든다고,8,0.00013579806827247883
mac의,8,0.00013579806827247883
chrome을,8,0.00013579806827247883
등에,8,0.00013579806827247883
drive,8,0.00013579806827247883
예전,8,0.00013579806827247883
우선,8,0.00013579806827247883
전환해야합니까,8,0.00013579806827247883
잠재적으로,8,0.00013579806827247883
유지하거나,8,0.00013579806827247883
자주합니다,8,0.00013579806827247883
태스킹을,8,0.00013579806827247883
기사,8,0.00013579806827247883
주어진,8,0.00013579806827247883
슬라이드,8,0.00013579806827247883
단점,8,0.00013579806827247883
연동이,8,0.00013579806827247883
달러의,8,0.00013579806827247883
생각입니다,8,0.00013579806827247883
삼성과,8,0.00013579806827247883
경우에도,8,0.00013579806827247883
주문했습니다,8,0.00013579806827247883
게임을위한,8,0.00013579806827247883
말고,8,0.00013579806827247883
pc에,8,0.00013579806827247883
thinkbook을,8,0.00013579806827247883
팬은,8,0.00013579806827247883
수명을,8,0.00013579806827247883
마음을,8,0.00013579806827247883
신기함,8,0.00013579806827247883
아이패드에서,8,0.00013579806827247883
있었지만,8,0.00013579806827247883
5i,8,0.00013579806827247883
되어,8,0.00013579806827247883
14인치로,8,0.00013579806827247883
000원,8,0.00013579806827247883
199g,8,0.00013579806827247883
위의,8,0.00013579806827247883
선택입니다,8,0.00013579806827247883
lg전자인증점,8,0.00013579806827247883
단점을,8,0.00013579806827247883
그램으로,8,0.00013579806827247883
m1과,8,0.00013579806827247883
하다가,8,0.00013579806827247883
체력을,8,0.00013579806827247883
시간과,8,0.00013579806827247883
들어있다,8,0.00013579806827247883
가격은,8,0.00013579806827247883
지나면,8,0.00013579806827247883
포스팅은,8,0.00013579806827247883
cyberpunk와,8,0.00013579806827247883
작업은,8,0.00013579806827247883
pp,8,0.00013579806827247883
_7,8,0.00013579806827247883
_organicautosuggest,8,0.00013579806827247883
_querystore,8,0.00013579806827247883
구매하려고,8,0.00013579806827247883
기술,8,0.00013579806827247883
링크,8,0.00013579806827247883
lg그램링크,8,0.00013579806827247883
말했습니다,8,0.00013579806827247883
비교할,8,0.00013579806827247883
군더더기,8,0.00013579806827247883
요가,8,0.00013579806827247883
팬이,8,0.00013579806827247883
가볍게,8,0.00013579806827247883
고치지,8,0.00013579806827247883
고려하고,8,0.00013579806827247883
이것을,8,0.00013579806827247883
맛이,8,0.00013579806827247883
충전으로,8,0.00013579806827247883
6년,8,0.00013579806827247883
결론을,8,0.00013579806827247883
나를,8,0.00013579806827247883
모델에,8,0.00013579806827247883
이번,8,0.00013579806827247883
아무런,8,0.00013579806827247883
종일,8,0.00013579806827247883
데스크,8,0.00013579806827247883
적합합니다,8,0.00013579806827247883
좋아합니다,8,0.00013579806827247883
하시는,8,0.00013579806827247883
사전,8,0.00013579806827247883
화면의,8,0.00013579806827247883
사게,8,0.00013579806827247883
듣고,8,0.00013579806827247883
예약,8,0.00013579806827247883
리시버를,8,0.00013579806827247883
사용해보니,8,0.00013579806827247883
조용한,8,0.00013579806827247883
있었음,8,0.00013579806827247883
옛날,8,0.00013579806827247883
설치했습니다,8,0.00013579806827247883
13인치,8,0.00013579806827247883
특성상,8,0.00013579806827247883
만족스러운,8,0.00013579806827247883
마우스만,8,0.00013579806827247883
키보드에,8,0.00013579806827247883
시점에서,8,0.00013579806827247883
가격의,8,0.00013579806827247883
커져서,8,0.00013579806827247883
테스트는,8,0.00013579806827247883
구매를,8,0.00013579806827247883
적응이,8,0.00013579806827247883
편한,8,0.00013579806827247883
은근,8,0.00013579806827247883
6cm,8,0.00013579806827247883
탑재,8,0.00013579806827247883
안정성이,8,0.00013579806827247883
마치,8,0.00013579806827247883
ps5,8,0.00013579806827247883
구매했다,8,0.00013579806827247883
게임도,8,0.00013579806827247883
작고,8,0.00013579806827247883
17z90s,8,0.00013579806827247883
햅틱,8,0.00013579806827247883
지식이,8,0.00013579806827247883
싶지만,8,0.00013579806827247883
해야하는,8,0.00013579806827247883
번째로,8,0.00013579806827247883
360mm,8,0.00013579806827247883
드디어,8,0.00013579806827247883
대학생,8,0.00013579806827247883
신상노트북,8,0.00013579806827247883
박스에,7,0.00011882330973841897
않으면,7,0.00011882330973841897
완전히,7,0.00011882330973841897
77wh,7,0.00011882330973841897
lg그램을,7,0.00011882330973841897
lg는,7,0.00011882330973841897
얻고,7,0.00011882330973841897
black,7,0.00011882330973841897
앉아,7,0.00011882330973841897
해야하는지,7,0.00011882330973841897
세대를,7,0.00011882330973841897
공간을,7,0.00011882330973841897
백라이트,7,0.00011882330973841897
gram의,7,0.00011882330973841897
영향을,7,0.00011882330973841897
증기,7,0.00011882330973841897
없었으며,7,0.00011882330973841897
모욕,7,0.00011882330973841897
먼저,7,0.00011882330973841897
끝없이,7,0.00011882330973841897
결과는,7,0.00011882330973841897
유지했습니다,7,0.00011882330973841897
낙상을,7,0.00011882330973841897
깨뜨리는,7,0.00011882330973841897
근처의,7,0.00011882330973841897
팬들,7,0.00011882330973841897
쏟아졌습니다,7,0.00011882330973841897
액체가,7,0.00011882330973841897
ultrawide,7,0.00011882330973841897
가방에,7,0.00011882330973841897
적습니다,7,0.00011882330973841897
노트북보다,7,0.00011882330973841897
달러당,7,0.00011882330973841897
요소는,7,0.00011882330973841897
편안합니다,7,0.00011882330973841897
라이브러리가,7,0.00011882330973841897
가열되지,7,0.00011882330973841897
로컬,7,0.00011882330973841897
legends와,7,0.00011882330973841897
ram이있는,7,0.00011882330973841897
gtx와,7,0.00011882330973841897
월부터,7,0.00011882330973841897
거기에,7,0.00011882330973841897
것보다,7,0.00011882330973841897
혹시,7,0.00011882330973841897
게다가,7,0.00011882330973841897
올바르게,7,0.00011882330973841897
팝업되게,7,0.00011882330973841897
페이스트,7,0.00011882330973841897
넘어서,7,0.00011882330973841897
금액은,7,0.00011882330973841897
기반으로,7,0.00011882330973841897
아이디어가,7,0.00011882330973841897
너무너무,7,0.00011882330973841897
엔지니어링입니다,7,0.00011882330973841897
많았습니다,7,0.00011882330973841897
싱크를위한,7,0.00011882330973841897
설정의,7,0.00011882330973841897
빠릅니다,7,0.00011882330973841897
돌릴,7,0.00011882330973841897
되어서,7,0.00011882330973841897
뛰어납니다,7,0.00011882330973841897
내구성이,7,0.00011882330973841897
가능합니다,7,0.00011882330973841897
으로이,7,0.00011882330973841897
대기,7,0.00011882330973841897
적절한,7,0.00011882330973841897
요즘에도,7,0.00011882330973841897
잘되고,7,0.00011882330973841897
데이터는,7,0.00011882330973841897
여행을,7,0.00011882330973841897
유로를,7,0.00011882330973841897
ssh,7,0.00011882330973841897
parsec,7,0.00011882330973841897
구축하고,7,0.00011882330973841897
훌륭한,7,0.00011882330973841897
깨달은,7,0.00011882330973841897
넓게,7,0.00011882330973841897
raid,7,0.00011882330973841897
다중,7,0.00011882330973841897
군단,7,0.00011882330973841897
스크린에,7,0.00011882330973841897
와이드,7,0.00011882330973841897
1900의,7,0.00011882330973841897
증가한,7,0.00011882330973841897
두께,7,0.00011882330973841897
왔다,7,0.00011882330973841897
기능도,7,0.00011882330973841897
7이,7,0.00011882330973841897
알몸이었고,7,0.00011882330973841897
다이의,7,0.00011882330973841897
한계를,7,0.00011882330973841897
유지하고,7,0.00011882330973841897
한글이,7,0.00011882330973841897
그런건지는,7,0.00011882330973841897
파우치,7,0.00011882330973841897
곳을,7,0.00011882330973841897
일이라는,7,0.00011882330973841897
솔루션을,7,0.00011882330973841897
사전예약,7,0.00011882330973841897
단자가,7,0.00011882330973841897
2개,7,0.00011882330973841897
타입,7,0.00011882330973841897
외에도,7,0.00011882330973841897
shadow,7,0.00011882330973841897
종종,7,0.00011882330973841897
렌더링,7,0.00011882330973841897
많더라고요,7,0.00011882330973841897
하던,7,0.00011882330973841897
자판을,7,0.00011882330973841897
점이,7,0.00011882330973841897
office,7,0.00011882330973841897
만족합니다,7,0.00011882330973841897
삼성카드,7,0.00011882330973841897
쓴다면,7,0.00011882330973841897
동일한,7,0.00011882330973841897
후에는,7,0.00011882330973841897
처음에,7,0.00011882330973841897
사용을,7,0.00011882330973841897
배송으로,7,0.00011882330973841897
로켓와우,7,0.00011882330973841897
glare,7,0.00011882330973841897
anti,7,0.00011882330973841897
좋겠다는,7,0.00011882330973841897
일기를,7,0.00011882330973841897
편하더라고요,7,0.00011882330973841897
필수,7,0.00011882330973841897
구매하기로,7,0.00011882330973841897
linux,7,0.00011882330973841897
당신의,7,0.00011882330973841897
쓰다보니,7,0.00011882330973841897
교체했습니다,7,0.00011882330973841897
생각하는,7,0.00011882330973841897
쉽습니다,7,0.00011882330973841897
콘텐츠를,7,0.00011882330973841897
네이버,7,0.00011882330973841897
남편이,7,0.00011882330973841897
가까이,7,0.00011882330973841897
lg그램의,7,0.00011882330973841897
동안이,7,0.00011882330973841897
모델과,7,0.00011882330973841897
aura,7,0.00011882330973841897
생각합니까,7,0.00011882330973841897
좋아하는,7,0.00011882330973841897
precision,7,0.00011882330973841897
평소에,7,0.00011882330973841897
삼성이,7,0.00011882330973841897
심플한,7,0.00011882330973841897
귀환에,7,0.00011882330973841897
acer의,7,0.00011882330973841897
전환됩니다,7,0.00011882330973841897
14인치를,7,0.00011882330973841897
이틀,7,0.00011882330973841897
proart,7,0.00011882330973841897
최악의,7,0.00011882330973841897
srgb,7,0.00011882330973841897
제공하여,7,0.00011882330973841897
노트북만,7,0.00011882330973841897
소식을,7,0.00011882330973841897
말해,7,0.00011882330973841897
이유,7,0.00011882330973841897
깨달았습니다,7,0.00011882330973841897
충전기는,7,0.00011882330973841897
기분이,7,0.00011882330973841897
키보드와,7,0.00011882330973841897
갖고있는,7,0.00011882330973841897
싶다는,7,0.00011882330973841897
이라는,7,0.00011882330973841897
블로그에,7,0.00011882330973841897
디스플레이와,7,0.00011882330973841897
갖춘,7,0.00011882330973841897
24gb,7,0.00011882330973841897
경험을,7,0.00011882330973841897
오버,7,0.00011882330973841897
구매하기,7,0.00011882330973841897
충분합니다,7,0.00011882330973841897
와이파이,7,0.00011882330973841897
경로를,7,0.00011882330973841897
가볍습니다,7,0.00011882330973841897
온도가,7,0.00011882330973841897
때문에이,7,0.00011882330973841897
놋북,7,0.00011882330973841897
windows가,7,0.00011882330973841897
올라가면,7,0.00011882330973841897
탐색,7,0.00011882330973841897
드는,7,0.00011882330973841897
각종,7,0.00011882330973841897
바로바로,7,0.00011882330973841897
고가의,7,0.00011882330973841897
끝에,7,0.00011882330973841897
몰라서,7,0.00011882330973841897
조언,7,0.00011882330973841897
pro와,7,0.00011882330973841897
예상합니다,7,0.00011882330973841897
파이썬,7,0.00011882330973841897
기대했던,7,0.00011882330973841897
laptop,7,0.00011882330973841897
주세요,7,0.00011882330973841897
좋아서,7,0.00011882330973841897
나오는,7,0.00011882330973841897
가져,7,0.00011882330973841897
당장,7,0.00011882330973841897
아직은,7,0.00011882330973841897
같아,7,0.00011882330973841897
적은,7,0.00011882330973841897
용량은,7,0.00011882330973841897
냉각,7,0.00011882330973841897
아래로,7,0.00011882330973841897
pro가,7,0.00011882330973841897
문제없이,7,0.00011882330973841897
결정,7,0.00011882330973841897
회사에,7,0.00011882330973841897
쓰면서,7,0.00011882330973841897
그러면,7,0.00011882330973841897
속도를,7,0.00011882330973841897
선물로,7,0.00011882330973841897
arc,7,0.00011882330973841897
7년,7,0.00011882330973841897
불편함이,7,0.00011882330973841897
디자인도,7,0.00011882330973841897
단순,7,0.00011882330973841897
대해서는,7,0.00011882330973841897
보이며,7,0.00011882330973841897
그렇기,7,0.00011882330973841897
쓰는게,7,0.00011882330973841897
수가,7,0.00011882330973841897
있더라구요,7,0.00011882330973841897
결론적으로,7,0.00011882330973841897
찾아서,7,0.00011882330973841897
실제로는,7,0.00011882330973841897
전문,7,0.00011882330973841897
가벼움이,7,0.00011882330973841897
쿠폰,7,0.00011882330973841897
할인을,7,0.00011882330973841897
이름,7,0.00011882330973841897
dci,7,0.00011882330973841897
상태에서,7,0.00011882330973841897
16z90tl,7,0.00011882330973841897
뜨거워,7,0.00011882330973841897
만들어야합니다,7,0.00011882330973841897
엉망으로,7,0.00011882330973841897
케이싱을,7,0.00011882330973841897
연결하기,7,0.00011882330973841897
외관,7,0.00011882330973841897
얻었습니다,7,0.00011882330973841897
45gx950a를,7,0.00011882330973841897
보관하거나,7,0.00011882330973841897
집어,7,0.00011882330973841897
1900에,7,0.00011882330973841897
16을,7,0.00011882330973841897
neo,7,0.00011882330973841897
bb에서,7,0.00011882330973841897
졌는지,7,0.00011882330973841897
떨어,7,0.00011882330973841897
걸립니다,7,0.00011882330973841897
초가,7,0.00011882330973841897
고정하는,7,0.00011882330973841897
초만에,7,0.00011882330973841897
수용하는,7,0.00011882330973841897
연결하는,7,0.00011882330973841897
꼼꼼하게,7,0.00011882330973841897
sims,6,0.00010184855120435912
붙어,6,0.00010184855120435912
만든,6,0.00010184855120435912
설명서,6,0.00010184855120435912
마우스와,6,0.00010184855120435912
마우스는,6,0.00010184855120435912
가격에,6,0.00010184855120435912
버전이,6,0.00010184855120435912
포인트,6,0.00010184855120435912
안드로이드,6,0.00010184855120435912
쓰기도,6,0.00010184855120435912
채팅의,6,0.00010184855120435912
아니고,6,0.00010184855120435912
확인하기,6,0.00010184855120435912
결제하고,6,0.00010184855120435912
16인치가,6,0.00010184855120435912
기사님이,6,0.00010184855120435912
행복한,6,0.00010184855120435912
저도,6,0.00010184855120435912
마크를,6,0.00010184855120435912
수명은,6,0.00010184855120435912
arch를,6,0.00010184855120435912
arm,6,0.00010184855120435912
받았다,6,0.00010184855120435912
시끄럽습니다,6,0.00010184855120435912
정도에,6,0.00010184855120435912
소리,6,0.00010184855120435912
건데,6,0.00010184855120435912
aa,6,0.00010184855120435912
받아서,6,0.00010184855120435912
반응이,6,0.00010184855120435912
않아요,6,0.00010184855120435912
구입을,6,0.00010184855120435912
괜찮으려나요,6,0.00010184855120435912
들어가게,6,0.00010184855120435912
답게,6,0.00010184855120435912
보증,6,0.00010184855120435912
5년간,6,0.00010184855120435912
라룸,6,0.00010184855120435912
많아요,6,0.00010184855120435912
연동해서,6,0.00010184855120435912
꽂아서,6,0.00010184855120435912
글쎄,6,0.00010184855120435912
연결,6,0.00010184855120435912
무료,6,0.00010184855120435912
줍니다,6,0.00010184855120435912
파일을,6,0.00010184855120435912
창을,6,0.00010184855120435912
이후로,6,0.00010184855120435912
페일,6,0.00010184855120435912
트랙포인트,6,0.00010184855120435912
개인적으로는,6,0.00010184855120435912
대해서,6,0.00010184855120435912
gen4,6,0.00010184855120435912
넣고,6,0.00010184855120435912
없었습니다,6,0.00010184855120435912
평생,6,0.00010184855120435912
사려고,6,0.00010184855120435912
옵션으로,6,0.00010184855120435912
김에,6,0.00010184855120435912
없더라구요,6,0.00010184855120435912
10시간,6,0.00010184855120435912
가벼움의,6,0.00010184855120435912
있겠죠,6,0.00010184855120435912
있는데요,6,0.00010184855120435912
하는것,6,0.00010184855120435912
기억에,6,0.00010184855120435912
오른쪽,6,0.00010184855120435912
스마일,6,0.00010184855120435912
로지텍,6,0.00010184855120435912
강추,6,0.00010184855120435912
필요도,6,0.00010184855120435912
공장에서,6,0.00010184855120435912
단점이,6,0.00010184855120435912
사무실에,6,0.00010184855120435912
수준의,6,0.00010184855120435912
같긴,6,0.00010184855120435912
비교하여,6,0.00010184855120435912
아니라는,6,0.00010184855120435912
가성비가,6,0.00010184855120435912
그러다보니,6,0.00010184855120435912
맥미니,6,0.00010184855120435912
단지,6,0.00010184855120435912
mcm,6,0.00010184855120435912
매년,6,0.00010184855120435912
지문이,6,0.00010184855120435912
불행히도,6,0.00010184855120435912
배송됩니다,6,0.00010184855120435912
독일에서,6,0.00010184855120435912
lake,6,0.00010184855120435912
불가,6,0.00010184855120435912
galaxy,6,0.00010184855120435912
상점의,6,0.00010184855120435912
사람에게는,6,0.00010184855120435912
만능인이,6,0.00010184855120435912
기기가,6,0.00010184855120435912
말도,6,0.00010184855120435912
문제에,6,0.00010184855120435912
사람들을,6,0.00010184855120435912
찾고있는,6,0.00010184855120435912
생산성,6,0.00010184855120435912
비교하면,6,0.00010184855120435912
당시,6,0.00010184855120435912
윈도우가,6,0.00010184855120435912
몇번,6,0.00010184855120435912
샀습니다,6,0.00010184855120435912
제외하면,6,0.00010184855120435912
작업에서,6,0.00010184855120435912
눌리는,6,0.00010184855120435912
겨우,6,0.00010184855120435912
무엇보다,6,0.00010184855120435912
비슷한,6,0.00010184855120435912
나온,6,0.00010184855120435912
고민,6,0.00010184855120435912
대학생노트북,6,0.00010184855120435912
써서,6,0.00010184855120435912
가격대,6,0.00010184855120435912
회사에서는,6,0.00010184855120435912
4k,6,0.00010184855120435912
많으니,6,0.00010184855120435912
비디오에서,6,0.00010184855120435912
들었고,6,0.00010184855120435912
고려했지만,6,0.00010184855120435912
게임이며,6,0.00010184855120435912
가성비노트북,6,0.00010184855120435912
순위는,6,0.00010184855120435912
7lakhs에서,6,0.00010184855120435912
말하지,6,0.00010184855120435912
안됩니다,6,0.00010184855120435912
상태로,6,0.00010184855120435912
큰데,6,0.00010184855120435912
막상,6,0.00010184855120435912
애플을,6,0.00010184855120435912
18gb,6,0.00010184855120435912
호환성,6,0.00010184855120435912
균형을,6,0.00010184855120435912
제품에,6,0.00010184855120435912
이온,6,0.00010184855120435912
체감,6,0.00010184855120435912
비디오가,6,0.00010184855120435912
asus에,6,0.00010184855120435912
출시되지,6,0.00010184855120435912
pro이며,6,0.00010184855120435912
2024이고,6,0.00010184855120435912
predetor,6,0.00010184855120435912
4070을,6,0.00010184855120435912
좌우,6,0.00010184855120435912
시에는,6,0.00010184855120435912
좋네요,6,0.00010184855120435912
오피스를,6,0.00010184855120435912
wifi,6,0.00010184855120435912
14900hx,6,0.00010184855120435912
8940hx,6,0.00010184855120435912
ryzne,6,0.00010184855120435912
혼란스러워합니다,6,0.00010184855120435912
전자,6,0.00010184855120435912
기계는,6,0.00010184855120435912
fhd,6,0.00010184855120435912
음질도,6,0.00010184855120435912
트랙,6,0.00010184855120435912
대상으로합니다,6,0.00010184855120435912
스크린의,6,0.00010184855120435912
실사용,6,0.00010184855120435912
탁탁,6,0.00010184855120435912
기다리거나,6,0.00010184855120435912
케이블,6,0.00010184855120435912
한컴,6,0.00010184855120435912
부탁한다,6,0.00010184855120435912
선택인지,6,0.00010184855120435912
만듭니다,6,0.00010184855120435912
혼란스럽게,6,0.00010184855120435912
마리의,6,0.00010184855120435912
방식으로,6,0.00010184855120435912
원인을,6,0.00010184855120435912
사라져야,6,0.00010184855120435912
만에,6,0.00010184855120435912
겁니다,6,0.00010184855120435912
없어요,6,0.00010184855120435912
세탁기가,6,0.00010184855120435912
그램보다는,6,0.00010184855120435912
구트라,6,0.00010184855120435912
특징,6,0.00010184855120435912
있음을,6,0.00010184855120435912
비교하는,6,0.00010184855120435912
5년,6,0.00010184855120435912
이전에,6,0.00010184855120435912
핸드폰으로,6,0.00010184855120435912
존재의,6,0.00010184855120435912
가족의,6,0.00010184855120435912
질문에,6,0.00010184855120435912
누군가이,6,0.00010184855120435912
때가되었습니다,6,0.00010184855120435912
브랜드입니까,6,0.00010184855120435912
여행,6,0.00010184855120435912
소음에,6,0.00010184855120435912
acer는,6,0.00010184855120435912
않은지,6,0.00010184855120435912
낫지,6,0.00010184855120435912
4070보다,6,0.00010184855120435912
스러웠습니다,6,0.00010184855120435912
혼란,6,0.00010184855120435912
구입해야한다면,6,0.00010184855120435912
위에,6,0.00010184855120435912
비율이,6,0.00010184855120435912
생각했는데,6,0.00010184855120435912
손에,6,0.00010184855120435912
들어가는,6,0.00010184855120435912
000원에,6,0.00010184855120435912
가족,6,0.00010184855120435912
위한,6,0.00010184855120435912
깔끔하니,6,0.00010184855120435912
30대,6,0.00010184855120435912
이야기하는,6,0.00010184855120435912
끔찍하고,6,0.00010184855120435912
조각,6,0.00010184855120435912
ish를,6,0.00010184855120435912
내밀어,6,0.00010184855120435912
아버지의,6,0.00010184855120435912
역사상,6,0.00010184855120435912
받자마자,6,0.00010184855120435912
생김,6,0.00010184855120435912
큰돈,6,0.00010184855120435912
지원합니다,6,0.00010184855120435912
필요하지,6,0.00010184855120435912
평소,6,0.00010184855120435912
언제,6,0.00010184855120435912
하더군요,6,0.00010184855120435912
필기,6,0.00010184855120435912
가네요,6,0.00010184855120435912
as센터에서,6,0.00010184855120435912
중입니다,6,0.00010184855120435912
플래그쉽,6,0.00010184855120435912
2560x1600,6,0.00010184855120435912
바랍니다,6,0.00010184855120435912
만족,6,0.00010184855120435912
배터리만으로,6,0.00010184855120435912
모른다,6,0.00010184855120435912
났는지,6,0.00010184855120435912
일어,6,0.00010184855120435912
끔찍합니다,6,0.00010184855120435912
굽히고,6,0.00010184855120435912
닫으면,6,0.00010184855120435912
한쪽에서,6,0.00010184855120435912
앉습니다,6,0.00010184855120435912
가라,6,0.00010184855120435912
듯이,6,0.00010184855120435912
미친,6,0.00010184855120435912
라기,6,0.00010184855120435912
비전문가,6,0.00010184855120435912
거슬리기는,6,0.00010184855120435912
요란하게,6,0.00010184855120435912
고고,6,0.00010184855120435912
살까,6,0.00010184855120435912
ex79k,6,0.00010184855120435912
스토어에서,6,0.00010184855120435912
그랬나,6,0.00010184855120435912
어째,6,0.00010184855120435912
살려고,6,0.00010184855120435912
아끼며,6,0.00010184855120435912
백수,6,0.00010184855120435912
사용하렵니다,6,0.00010184855120435912
만족하고,6,0.00010184855120435912
높아져서,6,0.00010184855120435912
가자니,6,0.00010184855120435912
터치로,6,0.00010184855120435912
있어,6,0.00010184855120435912
youtube보다,6,0.00010184855120435912
변경하면,6,0.00010184855120435912
거부했습니다,6,0.00010184855120435912
거부하기를,6,0.00010184855120435912
부팅을,6,0.00010184855120435912
ubuntu를,6,0.00010184855120435912
zorinos,6,0.00010184855120435912
지속됩니다,6,0.00010184855120435912
배출되어,6,0.00010184855120435912
하중조차도,6,0.00010184855120435912
의미한다,6,0.00010184855120435912
꽂아야한다는,6,0.00010184855120435912
위해서는,6,0.00010184855120435912
죽지,6,0.00010184855120435912
온도,6,0.00010184855120435912
달력,6,0.00010184855120435912
달력이,6,0.00010184855120435912
느낌이지만,6,0.00010184855120435912
1인,6,0.00010184855120435912
불편해하는,6,0.00010184855120435912
됐는데,6,0.00010184855120435912
없어도,6,0.00010184855120435912
터치스크린이어서,6,0.00010184855120435912
편이기는,6,0.00010184855120435912
199g으로,6,0.00010184855120435912
무거워지기는,6,0.00010184855120435912
편하기는,6,0.00010184855120435912
2인치,6,0.00010184855120435912
제조,6,0.00010184855120435912
2017년,6,0.00010184855120435912
ta5ik,6,0.00010184855120435912
머신,6,0.00010184855120435912
향상되었지만,6,0.00010184855120435912
간단했어요,6,0.00010184855120435912
놀랐는데,6,0.00010184855120435912
시작합니다,6,0.00010184855120435912
기본적으로,6,0.00010184855120435912
14z970,6,0.00010184855120435912
소망이,6,0.00010184855120435912
왔으면,6,0.00010184855120435912
상관없지만,6,0.00010184855120435912
것들은,6,0.00010184855120435912
하나씩,6,0.00010184855120435912
배송된다는데,6,0.00010184855120435912
순차적으로,6,0.00010184855120435912
1주일,6,0.00010184855120435912
신청한,6,0.00010184855120435912
별도로,6,0.00010184855120435912
빠져있어서,6,0.00010184855120435912
등그리고,6,0.00010184855120435912
lcd디스플레이,6,0.00010184855120435912
밖의,6,0.00010184855120435912
512gb대신,6,0.00010184855120435912
저장용량,6,0.00010184855120435912
결제가,6,0.00010184855120435912
작아진,6,0.00010184855120435912
자판보다크기는,6,0.00010184855120435912
자판도,6,0.00010184855120435912
큼직큼직하고요,6,0.00010184855120435912
넘어오니까아주,6,0.00010184855120435912
신기했어요,6,0.00010184855120435912
아니어서,6,0.00010184855120435912
동그란,6,0.00010184855120435912
구입하니까충전,6,0.00010184855120435912
사용설명서,6,0.00010184855120435912
휴대폰,6,0.00010184855120435912
같았고,6,0.00010184855120435912
gram으로,6,0.00010184855120435912
봐도,6,0.00010184855120435912
다루고,6,0.00010184855120435912
온갖,6,0.00010184855120435912
타건감,6,0.00010184855120435912
lpddr5,6,0.00010184855120435912
차갑다,6,0.00010184855120435912
lcd모델이,6,0.00010184855120435912
공부한,6,0.00010184855120435912
읽으며,6,0.00010184855120435912
많지,6,0.00010184855120435912
되기,6,0.00010184855120435912
7시가,6,0.00010184855120435912
17일,6,0.00010184855120435912
방송도,6,0.00010184855120435912
15일,6,0.00010184855120435912
제공한다기에,6,0.00010184855120435912
정품도,6,0.00010184855120435912
구입하면,6,0.00010184855120435912
이벤트로,6,0.00010184855120435912
tb,6,0.00010184855120435912
시작하고,6,0.00010184855120435912
박고최종,6,0.00010184855120435912
때려,6,0.00010184855120435912
없기에,6,0.00010184855120435912
해당사항이,6,0.00010184855120435912
덜하다는,6,0.00010184855120435912
피로감이,6,0.00010184855120435912
살껄,6,0.00010184855120435912
편하다,6,0.00010184855120435912
사운드보다,6,0.00010184855120435912
음악,6,0.00010184855120435912
못했습니다,6,0.00010184855120435912
개선됐다,6,0.00010184855120435912
음향도,6,0.00010184855120435912
보더라고요,6,0.00010184855120435912
유명했나,6,0.00010184855120435912
사이에서는,6,0.00010184855120435912
전문가분들,6,0.00010184855120435912
읽어보니까,6,0.00010184855120435912
oled모델,6,0.00010184855120435912
lcd모델,6,0.00010184855120435912
열심이었는데요,6,0.00010184855120435912
누리려고,6,0.00010184855120435912
혜택을,6,0.00010184855120435912
챙겨봤을,6,0.00010184855120435912
플러그를,6,0.00010184855120435912
검색하며,6,0.00010184855120435912
별로라고,6,0.00010184855120435912
들림,6,0.00010184855120435912
소리도,6,0.00010184855120435912
그램이었는데요,6,0.00010184855120435912
함께한,6,0.00010184855120435912
6년을,6,0.00010184855120435912
2개저의,6,0.00010184855120435912
usb포트,6,0.00010184855120435912
재택근무,6,0.00010184855120435912
좋은데,6,0.00010184855120435912
중요하겠더라고요,6,0.00010184855120435912
비교하다,6,0.00010184855120435912
선택했어요,6,0.00010184855120435912
중요할,6,0.00010184855120435912
망할,6,0.00010184855120435912
아닐,6,0.00010184855120435912
ssd입니다,6,0.00010184855120435912
불만이없는,6,0.00010184855120435912
일뿐입니다,6,0.00010184855120435912
이벤트가,6,0.00010184855120435912
뭐다,6,0.00010184855120435912
삼세페다,6,0.00010184855120435912
200만,6,0.00010184855120435912
선의,6,0.00010184855120435912
질색이기에,6,0.00010184855120435912
편의성,6,0.00010184855120435912
수리를,6,0.00010184855120435912
났을,6,0.00010184855120435912
살펴봤습니다,6,0.00010184855120435912
목표,6,0.00010184855120435912
크기를,6,0.00010184855120435912
게이밍,6,0.00010184855120435912
허브를,6,0.00010184855120435912
1개이렇게,6,0.00010184855120435912
dolby,6,0.00010184855120435912
스피커가,6,0.00010184855120435912
제거,6,0.00010184855120435912
답답해질,6,0.00010184855120435912
느려서,6,0.00010184855120435912
1080p,6,0.00010184855120435912
4k가,6,0.00010184855120435912
6인치,6,0.00010184855120435912
겪기,6,0.00010184855120435912
고통을,6,0.00010184855120435912
엉덩이에,6,0.00010184855120435912
없이이,6,0.00010184855120435912
선택지,6,0.00010184855120435912
고속,6,0.00010184855120435912
타건감이,6,0.00010184855120435912
이상의,6,0.00010184855120435912
사람도,6,0.00010184855120435912
영상도,6,0.00010184855120435912
맥북이지만,6,0.00010184855120435912
봐서는,6,0.00010184855120435912
디자인만,6,0.00010184855120435912
소식,6,0.00010184855120435912
접한,6,0.00010184855120435912
무렵,6,0.00010184855120435912
크기가,6,0.00010184855120435912
기반의,6,0.00010184855120435912
이좋은세상,6,0.00010184855120435912
노트북입니다,6,0.00010184855120435912
아니,6,0.00010184855120435912
아니다보니,6,0.00010184855120435912
현재는,6,0.00010184855120435912
키패드가,6,0.00010184855120435912
예쁜,6,0.00010184855120435912
커버가,6,0.00010184855120435912
반면,6,0.00010184855120435912
맥북의,6,0.00010184855120435912
수록,6,0.00010184855120435912
정면으로,6,0.00010184855120435912
필수적으로,6,0.00010184855120435912
빼고,6,0.00010184855120435912
개인적인,6,0.00010184855120435912
키패드는,6,0.00010184855120435912
어울리지,6,0.00010184855120435912
사는게,6,0.00010184855120435912
생긴,6,0.00010184855120435912
구입해서,6,0.00010184855120435912
검색,6,0.00010184855120435912
고민하다,6,0.00010184855120435912
필요성을,6,0.00010184855120435912
열면,6,0.00010184855120435912
fi,6,0.00010184855120435912
성능에,6,0.00010184855120435912
히메,6,0.00010184855120435912
천수의,6,0.00010184855120435912
그런가,6,0.00010184855120435912
배경,6,0.00010184855120435912
집중적,6,0.00010184855120435912
깨끗하게,6,0.00010184855120435912
느낌입니다,6,0.00010184855120435912
같네요,6,0.00010184855120435912
걱정,6,0.00010184855120435912
부분에,6,0.00010184855120435912
스타일은,6,0.00010184855120435912
아리아,6,0.00010184855120435912
저사양,6,0.00010184855120435912
않았지만,6,0.00010184855120435912
led,6,0.00010184855120435912
처음에는,6,0.00010184855120435912
터치가,6,0.00010184855120435912
걱정하지는,6,0.00010184855120435912
wi,6,0.00010184855120435912
있으므로,6,0.00010184855120435912
신기해요,6,0.00010184855120435912
얇은,6,0.00010184855120435912
추천드립니다,6,0.00010184855120435912
사용되는,6,0.00010184855120435912
절반입니다,6,0.00010184855120435912
선호합니다,6,0.00010184855120435912
달리는,6,0.00010184855120435912
쿨러를,6,0.00010184855120435912
넘는,6,0.00010184855120435912
하기,6,0.00010184855120435912
장치의,6,0.00010184855120435912
2in1이,6,0.00010184855120435912
선택이,6,0.00010184855120435912
것을로드하여,6,0.00010184855120435912
앞에있을,6,0.00010184855120435912
읽는,6,0.00010184855120435912
모드에서,6,0.00010184855120435912
스탠드,6,0.00010184855120435912
크로니클,6,0.00010184855120435912
칩과,6,0.00010184855120435912
프로는,6,0.00010184855120435912
용감한,6,0.00010184855120435912
크롬과,6,0.00010184855120435912
팬들은,6,0.00010184855120435912
과열,6,0.00010184855120435912
교체해야합니다,6,0.00010184855120435912
달러로,6,0.00010184855120435912
충전주기가,6,0.00010184855120435912
수명이있는,6,0.00010184855120435912
생각하고있었습니다,6,0.00010184855120435912
를받을,6,0.00010184855120435912
내부,6,0.00010184855120435912
저처럼,6,0.00010184855120435912
뭐라고,6,0.00010184855120435912
대용량,6,0.00010184855120435912
700이므로,6,0.00010184855120435912
좋게,6,0.00010184855120435912
확신이,6,0.00010184855120435912
않음,6,0.00010184855120435912
리뷰와,6,0.00010184855120435912
랩톱에,6,0.00010184855120435912
외부로,6,0.00010184855120435912
리퍼브,6,0.00010184855120435912
반품이,6,0.00010184855120435912
보증과,6,0.00010184855120435912
ebay에서,6,0.00010184855120435912
850입니다,6,0.00010184855120435912
적합하거나,6,0.00010184855120435912
편집에,6,0.00010184855120435912
lg전자lg,6,0.00010184855120435912
안에,6,0.00010184855120435912
소프트웨어가,6,0.00010184855120435912
생각할,6,0.00010184855120435912
것들이,6,0.00010184855120435912
쓸만한,6,0.00010184855120435912
만들,6,0.00010184855120435912
전원이,6,0.00010184855120435912
aaa,6,0.00010184855120435912
32인치,6,0.00010184855120435912
캘리브레이션,6,0.00010184855120435912
듀얼,6,0.00010184855120435912
벤큐,6,0.00010184855120435912
없죠,6,0.00010184855120435912
그리,6,0.00010184855120435912
가격도,6,0.00010184855120435912
등등이,6,0.00010184855120435912
장점을,6,0.00010184855120435912
좋으며,6,0.00010184855120435912
랩에서,5,8.487379267029927e-05
가전,5,8.487379267029927e-05
www,5,8.487379267029927e-05
간단하게,5,8.487379267029927e-05
이리저리,5,8.487379267029927e-05
선택일까요,5,8.487379267029927e-05
258v,5,8.487379267029927e-05
친구,5,8.487379267029927e-05
간단한,5,8.487379267029927e-05
5시간,5,8.487379267029927e-05
boost,5,8.487379267029927e-05
디스플레이에,5,8.487379267029927e-05
1cm,5,8.487379267029927e-05
최적의,5,8.487379267029927e-05
포함한,5,8.487379267029927e-05
간편하게,5,8.487379267029927e-05
넣어,5,8.487379267029927e-05
노트북이랑,5,8.487379267029927e-05
한동안,5,8.487379267029927e-05
있을것,5,8.487379267029927e-05
화면에,5,8.487379267029927e-05
대학,5,8.487379267029927e-05
절대적으로,5,8.487379267029927e-05
자체는,5,8.487379267029927e-05
방식을,5,8.487379267029927e-05
스트로크가,5,8.487379267029927e-05
72wh,5,8.487379267029927e-05
여기에서,5,8.487379267029927e-05
띄지,5,8.487379267029927e-05
알루미늄,5,8.487379267029927e-05
단단한,5,8.487379267029927e-05
요구에,5,8.487379267029927e-05
매일매일,5,8.487379267029927e-05
휴대성이,5,8.487379267029927e-05
너무나도,5,8.487379267029927e-05
gram을,5,8.487379267029927e-05
매장에,5,8.487379267029927e-05
것입니까,5,8.487379267029927e-05
할수,5,8.487379267029927e-05
축적되기,5,8.487379267029927e-05
고정시키고,5,8.487379267029927e-05
살아야,5,8.487379267029927e-05
마찬가지로,5,8.487379267029927e-05
분은,5,8.487379267029927e-05
궁금합니다,5,8.487379267029927e-05
가능하다,5,8.487379267029927e-05
그램뷰,5,8.487379267029927e-05
후기였다,5,8.487379267029927e-05
파우치가,5,8.487379267029927e-05
지문인식,5,8.487379267029927e-05
프로그래밍,5,8.487379267029927e-05
내장그래픽,5,8.487379267029927e-05
밑으로,5,8.487379267029927e-05
있었죠,5,8.487379267029927e-05
예전에,5,8.487379267029927e-05
읽었습니다,5,8.487379267029927e-05
키를,5,8.487379267029927e-05
파우치는,5,8.487379267029927e-05
되면서,5,8.487379267029927e-05
정밀한,5,8.487379267029927e-05
랩탑에,5,8.487379267029927e-05
소비해야합니까,5,8.487379267029927e-05
가능하고,5,8.487379267029927e-05
궁금하신,5,8.487379267029927e-05
참고해주세요,5,8.487379267029927e-05
방향으로,5,8.487379267029927e-05
이봐,5,8.487379267029927e-05
16arx8,5,8.487379267029927e-05
82wm0006us,5,8.487379267029927e-05
훌륭했지만,5,8.487379267029927e-05
마모,5,8.487379267029927e-05
손가락으로,5,8.487379267029927e-05
탭을,5,8.487379267029927e-05
제작,5,8.487379267029927e-05
추천할,5,8.487379267029927e-05
이동중에도,5,8.487379267029927e-05
같다는,5,8.487379267029927e-05
확신하지,5,8.487379267029927e-05
문제로,5,8.487379267029927e-05
무모하게,5,8.487379267029927e-05
시도했지만,5,8.487379267029927e-05
등장한,5,8.487379267029927e-05
커버,5,8.487379267029927e-05
무리가,5,8.487379267029927e-05
마무리,5,8.487379267029927e-05
하다보니,5,8.487379267029927e-05
제공하는,5,8.487379267029927e-05
컨텐츠,5,8.487379267029927e-05
속도는,5,8.487379267029927e-05
매끄러운,5,8.487379267029927e-05
7의,5,8.487379267029927e-05
가고,5,8.487379267029927e-05
스크린은,5,8.487379267029927e-05
반으로,5,8.487379267029927e-05
포터블,5,8.487379267029927e-05
정식,5,8.487379267029927e-05
명칭은,5,8.487379267029927e-05
프로그램이,5,8.487379267029927e-05
설레는,5,8.487379267029927e-05
스피커를,5,8.487379267029927e-05
들어가,5,8.487379267029927e-05
모습을,5,8.487379267029927e-05
느낌적인,5,8.487379267029927e-05
inspiron,5,8.487379267029927e-05
명백히,5,8.487379267029927e-05
핫하고,5,8.487379267029927e-05
위도,5,8.487379267029927e-05
7650입니다,5,8.487379267029927e-05
약해,5,8.487379267029927e-05
나머드가,5,8.487379267029927e-05
xps는,5,8.487379267029927e-05
컴퓨터이지만,5,8.487379267029927e-05
수없고,5,8.487379267029927e-05
뜨겁지,5,8.487379267029927e-05
보여주는,5,8.487379267029927e-05
16에서,5,8.487379267029927e-05
수년에,5,8.487379267029927e-05
걸쳐,5,8.487379267029927e-05
감소한,5,8.487379267029927e-05
날카롭게,5,8.487379267029927e-05
표시,5,8.487379267029927e-05
니트로,5,8.487379267029927e-05
지정됩니다,5,8.487379267029927e-05
범위의,5,8.487379267029927e-05
커버리지는,5,8.487379267029927e-05
이므로,5,8.487379267029927e-05
배터리입니다,5,8.487379267029927e-05
곳에서,5,8.487379267029927e-05
상황이,5,8.487379267029927e-05
이상으로,5,8.487379267029927e-05
봅니다,5,8.487379267029927e-05
모델에서,5,8.487379267029927e-05
멀리,5,8.487379267029927e-05
떨어져있는,5,8.487379267029927e-05
고려해야,5,8.487379267029927e-05
3년,5,8.487379267029927e-05
구매했던,5,8.487379267029927e-05
뚜껑이,5,8.487379267029927e-05
lg가,5,8.487379267029927e-05
아이디어,5,8.487379267029927e-05
일을하지,5,8.487379267029927e-05
열과,5,8.487379267029927e-05
proart와,5,8.487379267029927e-05
같은지,5,8.487379267029927e-05
요구를,5,8.487379267029927e-05
소리는,5,8.487379267029927e-05
그런게,5,8.487379267029927e-05
qhd,5,8.487379267029927e-05
픽셀,5,8.487379267029927e-05
텍스트와,5,8.487379267029927e-05
이미지를,5,8.487379267029927e-05
usbc,5,8.487379267029927e-05
받았으며,5,8.487379267029927e-05
년부터,5,8.487379267029927e-05
pro에서,5,8.487379267029927e-05
설립하려고합니다,5,8.487379267029927e-05
글자,5,8.487379267029927e-05
작성할,5,8.487379267029927e-05
타이핑,5,8.487379267029927e-05
일은,5,8.487379267029927e-05
기능에,5,8.487379267029927e-05
드네요,5,8.487379267029927e-05
랩톱의,5,8.487379267029927e-05
참조를,5,8.487379267029927e-05
ip,5,8.487379267029927e-05
디스플레이입니다,5,8.487379267029927e-05
생각한,5,8.487379267029927e-05
무언가를,5,8.487379267029927e-05
적용하는,5,8.487379267029927e-05
ptm7950,5,8.487379267029927e-05
제공했으며,5,8.487379267029927e-05
그램에서,5,8.487379267029927e-05
제목은,5,8.487379267029927e-05
im은,5,8.487379267029927e-05
프리도스,5,8.487379267029927e-05
있으니,5,8.487379267029927e-05
심하게,5,8.487379267029927e-05
지문,5,8.487379267029927e-05
없으면,5,8.487379267029927e-05
태블릿,5,8.487379267029927e-05
원할,5,8.487379267029927e-05
제품의,5,8.487379267029927e-05
tb4,5,8.487379267029927e-05
재생,5,8.487379267029927e-05
코딩,5,8.487379267029927e-05
원격,5,8.487379267029927e-05
작성,5,8.487379267029927e-05
코드,5,8.487379267029927e-05
할까,5,8.487379267029927e-05
흔들,5,8.487379267029927e-05
1440p,5,8.487379267029927e-05
업그레이드를,5,8.487379267029927e-05
보이면,5,8.487379267029927e-05
시작해,5,8.487379267029927e-05
정상으로,5,8.487379267029927e-05
열적지가,5,8.487379267029927e-05
파이프는,5,8.487379267029927e-05
따르고,5,8.487379267029927e-05
그람,5,8.487379267029927e-05
과열이,5,8.487379267029927e-05
새로운시기에,5,8.487379267029927e-05
과열을,5,8.487379267029927e-05
느끼면,5,8.487379267029927e-05
써보니까,5,8.487379267029927e-05
슬슬,5,8.487379267029927e-05
적용하기,5,8.487379267029927e-05
오기로,5,8.487379267029927e-05
페이스트는,5,8.487379267029927e-05
적용되었지만,5,8.487379267029927e-05
건조되었습니다,5,8.487379267029927e-05
핸드폰도,5,8.487379267029927e-05
쇼핑,5,8.487379267029927e-05
맥북과,5,8.487379267029927e-05
와서,5,8.487379267029927e-05
우유부단한,5,8.487379267029927e-05
저렴하게,5,8.487379267029927e-05
분명히,5,8.487379267029927e-05
디자인과,5,8.487379267029927e-05
맥을,5,8.487379267029927e-05
키보드도,5,8.487379267029927e-05
집에서는,5,8.487379267029927e-05
연결하고,5,8.487379267029927e-05
nvidia의,5,8.487379267029927e-05
nvidia는,5,8.487379267029927e-05
아님,5,8.487379267029927e-05
좋은것,5,8.487379267029927e-05
그래픽이,5,8.487379267029927e-05
사용중인,5,8.487379267029927e-05
거기다,5,8.487379267029927e-05
써도,5,8.487379267029927e-05
생각하면,5,8.487379267029927e-05
기술을,5,8.487379267029927e-05
모르지만,5,8.487379267029927e-05
필요하다고,5,8.487379267029927e-05
안내가,5,8.487379267029927e-05
페이스트가,5,8.487379267029927e-05
부적절하게,5,8.487379267029927e-05
적용되는,5,8.487379267029927e-05
논의,5,8.487379267029927e-05
rtx3050이,5,8.487379267029927e-05
열적으로,5,8.487379267029927e-05
스로틀링,5,8.487379267029927e-05
16in에,5,8.487379267029927e-05
써본,5,8.487379267029927e-05
위에서,5,8.487379267029927e-05
있는것,5,8.487379267029927e-05
아예,5,8.487379267029927e-05
예쁘긴,5,8.487379267029927e-05
카페,5,8.487379267029927e-05
좋아하고,5,8.487379267029927e-05
프로에는,5,8.487379267029927e-05
명의,5,8.487379267029927e-05
팬과,5,8.487379267029927e-05
제공됩니다,5,8.487379267029927e-05
조용한다고,5,8.487379267029927e-05
가정합니다,5,8.487379267029927e-05
9u1에는,5,8.487379267029927e-05
적합한지를,5,8.487379267029927e-05
아쉽습니다,5,8.487379267029927e-05
이상한,5,8.487379267029927e-05
카드를,5,8.487379267029927e-05
그라파이트,5,8.487379267029927e-05
제품들이,5,8.487379267029927e-05
aug7u1,5,8.487379267029927e-05
aub9u1,5,8.487379267029927e-05
존재하는,5,8.487379267029927e-05
하니까,5,8.487379267029927e-05
작다,5,8.487379267029927e-05
부정적인,5,8.487379267029927e-05
이점을,5,8.487379267029927e-05
한컴독스,5,8.487379267029927e-05
한컴오피스는,5,8.487379267029927e-05
써보는,5,8.487379267029927e-05
운이,5,8.487379267029927e-05
찍힌,5,8.487379267029927e-05
보이시죠,5,8.487379267029927e-05
거면,5,8.487379267029927e-05
차라리,5,8.487379267029927e-05
화이트가,5,8.487379267029927e-05
않았을까,5,8.487379267029927e-05
보게,5,8.487379267029927e-05
비용이,5,8.487379267029927e-05
작아,5,8.487379267029927e-05
윈도우는,5,8.487379267029927e-05
45w,5,8.487379267029927e-05
아쉬움이,5,8.487379267029927e-05
반품,5,8.487379267029927e-05
절반이,5,8.487379267029927e-05
해야하는데,5,8.487379267029927e-05
어쩔,5,8.487379267029927e-05
필요할,5,8.487379267029927e-05
적합한,5,8.487379267029927e-05
refresh,5,8.487379267029927e-05
rate,5,8.487379267029927e-05
16z90ts,5,8.487379267029927e-05
탠덤,5,8.487379267029927e-05
ipad,5,8.487379267029927e-05
포함하여,5,8.487379267029927e-05
언급,5,8.487379267029927e-05
serries,5,8.487379267029927e-05
여유가,5,8.487379267029927e-05
3월,5,8.487379267029927e-05
북5,5,8.487379267029927e-05
보인다,5,8.487379267029927e-05
구입한지,5,8.487379267029927e-05
어렵고,5,8.487379267029927e-05
충전기까지,5,8.487379267029927e-05
나왔습니다,5,8.487379267029927e-05
발열도,5,8.487379267029927e-05
토론하고,5,8.487379267029927e-05
브라우징을,5,8.487379267029927e-05
장난감,5,8.487379267029927e-05
조금은,5,8.487379267029927e-05
자신을,5,8.487379267029927e-05
키워드가,5,8.487379267029927e-05
포함된,5,8.487379267029927e-05
완벽한,5,8.487379267029927e-05
전반적으로,5,8.487379267029927e-05
air,5,8.487379267029927e-05
작을,5,8.487379267029927e-05
불편함을,5,8.487379267029927e-05
같았다,5,8.487379267029927e-05
때마다,5,8.487379267029927e-05
깊게,5,8.487379267029927e-05
공인인증서,5,8.487379267029927e-05
심지어,5,8.487379267029927e-05
9i,5,8.487379267029927e-05
엘지로,5,8.487379267029927e-05
즐거웠습니다,5,8.487379267029927e-05
형태의,5,8.487379267029927e-05
요인으로,5,8.487379267029927e-05
여행하기가,5,8.487379267029927e-05
편했다,5,8.487379267029927e-05
일반적인,5,8.487379267029927e-05
1도,5,8.487379267029927e-05
생각하지만,5,8.487379267029927e-05
예뻐,5,8.487379267029927e-05
완료,5,8.487379267029927e-05
16gbssd,5,8.487379267029927e-05
운영,5,8.487379267029927e-05
다가오는,5,8.487379267029927e-05
일주일,5,8.487379267029927e-05
아직까진,5,8.487379267029927e-05
어두운,5,8.487379267029927e-05
업무를,5,8.487379267029927e-05
무게무게는,5,8.487379267029927e-05
봐서,5,8.487379267029927e-05
10년,5,8.487379267029927e-05
키보드의,5,8.487379267029927e-05
시작한다,5,8.487379267029927e-05
감이,5,8.487379267029927e-05
파워,5,8.487379267029927e-05
반사,5,8.487379267029927e-05
집에서만,5,8.487379267029927e-05
이라고,5,8.487379267029927e-05
17인치를,5,8.487379267029927e-05
고르면,5,8.487379267029927e-05
사는,5,8.487379267029927e-05
샀으니,5,8.487379267029927e-05
몰랐는데,5,8.487379267029927e-05
사면서,5,8.487379267029927e-05
처럼,5,8.487379267029927e-05
제공하고,5,8.487379267029927e-05
14인치는,5,8.487379267029927e-05
분이,5,8.487379267029927e-05
들어가서,5,8.487379267029927e-05
보세요,5,8.487379267029927e-05
선명한,5,8.487379267029927e-05
않았으며,5,8.487379267029927e-05
구매하면서,5,8.487379267029927e-05
받는,5,8.487379267029927e-05
전문가가,5,8.487379267029927e-05
넘어서는,5,8.487379267029927e-05
지어진,5,8.487379267029927e-05
환상적이며,5,8.487379267029927e-05
어렵다,5,8.487379267029927e-05
살걸,5,8.487379267029927e-05
느낌이다,5,8.487379267029927e-05
저와,5,8.487379267029927e-05
의견을,5,8.487379267029927e-05
동영상,5,8.487379267029927e-05
커서를,5,8.487379267029927e-05
65w,5,8.487379267029927e-05
불안,5,8.487379267029927e-05
15인치와,5,8.487379267029927e-05
가는게,5,8.487379267029927e-05
싶을,5,8.487379267029927e-05
연결할,5,8.487379267029927e-05
사용하게,5,8.487379267029927e-05
오기,5,8.487379267029927e-05
때와,5,8.487379267029927e-05
노트북에서,5,8.487379267029927e-05
꽂는,5,8.487379267029927e-05
못하고,5,8.487379267029927e-05
중간,5,8.487379267029927e-05
사은품,5,8.487379267029927e-05
p3,5,8.487379267029927e-05
깔끔하고,5,8.487379267029927e-05
정보가,5,8.487379267029927e-05
이해하고,5,8.487379267029927e-05
한참,5,8.487379267029927e-05
블로그를,5,8.487379267029927e-05
검색하면,5,8.487379267029927e-05
메인,5,8.487379267029927e-05
보이지,5,8.487379267029927e-05
그런건지,5,8.487379267029927e-05
나지,5,8.487379267029927e-05
싶습니까,5,8.487379267029927e-05
괜찮은지,5,8.487379267029927e-05
cpu로,5,8.487379267029927e-05
logitech,5,8.487379267029927e-05
cpu가,5,8.487379267029927e-05
2x1tb,5,8.487379267029927e-05
16t90tp,5,8.487379267029927e-05
adb7u1,5,8.487379267029927e-05
설치기사님이,5,8.487379267029927e-05
어디,5,8.487379267029927e-05
부담,5,8.487379267029927e-05
기분,5,8.487379267029927e-05
kr,5,8.487379267029927e-05
포스팅,5,8.487379267029927e-05
부모님,5,8.487379267029927e-05
온보드,5,8.487379267029927e-05
이것,5,8.487379267029927e-05
graphics,5,8.487379267029927e-05
좋지만,5,8.487379267029927e-05
port,5,8.487379267029927e-05
스테이션,5,8.487379267029927e-05
식으로,5,8.487379267029927e-05
이동,5,8.487379267029927e-05
안녕,5,8.487379267029927e-05
위기,5,8.487379267029927e-05
찍는,5,8.487379267029927e-05
옆에,5,8.487379267029927e-05
폰트,5,8.487379267029927e-05
에서이,5,8.487379267029927e-05
느낀,5,8.487379267029927e-05
키스킨,5,8.487379267029927e-05
지는지,5,8.487379267029927e-05
otracker1,4,6.789903413623942e-05
아내와,4,6.789903413623942e-05
모델보다,4,6.789903413623942e-05
기본적인,4,6.789903413623942e-05
삼성에서,4,6.789903413623942e-05
여분의,4,6.789903413623942e-05
느려진다거나,4,6.789903413623942e-05
16zd90sp,4,6.789903413623942e-05
그램14,4,6.789903413623942e-05
14zd90t,4,6.789903413623942e-05
측면이,4,6.789903413623942e-05
엔진을,4,6.789903413623942e-05
ios,4,6.789903413623942e-05
있어서한,4,6.789903413623942e-05
이곳저곳,4,6.789903413623942e-05
오늘도,4,6.789903413623942e-05
aspire,4,6.789903413623942e-05
사용해보고는,4,6.789903413623942e-05
힌지는,4,6.789903413623942e-05
구체적으로는,4,6.789903413623942e-05
gegeforce,4,6.789903413623942e-05
a715,4,6.789903413623942e-05
76g,4,6.789903413623942e-05
548j,4,6.789903413623942e-05
itm20708ce5793f7,4,6.789903413623942e-05
2fb5g,4,6.789903413623942e-05
srno,4,6.789903413623942e-05
_5,4,6.789903413623942e-05
otracker,4,6.789903413623942e-05
안해요,4,6.789903413623942e-05
안정화가,4,6.789903413623942e-05
되려나요,4,6.789903413623942e-05
전까지는,4,6.789903413623942e-05
플라스틱,4,6.789903413623942e-05
없는lg그램링크입니다,4,6.789903413623942e-05
윈도가,4,6.789903413623942e-05
윈도,4,6.789903413623942e-05
괜찮,4,6.789903413623942e-05
adobe,4,6.789903413623942e-05
겸용으로,4,6.789903413623942e-05
장기적으로,4,6.789903413623942e-05
글이,4,6.789903413623942e-05
구매하실,4,6.789903413623942e-05
존버,4,6.789903413623942e-05
앞에,4,6.789903413623942e-05
가볍다고,4,6.789903413623942e-05
받으면,4,6.789903413623942e-05
뛰어난,4,6.789903413623942e-05
사실입니다,4,6.789903413623942e-05
장치에서,4,6.789903413623942e-05
반사적,4,6.789903413623942e-05
버전을,4,6.789903413623942e-05
코팅으로,4,6.789903413623942e-05
확인했고,4,6.789903413623942e-05
사용하면서,4,6.789903413623942e-05
되게,4,6.789903413623942e-05
lbs에서,4,6.789903413623942e-05
관심을,4,6.789903413623942e-05
무거운면에,4,6.789903413623942e-05
바닥에,4,6.789903413623942e-05
결과를,4,6.789903413623942e-05
해줘요,4,6.789903413623942e-05
t14s,4,6.789903413623942e-05
실사,4,6.789903413623942e-05
쓰다보면,4,6.789903413623942e-05
속도도,4,6.789903413623942e-05
분명,4,6.789903413623942e-05
남편,4,6.789903413623942e-05
날이,4,6.789903413623942e-05
날도,4,6.789903413623942e-05
되는데,4,6.789903413623942e-05
기기도,4,6.789903413623942e-05
가능은,4,6.789903413623942e-05
매력이,4,6.789903413623942e-05
보여요,4,6.789903413623942e-05
7840u,4,6.789903413623942e-05
780m,4,6.789903413623942e-05
분들이,4,6.789903413623942e-05
용도로,4,6.789903413623942e-05
보다가,4,6.789903413623942e-05
15z995,4,6.789903413623942e-05
비트,4,6.789903413623942e-05
무거워서,4,6.789903413623942e-05
lunar,4,6.789903413623942e-05
광택이,4,6.789903413623942e-05
지원을,4,6.789903413623942e-05
관심이,4,6.789903413623942e-05
단축키도,4,6.789903413623942e-05
옆으로,4,6.789903413623942e-05
생각도,4,6.789903413623942e-05
아이패드로,4,6.789903413623942e-05
찾는,4,6.789903413623942e-05
장점이,4,6.789903413623942e-05
잔고장,4,6.789903413623942e-05
비용,4,6.789903413623942e-05
3050을,4,6.789903413623942e-05
동급,4,6.789903413623942e-05
별거,4,6.789903413623942e-05
어디야,4,6.789903413623942e-05
경량화,4,6.789903413623942e-05
품질을,4,6.789903413623942e-05
타사,4,6.789903413623942e-05
맞아,4,6.789903413623942e-05
추후에,4,6.789903413623942e-05
듭니다,4,6.789903413623942e-05
처음부터,4,6.789903413623942e-05
어렵다는,4,6.789903413623942e-05
스택,4,6.789903413623942e-05
14세대,4,6.789903413623942e-05
원대,4,6.789903413623942e-05
외부,4,6.789903413623942e-05
중고등학생이,4,6.789903413623942e-05
구입했어요,4,6.789903413623942e-05
windows에,4,6.789903413623942e-05
시도했습니다,4,6.789903413623942e-05
발생하는,4,6.789903413623942e-05
자신의,4,6.789903413623942e-05
gaowk,4,6.789903413623942e-05
본품,4,6.789903413623942e-05
했다가,4,6.789903413623942e-05
왠지,4,6.789903413623942e-05
리튬,4,6.789903413623942e-05
이며,4,6.789903413623942e-05
캘리브레이터도,4,6.789903413623942e-05
퍼포먼스와,4,6.789903413623942e-05
확인하세요www,4,6.789903413623942e-05
캘리브레이션을,4,6.789903413623942e-05
하면서,4,6.789903413623942e-05
선호하는,4,6.789903413623942e-05
조류,4,6.789903413623942e-05
품질,4,6.789903413623942e-05
유튜브,4,6.789903413623942e-05
실물,4,6.789903413623942e-05
샤픈,4,6.789903413623942e-05
없다보니,4,6.789903413623942e-05
걸로,4,6.789903413623942e-05
소설을,4,6.789903413623942e-05
미루다,4,6.789903413623942e-05
어쩌구,4,6.789903413623942e-05
전문가용,4,6.789903413623942e-05
125h,4,6.789903413623942e-05
않아도,4,6.789903413623942e-05
fhd를,4,6.789903413623942e-05
선택하지,4,6.789903413623942e-05
못하는게,4,6.789903413623942e-05
서비스가,4,6.789903413623942e-05
점점,4,6.789903413623942e-05
평균,4,6.789903413623942e-05
좁아서,4,6.789903413623942e-05
gpt,4,6.789903413623942e-05
device,4,6.789903413623942e-05
소프트웨어는,4,6.789903413623942e-05
캘리브레이터가,4,6.789903413623942e-05
읽기,4,6.789903413623942e-05
엔클로저,4,6.789903413623942e-05
웨스턴,4,6.789903413623942e-05
거슬리지,4,6.789903413623942e-05
버전의,4,6.789903413623942e-05
가졌던,4,6.789903413623942e-05
사실이지만,4,6.789903413623942e-05
고민하던,4,6.789903413623942e-05
사용하기엔,4,6.789903413623942e-05
control,4,6.789903413623942e-05
관련된,4,6.789903413623942e-05
썼는데,4,6.789903413623942e-05
내고,4,6.789903413623942e-05
나타났습니다,4,6.789903413623942e-05
하드웨어,4,6.789903413623942e-05
초경량,4,6.789903413623942e-05
스타일의,4,6.789903413623942e-05
활용성은,4,6.789903413623942e-05
무게도,4,6.789903413623942e-05
넘지,4,6.789903413623942e-05
npu,4,6.789903413623942e-05
발로,4,6.789903413623942e-05
찬양하는,4,6.789903413623942e-05
프로그램으로,4,6.789903413623942e-05
조정,4,6.789903413623942e-05
행동을,4,6.789903413623942e-05
무한대로,4,6.789903413623942e-05
컴파일러가,4,6.789903413623942e-05
설치해야,4,6.789903413623942e-05
설치를,4,6.789903413623942e-05
장착,4,6.789903413623942e-05
아쉽지는,4,6.789903413623942e-05
안된다고,4,6.789903413623942e-05
세부,4,6.789903413623942e-05
예상,4,6.789903413623942e-05
잡아먹는,4,6.789903413623942e-05
그게,4,6.789903413623942e-05
아니라면,4,6.789903413623942e-05
xps,4,6.789903413623942e-05
하도,4,6.789903413623942e-05
unity,4,6.789903413623942e-05
예뻐서,4,6.789903413623942e-05
예쁘기만,4,6.789903413623942e-05
현대,4,6.789903413623942e-05
단축키,4,6.789903413623942e-05
느리게,4,6.789903413623942e-05
4개가,4,6.789903413623942e-05
기억이,4,6.789903413623942e-05
예쁜데,4,6.789903413623942e-05
따라,4,6.789903413623942e-05
레버가,4,6.789903413623942e-05
게임이나,4,6.789903413623942e-05
balah,4,6.789903413623942e-05
작동,4,6.789903413623942e-05
넣어서,4,6.789903413623942e-05
넉넉하게,4,6.789903413623942e-05
별도,4,6.789903413623942e-05
낮게,4,6.789903413623942e-05
공급,4,6.789903413623942e-05
탑재한,4,6.789903413623942e-05
저반사,4,6.789903413623942e-05
5를,4,6.789903413623942e-05
케이스는,4,6.789903413623942e-05
호스트,4,6.789903413623942e-05
가져다,4,6.789903413623942e-05
칼디짓을,4,6.789903413623942e-05
차이점을,4,6.789903413623942e-05
도움이되는,4,6.789903413623942e-05
코어가,4,6.789903413623942e-05
편해서,4,6.789903413623942e-05
이정도,4,6.789903413623942e-05
녀석인데,4,6.789903413623942e-05
인식도,4,6.789903413623942e-05
컬러의,4,6.789903413623942e-05
썬더볼트를,4,6.789903413623942e-05
지원하지,4,6.789903413623942e-05
20만,4,6.789903413623942e-05
싶다면,4,6.789903413623942e-05
측면에는,4,6.789903413623942e-05
nvidia에,4,6.789903413623942e-05
카페에,4,6.789903413623942e-05
것만,4,6.789903413623942e-05
268v,4,6.789903413623942e-05
들지,4,6.789903413623942e-05
정상,4,6.789903413623942e-05
나옵니다,4,6.789903413623942e-05
많은데,4,6.789903413623942e-05
쓸수,4,6.789903413623942e-05
쓰겠어요,4,6.789903413623942e-05
필요시,4,6.789903413623942e-05
14인치가,4,6.789903413623942e-05
이런저런,4,6.789903413623942e-05
배송받았습니다,4,6.789903413623942e-05
박스도,4,6.789903413623942e-05
만한,4,6.789903413623942e-05
5월,4,6.789903413623942e-05
오픈,4,6.789903413623942e-05
때부터,4,6.789903413623942e-05
열자마자,4,6.789903413623942e-05
같더라구요,4,6.789903413623942e-05
엘레멘트,4,6.789903413623942e-05
정관장,4,6.789903413623942e-05
비싸지만,4,6.789903413623942e-05
gen2,4,6.789903413623942e-05
기왕이면,4,6.789903413623942e-05
hp,4,6.789903413623942e-05
개조됩니다,4,6.789903413623942e-05
쪽을,4,6.789903413623942e-05
개발할,4,6.789903413623942e-05
솔루션,4,6.789903413623942e-05
수준에서,4,6.789903413623942e-05
경쟁,4,6.789903413623942e-05
열리지,4,6.789903413623942e-05
정보는,4,6.789903413623942e-05
칸이,4,6.789903413623942e-05
무료나눔,4,6.789903413623942e-05
완충하면,4,6.789903413623942e-05
master,4,6.789903413623942e-05
왜인지,4,6.789903413623942e-05
배송이,4,6.789903413623942e-05
3s,4,6.789903413623942e-05
상자를,4,6.789903413623942e-05
구성품이,4,6.789903413623942e-05
썼다가,4,6.789903413623942e-05
style,4,6.789903413623942e-05
않더라고요,4,6.789903413623942e-05
컬러,4,6.789903413623942e-05
왔다갔다,4,6.789903413623942e-05
무이자,4,6.789903413623942e-05
직장인노트북,4,6.789903413623942e-05
15zd95p,4,6.789903413623942e-05
gx56k,4,6.789903413623942e-05
keys,4,6.789903413623942e-05
s는,4,6.789903413623942e-05
그걸,4,6.789903413623942e-05
가져와서,4,6.789903413623942e-05
주변에서,4,6.789903413623942e-05
두기로,4,6.789903413623942e-05
고민하다가,4,6.789903413623942e-05
사긴,4,6.789903413623942e-05
데다가,4,6.789903413623942e-05
고민도,4,6.789903413623942e-05
모니터는,4,6.789903413623942e-05
은은하게,4,6.789903413623942e-05
7개,4,6.789903413623942e-05
패드의,4,6.789903413623942e-05
2개나,4,6.789903413623942e-05
부담이,4,6.789903413623942e-05
거라고,4,6.789903413623942e-05
깡통으로,4,6.789903413623942e-05
다르다고,4,6.789903413623942e-05
일러스트레이터,4,6.789903413623942e-05
15z9on,4,6.789903413623942e-05
도시바,4,6.789903413623942e-05
사용한지,4,6.789903413623942e-05
갑자기,4,6.789903413623942e-05
사용하지만,4,6.789903413623942e-05
그동안,4,6.789903413623942e-05
사야겠다,4,6.789903413623942e-05
하겠다고,4,6.789903413623942e-05
불편해,4,6.789903413623942e-05
픽스인사이트,4,6.789903413623942e-05
불편해서,4,6.789903413623942e-05
피씨,4,6.789903413623942e-05
비링크,4,6.789903413623942e-05
미니피씨,4,6.789903413623942e-05
된다면,4,6.789903413623942e-05
북4,4,6.789903413623942e-05
남아서,4,6.789903413623942e-05
썼습니다,4,6.789903413623942e-05
카탈로그,4,6.789903413623942e-05
놓친,4,6.789903413623942e-05
느낌을,4,6.789903413623942e-05
점입니다,4,6.789903413623942e-05
있었어요,4,6.789903413623942e-05
자연스럽게,4,6.789903413623942e-05
마그네슘,4,6.789903413623942e-05
사용했지만,4,6.789903413623942e-05
선택할,4,6.789903413623942e-05
한데,4,6.789903413623942e-05
댓글,4,6.789903413623942e-05
보정을,4,6.789903413623942e-05
생각에,4,6.789903413623942e-05
사람들은,4,6.789903413623942e-05
금방,4,6.789903413623942e-05
한다면,4,6.789903413623942e-05
바를,4,6.789903413623942e-05
포커스,4,6.789903413623942e-05
하길래,4,6.789903413623942e-05
그렇지,4,6.789903413623942e-05
안보이는,4,6.789903413623942e-05
정가,4,6.789903413623942e-05
적고,4,6.789903413623942e-05
거겠지,4,6.789903413623942e-05
만족하며,4,6.789903413623942e-05
노이즈,4,6.789903413623942e-05
여기는,4,6.789903413623942e-05
얻지,4,6.789903413623942e-05
하다는,4,6.789903413623942e-05
치고는,4,6.789903413623942e-05
밖에,4,6.789903413623942e-05
14코어,4,6.789903413623942e-05
강의,4,6.789903413623942e-05
제스처가,4,6.789903413623942e-05
해주세요,4,6.789903413623942e-05
어도비,4,6.789903413623942e-05
얘기를,4,6.789903413623942e-05
질렀습니다,4,6.789903413623942e-05
랜카드가,4,6.789903413623942e-05
핸드폰을,4,6.789903413623942e-05
방법도,4,6.789903413623942e-05
외관에,4,6.789903413623942e-05
버튼,4,6.789903413623942e-05
만족감을,4,6.789903413623942e-05
사야,4,6.789903413623942e-05
비용을,4,6.789903413623942e-05
비율,4,6.789903413623942e-05
요새,4,6.789903413623942e-05
180도,4,6.789903413623942e-05
새벽에,4,6.789903413623942e-05
괜찮음,4,6.789903413623942e-05
개인,4,6.789903413623942e-05
방향키,4,6.789903413623942e-05
근처에,4,6.789903413623942e-05
page,4,6.789903413623942e-05
ctrl,4,6.789903413623942e-05
사용하다보면,4,6.789903413623942e-05
다음으로,4,6.789903413623942e-05
검증,4,6.789903413623942e-05
이때,4,6.789903413623942e-05
발생한,4,6.789903413623942e-05
이상한건지,4,6.789903413623942e-05
3dp,4,6.789903413623942e-05
net에서,4,6.789903413623942e-05
압도당했습니다,4,6.789903413623942e-05
이것들은,4,6.789903413623942e-05
것들입니다,4,6.789903413623942e-05
갈릴,4,6.789903413623942e-05
이유도,4,6.789903413623942e-05
보이는데,4,6.789903413623942e-05
필름,4,6.789903413623942e-05
안티,4,6.789903413623942e-05
때는,4,6.789903413623942e-05
가독성,4,6.789903413623942e-05
애초에,4,6.789903413623942e-05
부족하지,4,6.789903413623942e-05
스피커는,4,6.789903413623942e-05
맥북보단,4,6.789903413623942e-05
좋음,4,6.789903413623942e-05
리전의,4,6.789903413623942e-05
쾌적합니다,4,6.789903413623942e-05
발열은,4,6.789903413623942e-05
설치하고,4,6.789903413623942e-05
초창기,4,6.789903413623942e-05
비교해서,4,6.789903413623942e-05
유선,4,6.789903413623942e-05
느껴지는,4,6.789903413623942e-05
호불호,4,6.789903413623942e-05
갔다,4,6.789903413623942e-05
연구에,4,6.789903413623942e-05
보냈지,4,6.789903413623942e-05
긍정적,4,6.789903413623942e-05
뚜껑,4,6.789903413623942e-05
해소,4,6.789903413623942e-05
그것도,4,6.789903413623942e-05
길게,4,6.789903413623942e-05
지연,4,6.789903413623942e-05
조치를,4,6.789903413623942e-05
제품들과,4,6.789903413623942e-05
고이,4,6.789903413623942e-05
상단부를,4,6.789903413623942e-05
상단부,4,6.789903413623942e-05
돌리면,4,6.789903413623942e-05
문의하니,4,6.789903413623942e-05
배터리를,4,6.789903413623942e-05
들었던,4,6.789903413623942e-05
1년이,4,6.789903413623942e-05
똑같이,4,6.789903413623942e-05
상담받고,4,6.789903413623942e-05
드라이버를,4,6.789903413623942e-05
2년,4,6.789903413623942e-05
돌립니다,4,6.789903413623942e-05
9시간,4,6.789903413623942e-05
기본으로,4,6.789903413623942e-05
2개만,4,6.789903413623942e-05
전자기기는,4,6.789903413623942e-05
싶네요,4,6.789903413623942e-05
플래그,4,6.789903413623942e-05
허세,4,6.789903413623942e-05
어느정도,4,6.789903413623942e-05
펜은,4,6.789903413623942e-05
가기,4,6.789903413623942e-05
차고,4,6.789903413623942e-05
봤습니다,4,6.789903413623942e-05
방전되어서,4,6.789903413623942e-05
씁니다,4,6.789903413623942e-05
안들려서,4,6.789903413623942e-05
atmos,4,6.789903413623942e-05
해봐야,4,6.789903413623942e-05
건조기,4,6.789903413623942e-05
하자가,4,6.789903413623942e-05
as를,4,6.789903413623942e-05
넘어가자,4,6.789903413623942e-05
유상,4,6.789903413623942e-05
as비,4,6.789903413623942e-05
친절하게,4,6.789903413623942e-05
되지,4,6.789903413623942e-05
하얗게,4,6.789903413623942e-05
현장,4,6.789903413623942e-05
보존용으로,4,6.789903413623942e-05
방법,4,6.789903413623942e-05
안된다는,4,6.789903413623942e-05
확장슬롯,4,6.789903413623942e-05
200백만원,4,6.789903413623942e-05
낫네요,4,6.789903413623942e-05
있거나,4,6.789903413623942e-05
있었음을,4,6.789903413623942e-05
주에는,4,6.789903413623942e-05
buy에서,4,6.789903413623942e-05
아니죠,4,6.789903413623942e-05
올해는,4,6.789903413623942e-05
모르고,4,6.789903413623942e-05
rx,4,6.789903413623942e-05
대상,4,6.789903413623942e-05
좋을듯,4,6.789903413623942e-05
2018년,4,6.789903413623942e-05
마케팅에,4,6.789903413623942e-05
문제가있었습니다,4,6.789903413623942e-05
배송의,4,6.789903413623942e-05
결과라고,4,6.789903413623942e-05
도울,4,6.789903413623942e-05
계획으로,4,6.789903413623942e-05
반환했습니다,4,6.789903413623942e-05
때에는,4,6.789903413623942e-05
맥북에서,4,6.789903413623942e-05
diehard,4,6.789903413623942e-05
팬을,4,6.789903413623942e-05
17z90tp,4,6.789903413623942e-05
지옥처럼,4,6.789903413623942e-05
작동시키는,4,6.789903413623942e-05
정상적으로,4,6.789903413623942e-05
14를,4,6.789903413623942e-05
렸습니다,4,6.789903413623942e-05
유리에,4,6.789903413623942e-05
좋은거,4,6.789903413623942e-05
번의,4,6.789903413623942e-05
긁힘이,4,6.789903413623942e-05
패널에,4,6.789903413623942e-05
개조되어,4,6.789903413623942e-05
교환,4,6.789903413623942e-05
youtube,4,6.789903413623942e-05
입장에서는,4,6.789903413623942e-05
번거로움이,4,6.789903413623942e-05
8기가램,4,6.789903413623942e-05
가능하며,4,6.789903413623942e-05
많은주의를,4,6.789903413623942e-05
기울여야합니다,4,6.789903413623942e-05
수행하지,4,6.789903413623942e-05
수있게,4,6.789903413623942e-05
해주었습니다,4,6.789903413623942e-05
끝내면서,4,6.789903413623942e-05
포함하는,4,6.789903413623942e-05
잘못된,4,6.789903413623942e-05
강력,4,6.789903413623942e-05
추천합니다,4,6.789903413623942e-05
gigs,4,6.789903413623942e-05
나니,4,6.789903413623942e-05
발생합니다,4,6.789903413623942e-05
개조,4,6.789903413623942e-05
예전에는,4,6.789903413623942e-05
11세대,4,6.789903413623942e-05
7프로,4,6.789903413623942e-05
부드럽고,4,6.789903413623942e-05
서피스는,4,6.789903413623942e-05
브라우저,4,6.789903413623942e-05
피하고,4,6.789903413623942e-05
powerpoint,4,6.789903413623942e-05
excel을,4,6.789903413623942e-05
건너,4,6.789903413623942e-05
뛰거나,4,6.789903413623942e-05
건축,4,6.789903413623942e-05
있고요,4,6.789903413623942e-05
c에서,4,6.789903413623942e-05
케이블을,4,6.789903413623942e-05
모니터로,4,6.789903413623942e-05
컨트롤을,4,6.789903413623942e-05
위해서,4,6.789903413623942e-05
시절에,4,6.789903413623942e-05
자리,4,6.789903413623942e-05
문제입니다,4,6.789903413623942e-05
뽑은,4,6.789903413623942e-05
얻은,4,6.789903413623942e-05
애호가들이,4,6.789903413623942e-05
silicon,4,6.789903413623942e-05
머릿속을,4,6.789903413623942e-05
휴대폰을,4,6.789903413623942e-05
f10을,4,6.789903413623942e-05
그램에,4,6.789903413623942e-05
경우에만,4,6.789903413623942e-05
macbook과,4,6.789903413623942e-05
당일,4,6.789903413623942e-05
협찬,4,6.789903413623942e-05
있겠다,4,6.789903413623942e-05
끝부분에,4,6.789903413623942e-05
자석이,4,6.789903413623942e-05
맞지,4,6.789903413623942e-05
시계,4,6.789903413623942e-05
필요했다,4,6.789903413623942e-05
navi,4,6.789903413623942e-05
틀린,4,6.789903413623942e-05
2022년,4,6.789903413623942e-05
방문하십시오,4,6.789903413623942e-05
기다릴,4,6.789903413623942e-05
내년,4,6.789903413623942e-05
갖고,4,6.789903413623942e-05
한글과,4,6.789903413623942e-05
맥도도의,4,6.789903413623942e-05
맥도도,4,6.789903413623942e-05
추후,4,6.789903413623942e-05
플레이,4,6.789903413623942e-05
좋겠네요,4,6.789903413623942e-05
보수,4,6.789903413623942e-05
d15를,4,6.789903413623942e-05
번은,4,6.789903413623942e-05
먼지를,4,6.789903413623942e-05
제거하기,4,6.789903413623942e-05
범위를,4,6.789903413623942e-05
이점,4,6.789903413623942e-05
말입니다,4,6.789903413623942e-05
2시간,4,6.789903413623942e-05
사무업무용,4,6.789903413623942e-05
용량의,4,6.789903413623942e-05
그램스타일,4,6.789903413623942e-05
그램13세대,4,6.789903413623942e-05
빅스마일데이,4,6.789903413623942e-05
매력적입니다,4,6.789903413623942e-05
rtx3050,4,6.789903413623942e-05
루프는,4,6.789903413623942e-05
보수와,4,6.789903413623942e-05
장점이자,4,6.789903413623942e-05
실행했으며,4,6.789903413623942e-05
파티션에서,4,6.789903413623942e-05
치는,4,6.789903413623942e-05
시스템의,4,6.789903413623942e-05
스킨,4,6.789903413623942e-05
살지,4,6.789903413623942e-05
베스트샵,4,6.789903413623942e-05
계기로,4,6.789903413623942e-05
판단되었습니다,4,6.789903413623942e-05
컴퓨터로,4,6.789903413623942e-05
pc가,4,6.789903413623942e-05
본체를,4,6.789903413623942e-05
미로대탐정,4,6.789903413623942e-05
tabs,4,6.789903413623942e-05
totally,4,6.789903413623942e-05
accurate,4,6.789903413623942e-05
battle,4,6.789903413623942e-05
simulator,4,6.789903413623942e-05
사쿠나,4,6.789903413623942e-05
귀여운,4,6.789903413623942e-05
역할도,4,6.789903413623942e-05
보통,4,6.789903413623942e-05
시도해,4,6.789903413623942e-05
위주,4,6.789903413623942e-05
재미가,4,6.789903413623942e-05
기계의,4,6.789903413623942e-05
공기를,4,6.789903413623942e-05
새롭게,4,6.789903413623942e-05
맞춤형,4,6.789903413623942e-05
게임들,4,6.789903413623942e-05
무난히,4,6.789903413623942e-05
돌리는,4,6.789903413623942e-05
게임입니다,4,6.789903413623942e-05
요소가,4,6.789903413623942e-05
60프레임,4,6.789903413623942e-05
성녀전기,4,6.789903413623942e-05
안전하게,4,6.789903413623942e-05
주문한,4,6.789903413623942e-05
사이즈도,4,6.789903413623942e-05
출장,4,6.789903413623942e-05
해외,4,6.789903413623942e-05
아무리,4,6.789903413623942e-05
금액,4,6.789903413623942e-05
8세대,4,6.789903413623942e-05
맞춰서,4,6.789903413623942e-05
900원,4,6.789903413623942e-05
외장그래픽,4,6.789903413623942e-05
mx450,4,6.789903413623942e-05
한계가,4,6.789903413623942e-05
안돼요,4,6.789903413623942e-05
왔고,4,6.789903413623942e-05
xe는,4,6.789903413623942e-05
슬림,4,6.789903413623942e-05
모델에는,4,6.789903413623942e-05
이물질이,4,6.789903413623942e-05
휴대성에,4,6.789903413623942e-05
하판,4,6.789903413623942e-05
터치되는,4,6.789903413623942e-05
패스,4,6.789903413623942e-05
고객을,4,6.789903413623942e-05
따위,4,6.789903413623942e-05
터치도,4,6.789903413623942e-05
보였습니다,4,6.789903413623942e-05
팬터그래프,4,6.789903413623942e-05
정의,4,6.789903413623942e-05
루프를,4,6.789903413623942e-05
구매하였습니다,4,6.789903413623942e-05
그래픽의,4,6.789903413623942e-05
스트레스,4,6.789903413623942e-05
제한,4,6.789903413623942e-05
팬에게,4,6.789903413623942e-05
내려오고,4,6.789903413623942e-05
noctua,4,6.789903413623942e-05
누워있는,4,6.789903413623942e-05
사람들에게,4,6.789903413623942e-05
누가,4,6.789903413623942e-05
완성도를,4,6.789903413623942e-05
gram이,4,6.789903413623942e-05
나이,4,6.789903413623942e-05
s가,4,6.789903413623942e-05
꾸준히,4,6.789903413623942e-05
예쁘다,4,6.789903413623942e-05
손가락,4,6.789903413623942e-05
잦은,4,6.789903413623942e-05
휴대성을,4,6.789903413623942e-05
성능은,4,6.789903413623942e-05
15z980,4,6.789903413623942e-05
스티커,4,6.789903413623942e-05
ram으로,4,6.789903413623942e-05
합금으로,4,6.789903413623942e-05
찾은,4,6.789903413623942e-05
미래의,4,6.789903413623942e-05
3080의,4,6.789903413623942e-05
혜택이,4,6.789903413623942e-05
이백,4,6.789903413623942e-05
지른,4,6.789903413623942e-05
노트북이니,4,6.789903413623942e-05
아무쪼록,4,6.789903413623942e-05
하자,4,6.789903413623942e-05
올디일기,4,6.789903413623942e-05
올디의소비일기,4,6.789903413623942e-05
lg그램2022,4,6.789903413623942e-05
lg그램16인치,4,6.789903413623942e-05
주간일기,4,6.789903413623942e-05
블챌,4,6.789903413623942e-05
수행하는,4,6.789903413623942e-05
모델명,4,6.789903413623942e-05
gpu를,4,6.789903413623942e-05
활용할,4,6.789903413623942e-05
선택했는데,4,6.789903413623942e-05
노트북이라면,4,6.789903413623942e-05
나처럼,4,6.789903413623942e-05
17인치도,4,6.789903413623942e-05
좋구만,4,6.789903413623942e-05
커도,4,6.789903413623942e-05
것같은,4,6.789903413623942e-05
느낌이라,4,6.789903413623942e-05
본인의,4,6.789903413623942e-05
생활이나,4,6.789903413623942e-05
사용패턴에,4,6.789903413623942e-05
가볍다는,4,6.789903413623942e-05
장점이기도,4,6.789903413623942e-05
하니,4,6.789903413623942e-05
양천,4,6.789903413623942e-05
기간에,4,6.789903413623942e-05
후기들을,4,6.789903413623942e-05
참고해본바,4,6.789903413623942e-05
플레이하지만,4,6.789903413623942e-05
d15는,4,6.789903413623942e-05
76c,4,6.789903413623942e-05
pbo,4,6.789903413623942e-05
클로킹으로,4,6.789903413623942e-05
냉각됩니다,4,6.789903413623942e-05
원한다면,4,6.789903413623942e-05
aio를,4,6.789903413623942e-05
aio는,4,6.789903413623942e-05
연장,4,6.789903413623942e-05
war,4,6.789903413623942e-05
종류,4,6.789903413623942e-05
인기좋은게,4,6.789903413623942e-05
16인치라고,4,6.789903413623942e-05
탑재된걸로,4,6.789903413623942e-05
샀더니,4,6.789903413623942e-05
돈은,4,6.789903413623942e-05
아껴주는구만,4,6.789903413623942e-05
벌면,4,6.789903413623942e-05
인생이,4,6.789903413623942e-05
그런거지뭐,4,6.789903413623942e-05
웃프군,4,6.789903413623942e-05
윈도우11이,4,6.789903413623942e-05
적용,4,6.789903413623942e-05
무겁고,4,6.789903413623942e-05
일으킬,4,6.789903413623942e-05
elden,4,6.789903413623942e-05
없었기,4,6.789903413623942e-05
경험,4,6.789903413623942e-05
어색했지만,4,6.789903413623942e-05
깔끔하게,4,6.789903413623942e-05
로고,4,6.789903413623942e-05
영롱해보인다,4,6.789903413623942e-05
충전을,4,6.789903413623942e-05
세팅을,4,6.789903413623942e-05
역시나,4,6.789903413623942e-05
우리의,4,6.789903413623942e-05
플랫폼,4,6.789903413623942e-05
옵션이없는,4,6.789903413623942e-05
3700x를,4,6.789903413623942e-05
빠릿빠릿,4,6.789903413623942e-05
os미포함,4,6.789903413623942e-05
제품이라,4,6.789903413623942e-05
사려다가,4,6.789903413623942e-05
주더라도,4,6.789903413623942e-05
윈도우정품이,4,6.789903413623942e-05
이런게,4,6.789903413623942e-05
있길래,4,6.789903413623942e-05
보다말고,4,6.789903413623942e-05
꽂혀서,4,6.789903413623942e-05
조립부터,4,6.789903413623942e-05
익숙한,4,6.789903413623942e-05
ring,4,6.789903413623942e-05
오호,4,6.789903413623942e-05
연필꽂이,4,6.789903413623942e-05
신박한,4,6.789903413623942e-05
아이템이다,4,6.789903413623942e-05
숫자가,4,6.789903413623942e-05
종이판을,4,6.789903413623942e-05
이동만으로,4,6.789903413623942e-05
매월,4,6.789903413623942e-05
gram이라고,4,6.789903413623942e-05
64비트,4,6.789903413623942e-05
wuxga,4,6.789903413623942e-05
만족도,4,6.789903413623942e-05
높게,4,6.789903413623942e-05
썼다는,4,6.789903413623942e-05
이번에도,4,6.789903413623942e-05
lg노트북으로,4,6.789903413623942e-05
아이패드와,4,6.789903413623942e-05
동기화해서,4,6.789903413623942e-05
많았지만,4,6.789903413623942e-05
신상이,4,6.789903413623942e-05
괜찮게,4,6.789903413623942e-05
고급,4,6.789903413623942e-05
pc의,4,6.789903413623942e-05
ive는,4,6.789903413623942e-05
나왔다길래,4,6.789903413623942e-05
거금을,4,6.789903413623942e-05
2015년부터,4,6.789903413623942e-05
상태가,4,6.789903413623942e-05
안좋아져서,4,6.789903413623942e-05
쓰려면,4,6.789903413623942e-05
있었을테지만,4,6.789903413623942e-05
바람이,4,6.789903413623942e-05
불었는지,4,6.789903413623942e-05
질러버렸다,4,6.789903413623942e-05
올디가,4,6.789903413623942e-05
올디에게,4,6.789903413623942e-05
쌩쌩,4,6.789903413623942e-05
자격이,4,6.789903413623942e-05
일한,4,6.789903413623942e-05
누려라,4,6.789903413623942e-05
lg껀데,4,6.789903413623942e-05
컨트롤러를,4,6.789903413623942e-05
되니,4,6.789903413623942e-05
소소한,4,6.789903413623942e-05
일상도,4,6.789903413623942e-05
남겨볼,4,6.789903413623942e-05
남들이,4,6.789903413623942e-05
한번쯤,4,6.789903413623942e-05
해보고,4,6.789903413623942e-05
싶었음,4,6.789903413623942e-05
년동안,4,6.789903413623942e-05
오랜기간을,4,6.789903413623942e-05
영어포스팅만,4,6.789903413623942e-05
욕망,4,6.789903413623942e-05
꿈틀대고,4,6.789903413623942e-05
라이브러리를,4,6.789903413623942e-05
확장하고,4,6.789903413623942e-05
따른,4,6.789903413623942e-05
일정액의,4,6.789903413623942e-05
수수료를,4,6.789903413623942e-05
제공받습니다,4,6.789903413623942e-05
달러,4,6.789903413623942e-05
검색을,4,6.789903413623942e-05
귀찮아서,4,6.789903413623942e-05
11로,4,6.789903413623942e-05
보안,4,6.789903413623942e-05
콘솔이,4,6.789903413623942e-05
발열이,4,6.789903413623942e-05
하드웨어가,4,6.789903413623942e-05
14z90t,4,6.789903413623942e-05
그래픽과,4,6.789903413623942e-05
구입한,4,6.789903413623942e-05
아니에요,4,6.789903413623942e-05
병행수입,4,6.789903413623942e-05
한국,4,6.789903413623942e-05
업체에서,4,6.789903413623942e-05
박스를,4,6.789903413623942e-05
성능으로,4,6.789903413623942e-05
coupang,4,6.789903413623942e-05
12세대,4,6.789903413623942e-05
ddr5,4,6.789903413623942e-05
낭비하고,4,6.789903413623942e-05
업무용,4,6.789903413623942e-05
전부터,4,6.789903413623942e-05
건지는,4,6.789903413623942e-05
파트너스,4,6.789903413623942e-05
활동의,4,6.789903413623942e-05
일환으로,4,6.789903413623942e-05
이에,4,6.789903413623942e-05
못지,4,6.789903413623942e-05
공기,4,6.789903413623942e-05
배터리의,4,6.789903413623942e-05
휴대성,4,6.789903413623942e-05
geforce,4,6.789903413623942e-05
그중에서도,4,6.789903413623942e-05
홈페이지,4,6.789903413623942e-05
ps5와,4,6.789903413623942e-05
프로그램은,4,6.789903413623942e-05
구매하면,4,6.789903413623942e-05
ns2를,4,6.789903413623942e-05
선택은,4,6.789903413623942e-05
god,4,6.789903413623942e-05
사항이,4,6.789903413623942e-05
8b5d26a924ee876e,4,6.789903413623942e-05
미국,4,6.789903413623942e-05
보았지만,4,6.789903413623942e-05
그들은이,4,6.789903413623942e-05
수행되므로,4,6.789903413623942e-05
cons에게,4,6.789903413623942e-05
설명,4,6.789903413623942e-05
애니메이션,4,6.789903413623942e-05
무겁지,4,6.789903413623942e-05
비싸더라고요,4,6.789903413623942e-05
들어도,4,6.789903413623942e-05
반대로,4,6.789903413623942e-05
릴리스와,4,6.789903413623942e-05
mobile,4,6.789903413623942e-05
목적입니다,4,6.789903413623942e-05
얼마,4,6.789903413623942e-05
안하고,4,6.789903413623942e-05
ms오피스,4,6.789903413623942e-05
합리적이라고,4,6.789903413623942e-05
안에이,4,6.789903413623942e-05
계획이며,4,6.789903413623942e-05
공기가,4,6.789903413623942e-05
수명에서,4,6.789903413623942e-05
철거,4,6.789903413623942e-05
결제일,4,6.789903413623942e-05
토탈,4,6.789903413623942e-05
우리가,4,6.789903413623942e-05
적립금,4,6.789903413623942e-05
환경,4,6.789903413623942e-05
갤탭,4,6.789903413623942e-05
가방을,4,6.789903413623942e-05
박스는,4,6.789903413623942e-05
패키지를,4,6.789903413623942e-05
기대를,4,6.789903413623942e-05
없지만배터리가,4,6.789903413623942e-05
노후되서,4,6.789903413623942e-05
없이는사용하기가,4,6.789903413623942e-05
두껍고,4,6.789903413623942e-05
화려하고,4,6.789903413623942e-05
놀랍게도,4,6.789903413623942e-05
경첩은,4,6.789903413623942e-05
안정적으로,4,6.789903413623942e-05
칙칙해지며,4,6.789903413623942e-05
하중으로들을,4,6.789903413623942e-05
시끄러운,4,6.789903413623942e-05
아니며,4,6.789903413623942e-05
조용히,4,6.789903413623942e-05
유지되었습니다,4,6.789903413623942e-05
측면에서,4,6.789903413623942e-05
장점과,4,6.789903413623942e-05
자주가다보니노트북을,4,6.789903413623942e-05
늘었는데노트북에,4,6.789903413623942e-05
가지고다닐라니이건,4,6.789903413623942e-05
어마어마한겁니다,4,6.789903413623942e-05
lg그램pro를,4,6.789903413623942e-05
박사,4,6.789903413623942e-05
졸업하려면,4,6.789903413623942e-05
남았으니뽕뽑을,4,6.789903413623942e-05
16인치lg그램pro,4,6.789903413623942e-05
구입이유그램하면,4,6.789903413623942e-05
아크,4,6.789903413623942e-05
수원,4,6.789903413623942e-05
대만족,4,6.789903413623942e-05
구입했습니다석사,4,6.789903413623942e-05
되었더라구요,4,6.789903413623942e-05
돌아가는데는,4,6.789903413623942e-05
더블쿨링팬이,4,6.789903413623942e-05
있어서노트북,4,6.789903413623942e-05
사용시,4,6.789903413623942e-05
적고하드웨어가,4,6.789903413623942e-05
구동되게도와줍니다,4,6.789903413623942e-05
lg그램링크라는,4,6.789903413623942e-05
글쓰기를,4,6.789903413623942e-05
사람으로서,4,6.789903413623942e-05
촉각,4,6.789903413623942e-05
직장에서,4,6.789903413623942e-05
사용했거나,4,6.789903413623942e-05
동등합니다,4,6.789903413623942e-05
조석,4,6.789903413623942e-05
청록색은,4,6.789903413623942e-05
무겁구요,4,6.789903413623942e-05
이번학기부터,4,6.789903413623942e-05
편이었는데요,4,6.789903413623942e-05
16인치는,4,6.789903413623942e-05
베젤이,4,6.789903413623942e-05
얇아서기존에,4,6.789903413623942e-05
노트북이랑전체적인,4,6.789903413623942e-05
그래서인지,4,6.789903413623942e-05
부담스럽지,4,6.789903413623942e-05
qh,4,6.789903413623942e-05
하이마트에서,4,6.789903413623942e-05
게임을하지,4,6.789903413623942e-05
상징이잖아요,4,6.789903413623942e-05
2kg으로,4,6.789903413623942e-05
좋아져서한,4,6.789903413623942e-05
완충하고,4,6.789903413623942e-05
이상사용할,4,6.789903413623942e-05
하냐에따라차이가,4,6.789903413623942e-05
프로그래밍하는,4,6.789903413623942e-05
사용했습니다,4,6.789903413623942e-05
fm,4,6.789903413623942e-05
짜증,4,6.789903413623942e-05
유기농,4,6.789903413623942e-05
사이즈에화면이,4,6.789903413623942e-05
확장되어서,4,6.789903413623942e-05
시원해진,4,6.789903413623942e-05
느낌에크기는,4,6.789903413623942e-05
가벼움을,4,6.789903413623942e-05
프로그램으로ios체제의,4,6.789903413623942e-05
아이폰이나,4,6.789903413623942e-05
아이패드와pc의,4,6.789903413623942e-05
사진교환,4,6.789903413623942e-05
수월하고화면,4,6.789903413623942e-05
6인치인데베젤이,4,6.789903413623942e-05
2개hdmi,4,6.789903413623942e-05
1개usb,4,6.789903413623942e-05
2개이어폰,4,6.789903413623942e-05
점도,4,6.789903413623942e-05
숫자키인데요,4,6.789903413623942e-05
옆쪽에,4,6.789903413623942e-05
숫자키가,4,6.789903413623942e-05
편리하지만터치패드의,4,6.789903413623942e-05
독점적으로,4,6.789903413623942e-05
왔습니다,4,6.789903413623942e-05
라인업이,4,6.789903413623942e-05
나왔을,4,6.789903413623942e-05
견고한,4,6.789903413623942e-05
솔루션처럼,4,6.789903413623942e-05
느껴졌습니다,4,6.789903413623942e-05
스크립트를,4,6.789903413623942e-05
출시에,4,6.789903413623942e-05
늘리면서자판의,4,6.789903413623942e-05
부족했던,4,6.789903413623942e-05
탓인지pgup,4,6.789903413623942e-05
end,4,6.789903413623942e-05
키가숫자키와,4,6.789903413623942e-05
numlk을,4,6.789903413623942e-05
꺼야만사용할,4,6.789903413623942e-05
자랑하는lg그램pro,4,6.789903413623942e-05
얇디얇습니다,4,6.789903413623942e-05
안쪽으로움푹,4,6.789903413623942e-05
해서더,4,6.789903413623942e-05
얇게,4,6.789903413623942e-05
느껴지게,4,6.789903413623942e-05
만들었더라구요,4,6.789903413623942e-05
포트는,4,6.789903413623942e-05
힘들다는한계점이,4,6.789903413623942e-05
존재하죠,4,6.789903413623942e-05
그렇지만,4,6.789903413623942e-05
담아다닐,4,6.789903413623942e-05
있는숄더백을,4,6.789903413623942e-05
해결했답니다,4,6.789903413623942e-05
리뷰올릴게요,4,6.789903413623942e-05
충전기입니다,4,6.789903413623942e-05
충전기이고충전기,4,6.789903413623942e-05
본체도,4,6.789903413623942e-05
작아서가볍고,4,6.789903413623942e-05
iid,4,6.789903413623942e-05
5aa371dd,4,6.789903413623942e-05
cdc8,4,6.789903413623942e-05
사용하기로,4,6.789903413623942e-05
497d,4,6.789903413623942e-05
않아서구입처에,4,6.789903413623942e-05
문의했더니,4,6.789903413623942e-05
사오면용량을,4,6.789903413623942e-05
추가할,4,6.789903413623942e-05
그러면서,4,6.789903413623942e-05
sk,4,6.789903413623942e-05
hynix꺼를,4,6.789903413623942e-05
추천해주시길래500gb를,4,6.789903413623942e-05
500gb,4,6.789903413623942e-05
메인드라이버로기존에,4,6.789903413623942e-05
256gb를,4,6.789903413623942e-05
키들인데,4,6.789903413623942e-05
시원시원한,4,6.789903413623942e-05
좋지만일반적인,4,6.789903413623942e-05
가방으로는,4,6.789903413623942e-05
노트북을담아가지고,4,6.789903413623942e-05
a243,4,6.789903413623942e-05
서브드라이버로나누어서,4,6.789903413623942e-05
메인드라이버의,4,6.789903413623942e-05
충분해지니마음이,4,6.789903413623942e-05
둔둔하네요,4,6.789903413623942e-05
사은품2024년,4,6.789903413623942e-05
신제품이,4,6.789903413623942e-05
출시되고얼마지나지,4,6.789903413623942e-05
시점에,4,6.789903413623942e-05
해서인지lg그램,4,6.789903413623942e-05
구입고객에게여러가지,4,6.789903413623942e-05
휴대하기도,4,6.789903413623942e-05
구입했는데요,4,6.789903413623942e-05
256gb인,4,6.789903413623942e-05
256gb로는,4,6.789903413623942e-05
충분하지,4,6.789903413623942e-05
행사를,4,6.789903413623942e-05
무선마우스와,4,6.789903413623942e-05
한글프로그램,4,6.789903413623942e-05
곰프로그램,4,6.789903413623942e-05
등을사용할,4,6.789903413623942e-05
오피스벨류팩그리고,4,6.789903413623942e-05
랜디스도넛과,4,6.789903413623942e-05
콜라보한,4,6.789903413623942e-05
상품들까지사은품으로,4,6.789903413623942e-05
받았습니다,4,6.789903413623942e-05
말씀드리자면,4,6.789903413623942e-05
벨류팩의한글과컴퓨터,4,6.789903413623942e-05
외에는그닥,4,6.789903413623942e-05
25c2cdab2bc7,4,6.789903413623942e-05
그들이,4,6.789903413623942e-05
대규모,4,6.789903413623942e-05
몸집이,4,6.789903413623942e-05
크다보니들고다니기,4,6.789903413623942e-05
불편하던,4,6.789903413623942e-05
차에무선마우스를,4,6.789903413623942e-05
준다니,4,6.789903413623942e-05
아니고usb,4,6.789903413623942e-05
꺼내려면마우스,4,6.789903413623942e-05
앞면을,4,6.789903413623942e-05
열어야해서불편함이,4,6.789903413623942e-05
항시,4,6.789903413623942e-05
리시버를넣다뺐다를,4,6.789903413623942e-05
작동도,4,6.789903413623942e-05
되지는,4,6.789903413623942e-05
book,4,6.789903413623942e-05
것이다,4,6.789903413623942e-05
클래스,4,6.789903413623942e-05
있고안,4,6.789903413623942e-05
끼우면작동이,4,6.789903413623942e-05
되는데요,4,6.789903413623942e-05
usb리시버를,4,6.789903413623942e-05
끼워도,4,6.789903413623942e-05
안들어오고마우스,4,6.789903413623942e-05
안되어서배터리가,4,6.789903413623942e-05
다됐나,4,6.789903413623942e-05
생각했는데usb리시버를,4,6.789903413623942e-05
제거하고가방에,4,6.789903413623942e-05
넣었는데,4,6.789903413623942e-05
들어오는기이한,4,6.789903413623942e-05
즉시,4,6.789903413623942e-05
사은품집에서는,4,6.789903413623942e-05
버티컬을,4,6.789903413623942e-05
있는데그,4,6.789903413623942e-05
따로구입을,4,6.789903413623942e-05
comgp8qvtk3eqdxe,4,6.789903413623942e-05
sea,4,6.789903413623942e-05
rch,4,6.789903413623942e-05
회사가,4,6.789903413623942e-05
ppn,4,6.789903413623942e-05
ssid,4,6.789903413623942e-05
ook0vhqueo000000175147873309,4,6.789903413623942e-05
_n,4,6.789903413623942e-05
사이트가,4,6.789903413623942e-05
usd,4,6.789903413623942e-05
스크롤이,4,6.789903413623942e-05
이용권이에요,4,6.789903413623942e-05
영구버젼이,4,6.789903413623942e-05
있는게아주아주아주,4,6.789903413623942e-05
산돌구름도,4,6.789903413623942e-05
호기심에,4,6.789903413623942e-05
사용해보고,4,6.789903413623942e-05
현상,4,6.789903413623942e-05
끄지도,4,6.789903413623942e-05
못한답니다,4,6.789903413623942e-05
사은품이네요,4,6.789903413623942e-05
휴대용으로,4,6.789903413623942e-05
많더라구요,4,6.789903413623942e-05
유료로,4,6.789903413623942e-05
충분할,4,6.789903413623942e-05
곰캠이랑,4,6.789903413623942e-05
곰믹스는,4,6.789903413623942e-05
시도하는,4,6.789903413623942e-05
해야할,4,6.789903413623942e-05
컴팩트한,4,6.789903413623942e-05
무선마우스라,4,6.789903413623942e-05
좋아했는데아쉬워요,4,6.789903413623942e-05
밸류팩또다른,4,6.789903413623942e-05
밸류팩입니다,4,6.789903413623942e-05
곰믹스,4,6.789903413623942e-05
곰캠프로가포함되어,4,6.789903413623942e-05
영구,4,6.789903413623942e-05
사용이고나머지는,4,6.789903413623942e-05
기능이었던lg그램링크도,4,6.789903413623942e-05
써봤습니다,4,6.789903413623942e-05
바탕화면에,4,6.789903413623942e-05
들어가고아이패드에서,4,6.789903413623942e-05
앱을,4,6.789903413623942e-05
받으면사용할,4,6.789903413623942e-05
등록이,4,6.789903413623942e-05
나면앱을,4,6.789903413623942e-05
사진이나,4,6.789903413623942e-05
문서들을편하게,4,6.789903413623942e-05
뿐만아니라,4,6.789903413623942e-05
미러링이나pc화면,4,6.789903413623942e-05
있긴한데단순히,4,6.789903413623942e-05
폰트를,4,6.789903413623942e-05
쓰다보니생각보다,4,6.789903413623942e-05
무료폰트도,4,6.789903413623942e-05
앱에서는,4,6.789903413623942e-05
보인답니다,4,6.789903413623942e-05
기기를,4,6.789903413623942e-05
등록할,4,6.789903413623942e-05
있고등록하지,4,6.789903413623942e-05
일회성으로,4,6.789903413623942e-05
전송을할,4,6.789903413623942e-05
사용해봤습니다,4,6.789903413623942e-05
사진인데요,4,6.789903413623942e-05
폴더화면,4,6.789903413623942e-05
신기합니다,4,6.789903413623942e-05
거기,4,6.789903413623942e-05
까지입니다,4,6.789903413623942e-05
안써봤네요,4,6.789903413623942e-05
lg그램링크lg그램,4,6.789903413623942e-05
사면서너무너무,4,6.789903413623942e-05
칩은,4,6.789903413623942e-05
떨어지더라구요,4,6.789903413623942e-05
화면이버벅거림이,4,6.789903413623942e-05
있고노트북에서도,4,6.789903413623942e-05
모니터에,4,6.789903413623942e-05
어댑터,4,6.789903413623942e-05
표시되지,4,6.789903413623942e-05
카드는,4,6.789903413623942e-05
복제키보드,4,6.789903413623942e-05
마우스로,4,6.789903413623942e-05
사용하는기능도,4,6.789903413623942e-05
pc에서,4,6.789903413623942e-05
떨어져서작업표시줄에,4,6.789903413623942e-05
내려놓은,4,6.789903413623942e-05
창들이보이지,4,6.789903413623942e-05
않는다거나화면이,4,6.789903413623942e-05
깜빡거린다거나,4,6.789903413623942e-05
칩을,4,6.789903413623942e-05
장점이라요즘,4,6.789903413623942e-05
수업하러,4,6.789903413623942e-05
때도연구실,4,6.789903413623942e-05
때도강의하러,4,6.789903413623942e-05
때도가뿐하게,4,6.789903413623942e-05
30만,4,6.789903413623942e-05
이런거,3,5.092427560217956e-05
이더넷,3,5.092427560217956e-05
밴드,3,5.092427560217956e-05
lg서비스센터춘천,3,5.092427560217956e-05
외장하드를,3,5.092427560217956e-05
window,3,5.092427560217956e-05
설명서와,3,5.092427560217956e-05
보았을,3,5.092427560217956e-05
괜히,3,5.092427560217956e-05
내산,3,5.092427560217956e-05
크지만,3,5.092427560217956e-05
냉장고,3,5.092427560217956e-05
kaowk,3,5.092427560217956e-05
볼게요,3,5.092427560217956e-05
즐거운,3,5.092427560217956e-05
pc를,3,5.092427560217956e-05
9개월,3,5.092427560217956e-05
700원에,3,5.092427560217956e-05
크다고,3,5.092427560217956e-05
언박싱lg,3,5.092427560217956e-05
취미,3,5.092427560217956e-05
분들의,3,5.092427560217956e-05
좋겠다,3,5.092427560217956e-05
방법을,3,5.092427560217956e-05
선택하게,3,5.092427560217956e-05
충전기가,3,5.092427560217956e-05
주셨어요,3,5.092427560217956e-05
싶었어요,3,5.092427560217956e-05
정보,3,5.092427560217956e-05
였던,3,5.092427560217956e-05
사면,3,5.092427560217956e-05
lg에서,3,5.092427560217956e-05
할거라,3,5.092427560217956e-05
빨라요,3,5.092427560217956e-05
느꼈다,3,5.092427560217956e-05
재택근무가,3,5.092427560217956e-05
17인치는,3,5.092427560217956e-05
기다리다가,3,5.092427560217956e-05
화이트도,3,5.092427560217956e-05
안에는,3,5.092427560217956e-05
전자기기,3,5.092427560217956e-05
믿고,3,5.092427560217956e-05
썼던,3,5.092427560217956e-05
한손으로,3,5.092427560217956e-05
화면크기,3,5.092427560217956e-05
맨날,3,5.092427560217956e-05
챙겨주신,3,5.092427560217956e-05
독스,3,5.092427560217956e-05
거라,3,5.092427560217956e-05
가격대비,3,5.092427560217956e-05
빠져서,3,5.092427560217956e-05
할인된,3,5.092427560217956e-05
200만원이,3,5.092427560217956e-05
싶었지만,3,5.092427560217956e-05
아닌가,3,5.092427560217956e-05
애플의,3,5.092427560217956e-05
업데이트,3,5.092427560217956e-05
컸다,3,5.092427560217956e-05
블로그나,3,5.092427560217956e-05
스타일을,3,5.092427560217956e-05
색감,3,5.092427560217956e-05
구현이,3,5.092427560217956e-05
템플릿,3,5.092427560217956e-05
쓰니까,3,5.092427560217956e-05
배송된,3,5.092427560217956e-05
보여드리고,3,5.092427560217956e-05
125h와,3,5.092427560217956e-05
세트로,3,5.092427560217956e-05
옵션은,3,5.092427560217956e-05
짧게,3,5.092427560217956e-05
기준에,3,5.092427560217956e-05
포기할,3,5.092427560217956e-05
위치,3,5.092427560217956e-05
걸리고,3,5.092427560217956e-05
아는게,3,5.092427560217956e-05
제품명,3,5.092427560217956e-05
무게로,3,5.092427560217956e-05
읽어주셔서,3,5.092427560217956e-05
7코어,3,5.092427560217956e-05
과제,3,5.092427560217956e-05
발견했습니다,3,5.092427560217956e-05
npu를,3,5.092427560217956e-05
기능과,3,5.092427560217956e-05
자동,3,5.092427560217956e-05
연결이,3,5.092427560217956e-05
chat,3,5.092427560217956e-05
감정은,3,5.092427560217956e-05
microsd,3,5.092427560217956e-05
울트라의,3,5.092427560217956e-05
보여줍니다,3,5.092427560217956e-05
번에,3,5.092427560217956e-05
비해서,3,5.092427560217956e-05
가벼워요,3,5.092427560217956e-05
3k,3,5.092427560217956e-05
시작하는,3,5.092427560217956e-05
던져,3,5.092427560217956e-05
구매는,3,5.092427560217956e-05
13세대,3,5.092427560217956e-05
받으시길,3,5.092427560217956e-05
울트라를,3,5.092427560217956e-05
낫다고,3,5.092427560217956e-05
9의,3,5.092427560217956e-05
외부에서,3,5.092427560217956e-05
내에,3,5.092427560217956e-05
기간,3,5.092427560217956e-05
단일,3,5.092427560217956e-05
뛰어,3,5.092427560217956e-05
주변의,3,5.092427560217956e-05
무작위로,3,5.092427560217956e-05
없었던,3,5.092427560217956e-05
간신히들을,3,5.092427560217956e-05
하중하더라도,3,5.092427560217956e-05
수준은,3,5.092427560217956e-05
유지되며,3,5.092427560217956e-05
low,3,5.092427560217956e-05
지역에서만,3,5.092427560217956e-05
가열되지만,3,5.092427560217956e-05
전체적으로,3,5.092427560217956e-05
보다는,3,5.092427560217956e-05
끊김,3,5.092427560217956e-05
얇다,3,5.092427560217956e-05
시원한,3,5.092427560217956e-05
효율적인,3,5.092427560217956e-05
브라우징,3,5.092427560217956e-05
스트리밍,3,5.092427560217956e-05
가능하므로,3,5.092427560217956e-05
근무일,3,5.092427560217956e-05
세션의,3,5.092427560217956e-05
동반자가됩니다,3,5.092427560217956e-05
시스템은,3,5.092427560217956e-05
앱에,3,5.092427560217956e-05
오후,3,5.092427560217956e-05
사준,3,5.092427560217956e-05
치지,3,5.092427560217956e-05
언제나,3,5.092427560217956e-05
6kg,3,5.092427560217956e-05
문서작업,3,5.092427560217956e-05
편할,3,5.092427560217956e-05
주의,3,5.092427560217956e-05
스펙은,3,5.092427560217956e-05
적당히,3,5.092427560217956e-05
좋다는,3,5.092427560217956e-05
알아보니,3,5.092427560217956e-05
있으나,3,5.092427560217956e-05
가로,3,5.092427560217956e-05
포장되어,3,5.092427560217956e-05
포장이,3,5.092427560217956e-05
참고로,3,5.092427560217956e-05
만들면,3,5.092427560217956e-05
컴맹이라,3,5.092427560217956e-05
알았는데,3,5.092427560217956e-05
구입,3,5.092427560217956e-05
들어갈,3,5.092427560217956e-05
손목이,3,5.092427560217956e-05
ssd도,3,5.092427560217956e-05
되셨길,3,5.092427560217956e-05
다니면서,3,5.092427560217956e-05
사이즈의,3,5.092427560217956e-05
노트북파우치,3,5.092427560217956e-05
많다고,3,5.092427560217956e-05
lg그램16,3,5.092427560217956e-05
lg노트북후기,3,5.092427560217956e-05
그램16인치후기,3,5.092427560217956e-05
켜져서,3,5.092427560217956e-05
좌우로,3,5.092427560217956e-05
되더라고요,3,5.092427560217956e-05
초보,3,5.092427560217956e-05
않았고,3,5.092427560217956e-05
후회가,3,5.092427560217956e-05
다음에는,3,5.092427560217956e-05
뭘로,3,5.092427560217956e-05
기가로,3,5.092427560217956e-05
느낄,3,5.092427560217956e-05
알려준,3,5.092427560217956e-05
싫어,3,5.092427560217956e-05
대안이,3,5.092427560217956e-05
없네,3,5.092427560217956e-05
궁금하신점,3,5.092427560217956e-05
사기가,3,5.092427560217956e-05
휴대용은,3,5.092427560217956e-05
정해주면,3,5.092427560217956e-05
좋을것,3,5.092427560217956e-05
가면,3,5.092427560217956e-05
뭐야,3,5.092427560217956e-05
안티글래어가,3,5.092427560217956e-05
별로네,3,5.092427560217956e-05
아프다,3,5.092427560217956e-05
반사도,3,5.092427560217956e-05
엘지가,3,5.092427560217956e-05
뭐를,3,5.092427560217956e-05
확정적인,3,5.092427560217956e-05
말을,3,5.092427560217956e-05
부트캠프를,3,5.092427560217956e-05
사용해봤지만,3,5.092427560217956e-05
불편하고,3,5.092427560217956e-05
불가능한게,3,5.092427560217956e-05
바탕화면,3,5.092427560217956e-05
많았다,3,5.092427560217956e-05
맥북에,3,5.092427560217956e-05
보였다,3,5.092427560217956e-05
17의,3,5.092427560217956e-05
가격차이가,3,5.092427560217956e-05
않았기,3,5.092427560217956e-05
만들었었다,3,5.092427560217956e-05
많게,3,5.092427560217956e-05
만들기도,3,5.092427560217956e-05
될것,3,5.092427560217956e-05
공인인증서랑,3,5.092427560217956e-05
한글의,3,5.092427560217956e-05
편함은,3,5.092427560217956e-05
이루,3,5.092427560217956e-05
문서들은,3,5.092427560217956e-05
한글파일이다,3,5.092427560217956e-05
부지런하신분만,3,5.092427560217956e-05
pdf파일을,3,5.092427560217956e-05
첨부해서,3,5.092427560217956e-05
올려주기,3,5.092427560217956e-05
공인인증서와,3,5.092427560217956e-05
편하기,3,5.092427560217956e-05
산게,3,5.092427560217956e-05
탁상형의,3,5.092427560217956e-05
1단형,3,5.092427560217956e-05
작거나,3,5.092427560217956e-05
나긴,3,5.092427560217956e-05
배터리아주,3,5.092427560217956e-05
칭찬할,3,5.092427560217956e-05
수준이다,3,5.092427560217956e-05
간다,3,5.092427560217956e-05
반이상일듯,3,5.092427560217956e-05
있을듯,3,5.092427560217956e-05
필요성맥북,3,5.092427560217956e-05
생태계에,3,5.092427560217956e-05
써야되서,3,5.092427560217956e-05
활용을,3,5.092427560217956e-05
오디오,3,5.092427560217956e-05
빼면,3,5.092427560217956e-05
나지는,3,5.092427560217956e-05
도서관에서,3,5.092427560217956e-05
쓰고도,3,5.092427560217956e-05
남을,3,5.092427560217956e-05
소음이고,3,5.092427560217956e-05
소음이,3,5.092427560217956e-05
나긴난다,3,5.092427560217956e-05
없지는,3,5.092427560217956e-05
예를들면,3,5.092427560217956e-05
단자,3,5.092427560217956e-05
루메나,3,5.092427560217956e-05
선풍기,3,5.092427560217956e-05
적당하다,3,5.092427560217956e-05
소음이다,3,5.092427560217956e-05
유튜버나,3,5.092427560217956e-05
조용하다,3,5.092427560217956e-05
그러는데,3,5.092427560217956e-05
때랑,3,5.092427560217956e-05
다르다,3,5.092427560217956e-05
불량이거나,3,5.092427560217956e-05
뽑기실패라서,3,5.092427560217956e-05
usb를,3,5.092427560217956e-05
모르겟으나,3,5.092427560217956e-05
펜이,3,5.092427560217956e-05
돌아가기,3,5.092427560217956e-05
때부터는,3,5.092427560217956e-05
심하다,3,5.092427560217956e-05
이하는,3,5.092427560217956e-05
과감하게,3,5.092427560217956e-05
생략하고,3,5.092427560217956e-05
여백에,3,5.092427560217956e-05
단다던지,3,5.092427560217956e-05
돼요,3,5.092427560217956e-05
무릎,3,5.092427560217956e-05
때나,3,5.092427560217956e-05
책상에서,3,5.092427560217956e-05
쓸때,3,5.092427560217956e-05
시선도,3,5.092427560217956e-05
소음발열은,3,5.092427560217956e-05
까지는,3,5.092427560217956e-05
들어가는것,3,5.092427560217956e-05
부턴,3,5.092427560217956e-05
하기는,3,5.092427560217956e-05
길이,3,5.092427560217956e-05
차이인데오히려,3,5.092427560217956e-05
사향,3,5.092427560217956e-05
포기하고도,3,5.092427560217956e-05
15인치로,3,5.092427560217956e-05
디자인적인,3,5.092427560217956e-05
면에서도,3,5.092427560217956e-05
생각으로는,3,5.092427560217956e-05
17인,3,5.092427560217956e-05
주는게,3,5.092427560217956e-05
맞는듯,3,5.092427560217956e-05
cmos,3,5.092427560217956e-05
줄것,3,5.092427560217956e-05
본론으로,3,5.092427560217956e-05
볼땐,3,5.092427560217956e-05
휴대용이다,3,5.092427560217956e-05
분중에,3,5.092427560217956e-05
있는데개인적인,3,5.092427560217956e-05
되는가,3,5.092427560217956e-05
공간빼고,3,5.092427560217956e-05
사용하는게,3,5.092427560217956e-05
거란,3,5.092427560217956e-05
생각이든다,3,5.092427560217956e-05
되는걸로,3,5.092427560217956e-05
조용,3,5.092427560217956e-05
탁탁탁,3,5.092427560217956e-05
느껴,3,5.092427560217956e-05
지게,3,5.092427560217956e-05
해결방법으론,3,5.092427560217956e-05
씌워라,3,5.092427560217956e-05
10년전에,3,5.092427560217956e-05
컴퓨터의,3,5.092427560217956e-05
열로,3,5.092427560217956e-05
늘어나는것을,3,5.092427560217956e-05
보았기,3,5.092427560217956e-05
발열에,3,5.092427560217956e-05
목이,3,5.092427560217956e-05
아프기,3,5.092427560217956e-05
크면,3,5.092427560217956e-05
시선이,3,5.092427560217956e-05
정면일,3,5.092427560217956e-05
다르다는걸,3,5.092427560217956e-05
모니터암을,3,5.092427560217956e-05
사용했기에,3,5.092427560217956e-05
좋은지는,3,5.092427560217956e-05
차이나는걸,3,5.092427560217956e-05
개인적으론,3,5.092427560217956e-05
압승이다,3,5.092427560217956e-05
성향의,3,5.092427560217956e-05
모니터암에,3,5.092427560217956e-05
노트북용,3,5.092427560217956e-05
거치대를,3,5.092427560217956e-05
장착해서,3,5.092427560217956e-05
작년부터,3,5.092427560217956e-05
기계치에,3,5.092427560217956e-05
했기,3,5.092427560217956e-05
닿았다,3,5.092427560217956e-05
때문이었다,3,5.092427560217956e-05
조그만,3,5.092427560217956e-05
각도가,3,5.092427560217956e-05
향하게,3,5.092427560217956e-05
실리는,3,5.092427560217956e-05
중량도,3,5.092427560217956e-05
그러는,3,5.092427560217956e-05
경향이,3,5.092427560217956e-05
플라스틱과,3,5.092427560217956e-05
알루미늄의,3,5.092427560217956e-05
차이로,3,5.092427560217956e-05
사진부터,3,5.092427560217956e-05
설명하는게,3,5.092427560217956e-05
정확,3,5.092427560217956e-05
겨울엔,3,5.092427560217956e-05
차갑지는,3,5.092427560217956e-05
고민필자는,3,5.092427560217956e-05
사람들도,3,5.092427560217956e-05
만찬가지일,3,5.092427560217956e-05
않았으나,3,5.092427560217956e-05
입장에선,3,5.092427560217956e-05
받았을땐,3,5.092427560217956e-05
싶었다,3,5.092427560217956e-05
개인취향과,3,5.092427560217956e-05
생각일뿐이다,3,5.092427560217956e-05
인지,3,5.092427560217956e-05
비해선,3,5.092427560217956e-05
무거운건지,3,5.092427560217956e-05
비슷한지,3,5.092427560217956e-05
웨이트리프팅을,3,5.092427560217956e-05
나로서는,3,5.092427560217956e-05
잡는,3,5.092427560217956e-05
면적,3,5.092427560217956e-05
인증점,3,5.092427560217956e-05
이좋은세상m,3,5.092427560217956e-05
노션,3,5.092427560217956e-05
smartstore,3,5.092427560217956e-05
디자인본인은,3,5.092427560217956e-05
2021년도,3,5.092427560217956e-05
맥북에어를,3,5.092427560217956e-05
유저이다,3,5.092427560217956e-05
처리할,3,5.092427560217956e-05
느끼다가,3,5.092427560217956e-05
디자인이다,3,5.092427560217956e-05
극찬,3,5.092427560217956e-05
하지만실제로,3,5.092427560217956e-05
그래픽카드가,3,5.092427560217956e-05
삼성보다,3,5.092427560217956e-05
아쉽다는데,3,5.092427560217956e-05
들어봤더니,3,5.092427560217956e-05
무거워,3,5.092427560217956e-05
그러므로,3,5.092427560217956e-05
승리구매처는,3,5.092427560217956e-05
혜택가239만,3,5.092427560217956e-05
17zd90sp,3,5.092427560217956e-05
17형,3,5.092427560217956e-05
완벽하게,3,5.092427560217956e-05
시스템,3,5.092427560217956e-05
고민하는,3,5.092427560217956e-05
분들은그냥,3,5.092427560217956e-05
사이즈에서,3,5.092427560217956e-05
스펙으로,3,5.092427560217956e-05
가세요,3,5.092427560217956e-05
센터를,3,5.092427560217956e-05
깔아야,3,5.092427560217956e-05
나는몇,3,5.092427560217956e-05
바꾸는지,3,5.092427560217956e-05
아볼트,3,5.092427560217956e-05
오면,3,5.092427560217956e-05
뒤집을,3,5.092427560217956e-05
예정,3,5.092427560217956e-05
헤헿남편,3,5.092427560217956e-05
보내길,3,5.092427560217956e-05
바랄게,3,5.092427560217956e-05
해결,3,5.092427560217956e-05
하잖아,3,5.092427560217956e-05
만지니까,3,5.092427560217956e-05
어색하고,3,5.092427560217956e-05
어려운데,3,5.092427560217956e-05
13인치보다,3,5.092427560217956e-05
같으니가볍고,3,5.092427560217956e-05
하얀,3,5.092427560217956e-05
녀석을,3,5.092427560217956e-05
세팅하고,3,5.092427560217956e-05
다음을,3,5.092427560217956e-05
준비하는,3,5.092427560217956e-05
자극만,3,5.092427560217956e-05
그와,3,5.092427560217956e-05
지내고,3,5.092427560217956e-05
키크론데스크테리어,3,5.092427560217956e-05
집착하는,3,5.092427560217956e-05
rtx3050윈도우,3,5.092427560217956e-05
미설치그래서,3,5.092427560217956e-05
저렴해짐네,3,5.092427560217956e-05
변심은,3,5.092427560217956e-05
불량이,3,5.092427560217956e-05
걸리는,3,5.092427560217956e-05
나라서괜히,3,5.092427560217956e-05
긴장됨,3,5.092427560217956e-05
그가,3,5.092427560217956e-05
괜찮겠지,3,5.092427560217956e-05
이름도,3,5.092427560217956e-05
지은,3,5.092427560217956e-05
그뽀그램소중하게,3,5.092427560217956e-05
매장을,3,5.092427560217956e-05
언박싱중인데하얀,3,5.092427560217956e-05
연휴라,3,5.092427560217956e-05
무료lg,3,5.092427560217956e-05
스펙은17,3,5.092427560217956e-05
브랜드,3,5.092427560217956e-05
5번째,3,5.092427560217956e-05
인치울트라,3,5.092427560217956e-05
32gb512gb,3,5.092427560217956e-05
뒤늦은,3,5.092427560217956e-05
언박싱사실,3,5.092427560217956e-05
그런지늦어진,3,5.092427560217956e-05
리뷰남편에게,3,5.092427560217956e-05
선물한,3,5.092427560217956e-05
녀석과,3,5.092427560217956e-05
고민하길래그냥,3,5.092427560217956e-05
거로,3,5.092427560217956e-05
사라고,3,5.092427560217956e-05
모르니까,3,5.092427560217956e-05
고른,3,5.092427560217956e-05
고름,3,5.092427560217956e-05
품번은,3,5.092427560217956e-05
7zd90sp,3,5.092427560217956e-05
copyright,3,5.092427560217956e-05
emanaya,3,5.092427560217956e-05
rights,3,5.092427560217956e-05
reserved,3,5.092427560217956e-05
특별한,3,5.092427560217956e-05
대학생이,3,5.092427560217956e-05
자신에게,3,5.092427560217956e-05
2025년,3,5.092427560217956e-05
전환,3,5.092427560217956e-05
부분을,3,5.092427560217956e-05
느낌의,3,5.092427560217956e-05
부분이에요,3,5.092427560217956e-05
사용하다,3,5.092427560217956e-05
대로,3,5.092427560217956e-05
ga5hk,3,5.092427560217956e-05
주문,3,5.092427560217956e-05
화면에서,3,5.092427560217956e-05
연동,3,5.092427560217956e-05
깔끔한,3,5.092427560217956e-05
제품리뷰,3,5.092427560217956e-05
파워포인트,3,5.092427560217956e-05
대학을위한,3,5.092427560217956e-05
파우치와,3,5.092427560217956e-05
권장,3,5.092427560217956e-05
삼성으로,3,5.092427560217956e-05
점을,3,5.092427560217956e-05
원하지,3,5.092427560217956e-05
노트북에는,3,5.092427560217956e-05
모델의,3,5.092427560217956e-05
효율과,3,5.092427560217956e-05
상당한,3,5.092427560217956e-05
욕심이,3,5.092427560217956e-05
검토,3,5.092427560217956e-05
어디든,3,5.092427560217956e-05
아이,3,5.092427560217956e-05
랩탑의,3,5.092427560217956e-05
당신은,3,5.092427560217956e-05
애플리케이션을,3,5.092427560217956e-05
배터리로,3,5.092427560217956e-05
웃고,3,5.092427560217956e-05
macbook을,3,5.092427560217956e-05
lg그램노트북,3,5.092427560217956e-05
입력이,3,5.092427560217956e-05
마세요,3,5.092427560217956e-05
radeon,3,5.092427560217956e-05
하이마트,3,5.092427560217956e-05
주셔서,3,5.092427560217956e-05
좋아하지만,3,5.092427560217956e-05
선택하는,3,5.092427560217956e-05
당분간은,3,5.092427560217956e-05
vivobook,3,5.092427560217956e-05
가깝습니다,3,5.092427560217956e-05
붕괴가,3,5.092427560217956e-05
임박한,3,5.092427560217956e-05
순간이있었습니다,3,5.092427560217956e-05
개발주기를,3,5.092427560217956e-05
촉진했으며,3,5.092427560217956e-05
오늘날까지,3,5.092427560217956e-05
질문,3,5.092427560217956e-05
얻고자합니다,3,5.092427560217956e-05
있었네요,3,5.092427560217956e-05
스튜디오,3,5.092427560217956e-05
원래는,3,5.092427560217956e-05
프로를,3,5.092427560217956e-05
구매하니까,3,5.092427560217956e-05
2in1,3,5.092427560217956e-05
하실,3,5.092427560217956e-05
가성비로,3,5.092427560217956e-05
어려움이,3,5.092427560217956e-05
찢어졌고,3,5.092427560217956e-05
정직한,3,5.092427560217956e-05
입력과,3,5.092427560217956e-05
통찰력으로,3,5.092427560217956e-05
연동할,3,5.092427560217956e-05
바라고,3,5.092427560217956e-05
지금보고있는,3,5.092427560217956e-05
ish,3,5.092427560217956e-05
인치를,3,5.092427560217956e-05
대체해야,3,5.092427560217956e-05
랩탑이기,3,5.092427560217956e-05
dlss,3,5.092427560217956e-05
단종,3,5.092427560217956e-05
때문이다,3,5.092427560217956e-05
필요해서,3,5.092427560217956e-05
검색용,3,5.092427560217956e-05
프레임은,3,5.092427560217956e-05
정리용,3,5.092427560217956e-05
오랫동안보고,3,5.092427560217956e-05
랩톱이었습니다,3,5.092427560217956e-05
가더라구요,3,5.092427560217956e-05
부분도,3,5.092427560217956e-05
울트라7,3,5.092427560217956e-05
티가,3,5.092427560217956e-05
육아하면서,3,5.092427560217956e-05
나네요,3,5.092427560217956e-05
최적화,3,5.092427560217956e-05
할거,3,5.092427560217956e-05
apple의,3,5.092427560217956e-05
왔다갔다하며,3,5.092427560217956e-05
부담스럽기도,3,5.092427560217956e-05
lg그램이므로,3,5.092427560217956e-05
포터블모니터도,3,5.092427560217956e-05
ideapad5,3,5.092427560217956e-05
16ihu6입니다,3,5.092427560217956e-05
불편함,3,5.092427560217956e-05
적당하게,3,5.092427560217956e-05
노션으로,3,5.092427560217956e-05
대체하기,3,5.092427560217956e-05
아기,3,5.092427560217956e-05
영양제,3,5.092427560217956e-05
이유식,3,5.092427560217956e-05
공부해야할,3,5.092427560217956e-05
것들도,3,5.092427560217956e-05
많아졌기,3,5.092427560217956e-05
플래그십,3,5.092427560217956e-05
재생하기,3,5.092427560217956e-05
윈도우로,3,5.092427560217956e-05
idea,3,5.092427560217956e-05
pad,3,5.092427560217956e-05
5가,3,5.092427560217956e-05
두는,3,5.092427560217956e-05
편한데작은,3,5.092427560217956e-05
쪼개서,3,5.092427560217956e-05
신생,3,5.092427560217956e-05
아기방을,3,5.092427560217956e-05
만들면서,3,5.092427560217956e-05
책상을,3,5.092427560217956e-05
옮겼기,3,5.092427560217956e-05
식탁이나,3,5.092427560217956e-05
테이블을,3,5.092427560217956e-05
기업과,3,5.092427560217956e-05
생각하는데,3,5.092427560217956e-05
view라고,3,5.092427560217956e-05
검색해보니,3,5.092427560217956e-05
16mq70과,3,5.092427560217956e-05
16mr70모델이,3,5.092427560217956e-05
있었는데mr이,3,5.092427560217956e-05
초기에,3,5.092427560217956e-05
옆에서,3,5.092427560217956e-05
강력하게,3,5.092427560217956e-05
의외로,3,5.092427560217956e-05
칩에,3,5.092427560217956e-05
야기,3,5.092427560217956e-05
시작했을,3,5.092427560217956e-05
부드럽게,3,5.092427560217956e-05
실행되었으므로,3,5.092427560217956e-05
넓어서,3,5.092427560217956e-05
2023년에,3,5.092427560217956e-05
신상,3,5.092427560217956e-05
2세대라고,3,5.092427560217956e-05
맘으로,3,5.092427560217956e-05
언박싱했는데,3,5.092427560217956e-05
뭘까,3,5.092427560217956e-05
코뿔소를,3,5.092427560217956e-05
마주한,3,5.092427560217956e-05
당황스러운,3,5.092427560217956e-05
가다듬고,3,5.092427560217956e-05
맥스로,3,5.092427560217956e-05
8gb는,3,5.092427560217956e-05
깔맞춤을,3,5.092427560217956e-05
해주었다,3,5.092427560217956e-05
lg그램뷰,3,5.092427560217956e-05
무의미한,3,5.092427560217956e-05
mcafee,3,5.092427560217956e-05
공연을,3,5.092427560217956e-05
탱킹하는,3,5.092427560217956e-05
실망,3,5.092427560217956e-05
스럽도록,3,5.092427560217956e-05
지정,3,5.092427560217956e-05
모니터에서,3,5.092427560217956e-05
스크립트,3,5.092427560217956e-05
개발을,3,5.092427560217956e-05
계획이다,3,5.092427560217956e-05
스펙이,3,5.092427560217956e-05
치명적인,3,5.092427560217956e-05
16기가램,3,5.092427560217956e-05
시스템이,3,5.092427560217956e-05
카드할인,3,5.092427560217956e-05
드러냈다,3,5.092427560217956e-05
존예보스,3,5.092427560217956e-05
은은한,3,5.092427560217956e-05
무광이라,3,5.092427560217956e-05
튀는,3,5.092427560217956e-05
안티글레어패널이라고,3,5.092427560217956e-05
싶기도,3,5.092427560217956e-05
디스플레이도,3,5.092427560217956e-05
반사를,3,5.092427560217956e-05
낮췄다는데그래서인지,3,5.092427560217956e-05
액정부터,3,5.092427560217956e-05
뒷면도,3,5.092427560217956e-05
무광,3,5.092427560217956e-05
재질이라,3,5.092427560217956e-05
떨어뜨릴까봐,3,5.092427560217956e-05
탭이,3,5.092427560217956e-05
집어보았는데떨어질,3,5.092427560217956e-05
대비,3,5.092427560217956e-05
만족스럽네요,3,5.092427560217956e-05
했으나,3,5.092427560217956e-05
효율적이고,3,5.092427560217956e-05
못해요,3,5.092427560217956e-05
게이머였으며,3,5.092427560217956e-05
amd의,3,5.092427560217956e-05
모델도,3,5.092427560217956e-05
4tb,3,5.092427560217956e-05
중고가,3,5.092427560217956e-05
플레이하고,3,5.092427560217956e-05
말해서,3,5.092427560217956e-05
보냈습니다,3,5.092427560217956e-05
두었습니다,3,5.092427560217956e-05
그램뷰가,3,5.092427560217956e-05
안정감있게,3,5.092427560217956e-05
670g으로,3,5.092427560217956e-05
무게라,3,5.092427560217956e-05
쓰기에도,3,5.092427560217956e-05
재택근무나,3,5.092427560217956e-05
워케이션,3,5.092427560217956e-05
사람,3,5.092427560217956e-05
설치하면,3,5.092427560217956e-05
직장인들에게,3,5.092427560217956e-05
gpu는,3,5.092427560217956e-05
샀더라면,3,5.092427560217956e-05
능률이,3,5.092427560217956e-05
걱정됨,3,5.092427560217956e-05
놀란,3,5.092427560217956e-05
가볍다는걸,3,5.092427560217956e-05
보여주려고,3,5.092427560217956e-05
올랐을,3,5.092427560217956e-05
해본다,3,5.092427560217956e-05
포터블모니터가,3,5.092427560217956e-05
모바일과,3,5.092427560217956e-05
아래에는이렇게,3,5.092427560217956e-05
사용설명서와,3,5.092427560217956e-05
케이블이,3,5.092427560217956e-05
c라,3,5.092427560217956e-05
회사는,3,5.092427560217956e-05
아쉽지만,3,5.092427560217956e-05
다양하고,3,5.092427560217956e-05
크지,3,5.092427560217956e-05
하나에,3,5.092427560217956e-05
부팅시,3,5.092427560217956e-05
건가,3,5.092427560217956e-05
들어오는,3,5.092427560217956e-05
찾으려고,3,5.092427560217956e-05
노력했고,3,5.092427560217956e-05
이쁩니다,3,5.092427560217956e-05
hdmi케이블인,3,5.092427560217956e-05
제공하기,3,5.092427560217956e-05
개발자가,3,5.092427560217956e-05
연결잭이,3,5.092427560217956e-05
필요할수도,3,5.092427560217956e-05
물건을,3,5.092427560217956e-05
풀리오,3,5.092427560217956e-05
안심할,3,5.092427560217956e-05
영상시청,3,5.092427560217956e-05
좌측에,3,5.092427560217956e-05
뒷면에,3,5.092427560217956e-05
걸치도록,3,5.092427560217956e-05
씌우면,3,5.092427560217956e-05
라락,3,5.092427560217956e-05
연결해봄full,3,5.092427560217956e-05
hd보다,3,5.092427560217956e-05
2배,3,5.092427560217956e-05
초고해상도란다,3,5.092427560217956e-05
400만,3,5.092427560217956e-05
화소라는데,3,5.092427560217956e-05
복사,3,5.092427560217956e-05
우측에,3,5.092427560217956e-05
tsmc,3,5.092427560217956e-05
쓰는데,3,5.092427560217956e-05
버전이있는,3,5.092427560217956e-05
스틱에서,3,5.092427560217956e-05
부팅하려고,3,5.092427560217956e-05
스틱을,3,5.092427560217956e-05
강조하는,3,5.092427560217956e-05
고민하시는,3,5.092427560217956e-05
내장형,3,5.092427560217956e-05
브랜드의,3,5.092427560217956e-05
갈아탄,3,5.092427560217956e-05
접으면,3,5.092427560217956e-05
각도로,3,5.092427560217956e-05
세울,3,5.092427560217956e-05
받침대같은거,3,5.092427560217956e-05
분이라면,3,5.092427560217956e-05
인강,3,5.092427560217956e-05
슈터,3,5.092427560217956e-05
사이트,3,5.092427560217956e-05
준비할,3,5.092427560217956e-05
말씀,3,5.092427560217956e-05
그램뷰재생187좋아요000,3,5.092427560217956e-05
15그램뷰초,3,5.092427560217956e-05
f10,3,5.092427560217956e-05
유지하면서,3,5.092427560217956e-05
스틱에,3,5.092427560217956e-05
일시적으로,3,5.092427560217956e-05
성공적으로로드하여,3,5.092427560217956e-05
직관은,3,5.092427560217956e-05
색상이,3,5.092427560217956e-05
칩셋을,3,5.092427560217956e-05
눈을,3,5.092427560217956e-05
재질은,3,5.092427560217956e-05
왼쪽,3,5.092427560217956e-05
의해,3,5.092427560217956e-05
gta,3,5.092427560217956e-05
msi,3,5.092427560217956e-05
제품과,3,5.092427560217956e-05
만약,3,5.092427560217956e-05
친구와,3,5.092427560217956e-05
일본,3,5.092427560217956e-05
좋죠,3,5.092427560217956e-05
편하고,3,5.092427560217956e-05
기꺼이하고,3,5.092427560217956e-05
싶지는,3,5.092427560217956e-05
구성이,3,5.092427560217956e-05
요즘엔,3,5.092427560217956e-05
필요에,3,5.092427560217956e-05
부분이,3,5.092427560217956e-05
추천으로보고,3,5.092427560217956e-05
doom,3,5.092427560217956e-05
상단,3,5.092427560217956e-05
타건감을,3,5.092427560217956e-05
초반에는,3,5.092427560217956e-05
안하는,3,5.092427560217956e-05
추천해주고,3,5.092427560217956e-05
싶은lg,3,5.092427560217956e-05
뭔데,3,5.092427560217956e-05
왜준건데,3,5.092427560217956e-05
액자로,3,5.092427560217956e-05
쓰라는데,3,5.092427560217956e-05
3에서,3,5.092427560217956e-05
vr,3,5.092427560217956e-05
게임을하고,3,5.092427560217956e-05
수행되지,3,5.092427560217956e-05
화면보다,3,5.092427560217956e-05
나오긴,3,5.092427560217956e-05
함그리고,3,5.092427560217956e-05
연결포트가,3,5.092427560217956e-05
양쪽에,3,5.092427560217956e-05
있었어서,3,5.092427560217956e-05
음량,3,5.092427560217956e-05
않았다는,3,5.092427560217956e-05
버전도,3,5.092427560217956e-05
xt가있는,3,5.092427560217956e-05
pc가있었습니다,3,5.092427560217956e-05
구입하여,3,5.092427560217956e-05
충족시키기를,3,5.092427560217956e-05
ti가,3,5.092427560217956e-05
선택입니까,3,5.092427560217956e-05
퀘스트,3,5.092427560217956e-05
불만이,3,5.092427560217956e-05
좋진,3,5.092427560217956e-05
재택근무하는,3,5.092427560217956e-05
직장인부터,3,5.092427560217956e-05
카공하는,3,5.092427560217956e-05
대학생한테도,3,5.092427560217956e-05
게임과,3,5.092427560217956e-05
호환되지,3,5.092427560217956e-05
헤드폰,3,5.092427560217956e-05
의미했습니다,3,5.092427560217956e-05
힌지도,3,5.092427560217956e-05
내부도,3,5.092427560217956e-05
비쌉니다,3,5.092427560217956e-05
크긴,3,5.092427560217956e-05
달려있으니,3,5.092427560217956e-05
지연된,3,5.092427560217956e-05
거치대,3,5.092427560217956e-05
한글을,3,5.092427560217956e-05
뿌리었다,3,5.092427560217956e-05
문화를,3,5.092427560217956e-05
고유,3,5.092427560217956e-05
전자기기에,3,5.092427560217956e-05
사용한다면,3,5.092427560217956e-05
활용하기,3,5.092427560217956e-05
기꺼이,3,5.092427560217956e-05
사양으로,3,5.092427560217956e-05
기기의,3,5.092427560217956e-05
에어팟,3,5.092427560217956e-05
독일,3,5.092427560217956e-05
편리했어요,3,5.092427560217956e-05
그램뷰랑,3,5.092427560217956e-05
무슨상관인건데,3,5.092427560217956e-05
아시는분,3,5.092427560217956e-05
댓글좀,3,5.092427560217956e-05
달아주세요,3,5.092427560217956e-05
16mr70가격가격비교,3,5.092427560217956e-05
최저,3,5.092427560217956e-05
880원,3,5.092427560217956e-05
파일이나,3,5.092427560217956e-05
참고,3,5.092427560217956e-05
전송이,3,5.092427560217956e-05
몰랐던,3,5.092427560217956e-05
가능했고,3,5.092427560217956e-05
아이패드가,3,5.092427560217956e-05
하였고,3,5.092427560217956e-05
가정하여,3,5.092427560217956e-05
영상을,3,5.092427560217956e-05
사용하기에,3,5.092427560217956e-05
사실을,3,5.092427560217956e-05
중요하게,3,5.092427560217956e-05
접는,3,5.092427560217956e-05
부분,3,5.092427560217956e-05
amd는,3,5.092427560217956e-05
내용이,3,5.092427560217956e-05
끝날에,3,5.092427560217956e-05
년에도,3,5.092427560217956e-05
될까요,3,5.092427560217956e-05
의견이나,3,5.092427560217956e-05
제안에,3,5.092427560217956e-05
있죠,3,5.092427560217956e-05
올해,3,5.092427560217956e-05
하드웨어로,3,5.092427560217956e-05
업데이트되었습니다,3,5.092427560217956e-05
실시간,3,5.092427560217956e-05
6600h가,3,5.092427560217956e-05
장착되었습니다,3,5.092427560217956e-05
7430u를,3,5.092427560217956e-05
추천하지,3,5.092427560217956e-05
보유하고,3,5.092427560217956e-05
무상,3,5.092427560217956e-05
프로가,3,5.092427560217956e-05
설계했습니다,3,5.092427560217956e-05
사은품이,3,5.092427560217956e-05
양방향,3,5.092427560217956e-05
개발자는,3,5.092427560217956e-05
바람에,3,5.092427560217956e-05
주문을,3,5.092427560217956e-05
칩에서,3,5.092427560217956e-05
향상됩니다,3,5.092427560217956e-05
설정이,3,5.092427560217956e-05
설정을,3,5.092427560217956e-05
들긴,3,5.092427560217956e-05
부족한,3,5.092427560217956e-05
사무실에서,3,5.092427560217956e-05
이지만,3,5.092427560217956e-05
가상,3,5.092427560217956e-05
장면을보아야합니다,3,5.092427560217956e-05
6월,3,5.092427560217956e-05
업무용으로,3,5.092427560217956e-05
그래요,3,5.092427560217956e-05
앞서,3,5.092427560217956e-05
기대가,3,5.092427560217956e-05
메리트가,3,5.092427560217956e-05
흔들면서,3,5.092427560217956e-05
철저히,3,5.092427560217956e-05
청소하고,3,5.092427560217956e-05
왔기,3,5.092427560217956e-05
드레인,3,5.092427560217956e-05
펌프,3,5.092427560217956e-05
모터를,3,5.092427560217956e-05
소용없이,3,5.092427560217956e-05
부러진,3,5.092427560217956e-05
없다면,3,5.092427560217956e-05
2023년,3,5.092427560217956e-05
노트북들은,3,5.092427560217956e-05
2가,3,5.092427560217956e-05
보인다는,3,5.092427560217956e-05
1은,3,5.092427560217956e-05
buy,3,5.092427560217956e-05
advice가,3,5.092427560217956e-05
알아,3,5.092427560217956e-05
개선보다,3,5.092427560217956e-05
보려면,3,5.092427560217956e-05
읽으십시오,3,5.092427560217956e-05
간편한,3,5.092427560217956e-05
옵션이라는,3,5.092427560217956e-05
예산을,3,5.092427560217956e-05
느꼈던,3,5.092427560217956e-05
확장을,3,5.092427560217956e-05
세대입니다,3,5.092427560217956e-05
방문,3,5.092427560217956e-05
칩의,3,5.092427560217956e-05
연주하는,3,5.092427560217956e-05
태블릿은,3,5.092427560217956e-05
부족입니다,3,5.092427560217956e-05
128gb,3,5.092427560217956e-05
스토리지가,3,5.092427560217956e-05
성장시킬,3,5.092427560217956e-05
cc를위한,3,5.092427560217956e-05
공간이있는,3,5.092427560217956e-05
화면이있는,3,5.092427560217956e-05
900입니다,3,5.092427560217956e-05
2개밖에,3,5.092427560217956e-05
절대적인,3,5.092427560217956e-05
고성능,3,5.092427560217956e-05
고려하고있어,3,5.092427560217956e-05
spare,3,5.092427560217956e-05
super,3,5.092427560217956e-05
책상에있을,3,5.092427560217956e-05
작업을위한,3,5.092427560217956e-05
세트가,3,5.092427560217956e-05
바라보고,3,5.092427560217956e-05
게시하는,3,5.092427560217956e-05
옳은,3,5.092427560217956e-05
사과합니다,3,5.092427560217956e-05
4에서,3,5.092427560217956e-05
일을한다면,3,5.092427560217956e-05
구입하려고합니다,3,5.092427560217956e-05
게이머가,3,5.092427560217956e-05
개에게,3,5.092427560217956e-05
머리카락이,3,5.092427560217956e-05
그렇습니다,3,5.092427560217956e-05
좋은걸로,3,5.092427560217956e-05
얇지만,3,5.092427560217956e-05
아름다움으로의,3,5.092427560217956e-05
차에서,3,5.092427560217956e-05
셰퍼드,3,5.092427560217956e-05
허스키,3,5.092427560217956e-05
핏불,3,5.092427560217956e-05
양동이를,3,5.092427560217956e-05
좋더라고요,3,5.092427560217956e-05
배수를,3,5.092427560217956e-05
구축을,3,5.092427560217956e-05
선택하고,3,5.092427560217956e-05
거부했다,3,5.092427560217956e-05
회사에서,3,5.092427560217956e-05
개월의,3,5.092427560217956e-05
무이자가없는,3,5.092427560217956e-05
필요하지는,3,5.092427560217956e-05
공부,3,5.092427560217956e-05
때때로,3,5.092427560217956e-05
valorant를,3,5.092427560217956e-05
연주하기를,3,5.092427560217956e-05
찾아야한다고,3,5.092427560217956e-05
생각하십니까,3,5.092427560217956e-05
해상도도,3,5.092427560217956e-05
효율성은,3,5.092427560217956e-05
인보다,3,5.092427560217956e-05
tv,3,5.092427560217956e-05
1시간,3,5.092427560217956e-05
애플이,3,5.092427560217956e-05
나가서,3,5.092427560217956e-05
maytag,3,5.092427560217956e-05
pet,3,5.092427560217956e-05
washer를보고,3,5.092427560217956e-05
photoshop,3,5.092427560217956e-05
megahit,3,5.092427560217956e-05
드라이어에,3,5.092427560217956e-05
동생이,3,5.092427560217956e-05
그에게,3,5.092427560217956e-05
와셔,3,5.092427560217956e-05
어려운,3,5.092427560217956e-05
huawei,3,5.092427560217956e-05
matebook,3,5.092427560217956e-05
d16,3,5.092427560217956e-05
구매에,3,5.092427560217956e-05
12450h,3,5.092427560217956e-05
그만한,3,5.092427560217956e-05
거대한,3,5.092427560217956e-05
크다는,3,5.092427560217956e-05
kb,3,5.092427560217956e-05
인칭,3,5.092427560217956e-05
이사,3,5.092427560217956e-05
고객,3,5.092427560217956e-05
외에는,3,5.092427560217956e-05
빠르다,3,5.092427560217956e-05
받고,3,5.092427560217956e-05
전에는,3,5.092427560217956e-05
맞았,3,5.092427560217956e-05
지속시키기,3,5.092427560217956e-05
신학기,3,5.092427560217956e-05
그건,3,5.092427560217956e-05
등은,3,5.092427560217956e-05
선물을,3,5.092427560217956e-05
몇달,3,5.092427560217956e-05
위해이,3,5.092427560217956e-05
년을,3,5.092427560217956e-05
가격을,3,5.092427560217956e-05
시도하기를,3,5.092427560217956e-05
경험은,3,5.092427560217956e-05
이야기를,3,5.092427560217956e-05
예산,3,5.092427560217956e-05
전력의,3,5.092427560217956e-05
짜증나게합니다,3,5.092427560217956e-05
희생하지,3,5.092427560217956e-05
인치의,3,5.092427560217956e-05
7i,3,5.092427560217956e-05
1440p에서,3,5.092427560217956e-05
3월에,3,5.092427560217956e-05
qualcomm의,3,5.092427560217956e-05
지점에서,2,3.394951706811971e-05
오류가없고,2,3.394951706811971e-05
전략은,2,3.394951706811971e-05
우수한,2,3.394951706811971e-05
죽을,2,3.394951706811971e-05
추천하십시오,2,3.394951706811971e-05
asus는,2,3.394951706811971e-05
사라지고,2,3.394951706811971e-05
궁금해합니다,2,3.394951706811971e-05
얻습니다,2,3.394951706811971e-05
최대를,2,3.394951706811971e-05
16mbs,2,3.394951706811971e-05
사실입니까,2,3.394951706811971e-05
음을,2,3.394951706811971e-05
읽었,2,3.394951706811971e-05
절반으로,2,3.394951706811971e-05
사용자의,2,3.394951706811971e-05
추천합니까,2,3.394951706811971e-05
wds를,2,3.394951706811971e-05
너희들은,2,3.394951706811971e-05
익스프레스,2,3.394951706811971e-05
공항,2,3.394951706811971e-05
읽었고,2,3.394951706811971e-05
wds에,2,3.394951706811971e-05
리셉션을,2,3.394951706811971e-05
라우터에서,2,3.394951706811971e-05
linksys,2,3.394951706811971e-05
wrt가있는,2,3.394951706811971e-05
dd,2,3.394951706811971e-05
아래층에,2,3.394951706811971e-05
그림은,2,3.394951706811971e-05
잠깐,2,3.394951706811971e-05
열자,2,3.394951706811971e-05
아답터아답터는,2,3.394951706811971e-05
가장자리와,2,3.394951706811971e-05
깨끗한,2,3.394951706811971e-05
적합하며,2,3.394951706811971e-05
범주에,2,3.394951706811971e-05
솜씨는이,2,3.394951706811971e-05
저항합니다,2,3.394951706811971e-05
지문에,2,3.394951706811971e-05
매트이며,2,3.394951706811971e-05
표면은,2,3.394951706811971e-05
기여합니다,2,3.394951706811971e-05
느낌에,2,3.394951706811971e-05
삼성은,2,3.394951706811971e-05
rrp,2,3.394951706811971e-05
240hz,2,3.394951706811971e-05
개월,2,3.394951706811971e-05
적합이,2,3.394951706811971e-05
포장지에,2,3.394951706811971e-05
요런,2,3.394951706811971e-05
만들어주시지,2,3.394951706811971e-05
작게,2,3.394951706811971e-05
단점인듯하다,2,3.394951706811971e-05
편이라,2,3.394951706811971e-05
que,2,3.394951706811971e-05
64gb,2,3.394951706811971e-05
185h,2,3.394951706811971e-05
무엇을,2,3.394951706811971e-05
기대합니다,2,3.394951706811971e-05
0sone,2,3.394951706811971e-05
gddr6,2,3.394951706811971e-05
4gb,2,3.394951706811971e-05
a370m,2,3.394951706811971e-05
삼성노트북가격비교,2,3.394951706811971e-05
고성능노트북렌탈,2,3.394951706811971e-05
13700h,2,3.394951706811971e-05
그램노트북,2,3.394951706811971e-05
내돈내산리뷰,2,3.394951706811971e-05
높이,2,3.394951706811971e-05
259만원,2,3.394951706811971e-05
오브제,2,3.394951706811971e-05
서비스센터,2,3.394951706811971e-05
매장,2,3.394951706811971e-05
큼직,2,3.394951706811971e-05
gx76k,2,3.394951706811971e-05
할인해서,2,3.394951706811971e-05
냉큼,2,3.394951706811971e-05
거보다,2,3.394951706811971e-05
lpddr5x,2,3.394951706811971e-05
고려해,2,3.394951706811971e-05
한번쯤은,2,3.394951706811971e-05
인수형노트북렌탈,2,3.394951706811971e-05
노트북렌탈사이트,2,3.394951706811971e-05
요약,2,3.394951706811971e-05
추천naver,2,3.394951706811971e-05
셀러,2,3.394951706811971e-05
베스트,2,3.394951706811971e-05
티앤티정보lg전자,2,3.394951706811971e-05
260원,2,3.394951706811971e-05
110만,2,3.394951706811971e-05
방문하여,2,3.394951706811971e-05
결제를,2,3.394951706811971e-05
선택했다,2,3.394951706811971e-05
테스트하는,2,3.394951706811971e-05
미디어,2,3.394951706811971e-05
의미는,2,3.394951706811971e-05
것이라는,2,3.394951706811971e-05
질문입니다,2,3.394951706811971e-05
아래는,2,3.394951706811971e-05
분류,2,3.394951706811971e-05
점이점을,2,3.394951706811971e-05
핵심,2,3.394951706811971e-05
afaik의,2,3.394951706811971e-05
선택하기,2,3.394951706811971e-05
선택했으며,2,3.394951706811971e-05
짐승,2,3.394951706811971e-05
이어질,2,3.394951706811971e-05
세계로,2,3.394951706811971e-05
현실,2,3.394951706811971e-05
좋다고해서,2,3.394951706811971e-05
테스트에서,2,3.394951706811971e-05
합성,2,3.394951706811971e-05
그러나이,2,3.394951706811971e-05
쉽다,2,3.394951706811971e-05
엘지그램노트북렌탈,2,3.394951706811971e-05
lcd,2,3.394951706811971e-05
비싸기,2,3.394951706811971e-05
m4는,2,3.394951706811971e-05
ios를,2,3.394951706811971e-05
이하,2,3.394951706811971e-05
느껴졌다,2,3.394951706811971e-05
케이스를,2,3.394951706811971e-05
장점이다,2,3.394951706811971e-05
언박싱14세대,2,3.394951706811971e-05
견적을,2,3.394951706811971e-05
스타일러,2,3.394951706811971e-05
세탁기,2,3.394951706811971e-05
이사를,2,3.394951706811971e-05
아파트로,2,3.394951706811971e-05
가전을,2,3.394951706811971e-05
대구에서,2,3.394951706811971e-05
위치한,2,3.394951706811971e-05
배터리도,2,3.394951706811971e-05
이왕,2,3.394951706811971e-05
된다는,2,3.394951706811971e-05
4열,2,3.394951706811971e-05
17인치가,2,3.394951706811971e-05
보람이,2,3.394951706811971e-05
월요일에,2,3.394951706811971e-05
폭이,2,3.394951706811971e-05
매장에서는,2,3.394951706811971e-05
가져올게요,2,3.394951706811971e-05
템들,2,3.394951706811971e-05
악세사리,2,3.394951706811971e-05
액정필름,2,3.394951706811971e-05
지내자,2,3.394951706811971e-05
친해질,2,3.394951706811971e-05
써봐서,2,3.394951706811971e-05
가볍다구,2,3.394951706811971e-05
만족스러워요,2,3.394951706811971e-05
이점은,2,3.394951706811971e-05
가벼운게,2,3.394951706811971e-05
fsr과,2,3.394951706811971e-05
후자를,2,3.394951706811971e-05
우위를,2,3.394951706811971e-05
dlss3,2,3.394951706811971e-05
년대,2,3.394951706811971e-05
비교하고,2,3.394951706811971e-05
지금의,2,3.394951706811971e-05
로그인까지,2,3.394951706811971e-05
반응,2,3.394951706811971e-05
로딩과,2,3.394951706811971e-05
가벼움빠른,2,3.394951706811971e-05
빨라졌다더니큰,2,3.394951706811971e-05
얇아지고,2,3.394951706811971e-05
소비다,2,3.394951706811971e-05
잃어,2,3.394951706811971e-05
사정이고,2,3.394951706811971e-05
그때,2,3.394951706811971e-05
타겠지만,2,3.394951706811971e-05
흰색이라,2,3.394951706811971e-05
클릭감도,2,3.394951706811971e-05
무소음으로,2,3.394951706811971e-05
않았는데무선에,2,3.394951706811971e-05
쓰기로,2,3.394951706811971e-05
상황이라그냥,2,3.394951706811971e-05
남은,2,3.394951706811971e-05
했지만물건에는,2,3.394951706811971e-05
16gbvram보다,2,3.394951706811971e-05
3080보다,2,3.394951706811971e-05
이를,2,3.394951706811971e-05
게임의,2,3.394951706811971e-05
dlss3을,2,3.394951706811971e-05
배인,2,3.394951706811971e-05
년대의,2,3.394951706811971e-05
16gbvram은,2,3.394951706811971e-05
dlss3의,2,3.394951706811971e-05
4070의,2,3.394951706811971e-05
후자보다,2,3.394951706811971e-05
선택에,2,3.394951706811971e-05
9i를,2,3.394951706811971e-05
측면,2,3.394951706811971e-05
전공이기,2,3.394951706811971e-05
cs,2,3.394951706811971e-05
허용하지,2,3.394951706811971e-05
bootcamp를,2,3.394951706811971e-05
silicon이,2,3.394951706811971e-05
연구에서,2,3.394951706811971e-05
칩으로,2,3.394951706811971e-05
까만애들이었는데,2,3.394951706811971e-05
예쁜듯,2,3.394951706811971e-05
흰색이,2,3.394951706811971e-05
들어올리는,2,3.394951706811971e-05
aa7wk뭔가,2,3.394951706811971e-05
ha7wk15z980,2,3.394951706811971e-05
경고문구,2,3.394951706811971e-05
휴대,2,3.394951706811971e-05
삽입하지,2,3.394951706811971e-05
확인되었다,2,3.394951706811971e-05
화상이,2,3.394951706811971e-05
커넥터는,2,3.394951706811971e-05
제거했다,2,3.394951706811971e-05
만들어져,2,3.394951706811971e-05
하우징은,2,3.394951706811971e-05
유지합니다,2,3.394951706811971e-05
간단하고,2,3.394951706811971e-05
16gbvram의,2,3.394951706811971e-05
8gbvram에,2,3.394951706811971e-05
이것보다,2,3.394951706811971e-05
스크린을,2,3.394951706811971e-05
ram의,2,3.394951706811971e-05
찾았지만,2,3.394951706811971e-05
gram에서도,2,3.394951706811971e-05
거두절미,2,3.394951706811971e-05
안사주나,2,3.394951706811971e-05
그때가서,2,3.394951706811971e-05
2022년도,2,3.394951706811971e-05
지켜봐주세요,2,3.394951706811971e-05
결과도,2,3.394951706811971e-05
게이머로서,2,3.394951706811971e-05
올드,2,3.394951706811971e-05
무척이나,2,3.394951706811971e-05
남겨보고자합니다,2,3.394951706811971e-05
솔직하면서,2,3.394951706811971e-05
실사용자의,2,3.394951706811971e-05
경과한,2,3.394951706811971e-05
3개월이,2,3.394951706811971e-05
어느덧,2,3.394951706811971e-05
부분들이,2,3.394951706811971e-05
충실하며,2,3.394951706811971e-05
기본에,2,3.394951706811971e-05
안주하지,2,3.394951706811971e-05
자리에,2,3.394951706811971e-05
원동력은,2,3.394951706811971e-05
만들수,2,3.394951706811971e-05
고려하게,2,3.394951706811971e-05
삼성보다도,2,3.394951706811971e-05
있어서도,2,3.394951706811971e-05
인정받은,2,3.394951706811971e-05
상품성을,2,3.394951706811971e-05
바탕으로한,2,3.394951706811971e-05
국내외에서,2,3.394951706811971e-05
오래전부터,2,3.394951706811971e-05
모델lg,2,3.394951706811971e-05
설정때부터,2,3.394951706811971e-05
모델이니,2,3.394951706811971e-05
키스킨커버도,2,3.394951706811971e-05
설정방법짜잔,2,3.394951706811971e-05
로그인,2,3.394951706811971e-05
봐야지,2,3.394951706811971e-05
찾아와서,2,3.394951706811971e-05
잊을만,2,3.394951706811971e-05
중요하긴하다,2,3.394951706811971e-05
관리가,2,3.394951706811971e-05
uni에,2,3.394951706811971e-05
출장이,2,3.394951706811971e-05
직업,2,3.394951706811971e-05
아닐까요,2,3.394951706811971e-05
때문이,2,3.394951706811971e-05
개선되어,2,3.394951706811971e-05
관계로,2,3.394951706811971e-05
많아보인,2,3.394951706811971e-05
내구도에,2,3.394951706811971e-05
두고서,2,3.394951706811971e-05
사양과,2,3.394951706811971e-05
요구사항이었습니다,2,3.394951706811971e-05
당연한,2,3.394951706811971e-05
뒷받침하는,2,3.394951706811971e-05
선호했고,2,3.394951706811971e-05
휴대해야하는만큼,2,3.394951706811971e-05
통한,2,3.394951706811971e-05
외근중에도,2,3.394951706811971e-05
편이고,2,3.394951706811971e-05
계획입니다,2,3.394951706811971e-05
예정이며,2,3.394951706811971e-05
합류,2,3.394951706811971e-05
해놓고,2,3.394951706811971e-05
꽂히는,2,3.394951706811971e-05
터치에,2,3.394951706811971e-05
많긴,2,3.394951706811971e-05
몫을,2,3.394951706811971e-05
경험도,2,3.394951706811971e-05
한차례,2,3.394951706811971e-05
2015년,2,3.394951706811971e-05
까이더군요,2,3.394951706811971e-05
유튜버들로부터,2,3.394951706811971e-05
의한,2,3.394951706811971e-05
열에,2,3.394951706811971e-05
강성,2,3.394951706811971e-05
약해진,2,3.394951706811971e-05
뒤틀림,2,3.394951706811971e-05
택하였습니다,2,3.394951706811971e-05
대학생과,2,3.394951706811971e-05
활발한,2,3.394951706811971e-05
젊고,2,3.394951706811971e-05
셈이었습니다,2,3.394951706811971e-05
제공해준,2,3.394951706811971e-05
선택지를,2,3.394951706811971e-05
포멀하고,2,3.394951706811971e-05
최적화된,2,3.394951706811971e-05
비즈니스맨에게,2,3.394951706811971e-05
40대의,2,3.394951706811971e-05
추가는,2,3.394951706811971e-05
색상의,2,3.394951706811971e-05
옵시디안,2,3.394951706811971e-05
찢어져,2,3.394951706811971e-05
받았는데,2,3.394951706811971e-05
일주일만에,2,3.394951706811971e-05
되어있는,2,3.394951706811971e-05
부득이하게,2,3.394951706811971e-05
특히나,2,3.394951706811971e-05
적중시켰습니다,2,3.394951706811971e-05
크리티컬로,2,3.394951706811971e-05
정확하게,2,3.394951706811971e-05
구매심리를,2,3.394951706811971e-05
노린,2,3.394951706811971e-05
타겟으로,2,3.394951706811971e-05
남성,2,3.394951706811971e-05
중장년,2,3.394951706811971e-05
누가봐도,2,3.394951706811971e-05
되어있다면,2,3.394951706811971e-05
포커싱이,2,3.394951706811971e-05
고객들에,2,3.394951706811971e-05
여성,2,3.394951706811971e-05
끝나고,2,3.394951706811971e-05
부팅이,2,3.394951706811971e-05
안되서,2,3.394951706811971e-05
빠르고10초도,2,3.394951706811971e-05
보니부팅속도도,2,3.394951706811971e-05
다하고,2,3.394951706811971e-05
되어있다,2,3.394951706811971e-05
쉽게할,2,3.394951706811971e-05
운반하기,2,3.394951706811971e-05
허락하지,2,3.394951706811971e-05
일말의,2,3.394951706811971e-05
어우러져서,2,3.394951706811971e-05
통일감있게,2,3.394951706811971e-05
자연스럽고,2,3.394951706811971e-05
색상과,2,3.394951706811971e-05
배젤이,2,3.394951706811971e-05
잦은편인데,2,3.394951706811971e-05
타이핑이,2,3.394951706811971e-05
업무용이다보니,2,3.394951706811971e-05
지문인식17시리즈가,2,3.394951706811971e-05
1095g키보드,2,3.394951706811971e-05
리튬플리머,2,3.394951706811971e-05
없네요,2,3.394951706811971e-05
깔게,2,3.394951706811971e-05
디자인면에서는,2,3.394951706811971e-05
멋져,2,3.394951706811971e-05
당당함이,2,3.394951706811971e-05
않을거야라는,2,3.394951706811971e-05
달에,2,3.394951706811971e-05
듀얼모니터를,2,3.394951706811971e-05
같으다,2,3.394951706811971e-05
산것,2,3.394951706811971e-05
깊은만큼,2,3.394951706811971e-05
깊이,2,3.394951706811971e-05
되어있기도,2,3.394951706811971e-05
반영이,2,3.394951706811971e-05
취향도,2,3.394951706811971e-05
선호하던,2,3.394951706811971e-05
디자인으로,2,3.394951706811971e-05
20mm,2,3.394951706811971e-05
미만이며,2,3.394951706811971e-05
21일,2,3.394951706811971e-05
11월,2,3.394951706811971e-05
dex,2,3.394951706811971e-05
z15st,2,3.394951706811971e-05
알파플랜,2,3.394951706811971e-05
제우스랩,2,3.394951706811971e-05
방식의,2,3.394951706811971e-05
핸들링적인,2,3.394951706811971e-05
만지는,2,3.394951706811971e-05
작아지고,2,3.394951706811971e-05
저절로,2,3.394951706811971e-05
낮은만큼,2,3.394951706811971e-05
있을까요,2,3.394951706811971e-05
요인이,2,3.394951706811971e-05
미치는,2,3.394951706811971e-05
가볍기,2,3.394951706811971e-05
라인업을,2,3.394951706811971e-05
17인치까지,2,3.394951706811971e-05
필수처럼,2,3.394951706811971e-05
스킨은,2,3.394951706811971e-05
가능성도,2,3.394951706811971e-05
유입될,2,3.394951706811971e-05
안쪽으로,2,3.394951706811971e-05
선택하였습니다,2,3.394951706811971e-05
주저없이,2,3.394951706811971e-05
외칠법,2,3.394951706811971e-05
최고다,2,3.394951706811971e-05
누구나가,2,3.394951706811971e-05
있으신,2,3.394951706811971e-05
다녀온,2,3.394951706811971e-05
2키로가,2,3.394951706811971e-05
출장시에,2,3.394951706811971e-05
지방,2,3.394951706811971e-05
공헌을,2,3.394951706811971e-05
지대한,2,3.394951706811971e-05
편리함에,2,3.394951706811971e-05
이동시의,2,3.394951706811971e-05
수납,2,3.394951706811971e-05
가벼움외에도,2,3.394951706811971e-05
ddr4저장장치,2,3.394951706811971e-05
그래픽스620메모리,2,3.394951706811971e-05
uhd,2,3.394951706811971e-05
8550u그래픽,2,3.394951706811971e-05
i7프로세서,2,3.394951706811971e-05
고민하게,2,3.394951706811971e-05
터치모니터라고,2,3.394951706811971e-05
최고사양에,2,3.394951706811971e-05
정신적인,2,3.394951706811971e-05
해방시켜주고,2,3.394951706811971e-05
번거로움에서,2,3.394951706811971e-05
충전의,2,3.394951706811971e-05
아쉽긴하지만요,2,3.394951706811971e-05
생략된,2,3.394951706811971e-05
숫자배열키는,2,3.394951706811971e-05
그로인해,2,3.394951706811971e-05
유효할지도,2,3.394951706811971e-05
표현은,2,3.394951706811971e-05
day라는,2,3.394951706811971e-05
높아진만큼,2,3.394951706811971e-05
효율이,2,3.394951706811971e-05
커지진,2,3.394951706811971e-05
대비하여,2,3.394951706811971e-05
해줍니다,2,3.394951706811971e-05
집중할,2,3.394951706811971e-05
생활에,2,3.394951706811971e-05
주며,2,3.394951706811971e-05
안정감을,2,3.394951706811971e-05
평판형,2,3.394951706811971e-05
hd배터리,2,3.394951706811971e-05
터치ips,2,3.394951706811971e-05
512gb디스플레이,2,3.394951706811971e-05
넣고다녀도,2,3.394951706811971e-05
구매하여,2,3.394951706811971e-05
파우치를,2,3.394951706811971e-05
fit하게,2,3.394951706811971e-05
14인치에,2,3.394951706811971e-05
못하였습니다,2,3.394951706811971e-05
금치,2,3.394951706811971e-05
놀라움을,2,3.394951706811971e-05
가벼움에,2,3.394951706811971e-05
생각보다도,2,3.394951706811971e-05
영접했을,2,3.394951706811971e-05
실물을,2,3.394951706811971e-05
고려하여,2,3.394951706811971e-05
장점들을,2,3.394951706811971e-05
뻔한듯도,2,3.394951706811971e-05
이렇듯,2,3.394951706811971e-05
포장을,2,3.394951706811971e-05
할인하는거,2,3.394951706811971e-05
그때당시,2,3.394951706811971e-05
보내주신건가,2,3.394951706811971e-05
연말,2,3.394951706811971e-05
걸리다니,2,3.394951706811971e-05
한달넘게,2,3.394951706811971e-05
제품인만큼,2,3.394951706811971e-05
저였지만,2,3.394951706811971e-05
순간게임광인,2,3.394951706811971e-05
되어버린,2,3.394951706811971e-05
겜트북이,2,3.394951706811971e-05
해볼까,2,3.394951706811971e-05
본격,2,3.394951706811971e-05
지속되고,2,3.394951706811971e-05
생활이,2,3.394951706811971e-05
처리장치로는,2,3.394951706811971e-05
내렸습니다,2,3.394951706811971e-05
없었던만큼,2,3.394951706811971e-05
사양이,2,3.394951706811971e-05
나기도,2,3.394951706811971e-05
탐이,2,3.394951706811971e-05
카드가,2,3.394951706811971e-05
mx450이라는,2,3.394951706811971e-05
프로의,2,3.394951706811971e-05
포기했습니다,2,3.394951706811971e-05
8kg,2,3.394951706811971e-05
안정성을,2,3.394951706811971e-05
유연하고,2,3.394951706811971e-05
수있게하므로,2,3.394951706811971e-05
180도까지,2,3.394951706811971e-05
뜯으니,2,3.394951706811971e-05
발전을,2,3.394951706811971e-05
비약적으로,2,3.394951706811971e-05
기술도,2,3.394951706811971e-05
11세대까지,2,3.394951706811971e-05
발전하면서,2,3.394951706811971e-05
거듭,2,3.394951706811971e-05
불과했습니다,2,3.394951706811971e-05
수준에,2,3.394951706811971e-05
미미하게,2,3.394951706811971e-05
없는것보다,2,3.394951706811971e-05
사실상,2,3.394951706811971e-05
처리장치이지,2,3.394951706811971e-05
구렸습니다,2,3.394951706811971e-05
내장그래픽은,2,3.394951706811971e-05
기존의,2,3.394951706811971e-05
명확하기,2,3.394951706811971e-05
26접기,2,3.394951706811971e-05
재생181좋아요106,2,3.394951706811971e-05
테스트해보았습니다,2,3.394951706811971e-05
가능해,2,3.394951706811971e-05
고전게임,2,3.394951706811971e-05
인디게임,2,3.394951706811971e-05
어렵지만,2,3.394951706811971e-05
사양의,2,3.394951706811971e-05
자랑합니다,2,3.394951706811971e-05
퍼포먼스를,2,3.394951706811971e-05
나아진,2,3.394951706811971e-05
월등히,2,3.394951706811971e-05
기존대비해서는,2,3.394951706811971e-05
못미치지는,2,3.394951706811971e-05
외장보다는,2,3.394951706811971e-05
그래픽카드로서,2,3.394951706811971e-05
실행하더라도,2,3.394951706811971e-05
gram14에서,2,3.394951706811971e-05
적었기에,2,3.394951706811971e-05
3d의,2,3.394951706811971e-05
자랑하지만,2,3.394951706811971e-05
움직임을,2,3.394951706811971e-05
극강의,2,3.394951706811971e-05
해볼만한,2,3.394951706811971e-05
진득하게,2,3.394951706811971e-05
분들이라면,2,3.394951706811971e-05
rpg를,2,3.394951706811971e-05
턴제,2,3.394951706811971e-05
크로니클은,2,3.394951706811971e-05
물씬나는,2,3.394951706811971e-05
테스트인디,2,3.394951706811971e-05
펴기아리아,2,3.394951706811971e-05
든든한듯,2,3.394951706811971e-05
보호하고,2,3.394951706811971e-05
스티로폼으로,2,3.394951706811971e-05
푹신한,2,3.394951706811971e-05
위아래,2,3.394951706811971e-05
2개가,2,3.394951706811971e-05
테스해,2,3.394951706811971e-05
성녀전기를,2,3.394951706811971e-05
중무장한,2,3.394951706811971e-05
일러스트로,2,3.394951706811971e-05
섹시한,2,3.394951706811971e-05
테스트고급스럽고,2,3.394951706811971e-05
펴기성녀전기,2,3.394951706811971e-05
55접기,2,3.394951706811971e-05
재생86좋아요105,2,3.394951706811971e-05
유지에,2,3.394951706811971e-05
이녀석,2,3.394951706811971e-05
빠진에가,2,3.394951706811971e-05
보게되어,2,3.394951706811971e-05
오가다가우연찮게,2,3.394951706811971e-05
lg를,2,3.394951706811971e-05
필요하기도,2,3.394951706811971e-05
내려갈,2,3.394951706811971e-05
당연하게도,2,3.394951706811971e-05
해외배송이라지만,2,3.394951706811971e-05
도착했다,2,3.394951706811971e-05
30일,2,3.394951706811971e-05
상품이,2,3.394951706811971e-05
에어쿠션으로,2,3.394951706811971e-05
본체는,2,3.394951706811971e-05
액정보호필름,2,3.394951706811971e-05
케이블4개에,2,3.394951706811971e-05
재생32좋아요002,2,3.394951706811971e-05
모를까,2,3.394951706811971e-05
삼국지였다면,2,3.394951706811971e-05
어색하긴하네요,2,3.394951706811971e-05
음성들이,2,3.394951706811971e-05
중국어,2,3.394951706811971e-05
일러스트에,2,3.394951706811971e-05
일본틱한,2,3.394951706811971e-05
배경으로한,2,3.394951706811971e-05
유럽을,2,3.394951706811971e-05
좋아보입니다,2,3.394951706811971e-05
되살리며,2,3.394951706811971e-05
추억을,2,3.394951706811971e-05
좋아했던지라,2,3.394951706811971e-05
영걸전같은,2,3.394951706811971e-05
273만원,2,3.394951706811971e-05
게임들과,2,3.394951706811971e-05
지니고,2,3.394951706811971e-05
개성을,2,3.394951706811971e-05
독특한,2,3.394951706811971e-05
찾아내는,2,3.394951706811971e-05
단서를,2,3.394951706811971e-05
탐험하며,2,3.394951706811971e-05
속을,2,3.394951706811971e-05
왁자지껄한,2,3.394951706811971e-05
가득하여,2,3.394951706811971e-05
사람들로,2,3.394951706811971e-05
찾아라와,2,3.394951706811971e-05
월리를,2,3.394951706811971e-05
테스트미로대탐정이라는,2,3.394951706811971e-05
펴기미로대탐정,2,3.394951706811971e-05
15접기,2,3.394951706811971e-05
뒷받침되면,2,3.394951706811971e-05
사양만,2,3.394951706811971e-05
줄어듭니다,2,3.394951706811971e-05
프레임이,2,3.394951706811971e-05
유지시켰더니,2,3.394951706811971e-05
줄이지,2,3.394951706811971e-05
해상도를,2,3.394951706811971e-05
실행해보았습니다,2,3.394951706811971e-05
tabs를,2,3.394951706811971e-05
테스트본격적인,2,3.394951706811971e-05
펴기tabs,2,3.394951706811971e-05
18접기,2,3.394951706811971e-05
재생122좋아요002,2,3.394951706811971e-05
내장그래픽으로도,2,3.394951706811971e-05
게임이라서,2,3.394951706811971e-05
2d,2,3.394951706811971e-05
펴기사쿠나,2,3.394951706811971e-05
39접기,2,3.394951706811971e-05
재생101좋아요004,2,3.394951706811971e-05
사쿠나히메,2,3.394951706811971e-05
40프레임정도로,2,3.394951706811971e-05
규모는,2,3.394951706811971e-05
60명,2,3.394951706811971e-05
타협하면,2,3.394951706811971e-05
사양을,2,3.394951706811971e-05
한계인,2,3.394951706811971e-05
20명도,2,3.394951706811971e-05
그래픽으로는,2,3.394951706811971e-05
재현할,2,3.394951706811971e-05
전쟁도,2,3.394951706811971e-05
규모의,2,3.394951706811971e-05
수백명,2,3.394951706811971e-05
밝게하니어두웃,2,3.394951706811971e-05
com어두운,2,3.394951706811971e-05
tistory,2,3.394951706811971e-05
flowbeat,2,3.394951706811971e-05
이제부터,2,3.394951706811971e-05
케이스가,2,3.394951706811971e-05
탈부착,2,3.394951706811971e-05
덮혀있고,2,3.394951706811971e-05
케이스에,2,3.394951706811971e-05
보호하는,2,3.394951706811971e-05
액션과,2,3.394951706811971e-05
호쾌한,2,3.394951706811971e-05
조종하여,2,3.394951706811971e-05
여신을,2,3.394951706811971e-05
외모의,2,3.394951706811971e-05
테스트마지막,2,3.394951706811971e-05
속으로,2,3.394951706811971e-05
정도였다니,2,3.394951706811971e-05
유지가,2,3.394951706811971e-05
안정적,2,3.394951706811971e-05
60프레임으로,2,3.394951706811971e-05
낮음,2,3.394951706811971e-05
타협,2,3.394951706811971e-05
게임이죠,2,3.394951706811971e-05
입소문이,2,3.394951706811971e-05
재미있다고,2,3.394951706811971e-05
병행할,2,3.394951706811971e-05
쌀농작을,2,3.394951706811971e-05
c는,2,3.394951706811971e-05
어뎁터가,2,3.394951706811971e-05
케이블들과,2,3.394951706811971e-05
아래와,2,3.394951706811971e-05
좌우가,2,3.394951706811971e-05
조절하니,2,3.394951706811971e-05
수월할듯하다,2,3.394951706811971e-05
xe의,2,3.394951706811971e-05
없겠지만요,2,3.394951706811971e-05
하려는,2,3.394951706811971e-05
리뎀션,2,3.394951706811971e-05
데드,2,3.394951706811971e-05
레드,2,3.394951706811971e-05
손색이,2,3.394951706811971e-05
불러도,2,3.394951706811971e-05
겜트북으로,2,3.394951706811971e-05
인디게임들까지,2,3.394951706811971e-05
겸비하면서도,2,3.394951706811971e-05
gram14는,2,3.394951706811971e-05
놀라기도,2,3.394951706811971e-05
플레이가,2,3.394951706811971e-05
원활히,2,3.394951706811971e-05
전환해야만,2,3.394951706811971e-05
모드로,2,3.394951706811971e-05
하기위해서는,2,3.394951706811971e-05
올린,2,3.394951706811971e-05
비교용으로,2,3.394951706811971e-05
유튜버들이,2,3.394951706811971e-05
검색하셔도,2,3.394951706811971e-05
이라고만,2,3.394951706811971e-05
game,2,3.394951706811971e-05
유튜브에,2,3.394951706811971e-05
액정을,2,3.394951706811971e-05
꺼내보니,2,3.394951706811971e-05
가능하니,2,3.394951706811971e-05
밝게도,2,3.394951706811971e-05
ezphoto,2,3.394951706811971e-05
산들구름,2,3.394951706811971e-05
받은것들이다,2,3.394951706811971e-05
사은품으로,2,3.394951706811971e-05
아래부터는,2,3.394951706811971e-05
그램아,2,3.394951706811971e-05
상승하는,2,3.394951706811971e-05
초반까지는,2,3.394951706811971e-05
50도,2,3.394951706811971e-05
후반에서,2,3.394951706811971e-05
40도,2,3.394951706811971e-05
상당해집니다,2,3.394951706811971e-05
커지고,2,3.394951706811971e-05
거슬릴,2,3.394951706811971e-05
팬소리가,2,3.394951706811971e-05
모드에,2,3.394951706811971e-05
분명한,2,3.394951706811971e-05
구동해보았습니다,2,3.394951706811971e-05
게임들을,2,3.394951706811971e-05
분명해보입니다,2,3.394951706811971e-05
우려도,2,3.394951706811971e-05
구동시키면,2,3.394951706811971e-05
아닌만큼,2,3.394951706811971e-05
설계된,2,3.394951706811971e-05
어우,2,3.394951706811971e-05
만졌을,2,3.394951706811971e-05
얼마든지,2,3.394951706811971e-05
곳에서도,2,3.394951706811971e-05
여기저기서,2,3.394951706811971e-05
무드등,2,3.394951706811971e-05
램프,2,3.394951706811971e-05
넷피스,2,3.394951706811971e-05
감당하는,2,3.394951706811971e-05
내장그래픽의,2,3.394951706811971e-05
카구라,2,3.394951706811971e-05
섬란,2,3.394951706811971e-05
크로스레이즈,2,3.394951706811971e-05
sd건담,2,3.394951706811971e-05
ex,2,3.394951706811971e-05
불가하였습니다,2,3.394951706811971e-05
인하여,2,3.394951706811971e-05
튕김현상으로,2,3.394951706811971e-05
알수없는,2,3.394951706811971e-05
게임들은,2,3.394951706811971e-05
안타깝게도,2,3.394951706811971e-05
점이었습니다,2,3.394951706811971e-05
명확하다는,2,3.394951706811971e-05
내장그래픽인만큼,2,3.394951706811971e-05
상태에서도,2,3.394951706811971e-05
연결하지,2,3.394951706811971e-05
듯합니다,2,3.394951706811971e-05
참고하셔야,2,3.394951706811971e-05
좋아하시는,2,3.394951706811971e-05
jrpg를,2,3.394951706811971e-05
major,2,3.394951706811971e-05
보이질,2,3.394951706811971e-05
인디게임에서는,2,3.394951706811971e-05
평범한,2,3.394951706811971e-05
보였으며,2,3.394951706811971e-05
게임들에서,2,3.394951706811971e-05
현상으로,2,3.394951706811971e-05
간헐적으로,2,3.394951706811971e-05
지속할,2,3.394951706811971e-05
넘어서서,2,3.394951706811971e-05
15분정도,2,3.394951706811971e-05
덕분이겠죠,2,3.394951706811971e-05
그래픽카드,2,3.394951706811971e-05
조치입니다,2,3.394951706811971e-05
급감하는,2,3.394951706811971e-05
제한되며,2,3.394951706811971e-05
수준으로,2,3.394951706811971e-05
휴대모드에서,2,3.394951706811971e-05
게이밍노트북들이,2,3.394951706811971e-05
광탈을,2,3.394951706811971e-05
무색하게,2,3.394951706811971e-05
고용량이,2,3.394951706811971e-05
마음껏,2,3.394951706811971e-05
휴대모드로도,2,3.394951706811971e-05
충전모드가,2,3.394951706811971e-05
성능저하가,2,3.394951706811971e-05
무난무난하며,2,3.394951706811971e-05
어디까지나,2,3.394951706811971e-05
라인업의,2,3.394951706811971e-05
의미합니다,2,3.394951706811971e-05
무설치에,2,3.394951706811971e-05
8기가,2,3.394951706811971e-05
gx5bk,2,3.394951706811971e-05
14zd90p,2,3.394951706811971e-05
겜트북제가,2,3.394951706811971e-05
총평,2,3.394951706811971e-05
생각됩니다,2,3.394951706811971e-05
휴대모드로서도,2,3.394951706811971e-05
1시간30분,2,3.394951706811971e-05
소진되더군요,2,3.394951706811971e-05
실행했는데,2,3.394951706811971e-05
사쿠나히메를,2,3.394951706811971e-05
인디,2,3.394951706811971e-05
생각해보시는,2,3.394951706811971e-05
과감히,2,3.394951706811971e-05
1tb까지도,2,3.394951706811971e-05
고려하시고,2,3.394951706811971e-05
반드시,2,3.394951706811971e-05
증량은,2,3.394951706811971e-05
생각이라면,2,3.394951706811971e-05
돌리실,2,3.394951706811971e-05
만약에,2,3.394951706811971e-05
느껴진다는,2,3.394951706811971e-05
부족함이,2,3.394951706811971e-05
한가지,2,3.394951706811971e-05
중시한,2,3.394951706811971e-05
최고로,2,3.394951706811971e-05
가성비를,2,3.394951706811971e-05
gx56k가격,2,3.394951706811971e-05
16인치16zd90rs,2,3.394951706811971e-05
8550u,2,3.394951706811971e-05
aa7wk,2,3.394951706811971e-05
ha7wk,2,3.394951706811971e-05
터치모니터,2,3.394951706811971e-05
노트북잠금장치,2,3.394951706811971e-05
2c,2,3.394951706811971e-05
마져도,2,3.394951706811971e-05
블랙이라서,2,3.394951706811971e-05
전자기기들이,2,3.394951706811971e-05
보유한,2,3.394951706811971e-05
우숩거든요,2,3.394951706811971e-05
바이트의,2,3.394951706811971e-05
수십기가,2,3.394951706811971e-05
게임이라도,2,3.394951706811971e-05
스킨없이,2,3.394951706811971e-05
타닥타닥,2,3.394951706811971e-05
볼수록,2,3.394951706811971e-05
블랙이고,2,3.394951706811971e-05
강렬한,2,3.394951706811971e-05
은은하면서,2,3.394951706811971e-05
깜장이,2,3.394951706811971e-05
촌스러운,2,3.394951706811971e-05
블랙도,2,3.394951706811971e-05
후회는,2,3.394951706811971e-05
선택했지만,2,3.394951706811971e-05
그램구매가,2,3.394951706811971e-05
그램싸게사는법,2,3.394951706811971e-05
사무용노트북,2,3.394951706811971e-05
가벼운노트북,2,3.394951706811971e-05
lg그램스타일,2,3.394951706811971e-05
마우스까지,2,3.394951706811971e-05
소형,2,3.394951706811971e-05
대체할,2,3.394951706811971e-05
이것만,2,3.394951706811971e-05
갈때는,2,3.394951706811971e-05
낫지요,2,3.394951706811971e-05
보다야,2,3.394951706811971e-05
고장나는,2,3.394951706811971e-05
죽어버리지만,2,3.394951706811971e-05
자극하는,2,3.394951706811971e-05
귀를,2,3.394951706811971e-05
끼우면,2,3.394951706811971e-05
구입하시는,2,3.394951706811971e-05
생겼습니다,2,3.394951706811971e-05
먼지나,2,3.394951706811971e-05
보시는,2,3.394951706811971e-05
달라붙어서,2,3.394951706811971e-05
찰싹,2,3.394951706811971e-05
꺾임방지도,2,3.394951706811971e-05
충전케이블은,2,3.394951706811971e-05
모양,2,3.394951706811971e-05
특해,2,3.394951706811971e-05
리뷰예정,2,3.394951706811971e-05
케이블은,2,3.394951706811971e-05
메인으로,2,3.394951706811971e-05
충전기보다,2,3.394951706811971e-05
요렇게,2,3.394951706811971e-05
추가요,2,3.394951706811971e-05
게임패드도,2,3.394951706811971e-05
욕심내면,2,3.394951706811971e-05
본격적으로,2,3.394951706811971e-05
여기에,2,3.394951706811971e-05
macos에서,2,3.394951706811971e-05
고유하지,2,3.394951706811971e-05
macos에,2,3.394951706811971e-05
바라고있는,2,3.394951706811971e-05
개선되기를,2,3.394951706811971e-05
시작해야합니까,2,3.394951706811971e-05
redemption,2,3.394951706811971e-05
dead,2,3.394951706811971e-05
red,2,3.394951706811971e-05
battlefield,2,3.394951706811971e-05
레벨에서,2,3.394951706811971e-05
겜트북의,2,3.394951706811971e-05
잘해줄,2,3.394951706811971e-05
근거없음,2,3.394951706811971e-05
누수없이,2,3.394951706811971e-05
충전도,2,3.394951706811971e-05
프레스티지에,2,3.394951706811971e-05
아방가르드,2,3.394951706811971e-05
한성,2,3.394951706811971e-05
여러번,2,3.394951706811971e-05
최근들어,2,3.394951706811971e-05
동반자가,2,3.394951706811971e-05
둘도,2,3.394951706811971e-05
메꾸어줄,2,3.394951706811971e-05
욕망을,2,3.394951706811971e-05
어디에서라도,2,3.394951706811971e-05
어딜가더라도,2,3.394951706811971e-05
가벼운만큼,2,3.394951706811971e-05
존재가,2,3.394951706811971e-05
paralells에,2,3.394951706811971e-05
크로스,2,3.394951706811971e-05
모방,2,3.394951706811971e-05
상황입니다,2,3.394951706811971e-05
모델로,2,3.394951706811971e-05
탑재된,2,3.394951706811971e-05
mx450이,2,3.394951706811971e-05
처분하였습니다,2,3.394951706811971e-05
조기,2,3.394951706811971e-05
한계로,2,3.394951706811971e-05
게임성능,2,3.394951706811971e-05
바꿀지도,2,3.394951706811971e-05
그때는,2,3.394951706811971e-05
추가된다면,2,3.394951706811971e-05
유지해나가면서,2,3.394951706811971e-05
했으면,2,3.394951706811971e-05
친구는,2,3.394951706811971e-05
이번의,2,3.394951706811971e-05
이어서,2,3.394951706811971e-05
여름이,2,3.394951706811971e-05
살고,2,3.394951706811971e-05
그리스에,2,3.394951706811971e-05
기다리고,2,3.394951706811971e-05
가을까지,2,3.394951706811971e-05
도킹을,2,3.394951706811971e-05
16iax10h에,2,3.394951706811971e-05
솔루션은,2,3.394951706811971e-05
사용용도와는,2,3.394951706811971e-05
아니기에,2,3.394951706811971e-05
주목적인,2,3.394951706811971e-05
더러,2,3.394951706811971e-05
게임들도,2,3.394951706811971e-05
튕기는,2,3.394951706811971e-05
잘되기도,2,3.394951706811971e-05
리뷰처럼,2,3.394951706811971e-05
정규화,2,3.394951706811971e-05
xtx,2,3.394951706811971e-05
4nm,2,3.394951706811971e-05
5nm,2,3.394951706811971e-05
노드,2,3.394951706811971e-05
부탁드립니다미리,2,3.394951706811971e-05
도움될지,2,3.394951706811971e-05
현실적이고,2,3.394951706811971e-05
이별을,2,3.394951706811971e-05
아쉬움의,2,3.394951706811971e-05
노트북인데,2,3.394951706811971e-05
잘만든,2,3.394951706811971e-05
gpu의,2,3.394951706811971e-05
16c,2,3.394951706811971e-05
여름에,2,3.394951706811971e-05
뜨겁다,2,3.394951706811971e-05
스타일배송,2,3.394951706811971e-05
전부터긴,2,3.394951706811971e-05
그램리뷰노트북이,2,3.394951706811971e-05
그램무게,2,3.394951706811971e-05
목적,2,3.394951706811971e-05
참여,2,3.394951706811971e-05
원고료,2,3.394951706811971e-05
무보정,2,3.394951706811971e-05
촬영,2,3.394951706811971e-05
사진은,2,3.394951706811971e-05
직촬,2,3.394951706811971e-05
호환되는,2,3.394951706811971e-05
지원되는,2,3.394951706811971e-05
xt,2,3.394951706811971e-05
스토리를,2,3.394951706811971e-05
증가하기,2,3.394951706811971e-05
4년,2,3.394951706811971e-05
서피스프로6사고,2,3.394951706811971e-05
서피스프로를,2,3.394951706811971e-05
서피스랩탑이나,2,3.394951706811971e-05
윈트북중에,2,3.394951706811971e-05
질문드려요,2,3.394951706811971e-05
마음둘,2,3.394951706811971e-05
써라하는,2,3.394951706811971e-05
윈트북용으로,2,3.394951706811971e-05
경험해보고,2,3.394951706811971e-05
문제될게,2,3.394951706811971e-05
오빠,2,3.394951706811971e-05
제품오빠,2,3.394951706811971e-05
와주신,2,3.394951706811971e-05
집까지,2,3.394951706811971e-05
포스팅하라고친히,2,3.394951706811971e-05
선물해주고,2,3.394951706811971e-05
얘기했는데,2,3.394951706811971e-05
필요없다고,2,3.394951706811971e-05
고성능pc,2,3.394951706811971e-05
만지느라,2,3.394951706811971e-05
데이터쪽만,2,3.394951706811971e-05
그램가격,2,3.394951706811971e-05
진행할때,2,3.394951706811971e-05
배우면서,2,3.394951706811971e-05
프로젝트들,2,3.394951706811971e-05
맥북만,2,3.394951706811971e-05
진입에,2,3.394951706811971e-05
마음vs업계,2,3.394951706811971e-05
해주고,2,3.394951706811971e-05
랩탑,2,3.394951706811971e-05
태블릿과,2,3.394951706811971e-05
사용해야하는거라면,2,3.394951706811971e-05
os도,2,3.394951706811971e-05
3이,2,3.394951706811971e-05
변화와,2,3.394951706811971e-05
raster,2,3.394951706811971e-05
관리합니다,2,3.394951706811971e-05
리도록,2,3.394951706811971e-05
작동하게,2,3.394951706811971e-05
수준이라,2,3.394951706811971e-05
몇개들은,2,3.394951706811971e-05
과목,2,3.394951706811971e-05
부탁드려요,2,3.394951706811971e-05
입문하는,2,3.394951706811971e-05
보안쪽,2,3.394951706811971e-05
업계분들,2,3.394951706811971e-05
미리크리스마스,2,3.394951706811971e-05
마음인데보안쪽을,2,3.394951706811971e-05
선물하고,2,3.394951706811971e-05
쓰라고하고,2,3.394951706811971e-05
태블릿용으로,2,3.394951706811971e-05
프로젝트를,2,3.394951706811971e-05
쓸정도의,2,3.394951706811971e-05
설정하면,2,3.394951706811971e-05
출력을,2,3.394951706811971e-05
설정으로,2,3.394951706811971e-05
연결했지만,2,3.394951706811971e-05
pro에,2,3.394951706811971e-05
16모델이,2,3.394951706811971e-05
구매해주는건,2,3.394951706811971e-05
인텔맥을,2,3.394951706811971e-05
지금시기에,2,3.394951706811971e-05
쓸모있나,2,3.394951706811971e-05
여쭤봐요배우면,2,3.394951706811971e-05
약간은,2,3.394951706811971e-05
하고꼼꼼하고,2,3.394951706811971e-05
기기이기도,2,3.394951706811971e-05
업계분들이,2,3.394951706811971e-05
합니다카페에,2,3.394951706811971e-05
줄려고,2,3.394951706811971e-05
조정할,2,3.394951706811971e-05
고려하지만,2,3.394951706811971e-05
높은지,2,3.394951706811971e-05
xtx의,2,3.394951706811971e-05
클럭,2,3.394951706811971e-05
리눅스,2,3.394951706811971e-05
윈도우나,2,3.394951706811971e-05
입장에서,2,3.394951706811971e-05
배우는,2,3.394951706811971e-05
100정도에,2,3.394951706811971e-05
미개봉,2,3.394951706811971e-05
와우할인,2,3.394951706811971e-05
33만원,2,3.394951706811971e-05
21프로,2,3.394951706811971e-05
189만원에서,2,3.394951706811971e-05
115만원,2,3.394951706811971e-05
ssd256기가커버포함,2,3.394951706811971e-05
생각되는데,2,3.394951706811971e-05
한계는,2,3.394951706811971e-05
태블릿pc라는,2,3.394951706811971e-05
100프로,2,3.394951706811971e-05
성능적으로,2,3.394951706811971e-05
모르긴하지만,2,3.394951706811971e-05
쓰는지도,2,3.394951706811971e-05
어느정도로,2,3.394951706811971e-05
부담스러워하는것도,2,3.394951706811971e-05
고가다보니,2,3.394951706811971e-05
개선되었다고는,2,3.394951706811971e-05
6과,2,3.394951706811971e-05
8만되어도,2,3.394951706811971e-05
생각되어,2,3.394951706811971e-05
옆그레이드로,2,3.394951706811971e-05
없는것같아,2,3.394951706811971e-05
이득이,2,3.394951706811971e-05
전성비면에서,2,3.394951706811971e-05
나왔지만,2,3.394951706811971e-05
9가,2,3.394951706811971e-05
서피스프로8은,2,3.394951706811971e-05
커버포함,2,3.394951706811971e-05
180만원,2,3.394951706811971e-05
128기가,2,3.394951706811971e-05
하는데원래,2,3.394951706811971e-05
선물주려고,2,3.394951706811971e-05
여자친구,2,3.394951706811971e-05
서피스프로6는,2,3.394951706811971e-05
있어요현재,2,3.394951706811971e-05
마음은,2,3.394951706811971e-05
사주고,2,3.394951706811971e-05
한대,2,3.394951706811971e-05
쓰고있다보니,2,3.394951706811971e-05
하는데도,2,3.394951706811971e-05
낫겠지,2,3.394951706811971e-05
범용적이라,2,3.394951706811971e-05
괜찮아보이는데배우는,2,3.394951706811971e-05
선물하기에,2,3.394951706811971e-05
서피스프로8이제품가성비가,2,3.394951706811971e-05
맥북에어m1이나,2,3.394951706811971e-05
고생,2,3.394951706811971e-05
읽어주시느라,2,3.394951706811971e-05
할게요,2,3.394951706811971e-05
선물하는것도,2,3.394951706811971e-05
했는데사실,2,3.394951706811971e-05
바꿔줄려고,2,3.394951706811971e-05
눈에는,2,3.394951706811971e-05
버벅이는게,2,3.394951706811971e-05
오래되기도하고,2,3.394951706811971e-05
서피스프로6인데,2,3.394951706811971e-05
랩탑이,2,3.394951706811971e-05
하고지금,2,3.394951706811971e-05
그램가지고,2,3.394951706811971e-05
데이터분석할때도,2,3.394951706811971e-05
썻어요회사에서,2,3.394951706811971e-05
랩탑만,2,3.394951706811971e-05
그만하고,2,3.394951706811971e-05
제발,2,3.394951706811971e-05
물어보았고제발,2,3.394951706811971e-05
고민하며,2,3.394951706811971e-05
코딩스쿨,2,3.394951706811971e-05
대기업,2,3.394951706811971e-05
이직하려고,2,3.394951706811971e-05
하는데보안쪽으로,2,3.394951706811971e-05
할려고,2,3.394951706811971e-05
질문드립니다선물을,2,3.394951706811971e-05
몰라,2,3.394951706811971e-05
불편함은,2,3.394951706811971e-05
배울때,2,3.394951706811971e-05
기본적인거,2,3.394951706811971e-05
학교에서,2,3.394951706811971e-05
많으셨고감사합니다,2,3.394951706811971e-05
메모,2,3.394951706811971e-05
금속이,2,3.394951706811971e-05
합금은,2,3.394951706811971e-05
양면,2,3.394951706811971e-05
적어보도록,2,3.394951706811971e-05
생기면,2,3.394951706811971e-05
느낀점이,2,3.394951706811971e-05
알게되거나,2,3.394951706811971e-05
떠났고,2,3.394951706811971e-05
하네요그램은,2,3.394951706811971e-05
축제,2,3.394951706811971e-05
옥션,2,3.394951706811971e-05
된g마켓,2,3.394951706811971e-05
직전에,2,3.394951706811971e-05
폭발하기,2,3.394951706811971e-05
아무거나,2,3.394951706811971e-05
공개한,2,3.394951706811971e-05
마케팅이,2,3.394951706811971e-05
판매하는군요,2,3.394951706811971e-05
사전예약판매,2,3.394951706811971e-05
1월에,2,3.394951706811971e-05
선공개하고,2,3.394951706811971e-05
12월에,2,3.394951706811971e-05
출시하더니,2,3.394951706811971e-05
2월이나,2,3.394951706811971e-05
자사,2,3.394951706811971e-05
호구가,2,3.394951706811971e-05
소비자는,2,3.394951706811971e-05
세집니다,2,3.394951706811971e-05
모일수록,2,3.394951706811971e-05
모이면,2,3.394951706811971e-05
소비자의,2,3.394951706811971e-05
전부인,2,3.394951706811971e-05
이정도가,2,3.394951706811971e-05
이틀차로는,2,3.394951706811971e-05
되긴,2,3.394951706811971e-05
위안이,2,3.394951706811971e-05
점이나씽크셔터같은걸,2,3.394951706811971e-05
만회하려는,2,3.394951706811971e-05
발열을,2,3.394951706811971e-05
높이로,2,3.394951706811971e-05
고무,2,3.394951706811971e-05
안써주는하판에,2,3.394951706811971e-05
소수,2,3.394951706811971e-05
좋긴,2,3.394951706811971e-05
줄기에,2,3.394951706811971e-05
피해자가,2,3.394951706811971e-05
줄도,2,3.394951706811971e-05
프로2020년,2,3.394951706811971e-05
22021년,2,3.394951706811971e-05
갤럭시북32022년,2,3.394951706811971e-05
갤럭시북42023년,2,3.394951706811971e-05
호구,2,3.394951706811971e-05
넘어가서,2,3.394951706811971e-05
몰랐네요,2,3.394951706811971e-05
판매중인,2,3.394951706811971e-05
일반인,2,3.394951706811971e-05
알았고,2,3.394951706811971e-05
공개,2,3.394951706811971e-05
인플루언서들에게만,2,3.394951706811971e-05
달을,2,3.394951706811971e-05
중몇,2,3.394951706811971e-05
360과,2,3.394951706811971e-05
오빠는갤럭시,2,3.394951706811971e-05
당당히,2,3.394951706811971e-05
그런거라고,2,3.394951706811971e-05
처리만,2,3.394951706811971e-05
없고2년차,2,3.394951706811971e-05
해결책은,2,3.394951706811971e-05
되풀이,2,3.394951706811971e-05
받았지만,2,3.394951706811971e-05
수차례,2,3.394951706811971e-05
6년차네요,2,3.394951706811971e-05
벌써,2,3.394951706811971e-05
호구된지,2,3.394951706811971e-05
구매했다가,2,3.394951706811971e-05
시리즈들이죠,2,3.394951706811971e-05
펜삼성,2,3.394951706811971e-05
펜s2018년,2,3.394951706811971e-05
플렉스2019년,2,3.394951706811971e-05
참을만,2,3.394951706811971e-05
막사용하지,2,3.394951706811971e-05
운용하며,2,3.394951706811971e-05
날까봐,2,3.394951706811971e-05
날아감,2,3.394951706811971e-05
통째로,2,3.394951706811971e-05
저장된,2,3.394951706811971e-05
불가로,2,3.394951706811971e-05
넘어,2,3.394951706811971e-05
4년차,2,3.394951706811971e-05
깨달은지,2,3.394951706811971e-05
호구였구나,2,3.394951706811971e-05
그때서야,2,3.394951706811971e-05
면박,2,3.394951706811971e-05
그러냐구,2,3.394951706811971e-05
청구,2,3.394951706811971e-05
요즘은,2,3.394951706811971e-05
켜보기는,2,3.394951706811971e-05
한두번,2,3.394951706811971e-05
한달에,2,3.394951706811971e-05
1년째에는,2,3.394951706811971e-05
깔판으로만,2,3.394951706811971e-05
200만원짜리,2,3.394951706811971e-05
받침판으로,2,3.394951706811971e-05
증거,2,3.394951706811971e-05
쓰레기다,2,3.394951706811971e-05
3년째,2,3.394951706811971e-05
발생하니까,2,3.394951706811971e-05
백화현상이라고,2,3.394951706811971e-05
되더니,2,3.394951706811971e-05
의미,2,3.394951706811971e-05
사양이었죠,2,3.394951706811971e-05
열기가,2,3.394951706811971e-05
한손,2,3.394951706811971e-05
아쉬운점은,2,3.394951706811971e-05
않았네요젤,2,3.394951706811971e-05
괜찮으니크게,2,3.394951706811971e-05
없었고빨콩을,2,3.394951706811971e-05
열감이,2,3.394951706811971e-05
범위에선,2,3.394951706811971e-05
하지만마우스를,2,3.394951706811971e-05
아쉽긴,2,3.394951706811971e-05
가는건,2,3.394951706811971e-05
까볼,2,3.394951706811971e-05
증거용,2,3.394951706811971e-05
안납니다,2,3.394951706811971e-05
기억도,2,3.394951706811971e-05
켜봤는지,2,3.394951706811971e-05
3년차,2,3.394951706811971e-05
2년차,2,3.394951706811971e-05
경험이나,2,3.394951706811971e-05
초기,2,3.394951706811971e-05
사용중입니다,2,3.394951706811971e-05
들여서,2,3.394951706811971e-05
생돈,2,3.394951706811971e-05
피같은,2,3.394951706811971e-05
탓에,2,3.394951706811971e-05
2in1을,2,3.394951706811971e-05
4월부터,2,3.394951706811971e-05
21년,2,3.394951706811971e-05
기다립니다,2,3.394951706811971e-05
타사에선,2,3.394951706811971e-05
아쉽네요그런데,2,3.394951706811971e-05
정도가제일,2,3.394951706811971e-05
방전된,2,3.394951706811971e-05
충전하는데,2,3.394951706811971e-05
한정으로,2,3.394951706811971e-05
충전은,2,3.394951706811971e-05
틀어놔,2,3.394951706811971e-05
계속해서,2,3.394951706811971e-05
유뷰브를,2,3.394951706811971e-05
꺼질,2,3.394951706811971e-05
않구요,2,3.394951706811971e-05
되지도,2,3.394951706811971e-05
깜빡거리거나,2,3.394951706811971e-05
없구요,2,3.394951706811971e-05
부린적,2,3.394951706811971e-05
말썽,2,3.394951706811971e-05
월등하게,2,3.394951706811971e-05
경험치,2,3.394951706811971e-05
높은지자주,2,3.394951706811971e-05
민감도가,2,3.394951706811971e-05
제로팬의,2,3.394951706811971e-05
정숙했습니다,2,3.394951706811971e-05
묻히면,2,3.394951706811971e-05
않고주변소음에,2,3.394951706811971e-05
정숙해서돌아가더라도,2,3.394951706811971e-05
모터가,2,3.394951706811971e-05
소음부분은,2,3.394951706811971e-05
못하기에,2,3.394951706811971e-05
부셔서,2,3.394951706811971e-05
없는데,2,3.394951706811971e-05
실외로,2,3.394951706811971e-05
걸렸습니다,2,3.394951706811971e-05
15분,2,3.394951706811971e-05
충전까지,2,3.394951706811971e-05
풀로,2,3.394951706811971e-05
약한지,2,3.394951706811971e-05
귀가,2,3.394951706811971e-05
보나,2,3.394951706811971e-05
했었는데,2,3.394951706811971e-05
작년에는,2,3.394951706811971e-05
상태입니다,2,3.394951706811971e-05
고정된,2,3.394951706811971e-05
메쉬가,2,3.394951706811971e-05
필터,2,3.394951706811971e-05
배플,2,3.394951706811971e-05
안건드려봤구요배기방향이,2,3.394951706811971e-05
할듯한데,2,3.394951706811971e-05
조절은,2,3.394951706811971e-05
멈추고,2,3.394951706811971e-05
돌다,2,3.394951706811971e-05
종합,2,3.394951706811971e-05
감탄스러웠네요덕분에,2,3.394951706811971e-05
나길래,2,3.394951706811971e-05
피해서,2,3.394951706811971e-05
미묘하게,2,3.394951706811971e-05
10분이,2,3.394951706811971e-05
6시간,2,3.394951706811971e-05
꺼지는데,2,3.394951706811971e-05
하여간,2,3.394951706811971e-05
탓인가,2,3.394951706811971e-05
그렇네요,2,3.394951706811971e-05
태블릿도,2,3.394951706811971e-05
데스크탑이나,2,3.394951706811971e-05
납니다,2,3.394951706811971e-05
이하로,2,3.394951706811971e-05
놓습니다,2,3.394951706811971e-05
상상도,2,3.394951706811971e-05
펜으로는,2,3.394951706811971e-05
놀랍습니다,2,3.394951706811971e-05
낮춰서,2,3.394951706811971e-05
밝기를,2,3.394951706811971e-05
10분,2,3.394951706811971e-05
수치보다,2,3.394951706811971e-05
걸리네요,2,3.394951706811971e-05
있다보니듬직한,2,3.394951706811971e-05
아닌모델보단,2,3.394951706811971e-05
궁금하네요,2,3.394951706811971e-05
어떨지도,2,3.394951706811971e-05
재도포해주면,2,3.394951706811971e-05
써멀을,2,3.394951706811971e-05
맥북m1보다,2,3.394951706811971e-05
체감은,2,3.394951706811971e-05
뒹글,2,3.394951706811971e-05
침대에서,2,3.394951706811971e-05
주말에도,2,3.394951706811971e-05
돌리고,2,3.394951706811971e-05
환경대로,2,3.394951706811971e-05
7시간,2,3.394951706811971e-05
평일,2,3.394951706811971e-05
그대로네요,2,3.394951706811971e-05
돌파해가는데,2,3.394951706811971e-05
360은,2,3.394951706811971e-05
불능상태였는데,2,3.394951706811971e-05
구제,2,3.394951706811971e-05
말썽이더니,2,3.394951706811971e-05
1년차,2,3.394951706811971e-05
경험입니다,2,3.394951706811971e-05
못했,2,3.394951706811971e-05
이랄까요라이젠5에,2,3.394951706811971e-05
적절함,2,3.394951706811971e-05
차갑지도,2,3.394951706811971e-05
뜨겁지도,2,3.394951706811971e-05
노트북들처럼,2,3.394951706811971e-05
전달되는데다른,2,3.394951706811971e-05
피부로,2,3.394951706811971e-05
차가움이,2,3.394951706811971e-05
꺼내면불쾌할,2,3.394951706811971e-05
쉘이라,2,3.394951706811971e-05
맥북에어m1도,2,3.394951706811971e-05
올리고,2,3.394951706811971e-05
쭈우우,2,3.394951706811971e-05
7시간에서,2,3.394951706811971e-05
되돌아,2,3.394951706811971e-05
평균치로,2,3.394951706811971e-05
부당한,2,3.394951706811971e-05
쳐서,2,3.394951706811971e-05
뒷통수,2,3.394951706811971e-05
소비자,2,3.394951706811971e-05
5차례,2,3.394951706811971e-05
as센터,2,3.394951706811971e-05
그랬던,2,3.394951706811971e-05
펜만,2,3.394951706811971e-05
한번도,2,3.394951706811971e-05
적도,2,3.394951706811971e-05
날아간,2,3.394951706811971e-05
갈지는,2,3.394951706811971e-05
발열감을,2,3.394951706811971e-05
더해지니맥북m1을,2,3.394951706811971e-05
쿨링이,2,3.394951706811971e-05
t14s의,2,3.394951706811971e-05
넘어간,2,3.394951706811971e-05
쓰레기입니다,2,3.394951706811971e-05
마케팅,2,3.394951706811971e-05
마찬가집니다,2,3.394951706811971e-05
폴더블폰도,2,3.394951706811971e-05
영업방식,2,3.394951706811971e-05
저급한,2,3.394951706811971e-05
하는거,2,3.394951706811971e-05
몰라라,2,3.394951706811971e-05
뒤처리는,2,3.394951706811971e-05
팔아,2,3.394951706811971e-05
이상에,2,3.394951706811971e-05
폴더블폰,2,3.394951706811971e-05
마케팅으로,2,3.394951706811971e-05
청구하는거,2,3.394951706811971e-05
수리비,2,3.394951706811971e-05
이유펜이,2,3.394951706811971e-05
못하는,2,3.394951706811971e-05
주변인에게,2,3.394951706811971e-05
월등한,2,3.394951706811971e-05
드는거,2,3.394951706811971e-05
보관할,2,3.394951706811971e-05
통할,2,3.394951706811971e-05
보관중인,2,3.394951706811971e-05
짜리,2,3.394951706811971e-05
200만원,2,3.394951706811971e-05
안통하는,2,3.394951706811971e-05
쉽에게는,2,3.394951706811971e-05
서비스라는,2,3.394951706811971e-05
심부름이고,2,3.394951706811971e-05
시켜서,2,3.394951706811971e-05
호구입니다,2,3.394951706811971e-05
못했죠,2,3.394951706811971e-05
해결은,2,3.394951706811971e-05
교체해도,2,3.394951706811971e-05
했죠,2,3.394951706811971e-05
2번이나,2,3.394951706811971e-05
확인했는데,2,3.394951706811971e-05
발생했습니다,2,3.394951706811971e-05
길어지면,2,3.394951706811971e-05
지연인식하는,2,3.394951706811971e-05
못하거나,2,3.394951706811971e-05
인식하지,2,3.394951706811971e-05
as로,2,3.394951706811971e-05
1번,2,3.394951706811971e-05
2년차에,2,3.394951706811971e-05
한달만에,2,3.394951706811971e-05
말썽입니다,2,3.394951706811971e-05
떨어진,2,3.394951706811971e-05
m1제품이라혼자만,2,3.394951706811971e-05
애플실리콘,2,3.394951706811971e-05
그램14인지라,2,3.394951706811971e-05
74wh의,2,3.394951706811971e-05
1kg미만에,2,3.394951706811971e-05
하고비교대상이,2,3.394951706811971e-05
제품이기도,2,3.394951706811971e-05
센터에,2,3.394951706811971e-05
않더군요,2,3.394951706811971e-05
헛돌기기만,2,3.394951706811971e-05
돌렸는데,2,3.394951706811971e-05
반시계,2,3.394951706811971e-05
교체하려고,2,3.394951706811971e-05
가을에,2,3.394951706811971e-05
as센터도,2,3.394951706811971e-05
재구매하기로,2,3.394951706811971e-05
온라인몰에서,2,3.394951706811971e-05
기억합니다,2,3.394951706811971e-05
였던거로,2,3.394951706811971e-05
8만원대,2,3.394951706811971e-05
그런거라구요,2,3.394951706811971e-05
짓을,2,3.394951706811971e-05
차였는데,2,3.394951706811971e-05
1개월,2,3.394951706811971e-05
2번,2,3.394951706811971e-05
교체만,2,3.394951706811971e-05
교체한,2,3.394951706811971e-05
팬리스의,2,3.394951706811971e-05
소음이라고,2,3.394951706811971e-05
발열특성과,2,3.394951706811971e-05
아닌것,2,3.394951706811971e-05
지연현상을,2,3.394951706811971e-05
이제까지,2,3.394951706811971e-05
절로,2,3.394951706811971e-05
열리고,2,3.394951706811971e-05
그랬더니,2,3.394951706811971e-05
해보자,2,3.394951706811971e-05
작동하는지,2,3.394951706811971e-05
업체가하는,2,3.394951706811971e-05
검증자가,2,3.394951706811971e-05
표시했기,2,3.394951706811971e-05
업에로드하는,2,3.394951706811971e-05
스타트,2,3.394951706811971e-05
설명해야,2,3.394951706811971e-05
복사하여,2,3.394951706811971e-05
데스크탑에,2,3.394951706811971e-05
분해부터,2,3.394951706811971e-05
lg도,2,3.394951706811971e-05
칩니다,2,3.394951706811971e-05
그래,2,3.394951706811971e-05
발생하죠,2,3.394951706811971e-05
인식합니다,2,3.394951706811971e-05
치면,2,3.394951706811971e-05
재부팅,2,3.394951706811971e-05
재설치,2,3.394951706811971e-05
펜촉,2,3.394951706811971e-05
교체나,2,3.394951706811971e-05
거죠,2,3.394951706811971e-05
서로,2,3.394951706811971e-05
as센터나,2,3.394951706811971e-05
사용자나,2,3.394951706811971e-05
잠금,2,3.394951706811971e-05
사용했었는데,2,3.394951706811971e-05
얻어,2,3.394951706811971e-05
의미에서,2,3.394951706811971e-05
싶어서가,2,3.394951706811971e-05
이지홍보,2,3.394951706811971e-05
알려주지,2,3.394951706811971e-05
이유는대기업에서,2,3.394951706811971e-05
유튜브를,2,3.394951706811971e-05
테크,2,3.394951706811971e-05
호구지,2,3.394951706811971e-05
이러니,2,3.394951706811971e-05
했네,2,3.394951706811971e-05
했어야,2,3.394951706811971e-05
as센터에,2,3.394951706811971e-05
글쓰다,2,3.394951706811971e-05
않나요,2,3.394951706811971e-05
알았으니,2,3.394951706811971e-05
배터리부분은,2,3.394951706811971e-05
시대에,2,3.394951706811971e-05
64기가가,2,3.394951706811971e-05
아쉽네요umpc도,2,3.394951706811971e-05
안된다는것은,2,3.394951706811971e-05
64까지,2,3.394951706811971e-05
달려있는점이,2,3.394951706811971e-05
32기가가,2,3.394951706811971e-05
최대치인,2,3.394951706811971e-05
램인데온보드라,2,3.394951706811971e-05
보는건,2,3.394951706811971e-05
cpu보다,2,3.394951706811971e-05
소개하는,2,3.394951706811971e-05
객관적으로,2,3.394951706811971e-05
가면서,2,3.394951706811971e-05
먹어,2,3.394951706811971e-05
후기에,2,3.394951706811971e-05
리스트입니다,2,3.394951706811971e-05
남겨보고자,2,3.394951706811971e-05
체험적인,2,3.394951706811971e-05
정확할거라,2,3.394951706811971e-05
리뷰나,2,3.394951706811971e-05
게사장님,2,3.394951706811971e-05
데시벨,2,3.394951706811971e-05
성능적인,2,3.394951706811971e-05
홧팅,2,3.394951706811971e-05
테크몽,2,3.394951706811971e-05
귀하다,2,3.394951706811971e-05
유튜버는,2,3.394951706811971e-05
아쉬웠는데중고,2,3.394951706811971e-05
들어갔음에도,2,3.394951706811971e-05
디스플레이까지,2,3.394951706811971e-05
튼튼하구요,2,3.394951706811971e-05
나더라구요,2,3.394951706811971e-05
한두단계,2,3.394951706811971e-05
못하지만,2,3.394951706811971e-05
수준급입니다,2,3.394951706811971e-05
빌드퀄은,2,3.394951706811971e-05
퀄리티외관,2,3.394951706811971e-05
프로91,2,3.394951706811971e-05
3세대,2,3.394951706811971e-05
처분한,2,3.394951706811971e-05
지급,2,3.394951706811971e-05
슬림5,2,3.394951706811971e-05
s9,2,3.394951706811971e-05
갤럭시탭,2,3.394951706811971e-05
사용중,2,3.394951706811971e-05
담겨있으니,2,3.394951706811971e-05
비교가,2,3.394951706811971e-05
맞긴해서,2,3.394951706811971e-05
큰게,2,3.394951706811971e-05
개씩은,2,3.394951706811971e-05
겜트북은,2,3.394951706811971e-05
한개고,2,3.394951706811971e-05
울트라북은,2,3.394951706811971e-05
시끄럽네요,2,3.394951706811971e-05
편이었는데,2,3.394951706811971e-05
울트라북이라,2,3.394951706811971e-05
작업하면,2,3.394951706811971e-05
빡센,2,3.394951706811971e-05
발열소음은,2,3.394951706811971e-05
그램2,2,3.394951706811971e-05
퀄리티,2,3.394951706811971e-05
짱짱합니다,2,3.394951706811971e-05
걸고,2,3.394951706811971e-05
제한을,2,3.394951706811971e-05
tdp,2,3.394951706811971e-05
더나았고4800u도,2,3.394951706811971e-05
740m,2,3.394951706811971e-05
베가8과,2,3.394951706811971e-05
있는데4800u의,2,3.394951706811971e-05
4800u모델도,2,3.394951706811971e-05
라이젠7,2,3.394951706811971e-05
umpc중,2,3.394951706811971e-05
다운받고,2,3.394951706811971e-05
안해봤는데,2,3.394951706811971e-05
안느껴집니다,2,3.394951706811971e-05
안들리고,2,3.394951706811971e-05
상태에서는,2,3.394951706811971e-05
무의미하네요,2,3.394951706811971e-05
잡고,2,3.394951706811971e-05
덤프를,2,3.394951706811971e-05
디자인디자인이,2,3.394951706811971e-05
있을거,2,3.394951706811971e-05
명확하게,2,3.394951706811971e-05
롱런을,2,3.394951706811971e-05
정도네요,2,3.394951706811971e-05
따뜻한,2,3.394951706811971e-05
미지근하거나,2,3.394951706811971e-05
잡아먹었는데,2,3.394951706811971e-05
리소스를,2,3.394951706811971e-05
하느라고,2,3.394951706811971e-05
벤치보고,2,3.394951706811971e-05
장비를,2,3.394951706811971e-05
때문에cpu는,2,3.394951706811971e-05
사용했기,2,3.394951706811971e-05
마크랑,2,3.394951706811971e-05
상판의,2,3.394951706811971e-05
아이덴티티로,2,3.394951706811971e-05
안쓰이고,2,3.394951706811971e-05
신경이,2,3.394951706811971e-05
튀어나온,2,3.394951706811971e-05
궁댕이처럼,2,3.394951706811971e-05
후면에,2,3.394951706811971e-05
비활성화하기,2,3.394951706811971e-05
검증기를,2,3.394951706811971e-05
보았고,2,3.394951706811971e-05
windbg에서,2,3.394951706811971e-05
스피커지금,2,3.394951706811971e-05
아리송합니다,2,3.394951706811971e-05
아닌건지,2,3.394951706811971e-05
느껴지는건지,2,3.394951706811971e-05
빌드퀄이,2,3.394951706811971e-05
깔끔해보여서,2,3.394951706811971e-05
있는게,2,3.394951706811971e-05
글자가,2,3.394951706811971e-05
보단,2,3.394951706811971e-05
같은거,2,3.394951706811971e-05
아이콘,2,3.394951706811971e-05
많을걸로,2,3.394951706811971e-05
불호가,2,3.394951706811971e-05
요소로,2,3.394951706811971e-05
사람마다,2,3.394951706811971e-05
글씨가,2,3.394951706811971e-05
ar,2,3.394951706811971e-05
나아보이네요,2,3.394951706811971e-05
영상볼,2,3.394951706811971e-05
불키고,2,3.394951706811971e-05
반사율로,2,3.394951706811971e-05
구트라정도의,2,3.394951706811971e-05
빛반사가,2,3.394951706811971e-05
글레어가,2,3.394951706811971e-05
표현에,2,3.394951706811971e-05
리전이,2,3.394951706811971e-05
쨍해서,2,3.394951706811971e-05
비교하자면,2,3.394951706811971e-05
프로라도,2,3.394951706811971e-05
아쉽네요,2,3.394951706811971e-05
씌워져있어서,2,3.394951706811971e-05
울트라에,2,3.394951706811971e-05
했는데역시,2,3.394951706811971e-05
걱정을,2,3.394951706811971e-05
어떨지,2,3.394951706811971e-05
7540이,2,3.394951706811971e-05
사양부분입니다,2,3.394951706811971e-05
하네요마지막으로는,2,3.394951706811971e-05
그런것,2,3.394951706811971e-05
낮았어서,2,3.394951706811971e-05
기대치가,2,3.394951706811971e-05
않았던것,2,3.394951706811971e-05
나쁘진,2,3.394951706811971e-05
그땐,2,3.394951706811971e-05
이슈가,2,3.394951706811971e-05
갤북2때,2,3.394951706811971e-05
붙여야겠습니다,2,3.394951706811971e-05
나온다면,2,3.394951706811971e-05
가능하다고는,2,3.394951706811971e-05
개선이,2,3.394951706811971e-05
소프트웨어로,2,3.394951706811971e-05
훨빼,2,3.394951706811971e-05
좋은건,2,3.394951706811971e-05
아닌데,2,3.394951706811971e-05
나쁜건,2,3.394951706811971e-05
특별하게,2,3.394951706811971e-05
달렸구나,2,3.394951706811971e-05
피로할,2,3.394951706811971e-05
제품에선,2,3.394951706811971e-05
문제였던거,2,3.394951706811971e-05
fhd가,2,3.394951706811971e-05
안심했습니다,2,3.394951706811971e-05
않은것,2,3.394951706811971e-05
저한테는,2,3.394951706811971e-05
down를,2,3.394951706811971e-05
pageup,2,3.394951706811971e-05
실수로,2,3.394951706811971e-05
이동을,2,3.394951706811971e-05
단어,2,3.394951706811971e-05
이용해서,2,3.394951706811971e-05
거슬리더라구요,2,3.394951706811971e-05
up이,2,3.394951706811971e-05
취향,2,3.394951706811971e-05
텐키리스라서,2,3.394951706811971e-05
키보드일단,2,3.394951706811971e-05
그램5,2,3.394951706811971e-05
짱짱함,2,3.394951706811971e-05
하기로,2,3.394951706811971e-05
리전으로,2,3.394951706811971e-05
시청은,2,3.394951706811971e-05
제품들중엔,2,3.394951706811971e-05
퀄리티도,2,3.394951706811971e-05
트랙패드적당한,2,3.394951706811971e-05
프로6,2,3.394951706811971e-05
키커버,2,3.394951706811971e-05
쫀득한,2,3.394951706811971e-05
키감은,2,3.394951706811971e-05
같긴합니다,2,3.394951706811971e-05
해결될,2,3.394951706811971e-05
변경시켜주면,2,3.394951706811971e-05
단축키를,2,3.394951706811971e-05
익숙해질거,2,3.394951706811971e-05
있는줄,2,3.394951706811971e-05
단축키가,2,3.394951706811971e-05
크롬,2,3.394951706811971e-05
입력하면,2,3.394951706811971e-05
충돌을,2,3.394951706811971e-05
말하면서,2,3.394951706811971e-05
잡았고,2,3.394951706811971e-05
업체가,2,3.394951706811971e-05
운전자,2,3.394951706811971e-05
부하로,2,3.394951706811971e-05
일어난,2,3.394951706811971e-05
확인했습니다,2,3.394951706811971e-05
맺을,2,3.394951706811971e-05
열매를,2,3.394951706811971e-05
minidumps가,2,3.394951706811971e-05
수동으로,2,3.394951706811971e-05
있던데,2,3.394951706811971e-05
논란이,2,3.394951706811971e-05
아니냐,2,3.394951706811971e-05
유리냐,2,3.394951706811971e-05
순간적으로,2,3.394951706811971e-05
조종할,2,3.394951706811971e-05
트랙패드를,2,3.394951706811971e-05
터치된,2,3.394951706811971e-05
좌상단에,2,3.394951706811971e-05
손바닥이,2,3.394951706811971e-05
au88b,2,3.394951706811971e-05
배치상,2,3.394951706811971e-05
이슈일,2,3.394951706811971e-05
아닌것으로,2,3.394951706811971e-05
유리는,2,3.394951706811971e-05
아닌거,2,3.394951706811971e-05
힘들지만,2,3.394951706811971e-05
말씀드리긴,2,3.394951706811971e-05
확정적으로,2,3.394951706811971e-05
일으켰습니다,2,3.394951706811971e-05
아니였지만,2,3.394951706811971e-05
경우는맥북만큼은,2,3.394951706811971e-05
같아요스피커의,2,3.394951706811971e-05
씽크패드의,2,3.394951706811971e-05
기억하던,2,3.394951706811971e-05
글자가더욱,2,3.394951706811971e-05
씽크패드라는,2,3.394951706811971e-05
안들고실버컬러로,2,3.394951706811971e-05
x1로고가,2,3.394951706811971e-05
카본이고로고가,2,3.394951706811971e-05
상판이,2,3.394951706811971e-05
나노는,2,3.394951706811971e-05
귀여워서,2,3.394951706811971e-05
문제일텐데,2,3.394951706811971e-05
돼서,2,3.394951706811971e-05
군데서,2,3.394951706811971e-05
인식률이,2,3.394951706811971e-05
문제인진,2,3.394951706811971e-05
제손이,2,3.394951706811971e-05
제것만,2,3.394951706811971e-05
사라졌습니다,2,3.394951706811971e-05
설정하니,2,3.394951706811971e-05
높음으로,2,3.394951706811971e-05
민감도를,2,3.394951706811971e-05
탭의,2,3.394951706811971e-05
현상은,2,3.394951706811971e-05
적어봤습니다,2,3.394951706811971e-05
등에서는,2,3.394951706811971e-05
젠북이나,2,3.394951706811971e-05
아니라도,2,3.394951706811971e-05
좋았고기대이상은,2,3.394951706811971e-05
그램보단,2,3.394951706811971e-05
테더링하는,2,3.394951706811971e-05
usb로,2,3.394951706811971e-05
없으시면,2,3.394951706811971e-05
그제서야,2,3.394951706811971e-05
설치하니,2,3.394951706811971e-05
홈페이지가서,2,3.394951706811971e-05
안보이고요,2,3.394951706811971e-05
관리자에도,2,3.394951706811971e-05
안뜨더라구요,2,3.394951706811971e-05
리전은,2,3.394951706811971e-05
인식되던데,2,3.394951706811971e-05
랜카드,2,3.394951706811971e-05
노트북이어도,2,3.394951706811971e-05
깔면,2,3.394951706811971e-05
인식윈도우,2,3.394951706811971e-05
인가봐요,2,3.394951706811971e-05
남는,2,3.394951706811971e-05
미드나이트처럼,2,3.394951706811971e-05
남습니다,2,3.394951706811971e-05
편은,2,3.394951706811971e-05
심한,2,3.394951706811971e-05
있긴한데,2,3.394951706811971e-05
현상이,2,3.394951706811971e-05
우글거림,2,3.394951706811971e-05
올라운더로,2,3.394951706811971e-05
부피,2,3.394951706811971e-05
마지노선인,2,3.394951706811971e-05
휴대하기에,2,3.394951706811971e-05
짱짱해서,2,3.394951706811971e-05
32기가라서,2,3.394951706811971e-05
온보드인게,2,3.394951706811971e-05
참고하세요,2,3.394951706811971e-05
피할,2,3.394951706811971e-05
증가,2,3.394951706811971e-05
교량,2,3.394951706811971e-05
논리,2,3.394951706811971e-05
나타내지,2,3.394951706811971e-05
저렴하지,2,3.394951706811971e-05
이쁜것,2,3.394951706811971e-05
합니다실물이,2,3.394951706811971e-05
변하는데,2,3.394951706811971e-05
색이,2,3.394951706811971e-05
멋집니다,2,3.394951706811971e-05
이펙트,2,3.394951706811971e-05
부팅화면에,2,3.394951706811971e-05
시작할,2,3.394951706811971e-05
용이해보입니다,2,3.394951706811971e-05
관리에,2,3.394951706811971e-05
축구,2,3.394951706811971e-05
타임은,2,3.394951706811971e-05
쏠쏠합니다,2,3.394951706811971e-05
넣어주긴하지만,2,3.394951706811971e-05
노트북들,2,3.394951706811971e-05
중저가형,2,3.394951706811971e-05
커보입니다,2,3.394951706811971e-05
5인치보다,2,3.394951706811971e-05
체감상,2,3.394951706811971e-05
영롱하고,2,3.394951706811971e-05
led도,2,3.394951706811971e-05
상판에,2,3.394951706811971e-05
그럴수도,2,3.394951706811971e-05
찍어서,2,3.394951706811971e-05
대규모로,2,3.394951706811971e-05
설계에,2,3.394951706811971e-05
뚜까했는데,2,3.394951706811971e-05
어찌저찌,2,3.394951706811971e-05
신용카드,2,3.394951706811971e-05
안쓰는,2,3.394951706811971e-05
헤라가,2,3.394951706811971e-05
힘듭니다,2,3.394951706811971e-05
분해가,2,3.394951706811971e-05
참고만,2,3.394951706811971e-05
아니니,2,3.394951706811971e-05
지표는,2,3.394951706811971e-05
있었을수도,2,3.394951706811971e-05
백그라운드로,2,3.394951706811971e-05
상태였어서,2,3.394951706811971e-05
세팅중인,2,3.394951706811971e-05
떨어졌습니다,2,3.394951706811971e-05
웨일즈전,2,3.394951706811971e-05
않게,2,3.394951706811971e-05
예기치,2,3.394951706811971e-05
배웠습니다,2,3.394951706811971e-05
검증기에,2,3.394951706811971e-05
사람들로부터,2,3.394951706811971e-05
벤치마킹에,2,3.394951706811971e-05
들고다니는,2,3.394951706811971e-05
올라운더,2,3.394951706811971e-05
싶으신,2,3.394951706811971e-05
커버하고,2,3.394951706811971e-05
많은걸,2,3.394951706811971e-05
중요시,2,3.394951706811971e-05
퀄리티를,2,3.394951706811971e-05
하십쇼,2,3.394951706811971e-05
분해,2,3.394951706811971e-05
헤라사서,2,3.394951706811971e-05
느낌도,2,3.394951706811971e-05
제품이구요,2,3.394951706811971e-05
올라운더가,2,3.394951706811971e-05
퀄리티로,2,3.394951706811971e-05
구성과,2,3.394951706811971e-05
총평전반적으로,2,3.394951706811971e-05
분10,2,3.394951706811971e-05
필요하신,2,3.394951706811971e-05
성능좋은,2,3.394951706811971e-05
검증을,2,3.394951706811971e-05
보았,2,3.394951706811971e-05
못했기,2,3.394951706811971e-05
뷰어,2,3.394951706811971e-05
유용한,2,3.394951706811971e-05
끄는,2,3.394951706811971e-05
lel을,2,3.394951706811971e-05
넓혀서,2,3.394951706811971e-05
뻔하기에,2,3.394951706811971e-05
쓰려,2,3.394951706811971e-05
주변기기,2,3.394951706811971e-05
카메라,2,3.394951706811971e-05
있겠습니다,2,3.394951706811971e-05
만족할,2,3.394951706811971e-05
맥북보다,2,3.394951706811971e-05
고려했을,2,3.394951706811971e-05
제품이네요,2,3.394951706811971e-05
노려봤을만한,2,3.394951706811971e-05
원탑,2,3.394951706811971e-05
겜트북,2,3.394951706811971e-05
좋았다면,2,3.394951706811971e-05
스피커만,2,3.394951706811971e-05
들고요,2,3.394951706811971e-05
잘못이,2,3.394951706811971e-05
실수,2,3.394951706811971e-05
실수였습니다,2,3.394951706811971e-05
구입하는,2,3.394951706811971e-05
대처하고,2,3.394951706811971e-05
일러스트레이터를,2,3.394951706811971e-05
없어서였는데,2,3.394951706811971e-05
일도,2,3.394951706811971e-05
싫어하기도,2,3.394951706811971e-05
작년까지,2,3.394951706811971e-05
태어나서,2,3.394951706811971e-05
나가질,2,3.394951706811971e-05
찍으러,2,3.394951706811971e-05
소식이라,2,3.394951706811971e-05
주말까지,2,3.394951706811971e-05
써보려고,2,3.394951706811971e-05
등다양한,2,3.394951706811971e-05
생필품,2,3.394951706811971e-05
식품,2,3.394951706811971e-05
비비고,2,3.394951706811971e-05
cj,2,3.394951706811971e-05
아니라농심,2,3.394951706811971e-05
전자제품뿐만이,2,3.394951706811971e-05
가전제품,2,3.394951706811971e-05
로보락,2,3.394951706811971e-05
할인가로삼성,2,3.394951706811971e-05
파격적인,2,3.394951706811971e-05
빅스마일,2,3.394951706811971e-05
안정시키고,2,3.394951706811971e-05
cs2를,2,3.394951706811971e-05
자유롭게,2,3.394951706811971e-05
말한,2,3.394951706811971e-05
고생했지만,2,3.394951706811971e-05
익숙치,2,3.394951706811971e-05
인터페이스가,2,3.394951706811971e-05
있겠지,2,3.394951706811971e-05
290만,2,3.394951706811971e-05
들은,2,3.394951706811971e-05
진리다,2,3.394951706811971e-05
맥이,2,3.394951706811971e-05
보려니,2,3.394951706811971e-05
경쟁력을,2,3.394951706811971e-05
300hz로,2,3.394951706811971e-05
스터터없이,2,3.394951706811971e-05
슬프긴,2,3.394951706811971e-05
남는게,2,3.394951706811971e-05
행사로보통,2,3.394951706811971e-05
제품들을,2,3.394951706811971e-05
120장을,2,3.394951706811971e-05
raw,2,3.394951706811971e-05
비압축,2,3.394951706811971e-05
a7r5,2,3.394951706811971e-05
되니까요,2,3.394951706811971e-05
주면,2,3.394951706811971e-05
움직여,2,3.394951706811971e-05
검지만,2,3.394951706811971e-05
스크롤,2,3.394951706811971e-05
움직여야,2,3.394951706811971e-05
누른,2,3.394951706811971e-05
스페이스,2,3.394951706811971e-05
편합니다,2,3.394951706811971e-05
되더군요,2,3.394951706811971e-05
적응,2,3.394951706811971e-05
며칠만,2,3.394951706811971e-05
드림,2,3.394951706811971e-05
분에게,2,3.394951706811971e-05
재고,2,3.394951706811971e-05
전화해서,2,3.394951706811971e-05
여의도로,2,3.394951706811971e-05
애플스토어,2,3.394951706811971e-05
사인데,2,3.394951706811971e-05
깜짝할,2,3.394951706811971e-05
직원이,2,3.394951706811971e-05
걸리더라구요,2,3.394951706811971e-05
1시간이,2,3.394951706811971e-05
작업하는데,2,3.394951706811971e-05
불러와서,2,3.394951706811971e-05
포토샵에,2,3.394951706811971e-05
하려고,2,3.394951706811971e-05
브라켓팅,2,3.394951706811971e-05
딴딴해서,2,3.394951706811971e-05
상판은,2,3.394951706811971e-05
놀랐습니다,2,3.394951706811971e-05
t14s는,2,3.394951706811971e-05
플라스틱같은데,2,3.394951706811971e-05
해야할까,2,3.394951706811971e-05
내성이,2,3.394951706811971e-05
휘어짐,2,3.394951706811971e-05
두께와,2,3.394951706811971e-05
싶다보니,2,3.394951706811971e-05
텐데,2,3.394951706811971e-05
쌌을,2,3.394951706811971e-05
샀으면,2,3.394951706811971e-05
바보,2,3.394951706811971e-05
48gb,2,3.394951706811971e-05
40코어,2,3.394951706811971e-05
라룸에서,2,3.394951706811971e-05
테니,2,3.394951706811971e-05
바꾸고,2,3.394951706811971e-05
년은,2,3.394951706811971e-05
이거면,2,3.394951706811971e-05
드라마틱한,2,3.394951706811971e-05
빨라지긴,2,3.394951706811971e-05
해보니,2,3.394951706811971e-05
사진들,2,3.394951706811971e-05
브라케팅,2,3.394951706811971e-05
애플스토어에서,2,3.394951706811971e-05
자국이,2,3.394951706811971e-05
반면씽크패드는,2,3.394951706811971e-05
화이트는,2,3.394951706811971e-05
남지만,2,3.394951706811971e-05
놀랐네요그램도,2,3.394951706811971e-05
최신판을,2,3.394951706811971e-05
생각나서,2,3.394951706811971e-05
에디션이라는,2,3.394951706811971e-05
노태문,2,3.394951706811971e-05
언뜻,2,3.394951706811971e-05
있더군요,2,3.394951706811971e-05
하기에는,2,3.394951706811971e-05
업무,2,3.394951706811971e-05
데에만,2,3.394951706811971e-05
회사일,2,3.394951706811971e-05
취미로는,2,3.394951706811971e-05
때만,2,3.394951706811971e-05
15초,2,3.394951706811971e-05
대략,2,3.394951706811971e-05
장당,2,3.394951706811971e-05
제거하면,2,3.394951706811971e-05
의식해야,2,3.394951706811971e-05
가다보니약간은,2,3.394951706811971e-05
트랙패드로,2,3.394951706811971e-05
적응되었다는,2,3.394951706811971e-05
부분은맥북을,2,3.394951706811971e-05
gr5,2,3.394951706811971e-05
16t90p,2,3.394951706811971e-05
가능성을,2,3.394951706811971e-05
가속기를,2,3.394951706811971e-05
유로,2,3.394951706811971e-05
그랬습니다,2,3.394951706811971e-05
사양에,2,3.394951706811971e-05
핸드폰이랑,2,3.394951706811971e-05
연동되는,2,3.394951706811971e-05
삼성이라,2,3.394951706811971e-05
검색해,2,3.394951706811971e-05
이상은,2,3.394951706811971e-05
그냥저냥한,2,3.394951706811971e-05
2017년도,2,3.394951706811971e-05
전까지,2,3.394951706811971e-05
되거나이,2,3.394951706811971e-05
결론,2,3.394951706811971e-05
중에서,2,3.394951706811971e-05
m8008w,2,3.394951706811971e-05
up6502za,2,3.394951706811971e-05
15pro,2,3.394951706811971e-05
zenbook,2,3.394951706811971e-05
bk,2,3.394951706811971e-05
이루어진그램을,2,3.394951706811971e-05
놀라웠는데같은,2,3.394951706811971e-05
마감같은,2,3.394951706811971e-05
트랙포인트로,2,3.394951706811971e-05
10개는,2,3.394951706811971e-05
생각하라고,2,3.394951706811971e-05
착한,2,3.394951706811971e-05
나왔어요,2,3.394951706811971e-05
m4가,2,3.394951706811971e-05
귀찮아요,2,3.394951706811971e-05
하기가,2,3.394951706811971e-05
출퇴근,2,3.394951706811971e-05
집으로,2,3.394951706811971e-05
그러려면,2,3.394951706811971e-05
라이트룸으로,2,3.394951706811971e-05
찍기,2,3.394951706811971e-05
취미로,2,3.394951706811971e-05
8월부터는,2,3.394951706811971e-05
5월에,2,3.394951706811971e-05
듯4,2,3.394951706811971e-05
터치패드쪽에,2,3.394951706811971e-05
적응할,2,3.394951706811971e-05
내리고서야,2,3.394951706811971e-05
최하로,2,3.394951706811971e-05
같네요민감도를,2,3.394951706811971e-05
영향도,2,3.394951706811971e-05
같던데그,2,3.394951706811971e-05
마다도,2,3.394951706811971e-05
적응에,2,3.394951706811971e-05
남았는데,2,3.394951706811971e-05
두느냐의,2,3.394951706811971e-05
생각으로,2,3.394951706811971e-05
깡통이,2,3.394951706811971e-05
밀려왔지만,2,3.394951706811971e-05
유혹이,2,3.394951706811971e-05
용량이나,2,3.394951706811971e-05
출퇴근하기,2,3.394951706811971e-05
일해야죠,2,3.394951706811971e-05
집에서도,2,3.394951706811971e-05
mini,2,3.394951706811971e-05
개강추합니다,2,3.394951706811971e-05
실내용으로는,2,3.394951706811971e-05
맥미니를,2,3.394951706811971e-05
쓰니,2,3.394951706811971e-05
스택용으로,2,3.394951706811971e-05
2가지만,2,3.394951706811971e-05
아쉬웠던것,2,3.394951706811971e-05
얕아서,2,3.394951706811971e-05
멀어지고깊이가,2,3.394951706811971e-05
거리가,2,3.394951706811971e-05
좋으나,2,3.394951706811971e-05
버튼이디자인상으론,2,3.394951706811971e-05
amd에게는,2,3.394951706811971e-05
공격은,2,3.394951706811971e-05
추신,2,3.394951706811971e-05
미니피씨가,2,3.394951706811971e-05
사봤는데,2,3.394951706811971e-05
미니피씨를,2,3.394951706811971e-05
n100,2,3.394951706811971e-05
촬영하려고,2,3.394951706811971e-05
극축정렬,2,3.394951706811971e-05
nina,2,3.394951706811971e-05
적도의에,2,3.394951706811971e-05
촬영시,2,3.394951706811971e-05
본래는,2,3.394951706811971e-05
마련했습니다,2,3.394951706811971e-05
피씨를,2,3.394951706811971e-05
귀찮죠,2,3.394951706811971e-05
차지하지,2,3.394951706811971e-05
공간도,2,3.394951706811971e-05
아담해서,2,3.394951706811971e-05
무지,2,3.394951706811971e-05
고성능일,2,3.394951706811971e-05
특별히,2,3.394951706811971e-05
거다보니,2,3.394951706811971e-05
사무용으로만,2,3.394951706811971e-05
해버렸네요,2,3.394951706811971e-05
남기고,2,3.394951706811971e-05
36gb,2,3.394951706811971e-05
s랑,2,3.394951706811971e-05
6대가,2,3.394951706811971e-05
설정해야한다,2,3.394951706811971e-05
의도적으로,2,3.394951706811971e-05
의미하지는,2,3.394951706811971e-05
유용하게,2,3.394951706811971e-05
달려있고매우,2,3.394951706811971e-05
네모부분,2,3.394951706811971e-05
에광학식,2,3.394951706811971e-05
나와있습니다,2,3.394951706811971e-05
사진에,2,3.394951706811971e-05
win4,2,3.394951706811971e-05
umpcgpd의,2,3.394951706811971e-05
6인치짜리,2,3.394951706811971e-05
이야기나온,2,3.394951706811971e-05
하나입니다,2,3.394951706811971e-05
사무실에서는,2,3.394951706811971e-05
쓰지만,2,3.394951706811971e-05
돌려,2,3.394951706811971e-05
mechanical,2,3.394951706811971e-05
사용하실,2,3.394951706811971e-05
나왔더라구요,2,3.394951706811971e-05
mechanical이,2,3.394951706811971e-05
키보드로,2,3.394951706811971e-05
리니어,2,3.394951706811971e-05
가능하죠,2,3.394951706811971e-05
변경이,2,3.394951706811971e-05
간편,2,3.394951706811971e-05
버튼으로,2,3.394951706811971e-05
스위치,2,3.394951706811971e-05
이지,2,3.394951706811971e-05
많습니다,2,3.394951706811971e-05
달라서,2,3.394951706811971e-05
트랙포인트랑민감도가,2,3.394951706811971e-05
바이오,2,3.394951706811971e-05
의존해서인지,2,3.394951706811971e-05
있기도,2,3.394951706811971e-05
장단점은,2,3.394951706811971e-05
사실이라면,2,3.394951706811971e-05
legion이,2,3.394951706811971e-05
준비로,2,3.394951706811971e-05
공격에,2,3.394951706811971e-05
심각한,2,3.394951706811971e-05
정착했습니다,2,3.394951706811971e-05
썼었지만,2,3.394951706811971e-05
다양하게,2,3.394951706811971e-05
마우스도,2,3.394951706811971e-05
편해요,2,3.394951706811971e-05
공용이라,2,3.394951706811971e-05
별로였는데,2,3.394951706811971e-05
들였습니다,2,3.394951706811971e-05
무료나눔하고,2,3.394951706811971e-05
좋아하기,2,3.394951706811971e-05
미관상,2,3.394951706811971e-05
타서,2,3.394951706811971e-05
떼를,2,3.394951706811971e-05
누르스름한,2,3.394951706811971e-05
흰색도,2,3.394951706811971e-05
그레이는,2,3.394951706811971e-05
드립니다,2,3.394951706811971e-05
그레이로,2,3.394951706811971e-05
흰색을,2,3.394951706811971e-05
그레이,2,3.394951706811971e-05
경첩이,2,3.394951706811971e-05
뒤쪽의,2,3.394951706811971e-05
어렵,2,3.394951706811971e-05
사용하기가,2,3.394951706811971e-05
좋아했지만,2,3.394951706811971e-05
vpro,2,3.394951706811971e-05
아니지만아주,2,3.394951706811971e-05
제품은결국,2,3.394951706811971e-05
쟁취하게,2,3.394951706811971e-05
오픈런으로,2,3.394951706811971e-05
하자마자빅,2,3.394951706811971e-05
12시,2,3.394951706811971e-05
8일,2,3.394951706811971e-05
날인,2,3.394951706811971e-05
했고행사,2,3.394951706811971e-05
로지,2,3.394951706811971e-05
거에서,2,3.394951706811971e-05
마감이나,2,3.394951706811971e-05
묵직함이나,2,3.394951706811971e-05
써보면,2,3.394951706811971e-05
카피,2,3.394951706811971e-05
보기가,2,3.394951706811971e-05
복붙까지,2,3.394951706811971e-05
방식인,2,3.394951706811971e-05
바뀌는,2,3.394951706811971e-05
페어링이,2,3.394951706811971e-05
닿으면,2,3.394951706811971e-05
경계선에,2,3.394951706811971e-05
창에서,2,3.394951706811971e-05
복붙한다거나,2,3.394951706811971e-05
넘어가면서,2,3.394951706811971e-05
깔아두면,2,3.394951706811971e-05
플로우,2,3.394951706811971e-05
부분중,2,3.394951706811971e-05
좋았어서기대했던,2,3.394951706811971e-05
인상이,2,3.394951706811971e-05
vaio노트북에서,2,3.394951706811971e-05
옛날에,2,3.394951706811971e-05
어댑터랑,2,3.394951706811971e-05
공급도,2,3.394951706811971e-05
연결하면,2,3.394951706811971e-05
맥북이랑,2,3.394951706811971e-05
4다보니,2,3.394951706811971e-05
무지하게,2,3.394951706811971e-05
4포트로,2,3.394951706811971e-05
4포트,2,3.394951706811971e-05
만족도를,2,3.394951706811971e-05
돈값,2,3.394951706811971e-05
사보면,2,3.394951706811971e-05
넘을,2,3.394951706811971e-05
훌쩍,2,3.394951706811971e-05
원을,2,3.394951706811971e-05
칼디짓,2,3.394951706811971e-05
구현하는지는,2,3.394951706811971e-05
간편합니다,2,3.394951706811971e-05
정리가,2,3.394951706811971e-05
전원선,2,3.394951706811971e-05
배선,2,3.394951706811971e-05
접속해서,2,3.394951706811971e-05
장치들,2,3.394951706811971e-05
부가,2,3.394951706811971e-05
2대까지,2,3.394951706811971e-05
60p,2,3.394951706811971e-05
접속,2,3.394951706811971e-05
2대와,2,3.394951706811971e-05
60w,2,3.394951706811971e-05
공급하고,2,3.394951706811971e-05
독에,2,3.394951706811971e-05
날렸죠,2,3.394951706811971e-05
나눔으로,2,3.394951706811971e-05
저렴하지만,2,3.394951706811971e-05
칼디짓에,2,3.394951706811971e-05
1포트,2,3.394951706811971e-05
3포트,2,3.394951706811971e-05
1포트를,2,3.394951706811971e-05
부족합니다,2,3.394951706811971e-05
둘째치고,2,3.394951706811971e-05
북이,2,3.394951706811971e-05
쓰려고,2,3.394951706811971e-05
북에,2,3.394951706811971e-05
써보니,2,3.394951706811971e-05
벨킨,2,3.394951706811971e-05
기기라면,2,3.394951706811971e-05
나왔던데,2,3.394951706811971e-05
독5가,2,3.394951706811971e-05
작아요,2,3.394951706811971e-05
11월에,2,3.394951706811971e-05
5월과,2,3.394951706811971e-05
대해선씽크패드는,2,3.394951706811971e-05
빨콩에,2,3.394951706811971e-05
적응중입니다,2,3.394951706811971e-05
했었네요,2,3.394951706811971e-05
당황하긴,2,3.394951706811971e-05
위치에,2,3.394951706811971e-05
누르려한다던가,2,3.394951706811971e-05
누르려다,2,3.394951706811971e-05
윈도우키를,2,3.394951706811971e-05
않았습,2,3.394951706811971e-05
스왑하진,2,3.394951706811971e-05
세트,2,3.394951706811971e-05
원은,2,3.394951706811971e-05
얘도,2,3.394951706811971e-05
썬더볼트는,2,3.394951706811971e-05
독들도,2,3.394951706811971e-05
택갈이,2,3.394951706811971e-05
중국산,2,3.394951706811971e-05
넘는데,2,3.394951706811971e-05
새롭고,2,3.394951706811971e-05
노력하고있는,2,3.394951706811971e-05
후자에,2,3.394951706811971e-05
피처,2,3.394951706811971e-05
트레이싱,2,3.394951706811971e-05
레이,2,3.394951706811971e-05
가정,2,3.394951706811971e-05
플러스와,2,3.394951706811971e-05
결정하기로,2,3.394951706811971e-05
할인율을,2,3.394951706811971e-05
진행되고,2,3.394951706811971e-05
소품들이,2,3.394951706811971e-05
잡다하게,2,3.394951706811971e-05
쓸데없고,2,3.394951706811971e-05
사무실에는,2,3.394951706811971e-05
방이나,2,3.394951706811971e-05
이렇고,2,3.394951706811971e-05
pc용,2,3.394951706811971e-05
나아보입니다,2,3.394951706811971e-05
um2,2,3.394951706811971e-05
pps,2,3.394951706811971e-05
gan,2,3.394951706811971e-05
사테치나,2,3.394951706811971e-05
한단,2,3.394951706811971e-05
10만,2,3.394951706811971e-05
6포트짜리가,2,3.394951706811971e-05
200w에,2,3.394951706811971e-05
레버,2,3.394951706811971e-05
하단의,2,3.394951706811971e-05
기능이고,2,3.394951706811971e-05
흔히,2,3.394951706811971e-05
버튼은,2,3.394951706811971e-05
8개,2,3.394951706811971e-05
활용성이,2,3.394951706811971e-05
구매했더니,2,3.394951706811971e-05
나오길래,2,3.394951706811971e-05
영상에,2,3.394951706811971e-05
테리어,2,3.394951706811971e-05
독을,2,3.394951706811971e-05
등등의,2,3.394951706811971e-05
테무산,2,3.394951706811971e-05
사테치,2,3.394951706811971e-05
유그린,2,3.394951706811971e-05
컨트롤은,2,3.394951706811971e-05
fn과,2,3.394951706811971e-05
배열인데,2,3.394951706811971e-05
없는것,2,3.394951706811971e-05
있어서는,2,3.394951706811971e-05
퀄리티에,2,3.394951706811971e-05
있었거든요,2,3.394951706811971e-05
아쉬웠던,2,3.394951706811971e-05
보여줘서매우,2,3.394951706811971e-05
백라이트를,2,3.394951706811971e-05
낮추기,2,3.394951706811971e-05
늘리기,2,3.394951706811971e-05
줄이기,2,3.394951706811971e-05
기껏,2,3.394951706811971e-05
대응할,2,3.394951706811971e-05
핵심인데,2,3.394951706811971e-05
차지합니다,2,3.394951706811971e-05
쓸데없는,2,3.394951706811971e-05
부족하지만,2,3.394951706811971e-05
애가,2,3.394951706811971e-05
네오라는,2,3.394951706811971e-05
그러던,2,3.394951706811971e-05
네오,2,3.394951706811971e-05
무료나눔으로,2,3.394951706811971e-05
잡아먹어요,2,3.394951706811971e-05
가능성에,2,3.394951706811971e-05
활용,2,3.394951706811971e-05
올리기,2,3.394951706811971e-05
생각해,2,3.394951706811971e-05
예의라,2,3.394951706811971e-05
변경하지,2,3.394951706811971e-05
익숙해졌으나,2,3.394951706811971e-05
스위치인데,2,3.394951706811971e-05
일종의,2,3.394951706811971e-05
녀석이,2,3.394951706811971e-05
별로라서,2,3.394951706811971e-05
페달,2,3.394951706811971e-05
버튼들은,2,3.394951706811971e-05
매크로,2,3.394951706811971e-05
단순한,2,3.394951706811971e-05
단축,2,3.394951706811971e-05
인사말,2,3.394951706811971e-05
메일,2,3.394951706811971e-05
비밀번호나,2,3.394951706811971e-05
귀찮은,2,3.394951706811971e-05
치기,2,3.394951706811971e-05
일일히,2,3.394951706811971e-05
실용성은,2,3.394951706811971e-05
12니까요,2,3.394951706811971e-05
추천도가,2,3.394951706811971e-05
사야합니다,2,3.394951706811971e-05
편집하는,2,3.394951706811971e-05
루프덱,2,3.394951706811971e-05
괘씸하긴,2,3.394951706811971e-05
비싸서,2,3.394951706811971e-05
밟아서,2,3.394951706811971e-05
등록하고,2,3.394951706811971e-05
붙여넣기를,2,3.394951706811971e-05
취소,2,3.394951706811971e-05
중앙에,2,3.394951706811971e-05
대응합니다,2,3.394951706811971e-05
우측의,2,3.394951706811971e-05
중앙,2,3.394951706811971e-05
좌측,2,3.394951706811971e-05
액션을,2,3.394951706811971e-05
내의,2,3.394951706811971e-05
맞춤,2,3.394951706811971e-05
내보내기,2,3.394951706811971e-05
12개로,2,3.394951706811971e-05
중앙의,2,3.394951706811971e-05
룸의,2,3.394951706811971e-05
액션들을,2,3.394951706811971e-05
프로그램별,2,3.394951706811971e-05
대응,2,3.394951706811971e-05
넣는,2,3.394951706811971e-05
시리즈처럼,2,3.394951706811971e-05
편리함을,2,3.394951706811971e-05
혹한,2,3.394951706811971e-05
광고를,2,3.394951706811971e-05
사진찍는회계사님,2,3.394951706811971e-05
부분대비,2,3.394951706811971e-05
디헤이즈,2,3.394951706811971e-05
nvidia를,2,3.394951706811971e-05
amd가,2,3.394951706811971e-05
변경할,2,3.394951706811971e-05
런타임시,2,3.394951706811971e-05
프로세서에,2,3.394951706811971e-05
스케줄링을,2,3.394951706811971e-05
설정,2,3.394951706811971e-05
악화시키는,2,3.394951706811971e-05
조건이,2,3.394951706811971e-05
유지하는,2,3.394951706811971e-05
멀게,2,3.394951706811971e-05
알려지지,2,3.394951706811971e-05
채도,2,3.394951706811971e-05
레버에는,2,3.394951706811971e-05
할당할,2,3.394951706811971e-05
늘려,2,3.394951706811971e-05
등으로,2,3.394951706811971e-05
슬라이드해서,2,3.394951706811971e-05
터치창을,2,3.394951706811971e-05
부족하다면,2,3.394951706811971e-05
버튼이나,2,3.394951706811971e-05
초기화되도록,2,3.394951706811971e-05
디헤이즈값이,2,3.394951706811971e-05
누르면,2,3.394951706811971e-05
레버를,2,3.394951706811971e-05
설정한,2,3.394951706811971e-05
디헤이즈로,2,3.394951706811971e-05
라룸에,2,3.394951706811971e-05
등등등,2,3.394951706811971e-05
회전,2,3.394951706811971e-05
비해정갈한,2,3.394951706811971e-05
2021에,2,3.394951706811971e-05
않았고이전에,2,3.394951706811971e-05
해도그럼에도,2,3.394951706811971e-05
못하긴,2,3.394951706811971e-05
기대보다는,2,3.394951706811971e-05
유명한듯하여서,2,3.394951706811971e-05
먹은걸로,2,3.394951706811971e-05
제품들이너프를,2,3.394951706811971e-05
전반적인,2,3.394951706811971e-05
21년이후,2,3.394951706811971e-05
t14s나,2,3.394951706811971e-05
비치해뒀습니다,2,3.394951706811971e-05
대응됩니다,2,3.394951706811971e-05
캡쳐,2,3.394951706811971e-05
라룸만이,2,3.394951706811971e-05
않은데,2,3.394951706811971e-05
나쁘지는,2,3.394951706811971e-05
녀석입니다,2,3.394951706811971e-05
발하는,2,3.394951706811971e-05
빛을,2,3.394951706811971e-05
여기저기,2,3.394951706811971e-05
박아놓고,2,3.394951706811971e-05
아뿔싸,2,3.394951706811971e-05
구매했었는데,2,3.394951706811971e-05
t5를,2,3.394951706811971e-05
ssd가,2,3.394951706811971e-05
t5,2,3.394951706811971e-05
구매하세요,2,3.394951706811971e-05
못봐줄만한,2,3.394951706811971e-05
울긋불긋한,2,3.394951706811971e-05
백라이트가,2,3.394951706811971e-05
비싸더라도,2,3.394951706811971e-05
싫어하는지라,2,3.394951706811971e-05
넘사벽으로,2,3.394951706811971e-05
엔클로져에,2,3.394951706811971e-05
s입니다,2,3.394951706811971e-05
2gb,2,3.394951706811971e-05
전송속도가,2,3.394951706811971e-05
gen2x2라,2,3.394951706811971e-05
t9,2,3.394951706811971e-05
측면에서는,2,3.394951706811971e-05
8tb까지,2,3.394951706811971e-05
감안하겠다고,2,3.394951706811971e-05
mb,2,3.394951706811971e-05
1이다보니,2,3.394951706811971e-05
편이,2,3.394951706811971e-05
전송,2,3.394951706811971e-05
경우엔키감이,2,3.394951706811971e-05
트랙포인트키보드의,2,3.394951706811971e-05
두번째는,2,3.394951706811971e-05
큰것,2,3.394951706811971e-05
만족감이,2,3.394951706811971e-05
역노치가,2,3.394951706811971e-05
않았네요,2,3.394951706811971e-05
못채웠네요,2,3.394951706811971e-05
3tb도,2,3.394951706811971e-05
백업하려고,2,3.394951706811971e-05
요건,2,3.394951706811971e-05
저장하려고,2,3.394951706811971e-05
20tb,2,3.394951706811971e-05
4tb라는,2,3.394951706811971e-05
점이라면,2,3.394951706811971e-05
뒀습니다,2,3.394951706811971e-05
sw272q,2,3.394951706811971e-05
1tb네요,2,3.394951706811971e-05
다되어가는데도,2,3.394951706811971e-05
4개,2,3.394951706811971e-05
4tb를,2,3.394951706811971e-05
보관하려고,2,3.394951706811971e-05
연도별로,2,3.394951706811971e-05
카탈로그를,2,3.394951706811971e-05
마다,2,3.394951706811971e-05
패스포트,2,3.394951706811971e-05
마이,2,3.394951706811971e-05
나노나,2,3.394951706811971e-05
했던건,2,3.394951706811971e-05
이유라기대를,2,3.394951706811971e-05
환상을,2,3.394951706811971e-05
씽크패드에,2,3.394951706811971e-05
띄길래,2,3.394951706811971e-05
얘가,2,3.394951706811971e-05
찾다보니,2,3.394951706811971e-05
부담돼서,2,3.394951706811971e-05
쓰기는,2,3.394951706811971e-05
됐습니다,2,3.394951706811971e-05
두게,2,3.394951706811971e-05
쪽에,2,3.394951706811971e-05
p3가,2,3.394951706811971e-05
캘리브레이션이,2,3.394951706811971e-05
공부하다보니,2,3.394951706811971e-05
g9,2,3.394951706811971e-05
g5,2,3.394951706811971e-05
오딧세이,2,3.394951706811971e-05
28mq780,2,3.394951706811971e-05
27up650,2,3.394951706811971e-05
umpc로,2,3.394951706811971e-05
밝기였습니다,2,3.394951706811971e-05
색감과,2,3.394951706811971e-05
부족함은,2,3.394951706811971e-05
출혈을,2,3.394951706811971e-05
거리길래,2,3.394951706811971e-05
cg2700s,2,3.394951706811971e-05
찜찜하고,2,3.394951706811971e-05
10bit가,2,3.394951706811971e-05
트루,2,3.394951706811971e-05
애껴,2,3.394951706811971e-05
해주면서,2,3.394951706811971e-05
캘리브레이터로,2,3.394951706811971e-05
애착이,2,3.394951706811971e-05
모니터이다보니,2,3.394951706811971e-05
차광막은,2,3.394951706811971e-05
번도,2,3.394951706811971e-05
감수하고,2,3.394951706811971e-05
결과가,2,3.394951706811971e-05
시간까지,2,3.394951706811971e-05
지능적으로,2,3.394951706811971e-05
얻으므로,2,3.394951706811971e-05
전체보기의,2,3.394951706811971e-05
프로그램의,2,3.394951706811971e-05
컴파일러는,2,3.394951706811971e-05
타입인데이,2,3.394951706811971e-05
베젤을,2,3.394951706811971e-05
제품들은,2,3.394951706811971e-05
아쉬운것,2,3.394951706811971e-05
qhd를,2,3.394951706811971e-05
쓰는데lcd는,2,3.394951706811971e-05
주류로,2,3.394951706811971e-05
포토,2,3.394951706811971e-05
x2,2,3.394951706811971e-05
색을,2,3.394951706811971e-05
안정됩니다,2,3.394951706811971e-05
심신이,2,3.394951706811971e-05
효과를,2,3.394951706811971e-05
해가면서,2,3.394951706811971e-05
캘리브레이션까지,2,3.394951706811971e-05
막눈이라,2,3.394951706811971e-05
튀어나와서,2,3.394951706811971e-05
위잉,2,3.394951706811971e-05
상단에서,2,3.394951706811971e-05
실행하면,2,3.394951706811971e-05
녀석의,2,3.394951706811971e-05
방이,2,3.394951706811971e-05
못써봤다는,2,3.394951706811971e-05
이외에는,2,3.394951706811971e-05
캘리브레이터,2,3.394951706811971e-05
나눔,2,3.394951706811971e-05
큐브,2,3.394951706811971e-05
화밸,2,3.394951706811971e-05
cal,2,3.394951706811971e-05
렌즈,2,3.394951706811971e-05
보드,2,3.394951706811971e-05
체커,2,3.394951706811971e-05
업그레이드에다가,2,3.394951706811971e-05
x2로,2,3.394951706811971e-05
팔고,2,3.394951706811971e-05
할인으로,2,3.394951706811971e-05
추석,2,3.394951706811971e-05
추석에,2,3.394951706811971e-05
주문해서,2,3.394951706811971e-05
ar처리가,2,3.394951706811971e-05
드네요별도,2,3.394951706811971e-05
편입니다하지만,2,3.394951706811971e-05
글레어패널을,2,3.394951706811971e-05
oled안티글레어패널보다,2,3.394951706811971e-05
lcd패널보다,2,3.394951706811971e-05
첫번째로는,2,3.394951706811971e-05
해보면,2,3.394951706811971e-05
topaz,2,3.394951706811971e-05
장만을,2,3.394951706811971e-05
그거라도,2,3.394951706811971e-05
원이면,2,3.394951706811971e-05
25만,2,3.394951706811971e-05
정도만,2,3.394951706811971e-05
때문이죠,2,3.394951706811971e-05
건들지도,2,3.394951706811971e-05
작가님이,2,3.394951706811971e-05
세미나,2,3.394951706811971e-05
알파,2,3.394951706811971e-05
소니,2,3.394951706811971e-05
많겠지만,2,3.394951706811971e-05
촬영을,2,3.394951706811971e-05
끝내지만,2,3.394951706811971e-05
라룸에서만,2,3.394951706811971e-05
photo,2,3.394951706811971e-05
생각이들더라구요엄청나진,2,3.394951706811971e-05
어울린다는,2,3.394951706811971e-05
생각한다면,2,3.394951706811971e-05
특성을,2,3.394951706811971e-05
디스플레이라씽크패드의,2,3.394951706811971e-05
아쉬웠지만굉장히,2,3.394951706811971e-05
안된것은,2,3.394951706811971e-05
이미지라,2,3.394951706811971e-05
사이즈된,2,3.394951706811971e-05
다운,2,3.394951706811971e-05
건드리고는,2,3.394951706811971e-05
다루면,2,3.394951706811971e-05
세분화되어,2,3.394951706811971e-05
변경하는,2,3.394951706811971e-05
수치만,2,3.394951706811971e-05
그레이딩,2,3.394951706811971e-05
복원,2,3.394951706811971e-05
업스케일링,2,3.394951706811971e-05
디노이즈,2,3.394951706811971e-05
사용하긴,2,3.394951706811971e-05
보정용으로만,2,3.394951706811971e-05
냅다,2,3.394951706811971e-05
추천해주신,2,3.394951706811971e-05
익스,2,3.394951706811971e-05
플러그인,2,3.394951706811971e-05
유료,2,3.394951706811971e-05
프로그램이겠죠,2,3.394951706811971e-05
싶다고,2,3.394951706811971e-05
쓰더라도,2,3.394951706811971e-05
pixinsight,2,3.394951706811971e-05
5개,2,3.394951706811971e-05
플러그인을,2,3.394951706811971e-05
리터치포미,2,3.394951706811971e-05
포토샵용,2,3.394951706811971e-05
사용이라는,2,3.394951706811971e-05
구매로,2,3.394951706811971e-05
1회,2,3.394951706811971e-05
체감되는데,2,3.394951706811971e-05
향상됐는지,2,3.394951706811971e-05
만난,2,3.394951706811971e-05
우연히,2,3.394951706811971e-05
현장에서,2,3.394951706811971e-05
익히는,2,3.394951706811971e-05
정보도,2,3.394951706811971e-05
개복잡하고,2,3.394951706811971e-05
맥용이,2,3.394951706811971e-05
들었는데,2,3.394951706811971e-05
시작하라는,2,3.394951706811971e-05
시큐에이터로,2,3.394951706811971e-05
무료인,2,3.394951706811971e-05
보정용으로는,2,3.394951706811971e-05
은하수나,2,3.394951706811971e-05
본래,2,3.394951706811971e-05
결제입니다,2,3.394951706811971e-05
3신기,2,3.394951706811971e-05
트레일,2,3.394951706811971e-05
스타,2,3.394951706811971e-05
못찍고,2,3.394951706811971e-05
별로라,2,3.394951706811971e-05
날씨가,2,3.394951706811971e-05
주말마다,2,3.394951706811971e-05
어떻게든,2,3.394951706811971e-05
겉핥기,2,3.394951706811971e-05
수박,2,3.394951706811971e-05
배워서,2,3.394951706811971e-05
야매로,2,3.394951706811971e-05
보정법을,2,3.394951706811971e-05
대략적인,2,3.394951706811971e-05
따라다니면서,2,3.394951706811971e-05
졸졸,2,3.394951706811971e-05
작가님을,2,3.394951706811971e-05
주시려는,2,3.394951706811971e-05
중고등학생이나,2,3.394951706811971e-05
고려하는,2,3.394951706811971e-05
시즌,2,3.394951706811971e-05
드릴게요,2,3.394951706811971e-05
답변,2,3.394951706811971e-05
끝내겠습니다,2,3.394951706811971e-05
관련은,2,3.394951706811971e-05
나므로,2,3.394951706811971e-05
끝이,2,3.394951706811971e-05
것까지,2,3.394951706811971e-05
잡다한,2,3.394951706811971e-05
꺼리는,2,3.394951706811971e-05
보정용,2,3.394951706811971e-05
스타스택스라는,2,3.394951706811971e-05
보정용으로,2,3.394951706811971e-05
특유의,2,3.394951706811971e-05
렉이,2,3.394951706811971e-05
모델임에도,2,3.394951706811971e-05
기기와의,2,3.394951706811971e-05
필요없는,2,3.394951706811971e-05
마감,2,3.394951706811971e-05
소재,2,3.394951706811971e-05
대학교때까지,2,3.394951706811971e-05
예비고1이고,2,3.394951706811971e-05
써봅니다,2,3.394951706811971e-05
못봤어요,2,3.394951706811971e-05
리뷰들을,2,3.394951706811971e-05
고려할때,2,3.394951706811971e-05
맥북구입을,2,3.394951706811971e-05
읽어주셨으면,2,3.394951706811971e-05
부모님들이,2,3.394951706811971e-05
사이즈로,2,3.394951706811971e-05
찍어두었습니다,2,3.394951706811971e-05
나와서당황스러워,2,3.394951706811971e-05
주워서,2,3.394951706811971e-05
부팅로고였는데아무거나,2,3.394951706811971e-05
만진부분이바이오스,2,3.394951706811971e-05
데려오자마자,2,3.394951706811971e-05
없었습니다어제,2,3.394951706811971e-05
착색은,2,3.394951706811971e-05
변색이나,2,3.394951706811971e-05
컴퓨터에선,2,3.394951706811971e-05
사용으로,2,3.394951706811971e-05
적응만,2,3.394951706811971e-05
부드러움,2,3.394951706811971e-05
오는,2,3.394951706811971e-05
애니매이션에서,2,3.394951706811971e-05
스크레퍼로,2,3.394951706811971e-05
안때져서플라스틱,2,3.394951706811971e-05
제거하려다,2,3.394951706811971e-05
손톱으로,2,3.394951706811971e-05
제거하였습니다,2,3.394951706811971e-05
스티커는,2,3.394951706811971e-05
취향상,2,3.394951706811971e-05
좋지만개인적인,2,3.394951706811971e-05
보여주는것은,2,3.394951706811971e-05
받음제가,2,3.394951706811971e-05
os는,2,3.394951706811971e-05
모를,2,3.394951706811971e-05
사용감에,2,3.394951706811971e-05
드네요이제,2,3.394951706811971e-05
꾸며두고,2,3.394951706811971e-05
바꿔주었습니다,2,3.394951706811971e-05
불안감이,2,3.394951706811971e-05
타건시,2,3.394951706811971e-05
모델들은,2,3.394951706811971e-05
주관적,2,3.394951706811971e-05
무게감이,2,3.394951706811971e-05
비교했을때,2,3.394951706811971e-05
쪽이었어요,2,3.394951706811971e-05
소프트웨어쪽이,2,3.394951706811971e-05
느낀건,2,3.394951706811971e-05
당황했네요,2,3.394951706811971e-05
때져서약간,2,3.394951706811971e-05
힘없이,2,3.394951706811971e-05
순간,2,3.394951706811971e-05
했는데가져다대는,2,3.394951706811971e-05
떼야지,2,3.394951706811971e-05
조심히,2,3.394951706811971e-05
알아봤는데,2,3.394951706811971e-05
사용방법도,2,3.394951706811971e-05
몇일간,2,3.394951706811971e-05
뒤져보며,2,3.394951706811971e-05
인터넷을,2,3.394951706811971e-05
해주겠죠,2,3.394951706811971e-05
앱들도,2,3.394951706811971e-05
로제타로,2,3.394951706811971e-05
적어서,2,3.394951706811971e-05
앱들이,2,3.394951706811971e-05
빠릿빠릿하고,2,3.394951706811971e-05
m1칩,2,3.394951706811971e-05
경험해보면,2,3.394951706811971e-05
트랙패드의,2,3.394951706811971e-05
쓸어넘기기,2,3.394951706811971e-05
안정감도,2,3.394951706811971e-05
볼수도,2,3.394951706811971e-05
넘어와서,2,3.394951706811971e-05
보던것도,2,3.394951706811971e-05
폰으로,2,3.394951706811971e-05
넘어가고,2,3.394951706811971e-05
듣다가,2,3.394951706811971e-05
에어팟으로,2,3.394951706811971e-05
에어드롭으로,2,3.394951706811971e-05
세개의,2,3.394951706811971e-05
호환성인데,2,3.394951706811971e-05
무엇보다도,2,3.394951706811971e-05
다가왔어요,2,3.394951706811971e-05
직관적으로,2,3.394951706811971e-05
위치등이,2,3.394951706811971e-05
윈도우보다도,2,3.394951706811971e-05
숙지했습니다,2,3.394951706811971e-05
들어있는,2,3.394951706811971e-05
cto가,2,3.394951706811971e-05
선택한것마냥,2,3.394951706811971e-05
있으니까요그외에는,2,3.394951706811971e-05
교체할,2,3.394951706811971e-05
그닥이지만,2,3.394951706811971e-05
드네요키옥시아ssd도,2,3.394951706811971e-05
낫다는,2,3.394951706811971e-05
낮다면오히려,2,3.394951706811971e-05
발열체감이,2,3.394951706811971e-05
같습니다전성비와,2,3.394951706811971e-05
않는것,2,3.394951706811971e-05
보여줄때,2,3.394951706811971e-05
가족들에게,2,3.394951706811971e-05
sidecar,2,3.394951706811971e-05
시킬수,2,3.394951706811971e-05
안해줌,2,3.394951706811971e-05
모르게,2,3.394951706811971e-05
허브,2,3.394951706811971e-05
지출,2,3.394951706811971e-05
악세서리,2,3.394951706811971e-05
인한,2,3.394951706811971e-05
2개로,2,3.394951706811971e-05
단점도,2,3.394951706811971e-05
괜찮았습니다,2,3.394951706811971e-05
제어하면,2,3.394951706811971e-05
가족들은,2,3.394951706811971e-05
공유해서,2,3.394951706811971e-05
맥북화면을,2,3.394951706811971e-05
amd인점을,2,3.394951706811971e-05
크죠,2,3.394951706811971e-05
제품입니다영문키보드가,2,3.394951706811971e-05
될텐데,2,3.394951706811971e-05
않을까요,2,3.394951706811971e-05
보여줄,2,3.394951706811971e-05
hdmi로,2,3.394951706811971e-05
있을수도,2,3.394951706811971e-05
여러개를,2,3.394951706811971e-05
들었어요,2,3.394951706811971e-05
나중가면,2,3.394951706811971e-05
1개만,2,3.394951706811971e-05
놀려면,2,3.394951706811971e-05
여자학생이든,2,3.394951706811971e-05
남자학생이든,2,3.394951706811971e-05
소프트웨어,2,3.394951706811971e-05
지출할,2,3.394951706811971e-05
가격동일한,2,3.394951706811971e-05
오류,2,3.394951706811971e-05
봉사,2,3.394951706811971e-05
상장,2,3.394951706811971e-05
성적,2,3.394951706811971e-05
나이스라고,2,3.394951706811971e-05
어딜까요,2,3.394951706811971e-05
싶더라고요학생이라면,2,3.394951706811971e-05
사지,2,3.394951706811971e-05
사이즈를,2,3.394951706811971e-05
하다보면,2,3.394951706811971e-05
지출을,2,3.394951706811971e-05
상당했어요,2,3.394951706811971e-05
제품들도,2,3.394951706811971e-05
서드파티,2,3.394951706811971e-05
사악하고,2,3.394951706811971e-05
정품은,2,3.394951706811971e-05
허브의,2,3.394951706811971e-05
하겠지만,2,3.394951706811971e-05
내줬더라고요,2,3.394951706811971e-05
11버전까지,2,3.394951706811971e-05
프린트를,2,3.394951706811971e-05
많았어요,2,3.394951706811971e-05
많죠,2,3.394951706811971e-05
올라갑니다,2,3.394951706811971e-05
몇십만원으로,2,3.394951706811971e-05
가상머신이나,2,3.394951706811971e-05
자연스레,2,3.394951706811971e-05
뜻입니다,2,3.394951706811971e-05
한마디로,2,3.394951706811971e-05
뿌리지,2,3.394951706811971e-05
dmg,2,3.394951706811971e-05
나이스가,2,3.394951706811971e-05
학업,2,3.394951706811971e-05
전부,2,3.394951706811971e-05
합니다만이전에,2,3.394951706811971e-05
아쉽기는,2,3.394951706811971e-05
아닌것이조금,2,3.394951706811971e-05
접하는그,2,3.394951706811971e-05
좋아하기때문에,2,3.394951706811971e-05
umpc제품들도,2,3.394951706811971e-05
home65w슬림충전기스펙,2,3.394951706811971e-05
ir카메라지문o영문키보드window,2,3.394951706811971e-05
저전력5mp,2,3.394951706811971e-05
왜이렇게,2,3.394951706811971e-05
모두가,2,3.394951706811971e-05
지인들,2,3.394951706811971e-05
해보세요,2,3.394951706811971e-05
지원하는지,2,3.394951706811971e-05
프린트가,2,3.394951706811971e-05
작성하는,2,3.394951706811971e-05
관리할때,2,3.394951706811971e-05
생기부,2,3.394951706811971e-05
작성이나,2,3.394951706811971e-05
자소서,2,3.394951706811971e-05
모르겠어요,2,3.394951706811971e-05
어디있는지도,2,3.394951706811971e-05
띄웠을때,2,3.394951706811971e-05
여러개,2,3.394951706811971e-05
될때는,2,3.394951706811971e-05
확됩니다,2,3.394951706811971e-05
만족하지만,2,3.394951706811971e-05
남지,2,3.394951706811971e-05
아쉬움은,2,3.394951706811971e-05
i5급이였기에큰,2,3.394951706811971e-05
라이젠5,2,3.394951706811971e-05
알려주세요,2,3.394951706811971e-05
알려주시고,2,3.394951706811971e-05
전화하시면,2,3.394951706811971e-05
되있어서,2,3.394951706811971e-05
학교랑,2,3.394951706811971e-05
다운할수,2,3.394951706811971e-05
무료료,2,3.394951706811971e-05
마이크로소프트에서,2,3.394951706811971e-05
중고등학생은,2,3.394951706811971e-05
알려드리자면,2,3.394951706811971e-05
꿀팁을,2,3.394951706811971e-05
elite,2,3.394951706811971e-05
일반적으로,2,3.394951706811971e-05
값이에요,2,3.394951706811971e-05
맥북에서는,2,3.394951706811971e-05
합친,2,3.394951706811971e-05
라데온,2,3.394951706811971e-05
7540u,2,3.394951706811971e-05
amd는라이젠5,2,3.394951706811971e-05
씽크패드,2,3.394951706811971e-05
들여온,2,3.394951706811971e-05
먼저제가,2,3.394951706811971e-05
느낀점들입니다,2,3.394951706811971e-05
않지만이틀동안,2,3.394951706811971e-05
많진,2,3.394951706811971e-05
처음이고노트북,2,3.394951706811971e-05
씽크패드는,2,3.394951706811971e-05
공용,2,3.394951706811971e-05
달라요전,2,3.394951706811971e-05
개인마다,2,3.394951706811971e-05
단점인진,2,3.394951706811971e-05
장점인지,2,3.394951706811971e-05
고려한다면,2,3.394951706811971e-05
할거에요,2,3.394951706811971e-05
몰라요,2,3.394951706811971e-05
괜찮을지도,2,3.394951706811971e-05
부모님들,2,3.394951706811971e-05
게임할까봐,2,3.394951706811971e-05
달라요,2,3.394951706811971e-05
윈도우와,2,3.394951706811971e-05
잘됩니다,2,3.394951706811971e-05
집중이,2,3.394951706811971e-05
학업에,2,3.394951706811971e-05
못하니까,2,3.394951706811971e-05
400nit,2,3.394951706811971e-05
1tb비터치,2,3.394951706811971e-05
32gb키옥시아,2,3.394951706811971e-05
740mram,2,3.394951706811971e-05
한국에서,2,3.394951706811971e-05
말은,2,3.394951706811971e-05
좋을것이다,2,3.394951706811971e-05
학생은,2,3.394951706811971e-05
간혹,2,3.394951706811971e-05
비추드립니다,2,3.394951706811971e-05
없으신,2,3.394951706811971e-05
만들겠다,2,3.394951706811971e-05
나만의,2,3.394951706811971e-05
사용하겠다,2,3.394951706811971e-05
공부에,2,3.394951706811971e-05
보유2,2,3.394951706811971e-05
사용할수,2,3.394951706811971e-05
수월하시냐,2,3.394951706811971e-05
쓰기에,2,3.394951706811971e-05
어떤분이,2,3.394951706811971e-05
싶었네요,2,3.394951706811971e-05
새벽이라,2,3.394951706811971e-05
없더라고요,2,3.394951706811971e-05
시점의,2,3.394951706811971e-05
봤을때,2,3.394951706811971e-05
구입하려고,2,3.394951706811971e-05
되셨으면,2,3.394951706811971e-05
글이지만,2,3.394951706811971e-05
허접하고,2,3.394951706811971e-05
d매우,2,3.394951706811971e-05
가격적으로도,2,3.394951706811971e-05
산다면,2,3.394951706811971e-05
제품이에요,2,3.394951706811971e-05
메리트,2,3.394951706811971e-05
보완해서,2,3.394951706811971e-05
완벽하지,2,3.394951706811971e-05
와파,2,3.394951706811971e-05
쓰는거라,2,3.394951706811971e-05
에어는,2,3.394951706811971e-05
요약아이패드,2,3.394951706811971e-05
참고해,2,3.394951706811971e-05
분들만,2,3.394951706811971e-05
용도에,2,3.394951706811971e-05
구매하시면,2,3.394951706811971e-05
알려드려요,2,3.394951706811971e-05
많으신,2,3.394951706811971e-05
6416047전에,2,3.394951706811971e-05
appleiphone,2,3.394951706811971e-05
cafe,2,3.394951706811971e-05
달아드리겠습니다,2,3.394951706811971e-05
달아주시면,2,3.394951706811971e-05
댓글에,2,3.394951706811971e-05
오버스펙일까요,2,3.394951706811971e-05
생각중인데,2,3.394951706811971e-05
512기가,2,3.394951706811971e-05
32램,2,3.394951706811971e-05
사려고하는데요,2,3.394951706811971e-05
xfx에,2,3.394951706811971e-05
들었음을,2,3.394951706811971e-05
4세대,2,3.394951706811971e-05
바엔,2,3.394951706811971e-05
애매하게,2,3.394951706811971e-05
11인치는,2,3.394951706811971e-05
4세대도,2,3.394951706811971e-05
출시란,2,3.394951706811971e-05
5세대,2,3.394951706811971e-05
9면,2,3.394951706811971e-05
추천2,2,3.394951706811971e-05
에어랑,2,3.394951706811971e-05
저장장치로,2,3.394951706811971e-05
usbc타입,2,3.394951706811971e-05
올릴,2,3.394951706811971e-05
7을,2,3.394951706811971e-05
생각하면서,2,3.394951706811971e-05
비슷하다고,2,3.394951706811971e-05
힌지와,2,3.394951706811971e-05
분리,2,3.394951706811971e-05
구매하는게,2,3.394951706811971e-05
사용해보았습니다,2,3.394951706811971e-05
들여오고이틀동안,2,3.394951706811971e-05
짧지만,2,3.394951706811971e-05
돌아갈까요,2,3.394951706811971e-05
피파도,2,3.394951706811971e-05
간혹가다가,2,3.394951706811971e-05
활용하는,2,3.394951706811971e-05
가지만,2,3.394951706811971e-05
프로램업,2,3.394951706811971e-05
에어깡통,2,3.394951706811971e-05
편리함,2,3.394951706811971e-05
되야하는게,2,3.394951706811971e-05
베이스가,2,3.394951706811971e-05
한국은,2,3.394951706811971e-05
깨짐,2,3.394951706811971e-05
하나라도,2,3.394951706811971e-05
됨맥북,2,3.394951706811971e-05
주사율,2,3.394951706811971e-05
면적이,2,3.394951706811971e-05
물리적,2,3.394951706811971e-05
닥프로,2,3.394951706811971e-05
고민하면,2,3.394951706811971e-05
존버는,2,3.394951706811971e-05
가능하면,2,3.394951706811971e-05
충분,2,3.394951706811971e-05
에어깡통으로,2,3.394951706811971e-05
편집도,2,3.394951706811971e-05
유튜버들,2,3.394951706811971e-05
없지,2,3.394951706811971e-05
이점이,2,3.394951706811971e-05
올라왔는데,2,3.394951706811971e-05
터치바,2,3.394951706811971e-05
프로랑,2,3.394951706811971e-05
계시는데,2,3.394951706811971e-05
분들도,2,3.394951706811971e-05
에어가,2,3.394951706811971e-05
노멀이면,2,3.394951706811971e-05
과면,2,3.394951706811971e-05
비쌈,2,3.394951706811971e-05
오지게,2,3.394951706811971e-05
삼성도,2,3.394951706811971e-05
엘쥐,2,3.394951706811971e-05
옛말,2,3.394951706811971e-05
비싸다도,2,3.394951706811971e-05
또잇함,2,3.394951706811971e-05
가격하고,2,3.394951706811971e-05
맞음4,2,3.394951706811971e-05
이해타산이,2,3.394951706811971e-05
존버가,2,3.394951706811971e-05
이긴,2,3.394951706811971e-05
프로16,2,3.394951706811971e-05
인텔맥,2,3.394951706811971e-05
실리콘맥이,2,3.394951706811971e-05
비추인데,2,3.394951706811971e-05
20년만에,2,3.394951706811971e-05
가끔가다가,2,3.394951706811971e-05
느끼는,2,3.394951706811971e-05
이상하다고,2,3.394951706811971e-05
리뷰하는,2,3.394951706811971e-05
많지만,2,3.394951706811971e-05
경우도,2,3.394951706811971e-05
이상하지,2,3.394951706811971e-05
실험하고,2,3.394951706811971e-05
id도,2,3.394951706811971e-05
학교는,2,3.394951706811971e-05
스파이크없이,2,3.394951706811971e-05
premiere,2,3.394951706811971e-05
블렌더,2,3.394951706811971e-05
사과해야지,2,3.394951706811971e-05
수리비는,2,3.394951706811971e-05
이상하게,2,3.394951706811971e-05
느낌이랄까,2,3.394951706811971e-05
회사를,2,3.394951706811971e-05
음향,2,3.394951706811971e-05
해주나요,2,3.394951706811971e-05
oled에서,2,3.394951706811971e-05
boe,2,3.394951706811971e-05
제조업체,2,3.394951706811971e-05
제공하지,2,3.394951706811971e-05
아니요,2,3.394951706811971e-05
보증에,2,3.394951706811971e-05
이중,2,3.394951706811971e-05
서비스와,2,3.394951706811971e-05
지불합니다,2,3.394951706811971e-05
카페다닐때,2,3.394951706811971e-05
가정용겸,2,3.394951706811971e-05
것임으로,2,3.394951706811971e-05
oled를,2,3.394951706811971e-05
틈새,2,3.394951706811971e-05
폴드와,2,3.394951706811971e-05
작업하고,2,3.394951706811971e-05
이야기,2,3.394951706811971e-05
가운데,2,3.394951706811971e-05
내에서,2,3.394951706811971e-05
제품이나,2,3.394951706811971e-05
akg,2,3.394951706811971e-05
한다는,2,3.394951706811971e-05
잘못되었다,2,3.394951706811971e-05
테스트가,2,3.394951706811971e-05
달자면,2,3.394951706811971e-05
사족,2,3.394951706811971e-05
느껴질,2,3.394951706811971e-05
였어요,2,3.394951706811971e-05
표시됨,2,3.394951706811971e-05
진공만큼,2,3.394951706811971e-05
모니터에는,2,3.394951706811971e-05
자체에,2,3.394951706811971e-05
꽂았습니다,2,3.394951706811971e-05
노트북을g마켓,2,3.394951706811971e-05
231만원의,2,3.394951706811971e-05
해줘서출고가,2,3.394951706811971e-05
회원들에게는,2,3.394951706811971e-05
클럽,2,3.394951706811971e-05
있고스마일,2,3.394951706811971e-05
할인가로,2,3.394951706811971e-05
고객에게도,2,3.394951706811971e-05
알려져,2,3.394951706811971e-05
널리,2,3.394951706811971e-05
라인업,2,3.394951706811971e-05
비교하이마트,2,3.394951706811971e-05
3와,2,3.394951706811971e-05
가능했답니다,2,3.394951706811971e-05
구매가,2,3.394951706811971e-05
194만원에,2,3.394951706811971e-05
컨버터,2,3.394951706811971e-05
bum,2,3.394951706811971e-05
작동하게했다,2,3.394951706811971e-05
일어났다,2,3.394951706811971e-05
시도하지,2,3.394951706811971e-05
시도했고,2,3.394951706811971e-05
였을,2,3.394951706811971e-05
기간에는일반,2,3.394951706811971e-05
옥션의,2,3.394951706811971e-05
g마켓,2,3.394951706811971e-05
thermalpaste,2,3.394951706811971e-05
쿨러,2,3.394951706811971e-05
psu,2,3.394951706811971e-05
케이스,2,3.394951706811971e-05
마스터,2,3.394951706811971e-05
반대한다면,2,3.394951706811971e-05
너희들이,2,3.394951706811971e-05
storage,2,3.394951706811971e-05
포식자,2,3.394951706811971e-05
텍스트,2,3.394951706811971e-05
나노,2,3.394951706811971e-05
랩탑은,2,3.394951706811971e-05
내에서보고,2,3.394951706811971e-05
7만,2,3.394951706811971e-05
과카드,2,3.394951706811971e-05
것들,2,3.394951706811971e-05
추정치에,2,3.394951706811971e-05
다이,2,3.394951706811971e-05
die에서,2,3.394951706811971e-05
viola,2,3.394951706811971e-05
캐시를,2,3.394951706811971e-05
무한,2,3.394951706811971e-05
32에서,2,3.394951706811971e-05
soc입니다,2,3.394951706811971e-05
ip를,2,3.394951706811971e-05
60cu,2,3.394951706811971e-05
n5,2,3.394951706811971e-05
제품군,2,3.394951706811971e-05
v5,2,3.394951706811971e-05
e3,2,3.394951706811971e-05
xeon,2,3.394951706811971e-05
주변,2,3.394951706811971e-05
상쇄해야합니다,2,3.394951706811971e-05
저축을,2,3.394951706811971e-05
die,2,3.394951706811971e-05
않아야,2,3.394951706811971e-05
채택하지,2,3.394951706811971e-05
변경을,2,3.394951706811971e-05
isa,2,3.394951706811971e-05
투자는,2,3.394951706811971e-05
3에,2,3.394951706811971e-05
ps5의,2,3.394951706811971e-05
rt,2,3.394951706811971e-05
사과라고,2,3.394951706811971e-05
사과에,2,3.394951706811971e-05
비용의,2,3.394951706811971e-05
배송은,2,3.394951706811971e-05
결정했으며,2,3.394951706811971e-05
변환기를,2,3.394951706811971e-05
기가,2,3.394951706811971e-05
끄기입니다,2,3.394951706811971e-05
바라본다,2,3.394951706811971e-05
적합하기,2,3.394951706811971e-05
2023에,2,3.394951706811971e-05
citerias와,2,3.394951706811971e-05
oled가,2,3.394951706811971e-05
나아갑니다,2,3.394951706811971e-05
아키텍처보다,2,3.394951706811971e-05
표시된,2,3.394951706811971e-05
투자로,2,3.394951706811971e-05
진정으로,2,3.394951706811971e-05
4는,2,3.394951706811971e-05
있듯이,2,3.394951706811971e-05
장에서,2,3.394951706811971e-05
그들의,2,3.394951706811971e-05
하나이기도합니다,2,3.394951706811971e-05
아마존에,2,3.394951706811971e-05
바이트는,2,3.394951706811971e-05
겪지,2,3.394951706811971e-05
어려움을,2,3.394951706811971e-05
환불,2,3.394951706811971e-05
변환기에서,2,3.394951706811971e-05
시도했다,2,3.394951706811971e-05
들립니다,2,3.394951706811971e-05
생각했습니다,2,3.394951706811971e-05
사은품이라서,2,3.394951706811971e-05
사용했으며내부의,2,3.394951706811971e-05
친환경,2,3.394951706811971e-05
위해겉,2,3.394951706811971e-05
덜기,2,3.394951706811971e-05
1g이라도,2,3.394951706811971e-05
부담을,2,3.394951706811971e-05
엘지에서는,2,3.394951706811971e-05
뭐지,2,3.394951706811971e-05
welcome,2,3.394951706811971e-05
안겼다,2,3.394951706811971e-05
품에,2,3.394951706811971e-05
드뎌,2,3.394951706811971e-05
무사하다,2,3.394951706811971e-05
멀쩡하다,2,3.394951706811971e-05
어떡하지조마조마했지만,2,3.394951706811971e-05
공부했던,2,3.394951706811971e-05
심부름에,2,3.394951706811971e-05
해오라는오빠의,2,3.394951706811971e-05
1ghz,2,3.394951706811971e-05
md,2,3.394951706811971e-05
힌지,2,3.394951706811971e-05
21f8,2,3.394951706811971e-05
기대에,2,3.394951706811971e-05
논쟁은,2,3.394951706811971e-05
응답,2,3.394951706811971e-05
효과가있었습니다,2,3.394951706811971e-05
계획이,2,3.394951706811971e-05
들었을,2,3.394951706811971e-05
어떻습니까,2,3.394951706811971e-05
deep,2,3.394951706811971e-05
ac,2,3.394951706811971e-05
11a,2,3.394951706811971e-05
암호화,2,3.394951706811971e-05
opal,2,3.394951706811971e-05
tcg,2,3.394951706811971e-05
못하게했습니다,2,3.394951706811971e-05
예상되는,2,3.394951706811971e-05
였는데,2,3.394951706811971e-05
갤북3랑,2,3.394951706811971e-05
없음에도,2,3.394951706811971e-05
스타일이스펙에,2,3.394951706811971e-05
3보다,2,3.394951706811971e-05
사줘서,2,3.394951706811971e-05
어린이날,2,3.394951706811971e-05
나날들,2,3.394951706811971e-05
냉각을,2,3.394951706811971e-05
빌드와,2,3.394951706811971e-05
se의,2,3.394951706811971e-05
흉터,2,3.394951706811971e-05
소비요정스파두이,2,3.394951706811971e-05
포스팅하는찐,2,3.394951706811971e-05
내돈내산만,2,3.394951706811971e-05
ga5hk난,2,3.394951706811971e-05
무게업그레이드된,2,3.394951706811971e-05
사이즈에,2,3.394951706811971e-05
깜찍한,2,3.394951706811971e-05
발사는,2,3.394951706811971e-05
windows에서,2,3.394951706811971e-05
달려,2,3.394951706811971e-05
영어,2,3.394951706811971e-05
kbd,2,3.394951706811971e-05
ti,2,3.394951706811971e-05
hx,2,3.394951706811971e-05
이젠,2,3.394951706811971e-05
낫습니까,2,3.394951706811971e-05
취하는,2,3.394951706811971e-05
가져가면,2,3.394951706811971e-05
호옥씨나,2,3.394951706811971e-05
두근,2,3.394951706811971e-05
두근두근,2,3.394951706811971e-05
둬주시기로,2,3.394951706811971e-05
된대서문,2,3.394951706811971e-05
받아도,2,3.394951706811971e-05
출근하는,2,3.394951706811971e-05
토요일에도,2,3.394951706811971e-05
하셨는데,2,3.394951706811971e-05
방문하겠다고,2,3.394951706811971e-05
11시쯤,2,3.394951706811971e-05
오전,2,3.394951706811971e-05
토요일,2,3.394951706811971e-05
연락,2,3.394951706811971e-05
했따고,2,3.394951706811971e-05
ultraportable,2,3.394951706811971e-05
이전의,2,3.394951706811971e-05
발전,2,3.394951706811971e-05
이렇게까지,2,3.394951706811971e-05
세상이,2,3.394951706811971e-05
거야,2,3.394951706811971e-05
다음날,2,3.394951706811971e-05
결제하자마자,2,3.394951706811971e-05
감사합니댜,2,3.394951706811971e-05
배송해,2,3.394951706811971e-05
증말루,2,3.394951706811971e-05
빨라,2,3.394951706811971e-05
메시지,2,3.394951706811971e-05
밝아,2,3.394951706811971e-05
쿄쿄,2,3.394951706811971e-05
개이득,2,3.394951706811971e-05
그렇답니당,2,3.394951706811971e-05
줄어서,2,3.394951706811971e-05
딸래미,2,3.394951706811971e-05
즐기는,2,3.394951706811971e-05
사용하거나,2,3.394951706811971e-05
전문가,2,3.394951706811971e-05
예외,2,3.394951706811971e-05
작동하면서,2,3.394951706811971e-05
주류,2,3.394951706811971e-05
프로세서는,2,3.394951706811971e-05
언젠가,2,3.394951706811971e-05
데려,2,3.394951706811971e-05
사용해야겠다,2,3.394951706811971e-05
정리해서,2,3.394951706811971e-05
정말로잘,2,3.394951706811971e-05
결제할,2,3.394951706811971e-05
줄었어요,2,3.394951706811971e-05
100으로,2,3.394951706811971e-05
사용해서,2,3.394951706811971e-05
멤버십,2,3.394951706811971e-05
할인돼요,2,3.394951706811971e-05
금액에서,2,3.394951706811971e-05
최종,2,3.394951706811971e-05
할인은,2,3.394951706811971e-05
성공,2,3.394951706811971e-05
100원에,2,3.394951706811971e-05
받아서total,2,3.394951706811971e-05
100원,2,3.394951706811971e-05
롯데카드,2,3.394951706811971e-05
200에서,2,3.394951706811971e-05
금액은1,2,3.394951706811971e-05
즐기고,2,3.394951706811971e-05
프리미어,2,3.394951706811971e-05
그리하야,2,3.394951706811971e-05
모은,2,3.394951706811971e-05
살뜰,2,3.394951706811971e-05
알뜰,2,3.394951706811971e-05
준답니다,2,3.394951706811971e-05
000포인트씩,2,3.394951706811971e-05
올리면,2,3.394951706811971e-05
리워드로,2,3.394951706811971e-05
포인트를,2,3.394951706811971e-05
베스트숍에서,2,3.394951706811971e-05
가전제품을,2,3.394951706811971e-05
맞추면서엘지,2,3.394951706811971e-05
가구,2,3.394951706811971e-05
가시면서,2,3.394951706811971e-05
댁이,2,3.394951706811971e-05
입니당,2,3.394951706811971e-05
길을,2,3.394951706811971e-05
바아로멤버십,2,3.394951706811971e-05
받았는데요,2,3.394951706811971e-05
있다고요,2,3.394951706811971e-05
신형,2,3.394951706811971e-05
최고급,2,3.394951706811971e-05
700원,2,3.394951706811971e-05
총1,2,3.394951706811971e-05
해준다고요,2,3.394951706811971e-05
쏘리질러,2,3.394951706811971e-05
분들,2,3.394951706811971e-05
pay,2,3.394951706811971e-05
국민,2,3.394951706811971e-05
안내신한,2,3.394951706811971e-05
혜택,2,3.394951706811971e-05
여기서부터는,2,3.394951706811971e-05
해보는,2,3.394951706811971e-05
페이지에,2,3.394951706811971e-05
받으려면,2,3.394951706811971e-05
할인만,2,3.394951706811971e-05
total,2,3.394951706811971e-05
이득,2,3.394951706811971e-05
300원,2,3.394951706811971e-05
오예,2,3.394951706811971e-05
7프로도,2,3.394951706811971e-05
크니까,2,3.394951706811971e-05
발급받아,2,3.394951706811971e-05
쿠폰을,2,3.394951706811971e-05
페이지에서,2,3.394951706811971e-05
메인이벤트,2,3.394951706811971e-05
거잖아요,2,3.394951706811971e-05
000원의,2,3.394951706811971e-05
홈에서는정가,2,3.394951706811971e-05
주께,2,3.394951706811971e-05
효율,2,3.394951706811971e-05
명확한,2,3.394951706811971e-05
아르켜,2,3.394951706811971e-05
할인받았는지,2,3.394951706811971e-05
쾅쾅,2,3.394951706811971e-05
저렴할,2,3.394951706811971e-05
조건에선,2,3.394951706811971e-05
여름이었다,2,3.394951706811971e-05
8월,2,3.394951706811971e-05
더운,2,3.394951706811971e-05
나가기엔,2,3.394951706811971e-05
팔러,2,3.394951706811971e-05
발품,2,3.394951706811971e-05
팔아봤지만,2,3.394951706811971e-05
손품을,2,3.394951706811971e-05
내꼬쟈나구매를,2,3.394951706811971e-05
이라,2,3.394951706811971e-05
컴알못,2,3.394951706811971e-05
그램삼성,2,3.394951706811971e-05
갤북과여자인,2,3.394951706811971e-05
비교부들거리며,2,3.394951706811971e-05
불구하고50만원,2,3.394951706811971e-05
위에도,2,3.394951706811971e-05
모름,2,3.394951706811971e-05
했나,2,3.394951706811971e-05
채점과,2,3.394951706811971e-05
경험하지,2,3.394951706811971e-05
지연을,2,3.394951706811971e-05
여기서도,2,3.394951706811971e-05
이상적으로,2,3.394951706811971e-05
왠만하건,2,3.394951706811971e-05
기기에,2,3.394951706811971e-05
후기평소에,2,3.394951706811971e-05
노트북14인치,2,3.394951706811971e-05
주위에서,2,3.394951706811971e-05
시작하면서,2,3.394951706811971e-05
블로거를,2,3.394951706811971e-05
notebookcheck과,2,3.394951706811971e-05
youtubers,2,3.394951706811971e-05
이야기하고,2,3.394951706811971e-05
사람들의,2,3.394951706811971e-05
arrow,2,3.394951706811971e-05
halo,2,3.394951706811971e-05
point의,2,3.394951706811971e-05
때타지,2,3.394951706811971e-05
질색이라,2,3.394951706811971e-05
말했듯난,2,3.394951706811971e-05
타건감과톡,2,3.394951706811971e-05
갤북의,2,3.394951706811971e-05
비교부드럽게,2,3.394951706811971e-05
무게라고,2,3.394951706811971e-05
중요한게,2,3.394951706811971e-05
노트북노트북을,2,3.394951706811971e-05
이유1,2,3.394951706811971e-05
구매했다내가,2,3.394951706811971e-05
해보고인터넷으로,2,3.394951706811971e-05
청담에,2,3.394951706811971e-05
삼성스토어,2,3.394951706811971e-05
강남본점과,2,3.394951706811971e-05
했다는,2,3.394951706811971e-05
사길,2,3.394951706811971e-05
들고다녀,2,3.394951706811971e-05
분신처럼,2,3.394951706811971e-05
보정도,2,3.394951706811971e-05
받으며생일,2,3.394951706811971e-05
응원을,2,3.394951706811971e-05
선호하는건,2,3.394951706811971e-05
아이맥을,2,3.394951706811971e-05
심미성사무실에서는,2,3.394951706811971e-05
아쉽,2,3.394951706811971e-05
직사각형으로,2,3.394951706811971e-05
가로가,2,3.394951706811971e-05
이동하기가,2,3.394951706811971e-05
가볍기에휴대하고,2,3.394951706811971e-05
120g으로,2,3.394951706811971e-05
14인치의,2,3.394951706811971e-05
관건이었는데,2,3.394951706811971e-05
가벼운지가,2,3.394951706811971e-05
이동할,2,3.394951706811971e-05
가고싶고,2,3.394951706811971e-05
카페도,2,3.394951706811971e-05
생각한다,2,3.394951706811971e-05
느끼고,2,3.394951706811971e-05
달지,2,3.394951706811971e-05
시켰는데도배터리가,2,3.394951706811971e-05
오랜시간,2,3.394951706811971e-05
작업하는데이상적이다,2,3.394951706811971e-05
카페에서,2,3.394951706811971e-05
회의,2,3.394951706811971e-05
여행이나,2,3.394951706811971e-05
공급해,2,3.394951706811971e-05
16시간의배터리,2,3.394951706811971e-05
부분인데,2,3.394951706811971e-05
오래가냐가정말,2,3.394951706811971e-05
지속성노트북을,2,3.394951706811971e-05
디자인이맥북,2,3.394951706811971e-05
심플하고,2,3.394951706811971e-05
들어서인데,2,3.394951706811971e-05
더불어서,2,3.394951706811971e-05
많은데글말,2,3.394951706811971e-05
할일이,2,3.394951706811971e-05
미칠듯이,2,3.394951706811971e-05
했습니다요즘,2,3.394951706811971e-05
지름을,2,3.394951706811971e-05
내돈내산후기,2,3.394951706811971e-05
lg전자노트북,2,3.394951706811971e-05
lg그램14인치,2,3.394951706811971e-05
그램2024,2,3.394951706811971e-05
gram노트북,2,3.394951706811971e-05
갖춘lg,2,3.394951706811971e-05
수명고성능을,2,3.394951706811971e-05
내구성장시간,2,3.394951706811971e-05
좋고뛰어난,2,3.394951706811971e-05
초경량으로,2,3.394951706811971e-05
보내준다,2,3.394951706811971e-05
이내,2,3.394951706811971e-05
7일,2,3.394951706811971e-05
사은품노트북을,2,3.394951706811971e-05
많았았는데이,2,3.394951706811971e-05
고생이,2,3.394951706811971e-05
넘나드느라,2,3.394951706811971e-05
휴대폰과,2,3.394951706811971e-05
최선의,2,3.394951706811971e-05
드럽게,2,3.394951706811971e-05
힘들어요말,2,3.394951706811971e-05
징짜,2,3.394951706811971e-05
마이크로소프트오피스,2,3.394951706811971e-05
사랑하지만솔직히,2,3.394951706811971e-05
만들어야해요제작년에,2,3.394951706811971e-05
ppt도,2,3.394951706811971e-05
밖에서,2,3.394951706811971e-05
너무너무너무,2,3.394951706811971e-05
신뢰하게됨,2,3.394951706811971e-05
돌아가기는,2,3.394951706811971e-05
8년차네요,2,3.394951706811971e-05
혹사시키고,2,3.394951706811971e-05
할배를,2,3.394951706811971e-05
2015년에,2,3.394951706811971e-05
미팀그래서,2,3.394951706811971e-05
안듣고,2,3.394951706811971e-05
samsung의,2,3.394951706811971e-05
콜라보레이션,2,3.394951706811971e-05
nordisk가,2,3.394951706811971e-05
쿠폰들,2,3.394951706811971e-05
체험,2,3.394951706811971e-05
마우스패드그리고,2,3.394951706811971e-05
리서치,2,3.394951706811971e-05
엘지나,2,3.394951706811971e-05
가득해서결국,2,3.394951706811971e-05
이야기들이,2,3.394951706811971e-05
했는데후기마다,2,3.394951706811971e-05
사볼까,2,3.394951706811971e-05
저가,2,3.394951706811971e-05
버벅댈때가,2,3.394951706811971e-05
합니다16gb도,2,3.394951706811971e-05
생각했는데요넘,2,3.394951706811971e-05
살때,2,3.394951706811971e-05
엘지그램놋북,2,3.394951706811971e-05
놋북을,2,3.394951706811971e-05
윈도우용,2,3.394951706811971e-05
힘들어서큰,2,3.394951706811971e-05
작업할라치면,2,3.394951706811971e-05
점사실,2,3.394951706811971e-05
저렴하다는,2,3.394951706811971e-05
거의동일하나,2,3.394951706811971e-05
유통제품과,2,3.394951706811971e-05
깔려있죠특징은,2,3.394951706811971e-05
영문으로,2,3.394951706811971e-05
윈도우도,2,3.394951706811971e-05
각인이,2,3.394951706811971e-05
있고키보드도,2,3.394951706811971e-05
110v인,2,3.394951706811971e-05
제품이에요그래서,2,3.394951706811971e-05
역수입한,2,3.394951706811971e-05
우리나라로,2,3.394951706811971e-05
제품인데,2,3.394951706811971e-05
유통,2,3.394951706811971e-05
들어오더라고요병행수입,2,3.394951706811971e-05
선택권이,2,3.394951706811971e-05
작업인데,2,3.394951706811971e-05
개인이,2,3.394951706811971e-05
점입니다그냥,2,3.394951706811971e-05
깔아준다는,2,3.394951706811971e-05
한글버전으로,2,3.394951706811971e-05
적고있는데,2,3.394951706811971e-05
서비스라고,2,3.394951706811971e-05
본인들은,2,3.394951706811971e-05
열어서,2,3.394951706811971e-05
전에무조건,2,3.394951706811971e-05
찜찜했던,2,3.394951706811971e-05
없는데오히려,2,3.394951706811971e-05
상관,2,3.394951706811971e-05
영문은,2,3.394951706811971e-05
각인이나,2,3.394951706811971e-05
있고앱만,2,3.394951706811971e-05
미러링,2,3.394951706811971e-05
프로그램이다,2,3.394951706811971e-05
0라는,2,3.394951706811971e-05
같은데gram,2,3.394951706811971e-05
기능인,2,3.394951706811971e-05
초등학생도,2,3.394951706811971e-05
누구나,2,3.394951706811971e-05
윈11,2,3.394951706811971e-05
17z90q,2,3.394951706811971e-05
ph7xo,2,3.394951706811971e-05
페이지,2,3.394951706811971e-05
17z90q제,2,3.394951706811971e-05
산다고,2,3.394951706811971e-05
중고를,2,3.394951706811971e-05
없어요고민하다가,2,3.394951706811971e-05
동네,2,3.394951706811971e-05
부드럽게하기,2,3.394951706811971e-05
타격을,2,3.394951706811971e-05
지갑의,2,3.394951706811971e-05
rtx3060을,2,3.394951706811971e-05
있어야합니다,2,3.394951706811971e-05
찜찜한데즤,2,3.394951706811971e-05
미리개봉한,2,3.394951706811971e-05
200만원대에요사실,2,3.394951706811971e-05
검색하면무조건,2,3.394951706811971e-05
네이버에서,2,3.394951706811971e-05
사은품증정coupanglink,2,3.394951706811971e-05
포스팅할,2,3.394951706811971e-05
모르겠지만블로그,2,3.394951706811971e-05
이동시킬,2,3.394951706811971e-05
시키면찍은,2,3.394951706811971e-05
거에요이건,2,3.394951706811971e-05
1920x1080,2,3.394951706811971e-05
나온것도,2,3.394951706811971e-05
어이없는게,2,3.394951706811971e-05
싶었는데좀,2,3.394951706811971e-05
2022년제조원래는,2,3.394951706811971e-05
옵니다,2,3.394951706811971e-05
220v,2,3.394951706811971e-05
전원은,2,3.394951706811971e-05
윈도우11,2,3.394951706811971e-05
였거든요,2,3.394951706811971e-05
1t,2,3.394951706811971e-05
질렀어요심지어,2,3.394951706811971e-05
200만원대라,2,3.394951706811971e-05
중고,2,3.394951706811971e-05
당근에서,2,3.394951706811971e-05
그래서오자마자,2,3.394951706811971e-05
새거같고요그르나,2,3.394951706811971e-05
구겨져,2,3.394951706811971e-05
해요필름도,2,3.394951706811971e-05
나기는,2,3.394951706811971e-05
느낌적,2,3.394951706811971e-05
새것같은중고,2,3.394951706811971e-05
개봉한,2,3.394951706811971e-05
받아보니증맬로,2,3.394951706811971e-05
결과적으로,2,3.394951706811971e-05
터치스크린,2,3.394951706811971e-05
선택했습니다,2,3.394951706811971e-05
17인치에,2,3.394951706811971e-05
할수없이,2,3.394951706811971e-05
없죠그래서,2,3.394951706811971e-05
참을수가,2,3.394951706811971e-05
화가,2,3.394951706811971e-05
에러,2,3.394951706811971e-05
느낌오피스,2,3.394951706811971e-05
1350g,2,3.394951706811971e-05
단점아주,2,3.394951706811971e-05
편하죠,2,3.394951706811971e-05
아죠,2,3.394951706811971e-05
있는점,2,3.394951706811971e-05
얼굴인식,2,3.394951706811971e-05
포맷했어요좋은,2,3.394951706811971e-05
싶었는데,2,3.394951706811971e-05
다운그레이드,2,3.394951706811971e-05
10으로,2,3.394951706811971e-05
싫어서,2,3.394951706811971e-05
했습니다윈도우11,2,3.394951706811971e-05
포맷,2,3.394951706811971e-05
타입으로,2,3.394951706811971e-05
생각임,2,3.394951706811971e-05
보강한,2,3.394951706811971e-05
뚫어,2,3.394951706811971e-05
숭숭,2,3.394951706811971e-05
몰라도바닥에,2,3.394951706811971e-05
바뀌었는지,2,3.394951706811971e-05
문제였는데그래서,2,3.394951706811971e-05
느낌lg,2,3.394951706811971e-05
언급한,2,3.394951706811971e-05
쉽죠만약,2,3.394951706811971e-05
돈쓰는것만,2,3.394951706811971e-05
되네요하세상에서,2,3.394951706811971e-05
작업만,2,3.394951706811971e-05
설치했어요이제,2,3.394951706811971e-05
났었지만,2,3.394951706811971e-05
화이트라,2,3.394951706811971e-05
도는,2,3.394951706811971e-05
크림색이,2,3.394951706811971e-05
정도14인치,2,3.394951706811971e-05
4cm,2,3.394951706811971e-05
7x1,2,3.394951706811971e-05
vx50k,2,3.394951706811971e-05
15zd990,2,3.394951706811971e-05
아님위,2,3.394951706811971e-05
내용은,2,3.394951706811971e-05
들어있으나,2,3.394951706811971e-05
사용설명서가,2,3.394951706811971e-05
세팅하면,2,3.394951706811971e-05
시키는,2,3.394951706811971e-05
누르고,2,3.394951706811971e-05
바뀜전원,2,3.394951706811971e-05
반짝반짝하지만무광이다,2,3.394951706811971e-05
전이라,2,3.394951706811971e-05
떼기,2,3.394951706811971e-05
비닐,2,3.394951706811971e-05
사용해야지,2,3.394951706811971e-05
입력장치,2,3.394951706811971e-05
체제,2,3.394951706811971e-05
스펙lg,2,3.394951706811971e-05
갈리는,2,3.394951706811971e-05
보니호불호가,2,3.394951706811971e-05
들어가다,2,3.394951706811971e-05
좋은데아무래도,2,3.394951706811971e-05
타건감저는,2,3.394951706811971e-05
광채가,2,3.394951706811971e-05
생각해보세요,2,3.394951706811971e-05
감수하실만하다면병행수입제품도,2,3.394951706811971e-05
ml,2,3.394951706811971e-05
비디오보기,2,3.394951706811971e-05
새것이라,2,3.394951706811971e-05
1역시,2,3.394951706811971e-05
1920x1200,2,3.394951706811971e-05
9mm해상도,2,3.394951706811971e-05
214mm,2,3.394951706811971e-05
120g크기,2,3.394951706811971e-05
225h무게,2,3.394951706811971e-05
ga5hkos,2,3.394951706811971e-05
정리14z90t,2,3.394951706811971e-05
시작우선스펙,2,3.394951706811971e-05
ga5hk언박싱,2,3.394951706811971e-05
14인치14z90t,2,3.394951706811971e-05
받아서1,2,3.394951706811971e-05
내돈내산인증사업자,2,3.394951706811971e-05
식이라,2,3.394951706811971e-05
있었지만2024년도,2,3.394951706811971e-05
메리트는,2,3.394951706811971e-05
제품이라가볍고가격적인,2,3.394951706811971e-05
120g,2,3.394951706811971e-05
백업을,2,3.394951706811971e-05
친구들과,2,3.394951706811971e-05
legends를,2,3.394951706811971e-05
apex,2,3.394951706811971e-05
valorant,2,3.394951706811971e-05
fortnite,2,3.394951706811971e-05
fifa,2,3.394951706811971e-05
였기,2,3.394951706811971e-05
게이머,2,3.394951706811971e-05
작품으로,2,3.394951706811971e-05
실행과,2,3.394951706811971e-05
목표입니다,2,3.394951706811971e-05
불합리한,2,3.394951706811971e-05
견해에서는,2,3.394951706811971e-05
호환성이,2,3.394951706811971e-05
사람들에게는,2,3.394951706811971e-05
3가지가,2,3.394951706811971e-05
이내에,2,3.394951706811971e-05
이유는오랜만에,2,3.394951706811971e-05
비슷했으나14인치,2,3.394951706811971e-05
버전이라,2,3.394951706811971e-05
바꿨다,2,3.394951706811971e-05
샀다가다시,2,3.394951706811971e-05
고민했다,2,3.394951706811971e-05
16인치와,2,3.394951706811971e-05
pass,2,3.394951706811971e-05
저렴했지만usb포트가,2,3.394951706811971e-05
터치스크린은글쎄,2,3.394951706811971e-05
예쁨,2,3.394951706811971e-05
미세한,2,3.394951706811971e-05
변화와화이트,2,3.394951706811971e-05
없고사이즈,2,3.394951706811971e-05
뻔하다,2,3.394951706811971e-05
달랬다,2,3.394951706811971e-05
적용과사업자,2,3.394951706811971e-05
제출해야,2,3.394951706811971e-05
점검이,2,3.394951706811971e-05
189만,2,3.394951706811971e-05
990g,2,3.394951706811971e-05
179만,2,3.394951706811971e-05
229만,2,3.394951706811971e-05
할인가로16인치,2,3.394951706811971e-05
들어왔다,2,3.394951706811971e-05
입학,2,3.394951706811971e-05
아쉬웠다,2,3.394951706811971e-05
에세이,2,3.394951706811971e-05
년간의,2,3.394951706811971e-05
찾고있었습니다,2,3.394951706811971e-05
하나도,2,3.394951706811971e-05
미스터리입니다,2,3.394951706811971e-05
완전한,2,3.394951706811971e-05
냉각수를,2,3.394951706811971e-05
가열,2,3.394951706811971e-05
말하더라도,2,3.394951706811971e-05
대략적으로,2,3.394951706811971e-05
제외했고,2,3.394951706811971e-05
터치해야,2,3.394951706811971e-05
노트북까지,2,3.394951706811971e-05
비싼데,2,3.394951706811971e-05
대학생을,2,3.394951706811971e-05
새내기,2,3.394951706811971e-05
보니모두,2,3.394951706811971e-05
cache메모리용량,2,3.394951706811971e-05
메모리12mb,2,3.394951706811971e-05
6ghz캐시,2,3.394951706811971e-05
부스트4,2,3.394951706811971e-05
ghz터보,2,3.394951706811971e-05
클럭1,2,3.394951706811971e-05
1340pcpu,2,3.394951706811971e-05
cpu13세대,2,3.394951706811971e-05
형태oled,2,3.394951706811971e-05
6cm해상도wqhd,2,3.394951706811971e-05
주민등록등본을,2,3.394951706811971e-05
같았음,2,3.394951706811971e-05
등록증이,2,3.394951706811971e-05
끌리지가,2,3.394951706811971e-05
미탑재화면크기40,2,3.394951706811971e-05
운영체제os,2,3.394951706811971e-05
네트워크,2,3.394951706811971e-05
3월이다,2,3.394951706811971e-05
많은데아무래도,2,3.394951706811971e-05
아니었나,2,3.394951706811971e-05
포인트는사이즈무게가격이렇게,2,3.394951706811971e-05
선택하면,2,3.394951706811971e-05
영역이니최신,2,3.394951706811971e-05
둘러보니노트북,2,3.394951706811971e-05
본점,2,3.394951706811971e-05
본점lg전자,2,3.394951706811971e-05
베스트숍,2,3.394951706811971e-05
일반인은,2,3.394951706811971e-05
혜택뿐,2,3.394951706811971e-05
때부터동네,2,3.394951706811971e-05
느낌이스멀스멀,2,3.394951706811971e-05
갔다는,2,3.394951706811971e-05
돌렸다,2,3.394951706811971e-05
눈길을,2,3.394951706811971e-05
없어서다시,2,3.394951706811971e-05
한데선택지가,2,3.394951706811971e-05
있긴,2,3.394951706811971e-05
지겨운,2,3.394951706811971e-05
것살짝,2,3.394951706811971e-05
되어야,2,3.394951706811971e-05
추구,2,3.394951706811971e-05
포인트는,2,3.394951706811971e-05
질색팔색이라구매,2,3.394951706811971e-05
들수록무거운,2,3.394951706811971e-05
않았다,2,3.394951706811971e-05
구매후기를,2,3.394951706811971e-05
14인치노트북,2,3.394951706811971e-05
구매인,2,3.394951706811971e-05
샀네,2,3.394951706811971e-05
기념샷인데많이도,2,3.394951706811971e-05
찍어두었던,2,3.394951706811971e-05
선뜻,2,3.394951706811971e-05
있었는데삼성,2,3.394951706811971e-05
엘지두,2,3.394951706811971e-05
듯하여,2,3.394951706811971e-05
예뻐도애플은,2,3.394951706811971e-05
광팬이라아무리,2,3.394951706811971e-05
차였다,2,3.394951706811971e-05
눈여겨보던,2,3.394951706811971e-05
들락거리며괜찮은,2,3.394951706811971e-05
프라자를,2,3.394951706811971e-05
망가진,2,3.394951706811971e-05
찾았다,2,3.394951706811971e-05
않아서바로,2,3.394951706811971e-05
소비하고,2,3.394951706811971e-05
에너지를,2,3.394951706811971e-05
했고더,2,3.394951706811971e-05
사용하기도,2,3.394951706811971e-05
오래도록,2,3.394951706811971e-05
하자는,2,3.394951706811971e-05
생산적인,2,3.394951706811971e-05
될뿐더러그냥,2,3.394951706811971e-05
가서해결도,2,3.394951706811971e-05
이해가,2,3.394951706811971e-05
말인지,2,3.394951706811971e-05
구매후기솔직히,2,3.394951706811971e-05
노트북5번째,2,3.394951706811971e-05
영역이,2,3.394951706811971e-05
검색과,2,3.394951706811971e-05
싶지가,2,3.394951706811971e-05
떨어짐,2,3.394951706811971e-05
지수가,2,3.394951706811971e-05
재능,2,3.394951706811971e-05
관심과,2,3.394951706811971e-05
편이지만못하는,2,3.394951706811971e-05
과몰입하는,2,3.394951706811971e-05
단순한데잘하는,2,3.394951706811971e-05
구조가,2,3.394951706811971e-05
memtest를,2,3.394951706811971e-05
업데이트하고,2,3.394951706811971e-05
bios를,2,3.394951706811971e-05
단계는,2,3.394951706811971e-05
처분하면서,2,3.394951706811971e-05
모두에서,2,3.394951706811971e-05
occt,2,3.394951706811971e-05
실행하고,2,3.394951706811971e-05
해두자,2,3.394951706811971e-05
장점이라,2,3.394951706811971e-05
단점은,2,3.394951706811971e-05
여담이지만나의,2,3.394951706811971e-05
한다고요,2,3.394951706811971e-05
알아봐야,2,3.394951706811971e-05
업체를,2,3.394951706811971e-05
있었어,2,3.394951706811971e-05
이유가,2,3.394951706811971e-05
찾아서내가,2,3.394951706811971e-05
피곤하고,2,3.394951706811971e-05
찾는다던가운전,2,3.394951706811971e-05
나에게는,2,3.394951706811971e-05
업무에,2,3.394951706811971e-05
잃어버리거나망가졌을,2,3.394951706811971e-05
제공되는지,2,3.394951706811971e-05
팀과,2,3.394951706811971e-05
설치되어,2,3.394951706811971e-05
설치하는,2,3.394951706811971e-05
거라사설,2,3.394951706811971e-05
온라인에서,2,3.394951706811971e-05
부탁드렸는데,2,3.394951706811971e-05
깔아달라고,2,3.394951706811971e-05
방문하였는데윈도우를,2,3.394951706811971e-05
않길래lg전자,2,3.394951706811971e-05
켜지지,2,3.394951706811971e-05
날노트북이,2,3.394951706811971e-05
돌아옵니다,2,3.394951706811971e-05
작동하거나,2,3.394951706811971e-05
날을,2,3.394951706811971e-05
엉망진창이었던,2,3.394951706811971e-05
들여다보는,2,3.394951706811971e-05
했지만나의,2,3.394951706811971e-05
정리한다고,2,3.394951706811971e-05
예감은,2,3.394951706811971e-05
문서화하는,2,3.394951706811971e-05
모두글로,2,3.394951706811971e-05
정리하고나의,2,3.394951706811971e-05
이미지들을깔끔하게,2,3.394951706811971e-05
정착했고,2,3.394951706811971e-05
고민하다가옵시디언에,2,3.394951706811971e-05
옵시디언obsidian,2,3.394951706811971e-05
notion과,2,3.394951706811971e-05
위해어떤,2,3.394951706811971e-05
지장이,2,3.394951706811971e-05
쌓여갔고,2,3.394951706811971e-05
엉망진창,2,3.394951706811971e-05
문서도,2,3.394951706811971e-05
디바이스들휴대폰에는사진도,2,3.394951706811971e-05
되어가는,2,3.394951706811971e-05
쓰레기장이,2,3.394951706811971e-05
지날수록,2,3.394951706811971e-05
여름부터만약,2,3.394951706811971e-05
필요했는데작년,2,3.394951706811971e-05
나에게정리가,2,3.394951706811971e-05
복잡하고기억력도,2,3.394951706811971e-05
머릿속이,2,3.394951706811971e-05
시점이,2,3.394951706811971e-05
대청소가,2,3.394951706811971e-05
번쯤,2,3.394951706811971e-05
잡고한,2,3.394951706811971e-05
잘알못,2,3.394951706811971e-05
불안불안했다,2,3.394951706811971e-05
같은감성비,2,3.394951706811971e-05
후회하지,2,3.394951706811971e-05
분들께서는구매하신다면,2,3.394951706811971e-05
망설이시는,2,3.394951706811971e-05
표준,2,3.394951706811971e-05
배터리에,2,3.394951706811971e-05
사진들까지,2,3.394951706811971e-05
쌓인,2,3.394951706811971e-05
촬영하며,2,3.394951706811971e-05
영혼,2,3.394951706811971e-05
한답시고,2,3.394951706811971e-05
세무,2,3.394951706811971e-05
스파두이관련,2,3.394951706811971e-05
노트북에는아이들,2,3.394951706811971e-05
회로가,2,3.394951706811971e-05
보드의,2,3.394951706811971e-05
마더,2,3.394951706811971e-05
행동합니다,2,3.394951706811971e-05
행동하는,2,3.394951706811971e-05
시도를,2,3.394951706811971e-05
자원을,2,3.394951706811971e-05
문제에서,2,3.394951706811971e-05
주장하는이,2,3.394951706811971e-05
해결을,2,3.394951706811971e-05
가득했다시간이,2,3.394951706811971e-05
불안한,2,3.394951706811971e-05
날릴까,2,3.394951706811971e-05
쌓아온,2,3.394951706811971e-05
여태껏,2,3.394951706811971e-05
나는혹시나,2,3.394951706811971e-05
되면서전혀,2,3.394951706811971e-05
연발하게,2,3.394951706811971e-05
감탄을,2,3.394951706811971e-05
홀려버려서부러움과,2,3.394951706811971e-05
디자인에,2,3.394951706811971e-05
예쁜반짝반짝,2,3.394951706811971e-05
주장하려고했기,2,3.394951706811971e-05
프로세서라고,2,3.394951706811971e-05
트레이,2,3.394951706811971e-05
하나가,2,3.394951706811971e-05
그들,2,3.394951706811971e-05
주장했다,2,3.394951706811971e-05
진실하지,2,3.394951706811971e-05
되었으며,2,3.394951706811971e-05
가정하기,2,3.394951706811971e-05
요리되었다고,2,3.394951706811971e-05
재개,2,3.394951706811971e-05
인텔은,2,3.394951706811971e-05
봤을,2,3.394951706811971e-05
실물로,2,3.394951706811971e-05
디스플레이에무엇보다,2,3.394951706811971e-05
고화질,2,3.394951706811971e-05
경쾌한,2,3.394951706811971e-05
터치감,2,3.394951706811971e-05
보니마우스의,2,3.394951706811971e-05
눈으로,2,3.394951706811971e-05
못했었어요,2,3.394951706811971e-05
이해를,2,3.394951706811971e-05
산다니,2,3.394951706811971e-05
노트북을200만원,2,3.394951706811971e-05
느낌조차,2,3.394951706811971e-05
비싸다는,2,3.394951706811971e-05
smart,2,3.394951706811971e-05
speakers,2,3.394951706811971e-05
stereo,2,3.394951706811971e-05
앱이,2,3.394951706811971e-05
방전을,2,3.394951706811971e-05
방전의,2,3.394951706811971e-05
정적,2,3.394951706811971e-05
재설정,2,3.394951706811971e-05
정상적인,2,3.394951706811971e-05
보고서를,2,3.394951706811971e-05
합법적,2,3.394951706811971e-05
batteryreport는,2,3.394951706811971e-05
powercfg,2,3.394951706811971e-05
중이며,2,3.394951706811971e-05
부팅하고,2,3.394951706811971e-05
동작합니다,2,3.394951706811971e-05
구매하는제,2,3.394951706811971e-05
선에서,2,3.394951706811971e-05
마음으로항상,2,3.394951706811971e-05
거거익선이라는,2,3.394951706811971e-05
스펙의,2,3.394951706811971e-05
오빠가좋은,2,3.394951706811971e-05
총평가성비충인,2,3.394951706811971e-05
그러네요,2,3.394951706811971e-05
무쇠,2,3.394951706811971e-05
나지만옆에,2,3.394951706811971e-05
사이즈,2,3.394951706811971e-05
입력장치백라이트,2,3.394951706811971e-05
pcle,2,3.394951706811971e-05
웹캠ssd256gb,2,3.394951706811971e-05
ir,2,3.394951706811971e-05
amp웹캠fhd,2,3.394951706811971e-05
만들어,2,3.394951706811971e-05
구매하시더라고요,2,3.394951706811971e-05
필수품으로멀티,2,3.394951706811971e-05
발생하게,2,3.394951706811971e-05
번거로운,2,3.394951706811971e-05
사운드dolby,2,3.394951706811971e-05
메모리내장형오디오,2,3.394951706811971e-05
graphics그래픽,2,3.394951706811971e-05
mhz그래픽인텔,2,3.394951706811971e-05
1인치밖에,2,3.394951706811971e-05
보니사이즈로는,2,3.394951706811971e-05
이상씩은,2,3.394951706811971e-05
등이3배,2,3.394951706811971e-05
두께나,2,3.394951706811971e-05
편이에요,2,3.394951706811971e-05
봐도크기가,2,3.394951706811971e-05
대부분인데그램,2,3.394951706811971e-05
놓는,2,3.394951706811971e-05
연결시켜,2,3.394951706811971e-05
24시간,2,3.394951706811971e-05
있지만마우스를,2,3.394951706811971e-05
패드가,2,3.394951706811971e-05
자리가,2,3.394951706811971e-05
나면남은,2,3.394951706811971e-05
연결을,2,3.394951706811971e-05
보았어요,2,3.394951706811971e-05
노트북제가,2,3.394951706811971e-05
비교그램,2,3.394951706811971e-05
단점인듯싶어요,2,3.394951706811971e-05
텐데그램,2,3.394951706811971e-05
충분했을,2,3.394951706811971e-05
줬어도,2,3.394951706811971e-05
있겠지만중요한,2,3.394951706811971e-05
단점인가,2,3.394951706811971e-05
게이게,2,3.394951706811971e-05
5개가,2,3.394951706811971e-05
5개의,2,3.394951706811971e-05
sd카드,2,3.394951706811971e-05
미리보기에,2,3.394951706811971e-05
elgato에서,2,3.394951706811971e-05
선호하여,2,3.394951706811971e-05
elgato와,2,3.394951706811971e-05
꼈다,2,3.394951706811971e-05
때마다뺐다,2,3.394951706811971e-05
이용해야,2,3.394951706811971e-05
디스크를,2,3.394951706811971e-05
때문에이동식,2,3.394951706811971e-05
하나이기,2,3.394951706811971e-05
추적,2,3.394951706811971e-05
이로,2,3.394951706811971e-05
적용되지,2,3.394951706811971e-05
보증이,2,3.394951706811971e-05
소매,2,3.394951706811971e-05
단점좌우,2,3.394951706811971e-05
정도랍니다,2,3.394951706811971e-05
음질임은,2,3.394951706811971e-05
비하면확실히,2,3.394951706811971e-05
어려워요,2,3.394951706811971e-05
얻기는,2,3.394951706811971e-05
등마우스와,2,3.394951706811971e-05
보니블루투스,2,3.394951706811971e-05
하나뿐이다,2,3.394951706811971e-05
거예요,2,3.394951706811971e-05
하나뿐이라는,2,3.394951706811971e-05
모델마다,2,3.394951706811971e-05
부분에서는확실히,2,3.394951706811971e-05
있지만노트북이다,2,3.394951706811971e-05
내장되어,2,3.394951706811971e-05
애트모스,2,3.394951706811971e-05
나타내는돌비,2,3.394951706811971e-05
음향을,2,3.394951706811971e-05
달려있고입체적이고,2,3.394951706811971e-05
좌우에,2,3.394951706811971e-05
하단,2,3.394951706811971e-05
스피커2개의,2,3.394951706811971e-05
패드로,2,3.394951706811971e-05
가능하니터치,2,3.394951706811971e-05
변경도,2,3.394951706811971e-05
주장하는,2,3.394951706811971e-05
재개되었다고,2,3.394951706811971e-05
97키,2,3.394951706811971e-05
쓸어,2,3.394951706811971e-05
우를,2,3.394951706811971e-05
손가락으로좌,2,3.394951706811971e-05
올라간답니다,2,3.394951706811971e-05
연결되어,2,3.394951706811971e-05
흔적을,2,3.394951706811971e-05
생명의,2,3.394951706811971e-05
부팅했습니다,2,3.394951706811971e-05
데이터가,2,3.394951706811971e-05
수도있는,2,3.394951706811971e-05
꺼지지,2,3.394951706811971e-05
아무데도,2,3.394951706811971e-05
꽂지,2,3.394951706811971e-05
닦기,2,3.394951706811971e-05
다릅니다,2,3.394951706811971e-05
없이도,2,3.394951706811971e-05
하면스크롤,2,3.394951706811971e-05
위아래를,2,3.394951706811971e-05
손가락으로터치,2,3.394951706811971e-05
사용하셨나요,2,3.394951706811971e-05
활용만,2,3.394951706811971e-05
클릭하는단순한,2,3.394951706811971e-05
있고설정에,2,3.394951706811971e-05
가능해요,2,3.394951706811971e-05
전환이,2,3.394951706811971e-05
넘기면,2,3.394951706811971e-05
355x241mm,2,3.394951706811971e-05
리튬이온배터리사이즈크기,2,3.394951706811971e-05
파워ac,2,3.394951706811971e-05
터치패드히든,2,3.394951706811971e-05
3열,2,3.394951706811971e-05
제품들,2,3.394951706811971e-05
적용되어서다른,2,3.394951706811971e-05
기술이,2,3.394951706811971e-05
구현한,2,3.394951706811971e-05
적용해서터치의,2,3.394951706811971e-05
모션,2,3.394951706811971e-05
진동,2,3.394951706811971e-05
숨어있는,2,3.394951706811971e-05
쓸어올리면아래에,2,3.394951706811971e-05
내려가고바탕화면이,2,3.394951706811971e-05
최소화되어,2,3.394951706811971e-05
켜져,2,3.394951706811971e-05
쓸어내리면지금,2,3.394951706811971e-05
손가락을터치패드,2,3.394951706811971e-05
내릴,2,3.394951706811971e-05
위아래로,2,3.394951706811971e-05
저장되어,2,3.394951706811971e-05
정들었는데,2,3.394951706811971e-05
이별하게,2,3.394951706811971e-05
어제까지만,2,3.394951706811971e-05
고장나더라고요,2,3.394951706811971e-05
오래되다보니,2,3.394951706811971e-05
오래쓴,2,3.394951706811971e-05
그램추천주인장은,2,3.394951706811971e-05
15인치노트북추천,2,3.394951706811971e-05
15인치노트북,2,3.394951706811971e-05
eb36k,2,3.394951706811971e-05
움직이고,2,3.394951706811971e-05
하나로,2,3.394951706811971e-05
꿀팁,2,3.394951706811971e-05
잠깐오빠가,2,3.394951706811971e-05
터치감을,2,3.394951706811971e-05
모자르면,2,3.394951706811971e-05
큰거사쟈,2,3.394951706811971e-05
용량도,2,3.394951706811971e-05
사는거,2,3.394951706811971e-05
질렀지모예요,2,3.394951706811971e-05
용량큰,2,3.394951706811971e-05
2019년에,2,3.394951706811971e-05
마음먹구,2,3.394951706811971e-05
안뇽,2,3.394951706811971e-05
그립고,2,3.394951706811971e-05
보내줘야했었죠,2,3.394951706811971e-05
못한다고해서,2,3.394951706811971e-05
도시바는,2,3.394951706811971e-05
대형사건이였어요그러다가,2,3.394951706811971e-05
했죠맙소사,2,3.394951706811971e-05
있었기도,2,3.394951706811971e-05
패드마저,2,3.394951706811971e-05
나타내줘요,2,3.394951706811971e-05
존재감을,2,3.394951706811971e-05
나와서오히려,2,3.394951706811971e-05
반짝이는,2,3.394951706811971e-05
건들면,2,3.394951706811971e-05
패드로톡,2,3.394951706811971e-05
라이팅,2,3.394951706811971e-05
있겠지만히든,2,3.394951706811971e-05
보일,2,3.394951706811971e-05
보니보기에는,2,3.394951706811971e-05
사용하다보니,2,3.394951706811971e-05
호언장담을,2,3.394951706811971e-05
이때까지만해도,2,3.394951706811971e-05
맥시멀라이프,2,3.394951706811971e-05
안나욬,2,3.394951706811971e-05
애플만한,2,3.394951706811971e-05
음질은,2,3.394951706811971e-05
인정하는,2,3.394951706811971e-05
하구나,2,3.394951706811971e-05
올라오는,2,3.394951706811971e-05
감성이,2,3.394951706811971e-05
로고만,2,3.394951706811971e-05
사과,2,3.394951706811971e-05
쓰레기가,2,3.394951706811971e-05
앱등이,2,3.394951706811971e-05
안깔리고,2,3.394951706811971e-05
감당이,2,3.394951706811971e-05
호환이,2,3.394951706811971e-05
아니라이용자에게,2,3.394951706811971e-05
뿐만,2,3.394951706811971e-05
평범하지,2,3.394951706811971e-05
인텔evo,2,3.394951706811971e-05
fly35lg전자,2,3.394951706811971e-05
shorturl,2,3.394951706811971e-05
버킷리스트에,2,3.394951706811971e-05
세계에서,2,3.394951706811971e-05
평가하고,2,3.394951706811971e-05
과대,2,3.394951706811971e-05
제시한다는,2,3.394951706811971e-05
동일하지,2,3.394951706811971e-05
한이,2,3.394951706811971e-05
대학을,2,3.394951706811971e-05
배제하고,2,3.394951706811971e-05
시작하기,2,3.394951706811971e-05
부품,2,3.394951706811971e-05
적으므로,2,3.394951706811971e-05
사과농장이,2,3.394951706811971e-05
정말이지,2,3.394951706811971e-05
완벽쓰,2,3.394951706811971e-05
알맞고,2,3.394951706811971e-05
써보자,2,3.394951706811971e-05
그램도,2,3.394951706811971e-05
스타일이여서,2,3.394951706811971e-05
들어왔고,2,3.394951706811971e-05
정착하였습니다,2,3.394951706811971e-05
장만하게된,2,3.394951706811971e-05
7월에,2,3.394951706811971e-05
2021년,2,3.394951706811971e-05
마음으로,2,3.394951706811971e-05
나눠쓰자는,2,3.394951706811971e-05
두개로,2,3.394951706811971e-05
at할,2,3.394951706811971e-05
탑재coupangshorturl,2,3.394951706811971e-05
확고해집니다,2,3.394951706811971e-05
취향이,2,3.394951706811971e-05
장단점이,2,3.394951706811971e-05
좋기는,2,3.394951706811971e-05
감성이랔,2,3.394951706811971e-05
그랬나봐요,2,3.394951706811971e-05
진작,2,3.394951706811971e-05
신세계랍니다,2,3.394951706811971e-05
않겠다는,2,3.394951706811971e-05
아프지,2,3.394951706811971e-05
들고다녀도,2,3.394951706811971e-05
가볍군,2,3.394951706811971e-05
소문대로,2,3.394951706811971e-05
연속이였어요,2,3.394951706811971e-05
놀라움의,2,3.394951706811971e-05
엘지지,2,3.394951706811971e-05
eb36k내돈내산으로,2,3.394951706811971e-05
후기샷,2,3.394951706811971e-05
그럼gram,2,3.394951706811971e-05
편하즄,2,3.394951706811971e-05
부탁해이왕사는거,2,3.394951706811971e-05
고장안나고,2,3.394951706811971e-05
아쥬,2,3.394951706811971e-05
흰둥이라,2,3.394951706811971e-05
무난하니,2,3.394951706811971e-05
구매했다죠,2,3.394951706811971e-05
할인들어간,2,3.394951706811971e-05
오늘의집에서,2,3.394951706811971e-05
사쟈,2,3.394951706811971e-05
최신으로,2,3.394951706811971e-05
비교하며,2,3.394951706811971e-05
아령높은,2,3.394951706811971e-05
가벼움가지고,2,3.394951706811971e-05
2가지큰,2,3.394951706811971e-05
봤어요그램의,2,3.394951706811971e-05
종류에서만,2,3.394951706811971e-05
박혀있었어서바로,2,3.394951706811971e-05
되면서제,2,3.394951706811971e-05
지내게,2,3.394951706811971e-05
떨어져,2,3.394951706811971e-05
사용했었는데언니랑,2,3.394951706811971e-05
같이언니,2,3.394951706811971e-05
언니랑,2,3.394951706811971e-05
안녕하세요단풍이모입니다제가,2,3.394951706811971e-05
찾아오겠습니다,2,3.394951706811971e-05
리뷰로,2,3.394951706811971e-05
다음에도,2,3.394951706811971e-05
바라며,2,3.394951706811971e-05
생각해서,2,3.394951706811971e-05
살땐,2,3.394951706811971e-05
설명듣고분명,2,3.394951706811971e-05
네이버블로그,2,3.394951706811971e-05
16z90q,2,3.394951706811971e-05
lg그램16노트북,2,3.394951706811971e-05
aa5wk22년,2,3.394951706811971e-05
명16z90q,2,3.394951706811971e-05
노트북노트북,2,3.394951706811971e-05
거름,2,3.394951706811971e-05
사야한대서,2,3.394951706811971e-05
다르고이것저것,2,3.394951706811971e-05
찾아봤는데제일,2,3.394951706811971e-05
추천이나유튜브로도,2,3.394951706811971e-05
취준생,2,3.394951706811971e-05
저에겐,2,3.394951706811971e-05
포함되어,2,3.394951706811971e-05
보니3열,2,3.394951706811971e-05
16인치는큰,2,3.394951706811971e-05
많은데그램,2,3.394951706811971e-05
노트북에는3열,2,3.394951706811971e-05
데다가백라이트,2,3.394951706811971e-05
반짝이며,2,3.394951706811971e-05
들어와서은근히,2,3.394951706811971e-05
자판으로옅은,2,3.394951706811971e-05
97키의,2,3.394951706811971e-05
기억력은,2,3.394951706811971e-05
가져왔다,2,3.394951706811971e-05
블로그에서,2,3.394951706811971e-05
까먹어서타,2,3.394951706811971e-05
오니까,2,3.394951706811971e-05
구매했는데신기하게,2,3.394951706811971e-05
한다그래서,2,3.394951706811971e-05
홈쇼핑은,2,3.394951706811971e-05
인터넷이나,2,3.394951706811971e-05
더더욱,2,3.394951706811971e-05
컴알못이라면,2,3.394951706811971e-05
나같이,2,3.394951706811971e-05
좋다특히,2,3.394951706811971e-05
느낀건전자기기는,2,3.394951706811971e-05
tfp3w,2,3.394951706811971e-05
tone,2,3.394951706811971e-05
무선이어폰,2,3.394951706811971e-05
사은품무선마우스,2,3.394951706811971e-05
도대체,2,3.394951706811971e-05
경계선이,2,3.394951706811971e-05
보기에는,2,3.394951706811971e-05
히든,2,3.394951706811971e-05
거였다포장지를,2,3.394951706811971e-05
치워놨다가나중에,2,3.394951706811971e-05
머야,2,3.394951706811971e-05
이것이게,2,3.394951706811971e-05
go까자마자,2,3.394951706811971e-05
lets,2,3.394951706811971e-05
24살,2,3.394951706811971e-05
무서움이,2,3.394951706811971e-05
모른다는,2,3.394951706811971e-05
호구당할지도,2,3.394951706811971e-05
혼자가면,2,3.394951706811971e-05
좋다왜인지,2,3.394951706811971e-05
데리고,2,3.394951706811971e-05
어른,2,3.394951706811971e-05
있으니까부모님이나,2,3.394951706811971e-05
카드만든다음,2,3.394951706811971e-05
바이브예뿌다,2,3.394951706811971e-05
꺼내보았습니다냉장고,2,3.394951706811971e-05
접혀있다드디어,2,3.394951706811971e-05
저거가,2,3.394951706811971e-05
까는투명,2,3.394951706811971e-05
키보드위에,2,3.394951706811971e-05
밑에는설명서랑,2,3.394951706811971e-05
있다상자,2,3.394951706811971e-05
있고메뉴얼뒤에,2,3.394951706811971e-05
든다메뉴얼,2,3.394951706811971e-05
맘에쏙,2,3.394951706811971e-05
냉장고같음,2,3.394951706811971e-05
이익너무,2,3.394951706811971e-05
전자기기의,2,3.394951706811971e-05
등장하는이,2,3.394951706811971e-05
까주니,2,3.394951706811971e-05
안나지만대충,2,3.394951706811971e-05
기억은,2,3.394951706811971e-05
건지,2,3.394951706811971e-05
찍은,2,3.394951706811971e-05
생김왜,2,3.394951706811971e-05
냉장고같이,2,3.394951706811971e-05
생겼다이것도,2,3.394951706811971e-05
충전기요로코롬,2,3.394951706811971e-05
꼼하진,2,3.394951706811971e-05
것이지만여전히,2,3.394951706811971e-05
치운,2,3.394951706811971e-05
책상은,2,3.394951706811971e-05
갔던터라이미,2,3.394951706811971e-05
뒤져보고,2,3.394951706811971e-05
겁나,2,3.394951706811971e-05
두근두근인터넷으로,2,3.394951706811971e-05
안되길래,2,3.394951706811971e-05
뜯겨있는줄,2,3.394951706811971e-05
한다나는,2,3.394951706811971e-05
뜯어야,2,3.394951706811971e-05
비닐을,2,3.394951706811971e-05
있으니사용전,2,3.394951706811971e-05
비닐에,2,3.394951706811971e-05
건전지는,2,3.394951706811971e-05
가능하다그리고,2,3.394951706811971e-05
꽂아주어야마우스,2,3.394951706811971e-05
생긴걸노트북에,2,3.394951706811971e-05
유심칩같이,2,3.394951706811971e-05
열린다건전지,2,3.394951706811971e-05
잡아당기면마우스,2,3.394951706811971e-05
무선마우스화살표대로,2,3.394951706811971e-05
생겼다사은품,2,3.394951706811971e-05
되었지만그럼에도,2,3.394951706811971e-05
괜찮다책상에,2,3.394951706811971e-05
뜯긴다완성,2,3.394951706811971e-05
뜯어줬다생각보다,2,3.394951706811971e-05
친구를,2,3.394951706811971e-05
있던이,2,3.394951706811971e-05
까자마자,2,3.394951706811971e-05
상자,2,3.394951706811971e-05
같다노트북,2,3.394951706811971e-05
자일리톨,2,3.394951706811971e-05
어울린다춘식이,2,3.394951706811971e-05
춘식이가아주,2,3.394951706811971e-05
구매해뒀던귀여운,2,3.394951706811971e-05
요로코롬짠,2,3.394951706811971e-05
발견했음,2,3.394951706811971e-05
어쩌지,2,3.394951706811971e-05
사은품3,2,3.394951706811971e-05
마음,2,3.394951706811971e-05
사용하고시픈,2,3.394951706811971e-05
필요할때,2,3.394951706811971e-05
안했다1년짜리는,2,3.394951706811971e-05
했다독스는,2,3.394951706811971e-05
등록은,2,3.394951706811971e-05
사서필요없지만,2,3.394951706811971e-05
7만9천원짜리,2,3.394951706811971e-05
영구적,2,3.394951706811971e-05
없다사실,2,3.394951706811971e-05
들어있지만아직,2,3.394951706811971e-05
한컴오피스이것저것,2,3.394951706811971e-05
사은품2,2,3.394951706811971e-05
믿기지가,2,3.394951706811971e-05
2월인게,2,3.394951706811971e-05
왔습니다근데,2,3.394951706811971e-05
뽁뽁이로,2,3.394951706811971e-05
무선아이폰,2,3.394951706811971e-05
예정이다,2,3.394951706811971e-05
하셨다배송오면,2,3.394951706811971e-05
배송해준다고,2,3.394951706811971e-05
뒤에,2,3.394951706811971e-05
며칠,2,3.394951706811971e-05
무선이어폰이건,2,3.394951706811971e-05
만족스럽다사은품4,2,3.394951706811971e-05
아주아주,2,3.394951706811971e-05
파란색,2,3.394951706811971e-05
초록색,2,3.394951706811971e-05
주셨는데나는,2,3.394951706811971e-05
정하고,2,3.394951706811971e-05
노트북파우치색깔,2,3.394951706811971e-05
두통있고,2,3.394951706811971e-05
하루종일,2,3.394951706811971e-05
걸리면,2,3.394951706811971e-05
중이염걸리는데중이염,2,3.394951706811971e-05
오래끼고,2,3.394951706811971e-05
드렸어요,2,3.394951706811971e-05
엄마,2,3.394951706811971e-05
톤프리쓰고에어팟,2,3.394951706811971e-05
노이즈캔슬링,2,3.394951706811971e-05
해요저는,2,3.394951706811971e-05
노이즈캔슬링이,2,3.394951706811971e-05
담겨있습니당이건,2,3.394951706811971e-05
요로케,2,3.394951706811971e-05
톤프리,2,3.394951706811971e-05
왔구나,2,3.394951706811971e-05
슈가버블인지요,2,3.394951706811971e-05
32접기,2,3.394951706811971e-05
재생218좋아요700,2,3.394951706811971e-05
보기lg,2,3.394951706811971e-05
별매,2,3.394951706811971e-05
랜젠더,2,3.394951706811971e-05
1유선랜gigabit,2,3.394951706811971e-05
ax211블루투스5,2,3.394951706811971e-05
들었다ew보험3만2천원대였고한,2,3.394951706811971e-05
보험으로,2,3.394951706811971e-05
200만원대,2,3.394951706811971e-05
보험나는,2,3.394951706811971e-05
않았어요,2,3.394951706811971e-05
알고싶지,2,3.394951706811971e-05
아냐구요,2,3.394951706811971e-05
불편해요어떻게,2,3.394951706811971e-05
신경쓰이고,2,3.394951706811971e-05
전자랜드,2,3.394951706811971e-05
그램종류,2,3.394951706811971e-05
노트북그램추천,2,3.394951706811971e-05
취준생노트북,2,3.394951706811971e-05
50만원,2,3.394951706811971e-05
가능하다그래서,2,3.394951706811971e-05
할인방법롯데카드,2,3.394951706811971e-05
결제방법,2,3.394951706811971e-05
본인과실제외무료,2,3.394951706811971e-05
내면,2,3.394951706811971e-05
키보드는총,2,3.394951706811971e-05
디자인의,2,3.394951706811971e-05
키보드깔끔한,2,3.394951706811971e-05
똑똑하구나,2,3.394951706811971e-05
본격적인,2,3.394951706811971e-05
펴기lg,2,3.394951706811971e-05
됐어요다른건,2,3.394951706811971e-05
필요하게,2,3.394951706811971e-05
절실하게,2,3.394951706811971e-05
시작하며,2,3.394951706811971e-05
세종시,2,3.394951706811971e-05
함정,2,3.394951706811971e-05
못느꼈다는게,2,3.394951706811971e-05
가능하니까,2,3.394951706811971e-05
모든게,2,3.394951706811971e-05
태블릿이,2,3.394951706811971e-05
않았어요집에선,2,3.394951706811971e-05
pc이외에는,2,3.394951706811971e-05
홍삼언니는,2,3.394951706811971e-05
노트북구입워킹맘인,2,3.394951706811971e-05
그램노트북사은품,2,3.394951706811971e-05
은평구전자랜드,2,3.394951706811971e-05
어렵지,2,3.394951706811971e-05
돌아갈것as는,2,3.394951706811971e-05
넷플릭스까지,2,3.394951706811971e-05
것인터넷웹서핑,2,3.394951706811971e-05
요리조리,2,3.394951706811971e-05
것가벼워서,2,3.394951706811971e-05
원활할,2,3.394951706811971e-05
공개할게요문서와,2,3.394951706811971e-05
포인트만,2,3.394951706811971e-05
필요한건가제가,2,3.394951706811971e-05
무엇이며,2,3.394951706811971e-05
i5는,2,3.394951706811971e-05
영어인지,2,3.394951706811971e-05
왜이리,2,3.394951706811971e-05
블로그만잘되면,2,3.394951706811971e-05
필요없다가볍고,2,3.394951706811971e-05
초간단,2,3.394951706811971e-05
노트북이예요,2,3.394951706811971e-05
첫번째,2,3.394951706811971e-05
gx56k사실,2,3.394951706811971e-05
들어갔습니다lg,2,3.394951706811971e-05
라길래,2,3.394951706811971e-05
그램이다,2,3.394951706811971e-05
고민했고가벼운건,2,3.394951706811971e-05
엘지중,2,3.394951706811971e-05
라서고민없이,2,3.394951706811971e-05
쓰던게,2,3.394951706811971e-05
였으나,2,3.394951706811971e-05
여러가지,2,3.394951706811971e-05
종류는,2,3.394951706811971e-05
좁혀지더라구요마이크로소프트,2,3.394951706811971e-05
않을것이렇게,2,3.394951706811971e-05
딱이네요그런데,2,3.394951706811971e-05
위한다면,2,3.394951706811971e-05
블로깅을,2,3.394951706811971e-05
해야하고,2,3.394951706811971e-05
인터넷으로,2,3.394951706811971e-05
사진이,2,3.394951706811971e-05
말저처럼,2,3.394951706811971e-05
발췌해요,2,3.394951706811971e-05
나오지만,2,3.394951706811971e-05
좋아요기본,2,3.394951706811971e-05
간편해요,2,3.394951706811971e-05
쉬워요,2,3.394951706811971e-05
많더라구요빨라요,2,3.394951706811971e-05
하신,2,3.394951706811971e-05
보는데,2,3.394951706811971e-05
픽업,2,3.394951706811971e-05
10년차,2,3.394951706811971e-05
설치하는거,2,3.394951706811971e-05
요청했어요,2,3.394951706811971e-05
구매처에,2,3.394951706811971e-05
맘편히,2,3.394951706811971e-05
기계라는,2,3.394951706811971e-05
순수한,2,3.394951706811971e-05
깔려있는,2,3.394951706811971e-05
운영체제가,2,3.394951706811971e-05
그러니까,2,3.394951706811971e-05
거예요프리도스,2,3.394951706811971e-05
dos,2,3.394951706811971e-05
사실인데free,2,3.394951706811971e-05
있었어요이번에,2,3.394951706811971e-05
사실이,2,3.394951706811971e-05
간과한,2,3.394951706811971e-05
내용일테니,2,3.394951706811971e-05
않아요어차피,2,3.394951706811971e-05
읽지,2,3.394951706811971e-05
메뉴얼도,2,3.394951706811971e-05
만오천원,2,3.394951706811971e-05
있네요마우스도,2,3.394951706811971e-05
모셔져,2,3.394951706811971e-05
정품카드,2,3.394951706811971e-05
설치되고,2,3.394951706811971e-05
정품이,2,3.394951706811971e-05
박스열어보니,2,3.394951706811971e-05
도착한,2,3.394951706811971e-05
3일만에,2,3.394951706811971e-05
인증,2,3.394951706811971e-05
컴퓨터는,2,3.394951706811971e-05
금융인인데도,2,3.394951706811971e-05
엘가,2,3.394951706811971e-05
의도,2,3.394951706811971e-05
지연이,2,3.394951706811971e-05
미리보기와,2,3.394951706811971e-05
얼굴로는,2,3.394951706811971e-05
테스트해봤는데,2,3.394951706811971e-05
번이나,2,3.394951706811971e-05
하고몇,2,3.394951706811971e-05
아니야,2,3.394951706811971e-05
풀어주는,2,3.394951706811971e-05
아무나,2,3.394951706811971e-05
무엇옆에,2,3.394951706811971e-05
책상,2,3.394951706811971e-05
뽀로로,2,3.394951706811971e-05
아닙니,2,3.394951706811971e-05
그런건,2,3.394951706811971e-05
화면이었다,2,3.394951706811971e-05
흰색,2,3.394951706811971e-05
수행했지만,2,3.394951706811971e-05
30분을,2,3.394951706811971e-05
넓거등요그리고,2,3.394951706811971e-05
9라,2,3.394951706811971e-05
충분해요왜냐,2,3.394951706811971e-05
고민했는데,2,3.394951706811971e-05
거뜬해요처음엔,2,3.394951706811971e-05
한손으로도,2,3.394951706811971e-05
12키로라더니,2,3.394951706811971e-05
얇네요1,2,3.394951706811971e-05
하나요,2,3.394951706811971e-05
230g네트워크intel,2,3.394951706811971e-05
9mm무게약,2,3.394951706811971e-05
토를,2,3.394951706811971e-05
키스킨까지,2,3.394951706811971e-05
엘지네요,2,3.394951706811971e-05
비교하니,2,3.394951706811971e-05
좋아요회사,2,3.394951706811971e-05
쨍한,2,3.394951706811971e-05
몇시간은,2,3.394951706811971e-05
있네요,2,3.394951706811971e-05
현금이,2,3.394951706811971e-05
보드가,2,3.394951706811971e-05
재생할,2,3.394951706811971e-05
무엇이든지,2,3.394951706811971e-05
액세스하고,2,3.394951706811971e-05
tv에서,2,3.394951706811971e-05
것인지,2,3.394951706811971e-05
보드인지,2,3.394951706811971e-05
tc,2,3.394951706811971e-05
새노트북이,2,3.394951706811971e-05
생각하니,2,3.394951706811971e-05
필요할까,2,3.394951706811971e-05
하려면,2,3.394951706811971e-05
개봉기블로그,2,3.394951706811971e-05
탕진잼,2,3.394951706811971e-05
구경해야지역시,2,3.394951706811971e-05
가방도,2,3.394951706811971e-05
하러갑니다,2,3.394951706811971e-05
마케팅을,2,3.394951706811971e-05
투잡,2,3.394951706811971e-05
홍삼,2,3.394951706811971e-05
워킹맘은,2,3.394951706811971e-05
어떠세요이제,2,3.394951706811971e-05
완벽합니다저,2,3.394951706811971e-05
깔아주니,2,3.394951706811971e-05
사진편집,2,3.394951706811971e-05
블로그작성,2,3.394951706811971e-05
목적은,2,3.394951706811971e-05
차이나고,2,3.394951706811971e-05
16인치도,2,3.394951706811971e-05
질러버렸습니다,2,3.394951706811971e-05
끌리는,2,3.394951706811971e-05
알기에,2,3.394951706811971e-05
제자신을,2,3.394951706811971e-05
한참동안,2,3.394951706811971e-05
gram과,2,3.394951706811971e-05
후덜덜하여,2,3.394951706811971e-05
12코어,2,3.394951706811971e-05
같이하시죠제가,2,3.394951706811971e-05
들여왔습니다,2,3.394951706811971e-05
필요하더군요,2,3.394951706811971e-05
18개월로,2,3.394951706811971e-05
할부도16,2,3.394951706811971e-05
구매시,2,3.394951706811971e-05
이중포장되어,2,3.394951706811971e-05
찌그러진곳,2,3.394951706811971e-05
온거죠,2,3.394951706811971e-05
5시쯤,2,3.394951706811971e-05
같은날,2,3.394951706811971e-05
3시,2,3.394951706811971e-05
새벽,2,3.394951706811971e-05
쿠팡으로,2,3.394951706811971e-05
편리한것도,2,3.394951706811971e-05
휴대성도,2,3.394951706811971e-05
같았습니다,2,3.394951706811971e-05
충분할것,2,3.394951706811971e-05
편집정도이기에,2,3.394951706811971e-05
어이없어,2,3.394951706811971e-05
좋냐며,2,3.394951706811971e-05
잘해줘야겠어요,2,3.394951706811971e-05
보일것,2,3.394951706811971e-05
선물인데,2,3.394951706811971e-05
시작으로,2,3.394951706811971e-05
육아휴직,2,3.394951706811971e-05
이번달에,2,3.394951706811971e-05
무조건적으로,2,3.394951706811971e-05
20만원대,2,3.394951706811971e-05
애플플러스케어,2,3.394951706811971e-05
성격,2,3.394951706811971e-05
덤벙거리는,2,3.394951706811971e-05
구매한듯,2,3.394951706811971e-05
할인혜택도,2,3.394951706811971e-05
길고,2,3.394951706811971e-05
비교도,2,3.394951706811971e-05
id와는,2,3.394951706811971e-05
face,2,3.394951706811971e-05
풀리는데아이폰의,2,3.394951706811971e-05
잠금이,2,3.394951706811971e-05
않고도,2,3.394951706811971e-05
인식해서비밀번호를,2,3.394951706811971e-05
얼굴을,2,3.394951706811971e-05
웹캠으로,2,3.394951706811971e-05
있는데이,2,3.394951706811971e-05
남펴니,2,3.394951706811971e-05
좋은거니,2,3.394951706811971e-05
님도,2,3.394951706811971e-05
좋으면,2,3.394951706811971e-05
뿌듯해,2,3.394951706811971e-05
하면서도,2,3.394951706811971e-05
로고는,2,3.394951706811971e-05
그자체,2,3.394951706811971e-05
깔끔,2,3.394951706811971e-05
들어있는데,2,3.394951706811971e-05
꺼내면,2,3.394951706811971e-05
자태였습니다,2,3.394951706811971e-05
시켜주는,2,3.394951706811971e-05
라는걸,2,3.394951706811971e-05
옳다,2,3.394951706811971e-05
설레네요,2,3.394951706811971e-05
두근거리고,2,3.394951706811971e-05
해제가,2,3.394951706811971e-05
만에주인만을,2,3.394951706811971e-05
1초,2,3.394951706811971e-05
인식으로,2,3.394951706811971e-05
만큼굉장히,2,3.394951706811971e-05
진행된다고,2,3.394951706811971e-05
작업이나,2,3.394951706811971e-05
pro칩으로,2,3.394951706811971e-05
연결할수,2,3.394951706811971e-05
손쉽게,2,3.394951706811971e-05
외부기기와,2,3.394951706811971e-05
지원으로,2,3.394951706811971e-05
같네요또한,2,3.394951706811971e-05
켜지는,2,3.394951706811971e-05
주진,2,3.394951706811971e-05
가능하기에,2,3.394951706811971e-05
예쁜걸로,2,3.394951706811971e-05
안할것이기도,2,3.394951706811971e-05
휴대를,2,3.394951706811971e-05
36kg,2,3.394951706811971e-05
예쁜것,2,3.394951706811971e-05
만족스럽게,2,3.394951706811971e-05
저에게는,2,3.394951706811971e-05
타브랜드,2,3.394951706811971e-05
10년전,2,3.394951706811971e-05
없다니,2,3.394951706811971e-05
소모가,2,3.394951706811971e-05
4시간은,2,3.394951706811971e-05
하느냐고,2,3.394951706811971e-05
셋팅,2,3.394951706811971e-05
최고네요,2,3.394951706811971e-05
듣던대로,2,3.394951706811971e-05
수명도,2,3.394951706811971e-05
예정입니다,2,3.394951706811971e-05
불편하지,2,3.394951706811971e-05
마우스없이,2,3.394951706811971e-05
트랙패드도,2,3.394951706811971e-05
zz개인적으로,2,3.394951706811971e-05
편안한,2,3.394951706811971e-05
않았지만괜히,2,3.394951706811971e-05
하니얼마,2,3.394951706811971e-05
질리지,2,3.394951706811971e-05
쉽상인데,2,3.394951706811971e-05
귀찮아지기,2,3.394951706811971e-05
불편하면,2,3.394951706811971e-05
사진업로드가,2,3.394951706811971e-05
호환도,2,3.394951706811971e-05
유용했습니다,2,3.394951706811971e-05
멀티화면도,2,3.394951706811971e-05
띄우기도,2,3.394951706811971e-05
때문이었는데요,2,3.394951706811971e-05
유저이기,2,3.394951706811971e-05
한가지는,2,3.394951706811971e-05
선명함에감탄,2,3.394951706811971e-05
화질의,2,3.394951706811971e-05
표현력과,2,3.394951706811971e-05
oled만의,2,3.394951706811971e-05
모델이에요,2,3.394951706811971e-05
최초로,2,3.394951706811971e-05
활동,2,3.394951706811971e-05
탑재되어,2,3.394951706811971e-05
웹캠이,2,3.394951706811971e-05
위쪽에는,2,3.394951706811971e-05
느낌이거든요,2,3.394951706811971e-05
속이,2,3.394951706811971e-05
보니화면이,2,3.394951706811971e-05
베젤에,2,3.394951706811971e-05
베젤이에요,2,3.394951706811971e-05
부분에서가장,2,3.394951706811971e-05
필요할지,2,3.394951706811971e-05
프로세서에는,2,3.394951706811971e-05
것들이지만,2,3.394951706811971e-05
것에서는,2,3.394951706811971e-05
리뷰에서,2,3.394951706811971e-05
많지는,2,3.394951706811971e-05
얇습니다,2,3.394951706811971e-05
s14는,2,3.394951706811971e-05
이유입니다,2,3.394951706811971e-05
적용되었다고,2,3.394951706811971e-05
reflectiom까지,2,3.394951706811971e-05
안티글래어,2,3.394951706811971e-05
줄여주는,2,3.394951706811971e-05
빛반사를,2,3.394951706811971e-05
부분은눈부심과,2,3.394951706811971e-05
감탄이,2,3.394951706811971e-05
work를,2,3.394951706811971e-05
retina,2,3.394951706811971e-05
store,2,3.394951706811971e-05
인자는,2,3.394951706811971e-05
형태,2,3.394951706811971e-05
사물,2,3.394951706811971e-05
구현합니다,2,3.394951706811971e-05
현대적인,2,3.394951706811971e-05
가지의,2,3.394951706811971e-05
여러면,2,3.394951706811971e-05
강력합니까,2,3.394951706811971e-05
충족시키기에,2,3.394951706811971e-05
개발,2,3.394951706811971e-05
균열,2,3.394951706811971e-05
15에,2,3.394951706811971e-05
노트,2,3.394951706811971e-05
workstation을,2,3.394951706811971e-05
m3800,2,3.394951706811971e-05
dell이,2,3.394951706811971e-05
빠릅니까,2,3.394951706811971e-05
리프트,2,3.394951706811971e-05
극대화,2,3.394951706811971e-05
하드웨어의,2,3.394951706811971e-05
진행되는,2,3.394951706811971e-05
콤보의,2,3.394951706811971e-05
시일,2,3.394951706811971e-05
가까운,2,3.394951706811971e-05
못했고,2,3.394951706811971e-05
깨닫지,2,3.394951706811971e-05
터치하고,2,3.394951706811971e-05
마찬가지입니다,2,3.394951706811971e-05
좋아하는지,2,3.394951706811971e-05
좋아할,2,3.394951706811971e-05
라인,2,3.394951706811971e-05
선이,2,3.394951706811971e-05
시작했고,2,3.394951706811971e-05
흐려지기,2,3.394951706811971e-05
았습니다,2,3.394951706811971e-05
모호한,2,3.394951706811971e-05
부분에서는,2,3.394951706811971e-05
라인의,2,3.394951706811971e-05
4d와,2,3.394951706811971e-05
cinema,2,3.394951706811971e-05
진행되며,2,3.394951706811971e-05
directx,2,3.394951706811971e-05
차이점은,2,3.394951706811971e-05
지적,2,3.394951706811971e-05
판매한다고,2,3.394951706811971e-05
10의,2,3.394951706811971e-05
열어보는,2,3.394951706811971e-05
디스플레이조심스레,2,3.394951706811971e-05
있었지만정말,2,3.394951706811971e-05
디자인까지다소,2,3.394951706811971e-05
스펙들부터,2,3.394951706811971e-05
3와는,2,3.394951706811971e-05
사은품갤북,2,3.394951706811971e-05
모습까지,2,3.394951706811971e-05
디자인과내부,2,3.394951706811971e-05
달라지는,2,3.394951706811971e-05
이유각도에,2,3.394951706811971e-05
지식으로는,2,3.394951706811971e-05
일어나고,2,3.394951706811971e-05
악화되는,2,3.394951706811971e-05
명백해지면,2,3.394951706811971e-05
플러그인과,2,3.394951706811971e-05
과잉,2,3.394951706811971e-05
했으므로,2,3.394951706811971e-05
노력,2,3.394951706811971e-05
켜려고,2,3.394951706811971e-05
faid를,2,3.394951706811971e-05
꺼졌습니다,2,3.394951706811971e-05
영화를보고있는,2,3.394951706811971e-05
무엇인지,2,3.394951706811971e-05
다시는,2,3.394951706811971e-05
일으켰거나,2,3.394951706811971e-05
가이,2,3.394951706811971e-05
육체,2,3.394951706811971e-05
oled를엘지,2,3.394951706811971e-05
3200x2000,2,3.394951706811971e-05
비율로wqhd,2,3.394951706811971e-05
땀이,2,3.394951706811971e-05
절약,2,3.394951706811971e-05
도움이됩니다,2,3.394951706811971e-05
조정하는,2,3.394951706811971e-05
좌석을,2,3.394951706811971e-05
gpts는,2,3.394951706811971e-05
이해했습니다,2,3.394951706811971e-05
이해하는,2,3.394951706811971e-05
대체를,2,3.394951706811971e-05
요구하는,2,3.394951706811971e-05
도움으로,2,3.394951706811971e-05
찾았고,2,3.394951706811971e-05
가구를,2,3.394951706811971e-05
gpts,2,3.394951706811971e-05
두려워하여,2,3.394951706811971e-05
플레이를,2,3.394951706811971e-05
형제를,2,3.394951706811971e-05
설정과,2,3.394951706811971e-05
갔다고,2,3.394951706811971e-05
내려,2,3.394951706811971e-05
mwh로,2,3.394951706811971e-05
mwh이며,2,3.394951706811971e-05
tottal,2,3.394951706811971e-05
교환하고,2,3.394951706811971e-05
헬스를,2,3.394951706811971e-05
alwasy는,2,3.394951706811971e-05
가야했지만,2,3.394951706811971e-05
gpt에,2,3.394951706811971e-05
발생했지만,2,3.394951706811971e-05
무서워했습니다,2,3.394951706811971e-05
흘리면,2,3.394951706811971e-05
땀을,2,3.394951706811971e-05
지불,2,3.394951706811971e-05
2k,2,3.394951706811971e-05
미국에,2,3.394951706811971e-05
플레이합니다,2,3.394951706811971e-05
과충전으로,2,3.394951706811971e-05
과충전해야하지만,2,3.394951706811971e-05
정도가,2,3.394951706811971e-05
ro,2,3.394951706811971e-05
alwasy가,2,3.394951706811971e-05
상태에있을,2,3.394951706811971e-05
이하의,2,3.394951706811971e-05
믿었습니다,2,3.394951706811971e-05
wittsf를,2,3.394951706811971e-05
물었습니다,2,3.394951706811971e-05
문제인지,2,3.394951706811971e-05
조정하라고,2,3.394951706811971e-05
생각에는,2,3.394951706811971e-05
중심으로하는,2,3.394951706811971e-05
적응하는,2,3.394951706811971e-05
소비,2,3.394951706811971e-05
본다,2,3.394951706811971e-05
파괴적인,2,3.394951706811971e-05
설정하고,2,3.394951706811971e-05
격렬하게,2,3.394951706811971e-05
싫어하기,2,3.394951706811971e-05
열정으로,2,3.394951706811971e-05
근처에있는,2,3.394951706811971e-05
점프하고,2,3.394951706811971e-05
범위로,2,3.394951706811971e-05
것들을,2,3.394951706811971e-05
1k에,2,3.394951706811971e-05
기대하고있었습니다,2,3.394951706811971e-05
130hz,2,3.394951706811971e-05
덜어,2,3.394951706811971e-05
창문을,2,3.394951706811971e-05
저음이있는,2,3.394951706811971e-05
갇히기,2,3.394951706811971e-05
공간으로,2,3.394951706811971e-05
최고가,2,3.394951706811971e-05
즐겁습니다,2,3.394951706811971e-05
access,2,3.394951706811971e-05
영역이었습니다,2,3.394951706811971e-05
우려되는,2,3.394951706811971e-05
보룩이,2,3.394951706811971e-05
비비,2,3.394951706811971e-05
패드가있는,2,3.394951706811971e-05
반응이없는,2,3.394951706811971e-05
용납,2,3.394951706811971e-05
일에는,2,3.394951706811971e-05
않지만이,2,3.394951706811971e-05
문제가되지,2,3.394951706811971e-05
넘어갈,2,3.394951706811971e-05
볼륨을,2,3.394951706811971e-05
볼륨으로,2,3.394951706811971e-05
왜곡을,2,3.394951706811971e-05
클리핑,2,3.394951706811971e-05
꺼내도록,2,3.394951706811971e-05
저음을,2,3.394951706811971e-05
슬라이더에주의하십시오,2,3.394951706811971e-05
주파수,2,3.394951706811971e-05
소프트웨어의,2,3.394951706811971e-05
상단베이스를,2,3.394951706811971e-05
즐겁게들을,2,3.394951706811971e-05
펌핑하여,2,3.394951706811971e-05
제기했습니다,2,3.394951706811971e-05
mike는,2,3.394951706811971e-05
제한이,2,3.394951706811971e-05
사은품도,2,3.394951706811971e-05
dna,2,3.394951706811971e-05
125h출시,2,3.394951706811971e-05
199gcpu,2,3.394951706811971e-05
화이트무게,2,3.394951706811971e-05
에센스,2,3.394951706811971e-05
요렇습니다,2,3.394951706811971e-05
친구다,2,3.394951706811971e-05
들어맞는,2,3.394951706811971e-05
조건에,2,3.394951706811971e-05
좋겠고,2,3.394951706811971e-05
않았으면,2,3.394951706811971e-05
비싸지,2,3.394951706811971e-05
편집뿐인데,2,3.394951706811971e-05
같음,2,3.394951706811971e-05
뜻하는,2,3.394951706811971e-05
16은,2,3.394951706811971e-05
판매한다더라고요,2,3.394951706811971e-05
받았네요,2,3.394951706811971e-05
몰에서만,2,3.394951706811971e-05
있더라구욧,2,3.394951706811971e-05
올라가,2,3.394951706811971e-05
1위로,2,3.394951706811971e-05
2위,2,3.394951706811971e-05
고민할,2,3.394951706811971e-05
쭈르륵,2,3.394951706811971e-05
랭킹이,2,3.394951706811971e-05
들어가니베스트,2,3.394951706811971e-05
카테고리에,2,3.394951706811971e-05
쇼핑몰의,2,3.394951706811971e-05
쇼핑몰엘지,2,3.394951706811971e-05
됐지만,2,3.394951706811971e-05
상품들이,2,3.394951706811971e-05
제품이잖아요,2,3.394951706811971e-05
인기,2,3.394951706811971e-05
추천해요,2,3.394951706811971e-05
그래픽을,2,3.394951706811971e-05
유명해서,2,3.394951706811971e-05
들어온,2,3.394951706811971e-05
또륵,2,3.394951706811971e-05
사치였기,2,3.394951706811971e-05
공간엔,2,3.394951706811971e-05
자취방,2,3.394951706811971e-05
원룸,2,3.394951706811971e-05
놓기엔,2,3.394951706811971e-05
데스크톱을,2,3.394951706811971e-05
하지도,2,3.394951706811971e-05
쿄쿄저는,2,3.394951706811971e-05
결심했습니다,2,3.394951706811971e-05
사기로,2,3.394951706811971e-05
비교적,2,3.394951706811971e-05
데스크톱은,2,3.394951706811971e-05
알아봤는데요,2,3.394951706811971e-05
설치가,2,3.394951706811971e-05
가지곤컴퓨터를,2,3.394951706811971e-05
보자,2,3.394951706811971e-05
만들고자,2,3.394951706811971e-05
생활을,2,3.394951706811971e-05
멸종,2,3.394951706811971e-05
만들었다고,2,3.394951706811971e-05
만들어재사용,2,3.394951706811971e-05
액자를,2,3.394951706811971e-05
조립해서,2,3.394951706811971e-05
완충재는,2,3.394951706811971e-05
라벨이,2,3.394951706811971e-05
봉인,2,3.394951706811971e-05
노트북은위아래,2,3.394951706811971e-05
배송되어,2,3.394951706811971e-05
커다란,2,3.394951706811971e-05
gram본격,2,3.394951706811971e-05
사은품이에요,2,3.394951706811971e-05
만족스러웠던,2,3.394951706811971e-05
부드러워서의외로,2,3.394951706811971e-05
좋아진,2,3.394951706811971e-05
달라진,2,3.394951706811971e-05
17인치의,2,3.394951706811971e-05
꽃대지의,2,3.394951706811971e-05
오른쪽에,2,3.394951706811971e-05
편이예요,2,3.394951706811971e-05
화면비가,2,3.394951706811971e-05
느껴지시나요,2,3.394951706811971e-05
안티글레어,2,3.394951706811971e-05
꽂을,2,3.394951706811971e-05
요즈음,2,3.394951706811971e-05
상품,2,3.394951706811971e-05
크다,2,3.394951706811971e-05
보이시겠지만,2,3.394951706811971e-05
튼튼하고,2,3.394951706811971e-05
들더라고요,2,3.394951706811971e-05
용도로는,2,3.394951706811971e-05
grampro,2,3.394951706811971e-05
로고가,2,3.394951706811971e-05
걸릴,2,3.394951706811971e-05
힘들다,2,3.394951706811971e-05
눌러,2,3.394951706811971e-05
합판을,2,3.394951706811971e-05
금속,2,3.394951706811971e-05
국내,2,3.394951706811971e-05
오래된,2,3.394951706811971e-05
가위를,2,3.394951706811971e-05
재봤는데,2,3.394951706811971e-05
맞고,2,3.394951706811971e-05
찍으려고,2,3.394951706811971e-05
최종적으로,2,3.394951706811971e-05
카카오,2,3.394951706811971e-05
확인해,2,3.394951706811971e-05
중인,2,3.394951706811971e-05
출시기념,2,3.394951706811971e-05
카카오톡,2,3.394951706811971e-05
내돈내산으로,2,3.394951706811971e-05
사용하시면,2,3.394951706811971e-05
엘지전자,2,3.394951706811971e-05
제공되는,2,3.394951706811971e-05
지금도,2,3.394951706811971e-05
최대한,2,3.394951706811971e-05
아이폰에서,2,3.394951706811971e-05
방법은,2,3.394951706811971e-05
없었어요,2,3.394951706811971e-05
들어쓰,2,3.394951706811971e-05
17인치로,2,3.394951706811971e-05
번씩,2,3.394951706811971e-05
기능은,2,3.394951706811971e-05
속도와,2,3.394951706811971e-05
소비를,2,3.394951706811971e-05
가끔씩,2,3.394951706811971e-05
퀄리티는,2,3.394951706811971e-05
하지만집에,2,3.394951706811971e-05
귀엽기는,2,3.394951706811971e-05
의미도,2,3.394951706811971e-05
편하겠네요,2,3.394951706811971e-05
다니기도,2,3.394951706811971e-05
쏘옥,2,3.394951706811971e-05
하니가방에,2,3.394951706811971e-05
9mm밖에,2,3.394951706811971e-05
자그마치,2,3.394951706811971e-05
얇아요,2,3.394951706811971e-05
노트북답게,2,3.394951706811971e-05
두께초경량,2,3.394951706811971e-05
가볍다니,2,3.394951706811971e-05
무게려나,2,3.394951706811971e-05
액자,2,3.394951706811971e-05
사부작사부작오빠가,2,3.394951706811971e-05
올라가는,2,3.394951706811971e-05
호감도도,2,3.394951706811971e-05
하니기업에,2,3.394951706811971e-05
담았다고,2,3.394951706811971e-05
가져보자는메시지도,2,3.394951706811971e-05
보호에,2,3.394951706811971e-05
만들어환경,2,3.394951706811971e-05
모양으로,2,3.394951706811971e-05
동물인,2,3.394951706811971e-05
수있는시기를,2,3.394951706811971e-05
기념으로,2,3.394951706811971e-05
까비,2,3.394951706811971e-05
올라오다니,2,3.394951706811971e-05
시청을,2,3.394951706811971e-05
전에동영상,2,3.394951706811971e-05
언박싱과,2,3.394951706811971e-05
가득,2,3.394951706811971e-05
밸류팩,2,3.394951706811971e-05
워크,2,3.394951706811971e-05
노트북이죠,2,3.394951706811971e-05
깔려,2,3.394951706811971e-05
라인이,2,3.394951706811971e-05
바꾸는,2,3.394951706811971e-05
어제,2,3.394951706811971e-05
앞으로도,2,3.394951706811971e-05
바꿀,2,3.394951706811971e-05
기대,2,3.394951706811971e-05
용도,2,3.394951706811971e-05
리퍼연구소에서,2,3.394951706811971e-05
놀랐다,2,3.394951706811971e-05
중고노트북,2,3.394951706811971e-05
몇년,2,3.394951706811971e-05
2주,2,3.394951706811971e-05
신기했다,2,3.394951706811971e-05
상황,2,3.394951706811971e-05
필요했던,2,3.394951706811971e-05
보내세요,2,3.394951706811971e-05
도움,2,3.394951706811971e-05
롯데하이마트,2,3.394951706811971e-05
샀다는,2,3.394951706811971e-05
오자마자,2,3.394951706811971e-05
펴기노트북,2,3.394951706811971e-05
확인이,2,3.394951706811971e-05
16gb저장,2,3.394951706811971e-05
기준으로,2,3.394951706811971e-05
짝꿍,2,3.394951706811971e-05
필요를,2,3.394951706811971e-05
년과,2,3.394951706811971e-05
그것의,2,3.394951706811971e-05
그렇게했습니다,2,3.394951706811971e-05
불리는,2,3.394951706811971e-05
monster라고,2,3.394951706811971e-05
5mm,2,3.394951706811971e-05
sync,2,3.394951706811971e-05
실수가,2,3.394951706811971e-05
때문에이를,2,3.394951706811971e-05
수행했기,2,3.394951706811971e-05
world가,2,3.394951706811971e-05
videoplayback을,2,3.394951706811971e-05
블랙노트북,2,3.394951706811971e-05
개봉기,2,3.394951706811971e-05
봅니다요,2,3.394951706811971e-05
15인치보다는,2,3.394951706811971e-05
취향이지만,2,3.394951706811971e-05
덜어주면,2,3.394951706811971e-05
궁금증을,2,3.394951706811971e-05
하판의,2,3.394951706811971e-05
궁금해,2,3.394951706811971e-05
아쉬웠는데,2,3.394951706811971e-05
찾아보며,2,3.394951706811971e-05
접어두고,2,3.394951706811971e-05
올릴테니,2,3.394951706811971e-05
아시는,2,3.394951706811971e-05
리뷰어나,2,3.394951706811971e-05
무겁지도,2,3.394951706811971e-05
다니는데,2,3.394951706811971e-05
노트북이라,2,3.394951706811971e-05
아니니까,2,3.394951706811971e-05
익숙하진,2,3.394951706811971e-05
0옆에,2,3.394951706811971e-05
불편함음,2,3.394951706811971e-05
무선키보드를,2,3.394951706811971e-05
사용했다,2,3.394951706811971e-05
글레어,2,3.394951706811971e-05
엄청나게,2,3.394951706811971e-05
되어있어서,2,3.394951706811971e-05
열흘,2,3.394951706811971e-05
시크한,2,3.394951706811971e-05
블랙을,2,3.394951706811971e-05
시그니처,2,3.394951706811971e-05
현장의,2,3.394951706811971e-05
육아,2,3.394951706811971e-05
아이패드만,2,3.394951706811971e-05
핸드폰이나,2,3.394951706811971e-05
신기하다,2,3.394951706811971e-05
c타입이라,2,3.394951706811971e-05
등이,2,3.394951706811971e-05
블랙의,2,3.394951706811971e-05
치우면,2,3.394951706811971e-05
휴대폰이랑,2,3.394951706811971e-05
어댑터가,2,3.394951706811971e-05
달려있는데그램은,2,3.394951706811971e-05
깊어서,2,3.394951706811971e-05
가져온,2,3.394951706811971e-05
보겠습니다,2,3.394951706811971e-05
쪽에크고,2,3.394951706811971e-05
심플해요,2,3.394951706811971e-05
케이블까지,2,3.394951706811971e-05
어댑터와,2,3.394951706811971e-05
구성품으로는,2,3.394951706811971e-05
부속품들이,2,3.394951706811971e-05
꺼내보니아래와,2,3.394951706811971e-05
당겨조심조심,2,3.394951706811971e-05
손잡이를,2,3.394951706811971e-05
파우치의,2,3.394951706811971e-05
부직포,2,3.394951706811971e-05
단호,2,3.394951706811971e-05
연필꽂이가,2,3.394951706811971e-05
조립식,2,3.394951706811971e-05
크라프트지로,2,3.394951706811971e-05
훼손,2,3.394951706811971e-05
그램보다,2,3.394951706811971e-05
두께는,2,3.394951706811971e-05
oled라,2,3.394951706811971e-05
하겠습니다,2,3.394951706811971e-05
라벨은,2,3.394951706811971e-05
잊었다,2,3.394951706811971e-05
어디에,2,3.394951706811971e-05
재고정리인듯,2,3.394951706811971e-05
들어있었다,2,3.394951706811971e-05
이거랑,2,3.394951706811971e-05
택배박스,2,3.394951706811971e-05
크라프트,2,3.394951706811971e-05
있는듯,2,3.394951706811971e-05
블랙만의,2,3.394951706811971e-05
예뻤지만,2,3.394951706811971e-05
선택함,2,3.394951706811971e-05
차이나서,2,3.394951706811971e-05
20만원,2,3.394951706811971e-05
사양인데,2,3.394951706811971e-05
받았음,2,3.394951706811971e-05
해상도의,2,3.394951706811971e-05
두근두근하며,2,3.394951706811971e-05
배송까지,2,3.394951706811971e-05
이었고,2,3.394951706811971e-05
들어보니,2,3.394951706811971e-05
힘들,2,3.394951706811971e-05
다니기엔,2,3.394951706811971e-05
lg울트라북인데,2,3.394951706811971e-05
딱이었음,2,3.394951706811971e-05
가로세로,2,3.394951706811971e-05
결정했다,2,3.394951706811971e-05
작은감이,2,3.394951706811971e-05
빅스데이에,2,3.394951706811971e-05
지마켓,2,3.394951706811971e-05
이유로,2,3.394951706811971e-05
종료되기도,2,3.394951706811971e-05
생기니,2,3.394951706811971e-05
얼굴이,2,3.394951706811971e-05
패널을,2,3.394951706811971e-05
쓰다가아이패드,2,3.394951706811971e-05
20년,2,3.394951706811971e-05
시기에는,2,3.394951706811971e-05
싸구려,2,3.394951706811971e-05
고장나고,2,3.394951706811971e-05
무게만,2,3.394951706811971e-05
고려하지,2,3.394951706811971e-05
좋겠,2,3.394951706811971e-05
협찬받아,2,3.394951706811971e-05
물건은,2,3.394951706811971e-05
참고하시는,2,3.394951706811971e-05
구입해,2,3.394951706811971e-05
받아보니,2,3.394951706811971e-05
구입햤어요,2,3.394951706811971e-05
추천을,2,3.394951706811971e-05
노트북이라고,2,3.394951706811971e-05
가격대비가성비,2,3.394951706811971e-05
좋겠다고,2,3.394951706811971e-05
떨어지지,2,3.394951706811971e-05
위주로,2,3.394951706811971e-05
워드작업,2,3.394951706811971e-05
다니며,2,3.394951706811971e-05
가볍데,2,3.394951706811971e-05
추천하더라고요,2,3.394951706811971e-05
단연,2,3.394951706811971e-05
물어보니,2,3.394951706811971e-05
동료에게,2,3.394951706811971e-05
그림의,2,3.394951706811971e-05
켜서,2,3.394951706811971e-05
tv를,2,3.394951706811971e-05
뽑아,2,3.394951706811971e-05
커넥터,2,3.394951706811971e-05
리본,2,3.394951706811971e-05
지적하고있었습니다,2,3.394951706811971e-05
board와,2,3.394951706811971e-05
time,2,3.394951706811971e-05
해왔고,2,3.394951706811971e-05
않겠습니다,2,3.394951706811971e-05
단계를,2,3.394951706811971e-05
직장,2,3.394951706811971e-05
펴기lg노트북,2,3.394951706811971e-05
12접기,2,3.394951706811971e-05
영상재생3좋아요000,2,3.394951706811971e-05
새해,2,3.394951706811971e-05
바로가기이상,2,3.394951706811971e-05
할인가,2,3.394951706811971e-05
22년도,2,3.394951706811971e-05
확인해보세요,2,3.394951706811971e-05
관심있는분들은,2,3.394951706811971e-05
진행중이라고하니,2,3.394951706811971e-05
할인행사가,2,3.394951706811971e-05
한정수량,2,3.394951706811971e-05
22년도형,2,3.394951706811971e-05
안하기로,2,3.394951706811971e-05
노트북으로도,2,3.394951706811971e-05
공식적으로,2,3.394951706811971e-05
215g로엘지에서,2,3.394951706811971e-05
재본,2,3.394951706811971e-05
있어서직접,2,3.394951706811971e-05
전자저울이,2,3.394951706811971e-05
싶어요,2,3.394951706811971e-05
아닐까,2,3.394951706811971e-05
대학생들에게특히나,2,3.394951706811971e-05
노트북으로이동이,2,3.394951706811971e-05
230g의,2,3.394951706811971e-05
말할,2,3.394951706811971e-05
3kg이,2,3.394951706811971e-05
어댑터까지,2,3.394951706811971e-05
무게보다15g이나,2,3.394951706811971e-05
발표한,2,3.394951706811971e-05
잘알려주니,2,3.394951706811971e-05
상담원분들이,2,3.394951706811971e-05
물어봐도,2,3.394951706811971e-05
궁금한거,2,3.394951706811971e-05
관해서,2,3.394951706811971e-05
전화로,2,3.394951706811971e-05
에프터,2,3.394951706811971e-05
잔고장이,2,3.394951706811971e-05
쓰고있지만,2,3.394951706811971e-05
못느끼고,2,3.394951706811971e-05
이상도,2,3.394951706811971e-05
구입하였는데,2,3.394951706811971e-05
노트북2019년도에,2,3.394951706811971e-05
권해드리는,2,3.394951706811971e-05
분에게는,2,3.394951706811971e-05
되겠습니다,2,3.394951706811971e-05
중고로,2,3.394951706811971e-05
매장에서,2,3.394951706811971e-05
추천드리는,2,3.394951706811971e-05
업무보려는,2,3.394951706811971e-05
까페에서,2,3.394951706811971e-05
돌아간답니다,2,3.394951706811971e-05
저용량의,2,3.394951706811971e-05
가능하구요,2,3.394951706811971e-05
포토샵같은,2,3.394951706811971e-05
아니랍니다,2,3.394951706811971e-05
없는것은,2,3.394951706811971e-05
다른것들은,2,3.394951706811971e-05
가볍기만,2,3.394951706811971e-05
무난그렇다고,2,3.394951706811971e-05
가볍지만,2,3.394951706811971e-05
영원한,2,3.394951706811971e-05
못쓰게,2,3.394951706811971e-05
부담이되어,2,3.394951706811971e-05
무리없이,2,3.394951706811971e-05
무거운것은,2,3.394951706811971e-05
얇은것을,2,3.394951706811971e-05
가볍답니다,2,3.394951706811971e-05
1킬로대로,2,3.394951706811971e-05
사용하는건,2,3.394951706811971e-05
이상인데,2,3.394951706811971e-05
5킬로,2,3.394951706811971e-05
보이시나요,2,3.394951706811971e-05
선사했죠,2,3.394951706811971e-05
lg에,2,3.394951706811971e-05
아이덴티티를,2,3.394951706811971e-05
떠오를정도로,2,3.394951706811971e-05
lg노트북하면,2,3.394951706811971e-05
특장점이,2,3.394951706811971e-05
너무나,2,3.394951706811971e-05
있이서,2,3.394951706811971e-05
평이,2,3.394951706811971e-05
그럼점에,2,3.394951706811971e-05
돼죠,2,3.394951706811971e-05
안생기게,2,3.394951706811971e-05
챙기다보면,2,3.394951706811971e-05
마우스등,2,3.394951706811971e-05
충전기에,2,3.394951706811971e-05
넘어도,2,3.394951706811971e-05
5킬로만,2,3.394951706811971e-05
다닐일이많은데,2,3.394951706811971e-05
등고,2,3.394951706811971e-05
힘업무로인해서,2,3.394951706811971e-05
장점때문이엇습니다,2,3.394951706811971e-05
여러가지가,2,3.394951706811971e-05
구입했던,2,3.394951706811971e-05
많은편입니다,2,3.394951706811971e-05
사용량이,2,3.394951706811971e-05
화질을,2,3.394951706811971e-05
2개를,2,3.394951706811971e-05
업무때문에,2,3.394951706811971e-05
말씀드려보고자,2,3.394951706811971e-05
분들에대해서,2,3.394951706811971e-05
사용해본,2,3.394951706811971e-05
3년동안,2,3.394951706811971e-05
몸매만박재범입니다,2,3.394951706811971e-05
해보았다가벼우면서,2,3.394951706811971e-05
노트북이라서,2,3.394951706811971e-05
행복하당이상,2,3.394951706811971e-05
설레고,2,3.394951706811971e-05
개봉할때가,2,3.394951706811971e-05
보관해두기로,2,3.394951706811971e-05
이용권까지전부,2,3.394951706811971e-05
yes,2,3.394951706811971e-05
믹스,2,3.394951706811971e-05
켜도,2,3.394951706811971e-05
구름,2,3.394951706811971e-05
산돌,2,3.394951706811971e-05
밸류팩은,2,3.394951706811971e-05
밸류팩이,2,3.394951706811971e-05
살펴보니무선,2,3.394951706811971e-05
부러울,2,3.394951706811971e-05
마냥,2,3.394951706811971e-05
심플하니,2,3.394951706811971e-05
구성으로굉장히,2,3.394951706811971e-05
똑같은,2,3.394951706811971e-05
사용할때보다,2,3.394951706811971e-05
비닐제거하면,2,3.394951706811971e-05
확인하고노트북,2,3.394951706811971e-05
구성품,2,3.394951706811971e-05
들어준,2,3.394951706811971e-05
비닐잡고,2,3.394951706811971e-05
15인치에,2,3.394951706811971e-05
찍어봤다,2,3.394951706811971e-05
서비스로,2,3.394951706811971e-05
있다여기에,2,3.394951706811971e-05
타자보호기로,2,3.394951706811971e-05
주의사항안내서,2,3.394951706811971e-05
내구성도,2,3.394951706811971e-05
했다니,2,3.394951706811971e-05
테스트까지,2,3.394951706811971e-05
생각했었는데이런,2,3.394951706811971e-05
아냐,2,3.394951706811971e-05
안튼튼한거,2,3.394951706811971e-05
vr5dk,2,3.394951706811971e-05
출처,2,3.394951706811971e-05
답답하지,2,3.394951706811971e-05
개안한,2,3.394951706811971e-05
넘어오니,2,3.394951706811971e-05
gpu가,2,3.394951706811971e-05
15으로,2,3.394951706811971e-05
화면만,2,3.394951706811971e-05
잘빠졌당,2,3.394951706811971e-05
넓직하게,2,3.394951706811971e-05
6cm로,2,3.394951706811971e-05
점인데찾아보니,2,3.394951706811971e-05
무리,2,3.394951706811971e-05
손목에,2,3.394951706811971e-05
노트북이였는데,2,3.394951706811971e-05
가볍당전에,2,3.394951706811971e-05
1099g이라던데,2,3.394951706811971e-05
그렇다,2,3.394951706811971e-05
싶었는데이,2,3.394951706811971e-05
컴퓨터행그래서,2,3.394951706811971e-05
할때면,2,3.394951706811971e-05
열어두고,2,3.394951706811971e-05
8코어,2,3.394951706811971e-05
답답한,2,3.394951706811971e-05
가려진듯,2,3.394951706811971e-05
시야가,2,3.394951706811971e-05
휴대가능한,2,3.394951706811971e-05
동생의,2,3.394951706811971e-05
노트북이였다그,2,3.394951706811971e-05
안가던,2,3.394951706811971e-05
기억노트북이지만,2,3.394951706811971e-05
무거웟던걸로,2,3.394951706811971e-05
노트북이엿나,2,3.394951706811971e-05
언니의,2,3.394951706811971e-05
대학생때,2,3.394951706811971e-05
써본건,2,3.394951706811971e-05
얻어씀,2,3.394951706811971e-05
동생꺼,2,3.394951706811971e-05
언니꺼,2,3.394951706811971e-05
영상편집,2,3.394951706811971e-05
맥북프로,2,3.394951706811971e-05
비디오를보고,2,3.394951706811971e-05
갖는건,2,3.394951706811971e-05
살았지만,2,3.394951706811971e-05
끼고,2,3.394951706811971e-05
배터리생일,2,3.394951706811971e-05
슬롯1,2,3.394951706811971e-05
10210u,2,3.394951706811971e-05
10세대,2,3.394951706811971e-05
사람에겐,2,3.394951706811971e-05
가격만큼,2,3.394951706811971e-05
총평묵직한,2,3.394951706811971e-05
듯5장,2,3.394951706811971e-05
부담스러울,2,3.394951706811971e-05
사람들에겐,2,3.394951706811971e-05
집필하는,2,3.394951706811971e-05
느껴짐,2,3.394951706811971e-05
누르는게,2,3.394951706811971e-05
작습니다,2,3.394951706811971e-05
엉망이되고,2,3.394951706811971e-05
양호한,2,3.394951706811971e-05
cpu가있는,2,3.394951706811971e-05
흥미로워,2,3.394951706811971e-05
바랐다,2,3.394951706811971e-05
알아낼,2,3.394951706811971e-05
내거나,2,3.394951706811971e-05
골라,2,3.394951706811971e-05
목록의,2,3.394951706811971e-05
이이,2,3.394951706811971e-05
너희들,2,3.394951706811971e-05
어렵습니다,2,3.394951706811971e-05
결정하기가,2,3.394951706811971e-05
무게자판,2,3.394951706811971e-05
어려움자판,2,3.394951706811971e-05
체감하기,2,3.394951706811971e-05
않음2023,2,3.394951706811971e-05
달라지지,2,3.394951706811971e-05
배열은,2,3.394951706811971e-05
외관이나,2,3.394951706811971e-05
유사,2,3.394951706811971e-05
세대와,2,3.394951706811971e-05
적음,2,3.394951706811971e-05
변경,2,3.394951706811971e-05
한정디자인,2,3.394951706811971e-05
캐주얼,2,3.394951706811971e-05
부족라이트한,2,3.394951706811971e-05
게임용으로는,2,3.394951706811971e-05
부적합내장,2,3.394951706811971e-05
경고는,2,3.394951706811971e-05
찾습니다,2,3.394951706811971e-05
버전은,2,3.394951706811971e-05
호환,2,3.394951706811971e-05
copilot,2,3.394951706811971e-05
유용하지는,2,3.394951706811971e-05
세트를,2,3.394951706811971e-05
제한된,2,3.394951706811971e-05
수사기,2,3.394951706811971e-05
바탕으로,2,3.394951706811971e-05
수치스럽게하는,2,3.394951706811971e-05
버전과,2,3.394951706811971e-05
이용했습니다,2,3.394951706811971e-05
버전에,2,3.394951706811971e-05
환상적인,2,3.394951706811971e-05
무게아무래도,2,3.394951706811971e-05
느껴져요,2,3.394951706811971e-05
소재임이,2,3.394951706811971e-05
강한,2,3.394951706811971e-05
않고실제로도,2,3.394951706811971e-05
들어가지도,2,3.394951706811971e-05
눌러보니안으로,2,3.394951706811971e-05
꾹꾹,2,3.394951706811971e-05
외관을,2,3.394951706811971e-05
궁금해서,2,3.394951706811971e-05
강도,2,3.394951706811971e-05
튼튼하다고,2,3.394951706811971e-05
강하고,2,3.394951706811971e-05
활성,2,3.394951706811971e-05
수행하기,2,3.394951706811971e-05
copilot이,2,3.394951706811971e-05
클라우드로,2,3.394951706811971e-05
채팅,2,3.394951706811971e-05
있지만이,2,3.394951706811971e-05
상황을,2,3.394951706811971e-05
유용,2,3.394951706811971e-05
장소에서,2,3.394951706811971e-05
방문하거나,2,3.394951706811971e-05
도구가,2,3.394951706811971e-05
하고이,2,3.394951706811971e-05
이해,2,3.394951706811971e-05
오프라인시기에,2,3.394951706811971e-05
device가,2,3.394951706811971e-05
필요하므로,2,3.394951706811971e-05
가벼운1,2,3.394951706811971e-05
여유롭게,2,3.394951706811971e-05
장점은,2,3.394951706811971e-05
장치로,2,3.394951706811971e-05
컴퓨터보다는이,2,3.394951706811971e-05
갖춘이,2,3.394951706811971e-05
컴퓨팅,2,3.394951706811971e-05
작동해야합니다,2,3.394951706811971e-05
기회처럼,2,3.394951706811971e-05
임무를,2,3.394951706811971e-05
npu는,2,3.394951706811971e-05
288v의,2,3.394951706811971e-05
기울였습니다,2,3.394951706811971e-05
확장하는,2,3.394951706811971e-05
op,2,3.394951706811971e-05
구축하는,2,3.394951706811971e-05
업체처럼,2,3.394951706811971e-05
colecilot,2,3.394951706811971e-05
확장되지,2,3.394951706811971e-05
희망합니다,2,3.394951706811971e-05
확장되기를,2,3.394951706811971e-05
넓고,2,3.394951706811971e-05
업데이트를,2,3.394951706811971e-05
미래에,2,3.394951706811971e-05
생각하며,2,3.394951706811971e-05
경로에,2,3.394951706811971e-05
올바른,2,3.394951706811971e-05
좋아질,2,3.394951706811971e-05
않으면이,2,3.394951706811971e-05
보류되지,2,3.394951706811971e-05
광선에,2,3.394951706811971e-05
빛의,2,3.394951706811971e-05
현명하게,2,3.394951706811971e-05
잡을,2,3.394951706811971e-05
사로,2,3.394951706811971e-05
왔지만,2,3.394951706811971e-05
평가해,2,3.394951706811971e-05
설명합니다,2,3.394951706811971e-05
아래에,2,3.394951706811971e-05
아래의,2,3.394951706811971e-05
찢어졌으며,2,3.394951706811971e-05
랩톱,2,3.394951706811971e-05
게시물입니다,2,3.394951706811971e-05
딜레마에,2,3.394951706811971e-05
4070에,2,3.394951706811971e-05
예정이므로,2,3.394951706811971e-05
모델링을,2,3.394951706811971e-05
개발과,2,3.394951706811971e-05
구매하려고합니다,2,3.394951706811971e-05
zephyrus를,2,3.394951706811971e-05
대학의,2,3.394951706811971e-05
hs와,2,3.394951706811971e-05
관한,2,3.394951706811971e-05
전학에,2,3.394951706811971e-05
고등학교로의,2,3.394951706811971e-05
노력할,2,3.394951706811971e-05
만들려고,2,3.394951706811971e-05
시도하고,2,3.394951706811971e-05
ram은,2,3.394951706811971e-05
16gb의,2,3.394951706811971e-05
한편으로는,2,3.394951706811971e-05
소비하지,2,3.394951706811971e-05
달러를,2,3.394951706811971e-05
던질,2,3.394951706811971e-05
벽돌을,2,3.394951706811971e-05
들었으므로,2,3.394951706811971e-05
버그를,2,3.394951706811971e-05
gpu로,2,3.394951706811971e-05
ram입니다,2,3.394951706811971e-05
최상의,2,3.394951706811971e-05
운반하지,2,3.394951706811971e-05
buy가,2,3.394951706811971e-05
지역에서,2,3.394951706811971e-05
착륙했습니다,2,3.394951706811971e-05
하락,2,3.394951706811971e-05
80c,2,3.394951706811971e-05
온도를,2,3.394951706811971e-05
센서는,2,3.394951706811971e-05
코어의,2,3.394951706811971e-05
및이,2,3.394951706811971e-05
dr,2,3.394951706811971e-05
tl,2,3.394951706811971e-05
가야합니까,2,3.394951706811971e-05
안전한,2,3.394951706811971e-05
교체해야,2,3.394951706811971e-05
물어야합니까,2,3.394951706811971e-05
총알을,2,3.394951706811971e-05
벽돌이지만,2,3.394951706811971e-05
증거가,2,3.394951706811971e-05
기계에,2,3.394951706811971e-05
무엇이든,2,3.394951706811971e-05
그것에,2,3.394951706811971e-05
cpu에서,2,3.394951706811971e-05
요청하는,2,3.394951706811971e-05
tdp보다,2,3.394951706811971e-05
노력합니다,2,3.394951706811971e-05
이해하려고,2,3.394951706811971e-05
증명할,2,3.394951706811971e-05
줄이거,2,3.394951706811971e-05
내가이,2,3.394951706811971e-05
상태에,2,3.394951706811971e-05
거의없는,2,3.394951706811971e-05
근거가,2,3.394951706811971e-05
링에,2,3.394951706811971e-05
했음에도,2,3.394951706811971e-05
줄이기위한,2,3.394951706811971e-05
고르는,2,3.394951706811971e-05
양보,2,3.394951706811971e-05
봤다시피,2,3.394951706811971e-05
제목에서,2,3.394951706811971e-05
주인공은,2,3.394951706811971e-05
후기의,2,3.394951706811971e-05
주제인내돈내산,2,3.394951706811971e-05
싶었던,2,3.394951706811971e-05
글은블로그를,2,3.394951706811971e-05
오늘의,2,3.394951706811971e-05
거래,2,3.394951706811971e-05
뱅크에게는,2,3.394951706811971e-05
qi2,2,3.394951706811971e-05
달러는,2,3.394951706811971e-05
브랜드인지,2,3.394951706811971e-05
baseus가,2,3.394951706811971e-05
비싼건지,2,3.394951706811971e-05
10만원,2,3.394951706811971e-05
검정은,2,3.394951706811971e-05
아닙니까,2,3.394951706811971e-05
줘야하는거,2,3.394951706811971e-05
파우치라든가,2,3.394951706811971e-05
마우스라든가,2,3.394951706811971e-05
비싸면서,2,3.394951706811971e-05
인간적으로,2,3.394951706811971e-05
사용설명서정도,2,3.394951706811971e-05
구성품구성품은,2,3.394951706811971e-05
그램파,2,3.394951706811971e-05
s그렇다,2,3.394951706811971e-05
믿을,2,3.394951706811971e-05
무게2,2,3.394951706811971e-05
기준은1,2,3.394951706811971e-05
눈물을,2,3.394951706811971e-05
제출,2,3.394951706811971e-05
넘어야한다,2,3.394951706811971e-05
8g,2,3.394951706811971e-05
추천한다정말,2,3.394951706811971e-05
8g인걸,2,3.394951706811971e-05
작업이라도,2,3.394951706811971e-05
2018년도쯤,2,3.394951706811971e-05
4g인,2,3.394951706811971e-05
속아i3,2,3.394951706811971e-05
말에,2,3.394951706811971e-05
충분해요,2,3.394951706811971e-05
이정도면,2,3.394951706811971e-05
작업이면,2,3.394951706811971e-05
사양간단한,2,3.394951706811971e-05
예쁘긴했다,2,3.394951706811971e-05
포기하면,2,3.394951706811971e-05
숫자패드,2,3.394951706811971e-05
골랐다15인치에서,2,3.394951706811971e-05
작아보인다는,2,3.394951706811971e-05
갔는데,2,3.394951706811971e-05
보러,2,3.394951706811971e-05
반신반의하면서,2,3.394951706811971e-05
13인치는,2,3.394951706811971e-05
가는데,2,3.394951706811971e-05
예상이,2,3.394951706811971e-05
크기13인치,2,3.394951706811971e-05
문제없다,2,3.394951706811971e-05
틀어놓아도,2,3.394951706811971e-05
pdf,2,3.394951706811971e-05
워드,2,3.394951706811971e-05
머금을수도,2,3.394951706811971e-05
가뿐히,2,3.394951706811971e-05
30분정도는,2,3.394951706811971e-05
다녔는데,2,3.394951706811971e-05
추적하느라,2,3.394951706811971e-05
잃어버려서,2,3.394951706811971e-05
들어가고,2,3.394951706811971e-05
가방에도,2,3.394951706811971e-05
무거웠다,2,3.394951706811971e-05
2kg도,2,3.394951706811971e-05
다니려면,2,3.394951706811971e-05
교재랑,2,3.394951706811971e-05
2kg정도였는데,2,3.394951706811971e-05
15인치가,2,3.394951706811971e-05
1kg도,2,3.394951706811971e-05
999g으로,2,3.394951706811971e-05
된다난,2,3.394951706811971e-05
100점,2,3.394951706811971e-05
무게에서,2,3.394951706811971e-05
쓰긴,2,3.394951706811971e-05
분노의,2,3.394951706811971e-05
타자감이,2,3.394951706811971e-05
우다다다,2,3.394951706811971e-05
눌린다고,2,3.394951706811971e-05
전보다,2,3.394951706811971e-05
편한듯,2,3.394951706811971e-05
오타,2,3.394951706811971e-05
타이핑도,2,3.394951706811971e-05
렉도,2,3.394951706811971e-05
가는데발열도,2,3.394951706811971e-05
한달이,2,3.394951706811971e-05
좋아여,2,3.394951706811971e-05
다녔다,2,3.394951706811971e-05
고릴라,2,3.394951706811971e-05
했는데코닝,2,3.394951706811971e-05
약하지,2,3.394951706811971e-05
타거나,2,3.394951706811971e-05
보니홀로그램,2,3.394951706811971e-05
워낙에,2,3.394951706811971e-05
힘드네요,2,3.394951706811971e-05
잡기가,2,3.394951706811971e-05
초점,2,3.394951706811971e-05
싶지만카메라,2,3.394951706811971e-05
준비물,2,3.394951706811971e-05
과제를,2,3.394951706811971e-05
포스팅해볼게욥마무리는,2,3.394951706811971e-05
들어간다,2,3.394951706811971e-05
95점은,2,3.394951706811971e-05
만점에,2,3.394951706811971e-05
6일구매처,2,3.394951706811971e-05
25년,2,3.394951706811971e-05
gaowak구매시기,2,3.394951706811971e-05
추천으로,2,3.394951706811971e-05
나냥이의,2,3.394951706811971e-05
이웃집,2,3.394951706811971e-05
구매하려다가,2,3.394951706811971e-05
무난하게,2,3.394951706811971e-05
됐는데처음엔,2,3.394951706811971e-05
작성하고,2,3.394951706811971e-05
오염에도,2,3.394951706811971e-05
소재로얼룩,2,3.394951706811971e-05
glass,2,3.394951706811971e-05
gorilla,2,3.394951706811971e-05
corning,2,3.394951706811971e-05
글라스,2,3.394951706811971e-05
2개usb,2,3.394951706811971e-05
가능포트,2,3.394951706811971e-05
35kg배터리,2,3.394951706811971e-05
색재현율무게,2,3.394951706811971e-05
350nit,2,3.394951706811971e-05
1개,2,3.394951706811971e-05
저장장치,2,3.394951706811971e-05
2le,2,3.394951706811971e-05
8e,2,3.394951706811971e-05
4p,2,3.394951706811971e-05
5ghz,2,3.394951706811971e-05
home프로세서,2,3.394951706811971e-05
gaowk운영체제,2,3.394951706811971e-05
사양모델명,2,3.394951706811971e-05
집필1장,2,3.394951706811971e-05
공식앱사용목적,2,3.394951706811971e-05
최적화되어,2,3.394951706811971e-05
뛰어나다,2,3.394951706811971e-05
35kg의,2,3.394951706811971e-05
대화면임에도,2,3.394951706811971e-05
대화면,2,3.394951706811971e-05
백라이트초경량,2,3.394951706811971e-05
인증독립형,2,3.394951706811971e-05
내구성,2,3.394951706811971e-05
군용,2,3.394951706811971e-05
810g,2,3.394951706811971e-05
std,2,3.394951706811971e-05
로그인mil,2,3.394951706811971e-05
11tops,2,3.394951706811971e-05
엔진,2,3.394951706811971e-05
슬롯기타,2,3.394951706811971e-05
2개hdmimicrosd,2,3.394951706811971e-05
만나게되어,2,3.394951706811971e-05
30mbps를,2,3.394951706811971e-05
벌고,2,3.394951706811971e-05
경험하고,2,3.394951706811971e-05
가격lg,2,3.394951706811971e-05
2장,2,3.394951706811971e-05
일러스트,2,3.394951706811971e-05
웹서핑과,2,3.394951706811971e-05
화려하게,2,3.394951706811971e-05
사양이었다,2,3.394951706811971e-05
높다,2,3.394951706811971e-05
확장성이,2,3.394951706811971e-05
지원하여,2,3.394951706811971e-05
포트를,2,3.394951706811971e-05
유리하다,2,3.394951706811971e-05
가능하여,2,3.394951706811971e-05
구매했어요,2,3.394951706811971e-05
오빠는,2,3.394951706811971e-05
빠진,2,3.394951706811971e-05
디자인에푹,2,3.394951706811971e-05
빛나는,2,3.394951706811971e-05
보이며기본적으론,2,3.394951706811971e-05
빛깔로,2,3.394951706811971e-05
핑크빛,2,3.394951706811971e-05
gaowk는,2,3.394951706811971e-05
연구를,2,3.394951706811971e-05
tv의,2,3.394951706811971e-05
소프트웨어에,2,3.394951706811971e-05
소프트웨어에는,2,3.394951706811971e-05
수수께끼입니다,2,3.394951706811971e-05
비활성화하려고,2,3.394951706811971e-05
바이러스를,2,3.394951706811971e-05
구매해야하나,2,3.394951706811971e-05
25년형,2,3.394951706811971e-05
이벤트할인으로,2,3.394951706811971e-05
어플에서,2,3.394951706811971e-05
시작나는,2,3.394951706811971e-05
000원부터,2,3.394951706811971e-05
최저가,2,3.394951706811971e-05
중다나와,2,3.394951706811971e-05
000원에서,2,3.394951706811971e-05
스토어,2,3.394951706811971e-05
krlg전자,2,3.394951706811971e-05
홀로그램을리얼하게,2,3.394951706811971e-05
반짝반짝,2,3.394951706811971e-05
강하게,2,3.394951706811971e-05
블루톤이,2,3.394951706811971e-05
실내에서는,2,3.394951706811971e-05
덜렁,2,3.394951706811971e-05
받게,2,3.394951706811971e-05
우두커니,2,3.394951706811971e-05
오신거임,2,3.394951706811971e-05
주러,2,3.394951706811971e-05
알려주시려나,2,3.394951706811971e-05
친절히,2,3.394951706811971e-05
오셔서,2,3.394951706811971e-05
덜떨어져서,2,3.394951706811971e-05
문화에,2,3.394951706811971e-05
오시지,2,3.394951706811971e-05
노트북가지고,2,3.394951706811971e-05
오신다길래,2,3.394951706811971e-05
언박싱처음에는,2,3.394951706811971e-05
3장,2,3.394951706811971e-05
지울수가,2,3.394951706811971e-05
늘어나고,2,3.394951706811971e-05
사야될게,2,3.394951706811971e-05
없을줄은,2,3.394951706811971e-05
패드랑,2,3.394951706811971e-05
그나저나,2,3.394951706811971e-05
깔끔했다,2,3.394951706811971e-05
모던하게,2,3.394951706811971e-05
아이폰마냥,2,3.394951706811971e-05
똑같다,2,3.394951706811971e-05
싶었는데진짜,2,3.394951706811971e-05
있겠나,2,3.394951706811971e-05
괜찮았다,2,3.394951706811971e-05
이상한데,2,3.394951706811971e-05
오신,2,3.394951706811971e-05
의인화,2,3.394951706811971e-05
쇼핑백이,2,3.394951706811971e-05
역체감,2,3.394951706811971e-05
노트북이었어서,2,3.394951706811971e-05
280만원짜리,2,3.394951706811971e-05
탭으로도,2,3.394951706811971e-05
터치패드도,2,3.394951706811971e-05
안가벼운건지,2,3.394951706811971e-05
가벼운지,2,3.394951706811971e-05
4년만에,2,3.394951706811971e-05
만지는거라,2,3.394951706811971e-05
모던하네,2,3.394951706811971e-05
같으면서도,2,3.394951706811971e-05
뽀짝한것,2,3.394951706811971e-05
깔끔하당,2,3.394951706811971e-05
오오,2,3.394951706811971e-05
보내주는게,2,3.394951706811971e-05
윈도우깔아서,2,3.394951706811971e-05
커브드모니터가,2,3.394951706811971e-05
가만,2,3.394951706811971e-05
터치패드가,2,3.394951706811971e-05
개시는,2,3.394951706811971e-05
가기전에,2,3.394951706811971e-05
그러니,2,3.394951706811971e-05
오래걸렸다,2,3.394951706811971e-05
들정도로,2,3.394951706811971e-05
되는거,2,3.394951706811971e-05
오래걸림,2,3.394951706811971e-05
말리겠다,2,3.394951706811971e-05
격하게,2,3.394951706811971e-05
놀러가서,2,3.394951706811971e-05
카페나,2,3.394951706811971e-05
혹시라도,2,3.394951706811971e-05
안느끼는게,2,3.394951706811971e-05
되었는데빛의,2,3.394951706811971e-05
출시가,2,3.394951706811971e-05
오로라,2,3.394951706811971e-05
샀다지,2,3.394951706811971e-05
반해서,2,3.394951706811971e-05
이거에,2,3.394951706811971e-05
뽐내는lg,2,3.394951706811971e-05
빛깔을,2,3.394951706811971e-05
벗겨보니,2,3.394951706811971e-05
외관파우치를,2,3.394951706811971e-05
따름이에요,2,3.394951706811971e-05
다가왔다,2,3.394951706811971e-05
그렇다보니,2,3.394951706811971e-05
입장인데,2,3.394951706811971e-05
분할화면이,2,3.394951706811971e-05
꿀리지,2,3.394951706811971e-05
본영상에서는,2,3.394951706811971e-05
되니까,2,3.394951706811971e-05
더딘거,2,3.394951706811971e-05
되는게,2,3.394951706811971e-05
얼굴인식이,2,3.394951706811971e-05
로딩시간은,2,3.394951706811971e-05
자체도,2,3.394951706811971e-05
보여지는,2,3.394951706811971e-05
다웠다,2,3.394951706811971e-05
명성,2,3.394951706811971e-05
탁월하다던데,2,3.394951706811971e-05
생각했던,2,3.394951706811971e-05
붉은빛,2,3.394951706811971e-05
다르게푸른빛,2,3.394951706811971e-05
각도에,2,3.394951706811971e-05
양과,2,3.394951706811971e-05
효율ai,2,3.394951706811971e-05
향상된,2,3.394951706811971e-05
세대보다,2,3.394951706811971e-05
시원함최신,2,3.394951706811971e-05
감상용으로,2,3.394951706811971e-05
넷플릭스,2,3.394951706811971e-05
멀티태스킹,2,3.394951706811971e-05
공간문서,2,3.394951706811971e-05
없음큰,2,3.394951706811971e-05
이동용으로도,2,3.394951706811971e-05
경량학생,2,3.394951706811971e-05
17인치임에도,2,3.394951706811971e-05
35kg,2,3.394951706811971e-05
장점가벼운,2,3.394951706811971e-05
4장,2,3.394951706811971e-05
늦었다,2,3.394951706811971e-05
단점고가의,2,3.394951706811971e-05
탑재바로,2,3.394951706811971e-05
탄탄윈도우,2,3.394951706811971e-05
기본기,2,3.394951706811971e-05
구성hdmi,2,3.394951706811971e-05
가능다양한,2,3.394951706811971e-05
버티는,2,3.394951706811971e-05
전후어댑터,2,3.394951706811971e-05
유리대용량,2,3.394951706811971e-05
확보에,2,3.394951706811971e-05
저장공간,2,3.394951706811971e-05
구성작업속도와,2,3.394951706811971e-05
우수듀얼,2,3.394951706811971e-05
확장성도,2,3.394951706811971e-05
가능빠른,2,3.394951706811971e-05
가속,2,3.394951706811971e-05
작동게이밍에,2,3.394951706811971e-05
민감하게,2,3.394951706811971e-05
권장발열고사양,2,3.394951706811971e-05
감상에는,2,3.394951706811971e-05
있음영화나,2,3.394951706811971e-05
평가,2,3.394951706811971e-05
부족하다는,2,3.394951706811971e-05
저음,2,3.394951706811971e-05
빈약볼륨,2,3.394951706811971e-05
음질이,2,3.394951706811971e-05
포함스피커,2,3.394951706811971e-05
프리미엄과,2,3.394951706811971e-05
비쌈브랜드,2,3.394951706811971e-05
중에서는,2,3.394951706811971e-05
성능의,2,3.394951706811971e-05
190만,2,3.394951706811971e-05
4nm에서,2,3.394951706811971e-05
snapdragon,2,3.394951706811971e-05
990pro,1,1.6974758534059854e-05
묶었,1,1.6974758534059854e-05
번들링,1,1.6974758534059854e-05
반도체,1,1.6974758534059854e-05
비즈니스를,1,1.6974758534059854e-05
개발하는,1,1.6974758534059854e-05
방법입니다,1,1.6974758534059854e-05
qualcomm은,1,1.6974758534059854e-05
또한베이스,1,1.6974758534059854e-05
가공의,1,1.6974758534059854e-05
불가능한,1,1.6974758534059854e-05
상품을,1,1.6974758534059854e-05
판매하는,1,1.6974758534059854e-05
상품과,1,1.6974758534059854e-05
qualcomm을,1,1.6974758534059854e-05
만들기,1,1.6974758534059854e-05
소통을,1,1.6974758534059854e-05
의사,1,1.6974758534059854e-05
가족과의,1,1.6974758534059854e-05
전환했는데,1,1.6974758534059854e-05
s10에서,1,1.6974758534059854e-05
시작하여,1,1.6974758534059854e-05
힘을,1,1.6974758534059854e-05
작동하는,1,1.6974758534059854e-05
해결하지,1,1.6974758534059854e-05
전개되는,1,1.6974758534059854e-05
괜찮지,1,1.6974758534059854e-05
터치는,1,1.6974758534059854e-05
반환하지,1,1.6974758534059854e-05
깨어있는,1,1.6974758534059854e-05
수면,1,1.6974758534059854e-05
노후,1,1.6974758534059854e-05
지속되는,1,1.6974758534059854e-05
13x,1,1.6974758534059854e-05
thinkbook,1,1.6974758534059854e-05
x86까지,1,1.6974758534059854e-05
제가,1,1.6974758534059854e-05
니트,1,1.6974758534059854e-05
불만도,1,1.6974758534059854e-05
gen10,1,1.6974758534059854e-05
기억하지,1,1.6974758534059854e-05
모델인지를,1,1.6974758534059854e-05
보이지만,1,1.6974758534059854e-05
비교는,1,1.6974758534059854e-05
len101y0063,1,1.6974758534059854e-05
inch,1,1.6974758534059854e-05
83f500cxix,1,1.6974758534059854e-05
어도비사용,1,1.6974758534059854e-05
생각없고,1,1.6974758534059854e-05
고민중입니다저는,1,1.6974758534059854e-05
156만원,1,1.6974758534059854e-05
기본형,1,1.6974758534059854e-05
140만원,1,1.6974758534059854e-05
지속되지,1,1.6974758534059854e-05
돌아,1,1.6974758534059854e-05
주말에,1,1.6974758534059854e-05
수명입니다,1,1.6974758534059854e-05
크로메이드에,1,1.6974758534059854e-05
고전력,1,1.6974758534059854e-05
dragonfly,1,1.6974758534059854e-05
비교하기,1,1.6974758534059854e-05
승리입니다,1,1.6974758534059854e-05
hp와,1,1.6974758534059854e-05
업데이트하고싶지만그럼,1,1.6974758534059854e-05
512기가로,1,1.6974758534059854e-05
업그레이드하고,1,1.6974758534059854e-05
16기가로,1,1.6974758534059854e-05
램도,1,1.6974758534059854e-05
마음같아선,1,1.6974758534059854e-05
150만원이더라구요,1,1.6974758534059854e-05
116만원,1,1.6974758534059854e-05
silicon에서,1,1.6974758534059854e-05
부탁드립니다,1,1.6974758534059854e-05
좋은선택지가,1,1.6974758534059854e-05
선택지말고,1,1.6974758534059854e-05
추천부탁드립니다,1,1.6974758534059854e-05
계시다면,1,1.6974758534059854e-05
구매하신분들,1,1.6974758534059854e-05
정도일거같네요혹시,1,1.6974758534059854e-05
가성비라는,1,1.6974758534059854e-05
얘기들하시더라구요,1,1.6974758534059854e-05
m1이,1,1.6974758534059854e-05
알아보고있는데가성비로,1,1.6974758534059854e-05
힘들어하는거같아서노트북,1,1.6974758534059854e-05
6년쓰던,1,1.6974758534059854e-05
도전해봐야겠네요,1,1.6974758534059854e-05
있다는데,1,1.6974758534059854e-05
evo인증이면,1,1.6974758534059854e-05
150만원,1,1.6974758534059854e-05
구매할만하더라구요8코어,1,1.6974758534059854e-05
156만원이여서,1,1.6974758534059854e-05
기본옵션은,1,1.6974758534059854e-05
맥북프로도,1,1.6974758534059854e-05
망설여지네요그리고,1,1.6974758534059854e-05
올라가서,1,1.6974758534059854e-05
답답함도,1,1.6974758534059854e-05
8gb보다,1,1.6974758534059854e-05
아이맥,1,1.6974758534059854e-05
탑재했지만,1,1.6974758534059854e-05
16gb메모리를,1,1.6974758534059854e-05
포기해야겠죠,1,1.6974758534059854e-05
않는건,1,1.6974758534059854e-05
1kg이,1,1.6974758534059854e-05
안되네요,1,1.6974758534059854e-05
쿨러소리,1,1.6974758534059854e-05
비교중인데7코어,1,1.6974758534059854e-05
구매하고싶어서,1,1.6974758534059854e-05
생각중인데150만원대에서,1,1.6974758534059854e-05
오다니,1,1.6974758534059854e-05
들을때가,1,1.6974758534059854e-05
소리를,1,1.6974758534059854e-05
떨어질줄이야,1,1.6974758534059854e-05
z16p보다,1,1.6974758534059854e-05
있지만제우스랩,1,1.6974758534059854e-05
높아져,1,1.6974758534059854e-05
눈높이가,1,1.6974758534059854e-05
프로라서,1,1.6974758534059854e-05
m2아이패드,1,1.6974758534059854e-05
m1아이맥,1,1.6974758534059854e-05
날줄이야,1,1.6974758534059854e-05
화질차이가,1,1.6974758534059854e-05
차이났었는데,1,1.6974758534059854e-05
붙어있던데,1,1.6974758534059854e-05
인증스티거,1,1.6974758534059854e-05
느껴지네요,1,1.6974758534059854e-05
이렇게만,1,1.6974758534059854e-05
써야겠죠,1,1.6974758534059854e-05
기대하는건,1,1.6974758534059854e-05
100만원짜리,1,1.6974758534059854e-05
줄알았죠,1,1.6974758534059854e-05
디스플레이가,1,1.6974758534059854e-05
그램이니까,1,1.6974758534059854e-05
결정적으로,1,1.6974758534059854e-05
s문제그리고,1,1.6974758534059854e-05
램용량이랑,1,1.6974758534059854e-05
윈도우랑,1,1.6974758534059854e-05
있기는,1,1.6974758534059854e-05
50만원대도,1,1.6974758534059854e-05
아이디어패드,1,1.6974758534059854e-05
인터넷창만,1,1.6974758534059854e-05
그램인데,1,1.6974758534059854e-05
23년형,1,1.6974758534059854e-05
울트라북도,1,1.6974758534059854e-05
한글까지,1,1.6974758534059854e-05
장착한,1,1.6974758534059854e-05
i5를,1,1.6974758534059854e-05
공공기관,1,1.6974758534059854e-05
제한되죠,1,1.6974758534059854e-05
지원해주는게,1,1.6974758534059854e-05
일본주식까지,1,1.6974758534059854e-05
기반으로는,1,1.6974758534059854e-05
투자도,1,1.6974758534059854e-05
주식시장에,1,1.6974758534059854e-05
안좋죠,1,1.6974758534059854e-05
구독할까도,1,1.6974758534059854e-05
맥용,1,1.6974758534059854e-05
10만원정도,1,1.6974758534059854e-05
기본모델이랑,1,1.6974758534059854e-05
아니였던거,1,1.6974758534059854e-05
한국에서는,1,1.6974758534059854e-05
사용해오다가,1,1.6974758534059854e-05
몇년간,1,1.6974758534059854e-05
아이맥과,1,1.6974758534059854e-05
이상입니다,1,1.6974758534059854e-05
괴리감이,1,1.6974758534059854e-05
자랑하고,1,1.6974758534059854e-05
저만,1,1.6974758534059854e-05
타이밍에,1,1.6974758534059854e-05
올리실,1,1.6974758534059854e-05
터치하면서,1,1.6974758534059854e-05
갈구고,1,1.6974758534059854e-05
괜찮기도,1,1.6974758534059854e-05
해야겠습니다,1,1.6974758534059854e-05
100만원정도에,1,1.6974758534059854e-05
할인받고,1,1.6974758534059854e-05
보여주네요,1,1.6974758534059854e-05
쓰건,1,1.6974758534059854e-05
붙이건,1,1.6974758534059854e-05
필름을,1,1.6974758534059854e-05
나쁘지만,1,1.6974758534059854e-05
반사방지가,1,1.6974758534059854e-05
했네요,1,1.6974758534059854e-05
상태,1,1.6974758534059854e-05
가깝게,1,1.6974758534059854e-05
반값,1,1.6974758534059854e-05
340만원에,1,1.6974758534059854e-05
다녀도,1,1.6974758534059854e-05
9와,1,1.6974758534059854e-05
이말입니다,1,1.6974758534059854e-05
2kg이,1,1.6974758534059854e-05
필요하네요,1,1.6974758534059854e-05
꿇리지,1,1.6974758534059854e-05
노트북계에서는,1,1.6974758534059854e-05
좋다고는,1,1.6974758534059854e-05
프로에,1,1.6974758534059854e-05
거였는데,1,1.6974758534059854e-05
탑재하고,1,1.6974758534059854e-05
4000번대를,1,1.6974758534059854e-05
무겁지만,1,1.6974758534059854e-05
그램보다야,1,1.6974758534059854e-05
탑재하고도,1,1.6974758534059854e-05
편이였습니다,1,1.6974758534059854e-05
77kg으로,1,1.6974758534059854e-05
실측,1,1.6974758534059854e-05
치곤,1,1.6974758534059854e-05
13700h를,1,1.6974758534059854e-05
4050에,1,1.6974758534059854e-05
돌려주고,1,1.6974758534059854e-05
같습니다롤,1,1.6974758534059854e-05
넘어온,1,1.6974758534059854e-05
상당했습니다,1,1.6974758534059854e-05
스피커도,1,1.6974758534059854e-05
좋습니다이,1,1.6974758534059854e-05
섭님,1,1.6974758534059854e-05
해체쇼는,1,1.6974758534059854e-05
분해하진,1,1.6974758534059854e-05
워런티가,1,1.6974758534059854e-05
분해해서,1,1.6974758534059854e-05
이해합니다,1,1.6974758534059854e-05
스테이션이니,1,1.6974758534059854e-05
60w인,1,1.6974758534059854e-05
tgp가,1,1.6974758534059854e-05
나오지,1,1.6974758534059854e-05
아니지,1,1.6974758534059854e-05
미대생이,1,1.6974758534059854e-05
4050까지,1,1.6974758534059854e-05
나고,1,1.6974758534059854e-05
어마어마하게,1,1.6974758534059854e-05
쓰레드,1,1.6974758534059854e-05
24gb나,1,1.6974758534059854e-05
올랐고,1,1.6974758534059854e-05
i7급으로,1,1.6974758534059854e-05
1135g7에서,1,1.6974758534059854e-05
탑재했습니다,1,1.6974758534059854e-05
ram을,1,1.6974758534059854e-05
노트북만큼,1,1.6974758534059854e-05
여느,1,1.6974758534059854e-05
외장그래픽을,1,1.6974758534059854e-05
50급,1,1.6974758534059854e-05
만족한다고,1,1.6974758534059854e-05
기준도,1,1.6974758534059854e-05
쨍하고,1,1.6974758534059854e-05
비슷비슷하지만,1,1.6974758534059854e-05
화질은,1,1.6974758534059854e-05
탑재하여,1,1.6974758534059854e-05
2x,1,1.6974758534059854e-05
프로텍터,1,1.6974758534059854e-05
목적으로,1,1.6974758534059854e-05
그녀의,1,1.6974758534059854e-05
나와,1,1.6974758534059854e-05
등에서,1,1.6974758534059854e-05
문맥,1,1.6974758534059854e-05
그거,1,1.6974758534059854e-05
넘쳤으니,1,1.6974758534059854e-05
자료는,1,1.6974758534059854e-05
적응하면,1,1.6974758534059854e-05
얕은,1,1.6974758534059854e-05
깊이가,1,1.6974758534059854e-05
스트로크의,1,1.6974758534059854e-05
없었는지,1,1.6974758534059854e-05
공간은,1,1.6974758534059854e-05
스트로크를,1,1.6974758534059854e-05
쓴다고는,1,1.6974758534059854e-05
나는데,1,1.6974758534059854e-05
13700h에,1,1.6974758534059854e-05
보여드리자면,1,1.6974758534059854e-05
크더라고요사양을,1,1.6974758534059854e-05
안될,1,1.6974758534059854e-05
120hz는,1,1.6974758534059854e-05
부담스럽습니다,1,1.6974758534059854e-05
편안하네요,1,1.6974758534059854e-05
전체적인,1,1.6974758534059854e-05
타건감도,1,1.6974758534059854e-05
강해서,1,1.6974758534059854e-05
울트라는,1,1.6974758534059854e-05
키감을,1,1.6974758534059854e-05
쫀득쫀득한,1,1.6974758534059854e-05
낮아도,1,1.6974758534059854e-05
그램쪽입니다,1,1.6974758534059854e-05
비교해보도록,1,1.6974758534059854e-05
칭찬한,1,1.6974758534059854e-05
amoled,1,1.6974758534059854e-05
다이내믹,1,1.6974758534059854e-05
lcd패널을,1,1.6974758534059854e-05
드리겠습니다,1,1.6974758534059854e-05
말씀을,1,1.6974758534059854e-05
괜찮아지겠지요,1,1.6974758534059854e-05
고정시켜주고,1,1.6974758534059854e-05
바꿔오다그램을,1,1.6974758534059854e-05
울트라로,1,1.6974758534059854e-05
버리고,1,1.6974758534059854e-05
펴기그램,1,1.6974758534059854e-05
재생0접기,1,1.6974758534059854e-05
어마어마하네요,1,1.6974758534059854e-05
차이도,1,1.6974758534059854e-05
맛입니다,1,1.6974758534059854e-05
배경화면이,1,1.6974758534059854e-05
검은,1,1.6974758534059854e-05
패널은,1,1.6974758534059854e-05
중요한건데,1,1.6974758534059854e-05
떼어버렸습니다,1,1.6974758534059854e-05
이렇게나,1,1.6974758534059854e-05
두꺼운,1,1.6974758534059854e-05
즐길,1,1.6974758534059854e-05
충전과,1,1.6974758534059854e-05
다행히도,1,1.6974758534059854e-05
충전이,1,1.6974758534059854e-05
판매자분이,1,1.6974758534059854e-05
붙어있어야,1,1.6974758534059854e-05
내부에,1,1.6974758534059854e-05
확실한,1,1.6974758534059854e-05
거울보다,1,1.6974758534059854e-05
광활한,1,1.6974758534059854e-05
텐키를,1,1.6974758534059854e-05
통합키와,1,1.6974758534059854e-05
당연합니다,1,1.6974758534059854e-05
배분도,1,1.6974758534059854e-05
있더라고요,1,1.6974758534059854e-05
열어야,1,1.6974758534059854e-05
모르겠디만,1,1.6974758534059854e-05
고가여서,1,1.6974758534059854e-05
아침이에요제가,1,1.6974758534059854e-05
13세대안녕하세요,1,1.6974758534059854e-05
추천lg전자,1,1.6974758534059854e-05
상판을,1,1.6974758534059854e-05
강한지,1,1.6974758534059854e-05
내장된,1,1.6974758534059854e-05
상판과,1,1.6974758534059854e-05
보여드리겠습니다,1,1.6974758534059854e-05
안쪽을,1,1.6974758534059854e-05
길쭉하네요,1,1.6974758534059854e-05
그릴도,1,1.6974758534059854e-05
뚫려,1,1.6974758534059854e-05
타공이,1,1.6974758534059854e-05
후면에는,1,1.6974758534059854e-05
이용하다가이제는,1,1.6974758534059854e-05
하고너무너무,1,1.6974758534059854e-05
빌려,1,1.6974758534059854e-05
c타입의,1,1.6974758534059854e-05
두개가,1,1.6974758534059854e-05
좌측면에는,1,1.6974758534059854e-05
다행입니다,1,1.6974758534059854e-05
살아있다니,1,1.6974758534059854e-05
편이였는데,1,1.6974758534059854e-05
microsd를,1,1.6974758534059854e-05
이어폰과,1,1.6974758534059854e-05
슬롯이,1,1.6974758534059854e-05
a타입,1,1.6974758534059854e-05
단자와,1,1.6974758534059854e-05
우측면에는,1,1.6974758534059854e-05
마감은,1,1.6974758534059854e-05
좋지만직접,1,1.6974758534059854e-05
싸고,1,1.6974758534059854e-05
배송받는,1,1.6974758534059854e-05
알아봐서인터넷으로,1,1.6974758534059854e-05
제품만,1,1.6974758534059854e-05
사려면,1,1.6974758534059854e-05
사심잔뜩,1,1.6974758534059854e-05
고민하다가큰마음,1,1.6974758534059854e-05
많아져서한참을,1,1.6974758534059854e-05
순간들이,1,1.6974758534059854e-05
보니컴퓨터가,1,1.6974758534059854e-05
쓰다,1,1.6974758534059854e-05
생각조차,1,1.6974758534059854e-05
차마,1,1.6974758534059854e-05
느껴도,1,1.6974758534059854e-05
되었습니다업무할,1,1.6974758534059854e-05
그이의,1,1.6974758534059854e-05
몰랐답니다,1,1.6974758534059854e-05
똑똑인,1,1.6974758534059854e-05
순간이었는데요컴퓨터에,1,1.6974758534059854e-05
매력을느끼게,1,1.6974758534059854e-05
남편의,1,1.6974758534059854e-05
평상시,1,1.6974758534059854e-05
함께동행해,1,1.6974758534059854e-05
돌아다녔습니다컴퓨터에,1,1.6974758534059854e-05
정도직접,1,1.6974758534059854e-05
4군데,1,1.6974758534059854e-05
lg베스트샵을,1,1.6974758534059854e-05
나면주변에,1,1.6974758534059854e-05
틈만,1,1.6974758534059854e-05
싶어,1,1.6974758534059854e-05
테스트하고여기저기,1,1.6974758534059854e-05
가성비였답니다,1,1.6974758534059854e-05
선정기준이었습니다그리고,1,1.6974758534059854e-05
번째가,1,1.6974758534059854e-05
좋아져서첫,1,1.6974758534059854e-05
달라집니다,1,1.6974758534059854e-05
따라구매가,1,1.6974758534059854e-05
할지에,1,1.6974758534059854e-05
다른데무엇을,1,1.6974758534059854e-05
기준이,1,1.6974758534059854e-05
사고자,1,1.6974758534059854e-05
먹었어요사람마다,1,1.6974758534059854e-05
구매하기로마음을,1,1.6974758534059854e-05
6개,1,1.6974758534059854e-05
뛰어서총,1,1.6974758534059854e-05
칭찬해,1,1.6974758534059854e-05
본업,1,1.6974758534059854e-05
여섯,1,1.6974758534059854e-05
가성비좋은노트북구매처이,1,1.6974758534059854e-05
노트북구매처,1,1.6974758534059854e-05
노트북구매사용후기,1,1.6974758534059854e-05
노트북구매추천,1,1.6974758534059854e-05
노트북사용후기,1,1.6974758534059854e-05
노트북구매후기,1,1.6974758534059854e-05
노트북구매,1,1.6974758534059854e-05
예쁘고,1,1.6974758534059854e-05
제품4,1,1.6974758534059854e-05
것3,1,1.6974758534059854e-05
내구성과,1,1.6974758534059854e-05
것2,1,1.6974758534059854e-05
해요1,1,1.6974758534059854e-05
본다고,1,1.6974758534059854e-05
보통은,1,1.6974758534059854e-05
향했습니다,1,1.6974758534059854e-05
5층으로,1,1.6974758534059854e-05
월드컵점,1,1.6974758534059854e-05
하이마트상암,1,1.6974758534059854e-05
편이었어요그렇게,1,1.6974758534059854e-05
하니다른데,1,1.6974758534059854e-05
깔려준다고,1,1.6974758534059854e-05
문서까지,1,1.6974758534059854e-05
심지어오피스,1,1.6974758534059854e-05
i5에,1,1.6974758534059854e-05
512gb에다가,1,1.6974758534059854e-05
저장이,1,1.6974758534059854e-05
모델이었는데크기가,1,1.6974758534059854e-05
단독,1,1.6974758534059854e-05
된노트북은,1,1.6974758534059854e-05
간추려서,1,1.6974758534059854e-05
응답속도,1,1.6974758534059854e-05
가능하고주사율,1,1.6974758534059854e-05
갔는지,1,1.6974758534059854e-05
금이,1,1.6974758534059854e-05
검색미리,1,1.6974758534059854e-05
불량화소,1,1.6974758534059854e-05
전에구글에서,1,1.6974758534059854e-05
사기,1,1.6974758534059854e-05
보이더라구요짝꿍이,1,1.6974758534059854e-05
하나만,1,1.6974758534059854e-05
났는데저는,1,1.6974758534059854e-05
상품도가격,1,1.6974758534059854e-05
특가,1,1.6974758534059854e-05
방문했어요16인치로,1,1.6974758534059854e-05
방문했는데,1,1.6974758534059854e-05
아침에,1,1.6974758534059854e-05
000원을,1,1.6974758534059854e-05
이내의무상보증,1,1.6974758534059854e-05
작성하고기존,1,1.6974758534059854e-05
차근차근,1,1.6974758534059854e-05
동의서를,1,1.6974758534059854e-05
두근두근두근사기,1,1.6974758534059854e-05
삽니다,1,1.6974758534059854e-05
두둔,1,1.6974758534059854e-05
좋습니다lg,1,1.6974758534059854e-05
노트북은화질도,1,1.6974758534059854e-05
사려던,1,1.6974758534059854e-05
좋답니다제가,1,1.6974758534059854e-05
후구매하시는,1,1.6974758534059854e-05
시도,1,1.6974758534059854e-05
테스트등,1,1.6974758534059854e-05
테스트음량,1,1.6974758534059854e-05
충전기선이,1,1.6974758534059854e-05
구성상자,1,1.6974758534059854e-05
lg그램내용,1,1.6974758534059854e-05
인강노트북추천,1,1.6974758534059854e-05
대학생노트북추천,1,1.6974758534059854e-05
직장인노트북추천,1,1.6974758534059854e-05
휴대하기좋은노트북,1,1.6974758534059854e-05
벌어야겠습니당,1,1.6974758534059854e-05
파르르,1,1.6974758534059854e-05
떨릴까요,1,1.6974758534059854e-05
이리,1,1.6974758534059854e-05
순간은왜,1,1.6974758534059854e-05
빠져나가는,1,1.6974758534059854e-05
돈이,1,1.6974758534059854e-05
되었습니다하,1,1.6974758534059854e-05
더해구매하게,1,1.6974758534059854e-05
번째로는,1,1.6974758534059854e-05
대하고,1,1.6974758534059854e-05
다루듯소중히,1,1.6974758534059854e-05
애기,1,1.6974758534059854e-05
떨리고,1,1.6974758534059854e-05
애지중지할지두근두근,1,1.6974758534059854e-05
메인본,1,1.6974758534059854e-05
만들어봐야겠어요2,1,1.6974758534059854e-05
귀여운받침대,1,1.6974758534059854e-05
상자와,1,1.6974758534059854e-05
먼저는,1,1.6974758534059854e-05
볼까요,1,1.6974758534059854e-05
개시해,1,1.6974758534059854e-05
구체적으로,1,1.6974758534059854e-05
한글문서까지받았습니다조금,1,1.6974758534059854e-05
들어있고이렇게,1,1.6974758534059854e-05
있었습니다5,1,1.6974758534059854e-05
usb도함께,1,1.6974758534059854e-05
사용법안에,1,1.6974758534059854e-05
25접기,1,1.6974758534059854e-05
사용법재생15좋아요200,1,1.6974758534059854e-05
있어요노트북,1,1.6974758534059854e-05
넣으실,1,1.6974758534059854e-05
개봉해끼워,1,1.6974758534059854e-05
건전지를,1,1.6974758534059854e-05
자연스럽게마우스,1,1.6974758534059854e-05
당기면,1,1.6974758534059854e-05
마우스스티커,1,1.6974758534059854e-05
보였어요4,1,1.6974758534059854e-05
튼튼해,1,1.6974758534059854e-05
묵직하면서도,1,1.6974758534059854e-05
케이블선,1,1.6974758534059854e-05
빠져나간,1,1.6974758534059854e-05
우르르,1,1.6974758534059854e-05
고마워요돈이,1,1.6974758534059854e-05
시작했습니다도와준,1,1.6974758534059854e-05
마음으로업데이트와,1,1.6974758534059854e-05
신나는,1,1.6974758534059854e-05
있다는사실이,1,1.6974758534059854e-05
이용할,1,1.6974758534059854e-05
한글문서를영구적으로,1,1.6974758534059854e-05
오피스와,1,1.6974758534059854e-05
받아마이크로소프트,1,1.6974758534059854e-05
한꺼번에,1,1.6974758534059854e-05
받고여기서,1,1.6974758534059854e-05
주셨습니다특별히,1,1.6974758534059854e-05
있는팩까지,1,1.6974758534059854e-05
그다음은,1,1.6974758534059854e-05
노트북후기,1,1.6974758534059854e-05
노트북내돈내산,1,1.6974758534059854e-05
그램노트북추천,1,1.6974758534059854e-05
31접기,1,1.6974758534059854e-05
그램재생19좋아요300,1,1.6974758534059854e-05
좋아서완벽하게,1,1.6974758534059854e-05
화질도,1,1.6974758534059854e-05
좋고성능도,1,1.6974758534059854e-05
보자면지금까지,1,1.6974758534059854e-05
안고깡충깡충,1,1.6974758534059854e-05
한아름,1,1.6974758534059854e-05
안고,1,1.6974758534059854e-05
들떴나봅니다,1,1.6974758534059854e-05
몰려왔지만,1,1.6974758534059854e-05
즐거움이동시에,1,1.6974758534059854e-05
슬픔과예쁜,1,1.6974758534059854e-05
좋겠습니다많은,1,1.6974758534059854e-05
믿고잘,1,1.6974758534059854e-05
결정을,1,1.6974758534059854e-05
사용한내돈내산후기입니다각자의,1,1.6974758534059854e-05
강추하는,1,1.6974758534059854e-05
대학생들에게,1,1.6974758534059854e-05
편해서회사원과,1,1.6974758534059854e-05
다니기에도,1,1.6974758534059854e-05
듣기에도,1,1.6974758534059854e-05
노트북화면인강,1,1.6974758534059854e-05
노트북저렴,1,1.6974758534059854e-05
싼노트북,1,1.6974758534059854e-05
컴퓨터추천,1,1.6974758534059854e-05
노트북내돈내산후기,1,1.6974758534059854e-05
노트북내돈내산리뷰,1,1.6974758534059854e-05
노트북리뷰,1,1.6974758534059854e-05
익일,1,1.6974758534059854e-05
배송기간,1,1.6974758534059854e-05
구매처,1,1.6974758534059854e-05
구매하고자,1,1.6974758534059854e-05
금액에,1,1.6974758534059854e-05
결심,1,1.6974758534059854e-05
1년간,1,1.6974758534059854e-05
어려워서,1,1.6974758534059854e-05
작동이,1,1.6974758534059854e-05
원활한,1,1.6974758534059854e-05
10년이,1,1.6974758534059854e-05
사유,1,1.6974758534059854e-05
ga5ck구매,1,1.6974758534059854e-05
17인치17z90s,1,1.6974758534059854e-05
10년만에,1,1.6974758534059854e-05
바라며오늘도,1,1.6974758534059854e-05
우측에는,1,1.6974758534059854e-05
좌측에는,1,1.6974758534059854e-05
개봉하니,1,1.6974758534059854e-05
제법,1,1.6974758534059854e-05
애매,1,1.6974758534059854e-05
올리기에는,1,1.6974758534059854e-05
책상에,1,1.6974758534059854e-05
나온다,1,1.6974758534059854e-05
포장된,1,1.6974758534059854e-05
개봉하면,1,1.6974758534059854e-05
구매배송된,1,1.6974758534059854e-05
월급으로,1,1.6974758534059854e-05
통장,1,1.6974758534059854e-05
인증내,1,1.6974758534059854e-05
적용가,1,1.6974758534059854e-05
도착,1,1.6974758534059854e-05
지출은,1,1.6974758534059854e-05
자질구레한,1,1.6974758534059854e-05
그램새롭고,1,1.6974758534059854e-05
레노버만,1,1.6974758534059854e-05
생채기,1,1.6974758534059854e-05
커버큰,1,1.6974758534059854e-05
구매하게된,1,1.6974758534059854e-05
덮개가필요하겠단,1,1.6974758534059854e-05
새하얘서,1,1.6974758534059854e-05
형태로나오는구나,1,1.6974758534059854e-05
충전기도,1,1.6974758534059854e-05
노트북요즘은,1,1.6974758534059854e-05
색상으로된,1,1.6974758534059854e-05
설명서화이트,1,1.6974758534059854e-05
동봉된,1,1.6974758534059854e-05
하단에,1,1.6974758534059854e-05
컸는데,1,1.6974758534059854e-05
해야겠다는,1,1.6974758534059854e-05
삼성이나,1,1.6974758534059854e-05
구매한다면,1,1.6974758534059854e-05
다음에,1,1.6974758534059854e-05
불편함이었다,1,1.6974758534059854e-05
받는것에,1,1.6974758534059854e-05
레노버를,1,1.6974758534059854e-05
소요되었던것,1,1.6974758534059854e-05
구매하는데에,1,1.6974758534059854e-05
생긴다,1,1.6974758534059854e-05
망설임이,1,1.6974758534059854e-05
고민과,1,1.6974758534059854e-05
액수가,1,1.6974758534059854e-05
100만원이,1,1.6974758534059854e-05
망설임,1,1.6974758534059854e-05
쿨톤,1,1.6974758534059854e-05
떨어뜨린,1,1.6974758534059854e-05
한방울을,1,1.6974758534059854e-05
퍼플,1,1.6974758534059854e-05
블랙에,1,1.6974758534059854e-05
농도,1,1.6974758534059854e-05
안되어서,1,1.6974758534059854e-05
생겼던것,1,1.6974758534059854e-05
친숙함이,1,1.6974758534059854e-05
깔끔해서,1,1.6974758534059854e-05
내부적인,1,1.6974758534059854e-05
그램이라서,1,1.6974758534059854e-05
것이었는데,1,1.6974758534059854e-05
대다수의,1,1.6974758534059854e-05
엘지를,1,1.6974758534059854e-05
고심끝에,1,1.6974758534059854e-05
노트북이라는,1,1.6974758534059854e-05
보았을때,1,1.6974758534059854e-05
들지는,1,1.6974758534059854e-05
해야겠다,1,1.6974758534059854e-05
권유,1,1.6974758534059854e-05
주변에,1,1.6974758534059854e-05
아니라서,1,1.6974758534059854e-05
있었는데요,1,1.6974758534059854e-05
지적한,1,1.6974758534059854e-05
마감을,1,1.6974758534059854e-05
360의,1,1.6974758534059854e-05
듯한,1,1.6974758534059854e-05
노치를,1,1.6974758534059854e-05
도톰한,1,1.6974758534059854e-05
각지고,1,1.6974758534059854e-05
뒷쪽은,1,1.6974758534059854e-05
시청,1,1.6974758534059854e-05
하는거라곤,1,1.6974758534059854e-05
시작함,1,1.6974758534059854e-05
찾아보기,1,1.6974758534059854e-05
낫겠다,1,1.6974758534059854e-05
후고치는,1,1.6974758534059854e-05
나가버린것임,1,1.6974758534059854e-05
액정이,1,1.6974758534059854e-05
해보까,1,1.6974758534059854e-05
소소하게,1,1.6974758534059854e-05
언니가,1,1.6974758534059854e-05
말고는,1,1.6974758534059854e-05
핸드폰,1,1.6974758534059854e-05
흑흑나는,1,1.6974758534059854e-05
고장나버렸다,1,1.6974758534059854e-05
쯤인가,1,1.6974758534059854e-05
들어오면,1,1.6974758534059854e-05
리퍼제품이긴,1,1.6974758534059854e-05
com들어가자마자,1,1.6974758534059854e-05
refurlab,1,1.6974758534059854e-05
s보장www,1,1.6974758534059854e-05
환불보장,1,1.6974758534059854e-05
a급,1,1.6974758534059854e-05
리퍼,1,1.6974758534059854e-05
리퍼비시,1,1.6974758534059854e-05
리퍼연구소프리미엄,1,1.6974758534059854e-05
클릭,1,1.6974758534059854e-05
주소는,1,1.6974758534059854e-05
되었음사이트,1,1.6974758534059854e-05
리퍼연구소를,1,1.6974758534059854e-05
검색하다가,1,1.6974758534059854e-05
정도라,1,1.6974758534059854e-05
들어가자마자,1,1.6974758534059854e-05
구분되어,1,1.6974758534059854e-05
가격대별로,1,1.6974758534059854e-05
들어가면,1,1.6974758534059854e-05
딱이야사이트에,1,1.6974758534059854e-05
잘내는,1,1.6974758534059854e-05
믿을만하다고,1,1.6974758534059854e-05
끝낼,1,1.6974758534059854e-05
팔면,1,1.6974758534059854e-05
리퍼로,1,1.6974758534059854e-05
팔거나,1,1.6974758534059854e-05
없었음,1,1.6974758534059854e-05
상관이,1,1.6974758534059854e-05
알기,1,1.6974758534059854e-05
굉장한,1,1.6974758534059854e-05
안돼서,1,1.6974758534059854e-05
까본,1,1.6974758534059854e-05
진섭이,1,1.6974758534059854e-05
새거,1,1.6974758534059854e-05
많은듯,1,1.6974758534059854e-05
놋북사진,1,1.6974758534059854e-05
신났따이제,1,1.6974758534059854e-05
미쳤고,1,1.6974758534059854e-05
당일택배,1,1.6974758534059854e-05
서울은,1,1.6974758534059854e-05
꺄심지어,1,1.6974758534059854e-05
70마넌이라니,1,1.6974758534059854e-05
09kg,1,1.6974758534059854e-05
저것,1,1.6974758534059854e-05
쓰고있는,1,1.6974758534059854e-05
샀음,1,1.6974758534059854e-05
꽂히는걸로,1,1.6974758534059854e-05
키스킨이,1,1.6974758534059854e-05
한건데,1,1.6974758534059854e-05
오른쪽이,1,1.6974758534059854e-05
무료증정해줌,1,1.6974758534059854e-05
키스킨을,1,1.6974758534059854e-05
참고하면,1,1.6974758534059854e-05
올라와있으니까,1,1.6974758534059854e-05
포장,1,1.6974758534059854e-05
잘되어온다리퍼연구소에,1,1.6974758534059854e-05
포장은,1,1.6974758534059854e-05
버렸음,1,1.6974758534059854e-05
찍고,1,1.6974758534059854e-05
동영상이랑,1,1.6974758534059854e-05
하는것부터,1,1.6974758534059854e-05
새제품,1,1.6974758534059854e-05
깨끗했고,1,1.6974758534059854e-05
화질유튜브,1,1.6974758534059854e-05
13유튜브,1,1.6974758534059854e-05
화질재생22좋아요000,1,1.6974758534059854e-05
쓸만함유튜브,1,1.6974758534059854e-05
않구,1,1.6974758534059854e-05
비싼건,1,1.6974758534059854e-05
마우스라,1,1.6974758534059854e-05
무소음,1,1.6974758534059854e-05
마우스인데,1,1.6974758534059854e-05
마우스무료로,1,1.6974758534059854e-05
증정,1,1.6974758534059854e-05
티안나서,1,1.6974758534059854e-05
싶어지는데,1,1.6974758534059854e-05
두꺼우면,1,1.6974758534059854e-05
안났다,1,1.6974758534059854e-05
어딨어,1,1.6974758534059854e-05
아침이다,1,1.6974758534059854e-05
함께하는,1,1.6974758534059854e-05
예뿌고,1,1.6974758534059854e-05
아침헤헤헤,1,1.6974758534059854e-05
좀만,1,1.6974758534059854e-05
구매하는걸,1,1.6974758534059854e-05
더주고,1,1.6974758534059854e-05
다른데서,1,1.6974758534059854e-05
않아보여서,1,1.6974758534059854e-05
그닥,1,1.6974758534059854e-05
질이,1,1.6974758534059854e-05
쿨러이건,1,1.6974758534059854e-05
히히18,1,1.6974758534059854e-05
훌륭,1,1.6974758534059854e-05
굿이,1,1.6974758534059854e-05
화질,1,1.6974758534059854e-05
예정이지만,1,1.6974758534059854e-05
위주일,1,1.6974758534059854e-05
맛집과,1,1.6974758534059854e-05
프로입니다,1,1.6974758534059854e-05
될lg,1,1.6974758534059854e-05
제품리뷰가,1,1.6974758534059854e-05
히히히,1,1.6974758534059854e-05
고마워,1,1.6974758534059854e-05
섭아,1,1.6974758534059854e-05
추천해준,1,1.6974758534059854e-05
안뇨오오옹,1,1.6974758534059854e-05
리퍼연구소,1,1.6974758534059854e-05
사세여,1,1.6974758534059854e-05
늦출뿐,1,1.6974758534059854e-05
배송만,1,1.6974758534059854e-05
고민은,1,1.6974758534059854e-05
맞죠,1,1.6974758534059854e-05
넣고새것처럼,1,1.6974758534059854e-05
후에돌아가셨어요,1,1.6974758534059854e-05
확인하신,1,1.6974758534059854e-05
작동되는지,1,1.6974758534059854e-05
후잘,1,1.6974758534059854e-05
배송해주셨고와이파이,1,1.6974758534059854e-05
찍으시길래,1,1.6974758534059854e-05
바탕에서,1,1.6974758534059854e-05
어렵네요,1,1.6974758534059854e-05
올려드리는따끈따끈한,1,1.6974758534059854e-05
후오늘,1,1.6974758534059854e-05
올려보도록,1,1.6974758534059854e-05
빠질,1,1.6974758534059854e-05
제품리뷰도,1,1.6974758534059854e-05
블로거라면,1,1.6974758534059854e-05
야외에,1,1.6974758534059854e-05
무게까지,1,1.6974758534059854e-05
2kg밖에,1,1.6974758534059854e-05
달라붙어서느낌이,1,1.6974758534059854e-05
쫀득하게,1,1.6974758534059854e-05
편이고키보드도,1,1.6974758534059854e-05
6인치로,1,1.6974758534059854e-05
라인이지만노트북만은,1,1.6974758534059854e-05
거라이미,1,1.6974758534059854e-05
모델이고저도,1,1.6974758534059854e-05
인기가,1,1.6974758534059854e-05
기다려야,1,1.6974758534059854e-05
판매되어서하루를,1,1.6974758534059854e-05
싶었는데주말동안,1,1.6974758534059854e-05
데려오고,1,1.6974758534059854e-05
이웃님들,1,1.6974758534059854e-05
설명만,1,1.6974758534059854e-05
안맞나봐요,1,1.6974758534059854e-05
저랑,1,1.6974758534059854e-05
제품리뷰는,1,1.6974758534059854e-05
꽂혀,1,1.6974758534059854e-05
콜라가,1,1.6974758534059854e-05
치자면치킨무와,1,1.6974758534059854e-05
치킨박스로,1,1.6974758534059854e-05
않는다고,1,1.6974758534059854e-05
생산을,1,1.6974758534059854e-05
받았었는데지금은,1,1.6974758534059854e-05
가방까지,1,1.6974758534059854e-05
당시에는노트북,1,1.6974758534059854e-05
밸류팩을사은품으로,1,1.6974758534059854e-05
사이즈예요,1,1.6974758534059854e-05
나가기에도부담없는,1,1.6974758534059854e-05
조절도,1,1.6974758534059854e-05
밝기와,1,1.6974758534059854e-05
때문에따로,1,1.6974758534059854e-05
화면이예요,1,1.6974758534059854e-05
넉넉한,1,1.6974758534059854e-05
테지만터치패드는,1,1.6974758534059854e-05
달라붙거든요,1,1.6974758534059854e-05
있으면서쫀득하게,1,1.6974758534059854e-05
올라와,1,1.6974758534059854e-05
키보드예요,1,1.6974758534059854e-05
좋아하는lg,1,1.6974758534059854e-05
봉투,1,1.6974758534059854e-05
보증서가,1,1.6974758534059854e-05
타입이에요,1,1.6974758534059854e-05
양쪽,1,1.6974758534059854e-05
해봤지,1,1.6974758534059854e-05
npu와,1,1.6974758534059854e-05
들지만,1,1.6974758534059854e-05
리플렉션은,1,1.6974758534059854e-05
고민하고,1,1.6974758534059854e-05
때너무너무,1,1.6974758534059854e-05
패스하겠지만저처럼,1,1.6974758534059854e-05
설명은,1,1.6974758534059854e-05
컴알못이라기능적인,1,1.6974758534059854e-05
엄친아,1,1.6974758534059854e-05
있어서얇아도,1,1.6974758534059854e-05
느낌이예요,1,1.6974758534059854e-05
깨끗하면서도,1,1.6974758534059854e-05
느껴지실까요,1,1.6974758534059854e-05
질감이,1,1.6974758534059854e-05
매트한,1,1.6974758534059854e-05
쉽구요,1,1.6974758534059854e-05
받고오후,1,1.6974758534059854e-05
오전에,1,1.6974758534059854e-05
프로예요,1,1.6974758534059854e-05
한lg,1,1.6974758534059854e-05
예쁘기까지,1,1.6974758534059854e-05
블랙보다는,1,1.6974758534059854e-05
옵시디언,1,1.6974758534059854e-05
떨리네요,1,1.6974758534059854e-05
바들바들,1,1.6974758534059854e-05
처음이라,1,1.6974758534059854e-05
스테이션은,1,1.6974758534059854e-05
머기업,1,1.6974758534059854e-05
있을까,1,1.6974758534059854e-05
과연,1,1.6974758534059854e-05
신제품을,1,1.6974758534059854e-05
몇십,1,1.6974758534059854e-05
나오다니,1,1.6974758534059854e-05
샀는뎅,1,1.6974758534059854e-05
업글판으로,1,1.6974758534059854e-05
코플릿,1,1.6974758534059854e-05
지난주에,1,1.6974758534059854e-05
영상이,1,1.6974758534059854e-05
고민하고있었는데,1,1.6974758534059854e-05
식물로,1,1.6974758534059854e-05
3개월만에방이,1,1.6974758534059854e-05
들어선,1,1.6974758534059854e-05
길로,1,1.6974758534059854e-05
식집사의,1,1.6974758534059854e-05
올려드리네요,1,1.6974758534059854e-05
설치하고이제야,1,1.6974758534059854e-05
꼼지락대면서한컴,1,1.6974758534059854e-05
내내,1,1.6974758534059854e-05
글은lg,1,1.6974758534059854e-05
여하튼,1,1.6974758534059854e-05
보실,1,1.6974758534059854e-05
이웃님들만,1,1.6974758534059854e-05
둘중에,1,1.6974758534059854e-05
내돈내산lg,1,1.6974758534059854e-05
공돈이,1,1.6974758534059854e-05
000원이라는,1,1.6974758534059854e-05
있어서478,1,1.6974758534059854e-05
수준이라우리,1,1.6974758534059854e-05
일상글,1,1.6974758534059854e-05
정보성,1,1.6974758534059854e-05
일기인가,1,1.6974758534059854e-05
제품리뷰인가,1,1.6974758534059854e-05
생애,1,1.6974758534059854e-05
자기,1,1.6974758534059854e-05
이렇게요,1,1.6974758534059854e-05
닿이면찌르르,1,1.6974758534059854e-05
흐르는,1,1.6974758534059854e-05
공간에전류가,1,1.6974758534059854e-05
느린거지만충전하면서,1,1.6974758534059854e-05
이었는데요한,1,1.6974758534059854e-05
삼성노트북을,1,1.6974758534059854e-05
노트북깡원래는,1,1.6974758534059854e-05
와봤는데요,1,1.6974758534059854e-05
아니라제품,1,1.6974758534059854e-05
후기가,1,1.6974758534059854e-05
몽이에요,1,1.6974758534059854e-05
ga5hk는,1,1.6974758534059854e-05
가겠습니다,1,1.6974758534059854e-05
소통하러,1,1.6974758534059854e-05
후기로써놓고,1,1.6974758534059854e-05
있었고그,1,1.6974758534059854e-05
있었어요간단하게,1,1.6974758534059854e-05
ga56k,1,1.6974758534059854e-05
14z90s,1,1.6974758534059854e-05
그램14모델명,1,1.6974758534059854e-05
가볼게요,1,1.6974758534059854e-05
살펴보러,1,1.6974758534059854e-05
노트북이여서괜히,1,1.6974758534059854e-05
모아서제돈제산,1,1.6974758534059854e-05
받고제가,1,1.6974758534059854e-05
장만했습니다무엇보다,1,1.6974758534059854e-05
해가지구,1,1.6974758534059854e-05
됐구나,1,1.6974758534059854e-05
바꿔야,1,1.6974758534059854e-05
센터가려다가고쳐도,1,1.6974758534059854e-05
까만,1,1.6974758534059854e-05
이용권곰믹스,1,1.6974758534059854e-05
이용권산돌구름,1,1.6974758534059854e-05
영구사용권한컴,1,1.6974758534059854e-05
받았어요,1,1.6974758534059854e-05
혜택도,1,1.6974758534059854e-05
구매해서이런,1,1.6974758534059854e-05
특가로,1,1.6974758534059854e-05
선물하기,1,1.6974758534059854e-05
카톡,1,1.6974758534059854e-05
떴어요,1,1.6974758534059854e-05
때윈도우,1,1.6974758534059854e-05
켰을,1,1.6974758534059854e-05
때문에처음,1,1.6974758534059854e-05
설치된,1,1.6974758534059854e-05
들어있었습니다저는,1,1.6974758534059854e-05
옆엔,1,1.6974758534059854e-05
정도에요,1,1.6974758534059854e-05
1kg,1,1.6974758534059854e-05
12kg14인치에,1,1.6974758534059854e-05
분은참고하셔도,1,1.6974758534059854e-05
말지,1,1.6974758534059854e-05
알려드리려고,1,1.6974758534059854e-05
느낀주관적,1,1.6974758534059854e-05
이렇습니다제가,1,1.6974758534059854e-05
모습은,1,1.6974758534059854e-05
완료하고,1,1.6974758534059854e-05
받아서더,1,1.6974758534059854e-05
혜택을잔뜩,1,1.6974758534059854e-05
프로그램까지대학생한테,1,1.6974758534059854e-05
앱부터,1,1.6974758534059854e-05
이용권기본,1,1.6974758534059854e-05
곰캠,1,1.6974758534059854e-05
장점처럼,1,1.6974758534059854e-05
않다면이게,1,1.6974758534059854e-05
전문적이지,1,1.6974758534059854e-05
용도가,1,1.6974758534059854e-05
적어요,1,1.6974758534059854e-05
반사가,1,1.6974758534059854e-05
느꼈는데빛,1,1.6974758534059854e-05
꼬박,1,1.6974758534059854e-05
최소화,1,1.6974758534059854e-05
번짐,1,1.6974758534059854e-05
편입니다,1,1.6974758534059854e-05
했는데다른,1,1.6974758534059854e-05
느껴지긴,1,1.6974758534059854e-05
상대적으로,1,1.6974758534059854e-05
탓에저한테는,1,1.6974758534059854e-05
900g정도,1,1.6974758534059854e-05
휴대성사이즈가,1,1.6974758534059854e-05
바꼈어요높은,1,1.6974758534059854e-05
편안하게,1,1.6974758534059854e-05
작업하는,1,1.6974758534059854e-05
늘려서문서,1,1.6974758534059854e-05
비유을을,1,1.6974758534059854e-05
그램14는,1,1.6974758534059854e-05
9인데이번,1,1.6974758534059854e-05
화면비보통,1,1.6974758534059854e-05
적었습니다,1,1.6974758534059854e-05
피로도도,1,1.6974758534059854e-05
없고눈,1,1.6974758534059854e-05
피해서고개를,1,1.6974758534059854e-05
반사되는,1,1.6974758534059854e-05
같아요빛,1,1.6974758534059854e-05
다가올,1,1.6974758534059854e-05
했어요인텔,1,1.6974758534059854e-05
불편하다고는느끼지,1,1.6974758534059854e-05
작지만화면,1,1.6974758534059854e-05
크기로,1,1.6974758534059854e-05
크기에요,1,1.6974758534059854e-05
비교했을,1,1.6974758534059854e-05
볼펜과,1,1.6974758534059854e-05
만족해요제트스트림,1,1.6974758534059854e-05
크기라서,1,1.6974758534059854e-05
사이즈로어디든,1,1.6974758534059854e-05
만큼요,1,1.6974758534059854e-05
많았어도14인치를,1,1.6974758534059854e-05
중요했어요,1,1.6974758534059854e-05
저는노트북,1,1.6974758534059854e-05
저곳,1,1.6974758534059854e-05
딱이에요이곳,1,1.6974758534059854e-05
가능전원,1,1.6974758534059854e-05
같아요얼굴,1,1.6974758534059854e-05
참고하시면,1,1.6974758534059854e-05
참고하실,1,1.6974758534059854e-05
해서요,1,1.6974758534059854e-05
보진,1,1.6974758534059854e-05
전문적으로,1,1.6974758534059854e-05
있는데저는,1,1.6974758534059854e-05
나타나,1,1.6974758534059854e-05
수치로,1,1.6974758534059854e-05
하더라고요뭐,1,1.6974758534059854e-05
작업도,1,1.6974758534059854e-05
고용량,1,1.6974758534059854e-05
뛰어나고고화질,1,1.6974758534059854e-05
탑재됐어요그래서,1,1.6974758534059854e-05
cpu높은,1,1.6974758534059854e-05
거기서,1,1.6974758534059854e-05
위주라면쓰는,1,1.6974758534059854e-05
있다해도사실,1,1.6974758534059854e-05
느껴요,1,1.6974758534059854e-05
상관은,1,1.6974758534059854e-05
목적이,1,1.6974758534059854e-05
견해전문적,1,1.6974758534059854e-05
개인적,1,1.6974758534059854e-05
생각된,1,1.6974758534059854e-05
풀리는,1,1.6974758534059854e-05
설정해두면자동으로,1,1.6974758534059854e-05
인식을,1,1.6974758534059854e-05
않아도얼굴,1,1.6974758534059854e-05
누르지,1,1.6974758534059854e-05
pin을,1,1.6974758534059854e-05
누르고따로,1,1.6974758534059854e-05
순위었어요또,1,1.6974758534059854e-05
위주이니휴대성과,1,1.6974758534059854e-05
대학생이고,1,1.6974758534059854e-05
되더라구요전,1,1.6974758534059854e-05
남겨두게,1,1.6974758534059854e-05
부분만,1,1.6974758534059854e-05
기능보단각자,1,1.6974758534059854e-05
고민했는데결국엔,1,1.6974758534059854e-05
찾아보면서정말,1,1.6974758534059854e-05
싶어서저도,1,1.6974758534059854e-05
있지만좋은,1,1.6974758534059854e-05
머리론,1,1.6974758534059854e-05
있겠어요,1,1.6974758534059854e-05
게안,1,1.6974758534059854e-05
요즘에,1,1.6974758534059854e-05
거기잖아요,1,1.6974758534059854e-05
때는분명,1,1.6974758534059854e-05
취준할,1,1.6974758534059854e-05
취업하게,1,1.6974758534059854e-05
했지만제가,1,1.6974758534059854e-05
맥북과도,1,1.6974758534059854e-05
lg그램14였어요,1,1.6974758534059854e-05
게바로,1,1.6974758534059854e-05
충족한,1,1.6974758534059854e-05
봤는데그,1,1.6974758534059854e-05
추가적으로,1,1.6974758534059854e-05
여부를,1,1.6974758534059854e-05
때속도나,1,1.6974758534059854e-05
해서그런,1,1.6974758534059854e-05
만지곤,1,1.6974758534059854e-05
포토샵을,1,1.6974758534059854e-05
편집이나,1,1.6974758534059854e-05
확인해보니,1,1.6974758534059854e-05
구매했어요오늘,1,1.6974758534059854e-05
120만원정도로,1,1.6974758534059854e-05
떠서,1,1.6974758534059854e-05
특가가,1,1.6974758534059854e-05
때카카오톡,1,1.6974758534059854e-05
보고이걸로,1,1.6974758534059854e-05
한창,1,1.6974758534059854e-05
좋게학생복지스토어에서,1,1.6974758534059854e-05
결정했어요그리고,1,1.6974758534059854e-05
곳에,1,1.6974758534059854e-05
않다라는,1,1.6974758534059854e-05
필수적이지,1,1.6974758534059854e-05
필요하지만,1,1.6974758534059854e-05
다들맥북,1,1.6974758534059854e-05
거라는,1,1.6974758534059854e-05
부분이면전부,1,1.6974758534059854e-05
답변해드릴,1,1.6974758534059854e-05
남겨주세요,1,1.6974758534059854e-05
있으시면댓글로,1,1.6974758534059854e-05
바랄게요혹시,1,1.6974758534059854e-05
구매하시길,1,1.6974758534059854e-05
비교하신,1,1.6974758534059854e-05
알아보시고꼼꼼히,1,1.6974758534059854e-05
사신다면,1,1.6974758534059854e-05
간혹짝퉁이,1,1.6974758534059854e-05
업체는,1,1.6974758534059854e-05
같은데쿠팡이나,1,1.6974758534059854e-05
많을,1,1.6974758534059854e-05
최저가는,1,1.6974758534059854e-05
올랐더라구요아마,1,1.6974758534059854e-05
정가로,1,1.6974758534059854e-05
에센스화이트나를,1,1.6974758534059854e-05
얼굴인식색상,1,1.6974758534059854e-05
299kg보안시스템,1,1.6974758534059854e-05
mm무게,1,1.6974758534059854e-05
265두께,1,1.6974758534059854e-05
77wh크기,1,1.6974758534059854e-05
65ac,1,1.6974758534059854e-05
16gb인텔,1,1.6974758534059854e-05
125h메모리,1,1.6974758534059854e-05
144hz,1,1.6974758534059854e-05
1cm해상도,1,1.6974758534059854e-05
미탑재화면크기,1,1.6974758534059854e-05
gx56k운영체제,1,1.6974758534059854e-05
1cm17zd90sp,1,1.6974758534059854e-05
스펙2024,1,1.6974758534059854e-05
답변해드릴게요,1,1.6974758534059854e-05
지금2025년,1,1.6974758534059854e-05
않았지만이,1,1.6974758534059854e-05
얼마되진,1,1.6974758534059854e-05
구매한지,1,1.6974758534059854e-05
내돈내산이아닌남편돈남편산이네요,1,1.6974758534059854e-05
정확히는,1,1.6974758534059854e-05
땡겨받을랭,1,1.6974758534059854e-05
참아,1,1.6974758534059854e-05
말이지만못,1,1.6974758534059854e-05
생일은,1,1.6974758534059854e-05
준비하셨다핫,1,1.6974758534059854e-05
생일선물로,1,1.6974758534059854e-05
떡하니,1,1.6974758534059854e-05
낭군님이,1,1.6974758534059854e-05
읽은,1,1.6974758534059854e-05
싶었는데내,1,1.6974758534059854e-05
영하날씨로,1,1.6974758534059854e-05
설렘으로,1,1.6974758534059854e-05
마음도,1,1.6974758534059854e-05
17인치보고,1,1.6974758534059854e-05
넓직한,1,1.6974758534059854e-05
하얗고,1,1.6974758534059854e-05
나와요,1,1.6974758534059854e-05
열어보니진또배기,1,1.6974758534059854e-05
받았어요박스를,1,1.6974758534059854e-05
명품,1,1.6974758534059854e-05
묵직하니,1,1.6974758534059854e-05
포장박스가,1,1.6974758534059854e-05
촤란,1,1.6974758534059854e-05
비싸다,1,1.6974758534059854e-05
24년식을,1,1.6974758534059854e-05
출시되어있어요,1,1.6974758534059854e-05
답답하다며,1,1.6974758534059854e-05
많더라구요15,1,1.6974758534059854e-05
선호하시는,1,1.6974758534059854e-05
화면보다무조건,1,1.6974758534059854e-05
탑재되어있어요,1,1.6974758534059854e-05
오른쪽에숫자판까지,1,1.6974758534059854e-05
큼지막한,1,1.6974758534059854e-05
내려놓았고무엇보다,1,1.6974758534059854e-05
휴대성은,1,1.6974758534059854e-05
집안에서만,1,1.6974758534059854e-05
이유는일단,1,1.6974758534059854e-05
추어찌,1,1.6974758534059854e-05
내새낑,1,1.6974758534059854e-05
얼어,1,1.6974758534059854e-05
땡땡,1,1.6974758534059854e-05
인해모니터가,1,1.6974758534059854e-05
낭군님헤헤,1,1.6974758534059854e-05
설치해주신,1,1.6974758534059854e-05
충전하고,1,1.6974758534059854e-05
동봉받았어요,1,1.6974758534059854e-05
윈도우11홈도,1,1.6974758534059854e-05
때문에주문할때,1,1.6974758534059854e-05
미탑재기,1,1.6974758534059854e-05
숫자키패드,1,1.6974758534059854e-05
그램만한거,1,1.6974758534059854e-05
휴대용으로는,1,1.6974758534059854e-05
부담없이,1,1.6974758534059854e-05
들고다녀도손목에,1,1.6974758534059854e-05
포기했는데그냥,1,1.6974758534059854e-05
가벼워요화면이,1,1.6974758534059854e-05
3kg,1,1.6974758534059854e-05
299kg1,1,1.6974758534059854e-05
최고화면이,1,1.6974758534059854e-05
최신형이,1,1.6974758534059854e-05
144hz역시,1,1.6974758534059854e-05
wqxga디스플레이,1,1.6974758534059854e-05
주문할까바요,1,1.6974758534059854e-05
있어서좀,1,1.6974758534059854e-05
다른것도,1,1.6974758534059854e-05
버튼표기가,1,1.6974758534059854e-05
주문한건데쓰다보니까,1,1.6974758534059854e-05
급한대로,1,1.6974758534059854e-05
썼어욤소중하니까여,1,1.6974758534059854e-05
덮어,1,1.6974758534059854e-05
포장되어있는화면보호지,1,1.6974758534059854e-05
말라고새상품에,1,1.6974758534059854e-05
들어가지,1,1.6974758534059854e-05
때까지먼지,1,1.6974758534059854e-05
이동가능,1,1.6974758534059854e-05
동영상원하는,1,1.6974758534059854e-05
os제약,1,1.6974758534059854e-05
유저지만엘지,1,1.6974758534059854e-05
캡처아이폰,1,1.6974758534059854e-05
연결하기lg전자,1,1.6974758534059854e-05
이동하기,1,1.6974758534059854e-05
제약,1,1.6974758534059854e-05
되네요모바일,1,1.6974758534059854e-05
마우스인데연결,1,1.6974758534059854e-05
태블릿에,1,1.6974758534059854e-05
큰거쓰세요,1,1.6974758534059854e-05
고민하신다면,1,1.6974758534059854e-05
멀티하셔도답답한느낌이,1,1.6974758534059854e-05
분할화면으로,1,1.6974758534059854e-05
크니,1,1.6974758534059854e-05
update가,1,1.6974758534059854e-05
설치2,1,1.6974758534059854e-05
installer,1,1.6974758534059854e-05
update,1,1.6974758534059854e-05
마이크로소프트,1,1.6974758534059854e-05
간단간단해요,1,1.6974758534059854e-05
실행해봤어요,1,1.6974758534059854e-05
설치하자마자,1,1.6974758534059854e-05
기능입니다,1,1.6974758534059854e-05
쓰기로마음먹게,1,1.6974758534059854e-05
친숙한,1,1.6974758534059854e-05
없어서저에게,1,1.6974758534059854e-05
고민했지만,1,1.6974758534059854e-05
돋보적이지,1,1.6974758534059854e-05
기술은,1,1.6974758534059854e-05
메리트때문이예요,1,1.6974758534059854e-05
뜹니다,1,1.6974758534059854e-05
실행해주시면,1,1.6974758534059854e-05
안된거니엘지그램링크를,1,1.6974758534059854e-05
실행이,1,1.6974758534059854e-05
두시거나,1,1.6974758534059854e-05
안뜨면휴대폰과,1,1.6974758534059854e-05
뜨는데공유,1,1.6974758534059854e-05
들어가면이런,1,1.6974758534059854e-05
쉽죠잉,1,1.6974758534059854e-05
찍으면,1,1.6974758534059854e-05
앱으로,1,1.6974758534059854e-05
나오면휴대폰,1,1.6974758534059854e-05
큐알코드,1,1.6974758534059854e-05
설치노트북에서,1,1.6974758534059854e-05
실행3,1,1.6974758534059854e-05
실행하여,1,1.6974758534059854e-05
포함해그램,1,1.6974758534059854e-05
소트웨어를,1,1.6974758534059854e-05
넘는다양한,1,1.6974758534059854e-05
못하더라구요,1,1.6974758534059854e-05
찾지,1,1.6974758534059854e-05
서로를,1,1.6974758534059854e-05
진행하세요,1,1.6974758534059854e-05
휴대폰은가까운,1,1.6974758534059854e-05
전송시에는,1,1.6974758534059854e-05
되요,1,1.6974758534059854e-05
누르면바로,1,1.6974758534059854e-05
본인,1,1.6974758534059854e-05
떠있는,1,1.6974758534059854e-05
선택하시고밑에,1,1.6974758534059854e-05
누르고원하는,1,1.6974758534059854e-05
파일선택,1,1.6974758534059854e-05
아크입니다,1,1.6974758534059854e-05
그래픽카드는,1,1.6974758534059854e-05
할때도편리하게,1,1.6974758534059854e-05
쓸때도영상편집,1,1.6974758534059854e-05
덕분에블로그,1,1.6974758534059854e-05
다운로드파일에서,1,1.6974758534059854e-05
구독하고,1,1.6974758534059854e-05
산돌구름을,1,1.6974758534059854e-05
신청하면3일,1,1.6974758534059854e-05
귀엽습니다,1,1.6974758534059854e-05
얼른,1,1.6974758534059854e-05
마시고,1,1.6974758534059854e-05
같은데망설이지,1,1.6974758534059854e-05
스트랩도,1,1.6974758534059854e-05
마우스패드,1,1.6974758534059854e-05
위글위글,1,1.6974758534059854e-05
내돈내산엘지,1,1.6974758534059854e-05
자연스러웠으지금까지,1,1.6974758534059854e-05
올려보겄슴니다,1,1.6974758534059854e-05
ssd로리뷰를,1,1.6974758534059854e-05
하시는게정신건강에,1,1.6974758534059854e-05
분들은rtx들어간,1,1.6974758534059854e-05
계획있으신,1,1.6974758534059854e-05
전문으로,1,1.6974758534059854e-05
장착하여,1,1.6974758534059854e-05
선택하시고ssd를,1,1.6974758534059854e-05
최고의성능,1,1.6974758534059854e-05
전원사용,1,1.6974758534059854e-05
아니지만설정,1,1.6974758534059854e-05
없는건,1,1.6974758534059854e-05
증상이,1,1.6974758534059854e-05
끊기는,1,1.6974758534059854e-05
되어보내주기로,1,1.6974758534059854e-05
지경이,1,1.6974758534059854e-05
버벅거려서,1,1.6974758534059854e-05
함께하고이제는,1,1.6974758534059854e-05
취준까지,1,1.6974758534059854e-05
대학생활,1,1.6974758534059854e-05
노트북그,1,1.6974758534059854e-05
처음산,1,1.6974758534059854e-05
이후로찐으로,1,1.6974758534059854e-05
전시된,1,1.6974758534059854e-05
30만원짜리,1,1.6974758534059854e-05
사주신,1,1.6974758534059854e-05
아빠가,1,1.6974758534059854e-05
얼마전에,1,1.6974758534059854e-05
돌아온,1,1.6974758534059854e-05
사용리뷰였습니다,1,1.6974758534059854e-05
결제해버림내가,1,1.6974758534059854e-05
보고홀린듯이,1,1.6974758534059854e-05
톡딜에,1,1.6974758534059854e-05
맞이로,1,1.6974758534059854e-05
검색해보다가그러던,1,1.6974758534059854e-05
있나,1,1.6974758534059854e-05
되기에그런,1,1.6974758534059854e-05
잘되면,1,1.6974758534059854e-05
엑셀만,1,1.6974758534059854e-05
좋고인터넷,1,1.6974758534059854e-05
주관적인,1,1.6974758534059854e-05
아니겠나,1,1.6974758534059854e-05
아니지만노트북,1,1.6974758534059854e-05
산건,1,1.6974758534059854e-05
몰라서엄청,1,1.6974758534059854e-05
10년씀,1,1.6974758534059854e-05
신청까지,1,1.6974758534059854e-05
중이어서노트북,1,1.6974758534059854e-05
행사도,1,1.6974758534059854e-05
kr지금,1,1.6974758534059854e-05
이벤트에,1,1.6974758534059854e-05
진행,1,1.6974758534059854e-05
lg전자lg전자에서,1,1.6974758534059854e-05
주의lg,1,1.6974758534059854e-05
내용,1,1.6974758534059854e-05
만들어봤지만,1,1.6974758534059854e-05
있어보이게,1,1.6974758534059854e-05
썸네일,1,1.6974758534059854e-05
기네요,1,1.6974758534059854e-05
gx56k이름,1,1.6974758534059854e-05
15인치15zd90s,1,1.6974758534059854e-05
2024년형,1,1.6974758534059854e-05
000원이지만결론적으로는,1,1.6974758534059854e-05
적용되서저기에,1,1.6974758534059854e-05
할인이,1,1.6974758534059854e-05
페이,1,1.6974758534059854e-05
살때는,1,1.6974758534059854e-05
파는듯,1,1.6974758534059854e-05
165만원,1,1.6974758534059854e-05
동일,1,1.6974758534059854e-05
찾아보니,1,1.6974758534059854e-05
119만원에,1,1.6974758534059854e-05
톡딜로,1,1.6974758534059854e-05
인증나는,1,1.6974758534059854e-05
안하지만내돈,1,1.6974758534059854e-05
의심,1,1.6974758534059854e-05
상태아무도,1,1.6974758534059854e-05
해둔,1,1.6974758534059854e-05
현명한,1,1.6974758534059854e-05
뿌듯왠지,1,1.6974758534059854e-05
초반대에,1,1.6974758534059854e-05
100만원,1,1.6974758534059854e-05
받들어,1,1.6974758534059854e-05
조언을,1,1.6974758534059854e-05
그의,1,1.6974758534059854e-05
사도,1,1.6974758534059854e-05
물어보고결국엔,1,1.6974758534059854e-05
실시간으로,1,1.6974758534059854e-05
없어서남편한테,1,1.6974758534059854e-05
깡통상태로,1,1.6974758534059854e-05
말그대로,1,1.6974758534059854e-05
오피스x,1,1.6974758534059854e-05
윈도우x,1,1.6974758534059854e-05
119만원으로,1,1.6974758534059854e-05
샀지만,1,1.6974758534059854e-05
gram로고가,1,1.6974758534059854e-05
등장영롱한,1,1.6974758534059854e-05
박스의,1,1.6974758534059854e-05
질려함,1,1.6974758534059854e-05
사진찍는데동생이,1,1.6974758534059854e-05
하나하나,1,1.6974758534059854e-05
후쯤,1,1.6974758534059854e-05
주문하고,1,1.6974758534059854e-05
아래를,1,1.6974758534059854e-05
죄송합니다,1,1.6974758534059854e-05
기대하셨다면,1,1.6974758534059854e-05
it전문,1,1.6974758534059854e-05
레알,1,1.6974758534059854e-05
궁금하고,1,1.6974758534059854e-05
한대놓고혹시,1,1.6974758534059854e-05
광인쩔,1,1.6974758534059854e-05
저울에,1,1.6974758534059854e-05
1290g이라는데직접,1,1.6974758534059854e-05
설명에,1,1.6974758534059854e-05
놀람,1,1.6974758534059854e-05
안무거워서,1,1.6974758534059854e-05
생각보다더,1,1.6974758534059854e-05
설명서15인치인거,1,1.6974758534059854e-05
영롱하다,1,1.6974758534059854e-05
오픈매우,1,1.6974758534059854e-05
확인완드디어,1,1.6974758534059854e-05
29일에,1,1.6974758534059854e-05
제조는,1,1.6974758534059854e-05
확인모델명,1,1.6974758534059854e-05
왔나,1,1.6974758534059854e-05
모르니,1,1.6974758534059854e-05
엇갈려있는데그냥,1,1.6974758534059854e-05
안맞아서,1,1.6974758534059854e-05
쓰는데묘하게,1,1.6974758534059854e-05
쿠팡에,1,1.6974758534059854e-05
신형이라,1,1.6974758534059854e-05
자신아,1,1.6974758534059854e-05
적응해라,1,1.6974758534059854e-05
나혼자,1,1.6974758534059854e-05
어색하달까아쉬운,1,1.6974758534059854e-05
있으니깐타자감이,1,1.6974758534059854e-05
편하겠지만키패드,1,1.6974758534059854e-05
있는데그게,1,1.6974758534059854e-05
일할,1,1.6974758534059854e-05
큼직큼직하고무겁지도,1,1.6974758534059854e-05
갓엘지화면도,1,1.6974758534059854e-05
1286g이었다,1,1.6974758534059854e-05
열정,1,1.6974758534059854e-05
돈줍쇼혼자만의,1,1.6974758534059854e-05
재보고,1,1.6974758534059854e-05
재보고두께도,1,1.6974758534059854e-05
돈받았나,1,1.6974758534059854e-05
엘지에,1,1.6974758534059854e-05
5cm로,1,1.6974758534059854e-05
진리두께도,1,1.6974758534059854e-05
질려서,1,1.6974758534059854e-05
좋았는데,1,1.6974758534059854e-05
노트북이었는데그땐,1,1.6974758534059854e-05
핑크,1,1.6974758534059854e-05
좋습니다요이전,1,1.6974758534059854e-05
예쁘고가볍고,1,1.6974758534059854e-05
살자여튼,1,1.6974758534059854e-05
중대충,1,1.6974758534059854e-05
몇일이나,1,1.6974758534059854e-05
약속했는데과연,1,1.6974758534059854e-05
스스로,1,1.6974758534059854e-05
정리하기로,1,1.6974758534059854e-05
빨라서,1,1.6974758534059854e-05
버벅거리고,1,1.6974758534059854e-05
대만족무엇보다,1,1.6974758534059854e-05
이틀썼는데,1,1.6974758534059854e-05
아니어서아직까지,1,1.6974758534059854e-05
써야하는,1,1.6974758534059854e-05
깔고,1,1.6974758534059854e-05
소프트도,1,1.6974758534059854e-05
깔고마이크로,1,1.6974758534059854e-05
때문에윈도우도,1,1.6974758534059854e-05
샀기,1,1.6974758534059854e-05
리뷰난,1,1.6974758534059854e-05
핀란드에서,1,1.6974758534059854e-05
가위는,1,1.6974758534059854e-05
생산되었습니다,1,1.6974758534059854e-05
수정으로,1,1.6974758534059854e-05
만들었고,1,1.6974758534059854e-05
핸들,1,1.6974758534059854e-05
최초의,1,1.6974758534059854e-05
세계,1,1.6974758534059854e-05
피스카는,1,1.6974758534059854e-05
핀란드,1,1.6974758534059854e-05
삶이다,1,1.6974758534059854e-05
사고뿌듯한,1,1.6974758534059854e-05
턱턱,1,1.6974758534059854e-05
어른이되니,1,1.6974758534059854e-05
버는,1,1.6974758534059854e-05
갈지,1,1.6974758534059854e-05
느낌으로,1,1.6974758534059854e-05
커진,1,1.6974758534059854e-05
만나면그냥,1,1.6974758534059854e-05
왔으며,1,1.6974758534059854e-05
년대에,1,1.6974758534059854e-05
쌍은,1,1.6974758534059854e-05
분해되지,1,1.6974758534059854e-05
그중,1,1.6974758534059854e-05
fiskars,1,1.6974758534059854e-05
쌍의,1,1.6974758534059854e-05
가족은,1,1.6974758534059854e-05
플라스틱은,1,1.6974758534059854e-05
지지만,1,1.6974758534059854e-05
무서워,1,1.6974758534059854e-05
손잡이가,1,1.6974758534059854e-05
만들어졌습니다,1,1.6974758534059854e-05
세척됩니다,1,1.6974758534059854e-05
세탁기로,1,1.6974758534059854e-05
롭습니다,1,1.6974758534059854e-05
날카,1,1.6974758534059854e-05
원이,1,1.6974758534059854e-05
70만,1,1.6974758534059854e-05
남다릅니다,1,1.6974758534059854e-05
사은품그램,1,1.6974758534059854e-05
원탑인듯합니다,1,1.6974758534059854e-05
브랜드로는,1,1.6974758534059854e-05
아프고요,1,1.6974758534059854e-05
휴대성은두말하면,1,1.6974758534059854e-05
음향과,1,1.6974758534059854e-05
입체,1,1.6974758534059854e-05
돌비사운드의,1,1.6974758534059854e-05
시원시원해,1,1.6974758534059854e-05
맘먹고,1,1.6974758534059854e-05
작성중,1,1.6974758534059854e-05
엄마가,1,1.6974758534059854e-05
하루아빠입니다,1,1.6974758534059854e-05
강요했다,1,1.6974758534059854e-05
강제로,1,1.6974758534059854e-05
mm,1,1.6974758534059854e-05
양손을,1,1.6974758534059854e-05
양손으로,1,1.6974758534059854e-05
어렸을,1,1.6974758534059854e-05
인정해야한다,1,1.6974758534059854e-05
냈다는,1,1.6974758534059854e-05
잘라,1,1.6974758534059854e-05
내와,1,1.6974758534059854e-05
호일,1,1.6974758534059854e-05
전선,1,1.6974758534059854e-05
구매했구요,1,1.6974758534059854e-05
홈페이지에서,1,1.6974758534059854e-05
kaowklg전자,1,1.6974758534059854e-05
바로바로16z90sp,1,1.6974758534059854e-05
투자,1,1.6974758534059854e-05
거액을,1,1.6974758534059854e-05
블로거이지만나름의,1,1.6974758534059854e-05
보여드리기,1,1.6974758534059854e-05
매물을,1,1.6974758534059854e-05
정보와다양한,1,1.6974758534059854e-05
부동산,1,1.6974758534059854e-05
발빠른,1,1.6974758534059854e-05
여러분들께,1,1.6974758534059854e-05
장차,1,1.6974758534059854e-05
리뷰하려고,1,1.6974758534059854e-05
구매한lg그램,1,1.6974758534059854e-05
일정에,1,1.6974758534059854e-05
진행하는,1,1.6974758534059854e-05
000원판매가격은,1,1.6974758534059854e-05
출시가격,1,1.6974758534059854e-05
kr바로,1,1.6974758534059854e-05
확인하세요,1,1.6974758534059854e-05
슬림한,1,1.6974758534059854e-05
퍼포먼스로,1,1.6974758534059854e-05
kaowk는,1,1.6974758534059854e-05
krlg,1,1.6974758534059854e-05
소개합니다,1,1.6974758534059854e-05
엘지이닷컴에서,1,1.6974758534059854e-05
완성해보세요,1,1.6974758534059854e-05
라이프,1,1.6974758534059854e-05
가치를,1,1.6974758534059854e-05
lg전자차원이,1,1.6974758534059854e-05
하진않으셨고,1,1.6974758534059854e-05
알려주시거나,1,1.6974758534059854e-05
기술적인,1,1.6974758534059854e-05
온다고,1,1.6974758534059854e-05
깔려서,1,1.6974758534059854e-05
했는데윈도우는,1,1.6974758534059854e-05
설치해주시는,1,1.6974758534059854e-05
시기에방문하셔서,1,1.6974758534059854e-05
방문한다,1,1.6974758534059854e-05
lg기사님이,1,1.6974758534059854e-05
수령하였습니다,1,1.6974758534059854e-05
알았는데약,1,1.6974758534059854e-05
구매했고배송되는데,1,1.6974758534059854e-05
사전예약으로,1,1.6974758534059854e-05
적어놓지,1,1.6974758534059854e-05
따라다른것,1,1.6974758534059854e-05
학생분들,1,1.6974758534059854e-05
적당하고,1,1.6974758534059854e-05
않네요,1,1.6974758534059854e-05
작지,1,1.6974758534059854e-05
걱정했는데전혀,1,1.6974758534059854e-05
있으려나,1,1.6974758534059854e-05
끝입니다,1,1.6974758534059854e-05
느낌이라고,1,1.6974758534059854e-05
하루엄마가,1,1.6974758534059854e-05
느끼실꺼,1,1.6974758534059854e-05
이웃님들은,1,1.6974758534059854e-05
쓰시던,1,1.6974758534059854e-05
한데원래,1,1.6974758534059854e-05
바뀐듯,1,1.6974758534059854e-05
개봉박두크으,1,1.6974758534059854e-05
죠아,1,1.6974758534059854e-05
스펙os,1,1.6974758534059854e-05
kaowk주요,1,1.6974758534059854e-05
알려드릴게요,1,1.6974758534059854e-05
스펙을,1,1.6974758534059854e-05
그런걸까요,1,1.6974758534059854e-05
새거라,1,1.6974758534059854e-05
쫀쫀한,1,1.6974758534059854e-05
키감도,1,1.6974758534059854e-05
생각해요,1,1.6974758534059854e-05
충분하다고,1,1.6974758534059854e-05
띄우기는어렵겠지만하나의,1,1.6974758534059854e-05
창에,1,1.6974758534059854e-05
두개를,1,1.6974758534059854e-05
ms,1,1.6974758534059854e-05
편할꺼,1,1.6974758534059854e-05
작업하기도,1,1.6974758534059854e-05
대대만족합니다,1,1.6974758534059854e-05
실패했지만지금,1,1.6974758534059854e-05
ultra7은,1,1.6974758534059854e-05
부럽습니다,1,1.6974758534059854e-05
하셨나요오오,1,1.6974758534059854e-05
이웃님들다들,1,1.6974758534059854e-05
구해하신,1,1.6974758534059854e-05
ga70k,1,1.6974758534059854e-05
품절,1,1.6974758534059854e-05
방송,1,1.6974758534059854e-05
ga70k이,1,1.6974758534059854e-05
탑재한16z90sp,1,1.6974758534059854e-05
넉넉하죠,1,1.6974758534059854e-05
512gb이정도면,1,1.6974758534059854e-05
199windows,1,1.6974758534059854e-05
125h무게,1,1.6974758534059854e-05
알겠어요,1,1.6974758534059854e-05
하는지,1,1.6974758534059854e-05
그램그램,1,1.6974758534059854e-05
돌아가고무엇보다,1,1.6974758534059854e-05
던전앤파이터도,1,1.6974758534059854e-05
돌아갑니다,1,1.6974758534059854e-05
없구요문서작업도,1,1.6974758534059854e-05
버벅거리는,1,1.6974758534059854e-05
스트리밍은,1,1.6974758534059854e-05
ott등,1,1.6974758534059854e-05
촬영본,1,1.6974758534059854e-05
촬영하거라,1,1.6974758534059854e-05
사진으로,1,1.6974758534059854e-05
화면해상도가,1,1.6974758534059854e-05
imagelg그램pro,1,1.6974758534059854e-05
보여드릴게요,1,1.6974758534059854e-05
16z90spkaowk,1,1.6974758534059854e-05
2024lg그램,1,1.6974758534059854e-05
대가,1,1.6974758534059854e-05
경제성,1,1.6974758534059854e-05
주말,1,1.6974758534059854e-05
포스팅엔,1,1.6974758534059854e-05
생각하신다면한번,1,1.6974758534059854e-05
같으니노트북,1,1.6974758534059854e-05
신학기인데학생들,1,1.6974758534059854e-05
사용하더라구요,1,1.6974758534059854e-05
사용하면전자기기는,1,1.6974758534059854e-05
고사양을,1,1.6974758534059854e-05
고스펙,1,1.6974758534059854e-05
경험상,1,1.6974758534059854e-05
정도이지만제,1,1.6974758534059854e-05
미팅,1,1.6974758534059854e-05
애플워치,1,1.6974758534059854e-05
만들다니,1,1.6974758534059854e-05
차이를,1,1.6974758534059854e-05
10만원차이로,1,1.6974758534059854e-05
무게차이가,1,1.6974758534059854e-05
말하기,1,1.6974758534059854e-05
최고다라고,1,1.6974758534059854e-05
m4맥미니,1,1.6974758534059854e-05
애플은,1,1.6974758534059854e-05
대만산,1,1.6974758534059854e-05
가성비는,1,1.6974758534059854e-05
신학기선물,1,1.6974758534059854e-05
학생노트북,1,1.6974758534059854e-05
그램프로후기,1,1.6974758534059854e-05
그램리뷰,1,1.6974758534059854e-05
인텔ultra5,1,1.6974758534059854e-05
m1프로,1,1.6974758534059854e-05
아쉬운게,1,1.6974758534059854e-05
스피커나,1,1.6974758534059854e-05
질렀지만,1,1.6974758534059854e-05
256까지,1,1.6974758534059854e-05
프로5,1,1.6974758534059854e-05
좋았고,1,1.6974758534059854e-05
들고다니지,1,1.6974758534059854e-05
전공책들을,1,1.6974758534059854e-05
생각했었고아이패드는,1,1.6974758534059854e-05
구매할거라,1,1.6974758534059854e-05
언젠간,1,1.6974758534059854e-05
상품이니,1,1.6974758534059854e-05
않더라도,1,1.6974758534059854e-05
빠지지,1,1.6974758534059854e-05
애플에,1,1.6974758534059854e-05
남아요그래도,1,1.6974758534059854e-05
상품이라는,1,1.6974758534059854e-05
라이트한,1,1.6974758534059854e-05
미디어감상,1,1.6974758534059854e-05
웹서핑용도나,1,1.6974758534059854e-05
13인치라서,1,1.6974758534059854e-05
휴대성도요,1,1.6974758534059854e-05
붙여넣기가,1,1.6974758534059854e-05
사진도,1,1.6974758534059854e-05
미친연동성으로,1,1.6974758534059854e-05
시작하는데,1,1.6974758534059854e-05
느껴지더라고요블로그를,1,1.6974758534059854e-05
매워야할게,1,1.6974758534059854e-05
뭐랄까,1,1.6974758534059854e-05
구매해서일까요,1,1.6974758534059854e-05
깡통을,1,1.6974758534059854e-05
전년,1,1.6974758534059854e-05
좋지만팔고,1,1.6974758534059854e-05
오래가는,1,1.6974758534059854e-05
있는데발열이,1,1.6974758534059854e-05
고견들이,1,1.6974758534059854e-05
힘들다는,1,1.6974758534059854e-05
느끼기,1,1.6974758534059854e-05
사운드나,1,1.6974758534059854e-05
맥의,1,1.6974758534059854e-05
13인치로는,1,1.6974758534059854e-05
이야기해보자면,1,1.6974758534059854e-05
길었고,1,1.6974758534059854e-05
잡설이,1,1.6974758534059854e-05
다르다는,1,1.6974758534059854e-05
이용하다가,1,1.6974758534059854e-05
불안불안한,1,1.6974758534059854e-05
체크섬이,1,1.6974758534059854e-05
닫히고,1,1.6974758534059854e-05
배수,1,1.6974758534059854e-05
끊어지면,1,1.6974758534059854e-05
낮아지고,1,1.6974758534059854e-05
되세요,1,1.6974758534059854e-05
헤메는,1,1.6974758534059854e-05
써보고싶어,1,1.6974758534059854e-05
답답하게,1,1.6974758534059854e-05
생각이신가요,1,1.6974758534059854e-05
맞다는,1,1.6974758534059854e-05
생각일까요,1,1.6974758534059854e-05
굳이라는,1,1.6974758534059854e-05
생각하시나요,1,1.6974758534059854e-05
대하여,1,1.6974758534059854e-05
세대인,1,1.6974758534059854e-05
제품이랍니다,1,1.6974758534059854e-05
사용했답니다,1,1.6974758534059854e-05
9개월동안,1,1.6974758534059854e-05
주문했어요,1,1.6974758534059854e-05
온라인샵으로,1,1.6974758534059854e-05
후기구입처꽃대지는,1,1.6974758534059854e-05
말씀드릴게요,1,1.6974758534059854e-05
거까지솔직하게,1,1.6974758534059854e-05
실사용후기알려드리려고,1,1.6974758534059854e-05
꽃대지입니다,1,1.6974758534059854e-05
맹세합니다,1,1.6974758534059854e-05
다섯,1,1.6974758534059854e-05
고치고,1,1.6974758534059854e-05
아빠에게,1,1.6974758534059854e-05
학생이기,1,1.6974758534059854e-05
잘못되었습니다,1,1.6974758534059854e-05
설레시죠왼쪽을,1,1.6974758534059854e-05
사용해야하나봐요,1,1.6974758534059854e-05
닦아가며,1,1.6974758534059854e-05
탔어요,1,1.6974758534059854e-05
타긴,1,1.6974758534059854e-05
떼가,1,1.6974758534059854e-05
생각나는군요,1,1.6974758534059854e-05
기분이새록새록,1,1.6974758534059854e-05
설레었던,1,1.6974758534059854e-05
개봉하면서,1,1.6974758534059854e-05
새상품이여서,1,1.6974758534059854e-05
사진이예요,1,1.6974758534059854e-05
찍어놓은,1,1.6974758534059854e-05
배송왔을,1,1.6974758534059854e-05
특징처음,1,1.6974758534059854e-05
모델명은17z90ru,1,1.6974758534059854e-05
화면이제일,1,1.6974758534059854e-05
코팅된,1,1.6974758534059854e-05
타격감,1,1.6974758534059854e-05
17z90ru,1,1.6974758534059854e-05
보시면,1,1.6974758534059854e-05
뒷면,1,1.6974758534059854e-05
무선키보드,1,1.6974758534059854e-05
오른쪽에는,1,1.6974758534059854e-05
나와서,1,1.6974758534059854e-05
c타입으로,1,1.6974758534059854e-05
구멍도,1,1.6974758534059854e-05
안심되긴,1,1.6974758534059854e-05
고장나도,1,1.6974758534059854e-05
있는지는,1,1.6974758534059854e-05
구멍,1,1.6974758534059854e-05
살펴보시면hdmi,1,1.6974758534059854e-05
찍어보았습니다,1,1.6974758534059854e-05
손바닥이랑,1,1.6974758534059854e-05
느껴보시라고,1,1.6974758534059854e-05
생각하시면,1,1.6974758534059854e-05
무겁다고,1,1.6974758534059854e-05
17인치라서,1,1.6974758534059854e-05
화면비를,1,1.6974758534059854e-05
화면비라는,1,1.6974758534059854e-05
점은16,1,1.6974758534059854e-05
변함은,1,1.6974758534059854e-05
좋아졌다는,1,1.6974758534059854e-05
편하며,1,1.6974758534059854e-05
되어시작하기도,1,1.6974758534059854e-05
2020과,1,1.6974758534059854e-05
해상도는,1,1.6974758534059854e-05
600픽셀로,1,1.6974758534059854e-05
그런지예쁜거,1,1.6974758534059854e-05
맞아서아직,1,1.6974758534059854e-05
17인지에도,1,1.6974758534059854e-05
16인치였어요,1,1.6974758534059854e-05
파우치인데요,1,1.6974758534059854e-05
아시죠,1,1.6974758534059854e-05
없는거,1,1.6974758534059854e-05
편한데요,1,1.6974758534059854e-05
저게,1,1.6974758534059854e-05
포기,1,1.6974758534059854e-05
속도로,1,1.6974758534059854e-05
키면,1,1.6974758534059854e-05
열어볼게요,1,1.6974758534059854e-05
놓은,1,1.6974758534059854e-05
합쳐,1,1.6974758534059854e-05
에어4,1,1.6974758534059854e-05
최고입니다,1,1.6974758534059854e-05
보기에,1,1.6974758534059854e-05
ott,1,1.6974758534059854e-05
편리합니다,1,1.6974758534059854e-05
너무가벼워서,1,1.6974758534059854e-05
말씀드려볼게요,1,1.6974758534059854e-05
단점제가,1,1.6974758534059854e-05
가야합니다,1,1.6974758534059854e-05
근무하러,1,1.6974758534059854e-05
마무리하고다시,1,1.6974758534059854e-05
꽃대지는,1,1.6974758534059854e-05
거뜬히,1,1.6974758534059854e-05
사이즈여도거치대,1,1.6974758534059854e-05
환경이예요,1,1.6974758534059854e-05
힘들기도,1,1.6974758534059854e-05
구하기도,1,1.6974758534059854e-05
부분이훨씬,1,1.6974758534059854e-05
장점으로,1,1.6974758534059854e-05
단점보다는,1,1.6974758534059854e-05
사용가능합니다,1,1.6974758534059854e-05
아이템만,1,1.6974758534059854e-05
파우치럼기본,1,1.6974758534059854e-05
안팔아요,1,1.6974758534059854e-05
사이즈라서,1,1.6974758534059854e-05
포기하셔야,1,1.6974758534059854e-05
아기자기한,1,1.6974758534059854e-05
편리했을,1,1.6974758534059854e-05
3개,1,1.6974758534059854e-05
부족할,1,1.6974758534059854e-05
갑니다,1,1.6974758534059854e-05
예뻐요,1,1.6974758534059854e-05
뭐해,1,1.6974758534059854e-05
프로그램으로꼭,1,1.6974758534059854e-05
있도록,1,1.6974758534059854e-05
프로그램을사용할,1,1.6974758534059854e-05
번들,1,1.6974758534059854e-05
드라이버와,1,1.6974758534059854e-05
dna는,1,1.6974758534059854e-05
마칠,1,1.6974758534059854e-05
무사히,1,1.6974758534059854e-05
업그레이드해서,1,1.6974758534059854e-05
제공되어윈도우,1,1.6974758534059854e-05
사용하시기에도,1,1.6974758534059854e-05
아니여서학생분들이,1,1.6974758534059854e-05
편도,1,1.6974758534059854e-05
사용해보세요,1,1.6974758534059854e-05
필요하시다면엘지,1,1.6974758534059854e-05
재택근무하시느라,1,1.6974758534059854e-05
거북목이,1,1.6974758534059854e-05
낮아,1,1.6974758534059854e-05
높이가,1,1.6974758534059854e-05
일하는데,1,1.6974758534059854e-05
늘었어요,1,1.6974758534059854e-05
부쩍,1,1.6974758534059854e-05
그램꽃대지입니다,1,1.6974758534059854e-05
접이식,1,1.6974758534059854e-05
2단,1,1.6974758534059854e-05
아이노비아,1,1.6974758534059854e-05
실사용후기였습니다,1,1.6974758534059854e-05
전자제품이랍니다,1,1.6974758534059854e-05
팬소음과,1,1.6974758534059854e-05
점으로는발열,1,1.6974758534059854e-05
2023이,1,1.6974758534059854e-05
비교해lg,1,1.6974758534059854e-05
업그레이드가,1,1.6974758534059854e-05
확실하지는,1,1.6974758534059854e-05
제공될,1,1.6974758534059854e-05
준비가,1,1.6974758534059854e-05
파일이,1,1.6974758534059854e-05
10에서는,1,1.6974758534059854e-05
했지만아직까지,1,1.6974758534059854e-05
통화를,1,1.6974758534059854e-05
차례,1,1.6974758534059854e-05
고객센터와,1,1.6974758534059854e-05
설치했는데dna가,1,1.6974758534059854e-05
선호해서,1,1.6974758534059854e-05
10을,1,1.6974758534059854e-05
회장님이,1,1.6974758534059854e-05
체크하셔야,1,1.6974758534059854e-05
blog,1,1.6974758534059854e-05
31일에,1,1.6974758534059854e-05
잔뜩,1,1.6974758534059854e-05
지원하니,1,1.6974758534059854e-05
11만,1,1.6974758534059854e-05
하는데윈도우,1,1.6974758534059854e-05
dna를,1,1.6974758534059854e-05
하며lg,1,1.6974758534059854e-05
상품은,1,1.6974758534059854e-05
그래픽까지는,1,1.6974758534059854e-05
해서외장,1,1.6974758534059854e-05
문서나sns용,1,1.6974758534059854e-05
회장님은,1,1.6974758534059854e-05
저희,1,1.6974758534059854e-05
총알에,1,1.6974758534059854e-05
되었네요,1,1.6974758534059854e-05
그래픽으로,1,1.6974758534059854e-05
주었네요,1,1.6974758534059854e-05
생일,1,1.6974758534059854e-05
구매해아내에게,1,1.6974758534059854e-05
압박으로내장,1,1.6974758534059854e-05
총알의,1,1.6974758534059854e-05
모델을마음에,1,1.6974758534059854e-05
상위,1,1.6974758534059854e-05
들어간,1,1.6974758534059854e-05
gx76k로인텔,1,1.6974758534059854e-05
16zd90r,1,1.6974758534059854e-05
2023그램,1,1.6974758534059854e-05
걸려서,1,1.6974758534059854e-05
보름,1,1.6974758534059854e-05
도착했습니다,1,1.6974758534059854e-05
14일,1,1.6974758534059854e-05
상품은2월,1,1.6974758534059854e-05
번씩이나,1,1.6974758534059854e-05
고장으로,1,1.6974758534059854e-05
되었는데키보드,1,1.6974758534059854e-05
2년도,1,1.6974758534059854e-05
회장님의,1,1.6974758534059854e-05
포함해,1,1.6974758534059854e-05
구매했고2023,1,1.6974758534059854e-05
통해2백만,1,1.6974758534059854e-05
이벤트를,1,1.6974758534059854e-05
티앤티정보에서,1,1.6974758534059854e-05
통해lg전자인증점,1,1.6974758534059854e-05
잇섭의,1,1.6974758534059854e-05
31일,1,1.6974758534059854e-05
구매기,1,1.6974758534059854e-05
주웠어,1,1.6974758534059854e-05
오다,1,1.6974758534059854e-05
계층과,1,1.6974758534059854e-05
tflop은,1,1.6974758534059854e-05
fps,1,1.6974758534059854e-05
스케일링,1,1.6974758534059854e-05
추가되었습니다,1,1.6974758534059854e-05
gpu도,1,1.6974758534059854e-05
권장했습니다,1,1.6974758534059854e-05
만들도록,1,1.6974758534059854e-05
기회에,1,1.6974758534059854e-05
000원이네요,1,1.6974758534059854e-05
하는데비용이,1,1.6974758534059854e-05
갈아야,1,1.6974758534059854e-05
센터에서는,1,1.6974758534059854e-05
안되다,1,1.6974758534059854e-05
오락가락,1,1.6974758534059854e-05
다녀왔음에도상태가,1,1.6974758534059854e-05
고정,1,1.6974758534059854e-05
게시물,1,1.6974758534059854e-05
빠뜨리고,1,1.6974758534059854e-05
위험에,1,1.6974758534059854e-05
발생하므로,1,1.6974758534059854e-05
교체되었습니다,1,1.6974758534059854e-05
발생하여,1,1.6974758534059854e-05
15입니다,1,1.6974758534059854e-05
slimbook,1,1.6974758534059854e-05
스페인,1,1.6974758534059854e-05
4060은,1,1.6974758534059854e-05
효율성,1,1.6974758534059854e-05
4060과,1,1.6974758534059854e-05
b580은,1,1.6974758534059854e-05
비교됩니다,1,1.6974758534059854e-05
스택에서,1,1.6974758534059854e-05
소름,1,1.6974758534059854e-05
선택했기,1,1.6974758534059854e-05
친구들보다,1,1.6974758534059854e-05
기계,1,1.6974758534059854e-05
부적절한,1,1.6974758534059854e-05
연습,1,1.6974758534059854e-05
불리한,1,1.6974758534059854e-05
직장으로,1,1.6974758534059854e-05
필요하다는,1,1.6974758534059854e-05
잃지,1,1.6974758534059854e-05
도와,1,1.6974758534059854e-05
수학을,1,1.6974758534059854e-05
구성된,1,1.6974758534059854e-05
시트로,1,1.6974758534059854e-05
스프레드,1,1.6974758534059854e-05
피드백은,1,1.6974758534059854e-05
10y,1,1.6974758534059854e-05
이상적으로는,1,1.6974758534059854e-05
행한,1,1.6974758534059854e-05
mint를,1,1.6974758534059854e-05
끝났다고,1,1.6974758534059854e-05
chip,1,1.6974758534059854e-05
장면을,1,1.6974758534059854e-05
프로까지,1,1.6974758534059854e-05
전성기에,1,1.6974758534059854e-05
효과,1,1.6974758534059854e-05
lightroom에서,1,1.6974758534059854e-05
유로의,1,1.6974758534059854e-05
tongfang,1,1.6974758534059854e-05
실패합니다,1,1.6974758534059854e-05
컨텍스트의,1,1.6974758534059854e-05
끼치기를,1,1.6974758534059854e-05
시장,1,1.6974758534059854e-05
프리미엄,1,1.6974758534059854e-05
고정됩니다,1,1.6974758534059854e-05
테이프로,1,1.6974758534059854e-05
갔으며,1,1.6974758534059854e-05
10y로,1,1.6974758534059854e-05
돌아갔다,1,1.6974758534059854e-05
xps와,1,1.6974758534059854e-05
파운드,1,1.6974758534059854e-05
굴린,1,1.6974758534059854e-05
말하면,1,1.6974758534059854e-05
노트북이있을,1,1.6974758534059854e-05
미만인이,1,1.6974758534059854e-05
파운드이고,1,1.6974758534059854e-05
결코,1,1.6974758534059854e-05
마크,1,1.6974758534059854e-05
클래스의,1,1.6974758534059854e-05
기쁩니다,1,1.6974758534059854e-05
아니라고보고하게되어,1,1.6974758534059854e-05
보낸,1,1.6974758534059854e-05
16과,1,1.6974758534059854e-05
실망했습니다,1,1.6974758534059854e-05
flex에,1,1.6974758534059854e-05
섀시의,1,1.6974758534059854e-05
관리,1,1.6974758534059854e-05
하위,1,1.6974758534059854e-05
인치에,1,1.6974758534059854e-05
살짜리,1,1.6974758534059854e-05
회수합니다,1,1.6974758534059854e-05
왕위를,1,1.6974758534059854e-05
왕으로서,1,1.6974758534059854e-05
부문의,1,1.6974758534059854e-05
열은,1,1.6974758534059854e-05
p16의,1,1.6974758534059854e-05
여부입니다,1,1.6974758534059854e-05
3k의,1,1.6974758534059854e-05
히치는,1,1.6974758534059854e-05
열려,1,1.6974758534059854e-05
아이디어에,1,1.6974758534059854e-05
pdp,1,1.6974758534059854e-05
sb_share_source,1,1.6974758534059854e-05
skuid,1,1.6974758534059854e-05
platinumuminum,1,1.6974758534059854e-05
해왔다,1,1.6974758534059854e-05
이름이라고,1,1.6974758534059854e-05
new,1,1.6974758534059854e-05
남아,1,1.6974758534059854e-05
리더로,1,1.6974758534059854e-05
선택하려고,1,1.6974758534059854e-05
사이를,1,1.6974758534059854e-05
소유자를위한,1,1.6974758534059854e-05
문제처럼,1,1.6974758534059854e-05
일관되고,1,1.6974758534059854e-05
크래킹,1,1.6974758534059854e-05
시간이되지,1,1.6974758534059854e-05
월에는,1,1.6974758534059854e-05
었으며,1,1.6974758534059854e-05
존재하지,1,1.6974758534059854e-05
ultra는,1,1.6974758534059854e-05
롭고,1,1.6974758534059854e-05
흥미,1,1.6974758534059854e-05
생태계,1,1.6974758534059854e-05
있었기,1,1.6974758534059854e-05
영원히,1,1.6974758534059854e-05
갤북,1,1.6974758534059854e-05
겜용,1,1.6974758534059854e-05
대학생이나,1,1.6974758534059854e-05
맥북가성비,1,1.6974758534059854e-05
렌탈,1,1.6974758534059854e-05
신청하세요,1,1.6974758534059854e-05
친절상담,1,1.6974758534059854e-05
스로틀이,1,1.6974758534059854e-05
max,1,1.6974758534059854e-05
섀시에서,1,1.6974758534059854e-05
max입니까,1,1.6974758534059854e-05
phones를,1,1.6974758534059854e-05
대안을,1,1.6974758534059854e-05
누군가,1,1.6974758534059854e-05
내부는,1,1.6974758534059854e-05
노력하고,1,1.6974758534059854e-05
결정했어요,1,1.6974758534059854e-05
상담을,1,1.6974758534059854e-05
찾아가서전문가와,1,1.6974758534059854e-05
검색해서,1,1.6974758534059854e-05
근처,1,1.6974758534059854e-05
비슷비슷한거같아서결국,1,1.6974758534059854e-05
사양에따라가격대가,1,1.6974758534059854e-05
알아보면서,1,1.6974758534059854e-05
결정하였어요인터넷으로,1,1.6974758534059854e-05
그램노트북으로,1,1.6974758534059854e-05
고민하다가엘지,1,1.6974758534059854e-05
선물해줬어요2주정도,1,1.6974758534059854e-05
작지만,1,1.6974758534059854e-05
맞이하며제,1,1.6974758534059854e-05
안녕하세요2024년도를,1,1.6974758534059854e-05
노트북렌탈,1,1.6974758534059854e-05
신용카드를,1,1.6974758534059854e-05
했는데저는,1,1.6974758534059854e-05
신한카드를,1,1.6974758534059854e-05
저렴한것같기도하고,1,1.6974758534059854e-05
조금더,1,1.6974758534059854e-05
같더라고요,1,1.6974758534059854e-05
상관없을거,1,1.6974758534059854e-05
구매하셔도,1,1.6974758534059854e-05
않고인터넷으로,1,1.6974758534059854e-05
매장가지,1,1.6974758534059854e-05
판단할수있는분들이라면,1,1.6974758534059854e-05
필요해지만스스로,1,1.6974758534059854e-05
못하기때문에전문가의,1,1.6974758534059854e-05
기기종류를,1,1.6974758534059854e-05
노트북같은,1,1.6974758534059854e-05
컴퓨터나,1,1.6974758534059854e-05
돌아오는,1,1.6974758534059854e-05
주말지나,1,1.6974758534059854e-05
좋았어요금요일에,1,1.6974758534059854e-05
금방와서,1,1.6974758534059854e-05
아쉽긴했지만그래도,1,1.6974758534059854e-05
받을수있다고해서조금,1,1.6974758534059854e-05
택배로,1,1.6974758534059854e-05
나와있어요,1,1.6974758534059854e-05
2대값으로,1,1.6974758534059854e-05
영수증은,1,1.6974758534059854e-05
같이사서,1,1.6974758534059854e-05
지인이랑,1,1.6974758534059854e-05
구매완료,1,1.6974758534059854e-05
샀어요2,1,1.6974758534059854e-05
조금만,1,1.6974758534059854e-05
만들고싶지않아서그냥,1,1.6974758534059854e-05
받자,1,1.6974758534059854e-05
하더라고요그래서,1,1.6974758534059854e-05
주문해야,1,1.6974758534059854e-05
받고나서,1,1.6974758534059854e-05
미리주문도,1,1.6974758534059854e-05
가능해서,1,1.6974758534059854e-05
신청이,1,1.6974758534059854e-05
넣어야,1,1.6974758534059854e-05
코드를,1,1.6974758534059854e-05
받을수있다는거예요,1,1.6974758534059854e-05
밸류팩은따로,1,1.6974758534059854e-05
그램오피스,1,1.6974758534059854e-05
마우스패드랑,1,1.6974758534059854e-05
무선마우스랑,1,1.6974758534059854e-05
아쉬운건,1,1.6974758534059854e-05
받았어요근데,1,1.6974758534059854e-05
아니지만그래서,1,1.6974758534059854e-05
들었던건,1,1.6974758534059854e-05
도넛무늬가,1,1.6974758534059854e-05
들었어요물론,1,1.6974758534059854e-05
기다린,1,1.6974758534059854e-05
노트북이랍니다,1,1.6974758534059854e-05
된제,1,1.6974758534059854e-05
완성체가,1,1.6974758534059854e-05
1주일만에,1,1.6974758534059854e-05
비로소,1,1.6974758534059854e-05
그것들을,1,1.6974758534059854e-05
사은품이라고해야할까요암튼,1,1.6974758534059854e-05
기다려서,1,1.6974758534059854e-05
며칠을,1,1.6974758534059854e-05
주문했어요그렇게,1,1.6974758534059854e-05
마자,1,1.6974758534059854e-05
생각했어요,1,1.6974758534059854e-05
다행이라고,1,1.6974758534059854e-05
도넛이,1,1.6974758534059854e-05
당황스럽긴했으나전,1,1.6974758534059854e-05
image좀,1,1.6974758534059854e-05
imagenext,1,1.6974758534059854e-05
변경되어있더라고요next,1,1.6974758534059854e-05
굿즈로,1,1.6974758534059854e-05
콜라보,1,1.6974758534059854e-05
나이스웨더,1,1.6974758534059854e-05
도넛굿즈에서,1,1.6974758534059854e-05
들어갔는데그새,1,1.6974758534059854e-05
홈페이지에,1,1.6974758534059854e-05
스샷을,1,1.6974758534059854e-05
봐줄만해요,1,1.6974758534059854e-05
귀염귀염해서,1,1.6974758534059854e-05
녹아서,1,1.6974758534059854e-05
북4프로는,1,1.6974758534059854e-05
샀었는데,1,1.6974758534059854e-05
북4프로,1,1.6974758534059854e-05
작업용으로,1,1.6974758534059854e-05
좋대요,1,1.6974758534059854e-05
큰화면이,1,1.6974758534059854e-05
아이는,1,1.6974758534059854e-05
드는데,1,1.6974758534059854e-05
이천엘지베스트샵,1,1.6974758534059854e-05
엘지그램프로,1,1.6974758534059854e-05
엘지노트북,1,1.6974758534059854e-05
있길,1,1.6974758534059854e-05
좋은일만,1,1.6974758534059854e-05
들고다닐예정이요2024년도,1,1.6974758534059854e-05
폭신폭신해서당분간은,1,1.6974758534059854e-05
이미지의,1,1.6974758534059854e-05
했다고요,1,1.6974758534059854e-05
고급스럽다고,1,1.6974758534059854e-05
알루가,1,1.6974758534059854e-05
이과가,1,1.6974758534059854e-05
더크다,1,1.6974758534059854e-05
될수,1,1.6974758534059854e-05
비교대상이,1,1.6974758534059854e-05
차이면,1,1.6974758534059854e-05
저무게,1,1.6974758534059854e-05
저가격차이,1,1.6974758534059854e-05
감사히,1,1.6974758534059854e-05
합방,1,1.6974758534059854e-05
jn테크다,1,1.6974758534059854e-05
전기코드를,1,1.6974758534059854e-05
충전기랑,1,1.6974758534059854e-05
남겨볼까,1,1.6974758534059854e-05
소감을,1,1.6974758534059854e-05
사용했고,1,1.6974758534059854e-05
말이에요,1,1.6974758534059854e-05
휴가중인데,1,1.6974758534059854e-05
왔네요,1,1.6974758534059854e-05
해버리고,1,1.6974758534059854e-05
되는지,1,1.6974758534059854e-05
해봤어요,1,1.6974758534059854e-05
실사용을,1,1.6974758534059854e-05
오늘에야,1,1.6974758534059854e-05
넘은,1,1.6974758534059854e-05
열흘이,1,1.6974758534059854e-05
올리나,1,1.6974758534059854e-05
뭐하러,1,1.6974758534059854e-05
모자이크인데,1,1.6974758534059854e-05
모자이크,1,1.6974758534059854e-05
느껴지거든요,1,1.6974758534059854e-05
한껏,1,1.6974758534059854e-05
시원함에서,1,1.6974758534059854e-05
대만족이에요,1,1.6974758534059854e-05
화면크기정말,1,1.6974758534059854e-05
변수가,1,1.6974758534059854e-05
백팩을,1,1.6974758534059854e-05
안들어요,1,1.6974758534059854e-05
크기도,1,1.6974758534059854e-05
우겨넣으면,1,1.6974758534059854e-05
크기귀퉁이를,1,1.6974758534059854e-05
수월하다는,1,1.6974758534059854e-05
들고다니기,1,1.6974758534059854e-05
요인인,1,1.6974758534059854e-05
무게그램을,1,1.6974758534059854e-05
업무상,1,1.6974758534059854e-05
요인이었습니다,1,1.6974758534059854e-05
오게,1,1.6974758534059854e-05
포기하면서까지,1,1.6974758534059854e-05
숫자패드루나레이크를,1,1.6974758534059854e-05
일이죠,1,1.6974758534059854e-05
감지덕지한,1,1.6974758534059854e-05
있다는게,1,1.6974758534059854e-05
휴대할,1,1.6974758534059854e-05
사이즈였다는,1,1.6974758534059854e-05
실사용이,1,1.6974758534059854e-05
띄워놓고,1,1.6974758534059854e-05
않으실,1,1.6974758534059854e-05
느껴지지,1,1.6974758534059854e-05
해놔서,1,1.6974758534059854e-05
떡칠을,1,1.6974758534059854e-05
돌아왔습니다,1,1.6974758534059854e-05
5시간동안,1,1.6974758534059854e-05
완충,1,1.6974758534059854e-05
배터리99,1,1.6974758534059854e-05
선택이지,1,1.6974758534059854e-05
느끼니,1,1.6974758534059854e-05
쾌적함을,1,1.6974758534059854e-05
키의,1,1.6974758534059854e-05
엔터,1,1.6974758534059854e-05
키와,1,1.6974758534059854e-05
차이점인,1,1.6974758534059854e-05
3열과의,1,1.6974758534059854e-05
입력할,1,1.6974758534059854e-05
숫자를,1,1.6974758534059854e-05
하실거에요,1,1.6974758534059854e-05
숫자패드를,1,1.6974758534059854e-05
8시간,1,1.6974758534059854e-05
사용환경에서,1,1.6974758534059854e-05
녹는다는,1,1.6974758534059854e-05
사용했다보니,1,1.6974758534059854e-05
소모됐거든요,1,1.6974758534059854e-05
30분간,1,1.6974758534059854e-05
환산하기엔,1,1.6974758534059854e-05
사용예상,1,1.6974758534059854e-05
5시간당,1,1.6974758534059854e-05
심하기,1,1.6974758534059854e-05
뻥튀기가,1,1.6974758534059854e-05
일때,1,1.6974758534059854e-05
사용했고요,1,1.6974758534059854e-05
블투마우스,1,1.6974758534059854e-05
vpn,1,1.6974758534059854e-05
화면밝기,1,1.6974758534059854e-05
14인치와,1,1.6974758534059854e-05
따랐던,1,1.6974758534059854e-05
여러모로,1,1.6974758534059854e-05
한계때문에,1,1.6974758534059854e-05
가상윈도우라는,1,1.6974758534059854e-05
말씀드리면,1,1.6974758534059854e-05
좋을까요,1,1.6974758534059854e-05
이래주면,1,1.6974758534059854e-05
모르겠네요,1,1.6974758534059854e-05
있을지,1,1.6974758534059854e-05
기회가,1,1.6974758534059854e-05
해볼,1,1.6974758534059854e-05
올데이로,1,1.6974758534059854e-05
싶은데,1,1.6974758534059854e-05
버티지,1,1.6974758534059854e-05
내외를,1,1.6974758534059854e-05
우월하다는건,1,1.6974758534059854e-05
애로우보다,1,1.6974758534059854e-05
루나가,1,1.6974758534059854e-05
했던데요,1,1.6974758534059854e-05
해외에선,1,1.6974758534059854e-05
하루에,1,1.6974758534059854e-05
안내놓는지,1,1.6974758534059854e-05
루나레이크,1,1.6974758534059854e-05
타법으로,1,1.6974758534059854e-05
독수리,1,1.6974758534059854e-05
숫자키를,1,1.6974758534059854e-05
입력시,1,1.6974758534059854e-05
점과,1,1.6974758534059854e-05
환경이란,1,1.6974758534059854e-05
네이티브,1,1.6974758534059854e-05
업무가,1,1.6974758534059854e-05
돈벌면,1,1.6974758534059854e-05
로망이,1,1.6974758534059854e-05
gram에,1,1.6974758534059854e-05
옛날부터,1,1.6974758534059854e-05
후기입니다,1,1.6974758534059854e-05
사고싶었던,1,1.6974758534059854e-05
좀씩,1,1.6974758534059854e-05
서브가,1,1.6974758534059854e-05
a14같은,1,1.6974758534059854e-05
카페를,1,1.6974758534059854e-05
간략한,1,1.6974758534059854e-05
자의,1,1.6974758534059854e-05
핑계로,1,1.6974758534059854e-05
같거든요,1,1.6974758534059854e-05
적합할,1,1.6974758534059854e-05
패턴,1,1.6974758534059854e-05
6개월동안,1,1.6974758534059854e-05
아니기때문에,1,1.6974758534059854e-05
협찬이,1,1.6974758534059854e-05
광고,1,1.6974758534059854e-05
구매했었습니다,1,1.6974758534059854e-05
거침없이,1,1.6974758534059854e-05
ed7hk,1,1.6974758534059854e-05
17z90sp,1,1.6974758534059854e-05
해서lg,1,1.6974758534059854e-05
사자,1,1.6974758534059854e-05
pc없이,1,1.6974758534059854e-05
많았었는데,1,1.6974758534059854e-05
노트북입니다외장그래픽,1,1.6974758534059854e-05
생기자마자,1,1.6974758534059854e-05
물건이라여유가,1,1.6974758534059854e-05
했었던,1,1.6974758534059854e-05
적당합니다,1,1.6974758534059854e-05
꽂혀있어,1,1.6974758534059854e-05
포트2개,1,1.6974758534059854e-05
포트로는,1,1.6974758534059854e-05
못찍었지만,1,1.6974758534059854e-05
이더라고요들고다니기에는,1,1.6974758534059854e-05
379g,1,1.6974758534059854e-05
무게를,1,1.6974758534059854e-05
가볍긴합니다,1,1.6974758534059854e-05
gram이라,1,1.6974758534059854e-05
노트북인데도,1,1.6974758534059854e-05
17인치라,1,1.6974758534059854e-05
였습니다,1,1.6974758534059854e-05
gram이다,1,1.6974758534059854e-05
공유하려고합니다,1,1.6974758534059854e-05
장단점에,1,1.6974758534059854e-05
문서작성,1,1.6974758534059854e-05
찍어봤습니다,1,1.6974758534059854e-05
이뻐서,1,1.6974758534059854e-05
만족합니다이건,1,1.6974758534059854e-05
안써봐서,1,1.6974758534059854e-05
그전,1,1.6974758534059854e-05
안좋아졌단,1,1.6974758534059854e-05
자판,1,1.6974758534059854e-05
있습니다17인치부터,1,1.6974758534059854e-05
조절할,1,1.6974758534059854e-05
high로,1,1.6974758534059854e-05
불도,1,1.6974758534059854e-05
오래가고,1,1.6974758534059854e-05
필요없이,1,1.6974758534059854e-05
허브가,1,1.6974758534059854e-05
포트로,1,1.6974758534059854e-05
물으신다면,1,1.6974758534059854e-05
만족스럽냐,1,1.6974758534059854e-05
드네요가격대비,1,1.6974758534059854e-05
같단,1,1.6974758534059854e-05
위주이신,1,1.6974758534059854e-05
닳더라고요,1,1.6974758534059854e-05
많이되고,1,1.6974758534059854e-05
부족했었습니다,1,1.6974758534059854e-05
게임용도로는,1,1.6974758534059854e-05
좋았으나,1,1.6974758534059854e-05
더활나위,1,1.6974758534059854e-05
문서작성은,1,1.6974758534059854e-05
사용해본결과,1,1.6974758534059854e-05
구매했었는데6개월,1,1.6974758534059854e-05
사용하려고,1,1.6974758534059854e-05
리그오브레전드,1,1.6974758534059854e-05
배터리4,1,1.6974758534059854e-05
가벼움3,1,1.6974758534059854e-05
디자인2,1,1.6974758534059854e-05
이쁜,1,1.6974758534059854e-05
장점요약1,1,1.6974758534059854e-05
만족스럽고,1,1.6974758534059854e-05
실제로도,1,1.6974758534059854e-05
너무좋다,1,1.6974758534059854e-05
노브툭,1,1.6974758534059854e-05
내꺼다,1,1.6974758534059854e-05
지금이야,1,1.6974758534059854e-05
괜찮았겠다,1,1.6974758534059854e-05
샀어도,1,1.6974758534059854e-05
돈이라,1,1.6974758534059854e-05
못한,1,1.6974758534059854e-05
반반입니다제가,1,1.6974758534059854e-05
하이마트에,1,1.6974758534059854e-05
권선동에,1,1.6974758534059854e-05
계약오늘은,1,1.6974758534059854e-05
386예약오늘의,1,1.6974758534059854e-05
경수대로,1,1.6974758534059854e-05
권선구,1,1.6974758534059854e-05
수원시,1,1.6974758534059854e-05
수원점경기도,1,1.6974758534059854e-05
corp,1,1.6974758534059854e-05
50m,1,1.6974758534059854e-05
작업시,1,1.6974758534059854e-05
부족함3,1,1.6974758534059854e-05
조금의,1,1.6974758534059854e-05
게임에는,1,1.6974758534059854e-05
가격2,1,1.6974758534059854e-05
카드단점요약1,1,1.6974758534059854e-05
가전렌탈,1,1.6974758534059854e-05
노트북렌탈사은품,1,1.6974758534059854e-05
lg노트북렌탈비용,1,1.6974758534059854e-05
사무용노트북렌탈,1,1.6974758534059854e-05
만료되는,1,1.6974758534059854e-05
계약이,1,1.6974758534059854e-05
거주하며,1,1.6974758534059854e-05
34평에,1,1.6974758534059854e-05
정리했었다,1,1.6974758534059854e-05
줄이며,1,1.6974758534059854e-05
평수를,1,1.6974758534059854e-05
20평으로,1,1.6974758534059854e-05
34평에서,1,1.6974758534059854e-05
오면서,1,1.6974758534059854e-05
수원으로,1,1.6974758534059854e-05
방문했다,1,1.6974758534059854e-05
수원의,1,1.6974758534059854e-05
겪으며,1,1.6974758534059854e-05
전세사기를,1,1.6974758534059854e-05
전세사기,1,1.6974758534059854e-05
연중무휴,1,1.6974758534059854e-05
365일,1,1.6974758534059854e-05
면제,1,1.6974758534059854e-05
설치비,1,1.6974758534059854e-05
가입비,1,1.6974758534059854e-05
빠른설치,1,1.6974758534059854e-05
전국,1,1.6974758534059854e-05
제품별,1,1.6974758534059854e-05
브랜드별,1,1.6974758534059854e-05
간편신청,1,1.6974758534059854e-05
홈페이지를,1,1.6974758534059854e-05
대박렌탈,1,1.6974758534059854e-05
방문한,1,1.6974758534059854e-05
최저가도,1,1.6974758534059854e-05
받아보았지만,1,1.6974758534059854e-05
트레이더스에서,1,1.6974758534059854e-05
스타필드,1,1.6974758534059854e-05
가전지난번,1,1.6974758534059854e-05
적을,1,1.6974758534059854e-05
86인치,1,1.6974758534059854e-05
4도어,1,1.6974758534059854e-05
하기에,1,1.6974758534059854e-05
34평대,1,1.6974758534059854e-05
판매했다,1,1.6974758534059854e-05
헐값에,1,1.6974758534059854e-05
에어컨,1,1.6974758534059854e-05
했기에,1,1.6974758534059854e-05
20평대,1,1.6974758534059854e-05
pram,1,1.6974758534059854e-05
적어본다,1,1.6974758534059854e-05
해놓았기에,1,1.6974758534059854e-05
배송을,1,1.6974758534059854e-05
맞춰,1,1.6974758534059854e-05
날짜에,1,1.6974758534059854e-05
가전은,1,1.6974758534059854e-05
제외한,1,1.6974758534059854e-05
적용시,1,1.6974758534059854e-05
군인할인,1,1.6974758534059854e-05
캐시백,1,1.6974758534059854e-05
상품권,1,1.6974758534059854e-05
제휴카드,1,1.6974758534059854e-05
저렴했다,1,1.6974758534059854e-05
하이마트가,1,1.6974758534059854e-05
하이마트까지,1,1.6974758534059854e-05
상당하다,1,1.6974758534059854e-05
착용하면,1,1.6974758534059854e-05
다니기에는,1,1.6974758534059854e-05
휴대하고,1,1.6974758534059854e-05
현재까지도,1,1.6974758534059854e-05
노트북이었다,1,1.6974758534059854e-05
친형이,1,1.6974758534059854e-05
교육을,1,1.6974758534059854e-05
미국으로,1,1.6974758534059854e-05
중이던,1,1.6974758534059854e-05
무게라는,1,1.6974758534059854e-05
단위의,1,1.6974758534059854e-05
이름답게,1,1.6974758534059854e-05
gram이라는,1,1.6974758534059854e-05
aa50k,1,1.6974758534059854e-05
언박싱모델,1,1.6974758534059854e-05
구독이었다,1,1.6974758534059854e-05
제외하고도,1,1.6974758534059854e-05
장점이라고,1,1.6974758534059854e-05
가전매장과,1,1.6974758534059854e-05
구독다른,1,1.6974758534059854e-05
가벼웠다,1,1.6974758534059854e-05
크기와,1,1.6974758534059854e-05
타입이며,1,1.6974758534059854e-05
케이블충전,1,1.6974758534059854e-05
독보적인,1,1.6974758534059854e-05
gram만의,1,1.6974758534059854e-05
무게보다,1,1.6974758534059854e-05
착용한,1,1.6974758534059854e-05
ipad를,1,1.6974758534059854e-05
휴대하더라도,1,1.6974758534059854e-05
아이패트보다도,1,1.6974758534059854e-05
있었으며,1,1.6974758534059854e-05
연동하는데,1,1.6974758534059854e-05
노트북에서는,1,1.6974758534059854e-05
사용한다,1,1.6974758534059854e-05
중학교,1,1.6974758534059854e-05
연동아내는,1,1.6974758534059854e-05
매장가,1,1.6974758534059854e-05
ms오피스를,1,1.6974758534059854e-05
11은,1,1.6974758534059854e-05
주었다,1,1.6974758534059854e-05
제공해,1,1.6974758534059854e-05
무료로,1,1.6974758534059854e-05
1년만,1,1.6974758534059854e-05
구매해야,1,1.6974758534059854e-05
개별,1,1.6974758534059854e-05
방문했던,1,1.6974758534059854e-05
포기해서인지,1,1.6974758534059854e-05
사업을,1,1.6974758534059854e-05
양해,1,1.6974758534059854e-05
얘기가,1,1.6974758534059854e-05
꿈같은,1,1.6974758534059854e-05
슬림한노트북,1,1.6974758534059854e-05
가벼운노트북추천모델,1,1.6974758534059854e-05
하는거겠죠,1,1.6974758534059854e-05
찾는다는건,1,1.6974758534059854e-05
net좋은모델을,1,1.6974758534059854e-05
shop,1,1.6974758534059854e-05
rental,1,1.6974758534059854e-05
대박렌탈대박렌탈대박렌탈daebak,1,1.6974758534059854e-05
13700hx,1,1.6974758534059854e-05
165hz,1,1.6974758534059854e-05
다룰지,1,1.6974758534059854e-05
신문물을,1,1.6974758534059854e-05
화면아내와,1,1.6974758534059854e-05
애플리케이션,1,1.6974758534059854e-05
간편하고,1,1.6974758534059854e-05
맥북렌탈요금,1,1.6974758534059854e-05
있을거라,1,1.6974758534059854e-05
해줄수,1,1.6974758534059854e-05
빠삭하게,1,1.6974758534059854e-05
노트북렌탈기간,1,1.6974758534059854e-05
학생용노트북추천,1,1.6974758534059854e-05
바라겠습니다,1,1.6974758534059854e-05
판매합니다,1,1.6974758534059854e-05
이루고,1,1.6974758534059854e-05
짝을,1,1.6974758534059854e-05
파일전송이,1,1.6974758534059854e-05
아이폰을,1,1.6974758534059854e-05
5천,1,1.6974758534059854e-05
4만,1,1.6974758534059854e-05
상당의,1,1.6974758534059854e-05
13만,1,1.6974758534059854e-05
외장하드,1,1.6974758534059854e-05
준다,1,1.6974758534059854e-05
증정해,1,1.6974758534059854e-05
하이마트에서는,1,1.6974758534059854e-05
사은품현재,1,1.6974758534059854e-05
못했기에,1,1.6974758534059854e-05
다루지,1,1.6974758534059854e-05
기술력을,1,1.6974758534059854e-05
귀엽게,1,1.6974758534059854e-05
보시기에,1,1.6974758534059854e-05
다루시는,1,1.6974758534059854e-05
경험했다,1,1.6974758534059854e-05
우리에게,1,1.6974758534059854e-05
구매하였기에,1,1.6974758534059854e-05
받아왔다,1,1.6974758534059854e-05
원치,1,1.6974758534059854e-05
받길,1,1.6974758534059854e-05
많다,1,1.6974758534059854e-05
키보드들이,1,1.6974758534059854e-05
집에는,1,1.6974758534059854e-05
충동이,1,1.6974758534059854e-05
헤드셋,1,1.6974758534059854e-05
취미를,1,1.6974758534059854e-05
수집하는,1,1.6974758534059854e-05
용품을,1,1.6974758534059854e-05
독특하게,1,1.6974758534059854e-05
1가지를,1,1.6974758534059854e-05
원에,1,1.6974758534059854e-05
마친,1,1.6974758534059854e-05
이후,1,1.6974758534059854e-05
정리할,1,1.6974758534059854e-05
기업의,1,1.6974758534059854e-05
빠르며,1,1.6974758534059854e-05
보았다,1,1.6974758534059854e-05
작성해,1,1.6974758534059854e-05
내용만,1,1.6974758534059854e-05
직관적인,1,1.6974758534059854e-05
모르기에,1,1.6974758534059854e-05
전문적인,1,1.6974758534059854e-05
성능이나,1,1.6974758534059854e-05
cpu의,1,1.6974758534059854e-05
없었다,1,1.6974758534059854e-05
구매의사가,1,1.6974758534059854e-05
불필요했기에,1,1.6974758534059854e-05
lg가전,1,1.6974758534059854e-05
하이마트가전,1,1.6974758534059854e-05
수원롯데하이마트,1,1.6974758534059854e-05
감사하다,1,1.6974758534059854e-05
하루도,1,1.6974758534059854e-05
일들이,1,1.6974758534059854e-05
작성하였다,1,1.6974758534059854e-05
계약서도,1,1.6974758534059854e-05
어바니티에,1,1.6974758534059854e-05
풍경채,1,1.6974758534059854e-05
광교,1,1.6974758534059854e-05
계약을,1,1.6974758534059854e-05
아가도,1,1.6974758534059854e-05
출산,1,1.6974758534059854e-05
친한,1,1.6974758534059854e-05
아내의,1,1.6974758534059854e-05
느낀장점과,1,1.6974758534059854e-05
2주간,1,1.6974758534059854e-05
내돈내산으로구입해,1,1.6974758534059854e-05
2025년형,1,1.6974758534059854e-05
되었고며칠,1,1.6974758534059854e-05
찾게,1,1.6974758534059854e-05
모두를만족시키는,1,1.6974758534059854e-05
쓰려고휴대성과,1,1.6974758534059854e-05
틈날,1,1.6974758534059854e-05
출장가거나,1,1.6974758534059854e-05
직장인이에요,1,1.6974758534059854e-05
병행,1,1.6974758534059854e-05
프리랜서업무도,1,1.6974758534059854e-05
lggramlink,1,1.6974758534059854e-05
grampro16인치,1,1.6974758534059854e-05
14세대gram,1,1.6974758534059854e-05
고민한,1,1.6974758534059854e-05
따져보며,1,1.6974758534059854e-05
성능을꼼꼼히,1,1.6974758534059854e-05
gpt와,1,1.6974758534059854e-05
비교하게,1,1.6974758534059854e-05
스펙하나하나,1,1.6974758534059854e-05
비슷해서,1,1.6974758534059854e-05
모델명이,1,1.6974758534059854e-05
14zd90s,1,1.6974758534059854e-05
14zd90q,1,1.6974758534059854e-05
알지만,1,1.6974758534059854e-05
언박싱엘지,1,1.6974758534059854e-05
note,1,1.6974758534059854e-05
많은지,1,1.6974758534059854e-05
모델명이왜,1,1.6974758534059854e-05
찐후기,1,1.6974758534059854e-05
갤럭시북이최근,1,1.6974758534059854e-05
이유3년,1,1.6974758534059854e-05
좋음기존,1,1.6974758534059854e-05
모델이면,1,1.6974758534059854e-05
그래서실구매가,1,1.6974758534059854e-05
중요,1,1.6974758534059854e-05
환영,1,1.6974758534059854e-05
편임,1,1.6974758534059854e-05
서핑,1,1.6974758534059854e-05
조건은,1,1.6974758534059854e-05
gx56k였어요,1,1.6974758534059854e-05
게14zd90t,1,1.6974758534059854e-05
있는모델로,1,1.6974758534059854e-05
실속,1,1.6974758534059854e-05
밸런스,1,1.6974758534059854e-05
끝에가장,1,1.6974758534059854e-05
최강,1,1.6974758534059854e-05
피셜,1,1.6974758534059854e-05
제품이었어요,1,1.6974758534059854e-05
모델이바로,1,1.6974758534059854e-05
맞은,1,1.6974758534059854e-05
싶었고,1,1.6974758534059854e-05
최신형,1,1.6974758534059854e-05
알아보게,1,1.6974758534059854e-05
저는급히,1,1.6974758534059854e-05
동생,1,1.6974758534059854e-05
느려지더라고요,1,1.6974758534059854e-05
걸리거나,1,1.6974758534059854e-05
열어도렉,1,1.6974758534059854e-05
개만,1,1.6974758534059854e-05
버벅이고,1,1.6974758534059854e-05
멀티태스킹에서자주,1,1.6974758534059854e-05
노트북렌탈신청가입,1,1.6974758534059854e-05
좋은이야기를,1,1.6974758534059854e-05
잘쓰고,1,1.6974758534059854e-05
me스펙,1,1.6974758534059854e-05
링크에서,1,1.6974758534059854e-05
원대까지떨어지더라고요,1,1.6974758534059854e-05
실구매가,1,1.6974758534059854e-05
92점,1,1.6974758534059854e-05
평점도,1,1.6974758534059854e-05
드물지,1,1.6974758534059854e-05
구성은,1,1.6974758534059854e-05
실제로이,1,1.6974758534059854e-05
나왔고,1,1.6974758534059854e-05
결론이,1,1.6974758534059854e-05
2025년기준,1,1.6974758534059854e-05
gx56k가,1,1.6974758534059854e-05
12kg,1,1.6974758534059854e-05
안티글레어무게,1,1.6974758534059854e-05
256gb디스플레이,1,1.6974758534059854e-05
7467mhz,1,1.6974758534059854e-05
연산,1,1.6974758534059854e-05
225h,1,1.6974758534059854e-05
보시기,1,1.6974758534059854e-05
장기노트북렌탈,1,1.6974758534059854e-05
가정용노트북렌탈,1,1.6974758534059854e-05
알수만,1,1.6974758534059854e-05
판단력을,1,1.6974758534059854e-05
여러분의,1,1.6974758534059854e-05
들어보셨겠죠,1,1.6974758534059854e-05
이런것도,1,1.6974758534059854e-05
노트북렌탈지원금,1,1.6974758534059854e-05
노트북렌탈현금지원,1,1.6974758534059854e-05
기능과클라우드,1,1.6974758534059854e-05
음성명령,1,1.6974758534059854e-05
지원문서,1,1.6974758534059854e-05
무리없고체감,1,1.6974758534059854e-05
쾌적했어요,1,1.6974758534059854e-05
전환이부드러워서,1,1.6974758534059854e-05
성능부팅이,1,1.6974758534059854e-05
이전보다,1,1.6974758534059854e-05
레이크라,1,1.6974758534059854e-05
단점애로우,1,1.6974758534059854e-05
등실사용,1,1.6974758534059854e-05
디바이스,1,1.6974758534059854e-05
로그인소프트웨어,1,1.6974758534059854e-05
가볍죠,1,1.6974758534059854e-05
묵직하지만,1,1.6974758534059854e-05
그램치고는살짝,1,1.6974758534059854e-05
출근길,1,1.6974758534059854e-05
느껴지고요,1,1.6974758534059854e-05
들기에도등이,1,1.6974758534059854e-05
여자가,1,1.6974758534059854e-05
12kg로,1,1.6974758534059854e-05
적응기1,1,1.6974758534059854e-05
가능휴대성,1,1.6974758534059854e-05
배터리로하루,1,1.6974758534059854e-05
선명72wh,1,1.6974758534059854e-05
배터리눈부심,1,1.6974758534059854e-05
화면과,1,1.6974758534059854e-05
되네요,1,1.6974758534059854e-05
아니라실제로,1,1.6974758534059854e-05
좋겠지,1,1.6974758534059854e-05
다양했어요,1,1.6974758534059854e-05
기능까지,1,1.6974758534059854e-05
요청해야,1,1.6974758534059854e-05
스토어에미리,1,1.6974758534059854e-05
못하면,1,1.6974758534059854e-05
만약혼자,1,1.6974758534059854e-05
모델이라이걸,1,1.6974758534059854e-05
freedos,1,1.6974758534059854e-05
미포함된프리도스,1,1.6974758534059854e-05
만족하면서잘,1,1.6974758534059854e-05
상태예요,1,1.6974758534059854e-05
적응되고지금은,1,1.6974758534059854e-05
지나니까,1,1.6974758534059854e-05
답답했지만,1,1.6974758534059854e-05
느껴져서처음엔,1,1.6974758534059854e-05
좁게,1,1.6974758534059854e-05
다니기에,1,1.6974758534059854e-05
도서관들고,1,1.6974758534059854e-05
쾌적해요,1,1.6974758534059854e-05
1인석에서,1,1.6974758534059854e-05
생각뿐이에요,1,1.6974758534059854e-05
작업용으로딱,1,1.6974758534059854e-05
만에적응,1,1.6974758534059854e-05
당황했지만,1,1.6974758534059854e-05
느낌에좀,1,1.6974758534059854e-05
좁은,1,1.6974758534059854e-05
이전에썼던,1,1.6974758534059854e-05
14인치라,1,1.6974758534059854e-05
아니더라도잘,1,1.6974758534059854e-05
완벽까진,1,1.6974758534059854e-05
초보자에겐벽이,1,1.6974758534059854e-05
있어해결했지만,1,1.6974758534059854e-05
올라가요,1,1.6974758534059854e-05
경우엔가격이,1,1.6974758534059854e-05
대학생최신,1,1.6974758534059854e-05
프리랜서,1,1.6974758534059854e-05
중요시하는직장인,1,1.6974758534059854e-05
가벼운휴대성을,1,1.6974758534059854e-05
다녀야,1,1.6974758534059854e-05
분들고,1,1.6974758534059854e-05
인터넷창도,1,1.6974758534059854e-05
문서작업을,1,1.6974758534059854e-05
피그마,1,1.6974758534059854e-05
적합,1,1.6974758534059854e-05
분께,1,1.6974758534059854e-05
봐요,1,1.6974758534059854e-05
기준으론,1,1.6974758534059854e-05
괜찮으니,1,1.6974758534059854e-05
유용하고가격까지,1,1.6974758534059854e-05
빠릿하고,1,1.6974758534059854e-05
장만,1,1.6974758534059854e-05
하나큰맘,1,1.6974758534059854e-05
새학기를맞이,1,1.6974758534059854e-05
수집가,1,1.6974758534059854e-05
112만,1,1.6974758534059854e-05
빼면최종가,1,1.6974758534059854e-05
여기에구매,1,1.6974758534059854e-05
기준정가,1,1.6974758534059854e-05
me실구매가,1,1.6974758534059854e-05
답변드릴게요,1,1.6974758534059854e-05
내돈내산경험으로,1,1.6974758534059854e-05
댓글주심2주간,1,1.6974758534059854e-05
궁금한,1,1.6974758534059854e-05
오래가는노트북이,1,1.6974758534059854e-05
분빠릿하며,1,1.6974758534059854e-05
좋은2025년형,1,1.6974758534059854e-05
gx76klg,1,1.6974758534059854e-05
notebook,1,1.6974758534059854e-05
되었어요https,1,1.6974758534059854e-05
했고ssd,1,1.6974758534059854e-05
때추가,1,1.6974758534059854e-05
생방송,1,1.6974758534059854e-05
였어요카카오,1,1.6974758534059854e-05
16인치빠른cpu,1,1.6974758534059854e-05
부분은화면,1,1.6974758534059854e-05
했어요구매시,1,1.6974758534059854e-05
새학기라,1,1.6974758534059854e-05
종류도,1,1.6974758534059854e-05
올랐는데요,1,1.6974758534059854e-05
선택지에,1,1.6974758534059854e-05
사람에겐lg,1,1.6974758534059854e-05
하였습니다,1,1.6974758534059854e-05
그만,1,1.6974758534059854e-05
다가,1,1.6974758534059854e-05
보태,1,1.6974758534059854e-05
안나길래보태,1,1.6974758534059854e-05
하다가가격이,1,1.6974758534059854e-05
고르려고,1,1.6974758534059854e-05
되었어요그램라인에서,1,1.6974758534059854e-05
4일,1,1.6974758534059854e-05
알았는데결제,1,1.6974758534059854e-05
필수라서,1,1.6974758534059854e-05
않았어요윈도우는,1,1.6974758534059854e-05
깔려있지,1,1.6974758534059854e-05
제품이라안에,1,1.6974758534059854e-05
kr아,1,1.6974758534059854e-05
155h와,1,1.6974758534059854e-05
gx76k는,1,1.6974758534059854e-05
16기가그래픽,1,1.6974758534059854e-05
155h메모리,1,1.6974758534059854e-05
하더라고요,1,1.6974758534059854e-05
화면도크고,1,1.6974758534059854e-05
있어요16인치라,1,1.6974758534059854e-05
타입이,1,1.6974758534059854e-05
한쪽에,1,1.6974758534059854e-05
큽니다,1,1.6974758534059854e-05
성능으로구매,1,1.6974758534059854e-05
이번엔,1,1.6974758534059854e-05
걸렸는데,1,1.6974758534059854e-05
되어서넘,1,1.6974758534059854e-05
8년,1,1.6974758534059854e-05
볼게요전에,1,1.6974758534059854e-05
이겠지요,1,1.6974758534059854e-05
신상이니까,1,1.6974758534059854e-05
제품이라윈도우랑,1,1.6974758534059854e-05
가능해요프리도스,1,1.6974758534059854e-05
서비스센터에서,1,1.6974758534059854e-05
있어고장날때,1,1.6974758534059854e-05
등록서가,1,1.6974758534059854e-05
안내랑,1,1.6974758534059854e-05
이어폰잭안에,1,1.6974758534059854e-05
pd,1,1.6974758534059854e-05
usb4,1,1.6974758534059854e-05
1199g포트,1,1.6974758534059854e-05
충전기무게,1,1.6974758534059854e-05
미탑재배터리,1,1.6974758534059854e-05
ag,1,1.6974758534059854e-05
2560x1600144hz,1,1.6974758534059854e-05
1개화면,1,1.6974758534059854e-05
arcssd,1,1.6974758534059854e-05
이정도도,1,1.6974758534059854e-05
가볍게나왔다고,1,1.6974758534059854e-05
무게이고,1,1.6974758534059854e-05
2kg의,1,1.6974758534059854e-05
가더라고요약1,1,1.6974758534059854e-05
충전도한번,1,1.6974758534059854e-05
해요65w로,1,1.6974758534059854e-05
했다고,1,1.6974758534059854e-05
최신ips,1,1.6974758534059854e-05
프레임레이트를지원하는,1,1.6974758534059854e-05
고해상도144hz,1,1.6974758534059854e-05
디스플레이도2560,1,1.6974758534059854e-05
있어서유용하고,1,1.6974758534059854e-05
걸리셨어요화이트에다가,1,1.6974758534059854e-05
들여다,1,1.6974758534059854e-05
해서설명서좀,1,1.6974758534059854e-05
0716zd90sp,1,1.6974758534059854e-05
gx76k재생16좋아요000,1,1.6974758534059854e-05
하네용16zd90sp,1,1.6974758534059854e-05
가능하다고,1,1.6974758534059854e-05
전송도,1,1.6974758534059854e-05
노트북과스마트폰,1,1.6974758534059854e-05
통해서,1,1.6974758534059854e-05
링크를,1,1.6974758534059854e-05
졌고al,1,1.6974758534059854e-05
높아,1,1.6974758534059854e-05
싶어요cpu도,1,1.6974758534059854e-05
있었어요이정도면,1,1.6974758534059854e-05
usb선이,1,1.6974758534059854e-05
이어폰선오른쪽에는,1,1.6974758534059854e-05
충전선,1,1.6974758534059854e-05
느꼈어요왼쪽에는,1,1.6974758534059854e-05
com링크를,1,1.6974758534059854e-05
다운로드www,1,1.6974758534059854e-05
windows11windows,1,1.6974758534059854e-05
download,1,1.6974758534059854e-05
software,1,1.6974758534059854e-05
ko,1,1.6974758534059854e-05
해요https,1,1.6974758534059854e-05
해주어여야,1,1.6974758534059854e-05
꽃아,1,1.6974758534059854e-05
프리도스노트북에,1,1.6974758534059854e-05
되는데요운영체제가,1,1.6974758534059854e-05
설치해주면,1,1.6974758534059854e-05
가봅시다노트북에,1,1.6974758534059854e-05
하러,1,1.6974758534059854e-05
키고,1,1.6974758534059854e-05
gx76k전원,1,1.6974758534059854e-05
컴퓨터에,1,1.6974758534059854e-05
하면바로,1,1.6974758534059854e-05
띵하네이건,1,1.6974758534059854e-05
머리가,1,1.6974758534059854e-05
또해야한다,1,1.6974758534059854e-05
컴퓨터를사용하기,1,1.6974758534059854e-05
있었어요설치,1,1.6974758534059854e-05
걸렸다,1,1.6974758534059854e-05
않은데잘,1,1.6974758534059854e-05
어렵지는,1,1.6974758534059854e-05
합니다방법이,1,1.6974758534059854e-05
가야,1,1.6974758534059854e-05
창으로,1,1.6974758534059854e-05
눌러서다른,1,1.6974758534059854e-05
연속으로,1,1.6974758534059854e-05
됩니다설치,1,1.6974758534059854e-05
안돌아가는건아닌데,1,1.6974758534059854e-05
먹었더니,1,1.6974758534059854e-05
열심히굴려,1,1.6974758534059854e-05
가성비도,1,1.6974758534059854e-05
켜지는데10분,1,1.6974758534059854e-05
하더라고요14인치,1,1.6974758534059854e-05
해준다고,1,1.6974758534059854e-05
폐기,1,1.6974758534059854e-05
제거후,1,1.6974758534059854e-05
하면ssd,1,1.6974758534059854e-05
문의,1,1.6974758534059854e-05
노트북은lg서비스센터에,1,1.6974758534059854e-05
끄으읏,1,1.6974758534059854e-05
된다요이제,1,1.6974758534059854e-05
한쇼,1,1.6974758534059854e-05
가정용,1,1.6974758534059854e-05
그랬는데,1,1.6974758534059854e-05
쓰고답방,1,1.6974758534059854e-05
수도그동안,1,1.6974758534059854e-05
다닐일도,1,1.6974758534059854e-05
같은데밖에도,1,1.6974758534059854e-05
크더라고요아마,1,1.6974758534059854e-05
받았어요16인치가,1,1.6974758534059854e-05
작성후,1,1.6974758534059854e-05
준다고해서,1,1.6974758534059854e-05
제공,1,1.6974758534059854e-05
후기작성시,1,1.6974758534059854e-05
상품처에서,1,1.6974758534059854e-05
차례구매,1,1.6974758534059854e-05
타줄,1,1.6974758534059854e-05
갈아,1,1.6974758534059854e-05
느리고,1,1.6974758534059854e-05
무조건가요,1,1.6974758534059854e-05
답방,1,1.6974758534059854e-05
주시면,1,1.6974758534059854e-05
찻습니다,1,1.6974758534059854e-05
이웃을,1,1.6974758534059854e-05
소통할,1,1.6974758534059854e-05
감사합니다꾸준히,1,1.6974758534059854e-05
걸어주시면,1,1.6974758534059854e-05
환영입니다서이추는,1,1.6974758534059854e-05
댓글은,1,1.6974758534059854e-05
였습니다아아아공감,1,1.6974758534059854e-05
하더라고요노트북,1,1.6974758534059854e-05
적당,1,1.6974758534059854e-05
때는아이패드가,1,1.6974758534059854e-05
다니고,1,1.6974758534059854e-05
노트북으로착착,1,1.6974758534059854e-05
청소기,1,1.6974758534059854e-05
콜렉션코드제로,1,1.6974758534059854e-05
서비스센터lg,1,1.6974758534059854e-05
3층은,1,1.6974758534059854e-05
영업시간2층은,1,1.6974758534059854e-05
매장lg,1,1.6974758534059854e-05
함께있는,1,1.6974758534059854e-05
매장이,1,1.6974758534059854e-05
베스트샵lg,1,1.6974758534059854e-05
위치한lg,1,1.6974758534059854e-05
인근에,1,1.6974758534059854e-05
남춘천역,1,1.6974758534059854e-05
굴러가요,1,1.6974758534059854e-05
과다로,1,1.6974758534059854e-05
업무량,1,1.6974758534059854e-05
답장은,1,1.6974758534059854e-05
들었지만,1,1.6974758534059854e-05
전시품을,1,1.6974758534059854e-05
하는거여서,1,1.6974758534059854e-05
이지만사용하기엔,1,1.6974758534059854e-05
구매했다2023년제품,1,1.6974758534059854e-05
139만원에,1,1.6974758534059854e-05
전시품제품,1,1.6974758534059854e-05
넘는다행사모델,1,1.6974758534059854e-05
비싸당,1,1.6974758534059854e-05
이뽀,1,1.6974758534059854e-05
휠씬,1,1.6974758534059854e-05
코드제로가,1,1.6974758534059854e-05
청소기는,1,1.6974758534059854e-05
청소기보다,1,1.6974758534059854e-05
이쁘당,1,1.6974758534059854e-05
신형모델가격은있지만,1,1.6974758534059854e-05
139만원,1,1.6974758534059854e-05
방문해보자,1,1.6974758534059854e-05
제품들도있으니,1,1.6974758534059854e-05
착한가격,1,1.6974758534059854e-05
주셨고가격도,1,1.6974758534059854e-05
설명해,1,1.6974758534059854e-05
다르다제품에,1,1.6974758534059854e-05
지점마다,1,1.6974758534059854e-05
구매해야한다,1,1.6974758534059854e-05
포함되어있지않다따로,1,1.6974758534059854e-05
구성품에,1,1.6974758534059854e-05
달랑,1,1.6974758534059854e-05
200만원대인데,1,1.6974758534059854e-05
괜찮은제품을,1,1.6974758534059854e-05
잘만,1,1.6974758534059854e-05
전시제품,1,1.6974758534059854e-05
주신,1,1.6974758534059854e-05
상담해,1,1.6974758534059854e-05
날친절하게,1,1.6974758534059854e-05
상담하구,1,1.6974758534059854e-05
감사해용어제,1,1.6974758534059854e-05
가볍다매니저님이,1,1.6974758534059854e-05
이여서,1,1.6974758534059854e-05
17인치지만gram,1,1.6974758534059854e-05
제품이여서,1,1.6974758534059854e-05
할인폭이,1,1.6974758534059854e-05
325무게2,1,1.6974758534059854e-05
가로510,1,1.6974758534059854e-05
i517인치,1,1.6974758534059854e-05
aa5bk13세대,1,1.6974758534059854e-05
17z90r,1,1.6974758534059854e-05
진열상품,1,1.6974758534059854e-05
17인치노트북추천,1,1.6974758534059854e-05
엘지서비스센터,1,1.6974758534059854e-05
엘지그램노트북전시품,1,1.6974758534059854e-05
엘지그램노트북,1,1.6974758534059854e-05
엘디베스트샵퇴계점,1,1.6974758534059854e-05
엘지베스트샵,1,1.6974758534059854e-05
엘지베스트샵춘천점,1,1.6974758534059854e-05
깨끗하게닦은,1,1.6974758534059854e-05
알콜스왑으로,1,1.6974758534059854e-05
퇴계점,1,1.6974758534059854e-05
lg베스트샵,1,1.6974758534059854e-05
좋았던,1,1.6974758534059854e-05
친절해서,1,1.6974758534059854e-05
직원분들,1,1.6974758534059854e-05
지점장님,1,1.6974758534059854e-05
매니저님,1,1.6974758534059854e-05
msi노트북렌탈,1,1.6974758534059854e-05
asus노트북렌탈,1,1.6974758534059854e-05
아수스노트북렌탈,1,1.6974758534059854e-05
hp노트북가격비교,1,1.6974758534059854e-05
레이아웃을,1,1.6974758534059854e-05
레이아웃이,1,1.6974758534059854e-05
ansi,1,1.6974758534059854e-05
자체에는,1,1.6974758534059854e-05
포인트로,1,1.6974758534059854e-05
압력,1,1.6974758534059854e-05
여행과,1,1.6974758534059854e-05
백라이트이며,1,1.6974758534059854e-05
lg베스트샵춘천퇴계점,1,1.6974758534059854e-05
노트북전시제품,1,1.6974758534059854e-05
엘지노트북전시품,1,1.6974758534059854e-05
엘지노트북추천,1,1.6974758534059854e-05
유익한,1,1.6974758534059854e-05
구매하기를,1,1.6974758534059854e-05
태블릿을,1,1.6974758534059854e-05
케이스가있는,1,1.6974758534059854e-05
교사이며,1,1.6974758534059854e-05
예비,1,1.6974758534059854e-05
학생용노트북렌탈,1,1.6974758534059854e-05
대학생노트북렌탈,1,1.6974758534059854e-05
게임용노트북렌탈,1,1.6974758534059854e-05
게이밍노트북렌탈,1,1.6974758534059854e-05
고사양노트북렌탈,1,1.6974758534059854e-05
삼성노트북렌탈금액,1,1.6974758534059854e-05
lg그램노트북렌탈요금,1,1.6974758534059854e-05
맥북렌탈신청,1,1.6974758534059854e-05
디자인노트북렌탈,1,1.6974758534059854e-05
msi게이밍노트북금액,1,1.6974758534059854e-05
la,1,1.6974758534059854e-05
13900hx,1,1.6974758534059854e-05
16irx8,1,1.6974758534059854e-05
gray,1,1.6974758534059854e-05
earl,1,1.6974758534059854e-05
winodws,1,1.6974758534059854e-05
120hz,1,1.6974758534059854e-05
2880x1620,1,1.6974758534059854e-05
ma004w,1,1.6974758534059854e-05
n6506mv,1,1.6974758534059854e-05
놀기를,1,1.6974758534059854e-05
시설을,1,1.6974758534059854e-05
편의,1,1.6974758534059854e-05
주저했지만,1,1.6974758534059854e-05
해야하는지에,1,1.6974758534059854e-05
측면을,1,1.6974758534059854e-05
열어주는,1,1.6974758534059854e-05
커이므로,1,1.6974758534059854e-05
두십시오,1,1.6974758534059854e-05
남겨,1,1.6974758534059854e-05
유익하다고,1,1.6974758534059854e-05
필요하고,1,1.6974758534059854e-05
토론에,1,1.6974758534059854e-05
이시체,1,1.6974758534059854e-05
임신,1,1.6974758534059854e-05
bajo,1,1.6974758534059854e-05
mas,1,1.6974758534059854e-05
lo,1,1.6974758534059854e-05
todo,1,1.6974758534059854e-05
viene,1,1.6974758534059854e-05
calienta,1,1.6974758534059854e-05
nunca,1,1.6974758534059854e-05
작업으로,1,1.6974758534059854e-05
열었으므로,1,1.6974758534059854e-05
chrome,1,1.6974758534059854e-05
office에,1,1.6974758534059854e-05
gis,1,1.6974758534059854e-05
arcgis,1,1.6974758534059854e-05
엘지노트북가격비교,1,1.6974758534059854e-05
맥북가격비교,1,1.6974758534059854e-05
노트북렌탈36개월,1,1.6974758534059854e-05
노트북렌탈5년약정,1,1.6974758534059854e-05
노트북렌탈3년약정,1,1.6974758534059854e-05
노트북렌탈할인혜택,1,1.6974758534059854e-05
노트북렌탈요금비교,1,1.6974758534059854e-05
성능좋은노트북추천,1,1.6974758534059854e-05
노트북렌탈비교,1,1.6974758534059854e-05
견딜,1,1.6974758534059854e-05
저전력입니다,1,1.6974758534059854e-05
시리즈이며,1,1.6974758534059854e-05
반사적입니다,1,1.6974758534059854e-05
훌륭하지만,1,1.6974758534059854e-05
9i는,1,1.6974758534059854e-05
32gb가,1,1.6974758534059854e-05
285h,1,1.6974758534059854e-05
ddr5x,1,1.6974758534059854e-05
평가됩니다,1,1.6974758534059854e-05
의견은,1,1.6974758534059854e-05
사람의,1,1.6974758534059854e-05
지연되고,1,1.6974758534059854e-05
나쁘게,1,1.6974758534059854e-05
실행되고,1,1.6974758534059854e-05
1255u,1,1.6974758534059854e-05
3i,1,1.6974758534059854e-05
추천한다면,1,1.6974758534059854e-05
uni를,1,1.6974758534059854e-05
조언이나,1,1.6974758534059854e-05
하나입니까,1,1.6974758534059854e-05
제작자,1,1.6974758534059854e-05
creatorpro와,1,1.6974758534059854e-05
과잉이거나,1,1.6974758534059854e-05
expander,1,1.6974758534059854e-05
dkz,1,1.6974758534059854e-05
win,1,1.6974758534059854e-05
fingprint,1,1.6974758534059854e-05
backlit,1,1.6974758534059854e-05
155h,1,1.6974758534059854e-05
구동,1,1.6974758534059854e-05
x360,1,1.6974758534059854e-05
specter,1,1.6974758534059854e-05
qualcomm,1,1.6974758534059854e-05
전화기가,1,1.6974758534059854e-05
채택하고,1,1.6974758534059854e-05
기회를,1,1.6974758534059854e-05
이것들이,1,1.6974758534059854e-05
봉사를,1,1.6974758534059854e-05
9kg,1,1.6974758534059854e-05
중량,1,1.6974758534059854e-05
grey,1,1.6974758534059854e-05
eclipse,1,1.6974758534059854e-05
gu605cr,1,1.6974758534059854e-05
싶어합니다,1,1.6974758534059854e-05
진행하고,1,1.6974758534059854e-05
5t,1,1.6974758534059854e-05
알려주십시오,1,1.6974758534059854e-05
등과,1,1.6974758534059854e-05
로망이였던,1,1.6974758534059854e-05
다니는게,1,1.6974758534059854e-05
옛날에는,1,1.6974758534059854e-05
대단히,1,1.6974758534059854e-05
파운드리를,1,1.6974758534059854e-05
스토리지,1,1.6974758534059854e-05
보내시기,1,1.6974758534059854e-05
힘들내시고좋은시간,1,1.6974758534059854e-05
그만쓸랍니다,1,1.6974758534059854e-05
이정도하고,1,1.6974758534059854e-05
전략에서,1,1.6974758534059854e-05
설득했습니다,1,1.6974758534059854e-05
주도록,1,1.6974758534059854e-05
넘겨,1,1.6974758534059854e-05
제조를,1,1.6974758534059854e-05
qualcomm에게,1,1.6974758534059854e-05
진정한,1,1.6974758534059854e-05
고객으로서의,1,1.6974758534059854e-05
인도의,1,1.6974758534059854e-05
노트북렌탈신용조건,1,1.6974758534059854e-05
노트북렌탈가입신청,1,1.6974758534059854e-05
노트북렌탈상담,1,1.6974758534059854e-05
노트북렌탈문의,1,1.6974758534059854e-05
노트북렌탈업체,1,1.6974758534059854e-05
노트북렌탈매장,1,1.6974758534059854e-05
노트북렌탈대리점,1,1.6974758534059854e-05
삼성노트북금액,1,1.6974758534059854e-05
노트북장기렌탈,1,1.6974758534059854e-05
노트북렌탈신용,1,1.6974758534059854e-05
노트북렌탈조건,1,1.6974758534059854e-05
시간이였던것,1,1.6974758534059854e-05
시절이,1,1.6974758534059854e-05
들기,1,1.6974758534059854e-05
부품을,1,1.6974758534059854e-05
엔지니어가,1,1.6974758534059854e-05
불가능합니다,1,1.6974758534059854e-05
청구하는,1,1.6974758534059854e-05
대체,1,1.6974758534059854e-05
거부합니다,1,1.6974758534059854e-05
받아들이기를,1,1.6974758534059854e-05
실수를,1,1.6974758534059854e-05
인도,1,1.6974758534059854e-05
고객입니다,1,1.6974758534059854e-05
읽어주세요,1,1.6974758534059854e-05
전에이,1,1.6974758534059854e-05
설명하고,1,1.6974758534059854e-05
이유를,1,1.6974758534059854e-05
경험이며,1,1.6974758534059854e-05
연결하여,1,1.6974758534059854e-05
싱크에,1,1.6974758534059854e-05
추가하고,1,1.6974758534059854e-05
파이프를,1,1.6974758534059854e-05
아이디어는,1,1.6974758534059854e-05
수행되었습니다,1,1.6974758534059854e-05
공유,1,1.6974758534059854e-05
ryzenadj,1,1.6974758534059854e-05
관리자,1,1.6974758534059854e-05
hwinfo,1,1.6974758534059854e-05
6을,1,1.6974758534059854e-05
fortnite를,1,1.6974758534059854e-05
지속되기를,1,1.6974758534059854e-05
3k로,1,1.6974758534059854e-05
사용하기를,1,1.6974758534059854e-05
결함이있는,1,1.6974758534059854e-05
인공물로,1,1.6974758534059854e-05
교수형,1,1.6974758534059854e-05
dgpu가,1,1.6974758534059854e-05
pro입니다,1,1.6974758534059854e-05
3070이있는,1,1.6974758534059854e-05
5600h,1,1.6974758534059854e-05
랩톱은,1,1.6974758534059854e-05
장기,1,1.6974758534059854e-05
새롭기,1,1.6974758534059854e-05
유망,1,1.6974758534059854e-05
바뀌지,1,1.6974758534059854e-05
왼쪽으로,1,1.6974758534059854e-05
premium,1,1.6974758534059854e-05
수행했습니다,1,1.6974758534059854e-05
로이,1,1.6974758534059854e-05
싱크를,1,1.6974758534059854e-05
60hz,1,1.6974758534059854e-05
유형,1,1.6974758534059854e-05
1x,1,1.6974758534059854e-05
4x,1,1.6974758534059854e-05
config,1,1.6974758534059854e-05
laptop을,1,1.6974758534059854e-05
advantage,1,1.6974758534059854e-05
사항은,1,1.6974758534059854e-05
요구,1,1.6974758534059854e-05
입력,1,1.6974758534059854e-05
광학,1,1.6974758534059854e-05
리더,1,1.6974758534059854e-05
안정적인,1,1.6974758534059854e-05
사용해야합니다,1,1.6974758534059854e-05
진행중인,1,1.6974758534059854e-05
클로킹,1,1.6974758534059854e-05
플라이,1,1.6974758534059854e-05
버터,1,1.6974758534059854e-05
나왔는데,1,1.6974758534059854e-05
model,1,1.6974758534059854e-05
준비했습니다,1,1.6974758534059854e-05
조각으로,1,1.6974758534059854e-05
techs가,1,1.6974758534059854e-05
프레임,1,1.6974758534059854e-05
어셈블리라고하는,1,1.6974758534059854e-05
사례,1,1.6974758534059854e-05
앞에는,1,1.6974758534059854e-05
정밀,1,1.6974758534059854e-05
웹캠,1,1.6974758534059854e-05
5g,1,1.6974758534059854e-05
4g,1,1.6974758534059854e-05
콤보,1,1.6974758534059854e-05
활용하고,1,1.6974758534059854e-05
간단합니다,1,1.6974758534059854e-05
hee의,1,1.6974758534059854e-05
kun,1,1.6974758534059854e-05
작동했습니다,1,1.6974758534059854e-05
2022를,1,1.6974758534059854e-05
찢어지는,1,1.6974758534059854e-05
이익을,1,1.6974758534059854e-05
나왔으므로,1,1.6974758534059854e-05
기계에서,1,1.6974758534059854e-05
액체,1,1.6974758534059854e-05
손상된,1,1.6974758534059854e-05
룸메이트에,1,1.6974758534059854e-05
취한,1,1.6974758534059854e-05
술에,1,1.6974758534059854e-05
었습니다,1,1.6974758534059854e-05
작동하고,1,1.6974758534059854e-05
제스처,1,1.6974758534059854e-05
커서가,1,1.6974758534059854e-05
작동하지만,1,1.6974758534059854e-05
보여주고,1,1.6974758534059854e-05
부서는,1,1.6974758534059854e-05
차지했습니다,1,1.6974758534059854e-05
foundry를위한,1,1.6974758534059854e-05
불과했지만,1,1.6974758534059854e-05
백만,1,1.6974758534059854e-05
매출은,1,1.6974758534059854e-05
파운드리,1,1.6974758534059854e-05
tsmc의,1,1.6974758534059854e-05
둘러싸고,1,1.6974758534059854e-05
팬이되어,1,1.6974758534059854e-05
창공으로,1,1.6974758534059854e-05
꽂아도,1,1.6974758534059854e-05
표면,1,1.6974758534059854e-05
수신기,1,1.6974758534059854e-05
중지합니다,1,1.6974758534059854e-05
입력을,1,1.6974758534059854e-05
표시되는,1,1.6974758534059854e-05
켜져있을,1,1.6974758534059854e-05
응답하고,1,1.6974758534059854e-05
라이트가,1,1.6974758534059854e-05
슬록,1,1.6974758534059854e-05
클릭하십시오,1,1.6974758534059854e-05
클릭하거나,1,1.6974758534059854e-05
않거나,1,1.6974758534059854e-05
움직이지,1,1.6974758534059854e-05
거리는,1,1.6974758534059854e-05
깜박,1,1.6974758534059854e-05
마주,1,1.6974758534059854e-05
번호,1,1.6974758534059854e-05
자랐다,1,1.6974758534059854e-05
먹음으로써,1,1.6974758534059854e-05
사과를,1,1.6974758534059854e-05
lee,1,1.6974758534059854e-05
분명합니다,1,1.6974758534059854e-05
필요했기,1,1.6974758534059854e-05
있었을,1,1.6974758534059854e-05
만들었습니다,1,1.6974758534059854e-05
스위치를,1,1.6974758534059854e-05
생각했기,1,1.6974758534059854e-05
바보라고,1,1.6974758534059854e-05
라이트닝,1,1.6974758534059854e-05
전환하면,1,1.6974758534059854e-05
c로,1,1.6974758534059854e-05
16iax10h,1,1.6974758534059854e-05
열등하다는,1,1.6974758534059854e-05
tsmc보다,1,1.6974758534059854e-05
노드는,1,1.6974758534059854e-05
절약합니다,1,1.6974758534059854e-05
제조된다는,1,1.6974758534059854e-05
제조되었으며,1,1.6974758534059854e-05
동일하며,1,1.6974758534059854e-05
soc는,1,1.6974758534059854e-05
수의,1,1.6974758534059854e-05
1에,1,1.6974758534059854e-05
1이,1,1.6974758534059854e-05
geekerwan은,1,1.6974758534059854e-05
현명하다고,1,1.6974758534059854e-05
iphone이,1,1.6974758534059854e-05
보면서,1,1.6974758534059854e-05
