source,text
keyword_reviews00.xlsx,2025 LG Gram Pro를 얻는 것을 고려하고 있으며 255H 모델이 내 랩에서 노트북을 사용하는 것이 괜찮은지 또는 강력한 CPU로 인해 너무 뜨거워 지는지 확인하고 싶습니까? Ultra 7 258V 버전이 더 나은 선택일까요?
keyword_reviews00.xlsx,"LG Gram Pro 2-in-1 16 인치, 얇고 경량 노트북, Windows 11 Home, Intel® Evo Edition-Intel® Core ™ Ultra 7 Intel® Core ™ Ultra7 (시리즈 2) 255H, 32GB RAM, 2TB (2x1TB) SSD, Black (모델 16T90TP-K.ADB7U1)를 얻고 싶습니다."
keyword_reviews00.xlsx,LG Gram Pro 노트북이 새로운 RTX 50 시리즈 그래픽 칩과 함께 출시 될 것으로 예상 할 수있는시기를 아는 사람이 있습니까?
keyword_reviews00.xlsx,"LG GRAM PRO 17 ""2025- 모욕 열 페이스트 응용 프로그램을 넘어서, 다이의 80%는 알몸이었고, 끔찍한 열 디자인, 더 큰 히트 파이프 및 히트 싱크를위한 충분한 공간이 많았습니다. 이것은 LG의 끔찍한 엔지니어링입니다.이 노트북은 훨씬 더 높은 전력 한계를 사용할 수있었습니다."
keyword_reviews00.xlsx,LG GRAM PRO 17 2025 (17Z90TP Core Ultra 7 255H) -이 노트북 (및 기타 그램)을 지옥처럼 작동시키는 방법
keyword_reviews00.xlsx,"안녕하세요, 새로운 LG Gram Pro 노트북에 어떤 앱이 사전 설치되어 있는지 알고 싶습니다. Microsoft 팀과 함께 제공되는지 확인할 수 있습니까?"
keyword_reviews00.xlsx,이것은 전문가가 단점을 넘어서는 잘 지어진 노트북입니다. OLED 화면은 환상적이며 어두운 방에서 콘텐츠를 보는 것은 즐거웠습니다. 하루 종일 배터리 수명과 얇고 가벼운 형태의 요인으로 여행하기가 매우 쉽습니다.
keyword_reviews00.xlsx,내 예산은 $ 800 \ ~ 1000 이내에 있어야합니다. 나는 현재 노트북 -Lenovo Legion 5i Pro RTX3060을 판매 할 것입니다. 지갑의 타격을 부드럽게하기 위해 적어도 500 달러 이상을 되 찾을 수 있기를 바랍니다.
keyword_reviews00.xlsx,나는 대학을위한 노트북을 찾고 있습니다. 최선의 선택은 Samsung의 Book5 Pro 360 인 것 같습니다. 그러나 누군가가 권장 사항이 있는지 확인하고 싶었습니다. 나에게 중요한 것들 :
keyword_reviews00.xlsx,"Ninkear A15 Pro (2025 버전)는 가격과 성능 사이의 균형을 잘 제공하며 생산성, 멀티미디어 및 가끔 게임을위한 노트북을 찾고있는 사람들을 대상으로합니다. 학생, 홈 오피스 사용자 및 신뢰할 수있는 만능인이 필요한 사람에게는 Ninkear A15 Pro (2025)가 좋은 선택입니다. 회사 자체 온라인 상점의 가격은 현재 약 570 유로입니다. 이 장치는 독일에서 배송됩니다. 불행히도, 나는 지원 및/또는 보증 문제에 대해 아무 말도 할 수 없습니다."
keyword_reviews00.xlsx,"나는 Ultra 9 (Serries 2), 터치 스크린 IPS 및 60 Hz Refresh Rate 또는 LG Gram Pro (16Z90TS-G.AUG7U1)를 사용하여 LG 그램 (16Z90TL-H.AUB9U1)을 토론하고 있습니다. 나는 많은 엑셀, 사진 편집 및 웹 브라우징을 사용할 것입니다. 나는 더 나은 새로 고침 속도를 좋아하고 프로에는 두 명의 팬과 함께 제공됩니다 (그래서 조용한다고 가정합니다). 그러나 9U1에는 더 나은 프로세서가 있습니다. 또한 새로 고침 속도가 낮은 터치 스크린이 나에게 적합한지를 결정할 수 없습니다. 누구든지 안내가 있습니까?"
keyword_reviews00.xlsx,공장에서 열 페이스트가 부적절하게 적용되는 것에 대한 이러한 모든 논의 후 RTX3050이 열적으로 스로틀링 된 2023 LG Gram Pro 16in에 대해서는 열 페이스트를 다시 적용하기 위해 기술자에게 가져 오기로 결정했습니다. 원래의 페이스트는 매우 잘 적용되었지만 매일 거의 10 시간 동안 2 년 동안 2 년 동안 건조되었습니다. 이제 프로세서 온도가 다시 정상으로 돌아와서 더 이상 열적지가 없습니다. 그램의 열 파이프는 매우 얇고 가볍습니다.이 경로를 따르고 그람 과열이 새로운시기에 비해 과열을 느끼면 열 페이스트를 다시 적용하는 것이 좋습니다. 나는 기술자에게 새로운 PTM7950 패드를 제공했으며 그램에서 잘 작동합니다.
keyword_reviews00.xlsx,"LG GRAM PRO 17 ""2025- 모욕 열 페이스트 응용 프로그램을 넘어서, 다이의 80%는 알몸이었고, 끔찍한 열 디자인, 더 큰 히트 파이프 및 히트 싱크를위한 충분한 공간이 많았습니다. 이것은 LG의 끔찍한 엔지니어링입니다.이 노트북은 훨씬 더 높은 전력 한계를 사용할 수있었습니다."
keyword_reviews00.xlsx,LG GRAM PRO 17 2025 (17Z90TP Core Ultra 7 255H) -이 노트북 (및 기타 그램)을 지옥처럼 작동시키는 방법
keyword_reviews00.xlsx,** LG 그램의 장점 16z90tl-g.au88b **
keyword_reviews00.xlsx,"제목은 모든 것을 말하고 알고 싶었습니다. IM은 LG 그램 (정확한 모델은 확실하지만 정확한 모델은 확실하지만 15.3 인치 터치 스크린, 16GB RAM, 1 개의 TB4 및 1 개의 일반 USBC, WiFi 6E)을 받았으며, 첫 번째 PC (2019 년부터 MacBook Pro에서 시작)입니다."
keyword_reviews00.xlsx,홈 오피스를 설립하려고합니다. 원래 데스크탑 컴퓨터를 얻을 계획 이었지만 랩톱의 기능이 더 의미가 있음을 깨달았습니다. 참조를 위해 LG 그램 프로 구매.
keyword_reviews00.xlsx,"Ninkear A15 Pro의 특징 중 하나는 16 인치 IP 디스플레이입니다. QHD 해상도 (2560 x 1600 픽셀)를 제공하여 텍스트와 이미지를 날카롭게 표시 할 수 있습니다. 밝기는 400 니트로 지정됩니다. SRGB 범위의 색상 커버리지는 99-100%이므로 디스플레이는 멀티미디어 컨텐츠, 라이트 이미지 편집 및 사무실 응용 프로그램에 적합합니다. 120 Hz 새로 고침 속도는 매끄러운 디스플레이를 지원합니다."
keyword_reviews00.xlsx,"2025 Ninkear A15 Pro에는 TDP가 15W 인 AMD Ryzen 5 7430U가 있습니다. 이 CPU는 균형 잡힌 성능과 에너지 효율을 제공합니다. 16GB DDR4 3200MHz (하나의 모듈) 및 PCIE 3.0을 통해 연결된 1TB NVME SSD와 함께. 일상적인 작업, 멀티 태스킹, 까다로운 사무실 응용 프로그램 및 기본 이미지 또는 비디오 편집을 원활하게 수행 할 수 있습니다. 통합 AMD Radeon을 사용하면 적당한 설정에서 덜 까다로운 게임을 할 수 있습니다. Fortnite는 가장 낮은 설정에서 약 60fps로 전체 HD로 실행됩니다."
keyword_reviews00.xlsx,Idea Pad 5가 있습니다. 모델은 IdeaPad5 Pro 16ihu6입니다. 8GB RAM이 있습니다. 2025 8GB는 더 이상 많지 않지만 1 야기 전 랩톱을 사용하기 시작했을 때 부드럽게 실행되었으므로 이제 YouTube 비디오를 재생하기 시작합니다. 이것은 내가 그것을 다시 시작하고 유일한 탭이 열린 경우에도 발생합니다. 나는 McAfee 또는 적어도 공연을 탱킹하는 다른 프로그램이 없습니다. 이것이 너무 실망 스럽도록 도와주세요.
keyword_reviews00.xlsx,2025 LG Gram Pro를 얻는 것을 고려하고 있으며 255H 모델이 내 랩에서 노트북을 사용하는 것이 괜찮은지 또는 강력한 CPU로 인해 너무 뜨거워 지는지 확인하고 싶습니까? Ultra 7 258V 버전이 더 나은 선택일까요?
keyword_reviews00.xlsx,"나는 Ultra 9 (Serries 2), 터치 스크린 IPS 및 60 Hz Refresh Rate 또는 LG Gram Pro (16Z90TS-G.AUG7U1)를 사용하여 LG 그램 (16Z90TL-H.AUB9U1)을 토론하고 있습니다. 나는 많은 엑셀, 사진 편집 및 웹 브라우징을 사용할 것입니다. 나는 더 나은 새로 고침 속도를 좋아하고 프로에는 두 명의 팬과 함께 제공됩니다 (그래서 조용한다고 가정합니다). 그러나 9U1에는 더 나은 프로세서가 있습니다. 또한 새로 고침 속도가 낮은 터치 스크린이 나에게 적합한지를 결정할 수 없습니다. 누구든지 안내가 있습니까?"
keyword_reviews00.xlsx,스피커를 작동하게 할 수 없습니다. USB-C에서 USB-C 케이블을 사용하여 MacBook Pro에 연결했지만 설정으로 들어가 사운드 출력을 모니터로 설정하면 사운드 볼륨 컨트롤을 조정할 수 없습니다.
keyword_reviews00.xlsx,"LG GRAM PRO 17 ""2025- 모욕 열 페이스트 응용 프로그램을 넘어서, 다이의 80%는 알몸이었고, 끔찍한 열 디자인, 더 큰 히트 파이프 및 히트 싱크를위한 충분한 공간이 많았습니다. 이것은 LG의 끔찍한 엔지니어링입니다.이 노트북은 훨씬 더 높은 전력 한계를 사용할 수있었습니다."
keyword_reviews00.xlsx,그런 다음 Windows 11 Pro의 부팅 가능한 버전이있는 USB 스틱에서 부팅하려고 시도했지만 USB 스틱을 강조하는 것은 작동하지 않았습니다 ... 다시 솔루션을 찾으려고 노력했고 부팅시 F10을 사용할 곳을 읽었습니다. F10 키를 유지하면서 USB 스틱에 일시적으로 부팅 할 수 있었고 Windows 11 Pro를 성공적으로로드하여 설치할 수있었습니다.
keyword_reviews00.xlsx,첫 직관은 Surface Pro 13 이었지만 Qualcomm의 팔 칩셋을 사용하고 있으며 일부 증기 게임과 호환되지 않습니다.
keyword_reviews00.xlsx,"나는 주로 스탠드 모드에서 사용할 수있는 것을 찾고 있습니다. 내용을 읽는 동안 PC 앞에있을 필요가 없으므로 집중적 인 디스플레이, 배터리 및 내구성이 뛰어납니다. 쿨러를 달리는 것을 선호합니다. 이 두 가지 모두 장단점을 가지고 있으며, 하나는 Acer 인 Gram 가격의 절반입니다. 새로운 2022 모델은 $ 200, $ 700이므로 큰 차이는 없습니다. 이 중 어느 것이 추천 하시겠습니까, 아니면 더 나은 선택이 될 다른 대형 디스플레이 2in1이 있습니까?"
keyword_reviews00.xlsx,Ninkear A15 Pro는 올해 더 많은 최신 하드웨어로 업데이트되었습니다. 이전 모델에는 AMD Ryzen 5 6600H가 장착되었습니다. 2025 모델은 AMD Ryzen 5 7430U를 사용합니다. 장치의 수행 방식을 알아 보려면 여기에서 내 리뷰를 읽으십시오.
keyword_reviews00.xlsx,Ninkear A15 Pro는 간단하고 눈에 띄지 않는 디자인을 유지합니다. 하우징은 알루미늄 합금으로 만들어져 단단한 느낌에 기여합니다. 표면은 매트이며 지문에 저항합니다. 솜씨는이 가격 범주에 적합하며 깨끗한 가장자리와 적합이 있습니다. 힌지는 여전히 디스플레이를 최대 180도까지 열 수있게하므로 사용하기에 더 유연하고 안정성을 제공합니다. 무게는 종종 1.8kg 미만이며 두께가 20mm 인 슬림 한 디자인으로 운반하기 쉽습니다.
keyword_reviews00.xlsx,"2025 Ninkear A15 Pro에는 TDP가 15W 인 AMD Ryzen 5 7430U가 있습니다. 이 CPU는 균형 잡힌 성능과 에너지 효율을 제공합니다. 16GB DDR4 3200MHz (하나의 모듈) 및 PCIE 3.0을 통해 연결된 1TB NVME SSD와 함께. 일상적인 작업, 멀티 태스킹, 까다로운 사무실 응용 프로그램 및 기본 이미지 또는 비디오 편집을 원활하게 수행 할 수 있습니다. 통합 AMD Radeon을 사용하면 적당한 설정에서 덜 까다로운 게임을 할 수 있습니다. Fortnite는 가장 낮은 설정에서 약 60fps로 전체 HD로 실행됩니다."
keyword_reviews00.xlsx,저를 무모하게 만드는 주요 문제는 성능과 배터리입니다. 4060 ProArt 모델에 대해 이야기하는 모든 데이터를 찾을 수 없으므로 요가 프로 모델과 실제로 비교할 수 없습니다. 나는 또한 요가의 배터리가 그렇게 좋지 않다고 들었습니다. 나는 요가의 열과 팬 소음에 대해 좋은 소식을 듣고 그것이 ProArt와 같은지 확실하지 않습니다.
keyword_reviews00.xlsx,"그러나 나는 또한 여기저기서 게임을 좋아합니다. 나는 데스크 PC가 없으므로 노트북은 일부 게임을 실행할 수있는 유일한 가능성이 있습니다. 나는 대부분의 게임이 MacOS에 고유하지 않다는 것을 알고 있지만, MacOS에서 Windows를 모방 할 수있는 크로스 오버 또는 Paralells에 대해 들었습니다. 누구든지 그 경험을 한 사람이 있습니까? MacBook Pro M4 Pro 24GB 2C CPU/ 16C GPU의 플레이 가능한 레벨에서 Battlefield/ Red Dead Redemption 2/ GTA V/…를 실행할 수 있습니까?"
keyword_reviews00.xlsx,할 일이 있습니까 아니면 새로운 것을 구매하기 시작해야합니까 나는 문제가 개선되기를 바라고있는 가을까지 기다릴 때까지 기다리고 싶다 나는 그리스에 살고 여름이 너무 뜨겁다 그러나 나는 내년 여름에 다시 원할 때 사용할 수없는 랩톱을 갖고 싶지 않다
keyword_reviews00.xlsx,저를 무모하게 만드는 주요 문제는 성능과 배터리입니다 4060 ProArt 모델에 대해 이야기하는 모든 데이터를 찾을 수 없으므로 요가 프로 모델과 실제로 비교할 수 없습니다 나는 요가의 배터리가 그렇게 좋지 않다고 들었습니다 나는 요가의 열과 팬 소음에 대해 좋은 소식을 듣고 그것이 ProArt와 같은지 확실하지 않습니다
keyword_reviews00.xlsx,그러나 그것은 시계 노드 TSMC 5NM 4NM 및 성능 차이 대 NAVI 31 7900 XTX 에 대해 정규화 할 때 여전히 크게 증가하기 때문에 전체 스토리를 말하지 않습니다 9070 XT 클럭 대 7900 XTX의 얼마나 높은지 고려하지만 대부분의 경우에도 여전히 크게 흔들 리도록 관리합니다 Raster 1440p 및 4K 이것은 AMD의 큰 건축 변화와 RDNA 3이 저렴하지 않다는 것을 분명히 나타내지 만 적어도 MCM 디자인과 비교하여 모든 MCM 논리 실리콘 교량 냉각 증가 및 기타 추가 비용을 피할 수있는 MCM 설계에 대해서는 여전히 대규모로 지불합니다
keyword_reviews00.xlsx,고객 서비스와 이중 평생 보증에 대해 큰 소식을 들었음을 제외하고는 XFX에 대한 이전 경험이 없었습니다 카드를 받으면 상자에 넣고 VGA 모니터에 꽂았습니다 카드 자체에 VGA 포트가 없기 때문에 DVI VGA 어댑터 포함 모니터에는 아무것도 표시되지 않았습니다 카드는 진공만큼 크게 표시됨 나는 2 개의 다른 PC에서 그것을 시도했고 내가 생각할 수있는 모든 것을 시도했지만 아무것도 시도하지 않았습니다 글쎄 그것은 다른 모니터 VGA 를 시도하는 것이 나에게 일어났다 글쎄 나는 마침내 DVI 모니터에 꽂아서 작동하게했다 엄청난 문제는 Bum DVI 컨버터 였을 것입니다 글쎄 나는 운이 좋지 않은 3 개의 확인 된 DVI 변환기를 시도했다 이 비디오 카드는 DVI 변환기에서 작동하지 않는 것 같습니다 이 시점에서 나는 반환 환불 등을 얻는 데 어려움을 겪지 않다고 결정했으며 반품 배송은 아마도 비디오 카드 비용의 절반이 들었을 것입니다 DVI 기반 모니터 중 하나를 사용하기로 결정했습니다 실제로는 계획이 아니지만 당분간은 효과가있었습니다
keyword_reviews00.xlsx,응답 여기서 논쟁은 실제로 이와 같은 출시에 대한 기대에 달려 있습니다 Windows에서 이와 같이 본 마지막 큰 발사는 인텔 아크 Intel Arc 였는데 비디오 드라이버 문제가 있었는데 제품이 대부분의 것으로 예상되는 비디오 게임 비디오 게임을하지 못하게했습니다 반대로 이 프로세서는 대부분의 주류 사용자 작업에서 잘 작동하면서 우리가 기대했던 주요 기능 예외 배터리 수명 을 제공합니다 비디오에서 당신은 전문가 애플리케이션을 사용하거나 게임을 즐기는 사람들에게는 호환성이 좋지 않다고 생각하지만 우리의 견해에서는 이와 같은 새로운 플랫폼 출시에 대한 불합리한 목표입니다
keyword_reviews00.xlsx,그렇다면 마지막 두 옵션 사이에 옵션이없는 이유는 무엇입니까 지금은 3700x를 가지고 있으며 내 D15는 일반적인 작업에서 약 72 76C 정도의 PBO 오버 클로킹으로 잘 냉각됩니다 따라서 더 나은 성능을 원한다면 두 가지 옵션이 있습니다 360mm AIO를 얻으십시오 360mm AIO는 연장 된 스트레스 테스트 및 옵션 제한 후 약 10 15 더 나은 성능을 얻을 수 있습니다 대부분 팬에게 내려오고 Noctua 팬이 누워있는 경우 그 모든 사람들에게 거의 동일한 성능을 얻을 수 있습니다 또는 사용자 정의 루프를 얻을 수는 있지만 문제는 유지 보수 문제 를 다루고 싶지 않다는 것입니다 나는 몇 년 동안 D15를 가졌습니다 1 년에 한 번은 먼지를 제거하기 위해 공기를 사용하고 30 초 후에는 새롭게 보이고 맞춤형 루프는 많은 유지 보수와 더 멋진 것이 필요합니다 더 많은주의를 기울여야합니다
keyword_reviews00.xlsx,인텔은 두 제품 모두 재개 되었으며 진실하지 않다고 주장했다 문제는 분명히 다시 표시되지 않는다는 것입니다 그들은 그들 중 하나가 트레이 프로세서라고 주장하려고했기 때문에 소매 보증이 적용되지 않았으며 이로 인해 역 추적 된 후 재개되었다고 주장하는 경로를 갔다
keyword_reviews00.xlsx,Elgato와 같은 USB 솔루션을 선호하여 새로운 랩탑을 얻는 대신 현재 랩톱을 사용할 수 있지만 Elgato에서 볼 수있는 유일한 문제는 내가 본 비디오를 사용하면 전체 화면 미리보기에 대한 옵션이 없으며 미리보기와 지연이 있는지 확실하지 않다는 것입니다 나는 의도 된 것보다 더 많은 엘가 토를 사용하고 있으므로 정보는 거기에 있지 않습니다
keyword_reviews00.xlsx,"Ninkear A15 Pro (2025 버전)는 가격과 성능 사이의 균형을 잘 제공하며 생산성, 멀티미디어 및 가끔 게임을위한 노트북을 찾고있는 사람들을 대상으로합니다. 학생, 홈 오피스 사용자 및 신뢰할 수있는 만능인이 필요한 사람에게는 Ninkear A15 Pro (2025)가 좋은 선택입니다. 회사 자체 온라인 상점의 가격은 현재 약 570 유로입니다. 이 장치는 독일에서 배송됩니다. 불행히도, 나는 지원 및/또는 보증 문제에 대해 아무 말도 할 수 없습니다."
keyword_reviews00.xlsx,2023 년 12 월부터 4070 GTX와 32GB RAM이있는 Lenovo Legion Pro 7이 있습니다. 몇 달 전에 일부 액체가 노트북에 쏟아졌습니다. 또한 팬들 근처의 주택을 깨뜨리는 낙상을 유지했습니다. 결과는 키보드가 작동하지 않으며 (창이 끝없이 팝업되게 함) 충전기를 올바르게 연결하기 위해 케이싱을 엉망으로 만들어야합니다. 그래서 나는 Bluetooth 키보드를 사용하고 그것을 연결하는 문제를 수용하는 데 몇 초만에 주택을 고정하는 데 몇 초가 걸립니다. 그래픽 카드 나 프로세서가 성능이 떨어 졌는지 알 수 없습니다. 나는 최근 BB에서 5080 Acer Helios Neo 16을 $ 1900에 집어 들었다. 내가 보관하거나 반환 해야하는지 확인할 때까지 상자에 앉아 있지 않았습니다. 나는 또한 LG Ultrawide 45GX950A를 얻었습니다. Helios의 성능과 능력이 증가한 것은 $ 1900의 가치가 있습니까? 나는 현재 내 와이드 스크린에 군단 USB-C를 가지고 있으며 다중 작업을 제외하고는 약간 느린 것처럼 보입니다. Raid Shadow Legends와 몇 가지 탐색 창이 위로 올라가면 Windows가 전환됩니다. Acer의 귀환에 대한 생각 또는 유지?
keyword_reviews00.xlsx,"나는 2021 년의 ASUS Scar 15로 RTX 3070을 대체하기위한 게임 노트북을 찾고 있었고, 원래 RTX 5070TI를 가진 ASUS Zephyrus G16을 가볍고 휴대하기 쉬운 랩탑을위한 최고의 달콤한 스팟 RN이기 때문에 원래 결정했지만, 내가 갇힌 문제는 내 나라에서 Zephyrus G16 2025를 시작했습니다. 또한 5080의 120W가 낮기 때문에 가치가 없으며, RTX 5070TI & RTX 5080에서 사용할 수있는 Lenovo Legion Pro 7I에주의를 기울였으며 ASUS에서 RTX 5080을 얻을 수 있다고 생각합니다. 어쨌든 Asus보다 더 저렴하고 전파선을 구입하기위한 주요 문제가 아니기 때문에 새로운 랩탑을 구매하는 것이 아니기 때문입니다. 학생과 나는 그 똥을 가지고 다녀야합니다. 비록 나는 체중 문제를 해결하기 위해 C 형 140W 충전기와 연결될 수 있지만 충전기 플러스 레지온은 확실히 4kg+이고 충전기가있는 Zephyrus는 약 2.8kg이므로 어떻게 생각하는지, 어떻게해야합니까? Zephyrus G16이 출시 될 때까지 RTX 5070TI와 함께 구매하거나 단순히 Legion을 얻으십시오. 일반 노트북을 운반하는 학생들을 도와주세요."
keyword_reviews00.xlsx,"안녕하세요 여러분! 그래서 저는 1440p에서 AA, AAA 게임용 AA, AAA 게임에 대한 괜찮은 게임 노트북을 얻고자합니다 (DLSS 프레임은 지연된 입력이 아닌 한 신경 쓰지 마세요. 또한 집에 있다면 1440p 모니터에서 재생) 작업 (가벼운 파이썬 코딩, 원격 데스크탑, 스크립트 작성 및 코드 개발을 예상합니다. 예전에는 MacBook Pro M2 Pro와 RX 7900 XT가있는 데스크탑 PC가있었습니다. 그러나 나는 많이 여행 할 것이며 대신 게임 노트북을 구입하여 내 요구를 모두 충족시키기를 원했습니다. G14 5070 ti가 좋은 선택입니까? 가끔 퀘스트 3에서 VR 게임을하고 가상 데스크탑을 사용합니다. 나는 끝날에 열 스로틀을 큰 문제로 들었습니다. 2025 년에도 여전히 문제가 될까요? 다른 의견이나 제안에 감사드립니다. 정말 감사합니다!"
keyword_reviews00.xlsx,"비디오 편집 (4K가 아니라 1080p), 3D 렌더링 및 사진 편집에 적합하거나 처리 할 수있는 노트북을 찾고 있습니다. 예산은 $ 850입니다. 나는 eBay에서 837 달러에 (1 년 보증과 30 일 반품이 있음) 리퍼브 M1 Pro 16-Core GPU, 32GB RAM, 512GB SSD (내 데이터를 외부로 저장할 수 있지만 걱정하지는 않는다)를받을 생각입니다. 그러나 나는 Windows 노트북에 대해 생각하고있었습니다. 저는 현재 끔찍한 배터리 수명이있는 끔찍한 2019 MacBook Pro 16 인치 32GB 1TB SSD를 가지고 있습니다 (1200 달러의 충전주기가 필요합니다. 140 달러로 교체해야합니다)와 과열 문제 (팬들은 크롬과 용감한 것을로드하여 크게 시끄럽습니다."
keyword_reviews00.xlsx,이봐! 나는 2 년 전에 Legion Pro 5 16ARX8 (82WM0006US)을 구입했습니다. 훌륭했지만 최근에는 마모/문제가 축적되기 시작했으며 1) 수리 할 수없는 모든 것을 고정시키고 살아야 할 정도로 새로운 일이라는 것이 궁금합니다.
keyword_reviews00.xlsx,"그러나 나는 배터리 수명에 대해 조금 확신하지 못합니다. 그것은 저에게 큰 문제입니다. 적어도 10 시간 동안 플러그를 뽑은 노트북을 사용할 수 있기를 원합니다. 그것은 내가 MacBook Pro M1과 지속적으로 얻은 것입니다. Apple 애호가들이 Apple Silicon MacBook과 함께 얻는 것으로 20 시간 이상의 배터리 수명을 보지 못했습니다. 여러 브라우저 탭을 피하고 PowerPoint 및 Excel을 건너 뛰거나 음악 제작 소프트웨어를 사용하지 않는 경우에만 가능하며 기본적으로 실제 작업을 수행하지 않습니다. 그럼에도 불구하고, 그것은 10 시간 동안 갈 수있게 해주었습니다. 예, 실제로 일을 끝내면서 10 시간의 배터리 수명에 만족합니다."
keyword_reviews00.xlsx,"또한 최근에 개조 된 MacBook Pro M4 Pro (48 gigs, 2 tb 하드 드라이브)를 구입했습니다. 스크린은 유리에 몇 번의 긁힘이 있었고 패널에 일부 문제가있었습니다 (배송의 결과라고 말했습니다.) 그래서 나는 당신이 개조되어 있기 때문에 그것을 교환 할 수 없기 때문에 다른 하나를 구매할 계획으로 반환했습니다. 그러나 내 예산에 있거나 내가 원하는 램 또는 하드 드라이브 공간이 있었음을 보여주는 것은 없습니다. 그래서 이번 주에는 Best Buy에서 Asus Rog Zephyrus 16에서 구입했습니다."
keyword_reviews00.xlsx,Lenovo Legion 5i Pro Gen 7의 온도 문제
keyword_reviews00.xlsx,이제 문제는 M2 Pro 또는 M2 Max입니까? 14 인치 섀시에서 M2 Max 열 스로틀이 있습니까?
keyword_reviews00.xlsx,"나는 연구에 시간을 보냈지 만 약간 압도당했습니다. 이것들은 내가 지금까지 충분히 좋다고 생각한 것들입니다. 아이디어 패드 프로 5i Gen 10 (16 ""Intel)을 제외하고는 모두 개조됩니다. 어느 쪽을 찾을 수 있습니까?"
keyword_reviews00.xlsx,학교를위한 노트북이므로 7 시간 이상 지속될 수있는 배터리가 필요합니다. AMD 프로세서가 그 범주에서 좋다고 들었습니다. 나는 특정 소프트웨어를 사용하지 않고 수업에 내 노트와 다른 가벼운 활동을 기록하기 위해 개념 만 사용합니다. 나는 사용할 수 없기 전에 1 년 이상 사용할 수있는 합리적인 프로세서를 원합니다. 내 예산은 최대 800 유로입니다. 좋은 노트북의 합리적인 가격처럼 보입니다. RAM과 SSD 슬롯을 변경하여 향후 더 쉽게 업그레이드하거나 수리 할 수있게되면 감사하겠습니다. 고품질 스크린이 예산에 적합하다고 생각하지 않으므로 기본 화면은 괜찮습니다. 튼튼한 노트북은 어떤 일이 일어날 지 알지 못하기 때문에 감사 할 것입니다. 크기는 실제로 중요하지 않지만 16 인치 화면이 너무 크지는 확실하지 않습니다. Lenovo ThinkPad E16/14 G2/G6 AMD와 같은 일부 모델을 보았습니다. 왜냐하면 견고하고 많은 포트와 좋은 배터리가 있기 때문입니다. 또한 Dell Pro 14 PC14255와 Lenovo IdeaPad Slim 5 16akp10을 살펴 보았습니다. 전자는 더 나은 CPU를 가지고 있지만 후자는 쉽게 손상 될 수있는 것처럼 보입니다. 나는 결정할 수 없어서 여러분들에게 도움을 요청하고 싶었습니다.
keyword_reviews00.xlsx,"추신 : Lenovo Legion이 좋다고 들었습니다. 그것이 사실이라면, 장단점은 무엇입니까?"
keyword_reviews00.xlsx,"** Dell Pro 16 Plus ** (그러나 배터리가 다른 것만 큼 좋다고 생각합니다. 2) ** : ** Ultra 7 268V, VPRO 32GB RAM"
keyword_reviews00.xlsx,"나는 내 Surface Pro를 좋아했지만 실제 ""노트북""으로 사용하기가 어렵 기 때문에 뒤쪽의 경첩이 마음에 들지 않았습니다. 그렇기 때문에 Surface Pro가 분리 가능한 키보드 및 힌지와 비슷하다고 생각하면서 Surface Laptop 7을 강력하게 고려하고 있습니다. 또한 배터리 수명이 좋다고 들었고 일반적으로 Windows OS를 좋아합니다."
keyword_reviews00.xlsx,X Elite Lunar Lake 및 Strix Point의 이전 릴리스와 Strix Halo 및 Arrow Lake Mobile 사람들의 다가오는 릴리스와 함께 배터리 수명에 대해 이야기하고 배터리 수명이 더 좋았습니다 여기서 문제는 사람들이 YouTubers 또는 NotebookCheck과 같은 다른 검토 사이트가 실시간 배터리 수명과 전혀 동일하지 않은 배터리 수명 테스트를 기반으로 의견을 제시한다는 것입니다 이 테스트는 이러한 장치의 배터리 수명을 과대 평가하고 실제 세계에서 실제로 사용되는 금액은 각 모델마다 다릅니다 일부는 90 를 유지하고 일부는 그 사이에 있고 일부는 그 사이에 있습니다 그러나이 합성 테스트에서 당신이 더 좋다고해서 그것이 현실 세계로 이어질 것이라는 의미는 아닙니다 많은 리뷰가 여전히 CPU가 아닌 미디어 엔진을 테스트하는 Videoplayback을 사용하기 때문에 특히 사실입니다 PC World가 이러한 장치에서 실제 테스트를 수행했기 때문에이를 확인하기 위해 실수가 있습니다 그들은 Sync Monster라고 불리는 것을 사용하여 그렇게했습니다 이 비디오 에서이 방법을 볼 수 있습니다
keyword_reviews00.xlsx,그것의 2025 년과 우리는 여전히 경험하고 있습니다 나는 게임에 얼마나 많은 돈을 벌고 있는지 모르겠다 대부분의 날 30Mbps를 만나게되어 운이 좋다 나는 Windows에 내장 된 반 바이러스를 비활성화하려고 시도했습니다 Microsoft 프로그램을 사용할 때 문제가 발생하는 이유는 수수께끼입니다 자신의 소프트웨어에는 자신의 소프트웨어에 문제가 있습니까
keyword_reviews00.xlsx,LG TV의 디스플레이에 문제가 있습니다 나는 약간의 연구를 해왔고 그것은 Time Control Board와 관련된 문제를 지적하고있었습니다 이 정보는 한 번에 두 개의 리본 커넥터 중 하나를 뽑아 내고 TV를 다시 켜서 그림의 절반이 나타났습니다 나는 그 단계를 수행했지만 절반의 흰색 화면이었다 TC 보드인지 다른 것인지 확인할 수있는 다른 것이 있는지 아이디어가 있습니까 TV에서 여전히 소리가 나옵니다 나는 여전히 앱에 액세스하고 거기에 무엇이든지 재생할 수 있으므로 메인 보드가 좋다고 생각합니다 나는 확실하지 않다 나는 현금이 적으므로 부품 구매를 시작하기 전에 다른 것을 배제하고 싶습니다
keyword_reviews00.xlsx,안녕하세요 여러분 2019 년에 2 년 동안 사용하지 않은 대학을 위해 구입 한이 노트북을 가지고 있습니다 나는 오늘 그것을 닦기 전에 유지하고 싶을 수도 있고 꽂지 않은 동안 아무데도 꺼지지 않을 수도있는 데이터가 있는지 확인하기 위해 오늘 그것을 부팅했습니다 이 후에는 다시 연결할 때까지 생명의 흔적을 보이지 않았습니다 노트북이 연결되어 있지만 모든 것이 정상적으로 동작합니다 부팅하고 충전 중이며 PowerCFG BatteryReport는 저에게 합법적 인 보고서를 제공하고 있으며 정상적인 것으로 사용할 수 있습니다 전원 버튼을 12 초 동안 하드 재설정 배터리 제거 및 정적 방전의 전원을 유지하고 CMOS 배터리 제거 및 방전을 포함하는 배터리가 잘못된 배터리에 대한 표준 문제 해결을 시도했습니다 모든 것이 배터리가 좋다고 주장하는이 특정 문제에서 자원을 찾을 수 없기 때문에 다른 시도를 확실하지 않지만 마치 마치 마치 마치 행동하는 것처럼 행동합니다 마더 보드의 배터리 회로가 요리되었다고 가정하기 전에 시도해 볼 수있는 다른 문제 해결 단계는 무엇입니까
keyword_reviews00.xlsx,BIOS를 업데이트하고 Memtest를 실행하고 Occt 테스트를 실행했으며 내가 가진 SSD 3 개 모두에서 자체 테스트를 실행했으며 다른 파티션에서 전체 Windows를 다시 설치했습니다 일반 파티션에서 Windows를 다시 설치했습니다 문제가 작동하거나 확인 된 것은 없습니다 모든 테스트는 완벽하게 돌아옵니다 나는 내 시스템의 모든 시스템 점검이 온도가 좋다고 말하더라도 가열 문제를 일으킬 수 있다고 생각하는 시스템의 냉각수를 교체했습니다 나에게 완전한 미스터리입니다
keyword_reviews00.xlsx,"그래서 최근에 나는 나 자신에게 하나도 없었기 때문에 새로운 노트북을 찾고있었습니다. Windows Gaming PC에서 거의 7 년간의 경험 (지금은 액세스 할 수 없습니다)에서 연구 및 연구, 에세이 작성, 비디오보기, 고급 비디오 편집 및 코딩 및 AI/ML 프로그램 실행과 같은 다른 작품으로 전환 할 것입니다. Ive는 거의 10 년 동안 PC 게이머 였기 때문에 (FIFA, Fortnite, Valorant 및 Apex Legends를 재생) 친구들과 가끔 게임을 할 수 없다고 생각하지만 Ive는 또한 전체 충전 시간 (6-13)의 좋은 배터리 백업을 이상적으로 찾고 있었는데, 여기서도 지연을 경험하지 않고 색상 채점과 같은 가벼운 일을 할 수 있습니다. 지금까지 내 예산 (1900 년 USD 1900) 내에서보고 있던 두 랩탑은 M4 Mac Book Pro (24GB 통합, 14 인치, 512GB, 나노 텍스트) 및 포식자 Helios (RTX 5070/60, I9 12-14 세대, 16 GB RAM, 16 TB Storage, 16 인치)입니다. 언급). 너희들이 반대한다면 정말 감사 할 것이다."
keyword_reviews00.xlsx,"나는 OLED 스크린의 뛰어난 반사적 코팅으로 인해 삼성 갤럭시 북5 프로 (Samsung Galaxy Book5 Pro)를 고려했지만 (나는 그것을 직접 확인했고 정말 좋아 보인다) 여전히 광택이 있고 햅틱 터치 패드는 없다. 또한 16 ""은 \ ~ 3.3 lbs에서 무거운면에 약간 있습니다."
keyword_reviews00.xlsx,"나는 15 년 이상 PC 게이머였으며 솔직히 말해서, 이것은 저를 바닥에 두었습니다. 이 통합 GPU는 전용 NVIDIA RTX 3050 모바일과 유사한 성능을 가지고 있으며, 이는 35-45W 또는 동일한 결과를 제공하기 위해 전력의 두 배 이상을 짜증나게합니다. 이는 필요할 때 성능을 희생하지 않고 배터리 수명, 더 낮은 온도, 조용한 팬 소음 및 더 가벼운 장치가 훨씬 향상됩니다. 작년 Gram Pro가 앞서 언급 한 RTX 3050을 흔들면서 LG의 세대 개선보다 큰 세대입니다. 이 칩의 절대적인 아름다움으로의 효율성은 볼 수 있고 새로운 그램 프로 16 인보다 더 적합한 랩톱이 거의 없다. 인텔의 새로운 플래그십 노트북 칩에 대한 유일한 부정적인 것은 점점 더 무의미한 이름 지정 계획이다."
keyword_reviews00.xlsx,"컴파일러는 프로그램의 전체보기의 이점을 얻으므로 지능적으로 예약 할 것으로 예상 될 수 있지만, 실제 실행 시간까지 일부 결과가 알려지지 않은 상태에서 컴파일러가 눈을 멀게 유지하는 조건이 있습니다. 이 문제를 악화시키는 것은 컴파일러가 설정 한 스케줄링을 프로세서에 의해 런타임시 변경할 수 없다는 사실입니다."
keyword_reviews00.xlsx,"그러나 AMD가 NVIDIA를 실제로 얻고 싶다면 성능 플러스 또는 기능 세트 플러스와 같은 것보다 더 많은 것이 필요하다고 가정 할 수 있지만, 어쨌든 레이 트레이싱 성능과 피처 측면에는 더 이상 단점이 없습니다. AMD는 후자에 대해 열심히 노력하고있는 것으로 보이며, 이것은 Nvidia에 대한 새롭고 심각한 공격에 대한 생각할 수있는 준비로 볼 수 있습니다. 이 공격은 그 전에 AMD에게는 실제로 가치가 없다. 이는 고급 솔루션을 개발할 수 없다는 것을 의미하지는 않지만, 이는 NVIDIA의 최고 솔루션 아래로 의도적으로 설정해야한다. 결국, 현재 가격 수준에서 Nvidia는 확실히 두 번째로 좋은 NVIDIA 그래픽 칩과 경쟁 해야하는 1000 달러/유로 가속기를 개발할 가능성을 확실히 제공합니다."
keyword_reviews00.xlsx,문제는 LG GRAM 360 16T90P-GR5 BK (SSD 256GB 및 ASUS ZENBOOK 15PRO UP6502ZA-M8008W (SSD 512GB) 중에서 선택할 수 없다는 것입니다.
keyword_reviews00.xlsx,** 결론 : ** 단지 게임이 최적화 된 것으로 생각 되거나이 노트북을 대처하고 구입하는 것이 실수였습니다. 내가 한 실수 나 잘못이 보이면 내가 말한 것은 자유롭게 강의 해주세요. 나는 단지 CS2를 안정시키고 스터터없이 플레이하고 싶지만 가능한 경우 300Hz로 경쟁력을 사용합니다. 나는 벤치마킹에 대해 많은 지식이 없다. 내가 말하는 것은 다른 의견을 가진 다른 사람들로부터 나온 것입니다.
keyword_reviews00.xlsx,"최근에 Windows 드라이버 검증기에 대해 배웠습니다. ""시스템이 예기치 않게 LEL을 끄는 것 외에 유용한 이벤트 뷰어 정보를 얻지 못했기 때문에 시도해 보았 기 때문에 NVIDIA에 대한 검증을 수동으로 켜고 Minidumps가 열매를 맺을 지 확인했습니다. 일어난 일은 Windows에 모든 부하로 인해 운전자 검증 업체가 무언가를 잡았고 Windows로 부팅 할 수 없다고 말하면서 충돌을 일으켰습니다. 그래서 나는 미니 덤프를 잡고 Windbg에서 조금 보았고 검증기를 비활성화하기 전에 데스크탑에 복사하여 정상적으로 부팅 할 수있었습니다. 내가 설명해야 할 것은, 내가 나쁜 일을하지 않는 스타트 업에로드하는 일부 드라이버를 표시했기 때문에 여기서 잘못된 긍정적 인 것이 있다면, 그것이 드라이버 검증자가 그렇게 사용할 때 드라이버 검증 업체가하는 일이라는 것입니다. 나는 그것이 새로운 방식으로 어떻게 작동하는지 알지 못합니다."
keyword_reviews00.xlsx,"나는 4 마리의 개 (독일 셰퍼드 2 명, 허스키 1 명, 핏불 1 명) 내 LG 세탁기가 최근 양동이를 차고 배수를 거부했다. 나는 그것을 매우 철저히 청소하고 드레인 펌프 모터를 아무 소용없이 교체했습니다. 그래서 나는 새로운 세탁기가 필요하다고 생각합니다 (누군가가 부러진 것을 추천 할 것이 없다면) 나는 Maytag Pet Pro Washer를보고 있었고, 내 드라이어에 아무런 문제가 없지만 내 동생이 필요하지 않기 때문에 아마 그에게 줄 것입니다. 와셔 건조기 세트가 잘 바라보고 있습니까? 아니면 4 마리의 개에게 더 좋은 것이 있습니까, 우리는 집에 개 머리카락이 많이 있습니다."
keyword_reviews00.xlsx,* 프로 배플 필터 (메쉬가 없다고 생각합니까?)
keyword_reviews00.xlsx,LG Gram Pro 2-in-1 16 인치의 양면 SSD?
keyword_reviews00.xlsx,"LG Gram Pro 2-in-1 16 인치, 얇고 경량 노트북, Windows 11 Home, Intel® Evo Edition-Intel® Core ™ Ultra 7 Intel® Core ™ Ultra7 (시리즈 2) 255H, 32GB RAM, 2TB (2x1TB) SSD, Black (모델 16T90TP-K.ADB7U1)를 얻고 싶습니다."
keyword_reviews00.xlsx,LG Gram Pro 16 대 요가 7i Aura Edition 15 인치
keyword_reviews00.xlsx,"제목은 모든 것을 말하고 알고 싶었습니다. IM은 LG 그램 (정확한 모델은 확실하지만 정확한 모델은 확실하지만 15.3 인치 터치 스크린, 16GB RAM, 1 개의 TB4 및 1 개의 일반 USBC, WiFi 6E)을 받았으며, 첫 번째 PC (2019 년부터 MacBook Pro에서 시작)입니다."
keyword_reviews00.xlsx,"Ninkear A15 Pro의 특징 중 하나는 16 인치 IP 디스플레이입니다. QHD 해상도 (2560 x 1600 픽셀)를 제공하여 텍스트와 이미지를 날카롭게 표시 할 수 있습니다. 밝기는 400 니트로 지정됩니다. SRGB 범위의 색상 커버리지는 99-100%이므로 디스플레이는 멀티미디어 컨텐츠, 라이트 이미지 편집 및 사무실 응용 프로그램에 적합합니다. 120 Hz 새로 고침 속도는 매끄러운 디스플레이를 지원합니다."
keyword_reviews00.xlsx,"Dell 제품 품질은 수년에 걸쳐 감소한 것으로 보이며 저렴한 모델에서 멀리 떨어져있는 것이 좋습니다. 고려해야 할 16 인치 모델은 Pro 16 Plus, Precision 7680, Inspiron 16 Plus (명백히 핫하고 저렴한 모델입니다), 위도 7650입니다. 화면 사양은 약간 약해 보이고 나머드가 없습니다. XPS는 멋진 컴퓨터이지만 매우 신뢰할 수없고 뜨겁지 않은 것 같습니다."
keyword_reviews00.xlsx,나는이 두 노트북 사이에서 매우 찢어졌고 당신이 당신의 정직한 입력과 통찰력으로 나를 도울 수 있기를 바라고 있습니다. Book5 Pro는 내가 지금보고있는 새로운 노트북이 내가 지금 가고 있고 15/16 ish 인치를 대체해야 할 새로운 노트북이 내가 좋아하는 데 너무 큰 랩탑이기 때문에 오랫동안보고 있던 원래의 랩톱이었습니다.
keyword_reviews00.xlsx,"비디오 편집 (4K가 아니라 1080p), 3D 렌더링 및 사진 편집에 적합하거나 처리 할 수있는 노트북을 찾고 있습니다. 예산은 $ 850입니다. 나는 eBay에서 837 달러에 (1 년 보증과 30 일 반품이 있음) 리퍼브 M1 Pro 16-Core GPU, 32GB RAM, 512GB SSD (내 데이터를 외부로 저장할 수 있지만 걱정하지는 않는다)를받을 생각입니다. 그러나 나는 Windows 노트북에 대해 생각하고있었습니다. 저는 현재 끔찍한 배터리 수명이있는 끔찍한 2019 MacBook Pro 16 인치 32GB 1TB SSD를 가지고 있습니다 (1200 달러의 충전주기가 필요합니다. 140 달러로 교체해야합니다)와 과열 문제 (팬들은 크롬과 용감한 것을로드하여 크게 시끄럽습니다."
keyword_reviews00.xlsx,학교를위한 노트북이므로 7 시간 이상 지속될 수있는 배터리가 필요합니다. AMD 프로세서가 그 범주에서 좋다고 들었습니다. 나는 특정 소프트웨어를 사용하지 않고 수업에 내 노트와 다른 가벼운 활동을 기록하기 위해 개념 만 사용합니다. 나는 사용할 수 없기 전에 1 년 이상 사용할 수있는 합리적인 프로세서를 원합니다. 내 예산은 최대 800 유로입니다. 좋은 노트북의 합리적인 가격처럼 보입니다. RAM과 SSD 슬롯을 변경하여 향후 더 쉽게 업그레이드하거나 수리 할 수있게되면 감사하겠습니다. 고품질 스크린이 예산에 적합하다고 생각하지 않으므로 기본 화면은 괜찮습니다. 튼튼한 노트북은 어떤 일이 일어날 지 알지 못하기 때문에 감사 할 것입니다. 크기는 실제로 중요하지 않지만 16 인치 화면이 너무 크지는 확실하지 않습니다. Lenovo ThinkPad E16/14 G2/G6 AMD와 같은 일부 모델을 보았습니다. 왜냐하면 견고하고 많은 포트와 좋은 배터리가 있기 때문입니다. 또한 Dell Pro 14 PC14255와 Lenovo IdeaPad Slim 5 16akp10을 살펴 보았습니다. 전자는 더 나은 CPU를 가지고 있지만 후자는 쉽게 손상 될 수있는 것처럼 보입니다. 나는 결정할 수 없어서 여러분들에게 도움을 요청하고 싶었습니다.
keyword_reviews00.xlsx,"안녕하세요 여러분, Diehard Asus 노트북 팬을 많이, 14 인치 M2 MacBook Pro 14를 구매하기로 결론을 내 렸습니다."
keyword_reviews00.xlsx,육아하면서 오히려 노트북을 더 많이 쓰게 됐다 일단 손으로 쓰던 일기를 노션으로 대체하기 시작했으며 아기 영양제 이유식 등 공부해야할 것들도 많아졌기 때문이다 아무래도 정보를 찾을 때에는 검색용 정리용 모니터를 하나씩 두는 게 편한데작은 노트북 화면을 반으로 쪼개서 쓰기엔 좀 번거로움이 있었다 아기방을 만들면서 책상을 옮겼기 때문에 식탁이나 테이블을 왔다갔다하며 쓰기엔 일반 모니터를 쓰기 부담스럽기도 했다 샀다 포터블 모니터 내 노트북이 LG그램이므로 포터블모니터도 깔맞춤을 해주었다 LG그램뷰 정식 명칭은 LG gram view라고 한다 검색해보니 16MQ70과 16MR70모델이 있었는데MR이 2023년에 나온 신상 2세대라고 함 설레는 맘으로 언박싱했는데 이건 뭘까 코뿔소 코뿔소를 마주한 당황스러운 마음을 가다듬고 나니 영롱한 그램뷰가 모습을 드러냈다 존예보스 은은한 무광이라 느낌이 부드럽고 좋다 이게 안티글레어패널이라고 빛 반사를 낮췄다는데그래서인지 뭔가 액정부터 부드러운 느낌적인 느낌 뒷면도 부드러운 무광 재질이라 떨어뜨릴까봐 걱정됨 그런데 내가 진짜 놀란 점이 있다 엄청 가볍다 내가 엄청 가볍다는걸 보여주려고 두 손가락으로 집어보았는데떨어질 것 같은 느낌 없이 안정감있게 들 수 있었다 670g으로 아주 가벼운 무게라 집에서 쓰기에도 정말 좋은데 아무래도 재택근무나 워케이션 가는 직장인들에게 추천할 만 하다 나도 재택근무 자주 하던 직장인 시절에 이걸 샀더라면 능률이 더 올랐을 것 같다는 생각을 해본다 포터블모니터가 있던 자리 아래에는이렇게 사용설명서와 C C 케이블이 들어있다 C C라 hdmi케이블인 노트북은 연결잭이 필요할수도 있겠다 등장한 풀리오 커버 이게 있어야 이동중에도 안심할 수 있다 끝부분에 자석이 있어서 뒷면에 살짝 걸치도록 커버를 씌우면 된다 커버를 접으면 이렇게 원하는 각도로 세울 수도 있다 모니터 받침대같은거 따로 준비할 필요가 없다는 말씀 그램뷰재생187좋아요000 15그램뷰초 라락 노트북과 연결해봄Full HD보다 2배 정밀한 WQXGA 초고해상도란다 약 400만 화소라는데 확실히 기존 노트북 화면보다 깨끗하게 나오긴 함그리고 C타입 연결포트가 양쪽에 있어서 원하는 방향으로 모니터를 설치할 수도 있고 세로 버전도 가능하다 재택근무하는 직장인부터 카공하는 대학생한테도 추천해주고 싶은LG 그램뷰 후기였다 아니 근데 이게 뭔데 이건 왜준건데 액자로 쓰라는데 이게 그램뷰랑 무슨상관인건데 아시는분 있으면 댓글좀 달아주세요 LG전자 LG그램 16MR70가격가격비교 최저 320 880원 내돈내산
keyword_reviews00.xlsx,노트북이 필요하기도 해서 삼성과 LG를 오가다가우연찮게 보게되어 푹 빠진에가 있었죠 바로 이녀석 가격이 273만원 헐 아무리 최고사양에 터치모니터라고 고민하게 만드는 금액 CPU 8세대 코어 i7프로세서 8550U그래픽 인텔 UHD 그래픽스620메모리 8GB DDR4저장장치 SSD 512GB디스플레이 터치IPS LED 디스플레이 Full HD배터리 평판형 리튬플리머 72Wh 무게 1095g키보드 백라이트 지문인식17시리즈가 사은품이 더 많긴 했지만 터치되는 모델이 없어서 패스 터치에 너무 꽂히는 바람에 결국 주문을 해놓고 일주일만에 받았다 받았는데 박스가 찢어져 있어서 매장에 뭐라고 했지만물건에는 문제가 없고 이것도 이제 2개밖에 안 남은 상황이라그냥 쓰기로 했다 경고문구 모델명 15Z980 HA7WK15Z980 H AA7WK뭔가 고급스러운 느낌 노트북 들어올리는 스티커 흰색이 참 예쁜듯 예전 노트북들은 다 까만애들이었는데 설명서와 아답터아답터는 좀 크고 무거운 편이라 이게 제일 단점인듯하다 작게 좀 만들어주시지 요런 포장지에 파우치가 들어있다 파우치가 정말 맘에 들어 아무래도 휴대용 노트북이다 보니 배터리 관리가 정말 중요하긴하다 잊을만 하면 다시 찾아와서 봐야지 지문인식 로그인 설정방법짜잔 예쁘다 키스킨커버도 있다 터치가 되는 모델이니 만큼 바로 손가락 설정때부터 모두 터치가 가능하고 설정이 쉽게할 수 있게 되어있다 설정을 다하고 보니부팅속도도 엄청 빠르고10초도 안되서 부팅이 끝나고 지문인식 잘되고 터치도 잘되고 잘 산것 같으다 터치되는 휴대용 듀얼모니터를 쓰고 싶다면 클 릭 휴대용 모니터 제우스랩 알파플랜 Z15ST 포터블 멀티 터치 DEX 15 6인치 내돈내산 후기 11월 21일 주문한 상품이 12월 30일 도착했다 흐 해외배송이라지만 한달넘게 걸리다니 연말 선물 맞춰서 보내주신건가 그때당시 엄청 할인하는거 같아서 바로 구매 122 900원 포장을 뜯으니 아래와 같은 케이블들과 어뎁터가 있다 C C는 2개가 들어있다 더 좋은듯 본체 위아래 푹신한 스티로폼으로 보호하고 있어 든든한듯 케이블4개에 액정보호필름 본체는 에어쿠션으로 더 안전하게 본체를 꺼내보니 액정을 보호하는 케이스에 덮혀있고 탈부착 가능하다 이 케이스가 거치대 역할도 한다 이제부터 이 flowbeat tistory com어두운 곳에서 키보드 밝게하니어두웃 곳에서도 얼마든지 작업이 수월할듯하다 밝기 조절하니 좌우가 차이가 많이 난다 매우 밝게도 가능하니 좋다 앞으로 잘 부탁한다 엽 그램아 아래부터는 LG전자 베스트샵 에서 사은품으로 받은것들이다 산들구름 EzPhoto 포토샵 한컴오피스 한컴 넷피스 LED 램프 무드등 HDMI 케이블 노트북잠금장치 LG gram 노트북 터치 그램 15 6인치 터치모니터 15Z980 HA7WK H AA7WK 사양 성능 고사양 i7 8550U 내돈내산 후기
keyword_reviews00.xlsx,LG 그램 스타일 16인치16ZD90RS GX56K가격 약 1 948 940 원 엘지그램 그램스타일 LG그램 LG그램스타일 가벼운노트북 가성비노트북 노트북추천 LG노트북 16인치노트북 LG노트북 사무용노트북 그램13세대 빅스마일데이 그램싸게사는법 그램구매가 그램가격 대학생노트북 그램13세대 그램무게 그램리뷰노트북이 필요한 오빠가 몇 달 전부터긴 고민 끝에 구매한 LG 그램 스타일배송 온 당일 블로그 포스팅하라고친히 우리 집까지 들고 와주신 협찬 제품오빠 돈 오빠 산 아무래도 고가의 기기이기도 하고꼼꼼하고 약간은 우유부단한 우리 오빠는갤럭시 북 3 360과 그램 스타일 중몇 달을 고민하며 계속 물어보았고제발 제발 그만하고 아무거나 좀 사 하고 폭발하기 직전에 알게 된G마켓 옥션 최고의 쇼핑 축제 빅스마일 데이 빅스마일데이 는 파격적인 할인가로삼성 LG 로보락 가전제품 전자제품뿐만이 아니라농심 CJ 비비고 등 식품 생필품 등다양한 제품들을 저렴하게 살 수 있는 행사로보통 매년 5월과 11월에 진행되고 있어요 고민 끝에 스마일 데이 할인율을 보고 결정하기로 했고행사 시작 첫 날인 2023년 5월 8일 12시 땡 하자마자빅 스마일 데이 오픈런으로 쟁취하게 된 제품은결국 LG 그램 스타일 16인치 였어요 G마켓 옥션의 빅 스마일 데이 기간에는일반 고객에게도 큰 할인가로 물건을 구매할 수 있고스마일 클럽 회원들에게는 더 큰 할인을 해줘서출고가 약 231만원의 노트북을G마켓 할인 쿠폰 15 최대 30만 과카드 즉시 할인 7 최대 7만 모두 받아서 약 194만원에 구매가 가능했답니다 갤럭시 북 3와 LG 그램 비교하이마트 간 김에 갤북3랑 그램 비교 좀 해오라는오빠의 심부름에 열심히 공부했던 지난 나날들 오빠가 어린이날 선물로 아이패드 사줘서 짜증 안 남 하이마트 기준 갤럭시 북 3보다 그램 스타일이스펙에 많이 큰 차이가 없음에도 불구하고50만원 이상 더 비싸더라고요 삼성 갤럭시 북 3 vs LG 그램 스타일 무게 비교부들거리며 한 손으로 겨우 드는 갤북과여자인 내가 들어도 정말 가벼운 그램삼성 갤럭시 북 3 vs LG 그램 스타일 키보드 비교부드럽게 눌리는 갤북의 키보드 타건감과톡 톡 깊게 눌리는 그램의 타건감저는 쏙 들어가는 느낌의 그램 자판이 더 좋은데아무래도 손에 힘이 더 들어가다 보니호불호가 꽤 많이 갈리는 부분이에요 LG 그램 스펙LG 그램 스펙 운영 체제 디스플레이 프로세서 메인 메모리 멀티미디어 저장 장치 입력장치 파워 네트워크 기타 운영체제OS 미탑재화면크기40 6cm해상도WQHD 3200 x 2000 패널 형태OLED 디스플레이 저 반사 패널 CPU13세대 인텔 코어 i5 1340PCPU 클럭1 9 GHz터보 부스트4 6GHz캐시 메모리12MB Cache메모리용량 16GB 종류 LPDDR5 MHz그래픽인텔 Iris Xe Graphics그래픽 메모리내장형오디오 사운드Dolby Atmos Stereo speakers Smart Amp웹캠FHD IR 웹캠SSD256GB 확장슬롯 1 PCle 4 0 입력장치백라이트 키보드 풀 사이즈 97키 3열 포함 터치패드히든 터치패드 햅틱 파워AC 65W 배터리 리튬이온배터리사이즈크기 355x241mm 두께 15 9mm무게약 1 230g네트워크Intel Wi Fi 6 AX211블루투스5 1유선랜Gigabit 랜젠더 별매 동영상 미리 보기LG 그램 스타일 16인치 노트북 LG Gram Style 재생218좋아요700 32접기 펴기LG 그램 스타일 16인치 노트북 LG Gram Style 본격적인 언박싱과 세부 내용을 보기 전에동영상 먼저 시청을 추천드립니다 LG 그램이 유명한 이유각도에 따라 달라지는 영롱한 홀로그램 디자인과내부 모습까지 미리 확인할 수 있답니다 구매 사은품갤북 3와는 스펙들부터 디자인까지다소 차이가 있었지만정말 가벼운 무게와 빛나는 홀로그램 디자인에푹 빠진 오빠는 결국 엘지 그램을 구매했어요 본품 노트북과 함께 배송된 사은품을 먼저 살펴보니무선 마우스와 2023 오피스 밸류팩이 있어요 밸류팩은 산돌 구름 폰트 곰 믹스 맥스 프로 한컴 독스 한컴오피스 2022 Yes 24 이용권까지전부 필요가 없는 거라 그냥 보관해두기로 마우스는 사은품이라서 큰 기대를 하지 않았는데무선에 무소음으로 클릭감도 좋고 부드러워서의외로 정말 만족스러웠던 사은품이에요 언박싱LG gram본격 언박싱 시작 꽤나 커다란 박스에 배송되어 온 노트북은위아래 봉인 라벨이 꼼꼼하게 붙어 있어요 뚜껑을 열자 보이는 그램 잠깐 그 사이에 저 그림은 뭐지 엘지에서는 환경 부담을 1g이라도 덜기 위해겉 박스는 친환경 패키지를 사용했으며내부의 완충재는 조립해서 코뿔소 액자를 만들어재사용 할 수 있게 만들었다고 해요 멸종 위기 동물인 코뿔소 모양으로 만들어환경 보호에 대해 관심을 가져보자는메시지도 함께 담았다고 하니기업에 대한 호감도도 확실히 올라가는 것 같아요 사진 찍는 동안 사부작사부작오빠가 만든 코뿔소 액자 의미도 좋고 귀엽기는 하지만집에 두고 싶은 디자인과 퀄리티는 아닙니다 단호 부직포 파우치의 손잡이를 당겨조심조심 노트북을 꺼내보니아래와 옆에 여러 가지 부속품들이 보여요 구성품으로는 본품 노트북과 사용 설명서 C C 어댑터와 케이블까지 참 심플해요 사용하는 노트북은 충전 어댑터 쪽에크고 무거운 배터리가 달려있는데그램은 어댑터가 휴대폰이랑 똑같은 구성으로굉장히 가볍고 심플하니 마냥 부러울 따름이에요 외관파우치를 벗겨보니 여러 빛깔을 뽐내는LG 그램의 영롱한 외관 홀로그램 아마 오빠가 이거에 반해서 그램 스타일을 샀다지 정식 명칭은 오로라 화이트 라고 출시가 되었는데빛의 양과 각도에 따라 다르게푸른빛 붉은빛 핑크빛 등의 여러 빛깔로 보이며기본적으론 실내에서는 블루톤이 가장 강하게 보여요 반짝반짝 그램의 영롱한 홀로그램을리얼하게 보여드리고 싶지만카메라 초점 잡기가 영 힘드네요 그램 스타일은 워낙에 얇고 가벼운 노트북이다 보니홀로그램 부분에 때가 잘 타거나 약하지 않을까 했는데코닝 고릴라 글라스 Corning Gorilla Glass 소재로얼룩 오염에도 강하고 튼튼하다고 해요 강도 궁금해서 외관을 손가락으로 꾹꾹 눌러보니안으로 잘 들어가지도 않고실제로도 꽤 강한 소재임이 느껴져요 무게아무래도 그램의 가장 큰 장점은 당연히 무게 한 손으로 여유롭게 흔들 수 있을 만큼 가벼운1 230g의 초경량 노트북으로이동이 많은 대학생들에게특히나 최고의 노트북 아닐까 싶어요 오빠가 마침 집에 전자저울이 있어서직접 재본 그램 스타일의 무게는 1 215g로엘지에서 공식적으로 발표한 무게보다15g이나 더 가벼워요 공식 무게는 어댑터까지 포함한 무게려나 아무튼 실제로는 더 가볍다니 오히려 좋아 두께초경량 노트북답게 두께 굉장히 얇아요 자그마치 15 9mm밖에 안된다고 하니가방에 간편하게 쏘옥 넣어 다니기도 편하겠네요 디스플레이조심스레 열어보는 그램 16인치의 넓은 디스플레이에 16 10의 화면 비율로WQHD 3200x2000 고해상도 OLED를엘지 그램 최초로 탑재한 모델이에요 OLED만의 놀라운 색 표현력과 화질의 선명함에감탄 또 감탄이 게다가 패널 부분은눈부심과 빛반사를 줄여주는 안티글래어 저반사 Low Reflectiom까지 적용되었다고 하니얼마 사용해 보지 않았지만괜히 눈이 편안한 느낌이 들기도 해요 zz개인적으로 디스플레이 부분에서가장 제 마음에 드는 건 이 얇은 베젤이에요 블랙 컬러의 베젤에 두께가 굉장히 얇다 보니화면이 더욱 커 보여서 속이 다 시원한 느낌이거든요 게다가 화면 위쪽에는 웹캠이 탑재되어 있는데이 웹캠으로 얼굴을 인식해서비밀번호를 치지 않고도 자동으로 잠금이 풀리는데아이폰의 Face ID와는 비교도 안 될 만큼굉장히 빠른 인식으로 0 1초 만에주인만을 알아보고 해제가 되는 게 굉장히 신기해요 혹시 아무나 다 풀어주는 거 아니야 하고몇 번이나 테스트해봤는데 제 얼굴로는 절대 열리지 않더라고요 그램 너 굉장히 똑똑하구나 키보드깔끔한 디자인의 화이트 컬러 키보드는총 97키의 자판으로옅은 백라이트 불빛이 은은하게 들어와서은근히 반짝이며 예쁜 데다가백라이트 기능도 있어서 켜고 끌 수 있어요 아무래도 대부분의 노트북에는3열 키패드가 없어서 불편한 경우가 굉장히 많은데그램 스타일 16인치는큰 사이즈의 노트북이다 보니3열 숫자 키패드가 포함되어 있어서 정말 좋아요 히든 터치 패드 마우스 패드 그냥 보기에는 패드의 경계선이 없다 보니보기에는 불편해 보일 수 있겠지만히든 라이팅 터치 패드로톡 하고 건들면 키패드 좌우로 반짝이는 불빛이 나와서오히려 굉장히 고급스러운 존재감을 나타내줘요 마우스 패드마저 평범하지 않은 너 뿐만 아니라이용자에게 힘 진동 모션 등을 적용해서터치의 느낌을 구현한 햅틱 기술이 적용되어서다른 제품들 훨씬 더 부드러운 터치감을 느낄 수 있었어요 여기서 잠깐오빠가 알려준 노트북 터치 패드 사용 꿀팁 손가락 하나로 마우스 커서를 움직이고 클릭하는단순한 활용만 사용하셨나요 두 개의 손가락으로터치 패드의 위아래를 왔다 갔다 하면스크롤 없이도 화면을 위아래로 내릴 수 있어요 세 개의 손가락을터치패드 아래로 쓸어내리면지금 켜져 있는 화면이 최소화되어 내려가고바탕화면이 보이고 다시 위로 쓸어올리면아래에 숨어있는 창이 다시 위로 올라간답니다 마지막 네 개의 손가락으로좌 우를 쓸어 넘기면 바탕화면 전환이 가능해요 그 외에도 다양한 제스처가 있고설정에 들어가서 변경도 가능하니터치 패드로 다양한 활용을 사용해 보세요 스피커2개의 스피커가 노트북 하단 좌우에 달려있고입체적이고 화려한 음향을 나타내는돌비 애트모스 Dolby Atmos 가 내장되어 있지만노트북이다 보니 오디오 부분에서는확실히 만족감을 얻기는 어려워요 그래도 일반 노트북에 비하면확실히 선명한 음질임은 느껴지는 정도랍니다 유일한 단점좌우 측면에는 좌 이어폰 단자 C 타입 포트 2개 우 SD카드 슬롯 USB 포트 1개이렇게 총 5개의 포트가 있어요 포트 5개가 있는 게이게 무슨 단점인가 싶을 수 있겠지만중요한 건 USB 단자가 하나뿐이라는 거예요 USB 단자가 하나뿐이다 보니블루투스 무선 마우스 유선 마우스 등마우스와 연결을 위해 USB를 사용하고 나면남은 자리가 없습니다 노트북을 사용할 때 터치 키 패드가 있지만마우스를 24시간 연결시켜 놓는 경우가 대부분인데그램 스타일은 USB 단자가 하나이기 때문에이동식 디스크를 이용해야 할 때마다뺐다 꼈다 굉장히 번거로운 일이 발생하게 돼요 그러다 보니 그램 스타일 구매하면서 필수품으로멀티 허브를 많이 구매하시더라고요 기본으로 2개만 만들어 줬어도 충분했을 텐데그램 스타일의 유일한 단점인듯싶어요 16인치 vs 17인치 노트북 크기 비교그램 스타일 16인치 vs ASUS 17인치 게이밍 노트북제가 쓰는 17인치 노트북과 크기를 비교해 보았어요 전자기기는 거거익선이라는 마음으로항상 살 수 있는 선에서 가장 큰 제품을 구매하는제 17인치 대형 노트북과 비교해 봐도크기가 꽤나 큰 편이에요 두께나 무게 등이3배 이상씩은 차이 나는 노트북이다 보니사이즈로는 1인치밖에 차이가 안 나지만옆에 둔 제 노트북이 굉장히 무쇠 같고 그러네요 총평가성비충인 처음에 오빠가좋은 사무용 노트북 정도 스펙의 노트북을200만원 주고 산다니 전혀 이해를 하지 못했었어요 실제 눈으로 보고 사용해 보니마우스의 부드러운 터치감 경쾌한 키보드의 타건감 가벼운 무게와 선명한 고화질 디스플레이에무엇보다 실물로 봤을 때 굉장히 예쁜반짝반짝 영롱한 홀로그램 디자인에 홀려버려서부러움과 감탄을 연발하게 되면서전혀 가격이 비싸다는 느낌조차 들지 않더라고요 혹시나 가격 때문에 망설이시는 분들께서는구매하신다면 절대 후회하지 않을 것 같은감성비 최고의 노트북 엘지 그램 스타일 16인치 를 강력 추천합니다
keyword_reviews00.xlsx,작년부터 노트북이 좀 불안불안했다 기계치에 컴퓨터 잘알못 인 나는혹시나 여태껏 쌓아온 데이터를 날릴까 불안한 마음이 가득했다시간이 지날수록 쓰레기장이 되어가는 나의 디바이스들휴대폰에는사진도 문서도 엉망진창 쌓여갔고 노트북에는아이들 사진부터 스파두이관련 문서 온갖 잡 이미지 세무 관련 문서 블로그 한답시고 영혼 없이 촬영하며 쌓인 사진들까지 나름 정리한다고 했지만나의 머릿속을 들여다보는 것처럼 엉망진창이었던 차 날을 잡고한 번쯤 대청소가 필요한 시점이 왔다 뭔가 머릿속이 복잡하고기억력도 좋지 않은 나에게정리가 필요했는데작년 여름부터만약 노트북과 휴대폰을 잃어버리거나망가졌을 경우에도 업무에 지장이 없기 위해어떤 장치가 필요했다 노션 Notion과 옵시디언Obsidian 중 고민하다가옵시디언에 정착했고 필요한 이미지들을깔끔하게 정리하고나의 머릿속을 모두글로 문서화하는 작업을 미리 하고 있었다 원래 슬픈 예감은 틀린 적이 없고 결국 어느 날노트북이 켜지지 않길래LG전자 AS 센터를 방문하였는데윈도우를 다시 깔아야 한다고 했다 다시 윈도우를 깔아달라고 부탁드렸는데 현재 사용하던 노트북은 온라인에서 구매한 거라사설 프로그램 설치하는 곳을 찾아서내가 직접 해야 한다고 했다 싼 이유가 다 있었어 헉 컴퓨터 수리 업체를 알아봐야 한다고요 여담이지만나의 장점이자 단점은 장점이라 해두자 생각보다 뇌 구조가 굉장히 단순한데잘하는 건 매우 과몰입하는 편이지만못하는 건 관심과 재미가 없는 건 재능 지수가 훅 떨어짐 그냥 알고 싶지가 않다 검색과 기계의 영역이 나에게는 그런 것 예를 들어 합리적인 제품을 찾는다던가운전 같은 더 피곤하고 봐도 무슨 말인지 이해가 안 가서해결도 안 될뿐더러그냥 그 시간에 더 생산적인 일을 하자는 편 사실 이미 5 6년 오래도록 사용하기도 했고더 이상 노트북으로 에너지를 소비하고 싶지 않아서바로 매장을 찾았다 몇 년 전에 망가진 노트북 처분하면서 찍어두었던 기념샷인데많이도 샀네 사진 보니 5번째 구매인 것 같다 LG그램 LGgram gram 14인치노트북 구매후기를 시작한다 LG GRAM 노트북5번째 구매후기솔직히 약간 노트북이 맛이 갔다는 느낌이스멀스멀 들 때부터동네 삼성과 LG 프라자를 들락거리며괜찮은 제품이 있는지 눈여겨보던 차였다 난 삼성 갤럭시 광팬이라아무리 예뻐도애플은 구매할 일이 없을 듯하여 삼성과 엘지두 브랜드 중 보고 있었는데삼성 노트북은 도저히 무게와 디자인 때문에 선뜻 마음이 끌리지가 않았다 나이 들수록무거운 건 질색팔색이라구매 포인트는 가벼운 것 추구 A S가 무조건 잘 되어야 하며 디자인은 군더더기 없을 것살짝 지겨운 감이 있긴 한데선택지가 없어서다시 LG GRAM으로 눈길을 돌렸다 LG전자 베스트숍 양천 본점LG전자 양천 본점 한번 쭉 둘러보니노트북 사양은 내가 잘 모르는 영역이니최신 것을 선택하면 될 것 같았고 선택 포인트는사이즈무게가격이렇게 가 아니었나 싶다 가끔 휴대폰 살 때도 이벤트 기간에 살 수 있으면 혜택이 좋은 경우가 많은데아무래도 3월이다 보니모두 새내기 대학생을 위한 혜택뿐 나 같은 일반인은 특별한 게 없어 아쉬웠다 가족 중에 입학 등록증이 있는 대학생이 있으면 할인 혜택이 있는 것 같았음 주민등록등본을 제출해야 한다고 그래도 그나마 10 할인 적용과사업자 할인 적용 4 받을 수 있어서 아쉬운 마음을 달랬다 LG Gram 디자인은 뭐 뻔하다 군더더기 1도 없고사이즈 변화와화이트 컬러의 미세한 차이 디자인은 참 예쁨 터치스크린은글쎄 더 무겁고 비싼데 노트북까지 터치해야 하나 싶어서 제외했고 대략적으로 보니 위의 이 3가지가 눈에 들어왔다 10 할인가로16인치 229만 1 199g 15인치 179만 990g 14인치 189만 1 120g 15인치를 계속 사용하고 있었고 익숙한 제품이라가볍고가격적인 메리트는 있었지만2024년도 식이라 저렴했지만USB포트가 없어서 PASS 16인치와 14인치를 두고 살짝 고민했다 사실 16인치를 샀다가다시 돌아와서 14인치로 바꿨다 둘 다 2025년 최신 버전이라 사양은 비슷했으나14인치 선택 이유는오랜만에 작은 게 예뻐 보여서 내돈내산인증사업자 할인 4 까지 받아서1 815 000원에 구매 완료 14인치14Z90T GA5HK언박싱 시작우선스펙 정리14Z90T GA5HKOS Windows 11 Home 64비트 CPU 인텔 코어 Ultra 5 프로세서 225H무게 약 1 120g크기 312 x 214mm 두께 15 7 16 9mm해상도 WUXGA 1920X1200 메모리 용량 16GBSSD 512 GB 확장슬롯 1역시 새것이라 광채가 기분이 좋다 깨끗하게 잘 사용해야지 비닐 떼기 전이라 반짝반짝하지만무광이다 사용설명서가 들어있으나 크게 중요한 내용은 아님위 14인치 14Z90T GA5HK 이번에 구입한 것 아래 15인치 15ZD990 VX50K 이전에 쓰던 것 크기 차이는 4 7X1 4cm 정도14인치 LG 그램 색상이 살짝 크림색이 도는 화이트라 좀 더 고급스러운 느낌LG 그램은 사용하다 보면 늘 발열이 좀 문제였는데그래서 바뀌었는지 몰라도바닥에 구멍이 숭숭 뚫어 보강한 것 같았다 그냥 내 생각임 충전기는 C 타입으로 바뀜전원 버튼을 누르고 시키는 대로 세팅하면 끝 이건 누구나 할 수 있다 내가 하면 초등학생도 할 수 있는 수준 무엇보다 좋은 기능인 것 같은데gram Link 2 0라는 프로그램이다 화면에서 휴대폰을 미러링 할 수도 있고앱만 연동 시키면찍은 사진을 바로바로 이동시킬 수 있다 전부터 있었던 건지는 모르겠지만블로그 포스팅할 때마다 휴대폰과 노트북 넘나드느라 고생이 많았았는데이 프로그램은 정말 잘 사용할 것 같다 사은품노트북을 구매하면 7일 이내 사은품을 보내준다 노트북 파우치와 마우스 마우스패드그리고 각종 체험 쿠폰들 Nordisk가 랑 콜라보레이션 했나 보다 난 잘 모름 위에도 말했듯난 무거운 거 딱 질색이라 가볍고 때타지 않을 우리 딸래미 갤탭 가방을 사용하기로 이번에는 정말로잘 정리해서 사용해야겠다 깜찍한 사이즈에 적당한 무게업그레이드된 사양 lg그램노트북 14Z90T GA5HK난 대만족 내돈내산만 포스팅하는찐 소비요정스파두이
keyword_reviews00.xlsx,LG그램 pro 16인치를 구입했습니다석사 때 산 노트북이 있는데요 구입한지 7년 정도 되었더라구요 돌아가는데는 문제가 없지만배터리가 노후되서 충전기 없이는사용하기가 어렵고 노트북도 워낙 두껍고 무겁구요 이번학기부터 학교에 자주가다보니노트북을 들고 가는 경우가 늘었는데노트북에 충전기까지 가지고다닐라니이건 뭐 무게가 어마어마한겁니다 LG그램pro를 구입했습니다 박사 졸업하려면 조금 시간이 남았으니뽕뽑을 수 있겠죠 LG그램pro 16인치LG그램pro 16인치 구입이유그램하면 가벼움의 상징이잖아요 1 2kg으로 가볍게 나왔습니다 배터리 성능도 좋아져서한 번 완충하고 10시간 이상사용할 수 있다고 하네요 물론 어떤 작업을 하냐에따라차이가 있습니다 pro에는 더블쿨링팬이 있어서노트북 사용시 발열도 적고하드웨어가 보다 원활하게 구동되게도와줍니다 LG그램링크라는 새로운 자체 프로그램으로ios체제의 아이폰이나 아이패드와PC의 사진교환 같은 게 수월하고화면 확장 기능도 된다고 하더라구요 기존에 쓰던 노트북은 15 6인치인데베젤이 넓은 편이었는데요 LG그램pro 16인치는 베젤이 얇아서기존에 쓰던 노트북이랑전체적인 크기 차이는 별로 없더라구요 그래서인지 부담스럽지 않은 사이즈에화면이 약간 확장되어서 시원해진 느낌에크기는 만족스럽습니다 얇고 가벼움을 자랑하는LG그램pro 답게 얇디얇습니다 포트가 없는 부분은 안쪽으로움푹 들어가게 디자인을 해서더 얇게 느껴지게 만들었더라구요 포트는 C타입 2개HDMI 1개USB 2개이어폰 1개이렇게 구성되어 있습니다 물론 LG그램pro 16인치의 불편한 점도 있습니다 바로 이 숫자키인데요 옆쪽에 숫자키가 있는 것은 편리하지만터치패드의 크기를 늘리면서자판의 공간이 부족했던 탓인지PgUP Home End 등의 키가숫자키와 같이 있어요 NumLk을 꺼야만사용할 수 있다는 아쉬움이 있습니다 은근 편한 키들인데 말이죠 적응이 되면 괜찮으려나요 시원시원한 사이즈가 좋지만일반적인 가방으로는 16인치 노트북을담아가지고 다니기 힘들다는한계점이 존재하죠 그렇지만 16인치 노트북을 담아다닐 수 있는숄더백을 찾아서 이 문제는 해결했답니다 곧 리뷰올릴게요 LG그램 pro 16인치의 충전기입니다 C타입 충전기이고충전기 본체도 작아서가볍고 휴대하기도 좋습니다 LG그램 pro 16인치를 구입했는데요 기본 용량이 256GB인 제품입니다 근데 256GB로는 용량이 충분하지 않아서구입처에 문의했더니 SSD를 사오면용량을 추가할 수 있다고 하더라구요 그러면서 SK hynix꺼를 추천해주시길래500GB를 구입했습니다 500GB SSD를 메인드라이버로기존에 있던 256GB를 서브드라이버로나누어서 설치했습니다 메인드라이버의 용량이 충분해지니마음이 둔둔하네요 LG그램 pro 16인치 구매 사은품2024년 신제품이 출시되고얼마지나지 않은 시점에 구입을 해서인지LG그램 구입고객에게여러가지 사은품을 주는 행사를 하더라구요 무선마우스와 한글프로그램 곰프로그램 산돌구름 등을사용할 수 있는 LG그램 오피스벨류팩그리고 랜디스도넛과 콜라보한 상품들까지사은품으로 받았습니다 결론적으로 말씀드리자면 LG gram 오피스 벨류팩의한글과컴퓨터 외에는그닥 무선마우스 사은품집에서는 버티컬을 사용하고 있는데그 몸집이 크다보니들고다니기 불편하던 차에무선마우스를 준다니 좋더라구요 그런데 일단 블루투스 마우스가 아니고USB 리시버를 꺼내려면마우스 앞면을 다 열어야해서불편함이 있더라구요 항시 사용할 것이 아니라 리시버를넣다뺐다를 자주 해야하는데 말이죠 작동도 잘 되지는 않아요 스크롤이 될 때가 있고안 될 때가 있어요 USB 리시버를 끼우면작동이 되는데요 USB리시버를 끼워도 불빛이 안들어오고마우스 반응이 안되어서배터리가 다됐나 생각했는데USB리시버를 제거하고가방에 넣었는데 불빛이 들어오는기이한 현상 전원이 없어서 끄지도 못한답니다 이름 그대로 사은품이네요 휴대용으로 쓸 작은 것을 따로구입을 해야할 것 같아요 컴팩트한 무선마우스라 좋아했는데아쉬워요 LG 그램 오피스 밸류팩또다른 사은품은 LG그램 오피스 밸류팩입니다 산돌구름 한컴오피스 한컴독스 곰믹스 곰캠프로가포함되어 있습니다 한컴오피스는 영구 사용이고나머지는 1년 이용권이에요 한컴오피스 2024 영구버젼이 있는게아주아주아주 좋더라구요 산돌구름도 호기심에 사용해보고 있긴한데단순히 PPT 만들 때 폰트를 쓰다보니생각보다 무료폰트도 쓸만한 것들이 많더라구요 유료로 1년 써보는 것으로 충분할 것 같아요 곰캠이랑 곰믹스는 아직 안써봤네요 LG그램링크LG그램 pro를 사면서너무너무 기대했던 기능이었던LG그램링크도 써봤습니다 노트북의 바탕화면에 있는 LG그램링크 프로그램에 들어가고아이패드에서 LG그램링크 앱을 받으면사용할 수 있어요 PC에 기기 등록이 되고 나면앱을 연동해서 사진이나 문서들을편하게 보내고 받을 수 있습니다 뿐만아니라 모바일 기기 미러링이나PC화면 확장 복제키보드 마우스로 사용하는기능도 있어요 앱에서는 이렇게 보인답니다 기기를 PC에 등록할 수도 있고등록하지 않고 일회성으로 파일 전송을할 수도 있어요 화면 확장 기능을 사용해봤습니다 아이패드에서 찍힌 사진인데요 폴더화면 보이시죠 신기합니다 엄청 신기해요 그런데 신기함 거기 까지입니다 안정성이 떨어지더라구요 아이패드에서 보이는 화면이버벅거림이 있고노트북에서도 안정성이 떨어져서작업표시줄에 내려놓은 창들이보이지 않는다거나화면이 깜빡거린다거나 느려진다거나 그런 측면이 있어서한 번 사용해보고는 사용 안해요 조금 지나면 안정화가 되려나요 그 전까지는 사용할 생각이 없는LG그램링크입니다 LG그램pro 16인치 내돈내산 후기였습니다 가벼움이 최고의 장점이라요즘 학교에 수업하러 갈 때도연구실 갈 때도강의하러 갈 때도가뿐하게 들고 갈 수 있어서 만족스럽습니다 앞으로 5년간 잘 부탁한다
keyword_reviews00.xlsx,왜 맥북은 한 가운데 놔 두고 이야기 안 해주나요 스피커 테스트는 좀 아쉽습니다 음향 전문 회사를 구매해서 신경 쓰는 것처럼 보이는 데 뭔가 기본적인 것을 테스트 하지 않는 느낌이랄까 써 놓고 보니 이상하게 느껴질 것 같아서 사족 달자면 여기에서 한 테스트가 잘못되었다 다르게 테스트 해야 한다는 의미가 아니라 삼성에서 만든 제품이 좀 이상한 느낌 AKG 자체 제품이나 삼성 제품 내에서 이상하지 않은 않은 경우도 많지만 뭔가 제품 리뷰하는 사람이 이상하다고 느끼는 경우가 가끔가다가 보여서 쓴 것입니다
keyword_reviews00.xlsx,20년만에 첫 노트북 사려고 하는데 가정용겸 카페다닐때 가지고 다닐 겸용으로 사려고하는데요 지금 LG그램 울트라7 255H 32램 512기가 생각중인데 좀 오버스펙일까요 간혹가다가 피파도 할거 같은데 돌아갈까요
keyword_reviews00.xlsx,짧지만 처음 들여오고이틀동안 꽤 열심히 사용해보았습니다 개인적으로 씽크패드는 처음이고노트북 경험이 많진 않지만이틀동안 느낀점들입니다 먼저제가 들여온 씽크패드 T14s Gen4 AMD는라이젠5 PRO 7540U 라데온 740Mram 32gb키옥시아 1tb비터치 sRGB 100 400nit 저전력5MP IR카메라지문O영문키보드window 11 home65W슬림충전기스펙 제품입니다 umpc제품들도 좋아하기때문에 자주 접하는그 유명한 7840U 780M 가 아닌것이조금 아쉽기는 합니다만이전에 사용하던 노트북도 전부 라이젠5 코어 i5급이였기에큰 아쉬움은 남지 않는것 같습니다전성비와 발열체감이 낮다면오히려 더 낫다는 생각도 드네요키옥시아SSD도 그닥이지만 이건 나중에 교체할 수 있으니까요그외에는 매우 선택한것마냥 cto가 들어있는 제품입니다영문키보드가 매우 크죠 AMD인점을 보여주는것은 좋지만개인적인 디자인 취향상 스티커는 제거하였습니다 손톱으로 제거하려다 안때져서플라스틱 스크레퍼로 조심히 떼야지 했는데가져다대는 순간 힘없이 삭 때져서약간 당황했네요 다행히 변색이나 착색은 없었습니다어제 데려오자마자 처음 만진부분이바이오스 부팅로고였는데아무거나 주워서 했다가 너무 크게 나와서당황스러워 하나 찍어두었습니다 지금은 적당한 사이즈로 다시 바꿔주었습니다 확실히 꾸며두고 보니 더 맘에 드네요이제 사용감에 대해서 이야기를 해보면 첫번째로는 디스플레이 개인적으로는 LCD패널보다 OLED안티글레어패널보다 글레어패널을 선호하는 편입니다하지만 이 디스플레이는 조금 생각이 다르게 드네요별도 AR처리가 안된것은 아쉬웠지만굉장히 보기 편한 디스플레이라씽크패드의 특성을 생각한다면 이게 더 어울린다는 생각이들더라구요엄청나진 않아도 부족함은 크게 없는 색감과 밝기였습니다 다만 umpc로 6인치 FHD를 주류로 쓰는데LCD는 QHD를 선택하지 못하는게 조금 아쉬운것 같습니다 다른 제품들은 베젤을 신경 많이 쓰는 타입인데이 제품은 의외로 크게 거슬리지 않았네요 역노치가 없다는 만족감이 더 큰것 같습니다 두번째는 키보드 트랙포인트키보드의 경우엔키감이 처음 씽크패드에 환상을 가졌던 이유라기대를 했던건 사실이지만 고민하던 나노나 요 T14s나 21년이후 전반적인 제품들이너프를 먹은걸로 유명한듯하여서 아쉽습니다 기대보다는 못하긴 해도그럼에도 크게 아쉽지는 않았고이전에 사용했던 그램 14 2021에 비해정갈한 백라이트가 맘에 들었습니다 그램의 경우 울긋불긋한 못봐줄만한 백라이트를 보여줘서매우 아쉬웠던 기억이 있었거든요 빌드 퀄리티에 있어서는 큰 불만이 없는것 같습니다 키 배열인데 Fn과 컨트롤은 빠르게 익숙해졌으나 변경하지 않고 쓰는게 예의라 생각해 스왑하진 않았습 윈도우키를 누르려다 컨트롤을 누르려한다던가 프린트 스크린의 위치에 조금 당황하긴 했었네요 아직 열심히 적응중입니다 트랙포인트 빨콩에 대해선씽크패드는 아니지만아주 옛날에 써본 vaio노트북에서 인상이 매우 좋았어서기대했던 부분중 하나입니다 위에서 이야기나온 6인치짜리 umpcGPD의 win4 사진에 같이 나와있습니다 에광학식 트랙포인트 오른쪽 네모부분 가 달려있고매우 유용하게 쓰고 있기도 했습니다 다만 기억에 너무 의존해서인지 기억에 가지고 있던 바이오 트랙포인트랑민감도가 너무 달라서 적응에 조금 불편함이 있었습니다 트랙포인트 커버 마다도 다르다고 하는것 같던데그 영향도 있는것 같네요민감도를 최하로 내리고서야 겨우 적응할 수 있었습니다 터치패드쪽에 있는 버튼이디자인상으론 보기 더 좋으나 거리가 멀어지고깊이가 얕아서 조금 아쉬웠던것 같습니다 사실 제일 크게 놓친 부분은맥북을 쓰면서 제스처가 많이 적응되었다는 점입니다 자연스럽게 트랙패드로 손이 가다보니약간은 의식해야 트랙포인트로 손이 가더라구요 그 외에 마감같은 부분도 놀라웠는데같은 마그네슘 합금으로 이루어진그램을 사용했지만 두께와 휘어짐 내성이 아예 다르다고 해야할까 그램은 플라스틱같은데 T14s는 그렇지 않아서 놀랐습니다 특히 상판은 매우 딴딴해서 놀랐네요그램도 지문이 많이 남지만 화이트는 잘 안보이는 반면씽크패드는 자국이 많이 남는게 조금 슬프긴 합니다실물이 훨씬 이쁜것 같아요 아님 사진을 못 찍어서 그럴수도 상판에 들어오는 LED도 귀여워서 좋은것 같습니다 나노는 상판이 카본이고로고가 블랙으로 들어가 있지만 개인적으로 X1로고가 마음에 안들고실버컬러로 적혀있는 저 씽크패드라는 글자가더욱 기억하던 씽크패드의 느낌이 더 나서 좋은것 같아요스피커의 경우는맥북만큼은 아니였지만 그램보단 좋았고기대이상은 아니라도 나쁘진 않았던것 같습니다 애초에 기대치가 낮았어서 그런것 같기도 하네요마지막으로는 사양부분입니다 7540이 어떨지 걱정을 좀 했는데역시 저한테는 부족하지 않은것 같아서 안심했습니다 가진 초창기 umpc중 라이젠7 4800U모델도 있는데4800U의 베가8과 비교해서 740m 그래픽이 성능도 좀 더나았고4800U도 TDP 제한을 걸고 사용했기 때문에CPU는 부족하지 않을 것 같습니다 개인적으로 장비를 오래 사용한다면 cpu보다 중요하게 보는건 램인데온보드라 최대치인 32기가가 달려있는점이 좋았습니다 최대 64까지 안된다는것은 조금 아쉽네요umpc도 64기가가 들어가는 시대에 배터리부분은 저전력 디스플레이까지 들어갔음에도 약간 아쉬웠는데중고 제품이기도 하고비교대상이 1kg미만에 74Wh의 배터리를 가졌던 그램14인지라 사용중인 맥북도 애플실리콘 M1제품이라혼자만 약간 동 떨어진 느낌이 들긴 하네요 그럼에도 부족한 배터리 용량은 아닌것 같긴 합니다 제일 맘에 들었던 부분은 역시 발열특성과 소음이라고 생각합니다 팬리스의 맥북에어M1도 있지만 알루미늄 쉘이라 반대로 노트북을 딱 처음 꺼내면불쾌할 수준의 차가움이 피부로 전달되는데다른 노트북들처럼 뜨겁지도 차갑지도 않은 적절함 이랄까요라이젠5에 T14s의 쿨링이 더해지니맥북M1을 제외하면 가장 적은 발열감을 느꼈던 것 같습니다 거기다 키보드를 미묘하게 피해서 발열이 나길래 감탄스러웠네요덕분에 종합 체감은 맥북M1보다 훨씬 좋았습니다 써멀을 좋은걸로 재도포해주면 어떨지도 궁금하네요 s가 아닌모델보단 얇지만 어느정도 두께가 있다보니듬직한 것 같습니다 소음부분은 팬 모터가 굉장히 정숙해서돌아가더라도 거슬리지 않고주변소음에 묻히면 안들려서 매우 정숙했습니다 다만 제로팬의 민감도가 조금 높은지자주 돌다 멈추고 하는것 같아 조절은 조금 해봐야 할듯한데 아직은 안건드려봤구요배기방향이 오른쪽 손으로 가는건 약간 아쉽긴 하지만마우스를 써도 제 사용 범위에선 큰 열감이 없었고빨콩을 쓰면 아예 괜찮으니크게 아쉽지는 않았네요젤 아쉬운점은 한손 열기가 안된다는 점 정도가제일 큰 것 같습니다 가격 특히 원 가격을 생각하면 매우 아쉽네요그런데 또 타사에선 잘 신경 안써주는하판에 고무 높이로 발열을 만회하려는 점이나씽크셔터같은걸 보면 또 위안이 되긴 합니다 음 이틀차로는 이정도가 전부인 듯 하네요그램은 제 손을 떠났고 앞으로 맥북과 같이 오래 사용할 듯 싶습니다 더 알게되거나 느낀점이 생기면 또 와서 적어보도록 할게요 긴 글 읽어주시느라 고생 많으셨고감사합니다
keyword_reviews00.xlsx,학교에서 기본적인거 배울때 맥북에서 아무런 불편함은 없어서 잘 몰라 질문드립니다선물을 할려고 하는데보안쪽으로 이직하려고 대기업 코딩스쿨 들어가는 여자친구 선물주려고 하는데원래 계속 윈도우 랩탑만 썻어요회사에서 데이터분석할때도 그램가지고 하고지금 쓰는 랩탑이 서피스프로6인데 오래되기도하고 버벅이는게 제 눈에는 보여서 몇번 바꿔줄려고 했는데사실 선물하는것도 고가다보니 부담스러워하는것도 있고 이번에 맥북에어M1이나 서피스프로8이제품가성비가 좋아서 선물하기에 괜찮아보이는데배우는 입장에서는 윈도우가 범용적이라 더 낫겠지 생각은 하는데도 맥북을 잘 쓰고있다보니 맥북을 한대 사주고 싶은 마음은 있어요현재 쓰는 서피스프로6는 i5 8세대 8기가램 SSD 128기가 당시 180만원 커버포함 지금 서피스프로8은 9가 나왔지만 전성비면에서 크게 이득이 없는것같아 옆그레이드로 생각되어 8만되어도 6과 비교하면 크게 개선되었다고는 생각하는데 아무래도 태블릿PC라는 한계는 있다고 생각되는데 스펙이 i5 11세대 16기가램 SSD256기가커버포함 115만원 189만원에서 21프로 할인 7프로 카드할인 33만원 와우할인 맥북은 그냥 M1 깡통 미개봉 100정도에 구매해서 줄려고 합니다카페에 업계분들이 워낙 많으니 여쭤봐요배우면 무슨 프로그램을 어느정도로 쓰는지도 모르긴하지만 성능적으로 100프로 다 쓸정도의 프로젝트를 할까 싶기도 하고 있는 서피스는 태블릿용으로 쓰라고하고 맥북을 선물하고 싶은 마음인데보안쪽을 배우는 입장에서 윈도우나 리눅스 등등 타 OS도 사용해야하는거라면 맥북이 쓸모있나 하는 생각도 있고요 지금시기에 인텔맥을 구매해주는건 조금 그렇다고 생각 2019 16모델이 가성비 좋은 중고가 많으니 괜찮으려나요 원래 회사에서는 데이터쪽만 만지느라 고성능PC 필요없다고 몇번 얘기했는데 그냥 선물해주고 싶은 마음이 있어요 미리크리스마스 정도 업계분들 보안쪽 입문하는 사람 위해서 조언 부탁드려요 그냥 과목 몇개들은 수준이라 정말 잘 몰라서 질문드려요 굳이 같은 가격대 윈트북중에 서피스랩탑이나 그램이 아니라 서피스프로를 생각하는 이유는 서피스프로6사고 한 4년 간 태블릿과 랩탑 겸용으로 너무 잘 써서 업그레이드를 해주고 싶은 마음vs업계 진입에 맥북만 써도 프로젝트들 배우면서 진행할때 문제될게 없으면 맥북 경험해보고 있는 서피스는 태블릿 윈트북용으로 써라하는 마음둘 중에 뭐가 더 현실적이고 도움될지 조언 부탁드립니다미리 감사드립니다
keyword_reviews00.xlsx,*** 도킹 : ** Thunderbolt 또는 USB-C를 통해 지원되는 다양한 도킹 솔루션. 보다 호환되는 도킹 솔루션은 [Legion Pro 7 16IAX10H에 대한 도킹을 방문하십시오] ( 방문하십시오.
keyword_reviews00.xlsx,"나는 2021 년의 ASUS Scar 15로 RTX 3070을 대체하기위한 게임 노트북을 찾고 있었고, 원래 RTX 5070TI를 가진 ASUS Zephyrus G16을 가볍고 휴대하기 쉬운 랩탑을위한 최고의 달콤한 스팟 RN이기 때문에 원래 결정했지만, 내가 갇힌 문제는 내 나라에서 Zephyrus G16 2025를 시작했습니다. 또한 5080의 120W가 낮기 때문에 가치가 없으며, RTX 5070TI & RTX 5080에서 사용할 수있는 Lenovo Legion Pro 7I에주의를 기울였으며 ASUS에서 RTX 5080을 얻을 수 있다고 생각합니다. 어쨌든 Asus보다 더 저렴하고 전파선을 구입하기위한 주요 문제가 아니기 때문에 새로운 랩탑을 구매하는 것이 아니기 때문입니다. 학생과 나는 그 똥을 가지고 다녀야합니다. 비록 나는 체중 문제를 해결하기 위해 C 형 140W 충전기와 연결될 수 있지만 충전기 플러스 레지온은 확실히 4kg+이고 충전기가있는 Zephyrus는 약 2.8kg이므로 어떻게 생각하는지, 어떻게해야합니까? Zephyrus G16이 출시 될 때까지 RTX 5070TI와 함께 구매하거나 단순히 Legion을 얻으십시오. 일반 노트북을 운반하는 학생들을 도와주세요."
keyword_reviews00.xlsx,"나는 약 7 년 동안 같은 MacBook Pro (2017)를 가졌습니다. 그것은 나에게 잘 봉사했지만 배터리가 마침내 포기하고 새로운 노트북을위한 시간입니다. 나는 현재의 벽돌이 많은 MacBook Pro보다 가볍고 약간 작은 것을 찾고 있기 때문에 새로운 2025 MacBook Air를 정말로 원했습니다. 다른 모든 장치는 Apple이기 때문에 랩톱에서 문자를 보내고 모든 장치를 매끄럽게 유지할 수 있습니다. 그러나 저는 대학원에 있기 때문에 Google Docs, Sheets, Drive 등에 Google Chrome을 지속적으로 사용합니다. 이것이 Mac의 배터리 수명이 크게 줄어든다고 생각합니다. 그래픽 디자인이나 게임에 노트북을 사용하지는 않지만, 여러 문서, 슬라이드 쇼 및 여러 탭/창이 주어진 시간에 열린 기사 사이에 멀티 태스킹을 자주합니다. 나는 Windows 노트북이 이와 같은 작업에 훨씬 더 나은 것이라고 말하는 것을 들었습니다. 그래서 어떻게해야합니까? 내가 알고 사랑하는 Mac OS를 유지하거나 잠재적으로 더 나은 성능을 위해 Windows로 전환해야합니까?"
keyword_reviews00.xlsx,"안녕하세요 여러분, 저는 1.7lakhs에서 게임 노트북을 사고 싶습니다. 우선 순위는 주로 게임이며 일부 노트북에 대해 약간 혼란스러워합니다. 첫 번째는 Ryzne 9 8940HX 및 RTX 5060을 사용한 ASUS ROG Strix G16 2025 모델입니다. 두 번째는 I9 14900HX 및 RTX 4070을 갖춘 Acer Predetor Helios 16 2024이고 세 번째는 Lenovo Legion 5 Pro이며 지금까지 출시되지 않았습니다. 이제 ASUS에 대한 온라인 리뷰 비디오가 없으므로 더 혼란스럽게 만듭니다. Acer Helios의 주요 문제는 브랜드를 그렇게 많이 믿지 않기 때문에 그것이 좋은 선택인지 모르겠습니다. Lenovo Legion 5 Pro를 OLED 디스플레이와 함께 기다리거나 지금 다른 하나를 구입해야한다면 혼란 스러웠습니다. 5060을 구매하는 것이 4070보다 낫지 않은지 말해 줄 수 있습니까? 그리고 Acer는 신뢰할 수있는 브랜드입니까? 제품을 처음 구입할 때가되었습니다. 누군가이 질문에 도움을 줄 수 있다면 많은 도움이 될 것입니다 🫶🏻"
keyword_reviews00.xlsx,"이것은 아마도 우리 가족의 존재의 전체 역사상 최악의 구매 중 하나 일 것입니다. 이것은 아버지의 손을 내밀어 약 350 $ -ish를 얻는 것이 좋습니다. 절대 쓰레기 조각, 빌드 품질은 끔찍하고 키보드는 미친 듯이 가라 앉습니다. 한쪽에서 뚜껑을 닫으면 전체 화면이 굽히고 (화면을 교체 한 한 가지 화면이 있었음) 배터리가 끔찍합니다. 나는 3 년 동안이 노트북에 어떤 일이 일어 났는지 전혀 모른다. 그러나 지금 배터리는 배터리만으로 YouTube보다 무거운 것을 실행할 수 없어서 항상 죽지 않기 위해서는 항상 꽂아야한다는 것을 의미한다. 가벼운 하중조차도 빠르게 배출되어 전체 충전으로 약 1 시간 동안 지속됩니다. 내 OS를 Linux (Zorinos, Ubuntu를 원했지만 부팅을 거부하기를 거부했습니다)로 변경하면 배터리 수명이 약간 향상되었지만 여전히 지금은 데스크탑 머신 일뿐입니다. 내가 불만이없는 유일한 것은 256GB SSD입니다. 물론, 그것은 가장 큰 슬픈 일이 아닐 수도 있지만, 그것은 꽤 빨리 망할 것이며 전혀 문제 없이이 노트북의 프로. 그것은 거의 엉덩이에 고통을 겪기 때문에 이것을 고치지 않을 것입니다."
keyword_reviews00.xlsx,"이제 방금 깨달은 문제는 다음과 같습니다. 왜 절반의 가격으로 훌륭한 데스크탑을 구축하고 Parsec, SSH 또는 유사한 도구를 통해 어디서나 액세스 할 수있을 때 랩탑에 2,500 유로를 소비해야합니까? 여행을 할 때도 모바일 데이터는 요즘에도 적절한 대기 시간 으로이 작업을 수행 할 수있을 정도로 빠릅니다. 이 설정의 가장 큰 장점 중 하나는 로컬 장치가 가열되지 않는다는 것입니다. 예를 들어 라이브러리가 더 편안합니다. 또한 데스크탑 구성 요소는 달러당 더 많은 전력을 제공하며 노트북보다 스로틀을 스로틀 할 가능성이 적습니다."
keyword_reviews00.xlsx,"나는 다음 달에 Uni에 합류 할 예정이며, 프로그래밍, 연구 및 라이트 게임을위한 괜찮은 노트북을 구입할 계획입니다. 처음에는 M4 Pro 칩으로 MacBook Pro를 얻을 계획 이었지만 추가 연구에서 Apple Silicon이 Bootcamp를 허용하지 않는다는 것을 깨달았습니다 (현재 Arm Arch를 사용하기 때문에 CS 전공이기 때문에 Arm Arch를 사용하기 때문에 Arm Arch를 사용하기 때문에). 배터리 수명, 화면 및 성능과 같은 특정 측면. RTX 4050 32 GB RAM으로 Lenovo Yoga Pro 9I를 찾았지만 배터리 수명은 그다지 크지는 않습니다 (약 7 시간), RTX 4070 및 32 GB RAM의 ASUS Zephyrus G16 (2024)은 적당한 배터리 수명과 좋은 스크린을 제공합니다. 이 가격대 (2000 USD)에서 이것보다 더 나은 노트북이 있습니까?"
keyword_reviews00.xlsx,Legion 5 Pro의 8GBVRAM에 대한 Legion 7의 16GBVRAM의 이점은 미래의 선택에 대한 후자보다 어떤 방식으로?
keyword_reviews00.xlsx,3. GPU AI 기술. RTX 4070의 DLSS3의 장점. 따라서 RTX 3080의 16GBVRAM은 4070 년대의 두 배인 DLSS3을 지원하는 게임의 벤치 마크를 보았습니다.이를 통해 3080보다 65% 이상을 수행하는 게임을 보았습니다.
keyword_reviews00.xlsx,문제는 RTX 3080의 16GBVRAM보다 4070 년대 DLSS3 우위를 선택 하시겠습니까? 아니면 후자를 선택하고 FSR과 함께 살 것입니까?
keyword_reviews00.xlsx,업무용 노트북으로 가벼운게 최고 그램 회사에서 주는 렌탈 고성능 동영상 관련 맥북가성비 내돈내산 대학생이나 겜용 갤북
keyword_reviews00.xlsx,노트북렌탈 가전렌탈 대박렌탈 홈페이지를 통해 간편신청 브랜드별 제품별 비교 전국 빠른설치 가입비 설치비 면제 365일 연중무휴 친절상담 비교하고 신청하세요 홈페이지 TV IT 노트북 태블릿 대박렌탈대박렌탈대박렌탈daebak rental shop net좋은모델을 찾는다는건 엘지그램노트북렌탈 이야기를 하는거겠죠 가벼운노트북추천모델 슬림한노트북 꿈같은 얘기가 아닙니다 사무용노트북렌탈 LG노트북렌탈비용 노트북렌탈사은품 여러분의 판단력을 알수만 있다면 가정용노트북렌탈 장기노트북렌탈 인수형노트북렌탈 한번쯤은 생각하고 고려해 보시기 바라겠습니다 학생용노트북추천 노트북렌탈기간 이렇게 빠삭하게 해줄수 있을거라 생각합니다 맥북렌탈요금 맥북렌탈신청 LG그램노트북렌탈요금 삼성노트북가격비교 삼성노트북렌탈금액 고사양노트북렌탈 게이밍노트북렌탈 게임용노트북렌탈 대학생노트북렌탈 학생용노트북렌탈 이렇게 좋은이야기를 할수 있습니다 노트북렌탈신청가입 노트북렌탈현금지원 노트북렌탈지원금 이런것도 한번쯤은 들어보셨겠죠 노트북렌탈사이트 노트북렌탈비교 성능좋은노트북추천 엘지그램노트북렌탈 노트북렌탈요금비교 노트북렌탈할인혜택 노트북렌탈3년약정 노트북렌탈5년약정 노트북렌탈36개월 맥북가격비교 엘지노트북가격비교 HP노트북가격비교 삼성노트북가격비교 아수스노트북렌탈 ASUS노트북렌탈 MSI노트북렌탈 MSI게이밍노트북금액 고성능노트북렌탈 디자인노트북렌탈 저도 옛날에는 이런거 하나 가지고 다니는게 참 로망이였던 시절이 있었습니다 행복한 시간이였던것 같아요 노트북렌탈조건 노트북렌탈신용 고성능노트북렌탈 노트북장기렌탈 인수형노트북렌탈 삼성노트북금액 노트북렌탈대리점 노트북렌탈매장 노트북렌탈업체 노트북렌탈사이트 노트북렌탈문의 노트북렌탈상담 노트북렌탈가입신청 노트북렌탈신용조건 이정도하고 그만쓸랍니다 오늘도 힘들내시고좋은시간 보내시기 바랍니다
keyword_reviews00.xlsx,홈 오피스를 설립하려고합니다. 원래 데스크탑 컴퓨터를 얻을 계획 이었지만 랩톱의 기능이 더 의미가 있음을 깨달았습니다. 참조를 위해 LG 그램 프로 구매.
keyword_reviews00.xlsx,"나는 2021 년의 ASUS Scar 15로 RTX 3070을 대체하기위한 게임 노트북을 찾고 있었고, 원래 RTX 5070TI를 가진 ASUS Zephyrus G16을 가볍고 휴대하기 쉬운 랩탑을위한 최고의 달콤한 스팟 RN이기 때문에 원래 결정했지만, 내가 갇힌 문제는 내 나라에서 Zephyrus G16 2025를 시작했습니다. 또한 5080의 120W가 낮기 때문에 가치가 없으며, RTX 5070TI & RTX 5080에서 사용할 수있는 Lenovo Legion Pro 7I에주의를 기울였으며 ASUS에서 RTX 5080을 얻을 수 있다고 생각합니다. 어쨌든 Asus보다 더 저렴하고 전파선을 구입하기위한 주요 문제가 아니기 때문에 새로운 랩탑을 구매하는 것이 아니기 때문입니다. 학생과 나는 그 똥을 가지고 다녀야합니다. 비록 나는 체중 문제를 해결하기 위해 C 형 140W 충전기와 연결될 수 있지만 충전기 플러스 레지온은 확실히 4kg+이고 충전기가있는 Zephyrus는 약 2.8kg이므로 어떻게 생각하는지, 어떻게해야합니까? Zephyrus G16이 출시 될 때까지 RTX 5070TI와 함께 구매하거나 단순히 Legion을 얻으십시오. 일반 노트북을 운반하는 학생들을 도와주세요."
keyword_reviews00.xlsx,"또한 최근에 개조 된 MacBook Pro M4 Pro (48 gigs, 2 tb 하드 드라이브)를 구입했습니다. 스크린은 유리에 몇 번의 긁힘이 있었고 패널에 일부 문제가있었습니다 (배송의 결과라고 말했습니다.) 그래서 나는 당신이 개조되어 있기 때문에 그것을 교환 할 수 없기 때문에 다른 하나를 구매할 계획으로 반환했습니다. 그러나 내 예산에 있거나 내가 원하는 램 또는 하드 드라이브 공간이 있었음을 보여주는 것은 없습니다. 그래서 이번 주에는 Best Buy에서 Asus Rog Zephyrus 16에서 구입했습니다."
keyword_reviews00.xlsx,"안녕하세요 여러분, Diehard Asus 노트북 팬을 많이, 14 인치 M2 MacBook Pro 14를 구매하기로 결론을 내 렸습니다."
keyword_reviews00.xlsx,"그래서 나는 Acer Aspire 7 RTX 3050 및 i5 12 세대를 구매하려고 생각하고 있습니다 (구체적으로는 이것 -https : // Home-4-Graphics-Gegeforce-3050-144-hz -A715-76G-548J-GAMING-LAPTOP/P/ITM20708CE5793F7? %2fb5g & srno = s \ _1 \ _5 & otracker = as \ _querystore \ _organicautosuggest \ _1 \ _7 \ _n a \ _na \ _na & otracker1 = as \ _querystore \ _organicautosuggest \ _1 \ _7 \ _na \ _na \ _na & FM = 유기농 및 IID = 5AA371DD-CDC8-497D-A243-25C2CDAB2BC7.comgp8qvtk3eqdxe.sea RCH & PPT = PP & PPN = PP & SSID = OOK0VHQUEO000000175147873309 & QH = 8B5D26A924EE876E) 그리고 나는 약간의 리뷰를 보았지만 그들은이 랩톱에 대해 많은 것을 말하지 않고, 그들은 리뷰와 게임 벤치 마크를 말하고 다른 비디오에서 랩톱이 다르게 수행되므로, 누군가가 Pro와 Cons에게 자세히 설명 할 수 있다면, 나의 주요 작업은 게임+3D 애니메이션 (매우 무겁지 않음) 및 연구 목적입니다."
keyword_reviews00.xlsx,그래서 나는이 두 짐승 사이에서 구매하기로 선택했으며 실제로 선택하기 어려운 시간을 보내고 있습니다. 그래서 나는 각 Afaik의 핵심 점이점을 분류 할 것이며 아래는 내가 가진 질문입니다.
keyword_reviews00.xlsx,"나는 여전히 Huawei Matebook D16 노트북 구매에 대해 확신이 없습니다. 12 세대 인텔 코어 i5-12450H, 1TB SSD 및 16GB RAM이 있습니다. 아주 좋지만 가격이 883 달러에 그만한 가치가 있는지 모르겠습니다. 좋은 점은 15 개월의 무이자가없는 것입니다. 후자는 완전히 필요하지는 않지만 공부, 프로그래밍 및 때때로 Valorant를 연주하기를 원합니다. 내가 고가의 노트북을 찾아야한다고 생각합니까, 아니면 더 낮은 가격으로 더 나은 노트북이 있다고 생각하십니까?"
keyword_reviews00.xlsx,"안녕하세요 여러분, 저는 1.7lakhs에서 게임 노트북을 사고 싶습니다. 우선 순위는 주로 게임이며 일부 노트북에 대해 약간 혼란스러워합니다. 첫 번째는 Ryzne 9 8940HX 및 RTX 5060을 사용한 ASUS ROG Strix G16 2025 모델입니다. 두 번째는 I9 14900HX 및 RTX 4070을 갖춘 Acer Predetor Helios 16 2024이고 세 번째는 Lenovo Legion 5 Pro이며 지금까지 출시되지 않았습니다. 이제 ASUS에 대한 온라인 리뷰 비디오가 없으므로 더 혼란스럽게 만듭니다. Acer Helios의 주요 문제는 브랜드를 그렇게 많이 믿지 않기 때문에 그것이 좋은 선택인지 모르겠습니다. Lenovo Legion 5 Pro를 OLED 디스플레이와 함께 기다리거나 지금 다른 하나를 구입해야한다면 혼란 스러웠습니다. 5060을 구매하는 것이 4070보다 낫지 않은지 말해 줄 수 있습니까? 그리고 Acer는 신뢰할 수있는 브랜드입니까? 제품을 처음 구입할 때가되었습니다. 누군가이 질문에 도움을 줄 수 있다면 많은 도움이 될 것입니다 🫶🏻"
keyword_reviews00.xlsx,"이것은 아마도 우리 가족의 존재의 전체 역사상 최악의 구매 중 하나 일 것입니다. 이것은 아버지의 손을 내밀어 약 350 $ -ish를 얻는 것이 좋습니다. 절대 쓰레기 조각, 빌드 품질은 끔찍하고 키보드는 미친 듯이 가라 앉습니다. 한쪽에서 뚜껑을 닫으면 전체 화면이 굽히고 (화면을 교체 한 한 가지 화면이 있었음) 배터리가 끔찍합니다. 나는 3 년 동안이 노트북에 어떤 일이 일어 났는지 전혀 모른다. 그러나 지금 배터리는 배터리만으로 YouTube보다 무거운 것을 실행할 수 없어서 항상 죽지 않기 위해서는 항상 꽂아야한다는 것을 의미한다. 가벼운 하중조차도 빠르게 배출되어 전체 충전으로 약 1 시간 동안 지속됩니다. 내 OS를 Linux (Zorinos, Ubuntu를 원했지만 부팅을 거부하기를 거부했습니다)로 변경하면 배터리 수명이 약간 향상되었지만 여전히 지금은 데스크탑 머신 일뿐입니다. 내가 불만이없는 유일한 것은 256GB SSD입니다. 물론, 그것은 가장 큰 슬픈 일이 아닐 수도 있지만, 그것은 꽤 빨리 망할 것이며 전혀 문제 없이이 노트북의 프로. 그것은 거의 엉덩이에 고통을 겪기 때문에 이것을 고치지 않을 것입니다."
keyword_reviews00.xlsx,기본 MacBook Pro M4는 우리 나라에서 구매하는 데 비싸기 때문에 얻을 수 없습니다. 공기 가격의 두 배.
keyword_reviews00.xlsx,첫 직관은 Surface Pro 13 이었지만 Qualcomm의 팔 칩셋을 사용하고 있으며 일부 증기 게임과 호환되지 않습니다.
keyword_reviews00.xlsx,"2025 Ninkear A15 Pro에는 TDP가 15W 인 AMD Ryzen 5 7430U가 있습니다. 이 CPU는 균형 잡힌 성능과 에너지 효율을 제공합니다. 16GB DDR4 3200MHz (하나의 모듈) 및 PCIE 3.0을 통해 연결된 1TB NVME SSD와 함께. 일상적인 작업, 멀티 태스킹, 까다로운 사무실 응용 프로그램 및 기본 이미지 또는 비디오 편집을 원활하게 수행 할 수 있습니다. 통합 AMD Radeon을 사용하면 적당한 설정에서 덜 까다로운 게임을 할 수 있습니다. Fortnite는 가장 낮은 설정에서 약 60fps로 전체 HD로 실행됩니다."
keyword_reviews00.xlsx,"Ninkear A15 Pro (2025 버전)는 가격과 성능 사이의 균형을 잘 제공하며 생산성, 멀티미디어 및 가끔 게임을위한 노트북을 찾고있는 사람들을 대상으로합니다. 학생, 홈 오피스 사용자 및 신뢰할 수있는 만능인이 필요한 사람에게는 Ninkear A15 Pro (2025)가 좋은 선택입니다. 회사 자체 온라인 상점의 가격은 현재 약 570 유로입니다. 이 장치는 독일에서 배송됩니다. 불행히도, 나는 지원 및/또는 보증 문제에 대해 아무 말도 할 수 없습니다."
keyword_reviews00.xlsx,"나는 2021 년의 ASUS Scar 15로 RTX 3070을 대체하기위한 게임 노트북을 찾고 있었고, 원래 RTX 5070TI를 가진 ASUS Zephyrus G16을 가볍고 휴대하기 쉬운 랩탑을위한 최고의 달콤한 스팟 RN이기 때문에 원래 결정했지만, 내가 갇힌 문제는 내 나라에서 Zephyrus G16 2025를 시작했습니다. 또한 5080의 120W가 낮기 때문에 가치가 없으며, RTX 5070TI & RTX 5080에서 사용할 수있는 Lenovo Legion Pro 7I에주의를 기울였으며 ASUS에서 RTX 5080을 얻을 수 있다고 생각합니다. 어쨌든 Asus보다 더 저렴하고 전파선을 구입하기위한 주요 문제가 아니기 때문에 새로운 랩탑을 구매하는 것이 아니기 때문입니다. 학생과 나는 그 똥을 가지고 다녀야합니다. 비록 나는 체중 문제를 해결하기 위해 C 형 140W 충전기와 연결될 수 있지만 충전기 플러스 레지온은 확실히 4kg+이고 충전기가있는 Zephyrus는 약 2.8kg이므로 어떻게 생각하는지, 어떻게해야합니까? Zephyrus G16이 출시 될 때까지 RTX 5070TI와 함께 구매하거나 단순히 Legion을 얻으십시오. 일반 노트북을 운반하는 학생들을 도와주세요."
keyword_reviews00.xlsx,"안녕하세요 여러분! 그래서 저는 1440p에서 AA, AAA 게임용 AA, AAA 게임에 대한 괜찮은 게임 노트북을 얻고자합니다 (DLSS 프레임은 지연된 입력이 아닌 한 신경 쓰지 마세요. 또한 집에 있다면 1440p 모니터에서 재생) 작업 (가벼운 파이썬 코딩, 원격 데스크탑, 스크립트 작성 및 코드 개발을 예상합니다. 예전에는 MacBook Pro M2 Pro와 RX 7900 XT가있는 데스크탑 PC가있었습니다. 그러나 나는 많이 여행 할 것이며 대신 게임 노트북을 구입하여 내 요구를 모두 충족시키기를 원했습니다. G14 5070 ti가 좋은 선택입니까? 가끔 퀘스트 3에서 VR 게임을하고 가상 데스크탑을 사용합니다. 나는 끝날에 열 스로틀을 큰 문제로 들었습니다. 2025 년에도 여전히 문제가 될까요? 다른 의견이나 제안에 감사드립니다. 정말 감사합니다!"
keyword_reviews00.xlsx,"나는 약 7 년 동안 같은 MacBook Pro (2017)를 가졌습니다. 그것은 나에게 잘 봉사했지만 배터리가 마침내 포기하고 새로운 노트북을위한 시간입니다. 나는 현재의 벽돌이 많은 MacBook Pro보다 가볍고 약간 작은 것을 찾고 있기 때문에 새로운 2025 MacBook Air를 정말로 원했습니다. 다른 모든 장치는 Apple이기 때문에 랩톱에서 문자를 보내고 모든 장치를 매끄럽게 유지할 수 있습니다. 그러나 저는 대학원에 있기 때문에 Google Docs, Sheets, Drive 등에 Google Chrome을 지속적으로 사용합니다. 이것이 Mac의 배터리 수명이 크게 줄어든다고 생각합니다. 그래픽 디자인이나 게임에 노트북을 사용하지는 않지만, 여러 문서, 슬라이드 쇼 및 여러 탭/창이 주어진 시간에 열린 기사 사이에 멀티 태스킹을 자주합니다. 나는 Windows 노트북이 이와 같은 작업에 훨씬 더 나은 것이라고 말하는 것을 들었습니다. 그래서 어떻게해야합니까? 내가 알고 사랑하는 Mac OS를 유지하거나 잠재적으로 더 나은 성능을 위해 Windows로 전환해야합니까?"
keyword_reviews00.xlsx,"5. Lenovo Legion Pro 5i 16 ""LCD 게임 노트북 WQXGA 165Hz Intel Core i7-13700HX 32GB RAM 1TB SSD NVIDIA GEFORCE RTX 4060 8GB WINDOWS 11"
keyword_reviews00.xlsx,"그래서 나는 Samsung Book5 Pro 360 (Intel Core 7 Ultra) ( 구입했습니다. 나는 PS5와 NS2를 가지고 있지만 God of War, Elden Ring 또는 Cyberpunk와 같은 까다로운 게임을 PC의 Cyberpunk와 같은 3 자 컨트롤러를 사용하는 것이 가치가 있는지 알고 싶습니다. 나는 증기 라이브러리를 확장하고 싶지만 콘솔이 있기 때문에 더 나은 하드웨어가 있다면 더 나쁜 그래픽과 성능으로 돈을 낭비하고 싶지 않습니다."
keyword_reviews00.xlsx,그렇기 때문에 Thunderbolt Port 용 도킹 스테이션 구축을 고려하고있어 집에서 데스크탑 그래픽 카드를 연결할 수 있습니다 (Spare RTX 2070 Super). 이런 식으로 이동 중에 일상적인 작업에 노트북을 사용할 수 있으며 책상에있을 때 게임 및 기타 까다로운 작업을위한 GPU를 활용할 수 있습니다.
keyword_reviews00.xlsx,"안녕! 내가 처음 게시하는 것은 내가 옳은 일을하지 않으면 사과합니다. 나는 Sims 4에서 그 일을한다면 게임용 노트북을 구입하려고합니다. 저는 큰 게이머가 아닙니다. Sims 4 만 플레이하지만 모든 확장을 가지고 있으며 현재 연주하는 태블릿은 저장 부족입니다. 현재 Surface Pro 7+를 사용하고 있습니다. 8GB RAM과 128GB 스토리지가 있습니다. 앞으로 몇 년 동안 게임을 성장시킬 수있는 충분한 공간을 제공하고 CC를위한 공간이있는 노트북이 필요합니다. 나는 13-16 ""화면이있는 숫자 패드를 원합니다. 예산은 총 $ 900입니다. 나는 2가 좋아 보인다는 것을 알았습니다. 1은 옵션 Best Buy Advice가 나에게 준 옵션이라는 것을 알았습니다. 제 요구에 대해 내 예산을 쓸 수 있는지 모르겠습니다. 방금 찾은 두 번째로, 조언, 2 사이의 장면을보아야합니다. 감사합니다 !!"
keyword_reviews00.xlsx,나는 확인하기 위해 제거했다 내 커넥터는 화상이 확인되었다 완전히 삽입하지 않는 사용자 는 가 아니다 실제 문제
keyword_reviews00.xlsx,지난 6월 휴대 업무용으로 LG gram 14인치 제품을 구매하였습니다 어느덧 3개월이 경과한 시점에서 실사용자의 솔직하면서 만족스러운 후기를 남겨보고자합니다 거기에 게임을 무척이나 좋아하는 올드 게이머로서 gram 내장 그래픽의 게임 테스트 결과도 함께 지켜봐주세요 LG그램 2022년도 모델이 더욱 더 기대가 됩니다 그때가서 누가 하나 새로 안사주나 거두절미 최고의 휴대용 노트북 그램 LG gram에서도 가장 가볍고 쓸만한 14인치 모델LG gram은 이미 오래전부터 국내외에서 높은 완성도를 바탕으로한 상품성을 인정받은 제품입니다 저에게 있어서도 노트북을 구매할 때 삼성보다도 먼저 고려하게 만들수 있었던 원동력은 gram이 최고의 자리에 안주하지 않고 기본에 충실하며 많은 부분들이 꾸준히 개선되어 왔기 때문이 아닐까요 직업 특성상 출장이 잦은 편이고 외근중에도 노트북을 통한 문서 작업이 필요합니다 매일매일 휴대해야하는만큼 휴대성이 가장 좋은 제품을 선호했고 휴대성을 뒷받침하는 높은 배터리 성능은 너무나도 당연한 요구사항이었습니다 삼성 갤럭시북 프로 13인치 사양과 LG gram을 두고서 고민하던 갤럭시북 프로가 워낙 하판 내구도에 문제가 많아보인 관계로 LG Gram을 택하였습니다 갤럭시북 프로는 하판 뒤틀림 소리 약해진 강성 열에 의한 휨 등등 IT 유튜버들로부터 엄청 많이 까이더군요 저에게 있어서 gram은 이미 2015년 정도에 한차례 사용한 적 있었던 사용자 경험도 큰 몫을 했습니다 옵시디안 블랙 색상의 추가는 저처럼 30 40대의 비즈니스맨에게 최적화된 포멀하고 고급스러운 선택지를 제공해준 셈이었습니다 아무래도 화이트 gram은 젊고 활발한 대학생과 여성 고객들에 포커싱이 되어있다면 블랙 gram은 누가봐도 중장년 남성 고객을 주요 타겟으로 노린 것 같았고 저의 구매심리를 정확하게 크리티컬로 적중시켰습니다 특히나 저의 경우 부득이하게 블랙으로 되어있는 내부 배젤이 블랙 본체 색상과 너무 자연스럽고 통일감있게 어우러져서 나에게 일말의 화이트 따위 허락하지 않을거야라는 gram의 그 당당함이 멋져 보였습니다 디자인면에서는 도저히 깔게 없네요 아무래도 업무용이다보니 타이핑이 매우 잦은편인데 팬터그래프 방식의 키보드 이지만 타건감 자체는 크게 나쁘지 않았습니다 원래 조용한 팬터그래프 방식을 선호하던 저의 취향도 반영이 되어있기도 했고 확실히 깊이 눌리는 느낌은 좋습니다 스트로크가 깊은만큼 기기 안쪽으로 이물질이 유입될 가능성도 커져서 키보드 스킨은 필수처럼 보입니다 gram은 14인치 모델 외에도 15 16 17인치까지 다양한 라인업을 보유하고 있습니다 그럼에도 14인치를 선택한 이유는 가볍기 때문입니다 무게 만큼 휴대성에 큰 영향을 미치는 요인이 또 있을까요 무게가 낮은만큼 제품 사이즈도 저절로 작아지고 이는 곧 손으로 만지는 핸들링적인 가벼움외에도 수납 및 이동시의 편리함에 지대한 공헌을 하기 때문입니다 지방 출장 해외 출장시에 무게가 2키로가 넘는 노트북을 들고 다녀온 경험이 있으신 분들은 누구나가 가벼운 노트북이 최고다 라고 외칠법 합니다 전 주저없이 14인치 모델을 선택하였습니다 물론 그로인해 키보드에 숫자배열키는 생략된 것이 아쉽긴하지만요 gram의 대용량 배터리는 충전의 번거로움에서 해방시켜주고 그만큼 정신적인 안정감을 주며 노트북 생활에 더 집중할 수 있게 해줍니다 노트북 용량 자체는 초창기 대비하여 매우 커지진 않았지만 저전력 효율이 높아진만큼 여전히 All day라는 표현은 유효할지도 모르겠습니다 이렇듯 너무 뻔한듯도 이런 LG gram의 장점들을 고려하여 구매를 하였고 실물을 영접했을 때 생각보다도 작고 가벼움에 놀라움을 금치 못하였습니다 gram 14인치에 매우 Fit하게 맞는 파우치를 구매하여 매일매일 가방에 넣고다녀도 큰 불편함이 없는 노트북 생활이 지속되고 있습니다 본격 리뷰 LG gram으로 게임도 해볼까 사무용 노트북이 겜트북이 되어버린 순간게임광인 저였지만 사무용으로 구매한 LG gram 14인치 제품인만큼 이 노트북으로 게임을 하는 것은 거의 포기했습니다 삼성 갤럭시북 프로의 경우 MX450이라는 저전력 외장그래픽 카드가 있는 제품이 너무 탐이 나기도 했지만 LG gram은 MX450 사양이 없었던만큼 게임은 그냥 접는 것으로 결론을 내렸습니다 CPU 내장 그래픽 처리장치로는 아무래도 한계가 명확하기 때문입니다 그런데 기존의 인텔 내장그래픽은 정말 구렸습니다 말이 그래픽 처리장치이지 사실상 없는것보다 아주 미미하게 나은 수준에 불과했습니다 그런데 CPU가 세대를 거듭 발전하면서 11세대까지 왔고 인텔의 내장그래픽 처리 기술도 비약적으로 발전을 했습니다 Iris Xe는 인텔의 최신 내장 그래픽카드로서 외장보다는 훨씬 못미치지는 것이 사실이지만 기존대비해서는 월등히 나아진 퍼포먼스를 자랑합니다 즉 최고 사양의 게임을 돌리는 것은 어렵지만 저사양 인디게임 혹은 고전게임 정도는 충분히 실행 가능해 보였습니다 직접 테스트해보았습니다 아리아 크로니클 아리아 크로니클 LG GRAM 내장 그래픽 테스트 재생181좋아요106 26접기 펴기아리아 크로니클 LG GRAM 내장 그래픽 IRIS XE 실행 테스트인디 게임 느낌이 물씬나는 아리아 크로니클은 턴제 RPG를 좋아하는 분들이라면 진득하게 해볼만한 추천 게임입니다 극강의 부드러운 움직임을 자랑하지만 딱히 3D의 요소가 적었기에 최고 사양으로 gram14에서 실행하더라도 60프레임 유지에 전혀 문제가 없었습니다 성녀전기 성녀전기 LG GRAM 내장 그래픽 테스트 재생86좋아요105 55접기 펴기성녀전기 LG GRAM 내장 그래픽 IRIS XE 실행 테스트고급스럽고 섹시한 일러스트로 중무장한 성녀전기를 테스해 보았습니다 당연하게도 60프레임 밑으로 내려갈 일이 없었으며 예전에 영걸전같은 게임을 좋아했던지라 추억을 되살리며 하기 좋아보입니다 유럽을 배경으로한 일본틱한 일러스트에 중국어 음성들이 조금 어색하긴하네요 삼국지였다면 모를까 미로대탐정 미로대탐정 LG GRAM 내장 그래픽 테스트 재생32좋아요002 15접기 펴기미로대탐정 LG GRAM 내장 그래픽 IRIS XE 실행 테스트미로대탐정이라는 게임입니다 옛날 월리를 찾아라와 같은 사람들로 가득하여 왁자지껄한 배경 속을 탐험하며 단서를 찾아내는 독특한 개성을 지니고 있습니다 위의 게임들과 마찬가지로 2D 게임이라서 그런가 내장그래픽으로도 전혀 문제 없음 TABS Totally Accurate battle simulator TABS LG GRAM 내장 그래픽 테스트 재생122좋아요002 18접기 펴기TABS Totally Accurate Battle Simulator LG GRAM 내장 그래픽 IRIS XE 실행 테스트본격적인 3D 게임 테스트를 위해 TABS를 실행해보았습니다 해상도를 줄이지 않고 FHD를 유지시켰더니 프레임이 확 줄어듭니다 이 게임은 사양만 뒷받침되면 수백명 규모의 전쟁도 재현할 수 있는데요 아무래도 내장 그래픽으로는 20명도 한계인 것 같습니다 물론 사양을 타협하면 50 60명 규모는 30 40프레임정도로 가능 천수의 사쿠나히메 사쿠나 히메 LG GRAM 내장 그래픽 테스트 재생101좋아요004 39접기 펴기사쿠나 히메 LG GRAM 내장 그래픽 IRIS XE 실행 테스트마지막 테스트는 천수의 사쿠나 히메 귀여운 외모의 여신을 조종하여 호쾌한 액션과 쌀농작을 병행할 수 있고 꽤 재미있다고 입소문이 난 그런 게임이죠 약간의 옵션 타협 낮음 보통 위주 을 했는데 60프레임으로 안정적 유지가 되어서 이 정도였다니 하고 속으로 놀라기도 했습니다 위의 게임들 테스트를 통해 LG gram14는 휴대성을 겸비하면서도 저사양 인디게임들까지 무난히 돌릴 수 있는 겜트북으로 불러도 손색이 없다고 판단되었습니다 애초에 내장그래픽 혹은 사무용 컴퓨터로 고사양 게임들 레드 데드 리뎀션 같은 게임을 하려는 분은 없겠지만요 Iris Xe의 게임 성능에 대해 궁금하신 분들은 유튜브에 Iris Xe Game 이라고만 검색하셔도 해외 유튜버들이 비교용으로 올린 것이 꽤 많으니 참고해주세요 gram으로 게임을 하기위해서는 LG Control 프로그램을 통해 고성능 모드로 전환해야만 원활히 플레이가 가능합니다 이 경우 기본 모드에 비해 팬소리가 거슬릴 정도로 커지고 발열 상당해집니다 아마도 40도 후반에서 50도 초반까지는 상승하는 것 같네요 만졌을 때 어우 뜨거워 하는 느낌입니다 전문 게임용 노트북으로 설계된 것이 아닌만큼 너무 장시간 구동시키면 무리가 갈 우려도 분명해보입니다 이번 테스트를 계기로 다양한 pc 게임들을 추가로 구동해보았습니다 다만 분명한 것은 Iris Xe는 내장그래픽인만큼 한계가 명확하다는 점이었습니다 안타깝게도 일부 게임들은 알수없는 튕김현상으로 인하여 게임이 거의 불가하였습니다 ex SD건담 크로스레이즈 섬란 카구라 등등 이는 내장그래픽의 감당하는 범위를 넘어서서 게임을 지속할 경우 간헐적으로 무조건 발생하는 현상으로 보입니다 주로 일본 게임들에서 보였으며 평범한 인디게임에서는 보이질 않았습니다 Major JRPG를 좋아하시는 분들은 이점 참고하셔야 할 듯합니다 gram은 전원을 연결하지 않은 상태에서도 성능저하가 거의 없습니다 충전모드가 아닌 휴대모드로도 게임을 마음껏 돌릴 수 있다는 말입니다 물론 고용량이 무색하게 배터리가 광탈을 다른 휴대용 게이밍노트북들이 휴대모드에서 그래픽 성능이 50 수준으로 제한되며 급감하는 것에 비하면 매우 만족스러운 조치입니다 아무래도 내장 그래픽카드 덕분이겠죠 15분정도 천수의 사쿠나히메를 실행했는데 12 정도 배터리가 소진되더군요 대충 1시간30분 2시간 정도는 휴대모드로서도 충분히 돌릴 수 있지 않을까 생각됩니다 마무리 총평 사무업무용 겜트북제가 구매한 그램은 LG gram 14ZD90P GX5BK 입니다 14인치 모델에 i5 11세대 8기가 Ram 256GB 용량 윈도우 무설치에 블랙 모델을 의미합니다 라인업의 최고 사양은 아니지만 어디까지나 무난무난하며 가성비를 최고로 중시한 선택입니다 딱 한가지 아쉬운 것은 게임을 많이 하다보니 아무래도 256GB 용량이 부족함이 느껴진다는 것입니다 만약에 저처럼 게임도 같이 돌리실 생각이라면 SSD 하드 용량의 증량은 반드시 고려하시고 최소 512GB 혹은 1TB까지도 과감히 생각해보시는 것을 추천드립니다 요즘엔 인디 게임이라도 수십기가 바이트의 용량은 우숩거든요 보유한 대부분의 전자기기들이 블랙이라서 gram 마져도 블랙으로 선택했지만 후회는 없습니다 블랙도 촌스러운 깜장이 아닌 은은하면서 강렬한 블랙이고 군더더기 없는 외관 디자인은 보면 볼수록 매력적입니다 타닥타닥 치는 타건감을 좋아해서 초반에는 키보드 스킨없이 사용했지만 보시는 것처럼 먼지나 이물질이 잘 들어가게 생겼습니다 기본으로 제공하는 키보드 스킨 혹은 하나를 추가로 구입하시는 것을 강력 추천합니다 키보드 스킨 끼우면 약간 귀를 자극하는 타건감이 죽어버리지만 고장나는 것 보다야 낫지요 출장 갈때는 딱 이것만 있으면 됩니다 gram 본체 파우치 정품 충전기를 대체할 소형 고속 충전기 얇고 작은 마우스까지 여기에 조금 더 본격적으로 욕심내면 게임패드도 추가요 구매한 파우치는 요렇게 마우스 패드 역할도 합니다 맥도도의 65W 고속 충전기는 정품 충전기보다 훨씬 더 작고 강력한 성능 덕분에 오히려 메인으로 쓰고 있습니다 맥도도 고속 충전기 및 맥도도 케이블은 추후 간단 리뷰예정 특해 맥도도의 모양 충전케이블은 꺾임방지도 되면서 뭔가 더 찰싹 잘 달라붙어서 충전도 누수없이 근거없음 잘해줄 것만 같은 느낌적인 느낌입니다 LG gram은 저에게 있어서 가벼운 사무업무용 겜트북의 존재가 되었습니다 가벼운만큼 어딜가더라도 함께 할 수 있고 그 어디에서라도 저의 게임 욕망을 충분히 메꾸어줄 수 있는 둘도 없는 동반자가 될 것 같습니다 최근들어 노트북을 여러번 구매했습니다 한성 아방가르드 MSI 프레스티지에 이어서 이번의 LG gram 까지 이번 친구는 오래오래 함께 했으면 좋겠네요 만약 LG gram 2022년 모델이 현재의 완성도를 유지해나가면서 MX450 저전력 외장그래픽 모델이 추가된다면 그때는 무조건 노트북을 또 바꿀지도 모르겠습니다 내장형 그래픽의 게임성능 한계로 인해 결국 이 제품은 조기 처분하였습니다 MX450이 탑재된 다른 브랜드의 노트북 모델로 현재는 갈아탄 상황입니다 위의 리뷰처럼 일부 게임이 잘되기도 외장 그래픽이 아니다보니 튕기는 게임들도 더러 있고 확실히 게임이 주목적인 제품이 아니기에 제 사용용도와는 맞지 않다고 판단되었습니다 정말 잘만든 노트북인데 아쉬움의 이별을 직촬 사진은 모두 아이폰 11 프로 맥스 촬영 무보정 협찬 원고료 이벤트 참여 목적 전혀 없습니다
keyword_reviews00.xlsx,원래 사용하던 노트북이 너무 느려서 답답해질 무렵 아마 6년 넘게 사용한 듯 접한 사전예약 소식 디자인만 봐서는 맥북이지만 어차피 영상도 많이 안 보고 디자인 이런 작업을 하는 사람도 아니다 보니 일단 이 정도 목표 를 가지고 살펴봤습니다 혹시나 고장 났을 때 수리를 쉽게 받을 수 있는 서비스 편의성 무겁게 들고 다니는 것은 정말 딱 질색이기에 가벼운 노트북 적당한 선의 가격 200만 원 아래 또 삼세페다 뭐다 이벤트가 많더라고요 또 비교하다 보니까 이것도 또 중요하겠더라고요 키보드 키감 USB포트 최소 2개저의 지난 6년을 함께한 노트북도 LG 그램이었는데요 사실 블루투스 스피커 연결해서 사용해야 할 정도로 사운드 소리도 매우 작아서 잘 안 들림 가 정말 별로라고 생각하고 있었는데 검색하며 여러 글들을 읽어보니까 전문가분들 사이에서는 이미 유명했나 보더라고요 그런데 이번에는 음향도 뭐 개선됐다 하는 것 같고 사운드보다 무게와 키보드 자판을 누르는 느낌이 더 중요할 것 같아서 LG 그램 프로로 선택했어요 마침 이벤트로 LG전자 사이트에서 구입하면 Microsoft office 정품도 제공한다기에 혹해서 1월 15일 LG전자 라이브 방송도 챙겨봤을 정도로 사전 예약 혜택을 누리려고 열심이었는데요 다시 보니까 선택한 이 LCD모델 OLED모델 말고 기술 관련 지식이 없어 인터넷 글들을 읽으며 자세히 공부한 결과 LCD모델이 눈의 피로감이 덜하다는 것을 알게 되었어요 은 해당사항이 없기에 그냥 가격이 조금 더 저렴한 쿠팡에서 주문했습니다 삼성카드 카드 할인 때려 박고최종 결제가 약 1 624 000원 수준 256GB 저장용량 기준 저장할 것 많이 없어서 512GB대신 선택 그 밖의 사양은 WIN11 HOME LCD디스플레이 Anti Glare 인텔 코어 Ultra 5 프로세서 메모리 16GB 화면 16인치 1 199g 등그리고 1월 17일 로켓와우 배송으로 아침 7시가 되기 전에 받은 2024년 1월 따끈따끈한 신제품 노트북 박스가 엄청 크길래 놀랐는데 구성품은 간단했어요 노트북 충전기 사용설명서 끝 근데 옛날 노트북 사용하다가 요즘 제품으로 구입하니까충전 케이블도 동그란 구멍이 아니어서 신기했어요 14인치 사용하다가 16인치로 넘어오니까아주 큼직큼직하고요 자판도 기존 자판보다크기는 약간 작아진 느낌이지만 숫자 자판이 따로 빠져있어서 편하더라고요 사은품은 LG전자 사이트에서 별도로 신청한 후 1주일 후에 순차적으로 배송된다는데 사실 다른 것들은 상관없지만 무거운 마우스만 있어서 마우스가 빨리 왔으면 좋겠다는 소망이 원래 사용하던 노트북 14Z970 TA5IK 2017년 12월 제조 에 비하면 화면이 2인치 커져서 보기 편하기는 무게는 무거워지기는 했어요 그래도 1 199g으로 다른 노트북에 비하면 여전히 가벼운 편이기는 해요 예전 노트북은 터치스크린이어서 마우스가 없어도 됐는데 이제는 마우스 필수 터치패드 불편해하는 1인 그렇다고 터치로 가자니 가격이 확 높아져서 이 정도로 만족하고 사용하렵니다 백수 되고 아끼며 살려고 했는데 어째 큰돈 쓸 일이 자꾸 생김 쳇 받자마자 하루 동안 자꾸 팬 돌아가는 소리가 요란하게 나는 것이 조금 거슬리기는 했지만 또 오늘은 괜찮은 것 같은 새로운 노트북 개봉 비전문가 라기 보다 기계를 잘 모르는 30대 가 이틀 사용한 간단 내돈내산 후기였습니다
keyword_reviews00.xlsx,3 10 마그네슘 합금은 금속이 아니다 메모
keyword_reviews00.xlsx,눈 뜬 소비자의 힘 모이면 모일수록 세집니다 소비자는 호구가 아니죠 삼성이 자사 플래그쉽 노트북을 매년 2월이나 3월에 신제품 출시하더니 2024년 올해는 작년 12월에 선공개하고 1월에 사전예약판매 첨 보는 방식으로 판매하는군요 올해는 화려한 마케팅이 없어서 공개한 줄도 모르고 있었네요 피해자가 줄기에 좋긴 하네요 소수 인플루언서들에게만 선 공개 한 줄 알았고 일반인 대상 판매중인 걸 몰랐네요 2018년 삼성의 화려한 온라인 마케팅에 넘어가서 아직도 삼성의 호구 중입니다 2024년 갤럭시북42023년 갤럭시북32022년 갤럭시북 프로 22021년 갤럭시북 프로2020년 플렉스2019년 펜S2018년 펜삼성 플래그쉽 2in1 노트북 시리즈들이죠 2018년 펜을 구매했다가 호구된지 벌써 6년차네요 구매 후 하자가 많아서 AS를 수차례 받았지만 하자가 되풀이 되고 해결책은 없고2년차 넘어가자 유상 처리만 된다고 해서 원래 그런거라고 AS비 당당히 친절하게 청구 받아서 AS비 내고 수리 받으면 되지 뭘 그러냐구 AS센터에서 친절하게 면박 받아서 그때서야 아 내가 호구였구나 깨달은지 이제 4년차 넘어 가네요 배터리 충전 불가로 교체 발열 저장된 필기 파일 통째로 날아감 고장 날까봐 저사양 위주 운용하며 막사용하지 않기 등은 참을만 했는데 그 때 당시 i7 최고 사양이었죠 화면 크기 HDD 용량 등 스펙 의미 없음 화면이 하얗게 되더니 AS센터에서 백화현상이라고 하더군요 아무 것도 안보이는 상황이 발생하니까 이건 아니다 싶었습니다 2024년 1월 현재 3년째 삼성 플래그쉽 노트북이 이렇게 쓰레기다 이거 현장 증거 보존용으로 타 노트북 받침판으로 200만원짜리 깔판으로만 사용하고 있습니다 1년째에는 한달에 한두번 켜보기는 했다가 요즘은 언제 켜봤는지 기억도 안납니다 증거용 까볼 날 만 기다립니다 21년 4월부터 LG그램 16인치 360 2in1을 삼성 쓰레기 탓에 피같은 생돈 200백만원 더 들여서 사용중입니다 사용자 경험은 초기 경험이나 2년차 경험 3년차 경험치 모두 월등하게 낫네요 배터리가 말썽 부린적 없구요 화면이 깜빡거리거나 하얗게 되지도 않구요 화면 해상도도 훨 좋아요 이번에 평소 쓰던 환경 그대로 테스트 해 봤습니다 방전되어서 꺼질 때까지 유뷰브를 계속해서 틀어놔 보았습니다 평소 충전은 80 한정으로 충전하는데 방전된 상태에서 80 충전까지 1시간 15분 걸렸습니다 화면 밝기는 평소에 60 에 놓고 씁니다 제 기억에 실외로 나가서 써 본 적은 거의 없는데 그 이상으로 하면 눈이 부셔서 오래 보지 못하기에 60 에 고정된 상태입니다 작년에는 80 로 했었는데 모니터를 너무 많이 보나 봅니다 소리는 눈에 비해 귀가 약한지 100 풀로 켜 놓습니다 80 이하로 하면 안들려서 짜증 납니다 노트북만 그런게 아니라 데스크탑이나 태블릿도 그렇네요 나이 탓인가 하여간 그렇습니다 방전되어서 자동으로 꺼지는데 6시간 10분이 걸리네요 작년에 테스트 했던 수치보다 10분 더 가네요 화면 밝기를 80 에서 60 로 낮춰서 그런가 놀랍습니다 삼성 노트북 펜으로는 상상도 하지 못했 던 경험입니다 펜은 1년차 부터 말썽이더니 2년 넘어가자 구제 불능상태였는데 그램 360은 3년 돌파해가는데 거의 그대로네요 평일 7시간 정도 테스트 환경대로 막 돌리고 주말에도 침대에서 뒹글 때 또 돌립니다 3년 평균치로 되돌아 보면 하루 최소 7시간에서 최대 9시간 정도 돌립니다 향후 7년 더 가서 쭈우우 욱 매년 이런 글 올리고 싶네요 얼마나 더 갈지는 모르겠습니다 필기 파일 날아간 적도 한번도 없어요 삼성 펜만 그랬던 겁니다 만 사용 2년 만에 AS센터 5차례 방문 이런거 사라져야 합니다 소비자 뒷통수 쳐서 부당한 수리비 청구하는거 사라져야 합니다 화려한 마케팅으로 쓰레기 플래그 쉽 노트북 폴더블폰 200백만원 이상에 팔아 놓고 뒤처리는 나 몰라라 하는거 이런 저급한 영업방식 정말 사라져야 합니다 폴더블폰도 마찬가집니다 그냥 비싼 허세 마케팅 쓰레기입니다 그런 허세 마케팅에 넘어간 정말 삼성 호구입니다 시켜서 하면 심부름이고 알아서 하면 서비스라는 말이 있죠 삼성 플래그 쉽에게는 절대 안통하는 말입니다 이게 200만원 짜리 노트북 현장 보존용으로 보관중인 이유 입니다 통할 때까지 고이 보관할 겁니다 이미 구매 했어요 돈 드는거 아니죠 뭐 월등한 그램을 주변인에게 추천하지 못하는 이유펜이 말썽입니다 구매했던 해 한달만에 2년차에 1번 AS로 무상 교체했습니다 펜을 인식하지 못하거나 지연인식하는 경우가 필기 시간이 길어지면 자꾸 발생했습니다 AS센터에서 문제는 확인했는데 원인을 몰라서 펜을 2번이나 교체 했죠 교체해도 문제 해결은 못했죠 AS센터도 알고 있었죠 그러다 작년 가을에 배터리를 교체하려고 상단부를 시계 반시계 방향으로 돌렸는데 양방향 모두 헛돌기기만 했고 펜 상단부 배터리 뚜껑이 열리지 않더군요 AS 센터에 문의하니 교체한 지 1년이 지나면 유상 교체만 된다고 하더군요 2번 교체 후 1년 1개월 차였는데 LG가 삼성이 하던 짓을 똑같이 하더군요 원래 그런거라구요 문의하니 8만원대 였던거로 기억합니다 LG 온라인몰에서 펜은 재구매하기로 폰 상담받고 일단 분해부터 해보자 했습니다 상단부를 데스크 위에 탁탁 쳐 봤습니다 그랬더니 쉽게 열리고 뚜껑 고장 문제가 절로 해소 되었습니다 놀라운 건 이제까지 지연현상을 꾹 참고 그냥 사용했었는데 그것도 해소 되었습니다 배터리 뚜껑 잠금 기능에 문제 있었는데 사용자나 AS센터나 서로 원인을 몰랐던 거죠 이제 배터리 교체나 펜촉 교체 프로그램 제거 및 재설치 노트북 재부팅 같은 걸 하지 않습니다 상단부 뚜껑을 탁탁 치면 바로 펜을 인식합니다 물론 길게 펜을 사용하면 지연 인식 문제는 그대로 발생하죠 그래 이제는 탁탁 칩니다 LG도 원인을 알았으니 조치를 해야 하지 않나요 글쓰다 보니 AS센터에 이거 확인 했어야 했네 하는 생각이 드네요 아 이러니 호구지
keyword_reviews00.xlsx,우리가 테크 유튜브를 보는 이유는대기업에서 알려주지 않는 실사용 성능과 장단점을 알고 싶어서 이지홍보 영상을 보고 싶어서가 아니다 그런 의미에서 욕 얻어 먹어 가면서 까지 사실을 객관적으로 소개하는 유튜버는 귀하다 테크몽 홧팅
keyword_reviews00.xlsx,성능적인 부분 벤치 온도 데시벨 등 은 게사장님 리뷰나 다른 분 리뷰가 더 정확할거라 체험적인 부분에 대해서 후기를 남겨보고자 합니다 최근 5년 간 사용했던 태블릿 노트북 리스트입니다 아래 제품들과 비교하는 내용이 후기에 담겨있으니 참고해주세요 현재 사용중 맥북 프로 M1 Pro 14인치 갤럭시탭 s9 울트라 구트라 리전 슬림5 2020 그램 17 회사 지급 처분한 제품 맥북 에어 M2 2022 젠북 14 59 젠북 아이패드 프로 3세대 12 9 서피스 프로91 외관 및 빌드 퀄리티외관 및 빌드퀄은 수준급입니다 맥북보단 못하지만 한두단계 아래 정도 느낌은 나더라구요 힌지도 튼튼하구요 내부도 짱짱합니다 비교 맥북 프로 맥북 에어 서피스 프로 리전 여기까지 빌드 퀄리티 좋음 젠북 그램2 소음 및 발열소음은 엄청 빡센 작업하면 소리가 좀 크긴 합니다 쓴 제품은 다 울트라북이라 그나마 2020 그램이 소리가 큰 편이었는데 그램보다는 확실히 시끄럽네요 울트라북은 주로 팬이 한개고 겜트북은 두 개씩은 달려있으니 당연히 리전의 팬 소리가 더 큰게 맞긴해서 비교가 좀 무의미하네요 그래도 평소 웹서핑 수준의 상태에서는 팬 소리 잘 안들리고 쾌적합니다 발열은 크게 안느껴집니다 장시간 게임은 아직 안해봤는데 이것저것 다운받고 설치하고 벤치보고 하느라고 꽤 리소스를 잡아먹었는데 미지근하거나 약간 따뜻한 정도네요 발열은 고사양 게임 롱런을 해봐야 좀 더 명확하게 알 수 있을거 같습니다 3 디자인디자인이 호불호 갈릴 요소가 좀 있는데 후면에 궁댕이처럼 튀어나온 부분이 생각보다 크게 신경이 안쓰이고 단순히 제품의 아이덴티티로 느껴집니다 상판의 레노버 마크랑 리전 글씨가 사람마다 호불호 갈릴 요소로 보이는데 불호가 좀 더 많을걸로 개인적으로는 이상한 아이콘 같은거 보단 글자가 있는게 훨씬 깔끔해보여서 좋네요 이게 빌드퀄이 좋아서 그렇게 느껴지는건지 실제로 그렇게 나쁜 디자인은 아닌건지 살짝 아리송합니다 4 디스플레이 스피커지금 갤탭 울트라에 저반사 필름 씌워져있어서 디스플레이 비교를 못하는게 아쉽네요 맥북 프로라도 비교하자면 OLED 특성상 더 쨍해서 리전이 색상 표현에 있어서 개인적으로 더 만족스럽습니다 다만 안티 글레어가 아니다보니 빛반사가 좀 있는데 대충 구트라정도의 반사율로 느껴집니다 불키고 영상볼 때는 빛 반사 때문에 맥북이 훨씬 나아보이네요 나중에 AR 필름 나온다면 무조건 붙여야겠습니다 갤북2때 OLED 가독성 이슈가 있었어서 혹시나 했는데 역시 그땐 FHD가 가장 큰 문제였던거 같네요 이 제품에선 가독성 문제가 전혀 없습니다 오히려 아주 쾌적합니다 다만 OLED 특성상 장시간 글자 보는 작업은 눈이 많이 피로할 것 같습니다 스피커는 별로 좋진 않습니다 그냥 스피커 달렸구나 정도 뭐 특별하게 나쁜건 아닌데 좋은건 절대 아닌 그래도 그램보다는 훨빼 낫네요 특정 소프트웨어로 어느 정도 성능 개선이 가능하다고는 하네요 영상 시청은 스피커 사용 시에는 맥북 프로 헤드폰 사용 시에는 리전으로 하기로 결정했습니다 스피커 비교 맥북 프로 맥북 에어 서피스 프로 여기까지 스피커 짱짱함 구트라 여기까지 스피커 괜찮음 리전 젠북 그램5 키보드일단 텐키리스라서 매우 만족합니다 개인 취향 다만 방향키 근처에 Page Down Page Up이 있는데 이게 은근 거슬리더라구요 글 작성할 때 Ctrl 좌 우 키 이용해서 단어 간 이동을 자주 사용하는데 실수로 방향키 근처에 있는 Ctrl PageUp Down를 입력하면 크롬 탭 좌우 이동 기능이 작동합니다 이런 단축키가 있는줄 처음 알았습니다 이건 사용하다보면 익숙해질거 같기도 하고 단축키를 변경시켜주면 해결될 문제 같긴합니다 키감은 상당히 좋습니다 쫀득한 맛이 있어서 치는 재미가 있어요 키감 비교 맥북 프로 맥북 에어 리전 젠북 여기까지 장시간 타이핑 괜찮음 구트라 정품 키커버 그램 서피스 프로6 트랙패드적당한 크기에 퀄리티도 괜찮습니다 사용했던 제품들중엔 맥북 다음으로 좋네요 유리냐 아니냐 논란이 있던데 확정적으로 말씀드리긴 힘들지만 맥북 같은 재질은 아닌거 같아서 유리는 아닌것으로 보입니다 사용자 이슈일 가능성이 큰데 사용하다보면 배치상 왼쪽 손바닥이 트랙패드 좌상단에 터치된 상태로 트랙패드를 조종할 경우가 있는데 이때 순간적으로 트랙패드 인식이 안됩니다 두 군데서 터치가 돼서 발생한 문제일텐데 젠북이나 그램 서피스 등에서는 발생한 적이 없어서 일단 적어봤습니다 2023 09 09 추가 해당 현상은 터치패드 탭의 민감도를 높음으로 설정하니 사라졌습니다 제것만 이상한건지 제손이 이상한건지 리전의 문제인진 모르겠는데 터치패드 인식률이 다소 낮은 편 인가봐요 7 와이파이 인식윈도우 처음 깔면 와이파이 인식이 전혀 안됩니다 프리도스 노트북이어도 3DP Net에서 랜카드 드라이버 설치하면 대부분 인식되던데 리전은 3DP Net에서 아무것도 안뜨더라구요 장치 관리자에도 안보이고요 다행히 집에 USB 무선 랜카드가 있어서 그걸로 레노버 홈페이지가서 드라이버 설치하니 그제서야 와이파이 인식이 됩니다 USB 랜카드가 없으시면 핸드폰을 USB로 연결해서 테더링하는 방법도 있으니 참고하세요 8 기타 온보드인게 아쉽지만 그래도 램 32기가라서 충분합니다 포트가 다양하고 짱짱해서 좋습니다 휴대하기에 마지노선인 무게 및 부피 같습니다 올라운더로 사용하기 정말 좋습니다 화면 우글거림 현상이 있긴한데 심한 편은 아닙니다 외관에 지문이 은은하게 남습니다 맥북 미드나이트처럼 지문이 심하게 남는 스타일은 아니라 관리에 용이해보입니다 시작할 때 부팅화면에 LEGION 글자 이펙트 멋집니다 지문 인식 때 전원 버튼 색이 변하는데 영롱하고 이쁩니다 비율 덕분에 체감상 14 5인치보다 더 커보입니다 요새 중저가형 노트북들 대부분 넣어주긴하지만 180도 힌지는 생각보다 매우 쏠쏠합니다 배터리 타임은 영상시청 밝기 50 기준 약 2시간 새벽에 축구 웨일즈전 동안 배터리 70 까지 떨어졌습니다 세팅중인 상태였어서 백그라운드로 돌아가는 프로그램도 있었을수도 있고 정확한 지표는 절대 아니니 참고만 해주세요 분해가 다소 힘듭니다 헤라가 없어서 안쓰는 신용카드 가지고 어찌저찌 뚜까했는데 그냥 헤라사서 분해 하십쇼 9 이런 분들에게 추천 빌드 퀄리티를 중요시 여기는 분 하나의 노트북으로 많은걸 커버하고 싶으신 분 올라운더 자주 들고다니는 성능좋은 노트북이 필요하신 분10 총평전반적으로 매우 만족스럽습니다 가성비 좋은 구성과 퀄리티로 올라운더가 가능한 제품이구요 디스플레이도 14인치 치고는 상당히 넓은 느낌도 들고요 스피커만 좋았다면 비슷한 수준의 겜트북 중 원탑 노려봤을만한 제품이네요 개인적으로는 맥북 다음으로 엄청 만족스럽네요 OS 및 프로그램 호환성 게임 플레이 가능 도 고려했을 때 실사용 시에는 맥북보다 훨씬 만족할 수도 있겠습니다
keyword_reviews00.xlsx,카메라 주변기기 리뷰를 쓰려 했으나 너무 뻔하기에 범위를 넓혀서 그냥 쓰는 것 온갖 것 다 써보려고 합니다 다음 주 주말까지 계속 비 소식이라 어차피 사진 찍으러 밖에 나가질 못해요 1 맥북 M3 프로 14인치 11 14코어 18GB 512GB 추천도 10 10 전 태어나서 작년까지 애플 제품을 써본 적이 없습니다 애플을 싫어하기도 하고 쓸 일도 없어서였는데 막상 포토샵 일러스트레이터를 시작해 보려니 어도비 프로그램은 맥이 진리다 라는 얘기를 들은 기억이 나서 질렀습니다 금액이 대충 290만 원 정도 했던 것 같은데 이 정도면 딱 내 수준에서 불편함 없이 오래 쓸 수 있겠지 라는 생각에 바 로 쿠팡에서 구매 처음엔 인터페이스가 너무 익숙치 않아서 고생했지만 며칠만 써보니까 금방 적응 되더군요 특히 매직 키보드 매직 마우스가 너무 편합니다 윈도우로 한다면 스페이스 바를 누른 상태에서 마우스를 움직여야 스크롤 되는 게 매직 마우스는 검지만 슬슬 움직여 주면 되니까요 아무튼 약 한 달 정도 잘 쓰고 있었는데 나중에 A7R5 비압축 RAW 파일 120장을 포커스 브라켓팅 하려고 포토샵에 싹 불러와서 작업하는데 거의 1시간이 넘게 걸리더라구요 옆에서 보고 있던 직원이 이런 건 맥북 프로 맥스 쓰면 눈 깜짝할 사인데 라고 하길래 바 로 애플스토어 여의도로 전화해서 재고 확인하고 맥북 프로 맥스 구매했습니다 맥북 M3 프로는 아는 분에게 선물로 드림 2 맥북 M3 프로 맥스 16인치 16 40코어 48GB 1TB 추천도 10 10 바보 같이 쿠팡에서 샀으면 훨씬 쌌을 텐데 당장 사고 싶다보니 애플스토어에서 정가 그대로 샀습니다 바 로 맥북 프로 맥스로 포커스 브라케팅 사진들 작업을 해보니 뭐 아주 조금 빨라지긴 했지만 드라마틱한 차이는 없었습니다 그래도 이거면 몇 년은 안 바꾸고 쓸 수 있을 테니 잘 산 거겠지 라고 현재 매우 만족하며 사용 중입니다 라룸에서 노이즈 제거하면 한 장당 대략 10 15초 정도 나오는 것 같아요 3 갤럭시 북4 프로 추천도 8 10 이 때만 해도 사진을 취미로는 사용하지 않고 회사일 하는 데에만 썼습니다 그런데 맥북으로 회사 일반 업무 하기에는 어려움이 있더군요 언뜻 노태문 에디션이라는 게 엄청 가성비 좋다고 하던 게 생각나서 갤럭시 북 최신판을 검색해 봅니다 핸드폰도 삼성이라 뭔가 연동되는 것도 좋을 것 같고 해서 샀는데 뭐 딱히 핸드폰이랑 연동할 것도 없고 카탈로그 사양에 비해 좀 뭔가 그냥 그랬습니다 그 전까지 쓰던 2017년도 LG 그램보다는 나은 것 같긴 한데 그냥저냥한 느낌 그래도 이걸로 한 5년 이상은 쓸 듯4 맥미니 M4 깡통 추천도 10 10 맥북은 5월에 샀는데 8월부터는 슬슬 사진을 취미로 찍기 시작합니다 그러다보니 라이트룸으로 보정을 하게 되고 그러려면 집으로 가져와서 해야 하는데 노트북 매일 매일 가지고 출퇴근 하기가 너무 귀찮아요 맥을 집에 하나 회사에 하나 두기로 합니다 맥북을 또 사긴 그런데 마침 맥미니 M4가 나왔어요 깡통 가격이 너무 착한 데다가 키보드 마우스 모니터 금액 생각하라고 하는데 모니터는 회사에 7개 집에 2개나 있고 마우스 키보드도 10개는 넘게 있으니 부담이 없습니다 저장 용량이나 램 업그레이드 등의 유혹이 밀려왔지만 깡통이 아니면 가성비가 아니라는 생각으로 그냥 깡통으로 구매했습니다 이제 뭘 집에 두느냐의 문제가 남았는데 회사에서는 딱 포토샵 일러스트레이터 2가지만 사용하지만 집에서는 천체 사진 스택용으로 픽스인사이트 같은 무거운 프로그램도 쓰니 집에 맥북을 두고 회사에 맥미니를 두기로 결정 지금까지 아무 문제없이 아주 잘 쓰고 있습니다 모니터 키보드 마우스만 있다면 실내용으로는 맥미니 M4 깡통 개강추합니다 5 미니 피씨 비링크 MINI S 외 추천도 9 10 집에서도 일해야죠 근데 갤럭시북 가지고 출퇴근하기 귀찮죠 미니 피씨를 하나 사무용으로 집에 마련했습니다 본래는 천체 촬영시 적도의에 미니피씨 연결하고 NINA 프로그램 연동해서 차에서 편하게 극축정렬 및 촬영하려고 N100 CPU 제품을 추천 받아 저렴한 걸 하나 구매했는데 생각보다 좋더라고요 미니피씨를 이것저것 사봤는데 그러다보니 미니피씨가 6대가 되었습니다 지금 쓰는 비링크 미니 S랑 램 36GB 1TB 미니피씨 2개만 남기고 다 무료나눔 해버렸네요 사무용으로만 사용하는 거다보니 특별히 고성능일 필요도 없고 사이즈가 무지 아담해서 공간도 차지하지 않고 아주 좋습니다 단순 사무용으로 사용하실 분들에게 미니 피씨 강추 6 로지텍 MX Mechanical 기계식 키보드 추천도 10 10 집에서는 매직 마우스 매직 키보드 일반 기계식 키보드 MX Master 3S 마우스를 돌려 쓰지만 사무실에서는 맥을 썼다가 윈도우를 썼다가 왔다갔다 할 일이 많습니다 근데 로지텍 MX KEYS S는 이지 스위치 버튼으로 맥 윈도우 블루투스 간편 변경이 가능하죠 그걸 쓰고 있었는데 보니까 리니어 키보드로 새로 MX Mechanical이 나왔더라구요 기계식 키보드를 워낙 좋아하기 때문에 MX KEYS S는 바로 카페에 무료나눔하고 이걸 들였습니다 기존 키보드는 타건감이 너무 별로였는데 이건 너무 좋습니다 키보드 디자인도 맥 윈도우 공용이라 함께 쓰기 엄청 편해요 맥 윈도우 동시에 쓰는 분들에게 강추 7 로지텍 MX Master 3S 추천도 9 10 마우스도 뭐 이것저것 다양하게 썼었지만 현재는 이걸로 정착했습니다 사무실에서 쓰는 건 페일 그레이 집에서 쓰는 건 그라파이트 흰색을 좋아해서 처음에 페일 그레이로 샀는데 그냥 그라파이트 추천 드립니다 페일 그레이는 완전 흰색도 아니다보니 좀 누르스름한 데다가 떼를 너무 잘 타서 오래 사용하면 미관상 보기가 좀 그래요 해당 마우스 출시 이후로 디자인을 카피 뜬 제품들이 상당히 많은데 막상 써보면 묵직함이나 마감이나 이런저런 거에서 이거 만한 게 없습니다 특히 로지 플로우 프로그램을 깔아두면 맥 윈도우 창을 자동으로 넘어가면서 파일을 복붙한다거나 하는 간편한 기술을 쓸 수 있어요 윈도우 화면 창에서 맥 화면 창 경계선에 닿으면 자동으로 블루투스 페어링이 바뀌는 방식인 것 같더라구요 그래도 복붙까지 어떻게 구현하는지는 모르지만 8 칼디짓 엘레멘트 독 추천도 10 10 금액이 30만 원을 훌쩍 넘을 정도로 비싸지만 사보면 정말 돈값 하는 만족도를 줍니다 USB 3 2 Gen2 4포트 썬더볼트 4 4포트로 무지하게 넉넉하게 포트가 있습니다 썬더볼트 4다보니 맥북이랑 연결하면 별도 전원 공급도 필요 없어서 맥북 어댑터랑 전원 케이블도 무료 나눔으로 날렸죠 독에 전원 공급하고 맥북으로 60W 전원 공급 모니터 2대와 접속 4K 60P 모니터 2대까지 연결 기타 부가 장치들 접속해서 사용하는데 케이블 배선 전원선 정리가 아주 아주 간편합니다 제품 사이즈도 작아요 최근에는 썬더볼트 5를 지원하는 엘레멘트 독5가 나왔던데 썬더볼트 5를 지원하는 호스트 기기라면 그것도 좋겠네요 사무실에 하나 집에 하나 가져다 놓고 씁니다 9 벨킨 썬더볼트4 도킹 스테이션 추천도 8 10 칼디짓을 써보니 너무 편해서 갤럭시 북에 쓰려고 구매한 녀석인데 갤럭시 북이 썬더볼트를 지원하지 않는 건 둘째치고 포트가 너무 부족합니다 호스트 전원 공급 썬더볼트 1포트를 제외하면 썬더볼트 3포트 USB 3 2 Gen2 1포트 금액은 칼디짓에 비해 훨씬 저렴하지만 얘도 20만 원은 넘는데 요즘 중국산 택갈이 독들도 썬더볼트는 아니지만 최대 200W에 5 6포트짜리가 10만 원 정도 한단 말이죠 썬더볼트를 쓸 거면 차라리 칼디짓을 그게 아니라면 사테치나 GaN PPS UM2 같은 걸 구매하는 게 나아보입니다 PC용 독 구성이 이렇고 제 방이나 사무실에는 온갖 쓸데없고 잡다하게 전력을 쓰는 LED 소품들이 워낙 많아서 유그린 사테치 테무산 등등의 독을 7개 정도 쓰고 있어요 10 엘가토 스트림 덱 플러스 추천도 5 10 데스크 테리어 영상에 하도 많이 나오길래 예뻐서 구매했더니 예쁘기만 하고 활용성이 없습니다 상단 8개 버튼은 어디서나 흔히 볼 수 있는 단축키 기능이고 하단의 볼륨 레버 4개가 핵심인데 이걸 대응할 수 있는 기능이 별로 없어요 기껏 해야 음량 줄이기 늘리기 화면 밝기 낮추기 올리기 정도 화이트가 정말 예쁘긴 예쁜데 실제 활용 가능성에 비해 너무 크고 비쌉니다 생각보다 데스크 공간을 많이 잡아먹어요 도저히 쓸 일이 없어서 이것도 카페 무료나눔으로 11 엘가토 스트림 덱 네오 추천도 7 10 그러던 중 엘가토 스트림 덱 네오라는 그나마 저렴한 애가 있는데 디자인은 좀 부족하지만 쓸데없는 볼륨 레버가 없어서 훨씬 공간을 덜 차지합니다 물론 실용성은 그다지 전 일일히 치기 귀찮은 각종 비밀번호나 업무용 메일 쓸 때 자주 쓰는 인사말 등의 단축 키를 넣어서 사용합니다 근데 이런 단순한 기능 지원하는 매크로 버튼들은 싼 게 아주 많아요 12 엘가토 스트림 덱 페달 추천도 9 10 엘가토 시리즈 중에 그나마 덜 유명한 녀석인데 역시 디자인이 별로라서 활용성은 이 녀석이 가장 좋은 것 같습니다 일종의 풋 스위치인데 좌측 중앙 우측의 세 가지 버튼을 대응합니다 전 좌측에 복사 중앙에 실행 취소 우측에 붙여넣기를 등록하고 발로 밟아서 간편하게 사용합니다 금액이 좀 비싸서 괘씸하긴 실제 활용성은 이게 가장 좋은 듯 13 루프덱 라이브 추천도 12 10 어도비 프로그램으로 사진 편집하는 분이라면 이건 무조건 사야합니다 왜냐하면 추천도가 12니까요 사진찍는회계사님 광고를 보고 혹해서 샀는데 혹한 것 이상의 편리함을 줍니다 엘가토 시리즈처럼 단순히 특정 행동을 넣는 게 아니라 각 대응 프로그램별 세부 액션들을 무한대로 저장 가능합니다 예를 들어 라이트 룸의 경우 중앙의 버튼 12개로 내보내기 비교 전 후 맞춤 등등 라룸 내의 모든 액션을 넣을 수 있고 볼륨 레버에는 채도 디헤이즈 부분대비 회전 등등등 라룸에 존재하는 모든 기능을 넣을 수 있습니다 게다가 디헤이즈로 설정한 볼륨 레버를 누르면 디헤이즈값이 초기화되도록 할 수도 있어요 버튼이나 레버가 부족하다면 터치창을 슬라이드해서 1 2 1 3 1 4 등으로 창을 무한대로 늘려 기능을 할당할 수 있습니다 당연히 라룸만이 아니라 포토샵 일러스트레이터 캡쳐 원 등등이 모두 대응됩니다 집에 하나 사무실에 하나 비치해뒀습니다 꼭 구매하세요 14 삼성 T5 EVO 2TB 추천도 8 10 나름 용량 많이 잡아먹는 작업을 하니까 SSD가 있으면 좋죠 나름 저렴한 가격과 귀여운 외관에 혹해서 T5를 구매했었는데 아뿔싸 이건 저처럼 박아놓고 쓰는 게 아니라 여기저기 가지고 다닐 때 빛을 발하는 녀석입니다 사이즈가 정말 작다 보니 가지고 다니기 정말 편하고 가격도 용량 대비 나쁘지는 않은데 일단 전송 속도가 그리 빠른 편이 아니에요 USB 3 2 Gen 1이다보니 읽기 쓰기 속도가 460 MB 밖에 안 나옵니다 물론 속도 좀 느린 거 감안하겠다고 하면 최대 8TB까지 나오는 모델도 있기 때문에 용량 대 가성비 측면에서는 좋은 제품입니다 전 필요 없어서 무료나눔 15 삼성 T9 4TB 추천도 9 10 USB 3 2 Gen2x2라 전송속도가 읽기 쓰기 2GB s입니다 이 정도면 솔직히 엔클로저 쓸 필요 없죠 물론 금액은 엔클로져에 비해 넘사벽으로 비싸지만 개인적으로 엔클로저 같은 걸 싫어하는지라 비싸더라도 이걸로 집에 하나 사무실에 하나 뒀습니다 아쉬운 점이라면 최대 용량이 4TB라는 거 정도 16 웨스턴 돔 20TB HDD 추천도 8 10 넉넉하게 사진 저장하려고 구매했습니다 요건 주로 용량 많이 잡아먹는 천체 사진 영상 관련 데이터를 백업하려고 근데 아직 3TB도 못채웠네요 생각보다 사이즈가 그리 크지 않아 좋습니다 17 웨스턴 돔 마이 패스포트 외장 HDD 추천도 8 10 이건 1년 마다 라룸 카탈로그를 HDD 하나에 넣어서 연도별로 보관하려고 구입했습니다 4TB를 총 4개 가지고 있는데 문제는 사진 시작하고 1년이 다되어가는데도 라룸 카탈로그 용량이 이제 겨우 1TB네요 사진을 너무 많이 안 찍는 건가 18 벤큐 SW272Q 추천도 9 10 원래 쓰던 모니터는 LG 27UP650 28MQ780 그램뷰 삼성 오딧세이 G5 G9 등을 썼는데 이것저것 공부하다보니 하드웨어 캘리브레이션이 어쩌구 DCI P3가 어쩌구 하길래 전문가용 모니터 쪽에 관심을 두게 됐습니다 큰 돈을 쓰기는 부담돼서 적당하게 맞는 걸 찾다보니 얘가 그냥 눈에 띄길래 샀습니다 물론 듀얼 모니터를 쓰고 있기 때문에 차광막은 안 쓰고 있지만 제 첫 전문가용 모니터이다보니 애착이 가네요 캘리브레이터로 꾸준히 캘리브레이션 해주면서 열심히 애껴 썼습니다 트루 10bit가 아니라는 게 계속 찜찜하고 19 에이조 CG2700S 추천도 10 10 하도 에이조 에이조 거리길래 샀습니다 엄청난 출혈을 감수하고 아쉬운 건 32인치 모니터를 한 번도 못써봤다는 건데 방이 좁아서 도저히 32인치 모니터를 둘 수가 없어요 이 녀석의 가장 좋은 점은 내장 캘리브레이터가 있기 때문에 스파이더 X 같은 캘리브레이터도 필요 없다는 겁니다 전용 프로그램으로 캘리브레이션을 실행하면 모니터 상단에서 캘리브레이터가 위잉 튀어나와서 알아서 캘리브레이션 합니다 워낙 막눈이라 캘리브레이션까지 해가면서 제대로 효과를 보고 있는 건지는 모르지만 일단 심신이 안정됩니다 제대로 색을 보고 있는 거겠지 하면서 현재는 방에서 벤큐 에이조 듀얼 모니터로 사용 중 20 스파이더 X2 포토 스튜디오 추천도 10 10 원래는 벤큐 모니터를 구매할 때 옵션으로 스파이더 프로를 함께 주문해서 캘리브레이션을 했는데 작년 추석에 이 패키지를 추석 할인으로 팔고 있더라구요 캘리브레이터도 X2로 업그레이드에다가 뭔가 있어 보이는 체커 보드 렌즈 CAL 화밸 큐브 등등이 함께 이걸로 구매 후 기존 스파이더 프로는 카페에 무료 나눔 물론 막상 구매한 이후로 캘리브레이터 이외에는 건들지도 않았습니다 쓸 일이 없었기 때문이죠 스파이더 정도만 해도 25만 원이면 구매하니까 모니터 캘리브레이션 하실 분들은 그거라도 하나 장만을 21 Topaz Photo AI 추천도 9 10 거의 99 의 사진 작업은 라룸에서만 끝내지만 최근에 조류 촬영을 하다보니 노이즈 샤픈 관련된 기능이 필요해서 구매했습니다 사실 더 좋은 프로그램도 많겠지만 아는 게 없다보니 소니 알파 세미나 보고 작가님이 추천해주신 걸로 냅다 구매 사실 조류 사진 보정용으로만 사용하긴 하는데 디노이즈 샤픈 업스케일링 얼굴 복원 컬러 그레이딩 등등이 가능합니다 단순 수치만 변경하는 게 아니라 굉장히 세분화되어 있어서 잘 다루면 좋을 것 같더라구요 아직은 잘 몰라서 대충 건드리고는 있는데 음 다운 사이즈된 이미지라 뭐가 향상됐는지 크게 티가 안 나네요 실제로 보면 엄청 체감되는데 일단 1회 구매로 평생 사용이라는 점이 마음에 듭니다 이거 외에는 포토샵용 리터치포미 플러그인을 5개 정도 구매해서 사용합니다 22 Pixinsight 추천도 11 10 돈 좀 쓰더라도 천체 관련 보정을 하고 싶다고 하면 가장 좋은 프로그램이겠죠 본 프로그램 유료 플러그인 익스 3신기 결제입니다 본래 은하수나 천체 보정용으로는 무료인 시큐에이터로 시작하라는 얘기를 들었는데 이게 맥용이 없더라구요 어쩔 수 없이 처음부터 그냥 픽스인사이트 구매했습니다 문제는 프로그램이 개복잡하고 정보도 그리 많지 않아서 익히는 게 어렵다는 건데 다행히 현장에서 우연히 만난 작가님을 졸졸 따라다니면서 대략적인 보정법을 야매로 배워서 수박 겉핥기 식으로 어떻게든 사용하고 있습니다 문제는 요새 주말마다 날씨가 별로라 천체 사진을 거의 못찍고 있다는 건데 가끔 스타 트레일 보정용으로 스타스택스라는 프로그램을 쓰기도 하고 달 사진 스택 보정용 별도 프로그램을 쓰기도 합니다 와 쓸 꺼리는 훨씬 많은데 너무 잡다한 것까지 쓰면 끝이 안 나므로 PC 프로그램 관련은 이 정도로 끝내겠습니다 궁금하신 거 있으면 답변 드릴게요
keyword_reviews00.xlsx,신학기 시즌 맥북 구매를 고려하는 중고등학생이나 선물을 주시려는 부모님들이 좋게 읽어주셨으면 합니다 몇달 전 맥북구입을 고려할때 중고등학생이 쓰는 리뷰들을 많이 못봤어요 한번 써봅니다 이제 예비고1이고 대학교때까지 보고 구입했어요 장점 다른 제품들과 차이가 나는 소재 마감 키보드의 키감이 좋으며 외장 마우스가 필요없는 고급스러운 트랙패드 당연히 좋은 애플 기기와의 호환성 깡통 모델임에도 불구하고 렉이 거의 없으며 애플 특유의 애니매이션에서 오는 부드러움 적응만 잘 한다면 단축키 사용으로 빠른 작업이 가능 윈도우 컴퓨터에선 왠지 모를 느린 느낌 맥 os는 그런 느낌을 덜 받음제가 장점을 가장 많이 느낀건 소프트웨어쪽이 아닌 하드웨어 쪽이었어요 동급 삼성 갤럭시 북 LG 그램과 비교했을때 맥북은 경량화 모델이 아니다 보니 무게감이 있지만 경량화 대신 품질을 선택하지 않았을까 라는 주관적 생각입니다 또 다른 타사 동급 모델들은 키보드 타건시 불안감이 있지만 맥북은 타건감 안정감도 좋았습니다 트랙패드 쓸어넘기기 기능 트랙패드의 누르는 느낌 경험해보면 굳이 블루투스 유선 마우스를 사용해야 할까 라는 느낌이 들어요 m1칩 답게 성능은 빠릿빠릿하고 좋았습니다 다만 지원 앱들이 적어서 로제타로 돌리는 앱들도 있지만 학생 입장에서는 체감이 전혀 되지 않습니다 추후에 더 지원을 해주겠죠 전자기기에 관심이 많아서 여러 인터넷을 뒤져보며 몇일간 단축키도 알아보고 사용방법도 알아봤는데 금방 숙지했습니다 오히려 윈도우보다도 파일 위치등이 직관적으로 다가왔어요 무엇보다도 중요한 애플 기기의 호환성인데 개인적으로 맥북 아이폰 에어팟 이 세개의 연동이 가장 편리했어요 에어드롭으로 파일이나 사진 전송이 가능했고 에어팟으로 아이폰 소리 듣다가 맥북 넘어가고 이게 좋았습니다 폰으로 인터넷 보던것도 맥북으로 넘어와서 크게 볼수도 있고요 아이패드가 있다면 맥북 옆으로 화면을 확장 시킬수 있고 SideCar 가족들에게 뭘 보여줄때 맥북화면을 공유해서 가족들은 아이패드로 맥북으로 제어하면 나름 괜찮았습니다 장점이 있다면 단점도 있겠죠 단점 c타입 포트 2개로 인한 추가 악세서리 비용 지출 허브 등 아직은 지원하지 않는 여러 사이트 왠지 모르게 프린트 드라이버 지원을 잘 안해줌 드라이버 오류 맥북 에어 특성상 노트북 치고는 상당히 작은 화면 가격동일한 윈도우 제품과 비교 시 나중에 지출할 소프트웨어 가격 차이가 큼 남자학생이든 여자학생이든 친구와 놀려면 가장 중요한 게임 불가 USB 1개만 사용하지만 나중가면 분명 불편함이 있을 것이다 라는 생각이 들었어요 USB 여러개를 사용할 날이 있을수도 있고 hdmi로 화면을 보여줄 날도 있지 않을까요 그러면 자연스럽게 허브를 구매하게 될텐데 허브의 가격이 정품은 사악하고 서드파티 제품들도 가격이 상당했어요 이렇게 추가 지출을 하다보면 더 큰 화면 사이즈를 가진 윈도우 노트북을 사지 않을까 싶더라고요학생이라면 가장 중요한 사이트가 어딜까요 나이스라고 생각을 합니다 성적 확인 상장 봉사 등 학업 내용을 분명 보게 되는데 나이스가 dmg 파일을 뿌리지 않아요 그냥 한마디로 안된다는 뜻입니다 그러면 자연스레 가상머신이나 윈도우 노트북을 알아보고 추가 비용이 몇십만원으로 올라갑니다 프린트 할 날도 많죠 지원하는 기기도 있지만 지원 안하는 기기도 상당히 많았어요 삼성 프린트를 사용하는데 os 11버전까지 드라이버를 내줬더라고요 m1 맥북으로 프린트 사용이 가능은 하겠지만 내가 가지고 있는 프린트가 잘 지원하는지 확인 해보세요 제 맥북을 본 가족 지인들 모두가 하는 말이 화면이 왜이렇게 작아 만족하지만 다른 큰 화면 보다가 이거 보면 체감이 확됩니다 체감이 제일 될때는 창 여러개 띄웠을때 좁아서 뭐가 어디있는지도 모르겠어요 자소서 작성이나 생기부 관리할때 한글을 작성하는 날이 있는데 윈도우는 한글 PPT 엑셀 등 다 합친 가격이 맥북에서는 한글 하나 값이에요 꿀팁을 알려드리자면 중고등학생은 마이크로소프트에서 무료료 프로그램을 다운할수 있게 해줘요 학교랑 연동이 되있어서 학교에 전화하시면 코드 알려주시고 막 알려주세요 아 게임이 많이 안됩니다 장점인지 단점인진 개인마다 달라요전 가족 공용 컴퓨터를 쓰다가 맥북 쓰고 거의 이걸 주로 쓰는데 게임을 못하니까 학업에 집중이 잘됩니다 롤 가능은 한데 윈도우와 굉장히 느낌이 달라요 노트북으로 게임할까봐 고민하시는 부모님들 맥북 괜찮을지도 몰라요 다들 알아서 되는 게임 찾아서 할거에요 추천 대상 중고등학생이 맥북 구입을 고려한다면 어떤분이 쓰기에 수월하시냐 1 윈도우를 사용할수 있는 기기 보유2 게임 하지 않고 인강 듣고 완전 공부에 사용하겠다 3 완전 나만의 컴퓨터로 만들겠다 윈도우 기기가 없으신 분은 완전 비추드립니다 간혹 인터넷 보면 학생은 맥북보단 다른 윈도우 노트북이 좋을것이다 하는데 틀린 말은 아니에요 아직 맥북은 한국에서 쓰기엔 완벽하지 않지만 잘 보완해서 쓰다보면 메리트 있는 제품이에요 장기적으로 보고 산다면 가격적으로도 나쁘지 않다고 생각합니다 D매우 허접하고 긴 글이지만 도움이 되셨으면 합니다 구입하려고 여러 글 봤을때 학생 시점의 글이 많이 없더라고요 새벽이라 그런지 글이 쓰고 싶었네요 댓글에 질문 달아주시면 다 달아드리겠습니다
keyword_reviews00.xlsx,https cafe naver com appleiphone 6416047전에 쓴 글 입니다 요즘 맥북 아이패드 관련 고민이 많으신 것 같아서 딱 알려드려요 갖고 싶어서 여유가 있어서 이런 분들은 알아서 구매하시면 됩니다 딱 용도에 맞춰서 구매하실 분들만 참고해 주세요 아이패드 맥북 추천 요약아이패드 1 에어는 가성비로 쓰는거라 와파 깡통 추천2 12 9면 5세대 존버 나쁘지 않음 3월 출시란 말이 있음 4세대도 3월 출시 11인치는 단종 썰 있어서 애매하게 기다릴 바엔 그냥 4세대 구매하는게 좋음 3 용량 굳이 올릴 필요 없음 클라우드 잘 되어 있고 usbC타입 저장장치로 컴퓨터 왔다갔다 가능 4 에어랑 프로 고민하면 그냥 닥프로 물리적 면적이 넓어서 주사율 체감 됨맥북 1 집에 놋북 데스크탑 중 윈도가 없다 윈도 노트북 구매 윈도 os 기기가 하나라도 있다 맥북 괜찮 이유 공인인증서 불가 한글 깨짐 기타 호환성 문제로 한국은 윈도가 기본 베이스가 되야하는게 편리함 2 맥북은 에어깡통 아니면 프로램업 이 두 가지만 추천 컴퓨터 활용하는 과면 프로 걍 노멀이면 에어 에어가 메리트가 없다는 분들도 계시는데 프로랑 팬 터치바 말고 성능이 똑같이 올라왔는데 이점이 없을 수가 없지 심지어 유튜버들 편집도 에어깡통으로 충분 3 16인치 필요한 분들은 존버 가능하면 존버는 비추인데 이미 실리콘맥이 인텔맥 에어 프로16 이긴 시점에서 존버가 이해타산이 맞음4 맥북이 가성비가 아니다 그램 이온 가격하고 벤치 비교하면 이제 또잇함 맥북이 비싸다도 옛말 엘쥐 삼성도 오지게 비쌈 수리비는 애플이 사과해야지 말이 안 됨
keyword_reviews00.xlsx,"Dell 제품 품질은 수년에 걸쳐 감소한 것으로 보이며 저렴한 모델에서 멀리 떨어져있는 것이 좋습니다. 고려해야 할 16 인치 모델은 Pro 16 Plus, Precision 7680, Inspiron 16 Plus (명백히 핫하고 저렴한 모델입니다), 위도 7650입니다. 화면 사양은 약간 약해 보이고 나머드가 없습니다. XPS는 멋진 컴퓨터이지만 매우 신뢰할 수없고 뜨겁지 않은 것 같습니다."
keyword_reviews00.xlsx,"안녕하세요 여러분, 저는 1.7lakhs에서 게임 노트북을 사고 싶습니다. 우선 순위는 주로 게임이며 일부 노트북에 대해 약간 혼란스러워합니다. 첫 번째는 Ryzne 9 8940HX 및 RTX 5060을 사용한 ASUS ROG Strix G16 2025 모델입니다. 두 번째는 I9 14900HX 및 RTX 4070을 갖춘 Acer Predetor Helios 16 2024이고 세 번째는 Lenovo Legion 5 Pro이며 지금까지 출시되지 않았습니다. 이제 ASUS에 대한 온라인 리뷰 비디오가 없으므로 더 혼란스럽게 만듭니다. Acer Helios의 주요 문제는 브랜드를 그렇게 많이 믿지 않기 때문에 그것이 좋은 선택인지 모르겠습니다. Lenovo Legion 5 Pro를 OLED 디스플레이와 함께 기다리거나 지금 다른 하나를 구입해야한다면 혼란 스러웠습니다. 5060을 구매하는 것이 4070보다 낫지 않은지 말해 줄 수 있습니까? 그리고 Acer는 신뢰할 수있는 브랜드입니까? 제품을 처음 구입할 때가되었습니다. 누군가이 질문에 도움을 줄 수 있다면 많은 도움이 될 것입니다 🫶🏻"
keyword_reviews00.xlsx,"- 블렌더, Photoshop 및 Adobe Premiere Pro를 시도하는 데 관심이 있었지만 현재 노트북은 거대한 지연 스파이크없이 제대로 실행할 수 없습니다. 우리 학교는 Adobe 제품에 액세스 할 수 있으므로 Id도 실험하고 싶습니다."
keyword_reviews00.xlsx,*이 전에는 Lenovo Yoga 9i 2-in-1 (Aura Edition 아마도)을 얻을 계획 이었지만 (배터리 수명 외에) (배터리 수명 외에)에 맞았 기 때문에이 랩톱이 저를 지속시키기 위해이 노트북 (5-7 년을 시도하기를 원할 것입니까?)을 원했지만 Windows를 기꺼이하고 싶지는 않지만 실제로는 큰 제품이 아니기 때문에이 노트북이 내 필요에 맞는 더 나은 노트북이 있는지 확인하고 싶었습니다. 한 번. 나는 또한 Microsoft Surface Pro를 추천으로보고 있었지만 확실하지 않습니다!
keyword_reviews00.xlsx,"아니요, 새로운 제품에 대한 장점을 제공하지 않는 한 (즉, 새로운 모델보다 더 나은 모델보다 더 나은 모델)."
keyword_reviews00.xlsx,"모든 큰 디스플레이 제조업체 (Samsung, LG, Boe)는 탠덤 OLED에서 작업하고 있습니다. ThinkPad Z 폴드와 같은 일부 틈새 제품은 이미 사용하고 있습니다. Apple의 2024 OLED iPad Pro가 2 스택 탠덤 OLED를 사용할 것임으로 널리 알려져 있습니다."
keyword_reviews00.xlsx,"> 많은 신생 기업과 마찬가지로 Nvidia는 초기에 거의 치명적인 위기 사이에서 튀는 데 보냈습니다. 이 회사는 개발자가 고유 한 기능을 활용하기 위해 소프트웨어를 기꺼이 다시 작성할 것이라고 가정하여 첫 번째 칩을 설계했습니다. 개발자는 거의 없었으며, 이는 많은 게임이 Nvidia 칩에서 Megahit 1 인칭 슈터*Doom*을 포함하여 잘 수행되지 않았다는 것을 의미했습니다. Nvidia의 두 번째 칩은 그다지 좋지 않았으며, 붕괴가 임박한 것처럼 보이는 몇 순간이있었습니다. 그들은 이제 회사가 신제품 개발주기를 촉진했으며 오늘날까지 존재하는 효율적이고 단단한 문화를 뿌리었다."
keyword_reviews00.xlsx,"[** 제품 라인업 : ** 새로운 마스터 시리즈 (케이스, PSU, CPU 쿨러, Thermalpaste, 팬, 주변 장치)] ("
keyword_reviews00.xlsx,[** CPU : ** Xeon E3-1500 V5 제품군 w/통합 그래픽 출시] (
keyword_reviews00.xlsx,"또 다른 N5 클래스 제품은 CPU, 60CU GPU 및 기타 IP를 포함하는 PS5 Pro의 SOC입니다. NAVI 32에서 무한 캐시를 제외하면 PS5 Pro의 Viola Die에서 GPU 다이 크기에 대한 합리적인 추정치에 가깝습니다. 그들이 사과에 전혀 사과라고 말하는 것은 아닙니다. 그러나 PS5 Pro의 RT 및 AI vs PS5의 RDNA 2 및 RDNA 3에 대한 대규모 투자는 RDNA 3 ISA 및 기타 건축 변경을 채택하지 않아야 DIE 저축을 상쇄해야합니다. 다음 장에서 알 수 있듯이 RDNA 4는 진정으로 대규모 실리콘 투자로 표시된 PS5 Pro를 포함한 이전 아키텍처보다 훨씬 더 나아갑니다."
keyword_reviews00.xlsx,해당 키워드가 포함된 리뷰가 없습니다.
keyword_reviews00.xlsx,"*** 프로 : ** 화면, 성능, 배터리 수명, 키보드"
keyword_reviews00.xlsx,이것은 전문가가 단점을 넘어서는 잘 지어진 노트북입니다. OLED 화면은 환상적이며 어두운 방에서 콘텐츠를 보는 것은 즐거웠습니다. 하루 종일 배터리 수명과 얇고 가벼운 형태의 요인으로 여행하기가 매우 쉽습니다.
keyword_reviews00.xlsx,"Dell 제품 품질은 수년에 걸쳐 감소한 것으로 보이며 저렴한 모델에서 멀리 떨어져있는 것이 좋습니다. 고려해야 할 16 인치 모델은 Pro 16 Plus, Precision 7680, Inspiron 16 Plus (명백히 핫하고 저렴한 모델입니다), 위도 7650입니다. 화면 사양은 약간 약해 보이고 나머드가 없습니다. XPS는 멋진 컴퓨터이지만 매우 신뢰할 수없고 뜨겁지 않은 것 같습니다."
keyword_reviews00.xlsx,학교를위한 노트북이므로 7 시간 이상 지속될 수있는 배터리가 필요합니다. AMD 프로세서가 그 범주에서 좋다고 들었습니다. 나는 특정 소프트웨어를 사용하지 않고 수업에 내 노트와 다른 가벼운 활동을 기록하기 위해 개념 만 사용합니다. 나는 사용할 수 없기 전에 1 년 이상 사용할 수있는 합리적인 프로세서를 원합니다. 내 예산은 최대 800 유로입니다. 좋은 노트북의 합리적인 가격처럼 보입니다. RAM과 SSD 슬롯을 변경하여 향후 더 쉽게 업그레이드하거나 수리 할 수있게되면 감사하겠습니다. 고품질 스크린이 예산에 적합하다고 생각하지 않으므로 기본 화면은 괜찮습니다. 튼튼한 노트북은 어떤 일이 일어날 지 알지 못하기 때문에 감사 할 것입니다. 크기는 실제로 중요하지 않지만 16 인치 화면이 너무 크지는 확실하지 않습니다. Lenovo ThinkPad E16/14 G2/G6 AMD와 같은 일부 모델을 보았습니다. 왜냐하면 견고하고 많은 포트와 좋은 배터리가 있기 때문입니다. 또한 Dell Pro 14 PC14255와 Lenovo IdeaPad Slim 5 16akp10을 살펴 보았습니다. 전자는 더 나은 CPU를 가지고 있지만 후자는 쉽게 손상 될 수있는 것처럼 보입니다. 나는 결정할 수 없어서 여러분들에게 도움을 요청하고 싶었습니다.
keyword_reviews00.xlsx,"나는 주로 Vivobook Pro 15 OLED가 모든 citerias와 Zephyrus 2023에 적합하기 때문에 주로 바라본다. Zephyrus는 나쁜 화면을 가지고 있으며, 이는 유일한 끄기입니다. 기가 바이트는 아마존에 있지 않지만 내 최고의 사진 중 하나이기도합니다. 시간 내 주셔서 감사합니다."
keyword_reviews00.xlsx,"안녕! 내가 처음 게시하는 것은 내가 옳은 일을하지 않으면 사과합니다. 나는 Sims 4에서 그 일을한다면 게임용 노트북을 구입하려고합니다. 저는 큰 게이머가 아닙니다. Sims 4 만 플레이하지만 모든 확장을 가지고 있으며 현재 연주하는 태블릿은 저장 부족입니다. 현재 Surface Pro 7+를 사용하고 있습니다. 8GB RAM과 128GB 스토리지가 있습니다. 앞으로 몇 년 동안 게임을 성장시킬 수있는 충분한 공간을 제공하고 CC를위한 공간이있는 노트북이 필요합니다. 나는 13-16 ""화면이있는 숫자 패드를 원합니다. 예산은 총 $ 900입니다. 나는 2가 좋아 보인다는 것을 알았습니다. 1은 옵션 Best Buy Advice가 나에게 준 옵션이라는 것을 알았습니다. 제 요구에 대해 내 예산을 쓸 수 있는지 모르겠습니다. 방금 찾은 두 번째로, 조언, 2 사이의 장면을보아야합니다. 감사합니다 !!"
keyword_reviews00.xlsx,나는이 두 사람 사이를 선택하려고 노력하고 있으며 그들은 확실히 나에게 그들의 장단점을 가지고 있습니다. 나는 14 인치의 화면을 좋아하지만 내부는 16에서 더 좋습니다. 누군가 나를 선택하는 데 도움이 될 수 있습니까? 아니면 더 나은 대안을 도울 수 있습니까?
keyword_reviews00.xlsx,"1) Samsung Book5 Pro- 저는 Galaxy Phones를 영원히 가지고 있었기 때문에 같은 생태계 아이디어가 흥미 롭고 펜을 가지고 있다고 생각했습니다. 그러나 5 Ultra는 존재하지 않을 수도 있고 사양으로 기대했던 것이 었으며, 7 월에는 제 시간이되지 않을 것입니다. 또한 화면 크래킹 문제는 일관되고 끔찍한 문제처럼 들립니다."
keyword_reviews00.xlsx,소유자를위한 질문 : ProART P16의 배터리 수명은 어떻습니까? 아니면 요가 프로 9I? 성능과 열은 어떻습니까? 화면?
keyword_reviews00.xlsx,"이것은 아마도 우리 가족의 존재의 전체 역사상 최악의 구매 중 하나 일 것입니다. 이것은 아버지의 손을 내밀어 약 350 $ -ish를 얻는 것이 좋습니다. 절대 쓰레기 조각, 빌드 품질은 끔찍하고 키보드는 미친 듯이 가라 앉습니다. 한쪽에서 뚜껑을 닫으면 전체 화면이 굽히고 (화면을 교체 한 한 가지 화면이 있었음) 배터리가 끔찍합니다. 나는 3 년 동안이 노트북에 어떤 일이 일어 났는지 전혀 모른다. 그러나 지금 배터리는 배터리만으로 YouTube보다 무거운 것을 실행할 수 없어서 항상 죽지 않기 위해서는 항상 꽂아야한다는 것을 의미한다. 가벼운 하중조차도 빠르게 배출되어 전체 충전으로 약 1 시간 동안 지속됩니다. 내 OS를 Linux (Zorinos, Ubuntu를 원했지만 부팅을 거부하기를 거부했습니다)로 변경하면 배터리 수명이 약간 향상되었지만 여전히 지금은 데스크탑 머신 일뿐입니다. 내가 불만이없는 유일한 것은 256GB SSD입니다. 물론, 그것은 가장 큰 슬픈 일이 아닐 수도 있지만, 그것은 꽤 빨리 망할 것이며 전혀 문제 없이이 노트북의 프로. 그것은 거의 엉덩이에 고통을 겪기 때문에 이것을 고치지 않을 것입니다."
keyword_reviews00.xlsx,"*** 프로 : ** 화면, 성능, 배터리 수명, 키보드"
keyword_reviews00.xlsx,"2025 Ninkear A15 Pro에는 TDP가 15W 인 AMD Ryzen 5 7430U가 있습니다. 이 CPU는 균형 잡힌 성능과 에너지 효율을 제공합니다. 16GB DDR4 3200MHz (하나의 모듈) 및 PCIE 3.0을 통해 연결된 1TB NVME SSD와 함께. 일상적인 작업, 멀티 태스킹, 까다로운 사무실 응용 프로그램 및 기본 이미지 또는 비디오 편집을 원활하게 수행 할 수 있습니다. 통합 AMD Radeon을 사용하면 적당한 설정에서 덜 까다로운 게임을 할 수 있습니다. Fortnite는 가장 낮은 설정에서 약 60fps로 전체 HD로 실행됩니다."
keyword_reviews00.xlsx,"Ninkear A15 Pro (2025 버전)는 가격과 성능 사이의 균형을 잘 제공하며 생산성, 멀티미디어 및 가끔 게임을위한 노트북을 찾고있는 사람들을 대상으로합니다. 학생, 홈 오피스 사용자 및 신뢰할 수있는 만능인이 필요한 사람에게는 Ninkear A15 Pro (2025)가 좋은 선택입니다. 회사 자체 온라인 상점의 가격은 현재 약 570 유로입니다. 이 장치는 독일에서 배송됩니다. 불행히도, 나는 지원 및/또는 보증 문제에 대해 아무 말도 할 수 없습니다."
keyword_reviews00.xlsx,2023 년 12 월부터 4070 GTX와 32GB RAM이있는 Lenovo Legion Pro 7이 있습니다. 몇 달 전에 일부 액체가 노트북에 쏟아졌습니다. 또한 팬들 근처의 주택을 깨뜨리는 낙상을 유지했습니다. 결과는 키보드가 작동하지 않으며 (창이 끝없이 팝업되게 함) 충전기를 올바르게 연결하기 위해 케이싱을 엉망으로 만들어야합니다. 그래서 나는 Bluetooth 키보드를 사용하고 그것을 연결하는 문제를 수용하는 데 몇 초만에 주택을 고정하는 데 몇 초가 걸립니다. 그래픽 카드 나 프로세서가 성능이 떨어 졌는지 알 수 없습니다. 나는 최근 BB에서 5080 Acer Helios Neo 16을 $ 1900에 집어 들었다. 내가 보관하거나 반환 해야하는지 확인할 때까지 상자에 앉아 있지 않았습니다. 나는 또한 LG Ultrawide 45GX950A를 얻었습니다. Helios의 성능과 능력이 증가한 것은 $ 1900의 가치가 있습니까? 나는 현재 내 와이드 스크린에 군단 USB-C를 가지고 있으며 다중 작업을 제외하고는 약간 느린 것처럼 보입니다. Raid Shadow Legends와 몇 가지 탐색 창이 위로 올라가면 Windows가 전환됩니다. Acer의 귀환에 대한 생각 또는 유지?
keyword_reviews00.xlsx,"지난 5 년 동안 저는 독점적으로 Apple 노트북을 사용해 왔습니다. 팔 라인업이 나왔을 때, 그것은 놀라운 배터리 수명과 견고한 성능 인 나에게 완벽한 솔루션처럼 느껴졌습니다. 지난 1 년 반 동안, 나는 ** MacBook Pro 14 ""M3 Pro (18GB RAM / 512GB SSD) **를 사용하여 주로 녹, 파이썬 및 타입 스크립트를 프로그래밍하는 데 사용했습니다."
keyword_reviews00.xlsx,"Lenovo ThinkPad T14S Gen 4 21F8-180도 힌지 디자인 -Md Ryzen 7 Pro -7840U 최대 5.1GHz -Windows 11 Pro -Radeon 780m-16 GB RAM -512 GB SSD TCG Opal 암호화 2, NVME, 성능 -14 ""IPS 터치 스크린 1920 x 12002020202.11A/B/aC/ (Wi -Fi 6e) - Deep Black -KBD : 영어"
keyword_reviews00.xlsx,"많은 글쓰기를 해야하는 사람으로서 나는 키보드와 트랙 패드를 많이 좋아합니다. 아주 좋은 촉각 느낌. 내가 직장에서 사용했거나 더 나은 MacBook Pro M1과 확실히 동등합니다. 조석 청록색은 화려하고, 빌드 품질은 좋고, 음질도 놀랍게도 좋으며, 경첩은 안정적으로 보이고, 성능이 칙칙해지며, FHD OLED 터치 디스플레이는 나에게 충분합니다. 팬은 무거운 하중으로들을 수 없지만 전반적으로 시끄러운 기계는 아니며 팬은 대부분 조용히 유지되었습니다."
keyword_reviews00.xlsx,"나는 약 7 년 동안 같은 MacBook Pro (2017)를 가졌습니다. 그것은 나에게 잘 봉사했지만 배터리가 마침내 포기하고 새로운 노트북을위한 시간입니다. 나는 현재의 벽돌이 많은 MacBook Pro보다 가볍고 약간 작은 것을 찾고 있기 때문에 새로운 2025 MacBook Air를 정말로 원했습니다. 다른 모든 장치는 Apple이기 때문에 랩톱에서 문자를 보내고 모든 장치를 매끄럽게 유지할 수 있습니다. 그러나 저는 대학원에 있기 때문에 Google Docs, Sheets, Drive 등에 Google Chrome을 지속적으로 사용합니다. 이것이 Mac의 배터리 수명이 크게 줄어든다고 생각합니다. 그래픽 디자인이나 게임에 노트북을 사용하지는 않지만, 여러 문서, 슬라이드 쇼 및 여러 탭/창이 주어진 시간에 열린 기사 사이에 멀티 태스킹을 자주합니다. 나는 Windows 노트북이 이와 같은 작업에 훨씬 더 나은 것이라고 말하는 것을 들었습니다. 그래서 어떻게해야합니까? 내가 알고 사랑하는 Mac OS를 유지하거나 잠재적으로 더 나은 성능을 위해 Windows로 전환해야합니까?"
keyword_reviews00.xlsx,"그래서 나는 Samsung Book5 Pro 360 (Intel Core 7 Ultra) ( 구입했습니다. 나는 PS5와 NS2를 가지고 있지만 God of War, Elden Ring 또는 Cyberpunk와 같은 까다로운 게임을 PC의 Cyberpunk와 같은 3 자 컨트롤러를 사용하는 것이 가치가 있는지 알고 싶습니다. 나는 증기 라이브러리를 확장하고 싶지만 콘솔이 있기 때문에 더 나은 하드웨어가 있다면 더 나쁜 그래픽과 성능으로 돈을 낭비하고 싶지 않습니다."
keyword_reviews00.xlsx,"5. 장기적으로 사용되는 측면에서, 흉터 17 SE의 모든 장점과 더 나은 성능에 대해 Legion 7의 더 나은 빌드와 냉각을 취하는 것이 낫습니까?"
keyword_reviews00.xlsx,그리고 Lenovo Yoga Pro 7i Aura Edition (그 이름이라고 생각합니까?)
keyword_reviews00.xlsx,2023 년 12 월부터 4070 GTX와 32GB RAM이있는 Lenovo Legion Pro 7이 있습니다. 몇 달 전에 일부 액체가 노트북에 쏟아졌습니다. 또한 팬들 근처의 주택을 깨뜨리는 낙상을 유지했습니다. 결과는 키보드가 작동하지 않으며 (창이 끝없이 팝업되게 함) 충전기를 올바르게 연결하기 위해 케이싱을 엉망으로 만들어야합니다. 그래서 나는 Bluetooth 키보드를 사용하고 그것을 연결하는 문제를 수용하는 데 몇 초만에 주택을 고정하는 데 몇 초가 걸립니다. 그래픽 카드 나 프로세서가 성능이 떨어 졌는지 알 수 없습니다. 나는 최근 BB에서 5080 Acer Helios Neo 16을 $ 1900에 집어 들었다. 내가 보관하거나 반환 해야하는지 확인할 때까지 상자에 앉아 있지 않았습니다. 나는 또한 LG Ultrawide 45GX950A를 얻었습니다. Helios의 성능과 능력이 증가한 것은 $ 1900의 가치가 있습니까? 나는 현재 내 와이드 스크린에 군단 USB-C를 가지고 있으며 다중 작업을 제외하고는 약간 느린 것처럼 보입니다. Raid Shadow Legends와 몇 가지 탐색 창이 위로 올라가면 Windows가 전환됩니다. Acer의 귀환에 대한 생각 또는 유지?
keyword_reviews00.xlsx,"나는 2021 년의 ASUS Scar 15로 RTX 3070을 대체하기위한 게임 노트북을 찾고 있었고, 원래 RTX 5070TI를 가진 ASUS Zephyrus G16을 가볍고 휴대하기 쉬운 랩탑을위한 최고의 달콤한 스팟 RN이기 때문에 원래 결정했지만, 내가 갇힌 문제는 내 나라에서 Zephyrus G16 2025를 시작했습니다. 또한 5080의 120W가 낮기 때문에 가치가 없으며, RTX 5070TI & RTX 5080에서 사용할 수있는 Lenovo Legion Pro 7I에주의를 기울였으며 ASUS에서 RTX 5080을 얻을 수 있다고 생각합니다. 어쨌든 Asus보다 더 저렴하고 전파선을 구입하기위한 주요 문제가 아니기 때문에 새로운 랩탑을 구매하는 것이 아니기 때문입니다. 학생과 나는 그 똥을 가지고 다녀야합니다. 비록 나는 체중 문제를 해결하기 위해 C 형 140W 충전기와 연결될 수 있지만 충전기 플러스 레지온은 확실히 4kg+이고 충전기가있는 Zephyrus는 약 2.8kg이므로 어떻게 생각하는지, 어떻게해야합니까? Zephyrus G16이 출시 될 때까지 RTX 5070TI와 함께 구매하거나 단순히 Legion을 얻으십시오. 일반 노트북을 운반하는 학생들을 도와주세요."
keyword_reviews00.xlsx,"PRO 모델이 아닌 ** MacBook Air 13 ""(16GB/512GB) **와 ThinkBook을 비교하는 것이 더 합리적이라고 생각합니다. 몇 주 안에이 비교를 수행 할 계획이며 차이가 더 작을 것으로 예상합니다. 그러나 공기가 여전히 배터리 수명에서 ThinkBook을 철거 할 것이라고 생각합니다."
keyword_reviews00.xlsx,"비디오 편집 (4K가 아니라 1080p), 3D 렌더링 및 사진 편집에 적합하거나 처리 할 수있는 노트북을 찾고 있습니다. 예산은 $ 850입니다. 나는 eBay에서 837 달러에 (1 년 보증과 30 일 반품이 있음) 리퍼브 M1 Pro 16-Core GPU, 32GB RAM, 512GB SSD (내 데이터를 외부로 저장할 수 있지만 걱정하지는 않는다)를받을 생각입니다. 그러나 나는 Windows 노트북에 대해 생각하고있었습니다. 저는 현재 끔찍한 배터리 수명이있는 끔찍한 2019 MacBook Pro 16 인치 32GB 1TB SSD를 가지고 있습니다 (1200 달러의 충전주기가 필요합니다. 140 달러로 교체해야합니다)와 과열 문제 (팬들은 크롬과 용감한 것을로드하여 크게 시끄럽습니다."
keyword_reviews00.xlsx,나는 새로운 Legion 5 Pro (아마도 새로운 [gen 10] ( 업그레이드 할 생각을 해왔다. [g16] ( 또는 [G14] ( 이젠-아이 -9-HX-32GB-RAM-NVIDIA-RTX-5070-TI-1TB-PLATINUMUMINUM/6613954.P? SKUID = 6613954 & SB_SHARE_SOURCE = PDP). 다른 아이디어에 열려! 그러나 히치는 현재 2 년 만에 2 년 만에 2-3K의 가치가 있는지 여부입니다.
keyword_reviews00.xlsx,"나는 연구에 시간을 보냈지 만 약간 압도당했습니다. 이것들은 내가 지금까지 충분히 좋다고 생각한 것들입니다. 아이디어 패드 프로 5i Gen 10 (16 ""Intel)을 제외하고는 모두 개조됩니다. 어느 쪽을 찾을 수 있습니까?"
keyword_reviews00.xlsx,학교를위한 노트북이므로 7 시간 이상 지속될 수있는 배터리가 필요합니다. AMD 프로세서가 그 범주에서 좋다고 들었습니다. 나는 특정 소프트웨어를 사용하지 않고 수업에 내 노트와 다른 가벼운 활동을 기록하기 위해 개념 만 사용합니다. 나는 사용할 수 없기 전에 1 년 이상 사용할 수있는 합리적인 프로세서를 원합니다. 내 예산은 최대 800 유로입니다. 좋은 노트북의 합리적인 가격처럼 보입니다. RAM과 SSD 슬롯을 변경하여 향후 더 쉽게 업그레이드하거나 수리 할 수있게되면 감사하겠습니다. 고품질 스크린이 예산에 적합하다고 생각하지 않으므로 기본 화면은 괜찮습니다. 튼튼한 노트북은 어떤 일이 일어날 지 알지 못하기 때문에 감사 할 것입니다. 크기는 실제로 중요하지 않지만 16 인치 화면이 너무 크지는 확실하지 않습니다. Lenovo ThinkPad E16/14 G2/G6 AMD와 같은 일부 모델을 보았습니다. 왜냐하면 견고하고 많은 포트와 좋은 배터리가 있기 때문입니다. 또한 Dell Pro 14 PC14255와 Lenovo IdeaPad Slim 5 16akp10을 살펴 보았습니다. 전자는 더 나은 CPU를 가지고 있지만 후자는 쉽게 손상 될 수있는 것처럼 보입니다. 나는 결정할 수 없어서 여러분들에게 도움을 요청하고 싶었습니다.
keyword_reviews00.xlsx,"나는 약 7 년 동안 같은 MacBook Pro (2017)를 가졌습니다. 그것은 나에게 잘 봉사했지만 배터리가 마침내 포기하고 새로운 노트북을위한 시간입니다. 나는 현재의 벽돌이 많은 MacBook Pro보다 가볍고 약간 작은 것을 찾고 있기 때문에 새로운 2025 MacBook Air를 정말로 원했습니다. 다른 모든 장치는 Apple이기 때문에 랩톱에서 문자를 보내고 모든 장치를 매끄럽게 유지할 수 있습니다. 그러나 저는 대학원에 있기 때문에 Google Docs, Sheets, Drive 등에 Google Chrome을 지속적으로 사용합니다. 이것이 Mac의 배터리 수명이 크게 줄어든다고 생각합니다. 그래픽 디자인이나 게임에 노트북을 사용하지는 않지만, 여러 문서, 슬라이드 쇼 및 여러 탭/창이 주어진 시간에 열린 기사 사이에 멀티 태스킹을 자주합니다. 나는 Windows 노트북이 이와 같은 작업에 훨씬 더 나은 것이라고 말하는 것을 들었습니다. 그래서 어떻게해야합니까? 내가 알고 사랑하는 Mac OS를 유지하거나 잠재적으로 더 나은 성능을 위해 Windows로 전환해야합니까?"
keyword_reviews00.xlsx,"그래서 나는 Acer Aspire 7 RTX 3050 및 i5 12 세대를 구매하려고 생각하고 있습니다 (구체적으로는 이것 -https : // Home-4-Graphics-Gegeforce-3050-144-hz -A715-76G-548J-GAMING-LAPTOP/P/ITM20708CE5793F7? %2fb5g & srno = s \ _1 \ _5 & otracker = as \ _querystore \ _organicautosuggest \ _1 \ _7 \ _n a \ _na \ _na & otracker1 = as \ _querystore \ _organicautosuggest \ _1 \ _7 \ _na \ _na \ _na & FM = 유기농 및 IID = 5AA371DD-CDC8-497D-A243-25C2CDAB2BC7.comgp8qvtk3eqdxe.sea RCH & PPT = PP & PPN = PP & SSID = OOK0VHQUEO000000175147873309 & QH = 8B5D26A924EE876E) 그리고 나는 약간의 리뷰를 보았지만 그들은이 랩톱에 대해 많은 것을 말하지 않고, 그들은 리뷰와 게임 벤치 마크를 말하고 다른 비디오에서 랩톱이 다르게 수행되므로, 누군가가 Pro와 Cons에게 자세히 설명 할 수 있다면, 나의 주요 작업은 게임+3D 애니메이션 (매우 무겁지 않음) 및 연구 목적입니다."
keyword_reviews00.xlsx,공장에서 열 페이스트가 부적절하게 적용되는 것에 대한 이러한 모든 논의 후 RTX3050이 열적으로 스로틀링 된 2023 LG Gram Pro 16in에 대해서는 열 페이스트를 다시 적용하기 위해 기술자에게 가져 오기로 결정했습니다. 원래의 페이스트는 매우 잘 적용되었지만 매일 거의 10 시간 동안 2 년 동안 2 년 동안 건조되었습니다. 이제 프로세서 온도가 다시 정상으로 돌아와서 더 이상 열적지가 없습니다. 그램의 열 파이프는 매우 얇고 가볍습니다.이 경로를 따르고 그람 과열이 새로운시기에 비해 과열을 느끼면 열 페이스트를 다시 적용하는 것이 좋습니다. 나는 기술자에게 새로운 PTM7950 패드를 제공했으며 그램에서 잘 작동합니다.
keyword_reviews00.xlsx,그런 다음 Windows 11 Pro의 부팅 가능한 버전이있는 USB 스틱에서 부팅하려고 시도했지만 USB 스틱을 강조하는 것은 작동하지 않았습니다 ... 다시 솔루션을 찾으려고 노력했고 부팅시 F10을 사용할 곳을 읽었습니다. F10 키를 유지하면서 USB 스틱에 일시적으로 부팅 할 수 있었고 Windows 11 Pro를 성공적으로로드하여 설치할 수있었습니다.
keyword_reviews00.xlsx,Idea Pad 5가 있습니다. 모델은 IdeaPad5 Pro 16ihu6입니다. 8GB RAM이 있습니다. 2025 8GB는 더 이상 많지 않지만 1 야기 전 랩톱을 사용하기 시작했을 때 부드럽게 실행되었으므로 이제 YouTube 비디오를 재생하기 시작합니다. 이것은 내가 그것을 다시 시작하고 유일한 탭이 열린 경우에도 발생합니다. 나는 McAfee 또는 적어도 공연을 탱킹하는 다른 프로그램이 없습니다. 이것이 너무 실망 스럽도록 도와주세요.
keyword_reviews00.xlsx,"이 검토 전에 2019 년 LG의 Gram 14 인치에 대한 이전의 경험은 장치의 성능, 하위 배터리, 열 관리, 소음 및 섀시의 Flex에 실망했습니다. LG의 Gram Pro 16과 함께 시간을 보낸 후에는 이러한 모든 문제가 해결 된 것은 아니라고보고하게되어 기쁩니다. 기본 그램은 UltraPortable 클래스의 랩탑의 리더로 남아 있으며 New Gram Pro는 프리미엄 초 UltraPortable 시장 부문의 왕으로서 왕위를 다시 한 번 회수합니다. 당신이 16 살짜리 나에게 언젠가 16 인치 노트북이 2.7 파운드이고 두께가 반 인치 미만인이 많은 배터리로 16 인치 노트북이있을 것이라고 말하면, 나는 웃고 내 눈을 굴린 다음 내 8 파운드 델 XPS와 함께 돌아갔다."
keyword_reviews00.xlsx,"*** 마무리 생각. ** 내 현재 ASUS 노트북은 나를 10y로 데려 갔으며 테이프로 함께 고정됩니다. 2015 년 750 유로의 가격으로, 나는 문제없이 게임을 할 수 있었고, Lightroom에서 Photoshop, 후 효과, 전성기에 프리미어 프로까지 몇 시간의 비디오 장면을 렌더링 할 수있었습니다. 나는 M-Chip MacBook을 고려하고 있지만 꽤 비쌉니다. Windows로 끝났다고 생각하지만 Linux Mint를 정말로 즐기고 있습니다. 나는 나의 사랑하는 사람이 지금까지 한 행한 한 나를 데려 갈 수있는 무언가를 원합니다. 이상적으로는 10y 마크 전에 다시 전환 할 수는 있지만 결코 알지 못합니다."
keyword_reviews00.xlsx,"도와 주셔서 미리 감사드립니다. 나는 기술을 처음 사용하고 완전히 길을 잃지 않았지만 도움이 필요하다는 것을 알고 있습니다. 나는 이미 직장으로 인해 불리한 점을 시작했으며, 연습 할 부적절한 기계, 특히 반 친구들보다 5 배 더 많은 비용이 들었던 기계를 선택했기 때문에 훨씬 더 소름 끼치기를 원하지 않습니다. 다시 한 번 감사드립니다!"
keyword_reviews00.xlsx,"컨텍스트의 경우 현재 노트북에는 키보드가 실패합니다. 기본적으로 Tongfang 모델의 스페인 브랜드 인 Slimbook Pro X 15입니다. 2021 년에 구매 한 키보드는 2023 년에 문제가 발생하여 교체되었습니다. 2 년 후, 같은 문제가 다시 다시 발생하므로 더 이상 그 브랜드를 위험에 빠뜨리고 싶지 않습니다."
keyword_reviews00.xlsx,"> 많은 신생 기업과 마찬가지로 Nvidia는 초기에 거의 치명적인 위기 사이에서 튀는 데 보냈습니다. 이 회사는 개발자가 고유 한 기능을 활용하기 위해 소프트웨어를 기꺼이 다시 작성할 것이라고 가정하여 첫 번째 칩을 설계했습니다. 개발자는 거의 없었으며, 이는 많은 게임이 Nvidia 칩에서 Megahit 1 인칭 슈터*Doom*을 포함하여 잘 수행되지 않았다는 것을 의미했습니다. Nvidia의 두 번째 칩은 그다지 좋지 않았으며, 붕괴가 임박한 것처럼 보이는 몇 순간이있었습니다. 그들은 이제 회사가 신제품 개발주기를 촉진했으며 오늘날까지 존재하는 효율적이고 단단한 문화를 뿌리었다."
keyword_reviews00.xlsx,RTX 30 시리즈 대 40 시리즈 게시물 (사용자 페이지에 고정 된)에 대한 긍정적 인 피드백은 스프레드 시트로 구성된 수학을 다시 만들도록 권장했습니다. AMD의 RDNA 2 및 3 GPU도 추가되었습니다. 스케일링 효율과 FPS/TFLOP은 다른 계층과 전체 스택에서 비교됩니다.
keyword_reviews00.xlsx,~~ B580은 4060과 상당한 전력 효율성 이점을 가지고 있습니다. ~~ *4060은 다시 한 번 명확한 전력 효율 이점을 가지고 있습니다. *.
keyword_reviews00.xlsx,LG gram 노트북14인치 내돈내산 후기평소에 전자 기기에 욕심이 없고 왠만하건 핸드폰으로 해서 불편함을 잘 모르는 나 얼마 전 블로거를 시작하면서 주위에서 응원을 받으며생일 선물로 노트북을 선물 받았다 사실 나는 사진 보정도 안하고 핸드폰으로 쓰는게 편해서 필요 없다고 생각했는데 일주일 정도 사용한 결과 나의 분신처럼 어디든 들고다녀 사길 잘 했다는 생각이 든다 노트북을 구매하기 전 LG전자 베스트샵 강남본점과 삼성스토어 청담에 가서 비교를 해보고인터넷으로 구매했다내가 LG gram 노트북을 구매한 이유1 초경량 노트북노트북을 들고 다닐 때 중요한게 무게라고 생각한다 나는 노트북 들고 카페도 가고싶고 이동할 때 가벼운지가 가장 큰 관건이었는데 LG그램 14인치의 무게는 1 120g으로 매우 가볍기에휴대하고 이동하기가 좋다 원래 15인치를 구매하려고 했는데 15인치는 가로가 긴 직사각형으로 화면 비율이 아쉽 14인치로 구매했는데 만족 2 맥북 못지 않은 심미성사무실에서는 아이맥을 사용하고 있지만 내가 애플을 선호하는건 심플한 디자인이 맘에 들어서인데 lg gram 노트북의 심플하고 깔끔한 디자인이맥북 못지 않다고 생각이 든다 3 배터리의 지속성노트북을 사용할 때 충전 후 배터리가 오래가냐가정말 중요한 부분인데 gram 노트북은 최대 16시간의배터리 수명을 제공하여 이동중에도 하루 종일 전력을 공급해 여행이나 회의 또는 카페에서 작업하는데이상적이다 실제로 사용해보니 노트북을 오랜시간 시켰는데도배터리가 거의 달지 않아 만족감을 느끼고 있다 초경량으로 휴대성 좋고뛰어난 내구성장시간 배터리 수명고성능을 갖춘LG gram 노트북 아직까진 대만족 내돈내산 후기였습니다 lg전자 lggram gram노트북 노트북추천 그램2024 lg그램14인치 lg전자노트북 가성비노트북 내돈내산후기 제품리뷰
keyword_reviews00.xlsx,최근 큰 지름을 했습니다요즘 미칠듯이 할일이 많은데글말 쓰면 되는 것이 아니라 더불어서 ppt도 만들어야해요제작년에 산 맥북에어 2020 M1 13인치 를 사랑하지만솔직히 맥북에서 마이크로소프트오피스 그중에서도 파워포인트 만드는 것은 징짜 힘들어요말 드럽게 안듣고 미팀그래서 무려 2015년에 산 삼성 놋북 i7 16GB 할배를 혹사시키고 있었는데 무려 8년차네요 아직도 나름 잘 돌아가기는 해요 A S 한번 받은 적 없음 이 제품을 계기로 삼성 좀 신뢰하게됨 너무너무너무 무겁고 밖에서 작업할라치면 넘 힘들어서큰 맘 먹고 윈도우용 새 놋북을 질렀습니다 노트북 LGgram lg그램 엘지그램놋북 살때 무조건 i7 16GB 이상을 생각했는데요넘 비싸더라고요 엄청 무거운 이미지 작업을 많이 합니다16GB도 솔직히 버벅댈때가 많아요 저가 브랜드를 사볼까 했는데후기마다 슬픈 이야기들이 가득해서결국 엘지나 삼성으로 사려고 리서치 중 미국 병행수입 제품들이 눈에 들어오더라고요병행수입 제품은 미국 유통 제품인데 우리나라로 역수입한 제품이에요그래서 일부는 전원이 110V인 것도 있고키보드도 한글 각인이 없고 윈도우도 영문으로 깔려있죠특징은 한국 유통제품과 거의동일하나 엄청 저렴하다는 점사실 각인이나 윈도우 영문은 상관 없는데오히려 좀 찜찜했던 부분은 업체에서 배송 전에무조건 박스를 열어서 본인들은 서비스라고 적고있는데 윈도우를 한글버전으로 깔아준다는 점입니다그냥 새 제품 보내고 개인이 해도 되는 작업인데 선택권이 없어요고민하다가 그냥 중고를 산다고 생각하고 주문했습니다 17Z90Q제 주문 페이지 구매한 곳 링크 https link coupang com PH7xO 2022년 최신 12세대 LG 그램 17Z90Q 17인치 12세대 i7 DDR5 16GB 해상도 WQXGA 2560 1600 윈11 노트북 사은품증정COUPANGlink coupang com 이 포스팅은 쿠팡 파트너스 활동의 일환으로 이에 따른 일정액의 수수료를 제공받습니다 이 제품을 네이버에서 검색하면무조건 200만원대에요사실 병행수입 심지어 업체에서 미리개봉한 제품이 찜찜한데즤 동네 당근에서 중고 검색을 하는데 거의 200만원대라 그냥 질렀어요심지어 산 모델은 메모리 램 32GB 하드 1T 였거든요 윈도우11 포함 전원은 220v 로 옵니다 2022년제조원래는 15인치를 구매하고 싶었는데좀 어이없는게 15인치는 요즘 나온것도 대부분 해상도 가 FHD 1920x1080 인 거에요이건 또 참을수가 없죠그래서 할수없이 17인치에 해상도 WQXGA 2560x1600 인 모델을 선택했습니다 터치스크린 아님 결과적으로 받아보니증맬로 약간 한번 개봉한 새것같은중고 의 느낌적 느낌이 나기는 해요필름도 좀 구겨져 있고 그래도 새거같고요그르나 그냥 느낌이 좀 그래서오자마자 포맷 한번 다시 했습니다윈도우11 싫어서 10으로 다운그레이드 하고 싶었는데 이게 또 귀찮아서 그냥 11로 포맷했어요좋은 것은 얼굴인식 으로 보안 걸 수 있는점 아죠 편하죠 놋북 큰 것은 장점이자 단점아주 가볍습니다 1350g 약간 장난감 같은 느낌오피스 설치 에러 몇번 나서 화가 났었지만 결국 잘 설치했어요이제 작업만 열심히 하면 되네요하세상에서 돈쓰는것만 젤 쉽죠만약 위에 언급한 부분을 감수하실만하다면병행수입제품도 함 생각해보세요
keyword_reviews00.xlsx,일기를 쓰게 되니 이런 소소한 일상도 블로그에 남겨볼 수 있고 좋은 것 같다 남들이 다 하는 내돈내산 이라는 말 나도 한번쯤 해보고 싶었음 몇 년동안 오랜기간을 영어포스팅만 해서 이런 가벼운 글을 쓰고 싶다는 욕망 이 조금은 꿈틀대고 있었던 것 같기도 하고 오랜만에 내 자신을 위해 거금을 쓴 날 2015년부터 함께 했던 노트북이 상태가 조금 안좋아져서 사실 쓰려면 계속 쓸 수 도 있었을테지만 무슨 바람이 불었는지 그냥 질러버렸다 올디가 올디에게 주는 선물 쌩쌩 잘 돌아가는 신상노트북 정도는 쓸 자격이 있다 열심히 일한 자 누려라 훗 기존에 쓰던 노트북도 lg껀데 나름 만족도 높게 고장없이 오래오래 잘 썼다는 생각이 들어서 이번에도 그냥 lg노트북으로 샀다 사실 갖고있는 아이폰 아이패드와 동기화해서 편하게 쓰고 싶어서 맥북을 살까 고민이 많았지만 이번에 LG그램 2022 신상이 괜찮게 잘 나왔다길래 그냥 엘지로 고고 노트북 개봉 박스에 이런게 있길래 노트북 보다말고 여기 꽂혀서 조립부터 함 오호 연필꽂이 겸 달력이 되는 신박한 아이템이다 달력 숫자가 적혀있는 종이판을 좌우 이동만으로 매월 다르게 사용할 수 있다 나름 신기함 gram이라고 깔끔하게 적혀있는 로고 비싸게 주고 사서 그런지 더욱 영롱해보인다 바로 꽂아서 충전을 하고 세팅을 하고 사용해보니 역시나 빠릿빠릿 요즘 대부분의 노트북이 os미포함 제품이라 그냥 그걸로 사려다가 돈 좀 더 주더라도 윈도우정품이 탑재된걸로 샀더니 따로 설치할 필요도 없이 바로 쓸 수 있어서 편했다 역시 돈은 시간과 체력을 아껴주는구만 대신 시간과 체력을 써서 또 돈 벌면 되는 것 인생이 그런거지뭐 웃프군 윈도우11이 살짝 어색했지만 계속 쓰다보니 깔끔하니 편하다 15인치 16인치 17인치 중에 고민을 하다가 후기들을 참고해본바 가장 인기좋은게 16인치라고 해서 lg그램 16인치로 선택했는데 자주 들고 다니는 노트북이라면 16인치 괜찮은 것 같고 나처럼 주로 집에서만 쓴다면 17인치도 괜찮을 것 같다 기존에 쓰던 것 보다 커서 화면 커서 좋구만 이라고 생각했는데 조금 더 커도 괜찮을 것같은 느낌이라 17인치를 살껄 그랬나 하는 생각이 들기도 함 본인의 생활이나 사용패턴에 따라서 고르면 될 듯 하다 크기에 비해 무게가 상당히 가볍다는 것도 lg그램의 큰 장점이기도 하니 아무튼 이백 가까이 주고 산 큰 맘 먹고 지른 고사양 노트북이니 아무쪼록 오래오래 고장없이 함께 하자 올디일기 올디의소비일기 내돈내산 lg그램 lg그램2022 lg그램16인치 신상노트북 16인치노트북 주간일기 블챌
keyword_reviews00.xlsx,원래 사용하던 노트북이 너무 느려서 답답해질 무렵 아마 6년 넘게 사용한 듯 접한 사전예약 소식 디자인만 봐서는 맥북이지만 어차피 영상도 많이 안 보고 디자인 이런 작업을 하는 사람도 아니다 보니 일단 이 정도 목표 를 가지고 살펴봤습니다 혹시나 고장 났을 때 수리를 쉽게 받을 수 있는 서비스 편의성 무겁게 들고 다니는 것은 정말 딱 질색이기에 가벼운 노트북 적당한 선의 가격 200만 원 아래 또 삼세페다 뭐다 이벤트가 많더라고요 또 비교하다 보니까 이것도 또 중요하겠더라고요 키보드 키감 USB포트 최소 2개저의 지난 6년을 함께한 노트북도 LG 그램이었는데요 사실 블루투스 스피커 연결해서 사용해야 할 정도로 사운드 소리도 매우 작아서 잘 안 들림 가 정말 별로라고 생각하고 있었는데 검색하며 여러 글들을 읽어보니까 전문가분들 사이에서는 이미 유명했나 보더라고요 그런데 이번에는 음향도 뭐 개선됐다 하는 것 같고 사운드보다 무게와 키보드 자판을 누르는 느낌이 더 중요할 것 같아서 LG 그램 프로로 선택했어요 마침 이벤트로 LG전자 사이트에서 구입하면 Microsoft office 정품도 제공한다기에 혹해서 1월 15일 LG전자 라이브 방송도 챙겨봤을 정도로 사전 예약 혜택을 누리려고 열심이었는데요 다시 보니까 선택한 이 LCD모델 OLED모델 말고 기술 관련 지식이 없어 인터넷 글들을 읽으며 자세히 공부한 결과 LCD모델이 눈의 피로감이 덜하다는 것을 알게 되었어요 은 해당사항이 없기에 그냥 가격이 조금 더 저렴한 쿠팡에서 주문했습니다 삼성카드 카드 할인 때려 박고최종 결제가 약 1 624 000원 수준 256GB 저장용량 기준 저장할 것 많이 없어서 512GB대신 선택 그 밖의 사양은 WIN11 HOME LCD디스플레이 Anti Glare 인텔 코어 Ultra 5 프로세서 메모리 16GB 화면 16인치 1 199g 등그리고 1월 17일 로켓와우 배송으로 아침 7시가 되기 전에 받은 2024년 1월 따끈따끈한 신제품 노트북 박스가 엄청 크길래 놀랐는데 구성품은 간단했어요 노트북 충전기 사용설명서 끝 근데 옛날 노트북 사용하다가 요즘 제품으로 구입하니까충전 케이블도 동그란 구멍이 아니어서 신기했어요 14인치 사용하다가 16인치로 넘어오니까아주 큼직큼직하고요 자판도 기존 자판보다크기는 약간 작아진 느낌이지만 숫자 자판이 따로 빠져있어서 편하더라고요 사은품은 LG전자 사이트에서 별도로 신청한 후 1주일 후에 순차적으로 배송된다는데 사실 다른 것들은 상관없지만 무거운 마우스만 있어서 마우스가 빨리 왔으면 좋겠다는 소망이 원래 사용하던 노트북 14Z970 TA5IK 2017년 12월 제조 에 비하면 화면이 2인치 커져서 보기 편하기는 무게는 무거워지기는 했어요 그래도 1 199g으로 다른 노트북에 비하면 여전히 가벼운 편이기는 해요 예전 노트북은 터치스크린이어서 마우스가 없어도 됐는데 이제는 마우스 필수 터치패드 불편해하는 1인 그렇다고 터치로 가자니 가격이 확 높아져서 이 정도로 만족하고 사용하렵니다 백수 되고 아끼며 살려고 했는데 어째 큰돈 쓸 일이 자꾸 생김 쳇 받자마자 하루 동안 자꾸 팬 돌아가는 소리가 요란하게 나는 것이 조금 거슬리기는 했지만 또 오늘은 괜찮은 것 같은 새로운 노트북 개봉 비전문가 라기 보다 기계를 잘 모르는 30대 가 이틀 사용한 간단 내돈내산 후기였습니다
keyword_reviews00.xlsx,2024 03 Copyright 2024 emanaya rights reserved 너무 뒤늦은 언박싱사실 내 그램이 아니라 그런지늦어진 언박싱 리뷰남편에게 선물한 2024 LG 그램 저렴한 녀석과 고민하길래그냥 사는 김에 좋은 거로 사라고 해서 결정 난 잘 모르니까 그냥 남편이 고른 거 중 비싼 거 고름 네이버 스토어에서 구매 품번은 7ZD90SP EX79K 뭐 이것저것 많이 주고 설 연휴라 256GB 추가 설치 무료LG 그램 프로 스펙은17 인치울트라 7 32GB512GB 256GB 추가 RTX3050윈도우 미설치그래서 조금 더 저렴해짐네 단순 변심은 안돼요 아무래도 불량이 잘 걸리는 나라서괜히 긴장됨 그가 샀으니 괜찮겠지 이름도 지은 그뽀그램소중하게 언박싱중인데하얀 게 가볍고 예쁘긴 하잖아 맥 쓰다가 윈도우 오랜만에 만지니까 너무 어색하고 어려운데 맥북 13인치보다 가벼운 그램 같으니가볍고 하얀 녀석을 세팅하고 열심히 다음을 준비하는 그 덕분에 난 자극만 받는 중 그와 함께 잘 지내고 있는 그램과 키크론데스크테리어 집착하는 나는몇 주 동안 몇 번 바꾸는지 모르겠는데 곧 아볼트 오면 또 뒤집을 예정 헤헿남편 그램으로 행복한 시간 보내길 바랄게 그램 어떤 거 살지 고민하는 분들은그냥 원하는 사이즈에서 좋은 스펙으로 가세요 사실 2024 그램은 그래픽카드가 삼성보다 아쉽다는데 삼성 가서 들어봤더니 너무 무거워 그러므로 그램 승리구매처는 혜택가239만 17ZD90SP EX79K 17형 Ultra7 32GB 512GB RTX3050 LG 그램 프로 LG전자인증점 이좋은세상 LG전자인증점 이좋은세상 LG전자 온라인 인증점 이좋은세상m smartstore naver com
keyword_reviews00.xlsx,1 디자인본인은 맥북에어 2021년도 인텔 기반의 13인치 맥북에어를 사용하고 있는 유저이다 맥북을 쓰면서 한글과 공인인증서 관련 업무를 처리할 때 불편함을 느끼다가 결국 그램을 사게 되었다 일단 디자인이다 다들 LG 그램 디자인을 극찬 하지만실제로 맥북을 쓰고 있는 입장에선 차이가 많이 난다 처음 그램 노트북을 받았을땐 디자인이 장난감 같았다 반품 하고 싶었다 물론 개인취향과 생각일뿐이다 2 무게무게는 정말 가볍다 이건 내가 삼성 노트북을 안 들어 봐서 인지 모르겠는데 가볍다 맥북도 그램에 비해선 무거운건지 비슷한지 모르겠으나 확실히 가볍다 그런데 웨이트리프팅을 10년 이상 한 나로서는 그램이 가벼운 이유는 크기가 크기 때문에 내가 잡는 면적 만큼 무게가 실리는 중량도 더 작아서 그러는 경향이 있는것 같기도 하다 맥북과 그램의 차이는 플라스틱과 알루미늄의 차이로 설명하는게 가장 정확 할 듯 하다 맥북은 차갑다 겨울엔 정말 차갑다 근데 그램은 그렇게 차갑지는 않다 3 14 15 16 17인치 고민필자는 고민을 많이 했고 아마 다른 사람들도 만찬가지일 수 도 있다 현재 사용중인 맥북은 정말 화면이 작다 처음엔 그렇게 작아 보이지 않았으나 사용할 땐 나는 모니터암에 노트북용 거치대를 장착해서 사용을 했기 때문에 화면의 크기가 좀 확 와 닿았다 이걸 쓰는 이유는 목 때문이었다 조그만 각도가 아래로 향하게 되면 목이 아프기 때문에 무조건 사용하게 되었다 화면이 눈의 정면으로 오기 때문에 사이즈가 크면 클 수록 좋은거 같고 시선이 정면일 때와 밑으로 볼 때 화면의 체감이 다르다는걸 모니터암을 쓰게 되면서 알게 되었다 추가로 무선 키보드를 사용했기에 맥북의 키감이 그렇게 좋은지는 몰랐는데 LG 그램을 사면서 키감이 확실히 차이나는걸 알게 되었다 개인적으론 맥북의 압승이다 성향의 차이 일 수 있는데 맥북은 조용 조용한 반면 그램은 기계식 키보드 처럼 탁탁탁 하는 소리가 느껴 지게 된다 해결방법으론 실리콘 커버를 씌워라 하는데 10년전에 그램을 쓸 때 컴퓨터의 열로 실리콘 커버가 늘어나는것을 보았기 때문에 노트북 발열에 영향을 줄것 같아 사용하지는 않는다 본론으로 들어가서 내가 볼땐 14인치는 정말 휴대용이다 14인치를 선택 안 하시는 분중에 키보드에 숫자 키보드가 없어서 안 하시는 분이 있을 수 있는데개인적인 생각은 굳이 있어야 되는가 라는 생각이 든다 차라리 그 숫자 키보드를 넣을 공간빼고 나머지 키보드를 더 넓게 사용하는게 더 좋은 선택지 일 거란 생각이든다 숫자 키보드가 정말 중요한 분들은 그냥 따로 블루투스 연결 되는걸로 사는게 더 좋을듯 하다 15인치 까지는 가방에 쑥 들어가는것 같은데 16인치 부턴 조금 불안 하기는 하다 15인치와 16인치 차이가 세로 길이 차이인데오히려 16인치의 그래픽 사향 업그레이드를 포기하고도 15인치로 가는게 디자인적인 면에서도 어울리지 않았을까 싶다 숫자 키패드는 개인적인 생각으로는 17인 부터 넣어 주는게 맞는듯 하다 숫자 키패드는 나머지 17인치 이하는 과감하게 생략하고 그 여백에 스피커를 단다던지 오히려 넓게 쓰는게 노트북을 무릎 위에서 쓸 때나 책상에서 쓸때 시선도 정면으로 가기 때문에 좋은듯 하다 4 발열 및 소음발열은 적당하다 그런데 문제는 소음이다 다들 유튜버나 블로그에 보면 조용하다 그러는데 이게 전원을 켜고 쓸 때랑 빼고 쓸 때가 다르다 아마 내 노트북이 불량이거나 뽑기실패라서 그런건지는 모르겟으나 전원을 연결하고 무거운 작업을 돌리면 펜이 돌아가기 시작한다 전원을 연결해서 그런건지는 모르겠으나 그 때부터는 소리가 좀 심하다 그러나 전원을 빼면 펜 소리는 왠만한 무거운 작업이 아닌 이상 심하게 나지는 않는다 도서관에서 충분히 쓰고도 남을 소음이고 소음이 나긴난다 없지는 않다 예를들면 내가 갖고있는 루메나 선풍기 탁상형의 1단형 정도 보다 작거나 비슷한 정도의 소리가 나긴 난다 5 배터리아주 칭찬할 수준이다 오래 간다 그러나 그만큼 사이즈가 크기 때문에 배터리가 아마도 반이상일듯 싶다 오래 가는 이유도 있을듯 하다 6 필요성맥북 생태계에 적응이 되어서 확실히 핸드폰도 따로 쓰고 노트북도 따로 써야되서 불편한 감이 좀 많이 있다 그러나 그럼에도 불구하고 윈도우 노트북은 정말 필수적으로 사야 될것 같다 공인인증서랑 한글의 편함은 정말 이루 말 할 수가 없다 왠만한 문서들은 다 한글파일이다 정말 좀 부지런하신분만 PDF파일을 첨부해서 올려주기 때문에 한글이 없으면 보지 못 하는 상황이 많이 있었다 아직까진 공인인증서와 한글이 편하기 때문에 윈도우 기반의 노트북은 필수적으로 하나 더 가지고 있어야 된다 맥북도 인텔 기반으로 산게 부트캠프를 하게 되면 가능 하다는 말이 있어서 사용해봤지만 정말 불편하고 불가능한게 많았다 맥북에 윈도우는 어울리지 않아 보였다 쿠팡에서 구입해서 그런건지 모르겠으나 14 15 16 17의 가격차이가 그렇게 크게 나지 않았기 때문에 정말 고민을 많이 하게 만들었었다 너무 많은 선택지 때문에 고민이 많게 만들기도 해서 오히려 우유부단한 사람들이 사기가 정말 어렵다 그냥 휴대용은 딱 하나 나머지 집에서 모니터 연결해서 쓸 사람들은 뭐 이렇게 딱 정해주면 좋을것 같다 아 매장에 가면 삼성 노트북과 엘지 노트북의 화면을 보고 처음에는 뭐야 삼성이 화질이 더 좋다 안티글래어가 별로네 했지만 써보니까 눈이 덜 아프다 빛 반사도 적고 확실히 디스플레이는 엘지가 좋은듯 하다 나도 확실히 뭐가 좋다 뭐를 해야 한다고 확정적인 말을 쓰지 않았고 다시 사게 된다면 15인치를 사야지 라는 확신이 없다 사실 아직도 잘 모르겠다 맥북은 사고 나서 아 그냥 업그레이드 해서 살걸 이런 후회가 확실히 남아서 다음에는 뭘로 사야지 몇 기가로 사야지 하고 그런게 생긴 반면 그램은 지금 이 정도면 나쁘지 않고 그래도 아 이건 싫어 근데 대안이 없네 이런 느낌이다 더 궁금하신점 있으면 댓글 주세요 lg그램16 lg노트북후기 그램16인치후기 내돈내산
keyword_reviews00.xlsx,내돈내산 LG 15인치 gram 15Z9ON EB36K 엘지 lg그램 엘지그램 15인치노트북 15인치노트북추천 그램추천주인장은 오래쓴 도시바 노트북이 있었는데 사용한지 오래되다보니 고장나더라고요 어제까지만 해도 잘 쓰던 노트북이 갑자기 안 켜져서 저와 이별하게 되었어요 그동안 정들었는데 노트북에는 사진 다 저장되어 있었기도 했죠맙소사 저에게 엄청난 대형사건이였어요그러다가 제 도시바는 고치지 못한다고해서 보내줘야했었죠 그립고 그동안 잘 쓴 도시바 안뇽 이제 노트북을 사야겠다 마음먹구 두 번째 노트북인 2019년에 맥북을 샀는데 예뻐서 프로로 용량큰 512GB 질렀지모예요 사는거 용량도 큰거사쟈 모자르면 쓰는 맛이 안나욬 맥시멀라이프 이때까지만해도 다시 디자인을 하겠다고 호언장담을 했는데 사용하다보니 호환이 안 되는 게 많고 사용하기 불편해서 도저히 감당이 안 되더라고요 사용하는 프로그램도 안깔리고 사용하기 너무 불편한 앱등이 초보 그렇게 예쁜 쓰레기가 되었습니다 사과 로고만 봐도 감성이 올라오는 줄 알았는데 예쁘기만 하구나 그래도 내가 인정하는 건 음질은 애플만한 게 없죠 사과농장이 제 버킷리스트에 들어갈 https shorturl fly35LG전자 2023 그램스타일 14 OLED 인텔EVO 플랫폼 탑재COUPANGshorturl at할 수 없이 두개로 나눠쓰자는 마음으로 윈도우 사용하기 위해 2021년 7월에 다시 장만하게된 세 번째 나의 또 다른 노트북인 LG 그램 으로 정착하였습니다 주변에서 그램이 가볍고 들고 다니기 좋다고 많이 들어왔고 일단 디자인도 깔끔하니 제 스타일이여서 그램도 써보자 해서 구매하였습니다 화면도 딱 알맞고 모든 게 완벽쓰 정말이지 구매하고 사용해보니 역시 엘지지 놀라움의 연속이였어요 역시 소문대로 그램이 많이 가볍군 오래 들고다녀도 손목이 아프지 않겠다는 생각을 했고 진짜 신세계랍니다 진작 그램으로 살걸 그랬나봐요 맥북은 감성이랔 좋기는 그만큼 장단점이 있고 저의 취향이 확고해집니다 애플 맥북은 아령높은 수준 체감 노트북 어떤 것으로 살까 고민하다가 가격도 비교하며 꼼꼼하게 최신으로 사쟈 해서 오늘의집에서 할인들어간 엘지 그램을 구매했다죠 무난하니 계속 사용하게 되는 그램 흰둥이라 아쥬 깔끔하고 마음에 들어요 오래오래 고장안나고 잘 부탁해이왕사는거 SSD도 1TB 용량 큰 게 마음이 편하즄 그럼gram 후기샷 15Z9ON EB36K내돈내산으로 직접 사용한 후기 입니다 정보가 도움이 되셨길 바라며 다음에도 좋은 리뷰로 찾아오겠습니다 이 포스팅은 쿠팡 파트너스 활동의 일환으로 이에 따른 일정액의 수수료를 제공받습니다
keyword_reviews00.xlsx,안녕하세요단풍이모입니다제가 원래 언니랑 같이언니 노트북을 사용했었는데언니랑 떨어져 지내게 되면서제 개인 노트북을 구매하게 되었어요 노트북 그램 이라는 생각이 좀 박혀있었어서바로 고민도 안하고 그램 종류에서만 봤어요그램의 장점 2가지큰 배터리 용량 가벼움가지고 다니면서 사용할 저에겐 아주 좋은 대학생 취준생 직장인 노트북 추천이나유튜브로도 찾아봤는데제일 좋더라구요 맥북은 단축키도 다르고이것저것 비싸게 또 사야한대서 바로 거름 내가 구매한 노트북노트북 명16Z90Q G AA5WK22년 최신 LG그램16노트북 16Z90Q 네이버블로그 naver com 이것저것 설명듣고분명 살땐 다 이해하고 생각해서 구매했는데신기하게 집에 오니까 다 까먹어서타 블로그에서 사진을 가져왔다 진짜 내 기억력은 도대체 사은품무선마우스 무선이어폰 TONE TFP3W 한컴오피스 노트북파우치 내가 노트북 사면서 느낀건전자기기는 직접 가서 사는게 좋다특히 나같이 컴알못이라면 더더욱 인터넷이나 홈쇼핑은 윈도우 빼고 주는 경우가 많다고 한다그래서 저렴한 거라고 직접 가서 상담받고 카드만든다음 할인 받는 방법도 있으니까부모님이나 어른 데리고 가는게 좋다왜인지 혼자가면 호구당할지도 모른다는 무서움이 있는 24살 언박싱 LETS GO까자마자 등장한 이것이게 머야 하고 옆으로 치워놨다가나중에 보니 무슨 달력 만드는 거였다포장지를 까주니 등장하는이 새로운 전자기기의 이 이익너무 좋다 약간 냉장고같음 맘에쏙 든다메뉴얼 있고메뉴얼뒤에 저 충전기 있다상자 맨 밑에는설명서랑 키보드위에 까는투명 저거가 접혀있다드디어 꺼내보았습니다냉장고 바이브예뿌다 드디어 내 노트북이 두근두근인터넷으로 겁나 뒤져보고 갔던터라이미 익숙한 이 아이 내 책상은 나름 치운 것이지만여전히 깰 꼼하진 않다 충전기요로코롬 생겼다이것도 냉장고같이 생김왜 찍은 건지 기억은 안나지만대충 이렇게 생겼다사은품 1 무선마우스화살표대로 잡아당기면마우스 뚜껑이 열린다건전지 위에 저 유심칩같이 생긴걸노트북에 꽂아주어야마우스 사용이 가능하다그리고 저 건전지는 비닐에 포장되어 있으니사용전 비닐을 뜯어야 한다나는 뜯겨있는줄 알고 한참 안되길래 어쩌지 하다가 발견했음 요로코롬짠 왜인지 예전에 구매해뒀던귀여운 춘식이가아주 잘 어울린다춘식이 전용 자일리톨 껌 같다노트북 상자 까자마자 있던이 친구를 하나씩 뜯어줬다생각보다 잘 안 뜯긴다완성 생각보다 괜찮다책상에 달력이 4개가 되었지만그럼에도 곧 2월인게 믿기지가 않는다 사은품2 한컴오피스이것저것 더 들어있지만아직 쓸 생각이 없다사실 나는 영구적 오피스 7만9천원짜리 사서필요없지만 그냥 등록은 했다독스는 안했다1년짜리는 정말 필요할때 사용하고시픈 나의 마음 사은품3 노트북파우치색깔 내가 안 정하고 그냥 주셨는데나는 초록색 파란색 좋아해서 아주아주 만족스럽다사은품4 무선이어폰이건 왜인지 며칠 뒤에 배송해준다고 하셨다배송오면 추가로 넣을 예정이다 무선아이폰 배송이 왔다 뽁뽁이로 꼼꼼하게 포장이 왔습니다근데 왜 박스가 슈가버블인지요 왔구나 나의 톤프리 상자를 열면 요로케 구성품이 담겨있습니당이건 참고로 노이즈캔슬링이 안된다고 해요저는 노이즈캔슬링 별로 안 좋아해서 톤프리쓰고에어팟 엄마 드렸어요 이어폰 오래끼고 있으면 중이염걸리는데중이염 걸리면 하루종일 두통있고 귀 계속 신경쓰이고 엄청 불편해요어떻게 아냐구요 저도 알고싶지 않았어요 보험나는 200만원대 제품의 보험으로 들었다EW보험3만2천원대였고한 번 내면 5년간 본인과실제외무료 AS를 받을 수 있다고 한다 결제방법 할인방법롯데카드 만들면 무이자 길게 사용이 가능하다그래서 거의 40 50만원 할인 받았다 굿 대학생노트북 직장인노트북 취준생노트북 LGGRAM 그램 노트북그램추천 그램종류 전자랜드 은평구전자랜드 그램노트북사은품 GRAM LG노트북
keyword_reviews00.xlsx,15ZD95P GX56K 엘지그램 lg노트북 가성비노트북 노트북추천 내돈내산 노트북구입워킹맘인 홍삼언니는 회사에서 사용하는 PC이외에는 딱히 집에서 노트북이 필요하지 않았어요집에선 태블릿이 있었고 핸드폰으로 모든게 가능하니까 사실 컴맹이라 그냥 필요성을 못느꼈다는게 함정 그러다 세종시 정관장 블로그를 시작하며 노트북이 절실하게 필요하게 됐어요다른건 필요없다가볍고 인터넷 웹서핑 문서작업 블로그만잘되면 된다고 노트북 종류 너무 많고 왜이리 영어인지 i5는 무엇이며 용량은 얼마나 필요한건가제가 구매하게 된 포인트만 공개할게요문서와 블로그 작업 원활할 것가벼워서 요리조리 들고 다니기 편할 것인터넷웹서핑 기왕이면 넷플릭스까지 잘 돌아갈것as는 어렵지 않을것이렇게 고민하다 보니 삼성 vs 엘지 로 좁혀지더라구요마이크로소프트 hp 맥북 레노버 등등 종류는 여러가지 였으나 기왕이면 늘 쓰던게 편하다 주의 라서고민없이 삼성 vs 엘지중 고민했고가벼운건 엘지 그램이다 라길래 바로 검색 들어갔습니다LG gram 15ZD95P GX56K사실 네이버 검색하면 거의 첫번째 나오는 노트북이예요 초간단 픽업 실제 내돈내산 구매 후기를 많이 보는데 저와 같은 고민을 하신 분이 많더라구요빨라요 쓰기 쉬워요 간편해요 가성비 좋아요기본 스펙은 사실 검색하면 다 나오지만 구입한 곳에서 발췌해요 그냥 빠르고 적당히 좋다는 말저처럼 사진이 많고 인터넷으로 검색을 많이 해야하고 빠른 블로깅을 위한다면 엘지 그램 딱이네요그런데 간과한 사실이 있었어요이번에 구매하면서 알게 된 사실인데FREE DOS 라는 거예요프리도스 그러니까 운영체제가 안 깔려있는 순수한 노트북 기계라는 알아보니 직접 구매해서 윈도우를 설치할 수 있으나 전 맘편히 구매처에 추가로 구입해서 설치 까지 요청했어요 사실 설치하는거 모르겠다 10년차 금융인인데도 아직도 컴퓨터는 어렵다 내돈내산 인증 3일만에 도착한 따끈따끈한 제 엘지 그램이 심플한 박스열어보니 윈도우 정품이 잘 설치되고 정품카드 고이 모셔져 있네요마우스도 구입했어요 만오천원 엘지 그램 메뉴얼도 있지만 읽지 않아요어차피 다 같은 내용일테니 물론 귀찮아서 그런건 아닙니 배경 뽀로로 책상 무엇옆에 케이블을 할수 있는 칸이 많아요 칸 아니면 뭐라고 하나요 엄청 가볍고 얇네요1 12키로라더니 한손으로도 거뜬해요처음엔 16인치 고민했는데 15인치 너무너무 충분해요왜냐 가로 세로 비율이 16 9라 충분히 넓거등요그리고 완충하면 9시간 30분을 쓸수 있네요 배터리 98 기준 한번 완충하면 몇시간은 걱정 없이 쓰겠어요 쨍한 화면 디스플레이 너무너무 좋아요회사 노트북이랑 비교하니 역시 디스플레이는 엘지네요 키스킨까지 깔아주니 완벽합니다저 처럼 가성비 노트북 편하게 쓸 노트북 구매하실 분 있다면 엘지 그램 어떠세요이제 노트북도 샀으니 워킹맘은 정관장 홍삼 투잡 마케팅을 하러갑니다 고고 새 노트북 가방도 구경해야지역시 탕진잼
keyword_reviews00.xlsx,맥북 pro m4 14인치 개봉기블로그 다시 시작 하려면 뭐가 제일 필요할까 생각하니 새노트북이 필요하더군요 맥 북 들여왔습니다 내돈내산 맥북 pro m4 14인치 개봉 같이하시죠제가 구매한 제품은 맥북 m4 pro 12코어 24GB 1TB 한글 14인치 입니다 가격이 후덜덜하여 lg gram과 한참동안 고민하다 제자신을 잘 알기에 끌리는 맥북으로 질러버렸습니다 16인치도 고려했지만 가격도 확 차이나고 노트북 구매 목적은 블로그작성 사진편집 필요시 영상 편집정도이기에 14인치로 충분할것 같았습니다 물론 휴대성도 14인치가 훨씬 편리한것도 한 몫 했습니다 쿠팡으로 당일 새벽 3시 구매했는데 같은날 오후 5시쯤 배송받았습니다 주문한 날 배송이 온거죠 정말 쿠팡 최고 다행히 겉 박스도 찌그러진곳 없이 이중포장되어 왔고 내부 박스도 안전하게 배송받았습니다 구매시 무이자 할부도16 18개월로 가장 길고 쿠팡 할인혜택도 있어서 나름 가성비 있게 구매한듯 싶습니다 덤벙거리는 제 성격 때문에 애플플러스케어 20만원대 는 무조건적으로 같이 구매했습니다 사실 이번달에 육아휴직 시작으로 남편이 사준 선물인데 한동안 남편이 너무너무 예뻐 보일것 같습니다 잘해줘야겠어요 계속 웃고 있는 저에게 그렇게 좋냐며 어이없어 하면서도 뿌듯해 하는것 같은 느낌입니다 내가 좋으면 님도 좋은거니 아무튼 남펴니 최고 이게 뭐라고 박스 오픈 때부터 두근거리고 설레네요 열자마자 역시 내 선택은 옳다 라는걸 확인 시켜주는 자태였습니다 노트북 본체를 꺼내면 내부 구성품이 들어있는데 아주 깔끔 그자체 입니다 애플 로고는 언제나 봐도 예쁜것 같습니다 무게는 1 6kg 로 1 36kg 인 LG gram 보다는 무게가 있지만 이정도 차이는 잦은 휴대를 안할것이기도 하고 예쁜걸로 커버가 가능하기에 전혀 저에게 영향을 주진 못했습니다 열자마자 켜지는 맥북 블랙 키보드도 때 탈 걱정 없이 편하게 쓸수 있을것 같네요또한 맥북 m4 pro는 썬더볼트 지원으로 외부기기와 빠르고 손쉽게 연결할수 있다고 하고 새로운 m4 pro칩으로 무거운 작업이나 고사양 프로그램도 끊김 없이 진행된다고 합니다 대형 트랙패드도 인식도 잘되고 마우스없이 노트북 사용을 불편해 하는데 전혀 불편하지 않아 마우스는 추후 필요시 구매할 예정입니다 배터리 수명도 듣던대로 최고네요 처음 셋팅 하느냐고 4시간은 쭉 썼는데 배터리 소모가 거의 없다니 10년전 구매했던 타브랜드 노트북을 사용했던 저에게는 체감 더 만족스럽게 느껴집니다 맥북을 구매한 이유 중 또 한가지는 아이폰 아이패드 유저이기 때문이었는데요 화면에 아이폰 띄우기도 가능하고 멀티화면도 굉장히 유용했습니다 호환도 빠르고 사진업로드가 불편하면 귀찮아지기 쉽상인데 한동안 은 질리지 않고 열심히 블로그 활동 할수 있을것 같습니다
keyword_reviews00.xlsx,"*** 프로 : ** 화면, 성능, 배터리 수명, 키보드"
keyword_reviews00.xlsx,이것은 전문가가 단점을 넘어서는 잘 지어진 노트북입니다. OLED 화면은 환상적이며 어두운 방에서 콘텐츠를 보는 것은 즐거웠습니다. 하루 종일 배터리 수명과 얇고 가벼운 형태의 요인으로 여행하기가 매우 쉽습니다.
keyword_reviews00.xlsx,"나는 주로 스탠드 모드에서 사용할 수있는 것을 찾고 있습니다. 내용을 읽는 동안 PC 앞에있을 필요가 없으므로 집중적 인 디스플레이, 배터리 및 내구성이 뛰어납니다. 쿨러를 달리는 것을 선호합니다. 이 두 가지 모두 장단점을 가지고 있으며, 하나는 Acer 인 Gram 가격의 절반입니다. 새로운 2022 모델은 $ 200, $ 700이므로 큰 차이는 없습니다. 이 중 어느 것이 추천 하시겠습니까, 아니면 더 나은 선택이 될 다른 대형 디스플레이 2in1이 있습니까?"
keyword_reviews00.xlsx,"Ninkear A15 Pro의 배터리 수명은 에너지 효율적인 AMD Ryzen 프로세서 덕분에 적합합니다. 적당한 사용 (사무실, 브라우징, 스트리밍)으로 6 ~ 7 시간의 사용이 가능하므로 근무일 또는 더 긴 대학 세션의 동반자가됩니다. 냉각 시스템은 정상 작동 중에 간신히들을 수 없습니다. 하중하더라도 소음 수준은 낮게 유지되며 케이스는 특정 지역에서만 가열되지만 전체적으로 눈에 띄지 않습니다."
keyword_reviews00.xlsx,"지난 5 년 동안 저는 독점적으로 Apple 노트북을 사용해 왔습니다. 팔 라인업이 나왔을 때, 그것은 놀라운 배터리 수명과 견고한 성능 인 나에게 완벽한 솔루션처럼 느껴졌습니다. 지난 1 년 반 동안, 나는 ** MacBook Pro 14 ""M3 Pro (18GB RAM / 512GB SSD) **를 사용하여 주로 녹, 파이썬 및 타입 스크립트를 프로그래밍하는 데 사용했습니다."
keyword_reviews00.xlsx,"PRO 모델이 아닌 ** MacBook Air 13 ""(16GB/512GB) **와 ThinkBook을 비교하는 것이 더 합리적이라고 생각합니다. 몇 주 안에이 비교를 수행 할 계획이며 차이가 더 작을 것으로 예상합니다. 그러나 공기가 여전히 배터리 수명에서 ThinkBook을 철거 할 것이라고 생각합니다."
keyword_reviews00.xlsx,"비디오 편집 (4K가 아니라 1080p), 3D 렌더링 및 사진 편집에 적합하거나 처리 할 수있는 노트북을 찾고 있습니다. 예산은 $ 850입니다. 나는 eBay에서 837 달러에 (1 년 보증과 30 일 반품이 있음) 리퍼브 M1 Pro 16-Core GPU, 32GB RAM, 512GB SSD (내 데이터를 외부로 저장할 수 있지만 걱정하지는 않는다)를받을 생각입니다. 그러나 나는 Windows 노트북에 대해 생각하고있었습니다. 저는 현재 끔찍한 배터리 수명이있는 끔찍한 2019 MacBook Pro 16 인치 32GB 1TB SSD를 가지고 있습니다 (1200 달러의 충전주기가 필요합니다. 140 달러로 교체해야합니다)와 과열 문제 (팬들은 크롬과 용감한 것을로드하여 크게 시끄럽습니다."
keyword_reviews00.xlsx,나는이 랩탑의 차이점을 알고 있으며 이것이 바로 내가 결정할 수없는 이유입니다. S14는 더 얇습니다. 비록 많은 배터리 수명이 많지는 않지만 리뷰에서 본 것에서는 약간 더 나은 빌드 품질을 가지고 있습니다. 그것은 내가 필요한 모든 것들이지만 프로세서에는 효율과 배터리 수명에 도움이되는 8 코어가 있지만 Ultra 9의 16 코어가 필요할지 확실하지 않습니다.
keyword_reviews00.xlsx,학교를위한 노트북이므로 7 시간 이상 지속될 수있는 배터리가 필요합니다. AMD 프로세서가 그 범주에서 좋다고 들었습니다. 나는 특정 소프트웨어를 사용하지 않고 수업에 내 노트와 다른 가벼운 활동을 기록하기 위해 개념 만 사용합니다. 나는 사용할 수 없기 전에 1 년 이상 사용할 수있는 합리적인 프로세서를 원합니다. 내 예산은 최대 800 유로입니다. 좋은 노트북의 합리적인 가격처럼 보입니다. RAM과 SSD 슬롯을 변경하여 향후 더 쉽게 업그레이드하거나 수리 할 수있게되면 감사하겠습니다. 고품질 스크린이 예산에 적합하다고 생각하지 않으므로 기본 화면은 괜찮습니다. 튼튼한 노트북은 어떤 일이 일어날 지 알지 못하기 때문에 감사 할 것입니다. 크기는 실제로 중요하지 않지만 16 인치 화면이 너무 크지는 확실하지 않습니다. Lenovo ThinkPad E16/14 G2/G6 AMD와 같은 일부 모델을 보았습니다. 왜냐하면 견고하고 많은 포트와 좋은 배터리가 있기 때문입니다. 또한 Dell Pro 14 PC14255와 Lenovo IdeaPad Slim 5 16akp10을 살펴 보았습니다. 전자는 더 나은 CPU를 가지고 있지만 후자는 쉽게 손상 될 수있는 것처럼 보입니다. 나는 결정할 수 없어서 여러분들에게 도움을 요청하고 싶었습니다.
keyword_reviews00.xlsx,"그러나 나는 배터리 수명에 대해 조금 확신하지 못합니다. 그것은 저에게 큰 문제입니다. 적어도 10 시간 동안 플러그를 뽑은 노트북을 사용할 수 있기를 원합니다. 그것은 내가 MacBook Pro M1과 지속적으로 얻은 것입니다. Apple 애호가들이 Apple Silicon MacBook과 함께 얻는 것으로 20 시간 이상의 배터리 수명을 보지 못했습니다. 여러 브라우저 탭을 피하고 PowerPoint 및 Excel을 건너 뛰거나 음악 제작 소프트웨어를 사용하지 않는 경우에만 가능하며 기본적으로 실제 작업을 수행하지 않습니다. 그럼에도 불구하고, 그것은 10 시간 동안 갈 수있게 해주었습니다. 예, 실제로 일을 끝내면서 10 시간의 배터리 수명에 만족합니다."
keyword_reviews00.xlsx,해당 키워드가 포함된 리뷰가 없습니다.
keyword_reviews00.xlsx,이봐! 나는 2 년 전에 Legion Pro 5 16ARX8 (82WM0006US)을 구입했습니다. 훌륭했지만 최근에는 마모/문제가 축적되기 시작했으며 1) 수리 할 수없는 모든 것을 고정시키고 살아야 할 정도로 새로운 일이라는 것이 궁금합니다.
keyword_reviews00.xlsx,"이제 방금 깨달은 문제는 다음과 같습니다. 왜 절반의 가격으로 훌륭한 데스크탑을 구축하고 Parsec, SSH 또는 유사한 도구를 통해 어디서나 액세스 할 수있을 때 랩탑에 2,500 유로를 소비해야합니까? 여행을 할 때도 모바일 데이터는 요즘에도 적절한 대기 시간 으로이 작업을 수행 할 수있을 정도로 빠릅니다. 이 설정의 가장 큰 장점 중 하나는 로컬 장치가 가열되지 않는다는 것입니다. 예를 들어 라이브러리가 더 편안합니다. 또한 데스크탑 구성 요소는 달러당 더 많은 전력을 제공하며 노트북보다 스로틀을 스로틀 할 가능성이 적습니다."
keyword_reviews00.xlsx,"** 노트 ** : XPS 15에 대해 꽤 좋아하지만 내년 또는 2 년 동안 균열 개발 요구를 충족시키기에 충분히 강력합니까? 여러면 에서이 기계는 세 가지의 가장 현대적인 기술을 구현합니다. 가벼운 무게와 사물 형태 인자는 매우 매력적입니다. 나는 Apple Store 외부에서 Retina 클래스 디스플레이를 사용한 적이 없으므로 Unity Work를 위해 절대적으로 좋아하는지 모르겠습니다. 터치도 마찬가지입니다. 나는 아직 노트북 화면을 너무 많이 터치하고 싶다는 것을 아직 깨닫지 못했고 가까운 시일 내에 확실하지 않습니다. CPU/GPU 콤보의 힘이 진행되는 한, 다가오는 기간 동안 현대 하드웨어의 기능을 극대화 할 리프트 경험을 만들 수있을 정도로 빠릅니까? 여러분 중 일부는 Dell이 M3800 Precision Mobile Workstation을 판매한다고 지적 할 수도 있지만, 단일 차이점은 DirectX 게임 성능 측면에서 크게 느리게 진행되며 Cinema 4D와 같은 Unity 파이프 라인의 다른 부분에서는 모호한 이점 만 가지고 있다는 것입니다."
keyword_reviews00.xlsx,오늘 게임에 뛰어 들었고 노트북은 괜찮 았습니다 그런 다음 한 시간 정도 후에 화면이 흐려지기 시작했고 선이 나타났습니다 라인 주변의 커서를 좋아할 때마다 더 명백해지면 무작위로 악화되는 것 같습니다 왜 이것이 일어나고 있는지 내 지식으로는 육체 가이 문제를 일으켰거나 실제로 일으킬 수 없었던 것도 확실하지 않습니다 그러나 다시는 모르겠습니다 누구든지 이것이 무엇인지 아이디어가 있습니까
keyword_reviews00.xlsx,이봐 나는 2 년 전에 Legion Pro 5 16ARX8 82WM0006US 을 구입했습니다 훌륭했지만 최근에는 약간의 마모 문제가 축적되기 시작했으며 1 수리 할 수없는 모든 것을 고정시키고 살아야 할 정도로 새로운 일이라는 것이 궁금합니다
keyword_reviews00.xlsx,노트북에서 영화를보고있는 동안 오늘 노트북이 꺼졌습니다 다시 Faid를 켜려고 노력 했으므로 7 를 켜고 다시 켜고 다시 같은 문제를 알았습니다 처음에 나는 과잉 충전으로 인해 플러그인과 플레이를 두려워하여 GPTS 가구를 다시 찾았고 도움으로 좋은 CPU 사용을 요구하는 게임이나 대체를 이해하는 것을 이해했습니다 GPTS는 좌석을 약간 조정하는 데 도움이됩니다 플러그를 꽂는 동안 노트북을 가장 높은 성능에 넣고 배터리의 최대 전력 절약 노트북이 땀이 땀을 흘리면 무서워했습니다 다시 한 번 같은 문제가 발생했지만 다시 GPT에 가야했지만 Alwasy는 내가 한 배터리 헬스를 다시 교환하고 확인하고 Tottal 용량이 41 040 MWh이며 31 692 MWh로 내려 갔다고 말했습니다 그것은 저의 성능 설정과 형제를 조정하라고 말했습니다 나는 게임이 문제인지 물었습니다 단지 많은 wittsf를 말하는 것입니다 나는 그것을 이해하고 믿지 못하고 그것을 믿지 못하고 그것을 믿었습니다 45W 이하의 충전기와 Balah Balah 내 노트북이 완전 충전 상태에있을 때 게임을하지 않습니다 배터리가 Alwasy가 아닌 20 Ro 40 정도가 될 때 과충전해야하지만 과충전으로 플레이합니다
keyword_reviews00.xlsx,우리는 미국에 있으며 1 2k 정도의 비용을 지불 할 것으로 기대하고있었습니다 나는 1k에 대한 우리의 요구에 맞지 않는 것들을 보는 것 같은 느낌이 들었고 그것은 3K 범위로 점프하고 있으며 그 근처에있는 곳을 원하지 않습니다 나는 열정으로 애플을 싫어하기 때문에 전혀 옵션이 아닙니다 나는 어떤 사람들이 격렬하게 찬양하는 것에 계속 설정하고 있으며 나는 처음부터 나를 시작하는 파괴적인 단점을 본다
keyword_reviews00.xlsx,이제 방금 깨달은 문제는 다음과 같습니다 왜 절반의 가격으로 훌륭한 데스크탑을 구축하고 Parsec SSH 또는 이와 유사한 도구를 통해 어디서나 액세스 할 수있을 때 랩톱에 2 500 유로를 소비 해야하는 이유는 무엇입니까 여행을 할 때도 모바일 데이터는 요즘에도 적절한 대기 시간 으로이 작업을 수행 할 수있을 정도로 빠릅니다 이 설정의 가장 큰 장점 중 하나는 로컬 장치가 가열되지 않는다는 것입니다 예를 들어 라이브러리가 더 편안합니다 데스크탑 구성 요소는 달러당 더 많은 전력을 제공하며 노트북보다 스로틀을 스로틀 할 가능성이 적습니다
keyword_reviews00.xlsx,키보드에 거의 즉시 적응하는 데 아무런 문제가 없었으며 기계를 중심으로하는 것이 어쨌든 선호하는 것입니다 터치 패드는 매우 반응이 좋았습니다 제 생각에는 용납 할 수 없을 정도로 반응이없는 터치 패드가있는 14 인치 비비 보룩이 있기 때문에 우려되는 영역이었습니다 Dolby Access 소프트웨어를 조정 한 후 스피커는 매우 즐겁습니다 랩톱에서 가장 좋은 점은 쉽게 랩톱에서 절대적으로 최고가 아니라는 것이 쉽게 쉽게 이 스피커가 매우 슬림 한 공간으로 갇히기 때문에 저음이있는 창문을 덜어 줄 수는 없지만 실제로 100 130Hz 정도 펌핑하여 대부분의 콘텐츠를 즐겁게들을 수있는 충분한 중간 상단베이스를 제공합니다 Dolby 소프트웨어의 주파수 슬라이더에주의하십시오 저음을 꺼내도록 조정 한 경우 스피커 클리핑 왜곡을 더 높은 볼륨으로 얻을 수 있습니다 개인적으로 50 이상 볼륨을 넘어갈 필요가 없으므로 문제가되지 않지만이 작은 스피커가 할 수있는 일에는 제한이 있습니다
keyword_reviews00.xlsx,4 년 동안 크게 사용되는 동안 Mike는 작년 정도에 다시 문제를 제기했습니다
keyword_reviews00.xlsx,해당 키워드가 포함된 리뷰가 없습니다.
keyword_reviews00.xlsx,우리 집 회장님의 노트북인 2020 그램이 2년도 채 안 되었는데키보드 고장으로 서비스 센터를 두 번씩이나 다녀왔음에도상태가 오락가락 되다 안되다 센터에서는 자판을 다 갈아야 하는데비용이 무려 175 000원이네요 이 기회에 2023 그램으로 구매해아내에게 생일 선물로 던져 주었네요 오다 주웠어 LG 그램 gram 2023 구매기 및 윈도우 설치 주의 LG DnA 구매는 1월 31일 잇섭의 네이버 쇼핑 라이브 를 통해LG전자인증점 티앤티정보에서 미리 구매 이벤트를 통해2백만 원 정도에 구매했고2023 그램과 512GB ssd 포함해 사은품도 잔뜩 받았네요 구매는 1월 31일에 했는데 노트북 본 상품은2월 14일 도착했습니다 약 보름 걸려서 받았네요 구매 모델은 2023그램 gram 16ZD90R GX76K로인텔 i7 13세대 16인치 모델입니다 Geforce RTX 3050 외장 그래픽이 들어간 상위 모델을마음에 두고 있었는데 총알의 압박으로내장 그래픽으로 구매하게 되었네요 총알에 여유가 있는 분이라면 외장 그래픽을 추천해요 사실 저희 회장님은 게임은 안 하고 일반 문서나SNS용 사진 작업을 주로 해서외장 그래픽까지는 필요 없는 이유도 있었습니다 이 상품은 프리도스 제품으로 직접 윈도우를 설치해야 하며LG DnA를 꼭 설치해야 하는데윈도우 11만 지원하니 구매 시 꼭 체크하셔야 합니다 회장님이 윈도우 10을 선호해서 설치했는데DnA가 설치가 안 되어 고객센터와 몇 차례 통화를 했지만아직까지 윈도우 10에서는 설치 파일이 준비가 안 되어 있다고 합니다 3월 중 제공될 거라 하는데 확실하지는 않다고 하네요 다행히 윈도우 11로 무료 업그레이드가 제공되어윈도우 11로 업그레이드해서 Dna 설치를 무사히 마칠 수 있었네요 LG DnA는 각종 드라이버와 번들 프로그램을사용할 수 있도록 하는 기본 장착 프로그램으로꼭 설치해야 합니다 LG 그램 gram 2023 달라진 점 좋은 점 개인적으로 기존에 쓰던 2020 그램과 비교해LG 그램 gram 2023이 좋아진 점으로는발열 팬소음과 타격감 안티글레어 코팅된 화면이제일 만족스럽네요 빛 반사 없는 게 느껴지시나요 아주 좋습니다 해상도도 WQXGA 2560 1 600픽셀로 디스플레이도 만족 해상도는 2020과 달라진 점은 아닙니다 또 한 가지 좋은 점은 얼굴 인식이 되어시작하기도 빠르고 편하며 보안 시스템이 아주 좋아졌다는 점입니다 2020 그램과 변함은 없지만 그램의 좋은 점은16 9의 화면비가 아니라 16 10 화면비라는 점입니다 기타 브랜드의 16 9 사용하다 이 화면비를 만나면그냥 뭐 확 커진 느낌으로 시원시원해 보입니다 돌비사운드의 입체 음향과 가벼운 휴대성은두말하면 입 아프고요 아무튼 국내 노트북 브랜드로는 원탑인듯합니다 LG 그램 gram 2023 사은품그램 2023 구매 사은품도 남다릅니다 산돌구름 한컴오피스 한컴독스 등 70만 원이 넘는다양한 소트웨어를 포함해그램 마우스와 위글위글 노트북 파우치 마우스패드 케이블 스트랩도 받을 수 있었습니다 지금도 사은품이 제공되는 것 같은데망설이지 마시고 얼른 구매해서 받으시길 추천해요 엄청 귀엽습니다 사은품은 엘지전자 이벤트 페이지에 신청하면3일 정도 후에 받을 수 있었습니다 사은품 중 산돌구름을 구독하고 있어서478 000원이라는 공돈이 생긴 것 같아 기분이 좋네요 이상 내돈내산LG 그램 gram 2023 구매 후기였습니다
keyword_reviews00.xlsx,둘중에 고민하고있었는데 영상이 올라오다니
keyword_reviews00.xlsx,까비 지난주에 그램 코플릿 업글판으로 233 주고 샀는뎅 내가 필요한 정보가 이제 나오다니 까비
keyword_reviews00.xlsx,와 이렇게 빨리 올라오다니 자기 전 최고의 영상
keyword_reviews00.xlsx,대학생이 된 기념으로 생애 세 번째 노트북인 갤럭시 북3 울트라를 구매했습니다 원래 북4 울트라를 살 지 고민하고 있었는데 안티 리플렉션은 맘에 들지만 NPU와 터치 스크린은 잘 사용하지 않을 것 같아서 몇십 비싸게 신제품을 사는 게 과연 메리트가 있을까 하는 마음에 북3 울트라를 구매하게 되었습니다 어쨌든 머기업 고사양 워크 스테이션은 처음이라 손이 바들바들 떨리네요 기존에 사용하던 그램의 옵시디언 블랙보다는 농도 70 정도의 블랙에 퍼플 한방울을 떨어뜨린 것 같은 쿨톤 느낌의 그라파이트 색상이 굉장히 마음에 들었습니다 뒷쪽은 각지고 도톰한 게 맥북 프로 노치를 보는 듯한 기분이 드네요 예전에 LG그램 360의 마감을 지적한 적이 있었는데요 360 노트북이 아니라서 그런건지 워낙 고가여서 그런건지는 모르겠디만 마감은 삼성 제품이 훨씬 낫다고 생각이 들었습니다 우측면에는 3 5mm 이어폰 단자와 USB 3 2 A타입 microSD 슬롯이 있습니다 개인적으로 이어폰과 microSD를 많이 사용하는 편이였는데 단자가 살아있다니 다행입니다 좌측면에는 HDMI 2 0 C타입 썬더볼트4 단자 두개가 있습니다 C타입의 경우 두 곳 모두 충전이 가능했고 C타입 허브를 쓰던 다행히도 충전과 C타입 허브를 동시에 즐길 수 있었습니다 후면에는 타공이 엄청 넓게 뚫려 있는 모습을 볼 수 있습니다 스피커 그릴도 길쭉하네요 이제 안쪽을 보여드리겠습니다 힌지도 꽤나 견고하고 상판과 하판의 끝부분에 내장된 자석이 강한지 상판을 잘 고정시켜주고 열어야 편하게 열 수 있더라고요 무게 배분도 잘 되어있어서 한 손으로 열 수 있는 것은 당연합니다 노트북을 열면 나오는 것은 지문인식 통합키와 텐키를 포함한 키보드와 엄청나게 광활한 트랙패드 거울보다 성능이 확실한 글레어 패널 내부에 붙어있어야 할 인텔 Evo 스티커 RTX 스튜디오 스티커 등은 판매자분이 떼어버렸습니다 그게 제일 중요한건데 이제 그램을 가져와서 같이 보겠습니다 역시 OLED 패널은 검은 배경화면이 제 맛입니다 트랙패드 크기 차이도 어마어마하네요 재생0접기 펴기그램 360 16인치를 버리고 철 지난 갤럭시 북3 울트라로 바꿔오다그램을 가져온 김에 이전에 스트로크가 깊어서 타건감이 좋다고 칭찬한 그램과 갤럭시 북3 울트라의 타건감을 비교해보도록 하겠습니다 확실히 스트로크가 깊어서 타건감이 좋은 건 그램쪽입니다 만 스트로크가 낮아도 훨씬 견고하고 쫀득쫀득한 키감을 보여주는 갤럭시 북3 울트라는 고급스러운 느낌이 강해서 갤럭시 북3 울트라의 타건감도 굉장히 마음에 들었습니다 역시 OLED라 그런지 디스플레이 두께는 LG 그램보다 얇지만 전체적인 기기의 두께는 그램보다 조금은 두꺼운 모습을 볼 수 있습니다 하판의 두께 차이가 이렇게나 나는데 아무리 외장 그래픽을 쓴다고는 해도 키보드 스트로크를 좀 더 깊게 할 공간은 없었는지 스트로크의 깊이가 얕은 점은 아쉽습니다 적응하면 괜찮아지겠지요 디스플레이에 대해 말씀을 드리겠습니다 그램의 경우 WQXGA 2560 1600 해상도의 IPS LCD패널을 사용하는데 새로 가져온 갤럭시 북3 울트라의 경우 WQXGA 2880 1800 해상도의 다이내믹 AMOLED 2X 패널을 탑재하여 화질은 비슷비슷하지만 더 쨍하고 선명한 화면을 보여줍니다 DCI P3 기준도 120 나 만족한다고 합니다 역시 OLED라 그런지 블랙 화면에서 눈이 편안하네요 물론 제 얼굴이 보이는 점은 좀 부담스럽습니다 노트북에 120Hz는 체감이 안될 줄 알았는데 생각보다 차이가 크더라고요사양을 보여드리자면 일단 갤럭시 북3 울트라 좌 는 i7 13700H에 온보드 LPDDR5 32GB RAM을 탑재했습니다 CPU는 i5 1135G7에서 i7급으로 올랐고 램 용량은 기존에 사용하던 그램과 무려 24GB나 차이 나네요 코어 쓰레드 수도 어마어마하게 차이 나고 RTX 4050까지 달려있으니 미대생이 사용하기엔 딱 좋은 노트북이 아니지 싶습니다 성능 테스트 자료는 차고 넘쳤으니 그거 참고하시는 게 좋을 것 같습니다롤 정도는 당연히 가볍게 돌려주고 성능 자체는 50급 외장그래픽을 탑재한 여느 게이밍 노트북만큼 잘 나오지 않을까 싶네요 TGP가 60W인 점은 아쉽지만 게이밍 노트북이 아니라 워크 스테이션이니 이해합니다 분해해서 내부도 보여드리고 싶지만 워런티가 아직 남아서 분해하진 않겠습니다 해체쇼는 역시 잇 섭님 영상을 참고하시는 게 가장 좋습니다이 친구 스피커도 상당했습니다 그램과 같이 맥북을 쓰다가 넘어온 거였는데 맥북 프로에 비해서 좋다고는 말할 수 없지만 윈도우 노트북계에서는 그나마 꿇리지 않는 성능을 보여주네요 이 친구 RTX 4050에 i7 13700H를 탑재한 것 치곤 무게도 실측 1 77kg으로 가벼운 편이였습니다 물론 RTX 3050을 탑재하고도 1 3kg이 넘지 않는 그램보다야 무겁지만 4000번대를 탑재하고 2kg이 넘지 않는 점은 너무 마음에 들었다 이말입니다 가방에 아이패드 프로 12 9와 함께 넣고 다녀도 3kg이 넘지 않는다는 점 매장에서 구매하면 340만원에 사야 할 거 중고로 반값 가깝게 상태 진짜 좋은거 사긴 했네요 반사방지가 안 되어있어서 제 얼굴이 자꾸 보이는 건 기분이 나쁘지만 필름을 붙이건 참고 쓰건 해야겠습니다 어차피 집에서는 모니터를 쓰기 때문에 괜찮기도 하고 아무튼 다들 갤럭시 북4 울트라 사서 NPU 갈구고 화면 터치하면서 리뷰 올리실 타이밍에 저만 갤럭시 북3 울트라 가져와서 자랑하고 있으니 뭔가 괴리감이 들긴 하네요 이상입니다 읽어주셔서 감사합니다
keyword_reviews00.xlsx,아이맥과 아이패드로 몇년간 무리없이 사용해오다가 한국에서는 윈도우가 결국 필요하네요 최근 한글이 필요해서 맥용 한글을 구독할까도 했는데 평이 안좋죠 일본 주식시장에 투자도 해야하는데 모바일 기반으로는 일본주식까지 지원해주는게 제한되죠 진짜 일부 국내 공공기관 사이트 13세대 인텔 i5를 장착한 LG 그램에 윈도우 한글까지 다 하고 할인받고 이것저것 다 하니까 100만원정도에 구매할 수 있었죠 레노버 아이디어패드 50만원대도 있기는 했는데 윈도우랑 램용량이랑 A S문제그리고 결정적으로 LG 그램이니까 디스플레이가 어느정도 괜찮을 줄알았죠 윈도우 포함 100만원짜리 노트북에서 디스플레이 화질을 기대하는건 아니였던거 같네요 카드할인 전 가격으로 M2 맥북에어 13인치 기본모델이랑 10만원정도 차이났었는데 화질차이가 이렇게 날줄이야 M1아이맥 M2아이패드 프로라서 눈높이가 높아져 있을 수도 있지만제우스랩 Z16P보다 화질이 떨어질줄이야 울트라북도 아니고 나름 23년형 LG 그램인데 인터넷창만 켜도 돌아가는 쿨러소리 오랜만에 들어서 그런지 적응이 안되네요 15인치에 1kg이 넘지 않는건 좋은데 그만큼 기기 재질은 포기해야겠죠 16GB메모리를 탑재했지만 아이맥 8GB보다 답답함도 있지만 그래도 잘 써야겠죠 이렇게만 비교하면 맥북에어 같은 모델이 정말 가성비 좋게 느껴지네요 i5 evo 인증스티거 붙어있던데 evo인증이면 프리미어 프로 사용할 수 있다는데 한번 도전해봐야겠네요
keyword_reviews00.xlsx,이번에 6년쓰던 그램이 슬슬 힘들어하는거같아서노트북 이것저것 알아보고있는데가성비로 맥북에어 m1이 많이 얘기들하시더라구요 애플이 가성비라는 소리를 들을때가 오다니 맥북에어 구매 생각중인데150만원대에서 구매하고싶어서 가격 성능 비교중인데7코어 gpu가 116만원 8코어 gpu가 150만원이더라구요 근데 여기서 마음같아선 램도 16기가로 업그레이드하고 ssd도 512기가로 업데이트하고싶지만그럼 가격이 너무 올라가서 조금 망설여지네요그리고 맥북프로도 가장 기본옵션은 156만원이여서 구매할만하더라구요8코어 8기가램 150만원 vs 7코어 16기가램 140만원 vs 맥북프로 가장 기본형 156만원 8코어 8기가램 이렇게 고민중입니다저는 게임은 전혀 생각없고 쓴다면 웹서핑 영상시청 과제 간단한 영상편집 어도비사용 정도일거같네요혹시 이미 구매하신분들 계시다면 추천부탁드립니다 만약 저 선택지말고 더 좋은선택지가 있다면 추천 부탁드립니다 감사합니다
keyword_reviews00.xlsx,"# Apple Silicon에서 x86까지 : MacBook Pro 14 ""M3 Pro vs Lenovo ThinkBook X AI (13x Gen4)-실제 비교"
keyword_reviews00.xlsx,"PRO 모델이 아닌 ** MacBook Air 13 ""(16GB/512GB) **와 ThinkBook을 비교하는 것이 더 합리적이라고 생각합니다. 몇 주 안에이 비교를 수행 할 계획이며 차이가 더 작을 것으로 예상합니다. 그러나 공기가 여전히 배터리 수명에서 ThinkBook을 철거 할 것이라고 생각합니다."
keyword_reviews00.xlsx,"현재 약 4-5 시간 동안 지속되는 노후 한 HP와 비교할 때 이것은 큰 승리입니다. 비교하기 위해, [HP Dragonfly Pro] ( of-2023/)는 3 시간의 최대 3 시간을 준 고전력 크로메이드에 대한 최악의 배터리 수명입니다. 그 일은 주말에 돌아 오기 전에 지속되지 않았습니다."
keyword_reviews00.xlsx,나는 많은 리뷰 비디오를보고 있었지만 모두 비디오를 기반으로 서비스가 가능한 것 같아서 비디오를 결정하기가 어렵습니다. 나는 너희들 이이 목록의 다른 노트북과 비교하여 하나를 골라 내거나 장단점을 알아낼 수 있기를 바랐다.
keyword_reviews00.xlsx,저를 무모하게 만드는 주요 문제는 성능과 배터리입니다. 4060 ProArt 모델에 대해 이야기하는 모든 데이터를 찾을 수 없으므로 요가 프로 모델과 실제로 비교할 수 없습니다. 나는 또한 요가의 배터리가 그렇게 좋지 않다고 들었습니다. 나는 요가의 열과 팬 소음에 대해 좋은 소식을 듣고 그것이 ProArt와 같은지 확실하지 않습니다.
keyword_reviews00.xlsx,2. ** Dell Pro 13 Plus ** : 흥미로워 보이고 Intel Ultra 7 268V CPU가있는 옵션이 있습니다. 2012 년에 게임 데스크탑을 판매 한 이후로 가장 많은 힘이 될 것입니다. 최근에는 32GB RAM으로 900 달러의 양호한 상태로 판매 된 판매 중 하나를 발견했습니다. 문제 : 키보드는 평균 ThinkPad 키보드와 비교하여 엉망이되고 너무 작습니다.
keyword_reviews00.xlsx,"\*** Lenovo Yoga 6/7, Yoga Slim 6, Yoga Pro 7, Yoga Slim 7 Pro **. 밝기는 매우 낮게 보입니다 (300-400 니트).하지만 제가 찾은 가장 가깝습니다. 소음에 대한 불만도 있지만, 비교하면 불만이 많지 않은 것 같습니다."
keyword_reviews00.xlsx,"LG는 클라우드 기반 버전 외에도 인텔의 환상적인 Lunar Lake 시리즈 시리즈 칩과 그램 채팅의 기기 버전에 포함 된 NPU를 이용했습니다. GPT-4 클라우드 기반 버전과 비교할 때 ON-DEVICE 소프트웨어는 Windows 검색 바를 수치스럽게하는 검색 기능과 내 경험을 바탕으로 자동 수사기 도구를 포함하여 더 제한된 기능 세트를 가지고 있습니다. 소프트웨어가 유용하지는 않지만 이미 Microsoft Copilot 호환 장치에서 LG의 그램 채팅의 클라우드 버전은 종종 두 번째로 가장 좋은 옵션으로 찾습니다. 주요 경고는 Copilot이 기능을 수행하기 위해 활성 인터넷 연결이 필요하므로 Gram Chat On-Device가 오프라인시기에 기본 AI 기능에 액세스 할 수 있다는 것입니다. 이 기능을 이해 하고이 도구가 고객을 방문하거나 원격 장소에서 작업 할 때와 같이 유용 할 수있는 작업 상황을 볼 수 있지만이 감정은 그램 채팅 클라우드로 확장되지 않습니다. Colecilot 경쟁 업체처럼 느껴지는 것을 구축하는 대신 LG가 Op-Device 버전의 기능을 확장하는 데 더 많은 기대를 기울였습니다. 포함 된 Intel Core Ultra 9 288V의 NPU는 임무를 수행하는 것보다 더 많은 것을 처리 할 수 있으며 약간 놓친 기회처럼 느껴집니다. 즉,이 소프트웨어는 훨씬 더 다양한 랩톱에서 작동해야합니다. 대부분의 컴퓨팅 전력을 갖춘이 특정 컴퓨터보다는이 소프트웨어가 더 이상 느린 장치로 보류되지 않으면이 소프트웨어가 더 좋아질 것입니다. LG는 올바른 경로에 있다고 생각하며 그램 채팅의 기기가 미래에 LG의 공기 업데이트를 통해 더 넓고 더 까다로운 기능 세트로 확장되기를 희망합니다."
keyword_reviews00.xlsx,현재 2025 Asus Rog Zephyrus G16 (~ $ 2800)과 2025 Lenovo Yoga Pro (~ $ 2200)를 비교하고 있습니다. 사양 비교는 다음과 같습니다
keyword_reviews00.xlsx,나는 많은 리뷰 비디오를보고 있었지만 그들은 모두 비디오를 기반으로 서비스가 가능한 것 같아서 비디오를 결정하기가 어렵습니다. 나는 너희들 이이 목록의 다른 노트북과 비교하여 하나를 골라 내거나 장단점을 알아낼 수 있기를 바랐다.
keyword_reviews00.xlsx,내 옵션은 LG Gram 16 인 것처럼 보이지만 더 이상 어떤 모델이 좋은 모델인지를 기억하지 못합니다 ... 또는 Yoga Pro 9i Gen10 Aura Edition. (이 16-inch-intel/len101y0063)
keyword_reviews00.xlsx,2025 LG Gram Pro를 얻는 것을 고려하고 있으며 255H 모델이 내 랩에서 노트북을 사용하는 것이 괜찮은지 또는 강력한 CPU로 인해 너무 뜨거워 지는지 확인하고 싶습니까? Ultra 7 258V 버전이 더 나은 선택일까요?
keyword_reviews00.xlsx,"LG Gram Pro 2-in-1 16 인치, 얇고 경량 노트북, Windows 11 Home, Intel® Evo Edition-Intel® Core ™ Ultra 7 Intel® Core ™ Ultra7 (시리즈 2) 255H, 32GB RAM, 2TB (2x1TB) SSD, Black (모델 16T90TP-K.ADB7U1)를 얻고 싶습니다."
keyword_reviews00.xlsx,이 LG Gram Pro 모델에는 많은 공간이 있습니다.
keyword_reviews00.xlsx,* 나는이 딜레마에 붙어 있기 때문에 이것은 나의 첫 번째 게시물입니다. 이 두 랩톱 사이에서 찢어졌으며 아래의 사양은 아래에 자세히 설명합니다. 각 모델의 장단점을 평가해 왔지만 마음을 사로 잡을 수는 없습니다. 그래서 현명하게 선택하는 데 도움이되는 빛의 광선에 감사드립니다.
keyword_reviews00.xlsx,"제목은 모든 것을 말하고 알고 싶었습니다. IM은 LG 그램 (정확한 모델은 확실하지만 정확한 모델은 확실하지만 15.3 인치 터치 스크린, 16GB RAM, 1 개의 TB4 및 1 개의 일반 USBC, WiFi 6E)을 받았으며, 첫 번째 PC (2019 년부터 MacBook Pro에서 시작)입니다."
keyword_reviews00.xlsx,삼성 갤럭시 책 5 Pro 16 vs LG Gram Pro 16 (2025 모델)
keyword_reviews00.xlsx,"나는 주로 스탠드 모드에서 사용할 수있는 것을 찾고 있습니다. 내용을 읽는 동안 PC 앞에있을 필요가 없으므로 집중적 인 디스플레이, 배터리 및 내구성이 뛰어납니다. 쿨러를 달리는 것을 선호합니다. 이 두 가지 모두 장단점을 가지고 있으며, 하나는 Acer 인 Gram 가격의 절반입니다. 새로운 2022 모델은 $ 200, $ 700이므로 큰 차이는 없습니다. 이 중 어느 것이 추천 하시겠습니까, 아니면 더 나은 선택이 될 다른 대형 디스플레이 2in1이 있습니까?"
keyword_reviews00.xlsx,# 교체 PC : Lenovo Legion Pro 7 16IAX10H (모델 : 83F500CXIX) 사양
keyword_reviews00.xlsx,Ninkear A15 Pro는 올해 더 많은 최신 하드웨어로 업데이트되었습니다. 이전 모델에는 AMD Ryzen 5 6600H가 장착되었습니다. 2025 모델은 AMD Ryzen 5 7430U를 사용합니다. 장치의 수행 방식을 알아 보려면 여기에서 내 리뷰를 읽으십시오.
keyword_reviews00.xlsx,좋아 나는 이것을 시도하고 짧게 만들려고 노력할 것입니다 대학 전 작년에 새로운 고등학교로의 전학에 관한 것입니다 HS와 대학의 작년에 Asus Rog Zephyrus를 구매하려고합니다 게임 개발과 3D 모델링을 할 예정이므로 더 많은 RAM이 필요합니다 나는 원래 2024 G14 W 32GB RAM과 4070에 착륙했습니다 문제는 내 지역에서 Best Buy가 그것을 운반하지 않기 때문에 최상의 옵션은 16GB RAM 또는 새로운 2025 G14 W 32GB RAM입니다 나는 새로운 50 시리즈 GPU로 많은 부정적인 리뷰와 버그를 들었으므로 나는 나에게 벽돌을 던질 수있는 노트북에 약 2000 달러를 소비하지 않았지만 다른 한편으로는 16GB의 RAM은 4 년 동안 사용할 기계에 대한 미래의 증거가 아닙니다 그렇다면 벽돌이지만 모든 기준에 맞는 노트북에 총알을 물어야합니까 아니면 몇 년 안에 교체해야 할 안전한 옵션으로 가야합니까
keyword_reviews00.xlsx,그렇다면 마지막 두 옵션 사이에 옵션이없는 이유는 무엇입니까 지금은 3700x를 가지고 있으며 내 D15는 일반적인 작업에서 약 72 76C 정도의 PBO 오버 클로킹으로 잘 냉각됩니다 따라서 더 나은 성능을 원한다면 두 가지 옵션이 있습니다 360mm AIO를 얻으십시오 360mm AIO는 연장 된 스트레스 테스트 및 옵션 제한 후 약 10 15 더 나은 성능을 얻을 수 있습니다 대부분 팬에게 내려오고 Noctua 팬이 누워있는 경우 그 모든 사람들에게 거의 동일한 성능을 얻을 수 있습니다 또는 사용자 정의 루프를 얻을 수는 있지만 문제는 유지 보수 문제 를 다루고 싶지 않다는 것입니다 나는 몇 년 동안 D15를 가졌습니다 1 년에 한 번은 먼지를 제거하기 위해 공기를 사용하고 30 초 후에는 새롭게 보이고 맞춤형 루프는 많은 유지 보수와 더 멋진 것이 필요합니다 더 많은주의를 기울여야합니다
keyword_reviews00.xlsx,TL DR CPU 코어 및이 기계의 모든 P 코어의 열 스로틀 링 센서는 코어 당 온도를 평균 75 80C 98 100 C에서 하락 로 줄이기위한 조치를 취 했음에도 불구하고 스로틀 링에 대한 근거가 거의없는 상태에 있습니다 왜 내가이 행동을 줄이거 나 그것이 그다지 의미가 없다는 것을 증명할 수 있는지 이해하려고 노력합니다 전력 문제 Re TDP보다 더 많은 것을 요청하는 코어 일 수 있습니까 그렇다면 H 시리즈 CPU에서 그것에 대해 무엇이든 할 수 있습니까 다른 아이디어가 있습니까
keyword_reviews00.xlsx,더 이상 품질 문제를 다루고 싶지 않습니다 그렇다면 Baseus가 신뢰할 수있는 브랜드인지 아는 사람이 있습니까 누구든지 제품을 사용한 사람이 있습니까 30 달러는 QI2 파워 뱅크에게는 정말 좋은 거래 인 것 같습니다
keyword_reviews00.xlsx,원래 사용하던 노트북이 너무 느려서 답답해질 무렵 아마 6년 넘게 사용한 듯 접한 사전예약 소식 디자인만 봐서는 맥북이지만 어차피 영상도 많이 안 보고 디자인 이런 작업을 하는 사람도 아니다 보니 일단 이 정도 목표 를 가지고 살펴봤습니다 혹시나 고장 났을 때 수리를 쉽게 받을 수 있는 서비스 편의성 무겁게 들고 다니는 것은 정말 딱 질색이기에 가벼운 노트북 적당한 선의 가격 200만 원 아래 또 삼세페다 뭐다 이벤트가 많더라고요 또 비교하다 보니까 이것도 또 중요하겠더라고요 키보드 키감 USB포트 최소 2개저의 지난 6년을 함께한 노트북도 LG 그램이었는데요 사실 블루투스 스피커 연결해서 사용해야 할 정도로 사운드 소리도 매우 작아서 잘 안 들림 가 정말 별로라고 생각하고 있었는데 검색하며 여러 글들을 읽어보니까 전문가분들 사이에서는 이미 유명했나 보더라고요 그런데 이번에는 음향도 뭐 개선됐다 하는 것 같고 사운드보다 무게와 키보드 자판을 누르는 느낌이 더 중요할 것 같아서 LG 그램 프로로 선택했어요 마침 이벤트로 LG전자 사이트에서 구입하면 Microsoft office 정품도 제공한다기에 혹해서 1월 15일 LG전자 라이브 방송도 챙겨봤을 정도로 사전 예약 혜택을 누리려고 열심이었는데요 다시 보니까 선택한 이 LCD모델 OLED모델 말고 기술 관련 지식이 없어 인터넷 글들을 읽으며 자세히 공부한 결과 LCD모델이 눈의 피로감이 덜하다는 것을 알게 되었어요 은 해당사항이 없기에 그냥 가격이 조금 더 저렴한 쿠팡에서 주문했습니다 삼성카드 카드 할인 때려 박고최종 결제가 약 1 624 000원 수준 256GB 저장용량 기준 저장할 것 많이 없어서 512GB대신 선택 그 밖의 사양은 WIN11 HOME LCD디스플레이 Anti Glare 인텔 코어 Ultra 5 프로세서 메모리 16GB 화면 16인치 1 199g 등그리고 1월 17일 로켓와우 배송으로 아침 7시가 되기 전에 받은 2024년 1월 따끈따끈한 신제품 노트북 박스가 엄청 크길래 놀랐는데 구성품은 간단했어요 노트북 충전기 사용설명서 끝 근데 옛날 노트북 사용하다가 요즘 제품으로 구입하니까충전 케이블도 동그란 구멍이 아니어서 신기했어요 14인치 사용하다가 16인치로 넘어오니까아주 큼직큼직하고요 자판도 기존 자판보다크기는 약간 작아진 느낌이지만 숫자 자판이 따로 빠져있어서 편하더라고요 사은품은 LG전자 사이트에서 별도로 신청한 후 1주일 후에 순차적으로 배송된다는데 사실 다른 것들은 상관없지만 무거운 마우스만 있어서 마우스가 빨리 왔으면 좋겠다는 소망이 원래 사용하던 노트북 14Z970 TA5IK 2017년 12월 제조 에 비하면 화면이 2인치 커져서 보기 편하기는 무게는 무거워지기는 했어요 그래도 1 199g으로 다른 노트북에 비하면 여전히 가벼운 편이기는 해요 예전 노트북은 터치스크린이어서 마우스가 없어도 됐는데 이제는 마우스 필수 터치패드 불편해하는 1인 그렇다고 터치로 가자니 가격이 확 높아져서 이 정도로 만족하고 사용하렵니다 백수 되고 아끼며 살려고 했는데 어째 큰돈 쓸 일이 자꾸 생김 쳇 받자마자 하루 동안 자꾸 팬 돌아가는 소리가 요란하게 나는 것이 조금 거슬리기는 했지만 또 오늘은 괜찮은 것 같은 새로운 노트북 개봉 비전문가 라기 보다 기계를 잘 모르는 30대 가 이틀 사용한 간단 내돈내산 후기였습니다
keyword_reviews00.xlsx,오늘의 글은블로그를 쓴다면 꼭 쓰고 싶었던 주제인내돈내산 후기 이 후기의 주인공은 제목에서 봤다시피 LG Gram 14인치 절대 양보 못 하는 노트북 고르는 기준은1 무게2 믿을 수 있고 빠른 s그렇다 난 그램파 구성품구성품은 노트북과 충전기 사용설명서정도 인간적으로 14인치가 그렇게 비싸면서 마우스라든가 파우치라든가 줘야하는거 아닙니까 플러스 왜 검정은 10만원 더 비싼건지 예쁘긴했다 사양간단한 문서 작업이면 이정도면 충분해요 라는 말에 속아i3 4G인 걸 샀는데 2018년도쯤 간단한 문서 작업이라도 i5 8G인걸 추천한다정말 RAM 8G 넘어야한다 안 그러면 과제 제출 기간에 눈물을 머금을수도 덕분에 지금 한글 워드 pdf 유튜브 강의 다 틀어놓아도 문제없다 화면 크기13인치 15인치는 많이 봐서 예상이 가는데 13인치는 너무 작고 15인치는 약간 크고 반신반의하면서 실물 보러 갔는데 작아보인다는 느낌이 1도 없어서 그냥 당장 14인치로 골랐다15인치에서 옆에 숫자패드 포기하면 된다난 포기할 수 있어서 했다 가장 중요한 무게무게는 약 999g으로 1kg도 안 된다 이전 노트북인 15인치가 1 2kg정도였는데 교재랑 같이 들고 다니려면 1 2kg도 무거웠다 이 14인치 어느 가방에도 대부분 다 들어가고 무엇보다 폰 잃어버려서 노트북으로 위치 추적하느라 막 들고 다녔는데 가벼워서 30분정도는 가뿐히 손에 들고 다녔다 너무 좋아여 지금 사용한지 한달이 다 되어 가는데발열도 거의 없고 렉도 안 걸리고 타이핑도 오타 없이 쓰기 편한듯 전보다 좀 더 깊게 눌린다고 하는데 우다다다 타자감이 있어서 분노의 타이핑 가능 너무 찬양하는 것처럼 글을 쓰긴 했는데 진짜 무게에서 100점 만점에 95점은 먹고 들어간다 나중에 단점이 보이면 그걸로 포스팅해볼게욥마무리는 과제를 하기 위한 준비물 엘지 엘지그램 그램 lg gram
keyword_reviews00.xlsx,블로그 운영 및 개인적으로 소설을 작성하고 있어서 미루다 미루다 결국 노트북을 구매하게 됐다 노트북에 대해 아는게 워낙 없다보니 고민을 많이 하게 됐는데처음엔 무난하게 삼성에서 구매하려다가 이웃집 나냥이의 추천으로 lg그램을 보게 됐다 제품명 LG 그램 17Z90S GAOWAK구매시기 25년 5월 6일구매처 LGE COM 공식앱사용목적 웹서핑 포토샵 집필1장 주요 사양모델명 LG 그램 17Z90S GAOWK운영체제 Windows 11 Home프로세서 인텔 코어 Ultra5 125H 최대 4 5GHz 14코어 4P 8E 2LE 그래픽 인텔 Arc 내장 GPU 7코어 메모리 16GB LPDDR5 온보드 교체 불가 저장장치 512GB NVMe SSD 확장 슬롯 1개 포함 디스플레이 17인치 WQXGA 2560x1600 16 10 비율 350nit 밝기 DCI P3 99 색재현율무게 1 35kg배터리 77Wh 최대 21 5시간 사용 가능포트 구성 USB A 2개USB C 썬더볼트4 2개HDMIMicroSD 카드 슬롯기타 기능 AI 전용 엔진 Intel AI Boost 11TOPS 얼굴 인식 로그인MIL STD 810G 군용 내구성 인증독립형 숫자 키패드 및 키보드 백라이트초경량 대화면 17인치 대화면임에도 1 35kg의 가벼운 무게로 휴대성이 뛰어나다 AI 기능 지원 Intel AI Boost 엔진을 통해 AI 기반 작업에 최적화되어 있다 긴 배터리 수명 77Wh 배터리로 최대 21 5시간 사용 가능하여 외부 작업 시 유리하다 다양한 포트 구성 USB A USB C 썬더볼트4 HDMI 등 다양한 포트를 지원하여 확장성이 높다 내가 사용하기엔 아주 적합한 사양이었다 화려하게 쓸 것도 아니고 웹서핑과 포토샵 일러스트 및 디자인 템플릿 정도 쓰니까 2장 가격LG 그램 43 1cm SSD 512 GB NVMe 확장 슬롯 1 PCIe 4 0 x 4 노트북 2024 17Z90S GAOWK LG전자LG 그램 43 1cm SSD 512 GB NVMe 확장 슬롯 1 PCIe 4 0 x 4 노트북 2024 17Z90S GAOWK는 RAM 16 GB 와 배터리는 77 리튬 이온 배터리 이며 인텔 코어 Ultra5 프로세서 125H와 고해상도 디스플레이를 통해 최적의 퍼포먼스와 성능을 제공합니다 가볍고 강력한 LG 노트북의 가격 스펙 등 제품 정보를 확인하세요www lge co krLG전자 공식 스토어 정가 2 540 000원에서 37 할인된 1 590 000원에 판매 중다나와 최저가 1 590 000원부터 시작나는 lge com 어플에서 이벤트할인으로 1 490 000원에 구매했다 처음엔 200만원이 넘는 25년형 노트북을 구매해야하나 싶었지만 생각하면 생각할 수록 굳이 라는 걸 지울수가 없어서 충분히 사용하기 좋은 이 노트북으로 구매하게 됐다 3장 언박싱처음에는 설치기사님이 오신다길래 노트북가지고 왜 설치기사님이 오시지 내가 문화에 덜떨어져서 기사님이 오셔서 친절히 뭘 알려주시려나 했는데 진짜 그냥 가져다 주러 오신거임 그렇게 우두커니 받게 된 LG GRAM 박스 덜렁 뭔가 쇼핑백이 의인화 되어 기사님이 직접 오신 느낌 그런가 뭔가 이상한데 괜찮았다 뭐 별거 있겠나 싶었는데진짜 별거 없고 그냥 다른 노트북이랑 똑같다 아이폰마냥 모던하게 깔끔했다 그나저나 마우스 패드랑 마우스가 없을줄은 몰랐는데 사야될게 늘어나고 있다 그래도 윈도우깔아서 보내주는게 어디야 아닌가 오오 깔끔하당 뭔가 삼성과 애플의 중간 이미지 뽀짝한것 같으면서도 모던하네 사실 오랜만에 노트북을 만지는거라 4년만에 가벼운지 안가벼운건지 모르겠다 이전에 사용했던 삼성 노트북이 모니터 화면 터치패드도 되고 탭으로도 되는 280만원짜리 고가의 노트북이었어서 역체감 안느끼는게 어디야 아 혹시라도 카페나 아니면 어디 놀러가서 노트북을 첫 오픈 하겠다고 생각하는 사람이 있다면 격하게 말리겠다 업데이트 및 설치 하는데 엄 청 오래걸림 진짜 이거 되는거 맞아 라고 생각이 들정도로 오래걸렸다 그러니 어디 가기전에 적어도 첫 개시는 하고 갈 것 생각보다 터치패드가 크길래 엥 했는데 가만 보니 화면이 꽤나 컸다 집에 있는 32인치 커브드모니터가 꽤 큰데 생각보다 꿀리지 않는다 블로그나 소설을 쓰면서 분할화면이 꼭 필요한 입장인데 그렇기 때문에 큰 화면이 꼭 필요했다 그렇다보니 생각보다 큰 화면은 너무나도 좋게 다가왔다 생각했던 것 보다 화질이 좋다 색감 구현이 탁월하다던데 명성 다웠다 보여지는 화면 자체도 깔끔하고 군더더기 없이 딱 좋았다 컴퓨터 로딩시간은 적당한 것 같다 얼굴인식이 되는게 너무 좋다 인식도 잘 하고 더딘거 없이 바로바로 되니까 본영상에서는 핸드폰을 들고 있어 인식이 조금 늦었다 4장 장점 단점 장점가벼운 무게 약 1 35kg 17인치임에도 들고 다닐 수 있을 정도의 경량학생 직장인 이동용으로도 부담 없음큰 화면 고해상도 WQXGA 2560x1600 넓은 작업 공간문서 작업 멀티태스킹 넷플릭스 감상용으로 시원함최신 인텔 14세대 Core Ultra 5 탑재 Ultra 5 125H 전 세대보다 향상된 성능과 전력 효율AI 작업 가속 NPU 탑재 가능빠른 SSD 속도 Gen4 NVMe 확장성도 우수듀얼 SSD 슬롯 구성작업속도와 저장공간 확보에 유리대용량 배터리 77Wh 실제 사용 기준 10시간 전후어댑터 없이 하루 버티는 것도 가능다양한 포트 구성HDMI 썬더볼트4 USB A microSD 슬롯 등 기본기 탄탄윈도우 11 탑재바로 사용 가능 OS 설치 부담 없음 단점고가의 가격대 170 190만 원대 같은 성능의 노트북 중에서는 다소 비쌈브랜드 프리미엄과 휴대성에 대한 비용 포함스피커 음질이 다소 빈약볼륨 저음 부족하다는 평가 있음영화나 음악 감상에는 외부 스피커 이어폰 권장발열고사양 작업 시 팬이 민감하게 작동게이밍에 부적합내장 GPU Intel Arc 라 고사양 게임용으로는 부족라이트한 게임이나 캐주얼 용도로 한정디자인 변경 폭 적음 이전 세대와 유사 외관이나 키보드 배열은 크게 달라지지 않음2023 모델과 비교 시 차이점을 체감하기 어려움자판 무게자판 누르는게 약간 무겁게 느껴짐 집필하는 사람들에겐 조금 부담스러울 듯5장 총평묵직한 가격만큼 꽉 찬 성능 글 쓰는 사람에겐 믿고 쓰는 대형 경량 노트북
keyword_reviews00.xlsx,LG gram 15 15Z995 V CPU 10세대 인텔 코어 i5 10210U 프로세서 OS Windows 10 Home 64 비트 SSD 512 GB M 2 NVMe 확장 슬롯1 메모리 용량 8GB 72Wh 대용량 배터리생일 맞아 노트북을 구매했다 항상 노트북을 끼고 살았지만 내 노트북을 갖는건 처음 언니꺼 동생꺼 항상 얻어씀 가장 처음 노트북을 써본건 대학생때 언니의 삼성 노트북이엿나 매우 크고 무거웟던걸로 기억노트북이지만 컴퓨터 들고 다니는 것처럼 무거워서 잘 손이 안가던 노트북이였다그 다음 동생의 레노버 노트북은 매우 가벼워서 좋았다 드디어 휴대가능한 노트북 쓰는 기분 그러나 쓰다보니 화면이 너무 작아서 시야가 가려진듯 넘 답답한 느낌 그러다보니 여러 파일을 열어두고 정밀한 작업을 할때면 다시 컴퓨터행그래서 이번에 노트북을 구매할 때 무엇보다 화면이 크고 가벼운 노트북을 구매하고 싶었는데이 노트북이 딱 그렇다 일단 lg gram 15 노트북의 무게는 1099g이라던데 실제로 정말 가볍당전에 썼던 레노버 노트북도 가벼운 노트북이였는데 이 노트북은 화면도 큰데 정말 얇고 더 가볍다 한손으로 들어도 손목에 전혀 무리 없는 노트북이다 화면도 매우 큰 것도 나는 매우 맘에 드는 점인데찾아보니 화면크기 39 6cm로 꽤 넓직하게 잘빠졌당 맨날 작은 노트북 화면만 보다가 lg gram 15으로 넘어오니 개안한 느낌이다 화면이 답답하지 않아 좋다 정말 최고 출처 LG 그램 15 노트북 15Z995 VR5DK LG전자 lge co kr 얇고 가벼워서 안튼튼한거 아냐 라고 생각했었는데이런 테스트까지 했다니 내구성도 좋을 것 같다 뭔가 구성품은 노트북 충전기 설명서 주의사항안내서 타자보호기로 구성되어 있다여기에 나는 서비스로 마우스 챙겨주신 것 까지 찍어봤다 박스 개봉 후 비닐잡고 본체 들어준 후 구성품 확인하고노트북 비닐제거하면 끝 사실 사용할때보다 구매해서 개봉할때가 제일 설레고 행복하당이상 내돈내산 노트북 구매 후기였다 생각보다 가격대비 매우 만족스러운 노트북이라서 포스팅 해보았다가벼우면서 큰 화면의 노트북을 찾는 분들에게 강추
keyword_reviews00.xlsx,안녕하세요 몸매만박재범입니다 오늘은 lg그램 노트북 3년동안 사용해본 후기 및 lg그램을 추천할 만한 분들에대해서 말씀드려보고자 합니다 평소에 업무때문에 노트북만 2개를 동시에 사용할 정도로 노트북 사용량이 많은편입니다 이런 lg 그램을 구입했던 이유는 여러가지가 있지만 가벼움이 주는 특 장점때문이엇습니다 1 가벼움의 힘업무로인해서 계속 노트북을 등고 다닐일이많은데 사실 노트북이 1 5킬로만 넘어도 엄청난 부담이 됩니다 노트북에 충전기에 마우스등 이것저것 챙기다보면 힘이 쭉 빠져서 업무를 할 맛이 안생기게 돼죠 그럼점에 있이서 Lg 그램은 타사 제품에 비해 너무나 가벼운 특장점이 있습니다 lg노트북하면 gram이 떠오를정도로 그램은 강력한 아이덴티티를 lg에 선사했죠 저 얇은 두께가 보이시나요 대부분의 노트북은 1 5킬로 이상인데 사용하는건 1킬로대로 매우 가볍답니다 한번 이렇게 얇은것을 쓰면 더 무거운것은 부담이되어 못쓰게 됩니다 한번 그램은 영원한 그램 2 가볍지만 성능도 무난그렇다고 가볍기만 하고 다른것들은 장점이 없는것은 또 아니랍니다 왠만한 기본 문서 작업 및 포토샵같은 것도 무난히 다 가능하구요 저용량의 게임도 잘 돌아간답니다 사무용 혹은 까페에서 간단 업무보려는 분들에게 추천드리는 제품이 되겠습니다 게임을 더 자주 하는 분에게는 솔직히 권해드리는 제품은 아닙니다 3 잔고장 없는 노트북2019년도에 구입하였는데 아직 아무 이상도 없고 잔고장 한번 나지 않아서 아직 새 노트북을 구입할 필요성을 못느끼고 있습니다 지금까지 고장없이 잘 쓰고있지만 혹시 잔고장이 나도 LG는 워낙 에프터 서비스가 좋아서 불안 없이 잘 쓰고 있답니다 전화로 노트북 관해서 궁금한거 물어봐도 상담원분들이 잘알려주니 부모님 노트북으로도 추천 오늘은 가벼운 경량 노트북 lg 그램 노트북 내돈내산 후기였습니다 평소에 할인 안하기로 유명한 LG에서 업그레이드 버전의 22년도형 그램 노트북이 한정수량 할인행사가 진행중이라고하니 관심있는분들은 아래 링크 확인해보세요 22년도 LG 그램 할인가 링크 바로가기이상 후기 읽어주셔서 감사합니다 새해 복 많이 받으시길 LG노트북 그램 실사 영상재생3좋아요000 12접기 펴기LG노트북 그램 실사 영상
keyword_reviews00.xlsx,노트북을 구매하려고 직장 동료에게 물어보니 단연 그램을 추천하더라고요 가볍데 들고 다니며 워드작업 위주로 할거라 가볍고 그렇다고 성능이 떨어지지 않으면 좋겠다고 했는데 가격대비가성비 좋은 노트북이라고 추천을 받아 구입햤어요 받아보니 너무 가볍고 속도도 빨라요 할인 받아 저렴하게 구입해 너무 좋습니다 추천드립니다
keyword_reviews00.xlsx,* 나는이 딜레마에 붙어 있기 때문에 이것은 나의 첫 번째 게시물입니다. 이 두 랩톱 사이에서 찢어졌으며 아래의 사양은 아래에 자세히 설명합니다. 각 모델의 장단점을 평가해 왔지만 마음을 사로 잡을 수는 없습니다. 그래서 현명하게 선택하는 데 도움이되는 빛의 광선에 감사드립니다.
keyword_reviews00.xlsx,"문맥 : 저는 Lenovo IdeaPad Pro 5 (14 "") Ryzen 5 U, 16GB RAM 등에서 나왔습니다. 여행 할 때 종종 여행 할 때 나와 함께 가져 가기 때문에 랩톱을 구입했습니다. 이제 그녀의 개인적인 목적으로 충분합니다."
keyword_reviews00.xlsx,"나는 2021 년의 ASUS Scar 15로 RTX 3070을 대체하기위한 게임 노트북을 찾고 있었고, 원래 RTX 5070TI를 가진 ASUS Zephyrus G16을 가볍고 휴대하기 쉬운 랩탑을위한 최고의 달콤한 스팟 RN이기 때문에 원래 결정했지만, 내가 갇힌 문제는 내 나라에서 Zephyrus G16 2025를 시작했습니다. 또한 5080의 120W가 낮기 때문에 가치가 없으며, RTX 5070TI & RTX 5080에서 사용할 수있는 Lenovo Legion Pro 7I에주의를 기울였으며 ASUS에서 RTX 5080을 얻을 수 있다고 생각합니다. 어쨌든 Asus보다 더 저렴하고 전파선을 구입하기위한 주요 문제가 아니기 때문에 새로운 랩탑을 구매하는 것이 아니기 때문입니다. 학생과 나는 그 똥을 가지고 다녀야합니다. 비록 나는 체중 문제를 해결하기 위해 C 형 140W 충전기와 연결될 수 있지만 충전기 플러스 레지온은 확실히 4kg+이고 충전기가있는 Zephyrus는 약 2.8kg이므로 어떻게 생각하는지, 어떻게해야합니까? Zephyrus G16이 출시 될 때까지 RTX 5070TI와 함께 구매하거나 단순히 Legion을 얻으십시오. 일반 노트북을 운반하는 학생들을 도와주세요."
keyword_reviews00.xlsx,나는이 두 노트북 사이에서 매우 찢어졌고 당신이 당신의 정직한 입력과 통찰력으로 나를 도울 수 있기를 바라고 있습니다. Book5 Pro는 내가 지금보고있는 새로운 노트북이 내가 지금 가고 있고 15/16 ish 인치를 대체해야 할 새로운 노트북이 내가 좋아하는 데 너무 큰 랩탑이기 때문에 오랫동안보고 있던 원래의 랩톱이었습니다.
keyword_reviews00.xlsx,학교를위한 노트북이므로 7 시간 이상 지속될 수있는 배터리가 필요합니다. AMD 프로세서가 그 범주에서 좋다고 들었습니다. 나는 특정 소프트웨어를 사용하지 않고 수업에 내 노트와 다른 가벼운 활동을 기록하기 위해 개념 만 사용합니다. 나는 사용할 수 없기 전에 1 년 이상 사용할 수있는 합리적인 프로세서를 원합니다. 내 예산은 최대 800 유로입니다. 좋은 노트북의 합리적인 가격처럼 보입니다. RAM과 SSD 슬롯을 변경하여 향후 더 쉽게 업그레이드하거나 수리 할 수있게되면 감사하겠습니다. 고품질 스크린이 예산에 적합하다고 생각하지 않으므로 기본 화면은 괜찮습니다. 튼튼한 노트북은 어떤 일이 일어날 지 알지 못하기 때문에 감사 할 것입니다. 크기는 실제로 중요하지 않지만 16 인치 화면이 너무 크지는 확실하지 않습니다. Lenovo ThinkPad E16/14 G2/G6 AMD와 같은 일부 모델을 보았습니다. 왜냐하면 견고하고 많은 포트와 좋은 배터리가 있기 때문입니다. 또한 Dell Pro 14 PC14255와 Lenovo IdeaPad Slim 5 16akp10을 살펴 보았습니다. 전자는 더 나은 CPU를 가지고 있지만 후자는 쉽게 손상 될 수있는 것처럼 보입니다. 나는 결정할 수 없어서 여러분들에게 도움을 요청하고 싶었습니다.
keyword_reviews00.xlsx,"나는 약 7 년 동안 같은 MacBook Pro (2017)를 가졌습니다. 그것은 나에게 잘 봉사했지만 배터리가 마침내 포기하고 새로운 노트북을위한 시간입니다. 나는 현재의 벽돌이 많은 MacBook Pro보다 가볍고 약간 작은 것을 찾고 있기 때문에 새로운 2025 MacBook Air를 정말로 원했습니다. 다른 모든 장치는 Apple이기 때문에 랩톱에서 문자를 보내고 모든 장치를 매끄럽게 유지할 수 있습니다. 그러나 저는 대학원에 있기 때문에 Google Docs, Sheets, Drive 등에 Google Chrome을 지속적으로 사용합니다. 이것이 Mac의 배터리 수명이 크게 줄어든다고 생각합니다. 그래픽 디자인이나 게임에 노트북을 사용하지는 않지만, 여러 문서, 슬라이드 쇼 및 여러 탭/창이 주어진 시간에 열린 기사 사이에 멀티 태스킹을 자주합니다. 나는 Windows 노트북이 이와 같은 작업에 훨씬 더 나은 것이라고 말하는 것을 들었습니다. 그래서 어떻게해야합니까? 내가 알고 사랑하는 Mac OS를 유지하거나 잠재적으로 더 나은 성능을 위해 Windows로 전환해야합니까?"
keyword_reviews00.xlsx,"나는 주로 Vivobook Pro 15 OLED가 모든 citerias와 Zephyrus 2023에 적합하기 때문에 주로 바라본다. Zephyrus는 나쁜 화면을 가지고 있으며, 이는 유일한 끄기입니다. 기가 바이트는 아마존에 있지 않지만 내 최고의 사진 중 하나이기도합니다. 시간 내 주셔서 감사합니다."
keyword_reviews00.xlsx,"그래서 나는 Samsung Book5 Pro 360 (Intel Core 7 Ultra) ( 구입했습니다. 나는 PS5와 NS2를 가지고 있지만 God of War, Elden Ring 또는 Cyberpunk와 같은 까다로운 게임을 PC의 Cyberpunk와 같은 3 자 컨트롤러를 사용하는 것이 가치가 있는지 알고 싶습니다. 나는 증기 라이브러리를 확장하고 싶지만 콘솔이 있기 때문에 더 나은 하드웨어가 있다면 더 나쁜 그래픽과 성능으로 돈을 낭비하고 싶지 않습니다."
keyword_reviews00.xlsx,그렇기 때문에 Thunderbolt Port 용 도킹 스테이션 구축을 고려하고있어 집에서 데스크탑 그래픽 카드를 연결할 수 있습니다 (Spare RTX 2070 Super). 이런 식으로 이동 중에 일상적인 작업에 노트북을 사용할 수 있으며 책상에있을 때 게임 및 기타 까다로운 작업을위한 GPU를 활용할 수 있습니다.
keyword_reviews00.xlsx,"또한 최근에 개조 된 MacBook Pro M4 Pro (48 gigs, 2 tb 하드 드라이브)를 구입했습니다. 스크린은 유리에 몇 번의 긁힘이 있었고 패널에 일부 문제가있었습니다 (배송의 결과라고 말했습니다.) 그래서 나는 당신이 개조되어 있기 때문에 그것을 교환 할 수 없기 때문에 다른 하나를 구매할 계획으로 반환했습니다. 그러나 내 예산에 있거나 내가 원하는 램 또는 하드 드라이브 공간이 있었음을 보여주는 것은 없습니다. 그래서 이번 주에는 Best Buy에서 Asus Rog Zephyrus 16에서 구입했습니다."
keyword_reviews01.xlsx,2025 LG Gram Pro를 얻는 것을 고려하고 있으며 255H 모델이 내 랩에서 노트북을 사용하는 것이 괜찮은지 또는 강력한 CPU로 인해 너무 뜨거워 지는지 확인하고 싶습니까? Ultra 7 258V 버전이 더 나은 선택일까요?
keyword_reviews01.xlsx,"LG Gram Pro 2-in-1 16 인치, 얇고 경량 노트북, Windows 11 Home, Intel® Evo Edition-Intel® Core ™ Ultra 7 Intel® Core ™ Ultra7 (시리즈 2) 255H, 32GB RAM, 2TB (2x1TB) SSD, Black (모델 16T90TP-K.ADB7U1)를 얻고 싶습니다."
keyword_reviews01.xlsx,LG Gram Pro 노트북이 새로운 RTX 50 시리즈 그래픽 칩과 함께 출시 될 것으로 예상 할 수있는시기를 아는 사람이 있습니까?
keyword_reviews01.xlsx,"LG GRAM PRO 17 ""2025- 모욕 열 페이스트 응용 프로그램을 넘어서, 다이의 80%는 알몸이었고, 끔찍한 열 디자인, 더 큰 히트 파이프 및 히트 싱크를위한 충분한 공간이 많았습니다. 이것은 LG의 끔찍한 엔지니어링입니다.이 노트북은 훨씬 더 높은 전력 한계를 사용할 수있었습니다."
keyword_reviews01.xlsx,LG GRAM PRO 17 2025 (17Z90TP Core Ultra 7 255H) -이 노트북 (및 기타 그램)을 지옥처럼 작동시키는 방법
keyword_reviews01.xlsx,"안녕하세요, 새로운 LG Gram Pro 노트북에 어떤 앱이 사전 설치되어 있는지 알고 싶습니다. Microsoft 팀과 함께 제공되는지 확인할 수 있습니까?"
keyword_reviews01.xlsx,이것은 전문가가 단점을 넘어서는 잘 지어진 노트북입니다. OLED 화면은 환상적이며 어두운 방에서 콘텐츠를 보는 것은 즐거웠습니다. 하루 종일 배터리 수명과 얇고 가벼운 형태의 요인으로 여행하기가 매우 쉽습니다.
keyword_reviews01.xlsx,내 예산은 $ 800 \ ~ 1000 이내에 있어야합니다. 나는 현재 노트북 -Lenovo Legion 5i Pro RTX3060을 판매 할 것입니다. 지갑의 타격을 부드럽게하기 위해 적어도 500 달러 이상을 되 찾을 수 있기를 바랍니다.
keyword_reviews01.xlsx,나는 대학을위한 노트북을 찾고 있습니다. 최선의 선택은 Samsung의 Book5 Pro 360 인 것 같습니다. 그러나 누군가가 권장 사항이 있는지 확인하고 싶었습니다. 나에게 중요한 것들 :
keyword_reviews01.xlsx,"Ninkear A15 Pro (2025 버전)는 가격과 성능 사이의 균형을 잘 제공하며 생산성, 멀티미디어 및 가끔 게임을위한 노트북을 찾고있는 사람들을 대상으로합니다. 학생, 홈 오피스 사용자 및 신뢰할 수있는 만능인이 필요한 사람에게는 Ninkear A15 Pro (2025)가 좋은 선택입니다. 회사 자체 온라인 상점의 가격은 현재 약 570 유로입니다. 이 장치는 독일에서 배송됩니다. 불행히도, 나는 지원 및/또는 보증 문제에 대해 아무 말도 할 수 없습니다."
keyword_reviews01.xlsx,"나는 Ultra 9 (Serries 2), 터치 스크린 IPS 및 60 Hz Refresh Rate 또는 LG Gram Pro (16Z90TS-G.AUG7U1)를 사용하여 LG 그램 (16Z90TL-H.AUB9U1)을 토론하고 있습니다. 나는 많은 엑셀, 사진 편집 및 웹 브라우징을 사용할 것입니다. 나는 더 나은 새로 고침 속도를 좋아하고 프로에는 두 명의 팬과 함께 제공됩니다 (그래서 조용한다고 가정합니다). 그러나 9U1에는 더 나은 프로세서가 있습니다. 또한 새로 고침 속도가 낮은 터치 스크린이 나에게 적합한지를 결정할 수 없습니다. 누구든지 안내가 있습니까?"
keyword_reviews01.xlsx,공장에서 열 페이스트가 부적절하게 적용되는 것에 대한 이러한 모든 논의 후 RTX3050이 열적으로 스로틀링 된 2023 LG Gram Pro 16in에 대해서는 열 페이스트를 다시 적용하기 위해 기술자에게 가져 오기로 결정했습니다. 원래의 페이스트는 매우 잘 적용되었지만 매일 거의 10 시간 동안 2 년 동안 2 년 동안 건조되었습니다. 이제 프로세서 온도가 다시 정상으로 돌아와서 더 이상 열적지가 없습니다. 그램의 열 파이프는 매우 얇고 가볍습니다.이 경로를 따르고 그람 과열이 새로운시기에 비해 과열을 느끼면 열 페이스트를 다시 적용하는 것이 좋습니다. 나는 기술자에게 새로운 PTM7950 패드를 제공했으며 그램에서 잘 작동합니다.
keyword_reviews01.xlsx,"LG GRAM PRO 17 ""2025- 모욕 열 페이스트 응용 프로그램을 넘어서, 다이의 80%는 알몸이었고, 끔찍한 열 디자인, 더 큰 히트 파이프 및 히트 싱크를위한 충분한 공간이 많았습니다. 이것은 LG의 끔찍한 엔지니어링입니다.이 노트북은 훨씬 더 높은 전력 한계를 사용할 수있었습니다."
keyword_reviews01.xlsx,LG GRAM PRO 17 2025 (17Z90TP Core Ultra 7 255H) -이 노트북 (및 기타 그램)을 지옥처럼 작동시키는 방법
keyword_reviews01.xlsx,** LG 그램의 장점 16z90tl-g.au88b **
keyword_reviews01.xlsx,"제목은 모든 것을 말하고 알고 싶었습니다. IM은 LG 그램 (정확한 모델은 확실하지만 정확한 모델은 확실하지만 15.3 인치 터치 스크린, 16GB RAM, 1 개의 TB4 및 1 개의 일반 USBC, WiFi 6E)을 받았으며, 첫 번째 PC (2019 년부터 MacBook Pro에서 시작)입니다."
keyword_reviews01.xlsx,홈 오피스를 설립하려고합니다. 원래 데스크탑 컴퓨터를 얻을 계획 이었지만 랩톱의 기능이 더 의미가 있음을 깨달았습니다. 참조를 위해 LG 그램 프로 구매.
keyword_reviews01.xlsx,"Ninkear A15 Pro의 특징 중 하나는 16 인치 IP 디스플레이입니다. QHD 해상도 (2560 x 1600 픽셀)를 제공하여 텍스트와 이미지를 날카롭게 표시 할 수 있습니다. 밝기는 400 니트로 지정됩니다. SRGB 범위의 색상 커버리지는 99-100%이므로 디스플레이는 멀티미디어 컨텐츠, 라이트 이미지 편집 및 사무실 응용 프로그램에 적합합니다. 120 Hz 새로 고침 속도는 매끄러운 디스플레이를 지원합니다."
keyword_reviews01.xlsx,"2025 Ninkear A15 Pro에는 TDP가 15W 인 AMD Ryzen 5 7430U가 있습니다. 이 CPU는 균형 잡힌 성능과 에너지 효율을 제공합니다. 16GB DDR4 3200MHz (하나의 모듈) 및 PCIE 3.0을 통해 연결된 1TB NVME SSD와 함께. 일상적인 작업, 멀티 태스킹, 까다로운 사무실 응용 프로그램 및 기본 이미지 또는 비디오 편집을 원활하게 수행 할 수 있습니다. 통합 AMD Radeon을 사용하면 적당한 설정에서 덜 까다로운 게임을 할 수 있습니다. Fortnite는 가장 낮은 설정에서 약 60fps로 전체 HD로 실행됩니다."
keyword_reviews01.xlsx,Idea Pad 5가 있습니다. 모델은 IdeaPad5 Pro 16ihu6입니다. 8GB RAM이 있습니다. 2025 8GB는 더 이상 많지 않지만 1 야기 전 랩톱을 사용하기 시작했을 때 부드럽게 실행되었으므로 이제 YouTube 비디오를 재생하기 시작합니다. 이것은 내가 그것을 다시 시작하고 유일한 탭이 열린 경우에도 발생합니다. 나는 McAfee 또는 적어도 공연을 탱킹하는 다른 프로그램이 없습니다. 이것이 너무 실망 스럽도록 도와주세요.
keyword_reviews01.xlsx,*** 도킹 : ** Thunderbolt 또는 USB-C를 통해 지원되는 다양한 도킹 솔루션. 보다 호환되는 도킹 솔루션은 [Legion Pro 7 16IAX10H에 대한 도킹을 방문하십시오] ( 방문하십시오.
keyword_reviews01.xlsx,"나는 2021 년의 ASUS Scar 15로 RTX 3070을 대체하기위한 게임 노트북을 찾고 있었고, 원래 RTX 5070TI를 가진 ASUS Zephyrus G16을 가볍고 휴대하기 쉬운 랩탑을위한 최고의 달콤한 스팟 RN이기 때문에 원래 결정했지만, 내가 갇힌 문제는 내 나라에서 Zephyrus G16 2025를 시작했습니다. 또한 5080의 120W가 낮기 때문에 가치가 없으며, RTX 5070TI & RTX 5080에서 사용할 수있는 Lenovo Legion Pro 7I에주의를 기울였으며 ASUS에서 RTX 5080을 얻을 수 있다고 생각합니다. 어쨌든 Asus보다 더 저렴하고 전파선을 구입하기위한 주요 문제가 아니기 때문에 새로운 랩탑을 구매하는 것이 아니기 때문입니다. 학생과 나는 그 똥을 가지고 다녀야합니다. 비록 나는 체중 문제를 해결하기 위해 C 형 140W 충전기와 연결될 수 있지만 충전기 플러스 레지온은 확실히 4kg+이고 충전기가있는 Zephyrus는 약 2.8kg이므로 어떻게 생각하는지, 어떻게해야합니까? Zephyrus G16이 출시 될 때까지 RTX 5070TI와 함께 구매하거나 단순히 Legion을 얻으십시오. 일반 노트북을 운반하는 학생들을 도와주세요."
keyword_reviews01.xlsx,"나는 약 7 년 동안 같은 MacBook Pro (2017)를 가졌습니다. 그것은 나에게 잘 봉사했지만 배터리가 마침내 포기하고 새로운 노트북을위한 시간입니다. 나는 현재의 벽돌이 많은 MacBook Pro보다 가볍고 약간 작은 것을 찾고 있기 때문에 새로운 2025 MacBook Air를 정말로 원했습니다. 다른 모든 장치는 Apple이기 때문에 랩톱에서 문자를 보내고 모든 장치를 매끄럽게 유지할 수 있습니다. 그러나 저는 대학원에 있기 때문에 Google Docs, Sheets, Drive 등에 Google Chrome을 지속적으로 사용합니다. 이것이 Mac의 배터리 수명이 크게 줄어든다고 생각합니다. 그래픽 디자인이나 게임에 노트북을 사용하지는 않지만, 여러 문서, 슬라이드 쇼 및 여러 탭/창이 주어진 시간에 열린 기사 사이에 멀티 태스킹을 자주합니다. 나는 Windows 노트북이 이와 같은 작업에 훨씬 더 나은 것이라고 말하는 것을 들었습니다. 그래서 어떻게해야합니까? 내가 알고 사랑하는 Mac OS를 유지하거나 잠재적으로 더 나은 성능을 위해 Windows로 전환해야합니까?"
keyword_reviews01.xlsx,"안녕하세요 여러분, 저는 1.7lakhs에서 게임 노트북을 사고 싶습니다. 우선 순위는 주로 게임이며 일부 노트북에 대해 약간 혼란스러워합니다. 첫 번째는 Ryzne 9 8940HX 및 RTX 5060을 사용한 ASUS ROG Strix G16 2025 모델입니다. 두 번째는 I9 14900HX 및 RTX 4070을 갖춘 Acer Predetor Helios 16 2024이고 세 번째는 Lenovo Legion 5 Pro이며 지금까지 출시되지 않았습니다. 이제 ASUS에 대한 온라인 리뷰 비디오가 없으므로 더 혼란스럽게 만듭니다. Acer Helios의 주요 문제는 브랜드를 그렇게 많이 믿지 않기 때문에 그것이 좋은 선택인지 모르겠습니다. Lenovo Legion 5 Pro를 OLED 디스플레이와 함께 기다리거나 지금 다른 하나를 구입해야한다면 혼란 스러웠습니다. 5060을 구매하는 것이 4070보다 낫지 않은지 말해 줄 수 있습니까? 그리고 Acer는 신뢰할 수있는 브랜드입니까? 제품을 처음 구입할 때가되었습니다. 누군가이 질문에 도움을 줄 수 있다면 많은 도움이 될 것입니다 🫶🏻"
keyword_reviews01.xlsx,"이것은 아마도 우리 가족의 존재의 전체 역사상 최악의 구매 중 하나 일 것입니다. 이것은 아버지의 손을 내밀어 약 350 $ -ish를 얻는 것이 좋습니다. 절대 쓰레기 조각, 빌드 품질은 끔찍하고 키보드는 미친 듯이 가라 앉습니다. 한쪽에서 뚜껑을 닫으면 전체 화면이 굽히고 (화면을 교체 한 한 가지 화면이 있었음) 배터리가 끔찍합니다. 나는 3 년 동안이 노트북에 어떤 일이 일어 났는지 전혀 모른다. 그러나 지금 배터리는 배터리만으로 YouTube보다 무거운 것을 실행할 수 없어서 항상 죽지 않기 위해서는 항상 꽂아야한다는 것을 의미한다. 가벼운 하중조차도 빠르게 배출되어 전체 충전으로 약 1 시간 동안 지속됩니다. 내 OS를 Linux (Zorinos, Ubuntu를 원했지만 부팅을 거부하기를 거부했습니다)로 변경하면 배터리 수명이 약간 향상되었지만 여전히 지금은 데스크탑 머신 일뿐입니다. 내가 불만이없는 유일한 것은 256GB SSD입니다. 물론, 그것은 가장 큰 슬픈 일이 아닐 수도 있지만, 그것은 꽤 빨리 망할 것이며 전혀 문제 없이이 노트북의 프로. 그것은 거의 엉덩이에 고통을 겪기 때문에 이것을 고치지 않을 것입니다."
keyword_reviews01.xlsx,"이제 방금 깨달은 문제는 다음과 같습니다. 왜 절반의 가격으로 훌륭한 데스크탑을 구축하고 Parsec, SSH 또는 유사한 도구를 통해 어디서나 액세스 할 수있을 때 랩탑에 2,500 유로를 소비해야합니까? 여행을 할 때도 모바일 데이터는 요즘에도 적절한 대기 시간 으로이 작업을 수행 할 수있을 정도로 빠릅니다. 이 설정의 가장 큰 장점 중 하나는 로컬 장치가 가열되지 않는다는 것입니다. 예를 들어 라이브러리가 더 편안합니다. 또한 데스크탑 구성 요소는 달러당 더 많은 전력을 제공하며 노트북보다 스로틀을 스로틀 할 가능성이 적습니다."
keyword_reviews01.xlsx,"나는 다음 달에 Uni에 합류 할 예정이며, 프로그래밍, 연구 및 라이트 게임을위한 괜찮은 노트북을 구입할 계획입니다. 처음에는 M4 Pro 칩으로 MacBook Pro를 얻을 계획 이었지만 추가 연구에서 Apple Silicon이 Bootcamp를 허용하지 않는다는 것을 깨달았습니다 (현재 Arm Arch를 사용하기 때문에 CS 전공이기 때문에 Arm Arch를 사용하기 때문에 Arm Arch를 사용하기 때문에). 배터리 수명, 화면 및 성능과 같은 특정 측면. RTX 4050 32 GB RAM으로 Lenovo Yoga Pro 9I를 찾았지만 배터리 수명은 그다지 크지는 않습니다 (약 7 시간), RTX 4070 및 32 GB RAM의 ASUS Zephyrus G16 (2024)은 적당한 배터리 수명과 좋은 스크린을 제공합니다. 이 가격대 (2000 USD)에서 이것보다 더 나은 노트북이 있습니까?"
keyword_reviews01.xlsx,Legion 5 Pro의 8GBVRAM에 대한 Legion 7의 16GBVRAM의 이점은 미래의 선택에 대한 후자보다 어떤 방식으로?
keyword_reviews01.xlsx,3. GPU AI 기술. RTX 4070의 DLSS3의 장점. 따라서 RTX 3080의 16GBVRAM은 4070 년대의 두 배인 DLSS3을 지원하는 게임의 벤치 마크를 보았습니다.이를 통해 3080보다 65% 이상을 수행하는 게임을 보았습니다.
keyword_reviews01.xlsx,문제는 RTX 3080의 16GBVRAM보다 4070 년대 DLSS3 우위를 선택 하시겠습니까? 아니면 후자를 선택하고 FSR과 함께 살 것입니까?
keyword_reviews01.xlsx,2025 LG Gram Pro를 얻는 것을 고려하고 있으며 255H 모델이 내 랩에서 노트북을 사용하는 것이 괜찮은지 또는 강력한 CPU로 인해 너무 뜨거워 지는지 확인하고 싶습니까? Ultra 7 258V 버전이 더 나은 선택일까요?
keyword_reviews01.xlsx,"나는 Ultra 9 (Serries 2), 터치 스크린 IPS 및 60 Hz Refresh Rate 또는 LG Gram Pro (16Z90TS-G.AUG7U1)를 사용하여 LG 그램 (16Z90TL-H.AUB9U1)을 토론하고 있습니다. 나는 많은 엑셀, 사진 편집 및 웹 브라우징을 사용할 것입니다. 나는 더 나은 새로 고침 속도를 좋아하고 프로에는 두 명의 팬과 함께 제공됩니다 (그래서 조용한다고 가정합니다). 그러나 9U1에는 더 나은 프로세서가 있습니다. 또한 새로 고침 속도가 낮은 터치 스크린이 나에게 적합한지를 결정할 수 없습니다. 누구든지 안내가 있습니까?"
keyword_reviews01.xlsx,스피커를 작동하게 할 수 없습니다. USB-C에서 USB-C 케이블을 사용하여 MacBook Pro에 연결했지만 설정으로 들어가 사운드 출력을 모니터로 설정하면 사운드 볼륨 컨트롤을 조정할 수 없습니다.
keyword_reviews01.xlsx,"LG GRAM PRO 17 ""2025- 모욕 열 페이스트 응용 프로그램을 넘어서, 다이의 80%는 알몸이었고, 끔찍한 열 디자인, 더 큰 히트 파이프 및 히트 싱크를위한 충분한 공간이 많았습니다. 이것은 LG의 끔찍한 엔지니어링입니다.이 노트북은 훨씬 더 높은 전력 한계를 사용할 수있었습니다."
keyword_reviews01.xlsx,그런 다음 Windows 11 Pro의 부팅 가능한 버전이있는 USB 스틱에서 부팅하려고 시도했지만 USB 스틱을 강조하는 것은 작동하지 않았습니다 ... 다시 솔루션을 찾으려고 노력했고 부팅시 F10을 사용할 곳을 읽었습니다. F10 키를 유지하면서 USB 스틱에 일시적으로 부팅 할 수 있었고 Windows 11 Pro를 성공적으로로드하여 설치할 수있었습니다.
keyword_reviews01.xlsx,첫 직관은 Surface Pro 13 이었지만 Qualcomm의 팔 칩셋을 사용하고 있으며 일부 증기 게임과 호환되지 않습니다.
keyword_reviews01.xlsx,"나는 주로 스탠드 모드에서 사용할 수있는 것을 찾고 있습니다. 내용을 읽는 동안 PC 앞에있을 필요가 없으므로 집중적 인 디스플레이, 배터리 및 내구성이 뛰어납니다. 쿨러를 달리는 것을 선호합니다. 이 두 가지 모두 장단점을 가지고 있으며, 하나는 Acer 인 Gram 가격의 절반입니다. 새로운 2022 모델은 $ 200, $ 700이므로 큰 차이는 없습니다. 이 중 어느 것이 추천 하시겠습니까, 아니면 더 나은 선택이 될 다른 대형 디스플레이 2in1이 있습니까?"
keyword_reviews01.xlsx,Ninkear A15 Pro는 올해 더 많은 최신 하드웨어로 업데이트되었습니다. 이전 모델에는 AMD Ryzen 5 6600H가 장착되었습니다. 2025 모델은 AMD Ryzen 5 7430U를 사용합니다. 장치의 수행 방식을 알아 보려면 여기에서 내 리뷰를 읽으십시오.
keyword_reviews01.xlsx,Ninkear A15 Pro는 간단하고 눈에 띄지 않는 디자인을 유지합니다. 하우징은 알루미늄 합금으로 만들어져 단단한 느낌에 기여합니다. 표면은 매트이며 지문에 저항합니다. 솜씨는이 가격 범주에 적합하며 깨끗한 가장자리와 적합이 있습니다. 힌지는 여전히 디스플레이를 최대 180도까지 열 수있게하므로 사용하기에 더 유연하고 안정성을 제공합니다. 무게는 종종 1.8kg 미만이며 두께가 20mm 인 슬림 한 디자인으로 운반하기 쉽습니다.
keyword_reviews01.xlsx,"2025 Ninkear A15 Pro에는 TDP가 15W 인 AMD Ryzen 5 7430U가 있습니다. 이 CPU는 균형 잡힌 성능과 에너지 효율을 제공합니다. 16GB DDR4 3200MHz (하나의 모듈) 및 PCIE 3.0을 통해 연결된 1TB NVME SSD와 함께. 일상적인 작업, 멀티 태스킹, 까다로운 사무실 응용 프로그램 및 기본 이미지 또는 비디오 편집을 원활하게 수행 할 수 있습니다. 통합 AMD Radeon을 사용하면 적당한 설정에서 덜 까다로운 게임을 할 수 있습니다. Fortnite는 가장 낮은 설정에서 약 60fps로 전체 HD로 실행됩니다."
keyword_reviews01.xlsx,"그래서 최근에 나는 나 자신에게 하나도 없었기 때문에 새로운 노트북을 찾고있었습니다. Windows Gaming PC에서 거의 7 년간의 경험 (지금은 액세스 할 수 없습니다)에서 연구 및 연구, 에세이 작성, 비디오보기, 고급 비디오 편집 및 코딩 및 AI/ML 프로그램 실행과 같은 다른 작품으로 전환 할 것입니다. Ive는 거의 10 년 동안 PC 게이머 였기 때문에 (FIFA, Fortnite, Valorant 및 Apex Legends를 재생) 친구들과 가끔 게임을 할 수 없다고 생각하지만 Ive는 또한 전체 충전 시간 (6-13)의 좋은 배터리 백업을 이상적으로 찾고 있었는데, 여기서도 지연을 경험하지 않고 색상 채점과 같은 가벼운 일을 할 수 있습니다. 지금까지 내 예산 (1900 년 USD 1900) 내에서보고 있던 두 랩탑은 M4 Mac Book Pro (24GB 통합, 14 인치, 512GB, 나노 텍스트) 및 포식자 Helios (RTX 5070/60, I9 12-14 세대, 16 GB RAM, 16 TB Storage, 16 인치)입니다. 언급). 너희들이 반대한다면 정말 감사 할 것이다."
keyword_reviews01.xlsx,"나는 OLED 스크린의 뛰어난 반사적 코팅으로 인해 삼성 갤럭시 북5 프로 (Samsung Galaxy Book5 Pro)를 고려했지만 (나는 그것을 직접 확인했고 정말 좋아 보인다) 여전히 광택이 있고 햅틱 터치 패드는 없다. 또한 16 ""은 \ ~ 3.3 lbs에서 무거운면에 약간 있습니다."
keyword_reviews01.xlsx,"나는 15 년 이상 PC 게이머였으며 솔직히 말해서, 이것은 저를 바닥에 두었습니다. 이 통합 GPU는 전용 NVIDIA RTX 3050 모바일과 유사한 성능을 가지고 있으며, 이는 35-45W 또는 동일한 결과를 제공하기 위해 전력의 두 배 이상을 짜증나게합니다. 이는 필요할 때 성능을 희생하지 않고 배터리 수명, 더 낮은 온도, 조용한 팬 소음 및 더 가벼운 장치가 훨씬 향상됩니다. 작년 Gram Pro가 앞서 언급 한 RTX 3050을 흔들면서 LG의 세대 개선보다 큰 세대입니다. 이 칩의 절대적인 아름다움으로의 효율성은 볼 수 있고 새로운 그램 프로 16 인보다 더 적합한 랩톱이 거의 없다. 인텔의 새로운 플래그십 노트북 칩에 대한 유일한 부정적인 것은 점점 더 무의미한 이름 지정 계획이다."
keyword_reviews01.xlsx,"컴파일러는 프로그램의 전체보기의 이점을 얻으므로 지능적으로 예약 할 것으로 예상 될 수 있지만, 실제 실행 시간까지 일부 결과가 알려지지 않은 상태에서 컴파일러가 눈을 멀게 유지하는 조건이 있습니다. 이 문제를 악화시키는 것은 컴파일러가 설정 한 스케줄링을 프로세서에 의해 런타임시 변경할 수 없다는 사실입니다."
keyword_reviews01.xlsx,"그러나 AMD가 NVIDIA를 실제로 얻고 싶다면 성능 플러스 또는 기능 세트 플러스와 같은 것보다 더 많은 것이 필요하다고 가정 할 수 있지만, 어쨌든 레이 트레이싱 성능과 피처 측면에는 더 이상 단점이 없습니다. AMD는 후자에 대해 열심히 노력하고있는 것으로 보이며, 이것은 Nvidia에 대한 새롭고 심각한 공격에 대한 생각할 수있는 준비로 볼 수 있습니다. 이 공격은 그 전에 AMD에게는 실제로 가치가 없다. 이는 고급 솔루션을 개발할 수 없다는 것을 의미하지는 않지만, 이는 NVIDIA의 최고 솔루션 아래로 의도적으로 설정해야한다. 결국, 현재 가격 수준에서 Nvidia는 확실히 두 번째로 좋은 NVIDIA 그래픽 칩과 경쟁 해야하는 1000 달러/유로 가속기를 개발할 가능성을 확실히 제공합니다."
keyword_reviews01.xlsx,문제는 LG GRAM 360 16T90P-GR5 BK (SSD 256GB 및 ASUS ZENBOOK 15PRO UP6502ZA-M8008W (SSD 512GB) 중에서 선택할 수 없다는 것입니다.
keyword_reviews01.xlsx,** 결론 : ** 단지 게임이 최적화 된 것으로 생각 되거나이 노트북을 대처하고 구입하는 것이 실수였습니다. 내가 한 실수 나 잘못이 보이면 내가 말한 것은 자유롭게 강의 해주세요. 나는 단지 CS2를 안정시키고 스터터없이 플레이하고 싶지만 가능한 경우 300Hz로 경쟁력을 사용합니다. 나는 벤치마킹에 대해 많은 지식이 없다. 내가 말하는 것은 다른 의견을 가진 다른 사람들로부터 나온 것입니다.
keyword_reviews01.xlsx,"최근에 Windows 드라이버 검증기에 대해 배웠습니다. ""시스템이 예기치 않게 LEL을 끄는 것 외에 유용한 이벤트 뷰어 정보를 얻지 못했기 때문에 시도해 보았 기 때문에 NVIDIA에 대한 검증을 수동으로 켜고 Minidumps가 열매를 맺을 지 확인했습니다. 일어난 일은 Windows에 모든 부하로 인해 운전자 검증 업체가 무언가를 잡았고 Windows로 부팅 할 수 없다고 말하면서 충돌을 일으켰습니다. 그래서 나는 미니 덤프를 잡고 Windbg에서 조금 보았고 검증기를 비활성화하기 전에 데스크탑에 복사하여 정상적으로 부팅 할 수있었습니다. 내가 설명해야 할 것은, 내가 나쁜 일을하지 않는 스타트 업에로드하는 일부 드라이버를 표시했기 때문에 여기서 잘못된 긍정적 인 것이 있다면, 그것이 드라이버 검증자가 그렇게 사용할 때 드라이버 검증 업체가하는 일이라는 것입니다. 나는 그것이 새로운 방식으로 어떻게 작동하는지 알지 못합니다."
keyword_reviews01.xlsx,"나는 4 마리의 개 (독일 셰퍼드 2 명, 허스키 1 명, 핏불 1 명) 내 LG 세탁기가 최근 양동이를 차고 배수를 거부했다. 나는 그것을 매우 철저히 청소하고 드레인 펌프 모터를 아무 소용없이 교체했습니다. 그래서 나는 새로운 세탁기가 필요하다고 생각합니다 (누군가가 부러진 것을 추천 할 것이 없다면) 나는 Maytag Pet Pro Washer를보고 있었고, 내 드라이어에 아무런 문제가 없지만 내 동생이 필요하지 않기 때문에 아마 그에게 줄 것입니다. 와셔 건조기 세트가 잘 바라보고 있습니까? 아니면 4 마리의 개에게 더 좋은 것이 있습니까, 우리는 집에 개 머리카락이 많이 있습니다."
keyword_reviews01.xlsx,* 프로 배플 필터 (메쉬가 없다고 생각합니까?)
keyword_reviews01.xlsx,LG Gram Pro 2-in-1 16 인치의 양면 SSD?
keyword_reviews01.xlsx,"LG Gram Pro 2-in-1 16 인치, 얇고 경량 노트북, Windows 11 Home, Intel® Evo Edition-Intel® Core ™ Ultra 7 Intel® Core ™ Ultra7 (시리즈 2) 255H, 32GB RAM, 2TB (2x1TB) SSD, Black (모델 16T90TP-K.ADB7U1)를 얻고 싶습니다."
keyword_reviews01.xlsx,LG Gram Pro 16 대 요가 7i Aura Edition 15 인치
keyword_reviews01.xlsx,"제목은 모든 것을 말하고 알고 싶었습니다. IM은 LG 그램 (정확한 모델은 확실하지만 정확한 모델은 확실하지만 15.3 인치 터치 스크린, 16GB RAM, 1 개의 TB4 및 1 개의 일반 USBC, WiFi 6E)을 받았으며, 첫 번째 PC (2019 년부터 MacBook Pro에서 시작)입니다."
keyword_reviews01.xlsx,"Ninkear A15 Pro의 특징 중 하나는 16 인치 IP 디스플레이입니다. QHD 해상도 (2560 x 1600 픽셀)를 제공하여 텍스트와 이미지를 날카롭게 표시 할 수 있습니다. 밝기는 400 니트로 지정됩니다. SRGB 범위의 색상 커버리지는 99-100%이므로 디스플레이는 멀티미디어 컨텐츠, 라이트 이미지 편집 및 사무실 응용 프로그램에 적합합니다. 120 Hz 새로 고침 속도는 매끄러운 디스플레이를 지원합니다."
keyword_reviews01.xlsx,"Dell 제품 품질은 수년에 걸쳐 감소한 것으로 보이며 저렴한 모델에서 멀리 떨어져있는 것이 좋습니다. 고려해야 할 16 인치 모델은 Pro 16 Plus, Precision 7680, Inspiron 16 Plus (명백히 핫하고 저렴한 모델입니다), 위도 7650입니다. 화면 사양은 약간 약해 보이고 나머드가 없습니다. XPS는 멋진 컴퓨터이지만 매우 신뢰할 수없고 뜨겁지 않은 것 같습니다."
keyword_reviews01.xlsx,나는이 두 노트북 사이에서 매우 찢어졌고 당신이 당신의 정직한 입력과 통찰력으로 나를 도울 수 있기를 바라고 있습니다. Book5 Pro는 내가 지금보고있는 새로운 노트북이 내가 지금 가고 있고 15/16 ish 인치를 대체해야 할 새로운 노트북이 내가 좋아하는 데 너무 큰 랩탑이기 때문에 오랫동안보고 있던 원래의 랩톱이었습니다.
keyword_reviews01.xlsx,"비디오 편집 (4K가 아니라 1080p), 3D 렌더링 및 사진 편집에 적합하거나 처리 할 수있는 노트북을 찾고 있습니다. 예산은 $ 850입니다. 나는 eBay에서 837 달러에 (1 년 보증과 30 일 반품이 있음) 리퍼브 M1 Pro 16-Core GPU, 32GB RAM, 512GB SSD (내 데이터를 외부로 저장할 수 있지만 걱정하지는 않는다)를받을 생각입니다. 그러나 나는 Windows 노트북에 대해 생각하고있었습니다. 저는 현재 끔찍한 배터리 수명이있는 끔찍한 2019 MacBook Pro 16 인치 32GB 1TB SSD를 가지고 있습니다 (1200 달러의 충전주기가 필요합니다. 140 달러로 교체해야합니다)와 과열 문제 (팬들은 크롬과 용감한 것을로드하여 크게 시끄럽습니다."
keyword_reviews01.xlsx,학교를위한 노트북이므로 7 시간 이상 지속될 수있는 배터리가 필요합니다. AMD 프로세서가 그 범주에서 좋다고 들었습니다. 나는 특정 소프트웨어를 사용하지 않고 수업에 내 노트와 다른 가벼운 활동을 기록하기 위해 개념 만 사용합니다. 나는 사용할 수 없기 전에 1 년 이상 사용할 수있는 합리적인 프로세서를 원합니다. 내 예산은 최대 800 유로입니다. 좋은 노트북의 합리적인 가격처럼 보입니다. RAM과 SSD 슬롯을 변경하여 향후 더 쉽게 업그레이드하거나 수리 할 수있게되면 감사하겠습니다. 고품질 스크린이 예산에 적합하다고 생각하지 않으므로 기본 화면은 괜찮습니다. 튼튼한 노트북은 어떤 일이 일어날 지 알지 못하기 때문에 감사 할 것입니다. 크기는 실제로 중요하지 않지만 16 인치 화면이 너무 크지는 확실하지 않습니다. Lenovo ThinkPad E16/14 G2/G6 AMD와 같은 일부 모델을 보았습니다. 왜냐하면 견고하고 많은 포트와 좋은 배터리가 있기 때문입니다. 또한 Dell Pro 14 PC14255와 Lenovo IdeaPad Slim 5 16akp10을 살펴 보았습니다. 전자는 더 나은 CPU를 가지고 있지만 후자는 쉽게 손상 될 수있는 것처럼 보입니다. 나는 결정할 수 없어서 여러분들에게 도움을 요청하고 싶었습니다.
keyword_reviews01.xlsx,"안녕하세요 여러분, Diehard Asus 노트북 팬을 많이, 14 인치 M2 MacBook Pro 14를 구매하기로 결론을 내 렸습니다."
keyword_reviews01.xlsx,"나는 연구에 시간을 보냈지 만 약간 압도당했습니다. 이것들은 내가 지금까지 충분히 좋다고 생각한 것들입니다. 아이디어 패드 프로 5i Gen 10 (16 ""Intel)을 제외하고는 모두 개조됩니다. 어느 쪽을 찾을 수 있습니까?"
keyword_reviews01.xlsx,학교를위한 노트북이므로 7 시간 이상 지속될 수있는 배터리가 필요합니다. AMD 프로세서가 그 범주에서 좋다고 들었습니다. 나는 특정 소프트웨어를 사용하지 않고 수업에 내 노트와 다른 가벼운 활동을 기록하기 위해 개념 만 사용합니다. 나는 사용할 수 없기 전에 1 년 이상 사용할 수있는 합리적인 프로세서를 원합니다. 내 예산은 최대 800 유로입니다. 좋은 노트북의 합리적인 가격처럼 보입니다. RAM과 SSD 슬롯을 변경하여 향후 더 쉽게 업그레이드하거나 수리 할 수있게되면 감사하겠습니다. 고품질 스크린이 예산에 적합하다고 생각하지 않으므로 기본 화면은 괜찮습니다. 튼튼한 노트북은 어떤 일이 일어날 지 알지 못하기 때문에 감사 할 것입니다. 크기는 실제로 중요하지 않지만 16 인치 화면이 너무 크지는 확실하지 않습니다. Lenovo ThinkPad E16/14 G2/G6 AMD와 같은 일부 모델을 보았습니다. 왜냐하면 견고하고 많은 포트와 좋은 배터리가 있기 때문입니다. 또한 Dell Pro 14 PC14255와 Lenovo IdeaPad Slim 5 16akp10을 살펴 보았습니다. 전자는 더 나은 CPU를 가지고 있지만 후자는 쉽게 손상 될 수있는 것처럼 보입니다. 나는 결정할 수 없어서 여러분들에게 도움을 요청하고 싶었습니다.
keyword_reviews01.xlsx,"추신 : Lenovo Legion이 좋다고 들었습니다. 그것이 사실이라면, 장단점은 무엇입니까?"
keyword_reviews01.xlsx,"** Dell Pro 16 Plus ** (그러나 배터리가 다른 것만 큼 좋다고 생각합니다. 2) ** : ** Ultra 7 268V, VPRO 32GB RAM"
keyword_reviews01.xlsx,"나는 내 Surface Pro를 좋아했지만 실제 ""노트북""으로 사용하기가 어렵 기 때문에 뒤쪽의 경첩이 마음에 들지 않았습니다. 그렇기 때문에 Surface Pro가 분리 가능한 키보드 및 힌지와 비슷하다고 생각하면서 Surface Laptop 7을 강력하게 고려하고 있습니다. 또한 배터리 수명이 좋다고 들었고 일반적으로 Windows OS를 좋아합니다."
keyword_reviews01.xlsx,X Elite Lunar Lake 및 Strix Point의 이전 릴리스와 Strix Halo 및 Arrow Lake Mobile 사람들의 다가오는 릴리스와 함께 배터리 수명에 대해 이야기하고 배터리 수명이 더 좋았습니다 여기서 문제는 사람들이 YouTubers 또는 NotebookCheck과 같은 다른 검토 사이트가 실시간 배터리 수명과 전혀 동일하지 않은 배터리 수명 테스트를 기반으로 의견을 제시한다는 것입니다 이 테스트는 이러한 장치의 배터리 수명을 과대 평가하고 실제 세계에서 실제로 사용되는 금액은 각 모델마다 다릅니다 일부는 90 를 유지하고 일부는 그 사이에 있고 일부는 그 사이에 있습니다 그러나이 합성 테스트에서 당신이 더 좋다고해서 그것이 현실 세계로 이어질 것이라는 의미는 아닙니다 많은 리뷰가 여전히 CPU가 아닌 미디어 엔진을 테스트하는 Videoplayback을 사용하기 때문에 특히 사실입니다 PC World가 이러한 장치에서 실제 테스트를 수행했기 때문에이를 확인하기 위해 실수가 있습니다 그들은 Sync Monster라고 불리는 것을 사용하여 그렇게했습니다 이 비디오 에서이 방법을 볼 수 있습니다
keyword_reviews01.xlsx,그것의 2025 년과 우리는 여전히 경험하고 있습니다 나는 게임에 얼마나 많은 돈을 벌고 있는지 모르겠다 대부분의 날 30Mbps를 만나게되어 운이 좋다 나는 Windows에 내장 된 반 바이러스를 비활성화하려고 시도했습니다 Microsoft 프로그램을 사용할 때 문제가 발생하는 이유는 수수께끼입니다 자신의 소프트웨어에는 자신의 소프트웨어에 문제가 있습니까
keyword_reviews01.xlsx,LG TV의 디스플레이에 문제가 있습니다 나는 약간의 연구를 해왔고 그것은 Time Control Board와 관련된 문제를 지적하고있었습니다 이 정보는 한 번에 두 개의 리본 커넥터 중 하나를 뽑아 내고 TV를 다시 켜서 그림의 절반이 나타났습니다 나는 그 단계를 수행했지만 절반의 흰색 화면이었다 TC 보드인지 다른 것인지 확인할 수있는 다른 것이 있는지 아이디어가 있습니까 TV에서 여전히 소리가 나옵니다 나는 여전히 앱에 액세스하고 거기에 무엇이든지 재생할 수 있으므로 메인 보드가 좋다고 생각합니다 나는 확실하지 않다 나는 현금이 적으므로 부품 구매를 시작하기 전에 다른 것을 배제하고 싶습니다
keyword_reviews01.xlsx,안녕하세요 여러분 2019 년에 2 년 동안 사용하지 않은 대학을 위해 구입 한이 노트북을 가지고 있습니다 나는 오늘 그것을 닦기 전에 유지하고 싶을 수도 있고 꽂지 않은 동안 아무데도 꺼지지 않을 수도있는 데이터가 있는지 확인하기 위해 오늘 그것을 부팅했습니다 이 후에는 다시 연결할 때까지 생명의 흔적을 보이지 않았습니다 노트북이 연결되어 있지만 모든 것이 정상적으로 동작합니다 부팅하고 충전 중이며 PowerCFG BatteryReport는 저에게 합법적 인 보고서를 제공하고 있으며 정상적인 것으로 사용할 수 있습니다 전원 버튼을 12 초 동안 하드 재설정 배터리 제거 및 정적 방전의 전원을 유지하고 CMOS 배터리 제거 및 방전을 포함하는 배터리가 잘못된 배터리에 대한 표준 문제 해결을 시도했습니다 모든 것이 배터리가 좋다고 주장하는이 특정 문제에서 자원을 찾을 수 없기 때문에 다른 시도를 확실하지 않지만 마치 마치 마치 마치 행동하는 것처럼 행동합니다 마더 보드의 배터리 회로가 요리되었다고 가정하기 전에 시도해 볼 수있는 다른 문제 해결 단계는 무엇입니까
keyword_reviews01.xlsx,BIOS를 업데이트하고 Memtest를 실행하고 Occt 테스트를 실행했으며 내가 가진 SSD 3 개 모두에서 자체 테스트를 실행했으며 다른 파티션에서 전체 Windows를 다시 설치했습니다 일반 파티션에서 Windows를 다시 설치했습니다 문제가 작동하거나 확인 된 것은 없습니다 모든 테스트는 완벽하게 돌아옵니다 나는 내 시스템의 모든 시스템 점검이 온도가 좋다고 말하더라도 가열 문제를 일으킬 수 있다고 생각하는 시스템의 냉각수를 교체했습니다 나에게 완전한 미스터리입니다
keyword_reviews01.xlsx,홈 오피스를 설립하려고합니다. 원래 데스크탑 컴퓨터를 얻을 계획 이었지만 랩톱의 기능이 더 의미가 있음을 깨달았습니다. 참조를 위해 LG 그램 프로 구매.
keyword_reviews01.xlsx,"나는 2021 년의 ASUS Scar 15로 RTX 3070을 대체하기위한 게임 노트북을 찾고 있었고, 원래 RTX 5070TI를 가진 ASUS Zephyrus G16을 가볍고 휴대하기 쉬운 랩탑을위한 최고의 달콤한 스팟 RN이기 때문에 원래 결정했지만, 내가 갇힌 문제는 내 나라에서 Zephyrus G16 2025를 시작했습니다. 또한 5080의 120W가 낮기 때문에 가치가 없으며, RTX 5070TI & RTX 5080에서 사용할 수있는 Lenovo Legion Pro 7I에주의를 기울였으며 ASUS에서 RTX 5080을 얻을 수 있다고 생각합니다. 어쨌든 Asus보다 더 저렴하고 전파선을 구입하기위한 주요 문제가 아니기 때문에 새로운 랩탑을 구매하는 것이 아니기 때문입니다. 학생과 나는 그 똥을 가지고 다녀야합니다. 비록 나는 체중 문제를 해결하기 위해 C 형 140W 충전기와 연결될 수 있지만 충전기 플러스 레지온은 확실히 4kg+이고 충전기가있는 Zephyrus는 약 2.8kg이므로 어떻게 생각하는지, 어떻게해야합니까? Zephyrus G16이 출시 될 때까지 RTX 5070TI와 함께 구매하거나 단순히 Legion을 얻으십시오. 일반 노트북을 운반하는 학생들을 도와주세요."
keyword_reviews01.xlsx,"또한 최근에 개조 된 MacBook Pro M4 Pro (48 gigs, 2 tb 하드 드라이브)를 구입했습니다. 스크린은 유리에 몇 번의 긁힘이 있었고 패널에 일부 문제가있었습니다 (배송의 결과라고 말했습니다.) 그래서 나는 당신이 개조되어 있기 때문에 그것을 교환 할 수 없기 때문에 다른 하나를 구매할 계획으로 반환했습니다. 그러나 내 예산에 있거나 내가 원하는 램 또는 하드 드라이브 공간이 있었음을 보여주는 것은 없습니다. 그래서 이번 주에는 Best Buy에서 Asus Rog Zephyrus 16에서 구입했습니다."
keyword_reviews01.xlsx,"안녕하세요 여러분, Diehard Asus 노트북 팬을 많이, 14 인치 M2 MacBook Pro 14를 구매하기로 결론을 내 렸습니다."
keyword_reviews01.xlsx,"그래서 나는 Acer Aspire 7 RTX 3050 및 i5 12 세대를 구매하려고 생각하고 있습니다 (구체적으로는 이것 -https : // Home-4-Graphics-Gegeforce-3050-144-hz -A715-76G-548J-GAMING-LAPTOP/P/ITM20708CE5793F7? %2fb5g & srno = s \ _1 \ _5 & otracker = as \ _querystore \ _organicautosuggest \ _1 \ _7 \ _n a \ _na \ _na & otracker1 = as \ _querystore \ _organicautosuggest \ _1 \ _7 \ _na \ _na \ _na & FM = 유기농 및 IID = 5AA371DD-CDC8-497D-A243-25C2CDAB2BC7.comgp8qvtk3eqdxe.sea RCH & PPT = PP & PPN = PP & SSID = OOK0VHQUEO000000175147873309 & QH = 8B5D26A924EE876E) 그리고 나는 약간의 리뷰를 보았지만 그들은이 랩톱에 대해 많은 것을 말하지 않고, 그들은 리뷰와 게임 벤치 마크를 말하고 다른 비디오에서 랩톱이 다르게 수행되므로, 누군가가 Pro와 Cons에게 자세히 설명 할 수 있다면, 나의 주요 작업은 게임+3D 애니메이션 (매우 무겁지 않음) 및 연구 목적입니다."
keyword_reviews01.xlsx,그래서 나는이 두 짐승 사이에서 구매하기로 선택했으며 실제로 선택하기 어려운 시간을 보내고 있습니다. 그래서 나는 각 Afaik의 핵심 점이점을 분류 할 것이며 아래는 내가 가진 질문입니다.
keyword_reviews01.xlsx,"나는 여전히 Huawei Matebook D16 노트북 구매에 대해 확신이 없습니다. 12 세대 인텔 코어 i5-12450H, 1TB SSD 및 16GB RAM이 있습니다. 아주 좋지만 가격이 883 달러에 그만한 가치가 있는지 모르겠습니다. 좋은 점은 15 개월의 무이자가없는 것입니다. 후자는 완전히 필요하지는 않지만 공부, 프로그래밍 및 때때로 Valorant를 연주하기를 원합니다. 내가 고가의 노트북을 찾아야한다고 생각합니까, 아니면 더 낮은 가격으로 더 나은 노트북이 있다고 생각하십니까?"
keyword_reviews01.xlsx,"안녕하세요 여러분, 저는 1.7lakhs에서 게임 노트북을 사고 싶습니다. 우선 순위는 주로 게임이며 일부 노트북에 대해 약간 혼란스러워합니다. 첫 번째는 Ryzne 9 8940HX 및 RTX 5060을 사용한 ASUS ROG Strix G16 2025 모델입니다. 두 번째는 I9 14900HX 및 RTX 4070을 갖춘 Acer Predetor Helios 16 2024이고 세 번째는 Lenovo Legion 5 Pro이며 지금까지 출시되지 않았습니다. 이제 ASUS에 대한 온라인 리뷰 비디오가 없으므로 더 혼란스럽게 만듭니다. Acer Helios의 주요 문제는 브랜드를 그렇게 많이 믿지 않기 때문에 그것이 좋은 선택인지 모르겠습니다. Lenovo Legion 5 Pro를 OLED 디스플레이와 함께 기다리거나 지금 다른 하나를 구입해야한다면 혼란 스러웠습니다. 5060을 구매하는 것이 4070보다 낫지 않은지 말해 줄 수 있습니까? 그리고 Acer는 신뢰할 수있는 브랜드입니까? 제품을 처음 구입할 때가되었습니다. 누군가이 질문에 도움을 줄 수 있다면 많은 도움이 될 것입니다 🫶🏻"
keyword_reviews01.xlsx,"이것은 아마도 우리 가족의 존재의 전체 역사상 최악의 구매 중 하나 일 것입니다. 이것은 아버지의 손을 내밀어 약 350 $ -ish를 얻는 것이 좋습니다. 절대 쓰레기 조각, 빌드 품질은 끔찍하고 키보드는 미친 듯이 가라 앉습니다. 한쪽에서 뚜껑을 닫으면 전체 화면이 굽히고 (화면을 교체 한 한 가지 화면이 있었음) 배터리가 끔찍합니다. 나는 3 년 동안이 노트북에 어떤 일이 일어 났는지 전혀 모른다. 그러나 지금 배터리는 배터리만으로 YouTube보다 무거운 것을 실행할 수 없어서 항상 죽지 않기 위해서는 항상 꽂아야한다는 것을 의미한다. 가벼운 하중조차도 빠르게 배출되어 전체 충전으로 약 1 시간 동안 지속됩니다. 내 OS를 Linux (Zorinos, Ubuntu를 원했지만 부팅을 거부하기를 거부했습니다)로 변경하면 배터리 수명이 약간 향상되었지만 여전히 지금은 데스크탑 머신 일뿐입니다. 내가 불만이없는 유일한 것은 256GB SSD입니다. 물론, 그것은 가장 큰 슬픈 일이 아닐 수도 있지만, 그것은 꽤 빨리 망할 것이며 전혀 문제 없이이 노트북의 프로. 그것은 거의 엉덩이에 고통을 겪기 때문에 이것을 고치지 않을 것입니다."
keyword_reviews01.xlsx,기본 MacBook Pro M4는 우리 나라에서 구매하는 데 비싸기 때문에 얻을 수 없습니다. 공기 가격의 두 배.
keyword_reviews01.xlsx,저를 무모하게 만드는 주요 문제는 성능과 배터리입니다. 4060 ProArt 모델에 대해 이야기하는 모든 데이터를 찾을 수 없으므로 요가 프로 모델과 실제로 비교할 수 없습니다. 나는 또한 요가의 배터리가 그렇게 좋지 않다고 들었습니다. 나는 요가의 열과 팬 소음에 대해 좋은 소식을 듣고 그것이 ProArt와 같은지 확실하지 않습니다.
keyword_reviews01.xlsx,"그러나 나는 또한 여기저기서 게임을 좋아합니다. 나는 데스크 PC가 없으므로 노트북은 일부 게임을 실행할 수있는 유일한 가능성이 있습니다. 나는 대부분의 게임이 MacOS에 고유하지 않다는 것을 알고 있지만, MacOS에서 Windows를 모방 할 수있는 크로스 오버 또는 Paralells에 대해 들었습니다. 누구든지 그 경험을 한 사람이 있습니까? MacBook Pro M4 Pro 24GB 2C CPU/ 16C GPU의 플레이 가능한 레벨에서 Battlefield/ Red Dead Redemption 2/ GTA V/…를 실행할 수 있습니까?"
keyword_reviews01.xlsx,할 일이 있습니까 아니면 새로운 것을 구매하기 시작해야합니까 나는 문제가 개선되기를 바라고있는 가을까지 기다릴 때까지 기다리고 싶다 나는 그리스에 살고 여름이 너무 뜨겁다 그러나 나는 내년 여름에 다시 원할 때 사용할 수없는 랩톱을 갖고 싶지 않다
keyword_reviews01.xlsx,저를 무모하게 만드는 주요 문제는 성능과 배터리입니다 4060 ProArt 모델에 대해 이야기하는 모든 데이터를 찾을 수 없으므로 요가 프로 모델과 실제로 비교할 수 없습니다 나는 요가의 배터리가 그렇게 좋지 않다고 들었습니다 나는 요가의 열과 팬 소음에 대해 좋은 소식을 듣고 그것이 ProArt와 같은지 확실하지 않습니다
keyword_reviews01.xlsx,그러나 그것은 시계 노드 TSMC 5NM 4NM 및 성능 차이 대 NAVI 31 7900 XTX 에 대해 정규화 할 때 여전히 크게 증가하기 때문에 전체 스토리를 말하지 않습니다 9070 XT 클럭 대 7900 XTX의 얼마나 높은지 고려하지만 대부분의 경우에도 여전히 크게 흔들 리도록 관리합니다 Raster 1440p 및 4K 이것은 AMD의 큰 건축 변화와 RDNA 3이 저렴하지 않다는 것을 분명히 나타내지 만 적어도 MCM 디자인과 비교하여 모든 MCM 논리 실리콘 교량 냉각 증가 및 기타 추가 비용을 피할 수있는 MCM 설계에 대해서는 여전히 대규모로 지불합니다
keyword_reviews01.xlsx,고객 서비스와 이중 평생 보증에 대해 큰 소식을 들었음을 제외하고는 XFX에 대한 이전 경험이 없었습니다 카드를 받으면 상자에 넣고 VGA 모니터에 꽂았습니다 카드 자체에 VGA 포트가 없기 때문에 DVI VGA 어댑터 포함 모니터에는 아무것도 표시되지 않았습니다 카드는 진공만큼 크게 표시됨 나는 2 개의 다른 PC에서 그것을 시도했고 내가 생각할 수있는 모든 것을 시도했지만 아무것도 시도하지 않았습니다 글쎄 그것은 다른 모니터 VGA 를 시도하는 것이 나에게 일어났다 글쎄 나는 마침내 DVI 모니터에 꽂아서 작동하게했다 엄청난 문제는 Bum DVI 컨버터 였을 것입니다 글쎄 나는 운이 좋지 않은 3 개의 확인 된 DVI 변환기를 시도했다 이 비디오 카드는 DVI 변환기에서 작동하지 않는 것 같습니다 이 시점에서 나는 반환 환불 등을 얻는 데 어려움을 겪지 않다고 결정했으며 반품 배송은 아마도 비디오 카드 비용의 절반이 들었을 것입니다 DVI 기반 모니터 중 하나를 사용하기로 결정했습니다 실제로는 계획이 아니지만 당분간은 효과가있었습니다
keyword_reviews01.xlsx,응답 여기서 논쟁은 실제로 이와 같은 출시에 대한 기대에 달려 있습니다 Windows에서 이와 같이 본 마지막 큰 발사는 인텔 아크 Intel Arc 였는데 비디오 드라이버 문제가 있었는데 제품이 대부분의 것으로 예상되는 비디오 게임 비디오 게임을하지 못하게했습니다 반대로 이 프로세서는 대부분의 주류 사용자 작업에서 잘 작동하면서 우리가 기대했던 주요 기능 예외 배터리 수명 을 제공합니다 비디오에서 당신은 전문가 애플리케이션을 사용하거나 게임을 즐기는 사람들에게는 호환성이 좋지 않다고 생각하지만 우리의 견해에서는 이와 같은 새로운 플랫폼 출시에 대한 불합리한 목표입니다
keyword_reviews01.xlsx,그렇다면 마지막 두 옵션 사이에 옵션이없는 이유는 무엇입니까 지금은 3700x를 가지고 있으며 내 D15는 일반적인 작업에서 약 72 76C 정도의 PBO 오버 클로킹으로 잘 냉각됩니다 따라서 더 나은 성능을 원한다면 두 가지 옵션이 있습니다 360mm AIO를 얻으십시오 360mm AIO는 연장 된 스트레스 테스트 및 옵션 제한 후 약 10 15 더 나은 성능을 얻을 수 있습니다 대부분 팬에게 내려오고 Noctua 팬이 누워있는 경우 그 모든 사람들에게 거의 동일한 성능을 얻을 수 있습니다 또는 사용자 정의 루프를 얻을 수는 있지만 문제는 유지 보수 문제 를 다루고 싶지 않다는 것입니다 나는 몇 년 동안 D15를 가졌습니다 1 년에 한 번은 먼지를 제거하기 위해 공기를 사용하고 30 초 후에는 새롭게 보이고 맞춤형 루프는 많은 유지 보수와 더 멋진 것이 필요합니다 더 많은주의를 기울여야합니다
keyword_reviews01.xlsx,인텔은 두 제품 모두 재개 되었으며 진실하지 않다고 주장했다 문제는 분명히 다시 표시되지 않는다는 것입니다 그들은 그들 중 하나가 트레이 프로세서라고 주장하려고했기 때문에 소매 보증이 적용되지 않았으며 이로 인해 역 추적 된 후 재개되었다고 주장하는 경로를 갔다
keyword_reviews01.xlsx,Elgato와 같은 USB 솔루션을 선호하여 새로운 랩탑을 얻는 대신 현재 랩톱을 사용할 수 있지만 Elgato에서 볼 수있는 유일한 문제는 내가 본 비디오를 사용하면 전체 화면 미리보기에 대한 옵션이 없으며 미리보기와 지연이 있는지 확실하지 않다는 것입니다 나는 의도 된 것보다 더 많은 엘가 토를 사용하고 있으므로 정보는 거기에 있지 않습니다
keyword_reviews01.xlsx,"나는 Ultra 9 (Serries 2), 터치 스크린 IPS 및 60 Hz Refresh Rate 또는 LG Gram Pro (16Z90TS-G.AUG7U1)를 사용하여 LG 그램 (16Z90TL-H.AUB9U1)을 토론하고 있습니다. 나는 많은 엑셀, 사진 편집 및 웹 브라우징을 사용할 것입니다. 나는 더 나은 새로 고침 속도를 좋아하고 프로에는 두 명의 팬과 함께 제공됩니다 (그래서 조용한다고 가정합니다). 그러나 9U1에는 더 나은 프로세서가 있습니다. 또한 새로 고침 속도가 낮은 터치 스크린이 나에게 적합한지를 결정할 수 없습니다. 누구든지 안내가 있습니까?"
keyword_reviews01.xlsx,LG Gram Pro 16 2-in-1 용 스크린 프로텍터
keyword_reviews01.xlsx,공장에서 열 페이스트가 부적절하게 적용되는 것에 대한 이러한 모든 논의 후 RTX3050이 열적으로 스로틀링 된 2023 LG Gram Pro 16in에 대해서는 열 페이스트를 다시 적용하기 위해 기술자에게 가져 오기로 결정했습니다. 원래의 페이스트는 매우 잘 적용되었지만 매일 거의 10 시간 동안 2 년 동안 2 년 동안 건조되었습니다. 이제 프로세서 온도가 다시 정상으로 돌아와서 더 이상 열적지가 없습니다. 그램의 열 파이프는 매우 얇고 가볍습니다.이 경로를 따르고 그람 과열이 새로운시기에 비해 과열을 느끼면 열 페이스트를 다시 적용하는 것이 좋습니다. 나는 기술자에게 새로운 PTM7950 패드를 제공했으며 그램에서 잘 작동합니다.
keyword_reviews01.xlsx,"LG GRAM PRO 17 ""2025- 모욕 열 페이스트 응용 프로그램을 넘어서, 다이의 80%는 알몸이었고, 끔찍한 열 디자인, 더 큰 히트 파이프 및 히트 싱크를위한 충분한 공간이 많았습니다. 이것은 LG의 끔찍한 엔지니어링입니다.이 노트북은 훨씬 더 높은 전력 한계를 사용할 수있었습니다."
keyword_reviews01.xlsx,"*** 프로 : ** 화면, 성능, 배터리 수명, 키보드"
keyword_reviews01.xlsx,홈 오피스를 설립하려고합니다. 원래 데스크탑 컴퓨터를 얻을 계획 이었지만 랩톱의 기능이 더 의미가 있음을 깨달았습니다. 참조를 위해 LG 그램 프로 구매.
keyword_reviews01.xlsx,"Ninkear A15 Pro의 특징 중 하나는 16 인치 IP 디스플레이입니다. QHD 해상도 (2560 x 1600 픽셀)를 제공하여 텍스트와 이미지를 날카롭게 표시 할 수 있습니다. 밝기는 400 니트로 지정됩니다. SRGB 범위의 색상 커버리지는 99-100%이므로 디스플레이는 멀티미디어 컨텐츠, 라이트 이미지 편집 및 사무실 응용 프로그램에 적합합니다. 120 Hz 새로 고침 속도는 매끄러운 디스플레이를 지원합니다."
keyword_reviews01.xlsx,"2025 Ninkear A15 Pro에는 TDP가 15W 인 AMD Ryzen 5 7430U가 있습니다. 이 CPU는 균형 잡힌 성능과 에너지 효율을 제공합니다. 16GB DDR4 3200MHz (하나의 모듈) 및 PCIE 3.0을 통해 연결된 1TB NVME SSD와 함께. 일상적인 작업, 멀티 태스킹, 까다로운 사무실 응용 프로그램 및 기본 이미지 또는 비디오 편집을 원활하게 수행 할 수 있습니다. 통합 AMD Radeon을 사용하면 적당한 설정에서 덜 까다로운 게임을 할 수 있습니다. Fortnite는 가장 낮은 설정에서 약 60fps로 전체 HD로 실행됩니다."
keyword_reviews01.xlsx,"Ninkear A15 Pro의 배터리 수명은 에너지 효율적인 AMD Ryzen 프로세서 덕분에 적합합니다. 적당한 사용 (사무실, 브라우징, 스트리밍)으로 6 ~ 7 시간의 사용이 가능하므로 근무일 또는 더 긴 대학 세션의 동반자가됩니다. 냉각 시스템은 정상 작동 중에 간신히들을 수 없습니다. 하중하더라도 소음 수준은 낮게 유지되며 케이스는 특정 지역에서만 가열되지만 전체적으로 눈에 띄지 않습니다."
keyword_reviews01.xlsx,2023 년 12 월부터 4070 GTX와 32GB RAM이있는 Lenovo Legion Pro 7이 있습니다. 몇 달 전에 일부 액체가 노트북에 쏟아졌습니다. 또한 팬들 근처의 주택을 깨뜨리는 낙상을 유지했습니다. 결과는 키보드가 작동하지 않으며 (창이 끝없이 팝업되게 함) 충전기를 올바르게 연결하기 위해 케이싱을 엉망으로 만들어야합니다. 그래서 나는 Bluetooth 키보드를 사용하고 그것을 연결하는 문제를 수용하는 데 몇 초만에 주택을 고정하는 데 몇 초가 걸립니다. 그래픽 카드 나 프로세서가 성능이 떨어 졌는지 알 수 없습니다. 나는 최근 BB에서 5080 Acer Helios Neo 16을 $ 1900에 집어 들었다. 내가 보관하거나 반환 해야하는지 확인할 때까지 상자에 앉아 있지 않았습니다. 나는 또한 LG Ultrawide 45GX950A를 얻었습니다. Helios의 성능과 능력이 증가한 것은 $ 1900의 가치가 있습니까? 나는 현재 내 와이드 스크린에 군단 USB-C를 가지고 있으며 다중 작업을 제외하고는 약간 느린 것처럼 보입니다. Raid Shadow Legends와 몇 가지 탐색 창이 위로 올라가면 Windows가 전환됩니다. Acer의 귀환에 대한 생각 또는 유지?
keyword_reviews01.xlsx,내돈내산 LG 그램 16인치 블랙 구매 후기 이런 물건은 내돈내산 아니고 협찬받아 포스팅 한 거면 좋겠 10년 정도 전에 스펙 따위 고려하지 않고 가격과 무게만 보고 노트북을 사서 잘 쓰다가 고장나고 역시 싸구려 재택근무 시기에는 남편 노트북 이건 거의 20년 된 사양은 좋은 에 모니터 연결해서 쓰다가아이패드 생기니 딱히 노트북 필요성을 못 느꼈다 이제 재택근무가 종료되기도 했고 그러나 뭐 이런저런 이유로 지마켓 빅스데이에 LG그램을 구매하게 되었다 14인치는 좀 작은감이 있고 17인치는 커서 15인치와 16인치 고민하다가 실물 보고 16인치로 결정했다 15인치는 가로세로 비율이 불편해서 16인치가 딱이었음 남편 노트북은 LG울트라북인데 사양은 좋지만 무게가 무거워서 들고 다니기엔 힘들 거 같았고 그램은 들어보니 진짜 가벼워서 무조건 그램 이었고 배송까지 두근두근하며 기다리다가 결제하고 다음 날 바로 받았음 색 고민도 한참 하다가 같은 사양인데 가격이 20만원 가까이 차이나서 블랙으로 선택함 화이트도 예뻤지만 블랙만의 매력이 있는듯 심플한 크라프트 박스 택배박스 안에 이거랑 사은품 무선마우스 들어있었다 무선마우스 생긴 게 맘에 안 들어서 재고정리인듯 어디에 던져 두고 잊었다 라벨은 훼손 없이 잘 붙어 있었음 뚜껑을 열면 크라프트지로 만든 조립식 연필꽂이가 보이는데 이것도 딱히 쓸 일은 없는 그걸 치우면 블랙의 엘지 그램이 딱 들어 있다 매우 얇고 가볍다 안에는 설명서 충전기 등이 들어 있음 충전기는 C타입이라 신기하다 핸드폰이나 아이패드만 이거 쓰는 줄 어쩔 수 없는 육아 현장의 배경 화이트가 시그니처 같긴 블랙을 산 게 더 잘 한 것 같기도 하다 때 탈 걱정 없고 뭔가 좀 더 시크한 매력이 있음 구매하고 현재 열흘 정도 사용했다 회사에서는 무선키보드를 사용하고 있는데 그램 쓸 때는 키보드 따로 장착 안 하고 바로 사용하는데 불편함음 없다 숫자 키패드 따로 있는 것도 좋은데 다만 0옆에 점 이 있는 것이 좀 익숙하진 않다 숫자 많이 쓰는 건 아니니까 뭐 어쨌든 새 노트북이라 그런지 속도도 빠르고 들고 다니는데 무겁지도 않고 만족하며 사용하고 있다 어차피 LG그램의 사양 같은 건 전자기기 전문 리뷰어나 잘 아시는 분들이 많이 리뷰 올릴테니 나는 그런 건 접어두고 내가 구매할 때 후기 찾아보며 블랙 16인치 정보가 별로 없어서 아쉬웠는데 궁금해 하시는 분들의 궁금증을 좀 덜어주면 좋겠다 개인적인 취향이지만 15인치보다는 16인치가 훨씬 낫다고 봅니다요 이상으로 2022 LG 그램 16인치 블랙 개봉기 끝 엘지그램 LG그램 LGGRAM 16인치노트북 블랙노트북 노트북추천 내돈내산
keyword_reviews01.xlsx,노트북 추천LG전자 그램 GRAM 13세대안녕하세요 여러분 오늘도 좋은 아침이에요제가 한동안 노트북을 빌려 쓰기도 하고너무너무 느린 노트북을 이용하다가이제는 드디어 제 노트북을 구매하게 되었습니다업무할 때도 필요를 못 느낀 노트북을 필요를 느껴도 차마 살 생각조차 안 했는데 블로그를 쓰다 보니컴퓨터가 필요한 순간들이 많아져서한참을 고민하다가큰마음 먹고 사게 되었어요 사심잔뜩 가성비 좋게 사려면 좋은 제품만 알아봐서인터넷으로 배송받는 게 가장 싸고 좋지만직접 성능을 테스트하고여기저기 비교해서 사고 싶어 틈만 나면주변에 LG베스트샵을 4군데 정도직접 발로 뛰어 돌아다녔습니다컴퓨터에 대해서 1도 모르는 저와 함께동행해 준 저의 짝꿍 와 평상시 몰랐던 남편의 매력을느끼게 된 순간이었는데요컴퓨터에 대해 이렇게 똑똑인 줄 몰랐답니다 그이의 본업 칭찬해 처음에는 이렇게 발로 뛰어서총 6개 중에 하나를 구매하기로마음을 먹었어요사람마다 사고자 하는 기준이 다른데무엇을 기준으로 할지에 따라구매가 달라집니다 손목이 매우 안 좋아져서첫 번째가 가벼움이 선정기준이었습니다그리고 두 번째는 성능과 가성비였답니다 보통은 이렇게 많이 본다고 해요1 가성비 저렴한 것2 내구성과 성능이 좋은 것3 가볍고 가방에 넣고 다니기 좋은 제품4 디자인이 예쁘고 심플한 것 노트북 노트북추천 노트북구매 노트북구매후기 노트북사용후기 노트북구매추천 노트북구매사용후기 노트북구매처 가성비좋은노트북구매처이 여섯 개 중에 간추려서 사게 된노트북은 바로 5번째 LG그램의 13세대 단독 모델이었는데크기가 15인치에 메모리 저장이 16GB저장 장치는 512GB에다가 I5에 심지어오피스 문서까지 다 깔려준다고 하니다른데 비해 매우 가성비가 좋은 편이었어요그렇게 해서 롯데 하이마트상암 월드컵점 5층으로 향했습니다 아침에 방문했는데 또 방문했어요16인치로 나온 6월 특가 상품도가격 차이가 별로 안 났는데저는 계속 하나만 보이더라구요짝꿍이 알려준 기본적인 팁 컴퓨터를 미리 사기 전에구글에서 모니터 불량화소 테스트 검색미리 화면에 금이 갔는지 등 확인이 가능하고주사율 응답속도 테스트음량 테스트등 다양한 테스트를 시도 후구매하시는 게 좋답니다제가 사려던 노트북은화질도 음질도 매우 좋습니다LG gram 구매 완료 두둔 드디어 삽니다 두근두근두근사기 전에 동의서를 차근차근 작성하고기존 가격에 5년 이내의무상보증 28 000원을 더해구매하게 되었습니다하 돈이 빠져나가는 순간은왜 이리 항상 떨릴까요 파르르 앞으로 돈 많이 벌어야겠습니당 휴대하기좋은노트북 직장인노트북 직장인노트북추천 대학생노트북 대학생노트북추천 인강노트북추천 LG노트북 LG그램내용 구성상자 안에는 충전기와 충전기선이 들어있고이렇게 마우스와 오피스 한글문서까지받았습니다조금 더 구체적으로 개시해 볼까요 1 먼저는 상자와 함께 주는 이 귀여운받침대 언젠가 만들어봐야겠어요2 두 번째는 가장 중요한 메인본 컴퓨터 노트북입니다 당분간은 얼마나 애지중지할지두근두근 막 떨리고 애기 다루듯소중히 대하고 있는 제 자신을 봅니다 3 세 번째로는 충전기와 케이블선 묵직하면서도 튼튼해 보였어요4 네 번째는 마우스스티커 부분을 당기면 자연스럽게마우스 뚜껑이 빠져서 건전지를 개봉해끼워 넣으실 수 있어요노트북 마우스 사용법재생15좋아요200 25접기 펴기노트북 마우스 사용법안에 마우스와 연결된 USB도함께 들어 있었습니다5 그다음은 오피스를 설치할 수 있는팩까지 완벽하게 세트로 주셨습니다특별히 따로 사서 안 받고여기서 한꺼번에 받아마이크로소프트 오피스와 한글문서를영구적으로 이용할 수 있다는사실이 좋더라구요 이렇게 집에 오자마자 신나는 마음으로업데이트와 설치를 시작했습니다도와준 내 짝꿍 고마워요돈이 우르르 빠져나간 슬픔과예쁜 노트북을 샀다는 즐거움이동시에 몰려왔지만 은근 들떴나봅니다 꼭 안고 있는 노트북 상자를 한아름 안고깡충깡충 사용한 후기를 보자면지금까지 너무 가벼워서 좋고성능도 화질도 음질도 다 너무 좋아서완벽하게 마음에 들어요 노트북 추천 LG GRAM 그램재생19좋아요300 31접기 펴기노트북 추천 LG GRAM 그램 LG그램노트북 그램노트북추천 롯데하이마트 노트북내돈내산 노트북후기 노트북리뷰 노트북내돈내산리뷰 노트북내돈내산후기 컴퓨터추천 싼노트북 노트북저렴 노트북화면인강 듣기에도 좋고 들고 다니기에도 편해서회사원과 대학생들에게 강추하는 노트북 참고로 직접 구매해서 사용한내돈내산후기입니다각자의 구매 결정을 믿고잘 선택할 수 있는 시간이 되면 좋겠습니다많은 도움 되셨길 바라며오늘도 좋은 하루 보내세요
keyword_reviews01.xlsx,일기를 쓰게 되니 이런 소소한 일상도 블로그에 남겨볼 수 있고 좋은 것 같다 남들이 다 하는 내돈내산 이라는 말 나도 한번쯤 해보고 싶었음 몇 년동안 오랜기간을 영어포스팅만 해서 이런 가벼운 글을 쓰고 싶다는 욕망 이 조금은 꿈틀대고 있었던 것 같기도 하고 오랜만에 내 자신을 위해 거금을 쓴 날 2015년부터 함께 했던 노트북이 상태가 조금 안좋아져서 사실 쓰려면 계속 쓸 수 도 있었을테지만 무슨 바람이 불었는지 그냥 질러버렸다 올디가 올디에게 주는 선물 쌩쌩 잘 돌아가는 신상노트북 정도는 쓸 자격이 있다 열심히 일한 자 누려라 훗 기존에 쓰던 노트북도 lg껀데 나름 만족도 높게 고장없이 오래오래 잘 썼다는 생각이 들어서 이번에도 그냥 lg노트북으로 샀다 사실 갖고있는 아이폰 아이패드와 동기화해서 편하게 쓰고 싶어서 맥북을 살까 고민이 많았지만 이번에 LG그램 2022 신상이 괜찮게 잘 나왔다길래 그냥 엘지로 고고 노트북 개봉 박스에 이런게 있길래 노트북 보다말고 여기 꽂혀서 조립부터 함 오호 연필꽂이 겸 달력이 되는 신박한 아이템이다 달력 숫자가 적혀있는 종이판을 좌우 이동만으로 매월 다르게 사용할 수 있다 나름 신기함 gram이라고 깔끔하게 적혀있는 로고 비싸게 주고 사서 그런지 더욱 영롱해보인다 바로 꽂아서 충전을 하고 세팅을 하고 사용해보니 역시나 빠릿빠릿 요즘 대부분의 노트북이 os미포함 제품이라 그냥 그걸로 사려다가 돈 좀 더 주더라도 윈도우정품이 탑재된걸로 샀더니 따로 설치할 필요도 없이 바로 쓸 수 있어서 편했다 역시 돈은 시간과 체력을 아껴주는구만 대신 시간과 체력을 써서 또 돈 벌면 되는 것 인생이 그런거지뭐 웃프군 윈도우11이 살짝 어색했지만 계속 쓰다보니 깔끔하니 편하다 15인치 16인치 17인치 중에 고민을 하다가 후기들을 참고해본바 가장 인기좋은게 16인치라고 해서 lg그램 16인치로 선택했는데 자주 들고 다니는 노트북이라면 16인치 괜찮은 것 같고 나처럼 주로 집에서만 쓴다면 17인치도 괜찮을 것 같다 기존에 쓰던 것 보다 커서 화면 커서 좋구만 이라고 생각했는데 조금 더 커도 괜찮을 것같은 느낌이라 17인치를 살껄 그랬나 하는 생각이 들기도 함 본인의 생활이나 사용패턴에 따라서 고르면 될 듯 하다 크기에 비해 무게가 상당히 가볍다는 것도 lg그램의 큰 장점이기도 하니 아무튼 이백 가까이 주고 산 큰 맘 먹고 지른 고사양 노트북이니 아무쪼록 오래오래 고장없이 함께 하자 올디일기 올디의소비일기 내돈내산 lg그램 lg그램2022 lg그램16인치 신상노트북 16인치노트북 주간일기 블챌
keyword_reviews01.xlsx,10년만에 구매한 새 노트북 2024 LG 그램 gram 17인치17Z90S GA5CK구매 사유 기존에 사용하고 있던 노트북 레노버 아이디어 패드 이 10년이 되고 원활한 작동이 어려워서 새 노트북이 작년부터 필요했던 상황 1년간 고민 끝에 LG그램을 구매하기로 결심 하였고 가지고 있던 금액에 맞는 노트북을 구매하고자 2024년 버전을 선택하게 되었다 구매처 쿠팡 배송기간 익일 오후 도착 가격 1 264 510 로켓와우 할인 및 삼성카드 할인 적용가 실 구매 인증내 카드 내 통장 내 월급으로 내돈내산 구매배송된 박스를 개봉하면 LG에서 포장된 그램 박스가 나온다 책상에 올리기에는 애매 할 정도로 박스가 제법 컸다 박스를 개봉하니 좌측에는 노트북 우측에는 충전기가 들어있다 노트북 하단에 동봉된 제품 설명서화이트 색상으로된 충전기와 노트북요즘은 충전기도 C C 케이블 형태로나오는구나 싶어서 신기했다 키보드가 너무 새하얘서 키보드 덮개가필요하겠단 생각이 들었다 구매하게된 키보드 커버큰 생채기 없이 오래 잘 쓸 수 있기를 레노버만 쓰다가 처음 써보는 그램새롭고 좋았다 자질구레한 지출은 큰 망설임 없이 자주 하는 편 이지만 100만원이 넘는 물건을 구매하거나 무언가를 할 때 큰 액수가 드는 일을 할 때에는 상당한 시간의 고민과 망설임이 생긴다 노트북을 하나 구매하는데에 1년 이라는 시간이 소요되었던것 같다 레노버를 사용하면서 가장 큰 불편함이 AS 받는것에 대한 불편함이었다 다음에 노트북을 구매한다면 삼성이나 엘지로 구매를 해야겠다는 생각이 컸는데 내 예산에 맞는 삼성 노트북이 별로 없어서 고심끝에 엘지를 선택하게 되었다 주변의 대다수의 사람들이 그램을 많이 사용하기 때문에 선택 한 것이었는데 확실히 그램이라서 그런지 노트북이 가볍고 좋았다 특히 내부적인 디자인도 깔끔해서 더 친숙함이 생겼던것 같다 아직은 사용한 직 얼마 안되어서 이게 정말로 좋고 주변에 권유 해야겠다 뭐 그런 생각이 들지는 않지만 가성비로 보았을때 괜찮은 노트북이라는 생각이 든다
keyword_reviews01.xlsx,2주 전 쯤인가 잘 쓰던 노트북이 진짜 갑자기 고장나버렸다 흑흑나는 핸드폰 말고는 전자기기 욕심이 아예 없다 언니가 몇년 쓰다가 준 노트북으로 소소하게 블로그 쓰는 용도로 사용하고 있었는데 이제 블로그 좀 열심히 해보까 하니까 갑자기 진짜 액정이 나가버린것임 후고치는 비용이 더 많이 들 것 같아서 그냥 하나 사는게 낫겠다 싶어서 찾아보기 시작함 어차피 노트북으로 하는거라곤 블로그나 유튜브 시청 정도라 저렴한 걸로 검색하다가 리퍼연구소를 알게 되었음사이트 주소는 아래 클릭 리퍼연구소프리미엄 중고노트북 중고노트북 리퍼비시 리퍼 A급 노트북 게이밍 노트북 인강 노트북 환불보장 A S보장www refurlab com들어가자마자 너무 저렴한 가격에 놀랐다 리퍼제품이긴 어차피 내 손에 들어오면 몇달 안돼서 굉장한 중고가 될 걸 알기 때문에 전혀 상관이 없었음 리퍼연구소에서 노트북을 구매하면서 가장 좋다고 느낀 부분은 3년 무상 A S 가능 보통 중고로 팔거나 리퍼로 팔면 A S 기간 짧게 두고 빨리 끝낼 것 같은데 되게 믿을만하다고 느꼈다 고장 잘내는 나에게 아주 딱이야사이트에 들어가면 이렇게 용도 가격대별로 볼 수 있게 잘 구분되어 있어서 보기 편했다 사실 노트북 잘 몰라서 그냥 들어가자마자 꽂히는걸로 샀음 바로 지금 이 글을 쓰고있는 그램 가격은 이것 저것 다 해서 707 900원 1 09kg 그램이 70마넌이라니 꺄심지어 서울은 당일택배 가능 폼 미쳤고 일단 오기 전부터 넘 신났따이제 놋북사진 항상 말이 너무 많은듯 새거 아님 진섭이 차에서 제대로 까본 나의 새 노트북 진짜 기대 이상으로 깨끗했고 진짜 새제품 같아서 기분이 더 좋았다 언박싱 하는것부터 동영상이랑 찍고 싶었지만 이미 버렸음 포장은 진짜 엄청 꼼꼼하게 잘되어온다리퍼연구소에 포장 영상 올라와있으니까 참고하면 좋을듯 아 너무 예뻐 키스킨 리퍼연구소에서 노트북을 구매하면 키스킨을 무료증정해줌 오른쪽이 키스킨 한건데 처음에 키스킨이 어딨어 할 정도로 티가 안났다 키스킨 두꺼우면 빼고 싶어지는데 얇고 티안나서 너무 좋다 진짜 무료 증정 마우스무료로 주는 마우스인데 무소음 마우스라 아주 만족 비싼건 아니지만 디자인도 나쁘지 않구 쓸만함유튜브 화질재생22좋아요000 13유튜브 화질유튜브 화질 굿이 정도면 아주 훌륭 만족 히히18 900원 쿨러이건 질이 그닥 좋진 않아보여서 다른데서 돈 좀 더주고 더 좋은걸로 구매하는걸 추천 나도 좀만 쓰다가 바꿀 생각 행복한 아침헤헤헤 예뿌고 가벼운 그램과 함께하는 아주 행복한 아침이다 고민은 배송만 늦출뿐 당장 사세여 리퍼연구소 아주 추천 안뇨오오옹 추천해준 섭아 고마워 히히히
keyword_reviews01.xlsx,2024 03 Copyright 2024 emanaya rights reserved 너무 뒤늦은 언박싱사실 내 그램이 아니라 그런지늦어진 언박싱 리뷰남편에게 선물한 2024 LG 그램 저렴한 녀석과 고민하길래그냥 사는 김에 좋은 거로 사라고 해서 결정 난 잘 모르니까 그냥 남편이 고른 거 중 비싼 거 고름 네이버 스토어에서 구매 품번은 7ZD90SP EX79K 뭐 이것저것 많이 주고 설 연휴라 256GB 추가 설치 무료LG 그램 프로 스펙은17 인치울트라 7 32GB512GB 256GB 추가 RTX3050윈도우 미설치그래서 조금 더 저렴해짐네 단순 변심은 안돼요 아무래도 불량이 잘 걸리는 나라서괜히 긴장됨 그가 샀으니 괜찮겠지 이름도 지은 그뽀그램소중하게 언박싱중인데하얀 게 가볍고 예쁘긴 하잖아 맥 쓰다가 윈도우 오랜만에 만지니까 너무 어색하고 어려운데 맥북 13인치보다 가벼운 그램 같으니가볍고 하얀 녀석을 세팅하고 열심히 다음을 준비하는 그 덕분에 난 자극만 받는 중 그와 함께 잘 지내고 있는 그램과 키크론데스크테리어 집착하는 나는몇 주 동안 몇 번 바꾸는지 모르겠는데 곧 아볼트 오면 또 뒤집을 예정 헤헿남편 그램으로 행복한 시간 보내길 바랄게 그램 어떤 거 살지 고민하는 분들은그냥 원하는 사이즈에서 좋은 스펙으로 가세요 사실 2024 그램은 그래픽카드가 삼성보다 아쉽다는데 삼성 가서 들어봤더니 너무 무거워 그러므로 그램 승리구매처는 혜택가239만 17ZD90SP EX79K 17형 Ultra7 32GB 512GB RTX3050 LG 그램 프로 LG전자인증점 이좋은세상 LG전자인증점 이좋은세상 LG전자 온라인 인증점 이좋은세상m smartstore naver com
keyword_reviews01.xlsx,안녕하세요 저의 첫 제품리뷰가 될LG 그램 프로입니다 앞으로도 맛집과 여행 위주일 예정이지만 블로거라면 제품리뷰도 빠질 수 없죠 종종 올려보도록 하겠습니다 어제 매장에서 결제 후오늘 배송으로 받아 바로 올려드리는따끈따끈한 내돈내산 언박싱 후기 제품리뷰 어렵네요 사진부터 그냥 어려운 것 같아요 보통 흰 바탕에서 찍으시길래 저도 설치기사님이 직접 배송해주셨고와이파이 연결 후잘 작동되는지 확인하신 후에돌아가셨어요 다시 박스에 넣고새것처럼 찍는 이렇게 하는 거 맞죠 이웃님들 어제 바로 데려오고 싶었는데주말동안 다 판매되어서하루를 더 기다려야 했어요 그만큼 가장 인기가 많은 모델이고저도 구 버전을 쓰다가 바꾸는 거라이미 편한 건 알고 있답니다 다 애플 라인이지만노트북만은 LG 그램을 쓰고 있어요 화면도 40 6인치로 넓은 편이고키보드도 손 끝에 쫀득하게 달라붙어서느낌이 아주 좋아요 거기다 1 2kg밖에 안하는 무게까지 야외에 들고 나가기에도부담없는 무게와 사이즈예요 마우스와 한컴오피스 밸류팩을사은품으로 주셨어요 구 버전을 구입할 당시에는노트북 파우치와 가방까지 받았었는데지금은 생산을 하지 않는다고 하네요 치킨박스로 치자면치킨무와 콜라가 꽂혀 있는 위치 있죠 거기에 충전기가 들어 있어요 아무래도 제품리뷰는 저랑 안맞나봐요 맨날 맛 설명만 해봤지 양쪽 모두 C 타입이에요 설명서와 보증서가 들어 있는 봉투 정말 좋아하는LG gram 의 키보드예요 적당히 올라와 있으면서쫀득하게 잘 달라붙거든요 주로 마우스를 쓸 테지만터치패드는 넉넉한 게 좋죠 첫 화면이예요 이미 오피스 라인이 깔려 있기 때문에따로 설치할 필요가 없어 편리했어요 화면 밝기와 음량 조절도 쉽구요 요 매트한 질감이 느껴지실까요 깨끗하면서도 고급스러운 느낌이예요 좌측에 C타입 포트가 두 개 우측에 usb 포트가 두 개 있어서얇아도 다 갖춘 엄친아 같은 노트북이죠 사실 기계치에 컴알못이라기능적인 설명은 패스하겠지만저처럼 간단한 업무용으로 쓸 때너무너무 가볍고 편하고 예쁘기까지 한LG gram 프로예요 오전에 받고오후 내내 꼼지락대면서한컴 밸류팩 설치하고 폰트 설치하고이제야 올려드리네요 식집사의 길로 들어선 지 3개월만에방이 식물로 가득 차 있답니다 이것은 제품리뷰인가 일기인가 정보성 없는 일상글 수준이라우리 이웃님들만 보실 것 같네요 여하튼 새로운 노트북으로 쓰는 첫 글은LG 그램 프로 언박싱 후기로써놓고 싶었어요 앞으로도 열심히 소통하러 가겠습니다 LG 그램 프로 제품 정보 LG 그램 Pro 40 6cm SSD 512 GB NVMe 확장 슬롯 1 PCIe 4 0 x 4 노트북 2024 16Z90SP GA5HK LG전자LG 그램 Pro 40 6cm SSD 512 GB NVMe 확장 슬롯 1 PCIe 4 0 x 4 노트북 2024 16Z90SP GA5HK는 강력한 RAM 16 GB 와 배터리는 77 리튬 이온 배터리 이며 인텔 코어 Ultra5 프로세서 125H와 고해상도 디스플레이를 통해 최적의 퍼포먼스와 성능을 제공합니다 가볍고 강력한 LG 노트북의 가격 스펙 등 제품 정보를 확인하세요www lge co kr
keyword_reviews01.xlsx,안녕하세요 몽이에요 오늘은 카페 후기가 아니라제품 후기를 들고 와봤는데요 바로바로 노트북깡원래는 삼성노트북을 사용 중 이었는데요한 7년 쓰다보니 노트북에 무리가 좀 가더라구요 쓰는 데 느린 것도 느린거지만충전하면서 쓰면 가끔씩 마우스 패드 옆 공간에전류가 흐르는 것처럼 손이 닿이면찌르르 하더라구요 약간 이렇게요 옆에 까만 부분 보이시죠 서비스 센터가려다가고쳐도 몇년 내에 노트북을 다시 바꿔야 할 것 같아서 진짜 바꿀 때가 됐구나 해가지구 노트북을 새로 장만했습니다무엇보다 부모님 도움 안 받고제가 돈을 모아서제돈제산 한 노트북이여서괜히 더 기분이 좋고 그래요 이제 노트북 살펴보러 가볼게요 제품명 2024 LG 그램14모델명 14Z90S GA56K 16GB 512GB 박스는 이렇게 구성되어 있었어요간단하게 노트북이 포장되어 있었고그 옆엔 충전기 인터넷 선 포트가 같이 들어있었습니다저는 윈도우가 설치된 상태로 왔기 때문에처음 전원을 켰을 때윈도우 설정이 가장 먼저 떴어요 카톡 선물하기 특가로 구매해서이런 혜택도 함께 받았어요 한컴오피스 영구사용권한컴 독스 1년 이용권산돌구름 1년 이용권곰믹스 곰캠 프로 1년 이용권기본 문서 앱부터 폰트 템플릿 편집 프로그램까지대학생한테 필요하지 않을 수 없는 혜택을잔뜩 받아서더 괜찮은 소비를 한 기분 설정을 완료하고 난 후 모습은 이렇습니다제가 실제로 보고 사용하면서 느낀주관적 사용 후기를 알려드리려고 해요 그램을 살지 말지 고민하시는 분은참고하셔도 좋을 것 같아요 제품 특징 무게 1 12kg14인치에 1kg 정도에요 쓰던 노트북이 900g정도 였던 탓에저한테는 상대적으로 무게가 좀 느껴지긴 했는데다른 노트북에 비해서 가벼운 편입니다 화면 빛 번짐 최소화 하루 꼬박 문서 작업을 하면서 느꼈는데빛 반사가 정말 적어요 사실 노트북 사용 용도가 정말 전문적이지 않다면이게 가장 큰 장점처럼 다가올 것 같아요빛 반사되는 거 피해서고개를 이리저리 돌릴 일이 거의 없고눈 피로도도 적었습니다 16 10 화면비보통 노트북 화면비가 가로 세로 16 9인데이번 그램14는 세로 비유을을 조금 더 늘려서문서 작업하는 데 구성이 좀 더 편안하게 바꼈어요높은 휴대성사이즈가 진짜 딱이에요이곳 저곳 노트북을 자주 들고 다니는 저는노트북 휴대성이 정말 중요했어요 16인치가 넘는 노트북이 더 싼 게 많았어도14인치를 포기할 수 없을 만큼요 그런데 너무 크지 않은 사이즈로어디든 쏙 들어갈 수 있는 크기라서 너무너무 만족해요제트스트림 볼펜과 비교했을 때 이정도 크기에요 실제 크기는 한 손에 들어오는 크기로 작지만화면 볼 때 작아서 불편하다고는느끼지 못 했어요인텔 AI boost ultra CPU높은 전력 효율을 가지고 있는 CPU가 탑재됐어요그래서 속도와 그래픽 구현이 뛰어나고고화질 고용량 작업도 큰 무리가 없다고 하더라고요뭐 그 외에도 이렇게 수치로 나타나 있는데저는 이렇게 전문적으로 보진 못 해서요 혹시 참고하실 분은 참고하시면 좋을 것 같아요얼굴 인식 가능전원 버튼을 누르고따로 PIN을 누르지 않아도얼굴 인식을 설정해두면자동으로 풀리는 게 은근 편하더라고요 의외로 되게 좋다고 생각된 부분이에요 마지막 개인적 견해전문적 기능 사용이 주 목적이 아니라면 영상 제작 전문 포토샵 게임 등 어떤 노트북을 써도 큰 상관은 없다고 느껴요 노트북에 아무리 많은 기능이 들어가 있다해도사실 문서 작업이 위주라면쓰는 기능은 거의 거기서 거기잖아요 요즘에 그런 기본적인 게안 되는 노트북이 어디 있겠어요 물론 머리론 다 알고 있지만좋은 걸 사고 싶어서저도 이것저것 찾아보면서정말 많이 고민했는데결국엔 기능보단각자 중요한 부분만 남겨두게 되더라구요전 대학생이고 문서 작업이 위주이니휴대성과 용량이 가장 우선 순위었어요또 영상 편집이나 포토샵을 간단하게 만지곤 해서그런 프로그램을 할 때속도나 끊김 여부를 추가적으로 봤는데그 점을 모두 충족한 게바로 LG그램14였어요 맥북과도 고민을 많이 했지만제가 취업하게 된다면 또 취준할 때는분명 윈도우가 편할 거라는 생각에 다들맥북 사면 윈도우가 꼭 한 번씩 필요하지만 윈도우 사면 맥북은 필수적이지 않다라는 여러 곳에 의견을 듣고 윈도우로 결정했어요그리고 운이 좋게학생복지스토어에서 노트북을 한창 보고이걸로 사야겠다 할 때카카오톡 특가가 떠서 무려 120만원정도로 구매했어요오늘 확인해보니 다시 정가로 올랐더라구요아마 인터넷 최저가는 더 싼 게 많을 것 같은데쿠팡이나 다른 업체는 간혹짝퉁이 올 때가 있다고 해서 혹시 사신다면 꼭 자세히 알아보시고꼼꼼히 비교하신 다음 구매하시길 바랄게요혹시 더 궁금하신 사항이 있으시면댓글로 남겨주세요 답변해드릴 수 있는 부분이면전부 답변해드릴게요 끗
keyword_reviews01.xlsx,기본 스펙2024 LG 그램 Pro 43 1cm17ZD90SP GX56K운영체제 os 미탑재화면크기 43 1cm해상도 WQXGA 2560 x 1600 IPS LCD 디스플레이 Anti glare 144Hz CPU 인텔 코어 Ultra5 프로세서 125H메모리 용량 16GB인텔 Arc Graphics 내장형 SSD 256 GB NVMe 확장 슬롯 1 PCIe 4 0 x 4 파워 65AC W 배터리 77Wh크기 379 265두께 12 6 12 9 mm무게 1 299kg보안시스템 얼굴인식색상 에센스화이트나를 위한 내 전용 pc가 있음 좋겠다 싶었는데내 마음을 읽은 낭군님이 떡하니 생일선물로 준비하셨다핫 생일은 이 달 말이지만못 참아 땡겨받을랭 정확히는 내돈내산이아닌남편돈남편산이네요 구매한지 얼마되진 않았지만이 글을 쓰고 있는 지금2025년 버전이 출시되어있어요 24년식을 조금 더 저렴하게 살 수 있었던 것 같아요 그래도 비싸다 촤란 정말 선물 받은 기분 포장박스가 묵직하니 진짜 명품 선물 받았어요박스를 열어보니진또배기 포장이 나와요 하얗고 넓직한 그램 프로 17인치보고 있는 내 마음도 설렘으로 가득 배송된 날 영하날씨로 인해모니터가 땡땡 얼어 있더라구요 내새낑 많이 추어찌 17인치로 선택한 이유는일단 집안에서만 할거라 휴대성은 내려놓았고무엇보다 큼지막한 키패드 오른쪽에숫자판까지 탑재되어있어요 작은 화면보다무조건 큰 화면을 선호하시는 분들이 많더라구요15 16인치 쓰다보면 답답하다며 아 무게 1 299kg1 3kg 되는데 진짜 가벼워요화면이 커서 무게는 포기했는데그냥 들고다녀도손목에 부담없이 한손으로 착 잘 들립니다 휴대용으로는 진짜 그램만한거 없는 것 같아요 화면크기 맘에 들어쓰 오른쪽 숫자키패드 맘에 들어쓰 이 제품은 os 미탑재기 때문에주문할때 윈도우11홈도 같이 구입해서 동봉받았어요 노트북 충전하고 바로 윈도우 설치해주신 낭군님헤헤 키스킨 올 때까지먼지 들어가지 말라고새상품에 포장되어있는화면보호지 그대로 덮어 놓고 썼어욤소중하니까여 키스킨 급한대로 주문한건데쓰다보니까 버튼표기가 다른것도 있어서좀 쓰다가 다시 주문할까바요 화질이 참 마음에 듭니다 해상도 WQXGA디스플레이 144Hz역시 전자기기는 최신형이 최고화면이 크니 분할화면으로 멀티하셔도답답한느낌이 없었어요 크기 고민하신다면 무조건 큰거쓰세요 태블릿에 썼던 마우스인데연결 잘 되네요모바일 OS 제약 없이 쉽게 연결해서 사진 동영상 파일 이동하기 LG gram Link 연결하기lg전자 홈페이지 캡처아이폰 유저지만엘지 그램 프로를 선택한 진짜 이유 os제약 없이 파일 및 사진 동영상원하는 대로 이동가능 하다는 메리트때문이예요 이 기술은 아마 돋보적이지 않을까 싶습니다 사실 맥북을 고민했지만 써본 적이 없어서저에게 친숙한 윈도우를 쓰기로마음먹게 했던 기능입니다 윈도우 설치하자마자 바로 실행해봤어요 방법은 간단간단해요 1 노트북의 마이크로소프트 스토어에서 LG update Installer 설치2 LG update가 보이면 실행하여 LG gram link 업데이트 후 실행3 아이폰에서 LG gram link 앱 설치노트북에서 큐알코드 화면이 나오면휴대폰 앱으로 찍으면 연결이 됩니다 참 쉽죠잉 설치하고 앱에 들어가면이런 화면이 뜨는데공유 가능한 LG PC 부분에 아무것도 안뜨면휴대폰과 노트북을 가까이 두시거나 노트북에서 프로그램 실행이 안된거니엘지그램링크를 실행해주시면 됩니다 그러면 제 LG PC가 뜹니다 아이폰에서 파일선택 누르고원하는 파일이나 사진 동영상 선택하시고밑에 떠있는 본인 PC 누르면바로 전송이 되요 단 전송시에는 최대한 노트북과 휴대폰은가까운 곳에서 진행하세요 그렇지 않으면 서로를 찾지 못하더라구요 다운로드파일에서 바로 확인이 됩니다 엘지 그램 링크 기능 덕분에블로그 쓸때도영상편집 할때도편리하게 잘 쓰고 있답니다 그래픽카드는 인텔 아크입니다 영상편집 끊기는 증상이 없는건 아니지만설정 시스템 전원 전원사용 최고의성능 으로 선택하시고ssd를 추가 장착하여 사용하시면 도움이 됩니다 전문으로 하실 계획있으신 분들은RTX들어간 고사양 제품을 하시는게정신건강에 좋을 것 같아요 다음 포스팅은 ssd로리뷰를 올려보겄슴니다 아주 자연스러웠으지금까지 내돈내산엘지 그램 프로 17 사용리뷰였습니다
keyword_reviews01.xlsx,오랜만에 돌아온 내돈내산 후기 얼마전에 드디어 노트북을 샀다 대학생 시절에 아빠가 사주신 30만원짜리 삼성 전시된 노트북 이후로찐으로 내돈내산으로 처음산 노트북그 노트북으로 대학생활 취준까지 함께하고이제는 너무 버벅거려서 아무것도 할 수 없는 지경이 되어보내주기로 거의 10년씀 솔직히 이런 전자기기에 대해 잘 몰라서엄청 알아보고 산건 아니지만노트북 그램 아니겠나 주관적인 내 생각 내가 필요한 건 사무용으로 가성비 좋고인터넷 잘되고 파워포인트 엑셀만 잘되면 되기에그런 노트북이 뭐가 있나 검색해보다가그러던 중 신학기 맞이로 카카오톡 톡딜에 뜬 노트북을 보고홀린듯이 결제해버림내가 산 모델은 2024년형 LG그램 Ultra5 15인치15ZD90S GX56K이름 참 기네요 괜히 썸네일 있어보이게 만들어봤지만 사실 별 내용 없음 주의LG gram pro 신제품 출시기념 이벤트 LG전자LG전자에서 진행 중인 LG gram pro 신제품 출시기념 이벤트에 대해 자세히 확인해 보세요 www lge co kr지금 또 신제품 출시 기념으로 노트북 사면 사은품을 주는 행사도 하는 중이어서노트북 사서 사은품 신청까지 해둔 상태아무도 의심 안하지만내돈 내산 구매 인증나는 카카오 톡딜로 최종적으로 119만원에 구매했다 지금 다시 카카오톡 쇼핑 찾아보니 동일 모델 165만원 정도에 파는듯 내가 살때는 쿠폰 적용 카카오 페이 할인이 적용되서저기에 찍힌 금액은 1 249 000원이지만결론적으로는 할인된 119만원으로 샀다는 점 윈도우X 오피스X SSD 추가 X 말그대로 깡통상태로 샀다 사실 이런 부분에 대해 너무 아는게 없어서남편한테 실시간으로 엄청 물어보고결국엔 깡통으로 사도 나쁘지 않을 것 같다는 그의 조언을 받들어 100만원 초반대에 사고 나니 괜히 더 뿌듯왠지 현명한 소비를 한 것 같은 나름 내돈내산 리뷰를 한대놓고혹시 노트북 스펙이 궁금하고 레알 IT전문 블로그 후기를 기대하셨다면 죄송합니다 스펙은 아래를 참고해주세요 노트북은 주문하고 한 이틀 후쯤 왔다 언박싱 찍으려고 하나하나 사진찍는데동생이 옆에서 질려함 박스 안에 또 다른 박스의 등장영롱한 gram로고가 보인다 믿고 샀지만 그래도 혹시 모르니 제대로 왔나 확인모델명 맞고 제조는 2023년 12월 29일에 했고 색상 화이트 맞고 확인완드디어 오픈매우 영롱하다 박스는 크지만 구성품은 노트북 충전기 설명서15인치인거 알고 사긴 했는데 생각보다더 커서 좀 놀랐다 근데 안무거워서 더 놀람 설명에 보면 약 1290g이라는데직접 저울에 재봤는데 광인쩔 1286g이었다 더 무겁게 이야기하는 갓엘지화면도 큼직큼직하고무겁지도 않고 일할 때 정말 너무 좋을 것 같다 약 간 아쉬운 점이 키보드에 키패드가 있는데그게 쓰다보면 편하겠지만키패드 없는 노트북만 쓰다가 숫자 키패드가 더 있으니깐타자감이 어색하달까아쉬운 점은 아니고 걍 나혼자 불편한 점 적응해라 나 자신아 신형이라 아직 쿠팡에 키보드 커버가 없어서 걍 대충 비슷한 모델 사서 쓰는데묘하게 안맞아서 엇갈려있는데그냥 쓰는 중대충 살자여튼 화이트도 너무 예쁘고가볍고 좋습니다요이전 노트북은 핑크 노트북이었는데그땐 좋았는데 갈 수록 질려서 역시 전자기기는 화이트가 진리두께도 재봤는데 0 5cm로 매우 얇다 근데 나 뭐 엘지에 돈받았나 왜 무게도 재보고두께도 재보고 돈줍쇼혼자만의 열정 리뷰난 깡통으로 샀기 때문에윈도우도 따로 깔고마이크로 소프트도 따로 깔고 했다 엄청난 기능을 써야하는 건 아니어서아직까지 한 이틀썼는데 아주 대만족무엇보다 안 버벅거리고 빨라서 너무 좋다 바탕화면 깨끗하게 잘 정리하기로 스스로 약속했는데과연 몇일이나 갈지 돈 버는 어른이되니 노트북도 턱턱 사고뿌듯한 삶이다
keyword_reviews01.xlsx,핀란드 피스카는 1967 년 세계 최초의 플라스틱 핸들 가위를 만들었고 모델은 약간의 수정으로 생산되었습니다 이 가위는 여전히 같은 공장에서 핀란드에서 만들어졌습니다 여러분 중 일부는 플라스틱 손잡이가 무서워 지지만 그 플라스틱은 매우 내구성이 뛰어납니다 우리 가족은 8 쌍의 다른 Fiskars 가위를 가지고 있으며 그중 어느 것도 분해되지 않았습니다 가장 오래된 쌍은 1980 년대에 왔으며 여전히 매우 날카 롭습니다 플라스틱 문제없이 세탁기로 세척됩니다 나는 전선 플라스틱 금속 호일 심지어 얇은 합판을 내와 함께 잘라 냈다는 것을 인정해야한다 내가 어렸을 때 나는 양손으로 바닥에 양손을 눌러 2 mm 합판을 강제로 강요했다 그들은 힘들다
keyword_reviews01.xlsx,안녕하세요 하루아빠입니다 포스팅은 엄마가 작성중 오늘은 큰 맘먹고 구매한LG그램 제품을 리뷰하려고 합니다 장차 여러분들께 발빠른 부동산 정보와다양한 매물을 보여드리기 위해 아직 초보 블로거이지만나름의 거액을 투자 하게 되었습니다 리뷰 시 작 구매한 제품은 바로바로16Z90SP KAOWKLG전자 공식 홈페이지에서 구매했구요 LGE COM LG전자차원이 다른 가치를 제공하는 LG전자 노트북 TV 및 냉장고 등 다양한 제품으로 당신의 라이프 스타일을 완성해보세요 엘지이닷컴에서 전 제품을 소개합니다 www lge co krLG 그램 Pro 40 6cm 16인치 2024 16Z90SP KAOWK LG전자LG 그램 Pro 40 6cm 16인치 노트북 2024 16Z90SP KAOWK는 고해상도 디스플레이와 강력한 퍼포먼스로 최적의 성능을 제공합니다 가볍고 슬림한 LG 노트북의 가격 스펙 등 제품 정보를 확인하세요 www lge co kr바로 이 제품을 구매했습니다 출시가격 2 590 000원판매가격은 진행하는 이벤트 일정에 따라다른것 같아 적어놓지 않겠습니다 사전예약으로 구매했고배송되는데 시간이 오래 걸릴 줄 알았는데약 일주일 만에 제품을 수령하였습니다 LG기사님이 방문한다 시기에방문하셔서 윈도우를 설치해주시는 건가 했는데윈도우는 이미 깔려서 온다고 하더라구요 기술적인 무언가를 알려주시거나 하진않으셨고 같이 언박싱 했습니다 그래도 죠아 LG그램PRO 개봉박두크으 이쁩니다 그램 로고가 조금 바뀐듯 해요 폰트 차이가 있는 듯 한데원래 그램 쓰시던 이웃님들은 느끼실꺼 같아요 사실 하루엄마가 그램을 쓰는데 로고가 조금 다른 느낌이라고 함 구성품은 본체 충전기가 끝입니다 16인치가 작을 수도 있으려나 걱정했는데전혀 작지 않네요 화면도 적당하고 학생분들 작업하기도 편할꺼 같아요 MS 오피스 프로그램 두개를 한 창에 띄우기는어렵겠지만하나의 프로그램을 사용하기엔 충분하다고 생각해요 키보드 키감도 부드럽고 좋습니다 키보드가 쫀쫀한 느낌 새거라 그런걸까요 노트북의 주요 스펙을 알려드릴게요 16Z90SP KAOWK주요 스펙OS Windows 11 Home 64 비트 CPU 인텔 코어 Ultra5 프로세서 125H무게 g 약 1 199Windows 11 Home 64 비트 해상도 WQXGA 2880 x 1800 메모리 용량 16GBSSD 512GB이정도면 사무용으로 쓰기엔 넉넉하죠 원래는 인텔 Ultra7 프로세서를 탑재한16Z90SP GA70K이 제품을 사려고 했으나 사전예약 라이브 방송 당시 품절 아니 16Z90SP GA70K 이 제품을 구해하신 이웃님들다들 어떻게 그렇게 빨리 결제 하셨나요오오 부럽습니다 비록 Ultra7은 실패했지만지금 저의 노트북도 대대만족합니다 화면을 보여드릴게요 Next imageLG그램PRO 화면해상도가 어느정도 느껴지시나요 사진으로 다시 촬영하거라 촬영본 보다는 훨씬 좋아요 Youtube OTT등 실시간 스트리밍은 버벅거리는 것은 없구요문서작업도 잘 돌아갑니다 게임 던전앤파이터도 무리없이 잘 돌아가고무엇보다 정말 가벼워요 왜 다들 그램그램 하는지 알겠어요 매일 매일 회사 미팅 집 충분히 들고 다닐 수 있을것 같아요 문서작업 정도이지만제 경험상 고스펙 고사양을 구매해서 사용하면전자기기는 오래오래 사용하더라구요 조금 있으면 신학기인데학생들 쓰기도 좋은것 같으니노트북 선물을 생각하신다면한번 고려해 보세요 다음 포스팅엔 그램 기능에 대해서 한번 리뷰 해 볼게요 다들 즐거운 주말 보내세요 경제성 대가 없는 1000 내돈내산 리뷰 LG그램PRO 2024LG그램 grampro 16Z90SPKAOWK 인텔Ultra5 그램리뷰 그램프로후기 lggram 노트북추천 대학생노트북 직장인노트북 학생노트북 신학기선물
keyword_reviews01.xlsx,LG그램 pro 16인치를 구입했습니다석사 때 산 노트북이 있는데요 구입한지 7년 정도 되었더라구요 돌아가는데는 문제가 없지만배터리가 노후되서 충전기 없이는사용하기가 어렵고 노트북도 워낙 두껍고 무겁구요 이번학기부터 학교에 자주가다보니노트북을 들고 가는 경우가 늘었는데노트북에 충전기까지 가지고다닐라니이건 뭐 무게가 어마어마한겁니다 LG그램pro를 구입했습니다 박사 졸업하려면 조금 시간이 남았으니뽕뽑을 수 있겠죠 LG그램pro 16인치LG그램pro 16인치 구입이유그램하면 가벼움의 상징이잖아요 1 2kg으로 가볍게 나왔습니다 배터리 성능도 좋아져서한 번 완충하고 10시간 이상사용할 수 있다고 하네요 물론 어떤 작업을 하냐에따라차이가 있습니다 pro에는 더블쿨링팬이 있어서노트북 사용시 발열도 적고하드웨어가 보다 원활하게 구동되게도와줍니다 LG그램링크라는 새로운 자체 프로그램으로ios체제의 아이폰이나 아이패드와PC의 사진교환 같은 게 수월하고화면 확장 기능도 된다고 하더라구요 기존에 쓰던 노트북은 15 6인치인데베젤이 넓은 편이었는데요 LG그램pro 16인치는 베젤이 얇아서기존에 쓰던 노트북이랑전체적인 크기 차이는 별로 없더라구요 그래서인지 부담스럽지 않은 사이즈에화면이 약간 확장되어서 시원해진 느낌에크기는 만족스럽습니다 얇고 가벼움을 자랑하는LG그램pro 답게 얇디얇습니다 포트가 없는 부분은 안쪽으로움푹 들어가게 디자인을 해서더 얇게 느껴지게 만들었더라구요 포트는 C타입 2개HDMI 1개USB 2개이어폰 1개이렇게 구성되어 있습니다 물론 LG그램pro 16인치의 불편한 점도 있습니다 바로 이 숫자키인데요 옆쪽에 숫자키가 있는 것은 편리하지만터치패드의 크기를 늘리면서자판의 공간이 부족했던 탓인지PgUP Home End 등의 키가숫자키와 같이 있어요 NumLk을 꺼야만사용할 수 있다는 아쉬움이 있습니다 은근 편한 키들인데 말이죠 적응이 되면 괜찮으려나요 시원시원한 사이즈가 좋지만일반적인 가방으로는 16인치 노트북을담아가지고 다니기 힘들다는한계점이 존재하죠 그렇지만 16인치 노트북을 담아다닐 수 있는숄더백을 찾아서 이 문제는 해결했답니다 곧 리뷰올릴게요 LG그램 pro 16인치의 충전기입니다 C타입 충전기이고충전기 본체도 작아서가볍고 휴대하기도 좋습니다 LG그램 pro 16인치를 구입했는데요 기본 용량이 256GB인 제품입니다 근데 256GB로는 용량이 충분하지 않아서구입처에 문의했더니 SSD를 사오면용량을 추가할 수 있다고 하더라구요 그러면서 SK hynix꺼를 추천해주시길래500GB를 구입했습니다 500GB SSD를 메인드라이버로기존에 있던 256GB를 서브드라이버로나누어서 설치했습니다 메인드라이버의 용량이 충분해지니마음이 둔둔하네요 LG그램 pro 16인치 구매 사은품2024년 신제품이 출시되고얼마지나지 않은 시점에 구입을 해서인지LG그램 구입고객에게여러가지 사은품을 주는 행사를 하더라구요 무선마우스와 한글프로그램 곰프로그램 산돌구름 등을사용할 수 있는 LG그램 오피스벨류팩그리고 랜디스도넛과 콜라보한 상품들까지사은품으로 받았습니다 결론적으로 말씀드리자면 LG gram 오피스 벨류팩의한글과컴퓨터 외에는그닥 무선마우스 사은품집에서는 버티컬을 사용하고 있는데그 몸집이 크다보니들고다니기 불편하던 차에무선마우스를 준다니 좋더라구요 그런데 일단 블루투스 마우스가 아니고USB 리시버를 꺼내려면마우스 앞면을 다 열어야해서불편함이 있더라구요 항시 사용할 것이 아니라 리시버를넣다뺐다를 자주 해야하는데 말이죠 작동도 잘 되지는 않아요 스크롤이 될 때가 있고안 될 때가 있어요 USB 리시버를 끼우면작동이 되는데요 USB리시버를 끼워도 불빛이 안들어오고마우스 반응이 안되어서배터리가 다됐나 생각했는데USB리시버를 제거하고가방에 넣었는데 불빛이 들어오는기이한 현상 전원이 없어서 끄지도 못한답니다 이름 그대로 사은품이네요 휴대용으로 쓸 작은 것을 따로구입을 해야할 것 같아요 컴팩트한 무선마우스라 좋아했는데아쉬워요 LG 그램 오피스 밸류팩또다른 사은품은 LG그램 오피스 밸류팩입니다 산돌구름 한컴오피스 한컴독스 곰믹스 곰캠프로가포함되어 있습니다 한컴오피스는 영구 사용이고나머지는 1년 이용권이에요 한컴오피스 2024 영구버젼이 있는게아주아주아주 좋더라구요 산돌구름도 호기심에 사용해보고 있긴한데단순히 PPT 만들 때 폰트를 쓰다보니생각보다 무료폰트도 쓸만한 것들이 많더라구요 유료로 1년 써보는 것으로 충분할 것 같아요 곰캠이랑 곰믹스는 아직 안써봤네요 LG그램링크LG그램 pro를 사면서너무너무 기대했던 기능이었던LG그램링크도 써봤습니다 노트북의 바탕화면에 있는 LG그램링크 프로그램에 들어가고아이패드에서 LG그램링크 앱을 받으면사용할 수 있어요 PC에 기기 등록이 되고 나면앱을 연동해서 사진이나 문서들을편하게 보내고 받을 수 있습니다 뿐만아니라 모바일 기기 미러링이나PC화면 확장 복제키보드 마우스로 사용하는기능도 있어요 앱에서는 이렇게 보인답니다 기기를 PC에 등록할 수도 있고등록하지 않고 일회성으로 파일 전송을할 수도 있어요 화면 확장 기능을 사용해봤습니다 아이패드에서 찍힌 사진인데요 폴더화면 보이시죠 신기합니다 엄청 신기해요 그런데 신기함 거기 까지입니다 안정성이 떨어지더라구요 아이패드에서 보이는 화면이버벅거림이 있고노트북에서도 안정성이 떨어져서작업표시줄에 내려놓은 창들이보이지 않는다거나화면이 깜빡거린다거나 느려진다거나 그런 측면이 있어서한 번 사용해보고는 사용 안해요 조금 지나면 안정화가 되려나요 그 전까지는 사용할 생각이 없는LG그램링크입니다 LG그램pro 16인치 내돈내산 후기였습니다 가벼움이 최고의 장점이라요즘 학교에 수업하러 갈 때도연구실 갈 때도강의하러 갈 때도가뿐하게 들고 갈 수 있어서 만족스럽습니다 앞으로 5년간 잘 부탁한다
keyword_reviews01.xlsx,가성비는 대만산 노트북이죠 애플은 m4맥미니 외에는 가성비 최고다라고 말하기 힘들다 생각하는데
keyword_reviews01.xlsx,난 무게차이가 저 정도면 그램으로 10만원차이로 저 차이를 만들다니
keyword_reviews01.xlsx,솔직히 아이폰 애플워치 에어팟 모두 애플에 빠지지 않더라도 좋은 상품이니 언젠간 구매할거라 생각했었고아이패드는 정말 전공책들을 들고다니지 않아도 되어서 굉장히 좋았고 프로5 256까지 질렀지만 그래도 스피커나 화질이 너무 좋아서 잘 쓰는 중입니다 근데 맥북은 조금 아쉬운게 m1프로 깡통을 구매해서일까요 뭐랄까 아직 매워야할게 많다고 느껴지더라고요블로그를 다시 시작하는데 미친연동성으로 사진도 바로 복사 붙여넣기가 되어서 그런 점은 굉장히 만족합니다 디자인과 휴대성도요 13인치라서 그런건지 웹서핑용도나 미디어감상 용도 라이트한 게임 용도로는 아이패드가 더 좋은 상품이라는 생각이 가끔씩 들기도 합니다 맥북을 굉장히 비싸게 주고 샀는데 조금 아쉬움이 남아요그래도 맥북은 계속 쓰고 싶습니다 제 기준으로 불안불안한 윈도우 pc를 이용하다가 맥북을 구매하니까 확실히 다르다는 느낌은 들더라고요 튼튼하고 오래 쓸 수 있을 것 같은 느낌 잡설이 길었고 결론을 이야기해보자면 13인치로는 맥의 사운드나 화질을 제대로 느끼기 힘들다는 고견들이 있는데발열이 적고 배터리 오래가는 m1 13 프로가 너무 좋지만팔고 전년 세대인 2019 16인치를 사는 것에 대하여 어떻게 생각하시나요 굳이라는 생각일까요 아니면 지금 용도로는 그게 맞다는 생각이신가요 답답하게 보이시겠지만 매일매일 맥을 이해하고 잘 써보고싶어 길을 헤메는 중입니다 오늘도 즐거운 하루 되세요
keyword_reviews01.xlsx,나는 확인하기 위해 제거했다 내 커넥터는 화상이 확인되었다 완전히 삽입하지 않는 사용자 는 가 아니다 실제 문제
keyword_reviews01.xlsx,지난 6월 휴대 업무용으로 LG gram 14인치 제품을 구매하였습니다 어느덧 3개월이 경과한 시점에서 실사용자의 솔직하면서 만족스러운 후기를 남겨보고자합니다 거기에 게임을 무척이나 좋아하는 올드 게이머로서 gram 내장 그래픽의 게임 테스트 결과도 함께 지켜봐주세요 LG그램 2022년도 모델이 더욱 더 기대가 됩니다 그때가서 누가 하나 새로 안사주나 거두절미 최고의 휴대용 노트북 그램 LG gram에서도 가장 가볍고 쓸만한 14인치 모델LG gram은 이미 오래전부터 국내외에서 높은 완성도를 바탕으로한 상품성을 인정받은 제품입니다 저에게 있어서도 노트북을 구매할 때 삼성보다도 먼저 고려하게 만들수 있었던 원동력은 gram이 최고의 자리에 안주하지 않고 기본에 충실하며 많은 부분들이 꾸준히 개선되어 왔기 때문이 아닐까요 직업 특성상 출장이 잦은 편이고 외근중에도 노트북을 통한 문서 작업이 필요합니다 매일매일 휴대해야하는만큼 휴대성이 가장 좋은 제품을 선호했고 휴대성을 뒷받침하는 높은 배터리 성능은 너무나도 당연한 요구사항이었습니다 삼성 갤럭시북 프로 13인치 사양과 LG gram을 두고서 고민하던 갤럭시북 프로가 워낙 하판 내구도에 문제가 많아보인 관계로 LG Gram을 택하였습니다 갤럭시북 프로는 하판 뒤틀림 소리 약해진 강성 열에 의한 휨 등등 IT 유튜버들로부터 엄청 많이 까이더군요 저에게 있어서 gram은 이미 2015년 정도에 한차례 사용한 적 있었던 사용자 경험도 큰 몫을 했습니다 옵시디안 블랙 색상의 추가는 저처럼 30 40대의 비즈니스맨에게 최적화된 포멀하고 고급스러운 선택지를 제공해준 셈이었습니다 아무래도 화이트 gram은 젊고 활발한 대학생과 여성 고객들에 포커싱이 되어있다면 블랙 gram은 누가봐도 중장년 남성 고객을 주요 타겟으로 노린 것 같았고 저의 구매심리를 정확하게 크리티컬로 적중시켰습니다 특히나 저의 경우 부득이하게 블랙으로 되어있는 내부 배젤이 블랙 본체 색상과 너무 자연스럽고 통일감있게 어우러져서 나에게 일말의 화이트 따위 허락하지 않을거야라는 gram의 그 당당함이 멋져 보였습니다 디자인면에서는 도저히 깔게 없네요 아무래도 업무용이다보니 타이핑이 매우 잦은편인데 팬터그래프 방식의 키보드 이지만 타건감 자체는 크게 나쁘지 않았습니다 원래 조용한 팬터그래프 방식을 선호하던 저의 취향도 반영이 되어있기도 했고 확실히 깊이 눌리는 느낌은 좋습니다 스트로크가 깊은만큼 기기 안쪽으로 이물질이 유입될 가능성도 커져서 키보드 스킨은 필수처럼 보입니다 gram은 14인치 모델 외에도 15 16 17인치까지 다양한 라인업을 보유하고 있습니다 그럼에도 14인치를 선택한 이유는 가볍기 때문입니다 무게 만큼 휴대성에 큰 영향을 미치는 요인이 또 있을까요 무게가 낮은만큼 제품 사이즈도 저절로 작아지고 이는 곧 손으로 만지는 핸들링적인 가벼움외에도 수납 및 이동시의 편리함에 지대한 공헌을 하기 때문입니다 지방 출장 해외 출장시에 무게가 2키로가 넘는 노트북을 들고 다녀온 경험이 있으신 분들은 누구나가 가벼운 노트북이 최고다 라고 외칠법 합니다 전 주저없이 14인치 모델을 선택하였습니다 물론 그로인해 키보드에 숫자배열키는 생략된 것이 아쉽긴하지만요 gram의 대용량 배터리는 충전의 번거로움에서 해방시켜주고 그만큼 정신적인 안정감을 주며 노트북 생활에 더 집중할 수 있게 해줍니다 노트북 용량 자체는 초창기 대비하여 매우 커지진 않았지만 저전력 효율이 높아진만큼 여전히 All day라는 표현은 유효할지도 모르겠습니다 이렇듯 너무 뻔한듯도 이런 LG gram의 장점들을 고려하여 구매를 하였고 실물을 영접했을 때 생각보다도 작고 가벼움에 놀라움을 금치 못하였습니다 gram 14인치에 매우 Fit하게 맞는 파우치를 구매하여 매일매일 가방에 넣고다녀도 큰 불편함이 없는 노트북 생활이 지속되고 있습니다 본격 리뷰 LG gram으로 게임도 해볼까 사무용 노트북이 겜트북이 되어버린 순간게임광인 저였지만 사무용으로 구매한 LG gram 14인치 제품인만큼 이 노트북으로 게임을 하는 것은 거의 포기했습니다 삼성 갤럭시북 프로의 경우 MX450이라는 저전력 외장그래픽 카드가 있는 제품이 너무 탐이 나기도 했지만 LG gram은 MX450 사양이 없었던만큼 게임은 그냥 접는 것으로 결론을 내렸습니다 CPU 내장 그래픽 처리장치로는 아무래도 한계가 명확하기 때문입니다 그런데 기존의 인텔 내장그래픽은 정말 구렸습니다 말이 그래픽 처리장치이지 사실상 없는것보다 아주 미미하게 나은 수준에 불과했습니다 그런데 CPU가 세대를 거듭 발전하면서 11세대까지 왔고 인텔의 내장그래픽 처리 기술도 비약적으로 발전을 했습니다 Iris Xe는 인텔의 최신 내장 그래픽카드로서 외장보다는 훨씬 못미치지는 것이 사실이지만 기존대비해서는 월등히 나아진 퍼포먼스를 자랑합니다 즉 최고 사양의 게임을 돌리는 것은 어렵지만 저사양 인디게임 혹은 고전게임 정도는 충분히 실행 가능해 보였습니다 직접 테스트해보았습니다 아리아 크로니클 아리아 크로니클 LG GRAM 내장 그래픽 테스트 재생181좋아요106 26접기 펴기아리아 크로니클 LG GRAM 내장 그래픽 IRIS XE 실행 테스트인디 게임 느낌이 물씬나는 아리아 크로니클은 턴제 RPG를 좋아하는 분들이라면 진득하게 해볼만한 추천 게임입니다 극강의 부드러운 움직임을 자랑하지만 딱히 3D의 요소가 적었기에 최고 사양으로 gram14에서 실행하더라도 60프레임 유지에 전혀 문제가 없었습니다 성녀전기 성녀전기 LG GRAM 내장 그래픽 테스트 재생86좋아요105 55접기 펴기성녀전기 LG GRAM 내장 그래픽 IRIS XE 실행 테스트고급스럽고 섹시한 일러스트로 중무장한 성녀전기를 테스해 보았습니다 당연하게도 60프레임 밑으로 내려갈 일이 없었으며 예전에 영걸전같은 게임을 좋아했던지라 추억을 되살리며 하기 좋아보입니다 유럽을 배경으로한 일본틱한 일러스트에 중국어 음성들이 조금 어색하긴하네요 삼국지였다면 모를까 미로대탐정 미로대탐정 LG GRAM 내장 그래픽 테스트 재생32좋아요002 15접기 펴기미로대탐정 LG GRAM 내장 그래픽 IRIS XE 실행 테스트미로대탐정이라는 게임입니다 옛날 월리를 찾아라와 같은 사람들로 가득하여 왁자지껄한 배경 속을 탐험하며 단서를 찾아내는 독특한 개성을 지니고 있습니다 위의 게임들과 마찬가지로 2D 게임이라서 그런가 내장그래픽으로도 전혀 문제 없음 TABS Totally Accurate battle simulator TABS LG GRAM 내장 그래픽 테스트 재생122좋아요002 18접기 펴기TABS Totally Accurate Battle Simulator LG GRAM 내장 그래픽 IRIS XE 실행 테스트본격적인 3D 게임 테스트를 위해 TABS를 실행해보았습니다 해상도를 줄이지 않고 FHD를 유지시켰더니 프레임이 확 줄어듭니다 이 게임은 사양만 뒷받침되면 수백명 규모의 전쟁도 재현할 수 있는데요 아무래도 내장 그래픽으로는 20명도 한계인 것 같습니다 물론 사양을 타협하면 50 60명 규모는 30 40프레임정도로 가능 천수의 사쿠나히메 사쿠나 히메 LG GRAM 내장 그래픽 테스트 재생101좋아요004 39접기 펴기사쿠나 히메 LG GRAM 내장 그래픽 IRIS XE 실행 테스트마지막 테스트는 천수의 사쿠나 히메 귀여운 외모의 여신을 조종하여 호쾌한 액션과 쌀농작을 병행할 수 있고 꽤 재미있다고 입소문이 난 그런 게임이죠 약간의 옵션 타협 낮음 보통 위주 을 했는데 60프레임으로 안정적 유지가 되어서 이 정도였다니 하고 속으로 놀라기도 했습니다 위의 게임들 테스트를 통해 LG gram14는 휴대성을 겸비하면서도 저사양 인디게임들까지 무난히 돌릴 수 있는 겜트북으로 불러도 손색이 없다고 판단되었습니다 애초에 내장그래픽 혹은 사무용 컴퓨터로 고사양 게임들 레드 데드 리뎀션 같은 게임을 하려는 분은 없겠지만요 Iris Xe의 게임 성능에 대해 궁금하신 분들은 유튜브에 Iris Xe Game 이라고만 검색하셔도 해외 유튜버들이 비교용으로 올린 것이 꽤 많으니 참고해주세요 gram으로 게임을 하기위해서는 LG Control 프로그램을 통해 고성능 모드로 전환해야만 원활히 플레이가 가능합니다 이 경우 기본 모드에 비해 팬소리가 거슬릴 정도로 커지고 발열 상당해집니다 아마도 40도 후반에서 50도 초반까지는 상승하는 것 같네요 만졌을 때 어우 뜨거워 하는 느낌입니다 전문 게임용 노트북으로 설계된 것이 아닌만큼 너무 장시간 구동시키면 무리가 갈 우려도 분명해보입니다 이번 테스트를 계기로 다양한 pc 게임들을 추가로 구동해보았습니다 다만 분명한 것은 Iris Xe는 내장그래픽인만큼 한계가 명확하다는 점이었습니다 안타깝게도 일부 게임들은 알수없는 튕김현상으로 인하여 게임이 거의 불가하였습니다 ex SD건담 크로스레이즈 섬란 카구라 등등 이는 내장그래픽의 감당하는 범위를 넘어서서 게임을 지속할 경우 간헐적으로 무조건 발생하는 현상으로 보입니다 주로 일본 게임들에서 보였으며 평범한 인디게임에서는 보이질 않았습니다 Major JRPG를 좋아하시는 분들은 이점 참고하셔야 할 듯합니다 gram은 전원을 연결하지 않은 상태에서도 성능저하가 거의 없습니다 충전모드가 아닌 휴대모드로도 게임을 마음껏 돌릴 수 있다는 말입니다 물론 고용량이 무색하게 배터리가 광탈을 다른 휴대용 게이밍노트북들이 휴대모드에서 그래픽 성능이 50 수준으로 제한되며 급감하는 것에 비하면 매우 만족스러운 조치입니다 아무래도 내장 그래픽카드 덕분이겠죠 15분정도 천수의 사쿠나히메를 실행했는데 12 정도 배터리가 소진되더군요 대충 1시간30분 2시간 정도는 휴대모드로서도 충분히 돌릴 수 있지 않을까 생각됩니다 마무리 총평 사무업무용 겜트북제가 구매한 그램은 LG gram 14ZD90P GX5BK 입니다 14인치 모델에 i5 11세대 8기가 Ram 256GB 용량 윈도우 무설치에 블랙 모델을 의미합니다 라인업의 최고 사양은 아니지만 어디까지나 무난무난하며 가성비를 최고로 중시한 선택입니다 딱 한가지 아쉬운 것은 게임을 많이 하다보니 아무래도 256GB 용량이 부족함이 느껴진다는 것입니다 만약에 저처럼 게임도 같이 돌리실 생각이라면 SSD 하드 용량의 증량은 반드시 고려하시고 최소 512GB 혹은 1TB까지도 과감히 생각해보시는 것을 추천드립니다 요즘엔 인디 게임이라도 수십기가 바이트의 용량은 우숩거든요 보유한 대부분의 전자기기들이 블랙이라서 gram 마져도 블랙으로 선택했지만 후회는 없습니다 블랙도 촌스러운 깜장이 아닌 은은하면서 강렬한 블랙이고 군더더기 없는 외관 디자인은 보면 볼수록 매력적입니다 타닥타닥 치는 타건감을 좋아해서 초반에는 키보드 스킨없이 사용했지만 보시는 것처럼 먼지나 이물질이 잘 들어가게 생겼습니다 기본으로 제공하는 키보드 스킨 혹은 하나를 추가로 구입하시는 것을 강력 추천합니다 키보드 스킨 끼우면 약간 귀를 자극하는 타건감이 죽어버리지만 고장나는 것 보다야 낫지요 출장 갈때는 딱 이것만 있으면 됩니다 gram 본체 파우치 정품 충전기를 대체할 소형 고속 충전기 얇고 작은 마우스까지 여기에 조금 더 본격적으로 욕심내면 게임패드도 추가요 구매한 파우치는 요렇게 마우스 패드 역할도 합니다 맥도도의 65W 고속 충전기는 정품 충전기보다 훨씬 더 작고 강력한 성능 덕분에 오히려 메인으로 쓰고 있습니다 맥도도 고속 충전기 및 맥도도 케이블은 추후 간단 리뷰예정 특해 맥도도의 모양 충전케이블은 꺾임방지도 되면서 뭔가 더 찰싹 잘 달라붙어서 충전도 누수없이 근거없음 잘해줄 것만 같은 느낌적인 느낌입니다 LG gram은 저에게 있어서 가벼운 사무업무용 겜트북의 존재가 되었습니다 가벼운만큼 어딜가더라도 함께 할 수 있고 그 어디에서라도 저의 게임 욕망을 충분히 메꾸어줄 수 있는 둘도 없는 동반자가 될 것 같습니다 최근들어 노트북을 여러번 구매했습니다 한성 아방가르드 MSI 프레스티지에 이어서 이번의 LG gram 까지 이번 친구는 오래오래 함께 했으면 좋겠네요 만약 LG gram 2022년 모델이 현재의 완성도를 유지해나가면서 MX450 저전력 외장그래픽 모델이 추가된다면 그때는 무조건 노트북을 또 바꿀지도 모르겠습니다 내장형 그래픽의 게임성능 한계로 인해 결국 이 제품은 조기 처분하였습니다 MX450이 탑재된 다른 브랜드의 노트북 모델로 현재는 갈아탄 상황입니다 위의 리뷰처럼 일부 게임이 잘되기도 외장 그래픽이 아니다보니 튕기는 게임들도 더러 있고 확실히 게임이 주목적인 제품이 아니기에 제 사용용도와는 맞지 않다고 판단되었습니다 정말 잘만든 노트북인데 아쉬움의 이별을 직촬 사진은 모두 아이폰 11 프로 맥스 촬영 무보정 협찬 원고료 이벤트 참여 목적 전혀 없습니다
keyword_reviews01.xlsx,원래 사용하던 노트북이 너무 느려서 답답해질 무렵 아마 6년 넘게 사용한 듯 접한 사전예약 소식 디자인만 봐서는 맥북이지만 어차피 영상도 많이 안 보고 디자인 이런 작업을 하는 사람도 아니다 보니 일단 이 정도 목표 를 가지고 살펴봤습니다 혹시나 고장 났을 때 수리를 쉽게 받을 수 있는 서비스 편의성 무겁게 들고 다니는 것은 정말 딱 질색이기에 가벼운 노트북 적당한 선의 가격 200만 원 아래 또 삼세페다 뭐다 이벤트가 많더라고요 또 비교하다 보니까 이것도 또 중요하겠더라고요 키보드 키감 USB포트 최소 2개저의 지난 6년을 함께한 노트북도 LG 그램이었는데요 사실 블루투스 스피커 연결해서 사용해야 할 정도로 사운드 소리도 매우 작아서 잘 안 들림 가 정말 별로라고 생각하고 있었는데 검색하며 여러 글들을 읽어보니까 전문가분들 사이에서는 이미 유명했나 보더라고요 그런데 이번에는 음향도 뭐 개선됐다 하는 것 같고 사운드보다 무게와 키보드 자판을 누르는 느낌이 더 중요할 것 같아서 LG 그램 프로로 선택했어요 마침 이벤트로 LG전자 사이트에서 구입하면 Microsoft office 정품도 제공한다기에 혹해서 1월 15일 LG전자 라이브 방송도 챙겨봤을 정도로 사전 예약 혜택을 누리려고 열심이었는데요 다시 보니까 선택한 이 LCD모델 OLED모델 말고 기술 관련 지식이 없어 인터넷 글들을 읽으며 자세히 공부한 결과 LCD모델이 눈의 피로감이 덜하다는 것을 알게 되었어요 은 해당사항이 없기에 그냥 가격이 조금 더 저렴한 쿠팡에서 주문했습니다 삼성카드 카드 할인 때려 박고최종 결제가 약 1 624 000원 수준 256GB 저장용량 기준 저장할 것 많이 없어서 512GB대신 선택 그 밖의 사양은 WIN11 HOME LCD디스플레이 Anti Glare 인텔 코어 Ultra 5 프로세서 메모리 16GB 화면 16인치 1 199g 등그리고 1월 17일 로켓와우 배송으로 아침 7시가 되기 전에 받은 2024년 1월 따끈따끈한 신제품 노트북 박스가 엄청 크길래 놀랐는데 구성품은 간단했어요 노트북 충전기 사용설명서 끝 근데 옛날 노트북 사용하다가 요즘 제품으로 구입하니까충전 케이블도 동그란 구멍이 아니어서 신기했어요 14인치 사용하다가 16인치로 넘어오니까아주 큼직큼직하고요 자판도 기존 자판보다크기는 약간 작아진 느낌이지만 숫자 자판이 따로 빠져있어서 편하더라고요 사은품은 LG전자 사이트에서 별도로 신청한 후 1주일 후에 순차적으로 배송된다는데 사실 다른 것들은 상관없지만 무거운 마우스만 있어서 마우스가 빨리 왔으면 좋겠다는 소망이 원래 사용하던 노트북 14Z970 TA5IK 2017년 12월 제조 에 비하면 화면이 2인치 커져서 보기 편하기는 무게는 무거워지기는 했어요 그래도 1 199g으로 다른 노트북에 비하면 여전히 가벼운 편이기는 해요 예전 노트북은 터치스크린이어서 마우스가 없어도 됐는데 이제는 마우스 필수 터치패드 불편해하는 1인 그렇다고 터치로 가자니 가격이 확 높아져서 이 정도로 만족하고 사용하렵니다 백수 되고 아끼며 살려고 했는데 어째 큰돈 쓸 일이 자꾸 생김 쳇 받자마자 하루 동안 자꾸 팬 돌아가는 소리가 요란하게 나는 것이 조금 거슬리기는 했지만 또 오늘은 괜찮은 것 같은 새로운 노트북 개봉 비전문가 라기 보다 기계를 잘 모르는 30대 가 이틀 사용한 간단 내돈내산 후기였습니다
keyword_reviews01.xlsx,3 10 마그네슘 합금은 금속이 아니다 메모
keyword_reviews01.xlsx,눈 뜬 소비자의 힘 모이면 모일수록 세집니다 소비자는 호구가 아니죠 삼성이 자사 플래그쉽 노트북을 매년 2월이나 3월에 신제품 출시하더니 2024년 올해는 작년 12월에 선공개하고 1월에 사전예약판매 첨 보는 방식으로 판매하는군요 올해는 화려한 마케팅이 없어서 공개한 줄도 모르고 있었네요 피해자가 줄기에 좋긴 하네요 소수 인플루언서들에게만 선 공개 한 줄 알았고 일반인 대상 판매중인 걸 몰랐네요 2018년 삼성의 화려한 온라인 마케팅에 넘어가서 아직도 삼성의 호구 중입니다 2024년 갤럭시북42023년 갤럭시북32022년 갤럭시북 프로 22021년 갤럭시북 프로2020년 플렉스2019년 펜S2018년 펜삼성 플래그쉽 2in1 노트북 시리즈들이죠 2018년 펜을 구매했다가 호구된지 벌써 6년차네요 구매 후 하자가 많아서 AS를 수차례 받았지만 하자가 되풀이 되고 해결책은 없고2년차 넘어가자 유상 처리만 된다고 해서 원래 그런거라고 AS비 당당히 친절하게 청구 받아서 AS비 내고 수리 받으면 되지 뭘 그러냐구 AS센터에서 친절하게 면박 받아서 그때서야 아 내가 호구였구나 깨달은지 이제 4년차 넘어 가네요 배터리 충전 불가로 교체 발열 저장된 필기 파일 통째로 날아감 고장 날까봐 저사양 위주 운용하며 막사용하지 않기 등은 참을만 했는데 그 때 당시 i7 최고 사양이었죠 화면 크기 HDD 용량 등 스펙 의미 없음 화면이 하얗게 되더니 AS센터에서 백화현상이라고 하더군요 아무 것도 안보이는 상황이 발생하니까 이건 아니다 싶었습니다 2024년 1월 현재 3년째 삼성 플래그쉽 노트북이 이렇게 쓰레기다 이거 현장 증거 보존용으로 타 노트북 받침판으로 200만원짜리 깔판으로만 사용하고 있습니다 1년째에는 한달에 한두번 켜보기는 했다가 요즘은 언제 켜봤는지 기억도 안납니다 증거용 까볼 날 만 기다립니다 21년 4월부터 LG그램 16인치 360 2in1을 삼성 쓰레기 탓에 피같은 생돈 200백만원 더 들여서 사용중입니다 사용자 경험은 초기 경험이나 2년차 경험 3년차 경험치 모두 월등하게 낫네요 배터리가 말썽 부린적 없구요 화면이 깜빡거리거나 하얗게 되지도 않구요 화면 해상도도 훨 좋아요 이번에 평소 쓰던 환경 그대로 테스트 해 봤습니다 방전되어서 꺼질 때까지 유뷰브를 계속해서 틀어놔 보았습니다 평소 충전은 80 한정으로 충전하는데 방전된 상태에서 80 충전까지 1시간 15분 걸렸습니다 화면 밝기는 평소에 60 에 놓고 씁니다 제 기억에 실외로 나가서 써 본 적은 거의 없는데 그 이상으로 하면 눈이 부셔서 오래 보지 못하기에 60 에 고정된 상태입니다 작년에는 80 로 했었는데 모니터를 너무 많이 보나 봅니다 소리는 눈에 비해 귀가 약한지 100 풀로 켜 놓습니다 80 이하로 하면 안들려서 짜증 납니다 노트북만 그런게 아니라 데스크탑이나 태블릿도 그렇네요 나이 탓인가 하여간 그렇습니다 방전되어서 자동으로 꺼지는데 6시간 10분이 걸리네요 작년에 테스트 했던 수치보다 10분 더 가네요 화면 밝기를 80 에서 60 로 낮춰서 그런가 놀랍습니다 삼성 노트북 펜으로는 상상도 하지 못했 던 경험입니다 펜은 1년차 부터 말썽이더니 2년 넘어가자 구제 불능상태였는데 그램 360은 3년 돌파해가는데 거의 그대로네요 평일 7시간 정도 테스트 환경대로 막 돌리고 주말에도 침대에서 뒹글 때 또 돌립니다 3년 평균치로 되돌아 보면 하루 최소 7시간에서 최대 9시간 정도 돌립니다 향후 7년 더 가서 쭈우우 욱 매년 이런 글 올리고 싶네요 얼마나 더 갈지는 모르겠습니다 필기 파일 날아간 적도 한번도 없어요 삼성 펜만 그랬던 겁니다 만 사용 2년 만에 AS센터 5차례 방문 이런거 사라져야 합니다 소비자 뒷통수 쳐서 부당한 수리비 청구하는거 사라져야 합니다 화려한 마케팅으로 쓰레기 플래그 쉽 노트북 폴더블폰 200백만원 이상에 팔아 놓고 뒤처리는 나 몰라라 하는거 이런 저급한 영업방식 정말 사라져야 합니다 폴더블폰도 마찬가집니다 그냥 비싼 허세 마케팅 쓰레기입니다 그런 허세 마케팅에 넘어간 정말 삼성 호구입니다 시켜서 하면 심부름이고 알아서 하면 서비스라는 말이 있죠 삼성 플래그 쉽에게는 절대 안통하는 말입니다 이게 200만원 짜리 노트북 현장 보존용으로 보관중인 이유 입니다 통할 때까지 고이 보관할 겁니다 이미 구매 했어요 돈 드는거 아니죠 뭐 월등한 그램을 주변인에게 추천하지 못하는 이유펜이 말썽입니다 구매했던 해 한달만에 2년차에 1번 AS로 무상 교체했습니다 펜을 인식하지 못하거나 지연인식하는 경우가 필기 시간이 길어지면 자꾸 발생했습니다 AS센터에서 문제는 확인했는데 원인을 몰라서 펜을 2번이나 교체 했죠 교체해도 문제 해결은 못했죠 AS센터도 알고 있었죠 그러다 작년 가을에 배터리를 교체하려고 상단부를 시계 반시계 방향으로 돌렸는데 양방향 모두 헛돌기기만 했고 펜 상단부 배터리 뚜껑이 열리지 않더군요 AS 센터에 문의하니 교체한 지 1년이 지나면 유상 교체만 된다고 하더군요 2번 교체 후 1년 1개월 차였는데 LG가 삼성이 하던 짓을 똑같이 하더군요 원래 그런거라구요 문의하니 8만원대 였던거로 기억합니다 LG 온라인몰에서 펜은 재구매하기로 폰 상담받고 일단 분해부터 해보자 했습니다 상단부를 데스크 위에 탁탁 쳐 봤습니다 그랬더니 쉽게 열리고 뚜껑 고장 문제가 절로 해소 되었습니다 놀라운 건 이제까지 지연현상을 꾹 참고 그냥 사용했었는데 그것도 해소 되었습니다 배터리 뚜껑 잠금 기능에 문제 있었는데 사용자나 AS센터나 서로 원인을 몰랐던 거죠 이제 배터리 교체나 펜촉 교체 프로그램 제거 및 재설치 노트북 재부팅 같은 걸 하지 않습니다 상단부 뚜껑을 탁탁 치면 바로 펜을 인식합니다 물론 길게 펜을 사용하면 지연 인식 문제는 그대로 발생하죠 그래 이제는 탁탁 칩니다 LG도 원인을 알았으니 조치를 해야 하지 않나요 글쓰다 보니 AS센터에 이거 확인 했어야 했네 하는 생각이 드네요 아 이러니 호구지
keyword_reviews01.xlsx,우리가 테크 유튜브를 보는 이유는대기업에서 알려주지 않는 실사용 성능과 장단점을 알고 싶어서 이지홍보 영상을 보고 싶어서가 아니다 그런 의미에서 욕 얻어 먹어 가면서 까지 사실을 객관적으로 소개하는 유튜버는 귀하다 테크몽 홧팅
keyword_reviews01.xlsx,성능적인 부분 벤치 온도 데시벨 등 은 게사장님 리뷰나 다른 분 리뷰가 더 정확할거라 체험적인 부분에 대해서 후기를 남겨보고자 합니다 최근 5년 간 사용했던 태블릿 노트북 리스트입니다 아래 제품들과 비교하는 내용이 후기에 담겨있으니 참고해주세요 현재 사용중 맥북 프로 M1 Pro 14인치 갤럭시탭 s9 울트라 구트라 리전 슬림5 2020 그램 17 회사 지급 처분한 제품 맥북 에어 M2 2022 젠북 14 59 젠북 아이패드 프로 3세대 12 9 서피스 프로91 외관 및 빌드 퀄리티외관 및 빌드퀄은 수준급입니다 맥북보단 못하지만 한두단계 아래 정도 느낌은 나더라구요 힌지도 튼튼하구요 내부도 짱짱합니다 비교 맥북 프로 맥북 에어 서피스 프로 리전 여기까지 빌드 퀄리티 좋음 젠북 그램2 소음 및 발열소음은 엄청 빡센 작업하면 소리가 좀 크긴 합니다 쓴 제품은 다 울트라북이라 그나마 2020 그램이 소리가 큰 편이었는데 그램보다는 확실히 시끄럽네요 울트라북은 주로 팬이 한개고 겜트북은 두 개씩은 달려있으니 당연히 리전의 팬 소리가 더 큰게 맞긴해서 비교가 좀 무의미하네요 그래도 평소 웹서핑 수준의 상태에서는 팬 소리 잘 안들리고 쾌적합니다 발열은 크게 안느껴집니다 장시간 게임은 아직 안해봤는데 이것저것 다운받고 설치하고 벤치보고 하느라고 꽤 리소스를 잡아먹었는데 미지근하거나 약간 따뜻한 정도네요 발열은 고사양 게임 롱런을 해봐야 좀 더 명확하게 알 수 있을거 같습니다 3 디자인디자인이 호불호 갈릴 요소가 좀 있는데 후면에 궁댕이처럼 튀어나온 부분이 생각보다 크게 신경이 안쓰이고 단순히 제품의 아이덴티티로 느껴집니다 상판의 레노버 마크랑 리전 글씨가 사람마다 호불호 갈릴 요소로 보이는데 불호가 좀 더 많을걸로 개인적으로는 이상한 아이콘 같은거 보단 글자가 있는게 훨씬 깔끔해보여서 좋네요 이게 빌드퀄이 좋아서 그렇게 느껴지는건지 실제로 그렇게 나쁜 디자인은 아닌건지 살짝 아리송합니다 4 디스플레이 스피커지금 갤탭 울트라에 저반사 필름 씌워져있어서 디스플레이 비교를 못하는게 아쉽네요 맥북 프로라도 비교하자면 OLED 특성상 더 쨍해서 리전이 색상 표현에 있어서 개인적으로 더 만족스럽습니다 다만 안티 글레어가 아니다보니 빛반사가 좀 있는데 대충 구트라정도의 반사율로 느껴집니다 불키고 영상볼 때는 빛 반사 때문에 맥북이 훨씬 나아보이네요 나중에 AR 필름 나온다면 무조건 붙여야겠습니다 갤북2때 OLED 가독성 이슈가 있었어서 혹시나 했는데 역시 그땐 FHD가 가장 큰 문제였던거 같네요 이 제품에선 가독성 문제가 전혀 없습니다 오히려 아주 쾌적합니다 다만 OLED 특성상 장시간 글자 보는 작업은 눈이 많이 피로할 것 같습니다 스피커는 별로 좋진 않습니다 그냥 스피커 달렸구나 정도 뭐 특별하게 나쁜건 아닌데 좋은건 절대 아닌 그래도 그램보다는 훨빼 낫네요 특정 소프트웨어로 어느 정도 성능 개선이 가능하다고는 하네요 영상 시청은 스피커 사용 시에는 맥북 프로 헤드폰 사용 시에는 리전으로 하기로 결정했습니다 스피커 비교 맥북 프로 맥북 에어 서피스 프로 여기까지 스피커 짱짱함 구트라 여기까지 스피커 괜찮음 리전 젠북 그램5 키보드일단 텐키리스라서 매우 만족합니다 개인 취향 다만 방향키 근처에 Page Down Page Up이 있는데 이게 은근 거슬리더라구요 글 작성할 때 Ctrl 좌 우 키 이용해서 단어 간 이동을 자주 사용하는데 실수로 방향키 근처에 있는 Ctrl PageUp Down를 입력하면 크롬 탭 좌우 이동 기능이 작동합니다 이런 단축키가 있는줄 처음 알았습니다 이건 사용하다보면 익숙해질거 같기도 하고 단축키를 변경시켜주면 해결될 문제 같긴합니다 키감은 상당히 좋습니다 쫀득한 맛이 있어서 치는 재미가 있어요 키감 비교 맥북 프로 맥북 에어 리전 젠북 여기까지 장시간 타이핑 괜찮음 구트라 정품 키커버 그램 서피스 프로6 트랙패드적당한 크기에 퀄리티도 괜찮습니다 사용했던 제품들중엔 맥북 다음으로 좋네요 유리냐 아니냐 논란이 있던데 확정적으로 말씀드리긴 힘들지만 맥북 같은 재질은 아닌거 같아서 유리는 아닌것으로 보입니다 사용자 이슈일 가능성이 큰데 사용하다보면 배치상 왼쪽 손바닥이 트랙패드 좌상단에 터치된 상태로 트랙패드를 조종할 경우가 있는데 이때 순간적으로 트랙패드 인식이 안됩니다 두 군데서 터치가 돼서 발생한 문제일텐데 젠북이나 그램 서피스 등에서는 발생한 적이 없어서 일단 적어봤습니다 2023 09 09 추가 해당 현상은 터치패드 탭의 민감도를 높음으로 설정하니 사라졌습니다 제것만 이상한건지 제손이 이상한건지 리전의 문제인진 모르겠는데 터치패드 인식률이 다소 낮은 편 인가봐요 7 와이파이 인식윈도우 처음 깔면 와이파이 인식이 전혀 안됩니다 프리도스 노트북이어도 3DP Net에서 랜카드 드라이버 설치하면 대부분 인식되던데 리전은 3DP Net에서 아무것도 안뜨더라구요 장치 관리자에도 안보이고요 다행히 집에 USB 무선 랜카드가 있어서 그걸로 레노버 홈페이지가서 드라이버 설치하니 그제서야 와이파이 인식이 됩니다 USB 랜카드가 없으시면 핸드폰을 USB로 연결해서 테더링하는 방법도 있으니 참고하세요 8 기타 온보드인게 아쉽지만 그래도 램 32기가라서 충분합니다 포트가 다양하고 짱짱해서 좋습니다 휴대하기에 마지노선인 무게 및 부피 같습니다 올라운더로 사용하기 정말 좋습니다 화면 우글거림 현상이 있긴한데 심한 편은 아닙니다 외관에 지문이 은은하게 남습니다 맥북 미드나이트처럼 지문이 심하게 남는 스타일은 아니라 관리에 용이해보입니다 시작할 때 부팅화면에 LEGION 글자 이펙트 멋집니다 지문 인식 때 전원 버튼 색이 변하는데 영롱하고 이쁩니다 비율 덕분에 체감상 14 5인치보다 더 커보입니다 요새 중저가형 노트북들 대부분 넣어주긴하지만 180도 힌지는 생각보다 매우 쏠쏠합니다 배터리 타임은 영상시청 밝기 50 기준 약 2시간 새벽에 축구 웨일즈전 동안 배터리 70 까지 떨어졌습니다 세팅중인 상태였어서 백그라운드로 돌아가는 프로그램도 있었을수도 있고 정확한 지표는 절대 아니니 참고만 해주세요 분해가 다소 힘듭니다 헤라가 없어서 안쓰는 신용카드 가지고 어찌저찌 뚜까했는데 그냥 헤라사서 분해 하십쇼 9 이런 분들에게 추천 빌드 퀄리티를 중요시 여기는 분 하나의 노트북으로 많은걸 커버하고 싶으신 분 올라운더 자주 들고다니는 성능좋은 노트북이 필요하신 분10 총평전반적으로 매우 만족스럽습니다 가성비 좋은 구성과 퀄리티로 올라운더가 가능한 제품이구요 디스플레이도 14인치 치고는 상당히 넓은 느낌도 들고요 스피커만 좋았다면 비슷한 수준의 겜트북 중 원탑 노려봤을만한 제품이네요 개인적으로는 맥북 다음으로 엄청 만족스럽네요 OS 및 프로그램 호환성 게임 플레이 가능 도 고려했을 때 실사용 시에는 맥북보다 훨씬 만족할 수도 있겠습니다
keyword_reviews01.xlsx,카메라 주변기기 리뷰를 쓰려 했으나 너무 뻔하기에 범위를 넓혀서 그냥 쓰는 것 온갖 것 다 써보려고 합니다 다음 주 주말까지 계속 비 소식이라 어차피 사진 찍으러 밖에 나가질 못해요 1 맥북 M3 프로 14인치 11 14코어 18GB 512GB 추천도 10 10 전 태어나서 작년까지 애플 제품을 써본 적이 없습니다 애플을 싫어하기도 하고 쓸 일도 없어서였는데 막상 포토샵 일러스트레이터를 시작해 보려니 어도비 프로그램은 맥이 진리다 라는 얘기를 들은 기억이 나서 질렀습니다 금액이 대충 290만 원 정도 했던 것 같은데 이 정도면 딱 내 수준에서 불편함 없이 오래 쓸 수 있겠지 라는 생각에 바 로 쿠팡에서 구매 처음엔 인터페이스가 너무 익숙치 않아서 고생했지만 며칠만 써보니까 금방 적응 되더군요 특히 매직 키보드 매직 마우스가 너무 편합니다 윈도우로 한다면 스페이스 바를 누른 상태에서 마우스를 움직여야 스크롤 되는 게 매직 마우스는 검지만 슬슬 움직여 주면 되니까요 아무튼 약 한 달 정도 잘 쓰고 있었는데 나중에 A7R5 비압축 RAW 파일 120장을 포커스 브라켓팅 하려고 포토샵에 싹 불러와서 작업하는데 거의 1시간이 넘게 걸리더라구요 옆에서 보고 있던 직원이 이런 건 맥북 프로 맥스 쓰면 눈 깜짝할 사인데 라고 하길래 바 로 애플스토어 여의도로 전화해서 재고 확인하고 맥북 프로 맥스 구매했습니다 맥북 M3 프로는 아는 분에게 선물로 드림 2 맥북 M3 프로 맥스 16인치 16 40코어 48GB 1TB 추천도 10 10 바보 같이 쿠팡에서 샀으면 훨씬 쌌을 텐데 당장 사고 싶다보니 애플스토어에서 정가 그대로 샀습니다 바 로 맥북 프로 맥스로 포커스 브라케팅 사진들 작업을 해보니 뭐 아주 조금 빨라지긴 했지만 드라마틱한 차이는 없었습니다 그래도 이거면 몇 년은 안 바꾸고 쓸 수 있을 테니 잘 산 거겠지 라고 현재 매우 만족하며 사용 중입니다 라룸에서 노이즈 제거하면 한 장당 대략 10 15초 정도 나오는 것 같아요 3 갤럭시 북4 프로 추천도 8 10 이 때만 해도 사진을 취미로는 사용하지 않고 회사일 하는 데에만 썼습니다 그런데 맥북으로 회사 일반 업무 하기에는 어려움이 있더군요 언뜻 노태문 에디션이라는 게 엄청 가성비 좋다고 하던 게 생각나서 갤럭시 북 최신판을 검색해 봅니다 핸드폰도 삼성이라 뭔가 연동되는 것도 좋을 것 같고 해서 샀는데 뭐 딱히 핸드폰이랑 연동할 것도 없고 카탈로그 사양에 비해 좀 뭔가 그냥 그랬습니다 그 전까지 쓰던 2017년도 LG 그램보다는 나은 것 같긴 한데 그냥저냥한 느낌 그래도 이걸로 한 5년 이상은 쓸 듯4 맥미니 M4 깡통 추천도 10 10 맥북은 5월에 샀는데 8월부터는 슬슬 사진을 취미로 찍기 시작합니다 그러다보니 라이트룸으로 보정을 하게 되고 그러려면 집으로 가져와서 해야 하는데 노트북 매일 매일 가지고 출퇴근 하기가 너무 귀찮아요 맥을 집에 하나 회사에 하나 두기로 합니다 맥북을 또 사긴 그런데 마침 맥미니 M4가 나왔어요 깡통 가격이 너무 착한 데다가 키보드 마우스 모니터 금액 생각하라고 하는데 모니터는 회사에 7개 집에 2개나 있고 마우스 키보드도 10개는 넘게 있으니 부담이 없습니다 저장 용량이나 램 업그레이드 등의 유혹이 밀려왔지만 깡통이 아니면 가성비가 아니라는 생각으로 그냥 깡통으로 구매했습니다 이제 뭘 집에 두느냐의 문제가 남았는데 회사에서는 딱 포토샵 일러스트레이터 2가지만 사용하지만 집에서는 천체 사진 스택용으로 픽스인사이트 같은 무거운 프로그램도 쓰니 집에 맥북을 두고 회사에 맥미니를 두기로 결정 지금까지 아무 문제없이 아주 잘 쓰고 있습니다 모니터 키보드 마우스만 있다면 실내용으로는 맥미니 M4 깡통 개강추합니다 5 미니 피씨 비링크 MINI S 외 추천도 9 10 집에서도 일해야죠 근데 갤럭시북 가지고 출퇴근하기 귀찮죠 미니 피씨를 하나 사무용으로 집에 마련했습니다 본래는 천체 촬영시 적도의에 미니피씨 연결하고 NINA 프로그램 연동해서 차에서 편하게 극축정렬 및 촬영하려고 N100 CPU 제품을 추천 받아 저렴한 걸 하나 구매했는데 생각보다 좋더라고요 미니피씨를 이것저것 사봤는데 그러다보니 미니피씨가 6대가 되었습니다 지금 쓰는 비링크 미니 S랑 램 36GB 1TB 미니피씨 2개만 남기고 다 무료나눔 해버렸네요 사무용으로만 사용하는 거다보니 특별히 고성능일 필요도 없고 사이즈가 무지 아담해서 공간도 차지하지 않고 아주 좋습니다 단순 사무용으로 사용하실 분들에게 미니 피씨 강추 6 로지텍 MX Mechanical 기계식 키보드 추천도 10 10 집에서는 매직 마우스 매직 키보드 일반 기계식 키보드 MX Master 3S 마우스를 돌려 쓰지만 사무실에서는 맥을 썼다가 윈도우를 썼다가 왔다갔다 할 일이 많습니다 근데 로지텍 MX KEYS S는 이지 스위치 버튼으로 맥 윈도우 블루투스 간편 변경이 가능하죠 그걸 쓰고 있었는데 보니까 리니어 키보드로 새로 MX Mechanical이 나왔더라구요 기계식 키보드를 워낙 좋아하기 때문에 MX KEYS S는 바로 카페에 무료나눔하고 이걸 들였습니다 기존 키보드는 타건감이 너무 별로였는데 이건 너무 좋습니다 키보드 디자인도 맥 윈도우 공용이라 함께 쓰기 엄청 편해요 맥 윈도우 동시에 쓰는 분들에게 강추 7 로지텍 MX Master 3S 추천도 9 10 마우스도 뭐 이것저것 다양하게 썼었지만 현재는 이걸로 정착했습니다 사무실에서 쓰는 건 페일 그레이 집에서 쓰는 건 그라파이트 흰색을 좋아해서 처음에 페일 그레이로 샀는데 그냥 그라파이트 추천 드립니다 페일 그레이는 완전 흰색도 아니다보니 좀 누르스름한 데다가 떼를 너무 잘 타서 오래 사용하면 미관상 보기가 좀 그래요 해당 마우스 출시 이후로 디자인을 카피 뜬 제품들이 상당히 많은데 막상 써보면 묵직함이나 마감이나 이런저런 거에서 이거 만한 게 없습니다 특히 로지 플로우 프로그램을 깔아두면 맥 윈도우 창을 자동으로 넘어가면서 파일을 복붙한다거나 하는 간편한 기술을 쓸 수 있어요 윈도우 화면 창에서 맥 화면 창 경계선에 닿으면 자동으로 블루투스 페어링이 바뀌는 방식인 것 같더라구요 그래도 복붙까지 어떻게 구현하는지는 모르지만 8 칼디짓 엘레멘트 독 추천도 10 10 금액이 30만 원을 훌쩍 넘을 정도로 비싸지만 사보면 정말 돈값 하는 만족도를 줍니다 USB 3 2 Gen2 4포트 썬더볼트 4 4포트로 무지하게 넉넉하게 포트가 있습니다 썬더볼트 4다보니 맥북이랑 연결하면 별도 전원 공급도 필요 없어서 맥북 어댑터랑 전원 케이블도 무료 나눔으로 날렸죠 독에 전원 공급하고 맥북으로 60W 전원 공급 모니터 2대와 접속 4K 60P 모니터 2대까지 연결 기타 부가 장치들 접속해서 사용하는데 케이블 배선 전원선 정리가 아주 아주 간편합니다 제품 사이즈도 작아요 최근에는 썬더볼트 5를 지원하는 엘레멘트 독5가 나왔던데 썬더볼트 5를 지원하는 호스트 기기라면 그것도 좋겠네요 사무실에 하나 집에 하나 가져다 놓고 씁니다 9 벨킨 썬더볼트4 도킹 스테이션 추천도 8 10 칼디짓을 써보니 너무 편해서 갤럭시 북에 쓰려고 구매한 녀석인데 갤럭시 북이 썬더볼트를 지원하지 않는 건 둘째치고 포트가 너무 부족합니다 호스트 전원 공급 썬더볼트 1포트를 제외하면 썬더볼트 3포트 USB 3 2 Gen2 1포트 금액은 칼디짓에 비해 훨씬 저렴하지만 얘도 20만 원은 넘는데 요즘 중국산 택갈이 독들도 썬더볼트는 아니지만 최대 200W에 5 6포트짜리가 10만 원 정도 한단 말이죠 썬더볼트를 쓸 거면 차라리 칼디짓을 그게 아니라면 사테치나 GaN PPS UM2 같은 걸 구매하는 게 나아보입니다 PC용 독 구성이 이렇고 제 방이나 사무실에는 온갖 쓸데없고 잡다하게 전력을 쓰는 LED 소품들이 워낙 많아서 유그린 사테치 테무산 등등의 독을 7개 정도 쓰고 있어요 10 엘가토 스트림 덱 플러스 추천도 5 10 데스크 테리어 영상에 하도 많이 나오길래 예뻐서 구매했더니 예쁘기만 하고 활용성이 없습니다 상단 8개 버튼은 어디서나 흔히 볼 수 있는 단축키 기능이고 하단의 볼륨 레버 4개가 핵심인데 이걸 대응할 수 있는 기능이 별로 없어요 기껏 해야 음량 줄이기 늘리기 화면 밝기 낮추기 올리기 정도 화이트가 정말 예쁘긴 예쁜데 실제 활용 가능성에 비해 너무 크고 비쌉니다 생각보다 데스크 공간을 많이 잡아먹어요 도저히 쓸 일이 없어서 이것도 카페 무료나눔으로 11 엘가토 스트림 덱 네오 추천도 7 10 그러던 중 엘가토 스트림 덱 네오라는 그나마 저렴한 애가 있는데 디자인은 좀 부족하지만 쓸데없는 볼륨 레버가 없어서 훨씬 공간을 덜 차지합니다 물론 실용성은 그다지 전 일일히 치기 귀찮은 각종 비밀번호나 업무용 메일 쓸 때 자주 쓰는 인사말 등의 단축 키를 넣어서 사용합니다 근데 이런 단순한 기능 지원하는 매크로 버튼들은 싼 게 아주 많아요 12 엘가토 스트림 덱 페달 추천도 9 10 엘가토 시리즈 중에 그나마 덜 유명한 녀석인데 역시 디자인이 별로라서 활용성은 이 녀석이 가장 좋은 것 같습니다 일종의 풋 스위치인데 좌측 중앙 우측의 세 가지 버튼을 대응합니다 전 좌측에 복사 중앙에 실행 취소 우측에 붙여넣기를 등록하고 발로 밟아서 간편하게 사용합니다 금액이 좀 비싸서 괘씸하긴 실제 활용성은 이게 가장 좋은 듯 13 루프덱 라이브 추천도 12 10 어도비 프로그램으로 사진 편집하는 분이라면 이건 무조건 사야합니다 왜냐하면 추천도가 12니까요 사진찍는회계사님 광고를 보고 혹해서 샀는데 혹한 것 이상의 편리함을 줍니다 엘가토 시리즈처럼 단순히 특정 행동을 넣는 게 아니라 각 대응 프로그램별 세부 액션들을 무한대로 저장 가능합니다 예를 들어 라이트 룸의 경우 중앙의 버튼 12개로 내보내기 비교 전 후 맞춤 등등 라룸 내의 모든 액션을 넣을 수 있고 볼륨 레버에는 채도 디헤이즈 부분대비 회전 등등등 라룸에 존재하는 모든 기능을 넣을 수 있습니다 게다가 디헤이즈로 설정한 볼륨 레버를 누르면 디헤이즈값이 초기화되도록 할 수도 있어요 버튼이나 레버가 부족하다면 터치창을 슬라이드해서 1 2 1 3 1 4 등으로 창을 무한대로 늘려 기능을 할당할 수 있습니다 당연히 라룸만이 아니라 포토샵 일러스트레이터 캡쳐 원 등등이 모두 대응됩니다 집에 하나 사무실에 하나 비치해뒀습니다 꼭 구매하세요 14 삼성 T5 EVO 2TB 추천도 8 10 나름 용량 많이 잡아먹는 작업을 하니까 SSD가 있으면 좋죠 나름 저렴한 가격과 귀여운 외관에 혹해서 T5를 구매했었는데 아뿔싸 이건 저처럼 박아놓고 쓰는 게 아니라 여기저기 가지고 다닐 때 빛을 발하는 녀석입니다 사이즈가 정말 작다 보니 가지고 다니기 정말 편하고 가격도 용량 대비 나쁘지는 않은데 일단 전송 속도가 그리 빠른 편이 아니에요 USB 3 2 Gen 1이다보니 읽기 쓰기 속도가 460 MB 밖에 안 나옵니다 물론 속도 좀 느린 거 감안하겠다고 하면 최대 8TB까지 나오는 모델도 있기 때문에 용량 대 가성비 측면에서는 좋은 제품입니다 전 필요 없어서 무료나눔 15 삼성 T9 4TB 추천도 9 10 USB 3 2 Gen2x2라 전송속도가 읽기 쓰기 2GB s입니다 이 정도면 솔직히 엔클로저 쓸 필요 없죠 물론 금액은 엔클로져에 비해 넘사벽으로 비싸지만 개인적으로 엔클로저 같은 걸 싫어하는지라 비싸더라도 이걸로 집에 하나 사무실에 하나 뒀습니다 아쉬운 점이라면 최대 용량이 4TB라는 거 정도 16 웨스턴 돔 20TB HDD 추천도 8 10 넉넉하게 사진 저장하려고 구매했습니다 요건 주로 용량 많이 잡아먹는 천체 사진 영상 관련 데이터를 백업하려고 근데 아직 3TB도 못채웠네요 생각보다 사이즈가 그리 크지 않아 좋습니다 17 웨스턴 돔 마이 패스포트 외장 HDD 추천도 8 10 이건 1년 마다 라룸 카탈로그를 HDD 하나에 넣어서 연도별로 보관하려고 구입했습니다 4TB를 총 4개 가지고 있는데 문제는 사진 시작하고 1년이 다되어가는데도 라룸 카탈로그 용량이 이제 겨우 1TB네요 사진을 너무 많이 안 찍는 건가 18 벤큐 SW272Q 추천도 9 10 원래 쓰던 모니터는 LG 27UP650 28MQ780 그램뷰 삼성 오딧세이 G5 G9 등을 썼는데 이것저것 공부하다보니 하드웨어 캘리브레이션이 어쩌구 DCI P3가 어쩌구 하길래 전문가용 모니터 쪽에 관심을 두게 됐습니다 큰 돈을 쓰기는 부담돼서 적당하게 맞는 걸 찾다보니 얘가 그냥 눈에 띄길래 샀습니다 물론 듀얼 모니터를 쓰고 있기 때문에 차광막은 안 쓰고 있지만 제 첫 전문가용 모니터이다보니 애착이 가네요 캘리브레이터로 꾸준히 캘리브레이션 해주면서 열심히 애껴 썼습니다 트루 10bit가 아니라는 게 계속 찜찜하고 19 에이조 CG2700S 추천도 10 10 하도 에이조 에이조 거리길래 샀습니다 엄청난 출혈을 감수하고 아쉬운 건 32인치 모니터를 한 번도 못써봤다는 건데 방이 좁아서 도저히 32인치 모니터를 둘 수가 없어요 이 녀석의 가장 좋은 점은 내장 캘리브레이터가 있기 때문에 스파이더 X 같은 캘리브레이터도 필요 없다는 겁니다 전용 프로그램으로 캘리브레이션을 실행하면 모니터 상단에서 캘리브레이터가 위잉 튀어나와서 알아서 캘리브레이션 합니다 워낙 막눈이라 캘리브레이션까지 해가면서 제대로 효과를 보고 있는 건지는 모르지만 일단 심신이 안정됩니다 제대로 색을 보고 있는 거겠지 하면서 현재는 방에서 벤큐 에이조 듀얼 모니터로 사용 중 20 스파이더 X2 포토 스튜디오 추천도 10 10 원래는 벤큐 모니터를 구매할 때 옵션으로 스파이더 프로를 함께 주문해서 캘리브레이션을 했는데 작년 추석에 이 패키지를 추석 할인으로 팔고 있더라구요 캘리브레이터도 X2로 업그레이드에다가 뭔가 있어 보이는 체커 보드 렌즈 CAL 화밸 큐브 등등이 함께 이걸로 구매 후 기존 스파이더 프로는 카페에 무료 나눔 물론 막상 구매한 이후로 캘리브레이터 이외에는 건들지도 않았습니다 쓸 일이 없었기 때문이죠 스파이더 정도만 해도 25만 원이면 구매하니까 모니터 캘리브레이션 하실 분들은 그거라도 하나 장만을 21 Topaz Photo AI 추천도 9 10 거의 99 의 사진 작업은 라룸에서만 끝내지만 최근에 조류 촬영을 하다보니 노이즈 샤픈 관련된 기능이 필요해서 구매했습니다 사실 더 좋은 프로그램도 많겠지만 아는 게 없다보니 소니 알파 세미나 보고 작가님이 추천해주신 걸로 냅다 구매 사실 조류 사진 보정용으로만 사용하긴 하는데 디노이즈 샤픈 업스케일링 얼굴 복원 컬러 그레이딩 등등이 가능합니다 단순 수치만 변경하는 게 아니라 굉장히 세분화되어 있어서 잘 다루면 좋을 것 같더라구요 아직은 잘 몰라서 대충 건드리고는 있는데 음 다운 사이즈된 이미지라 뭐가 향상됐는지 크게 티가 안 나네요 실제로 보면 엄청 체감되는데 일단 1회 구매로 평생 사용이라는 점이 마음에 듭니다 이거 외에는 포토샵용 리터치포미 플러그인을 5개 정도 구매해서 사용합니다 22 Pixinsight 추천도 11 10 돈 좀 쓰더라도 천체 관련 보정을 하고 싶다고 하면 가장 좋은 프로그램이겠죠 본 프로그램 유료 플러그인 익스 3신기 결제입니다 본래 은하수나 천체 보정용으로는 무료인 시큐에이터로 시작하라는 얘기를 들었는데 이게 맥용이 없더라구요 어쩔 수 없이 처음부터 그냥 픽스인사이트 구매했습니다 문제는 프로그램이 개복잡하고 정보도 그리 많지 않아서 익히는 게 어렵다는 건데 다행히 현장에서 우연히 만난 작가님을 졸졸 따라다니면서 대략적인 보정법을 야매로 배워서 수박 겉핥기 식으로 어떻게든 사용하고 있습니다 문제는 요새 주말마다 날씨가 별로라 천체 사진을 거의 못찍고 있다는 건데 가끔 스타 트레일 보정용으로 스타스택스라는 프로그램을 쓰기도 하고 달 사진 스택 보정용 별도 프로그램을 쓰기도 합니다 와 쓸 꺼리는 훨씬 많은데 너무 잡다한 것까지 쓰면 끝이 안 나므로 PC 프로그램 관련은 이 정도로 끝내겠습니다 궁금하신 거 있으면 답변 드릴게요
keyword_reviews01.xlsx,신학기 시즌 맥북 구매를 고려하는 중고등학생이나 선물을 주시려는 부모님들이 좋게 읽어주셨으면 합니다 몇달 전 맥북구입을 고려할때 중고등학생이 쓰는 리뷰들을 많이 못봤어요 한번 써봅니다 이제 예비고1이고 대학교때까지 보고 구입했어요 장점 다른 제품들과 차이가 나는 소재 마감 키보드의 키감이 좋으며 외장 마우스가 필요없는 고급스러운 트랙패드 당연히 좋은 애플 기기와의 호환성 깡통 모델임에도 불구하고 렉이 거의 없으며 애플 특유의 애니매이션에서 오는 부드러움 적응만 잘 한다면 단축키 사용으로 빠른 작업이 가능 윈도우 컴퓨터에선 왠지 모를 느린 느낌 맥 os는 그런 느낌을 덜 받음제가 장점을 가장 많이 느낀건 소프트웨어쪽이 아닌 하드웨어 쪽이었어요 동급 삼성 갤럭시 북 LG 그램과 비교했을때 맥북은 경량화 모델이 아니다 보니 무게감이 있지만 경량화 대신 품질을 선택하지 않았을까 라는 주관적 생각입니다 또 다른 타사 동급 모델들은 키보드 타건시 불안감이 있지만 맥북은 타건감 안정감도 좋았습니다 트랙패드 쓸어넘기기 기능 트랙패드의 누르는 느낌 경험해보면 굳이 블루투스 유선 마우스를 사용해야 할까 라는 느낌이 들어요 m1칩 답게 성능은 빠릿빠릿하고 좋았습니다 다만 지원 앱들이 적어서 로제타로 돌리는 앱들도 있지만 학생 입장에서는 체감이 전혀 되지 않습니다 추후에 더 지원을 해주겠죠 전자기기에 관심이 많아서 여러 인터넷을 뒤져보며 몇일간 단축키도 알아보고 사용방법도 알아봤는데 금방 숙지했습니다 오히려 윈도우보다도 파일 위치등이 직관적으로 다가왔어요 무엇보다도 중요한 애플 기기의 호환성인데 개인적으로 맥북 아이폰 에어팟 이 세개의 연동이 가장 편리했어요 에어드롭으로 파일이나 사진 전송이 가능했고 에어팟으로 아이폰 소리 듣다가 맥북 넘어가고 이게 좋았습니다 폰으로 인터넷 보던것도 맥북으로 넘어와서 크게 볼수도 있고요 아이패드가 있다면 맥북 옆으로 화면을 확장 시킬수 있고 SideCar 가족들에게 뭘 보여줄때 맥북화면을 공유해서 가족들은 아이패드로 맥북으로 제어하면 나름 괜찮았습니다 장점이 있다면 단점도 있겠죠 단점 c타입 포트 2개로 인한 추가 악세서리 비용 지출 허브 등 아직은 지원하지 않는 여러 사이트 왠지 모르게 프린트 드라이버 지원을 잘 안해줌 드라이버 오류 맥북 에어 특성상 노트북 치고는 상당히 작은 화면 가격동일한 윈도우 제품과 비교 시 나중에 지출할 소프트웨어 가격 차이가 큼 남자학생이든 여자학생이든 친구와 놀려면 가장 중요한 게임 불가 USB 1개만 사용하지만 나중가면 분명 불편함이 있을 것이다 라는 생각이 들었어요 USB 여러개를 사용할 날이 있을수도 있고 hdmi로 화면을 보여줄 날도 있지 않을까요 그러면 자연스럽게 허브를 구매하게 될텐데 허브의 가격이 정품은 사악하고 서드파티 제품들도 가격이 상당했어요 이렇게 추가 지출을 하다보면 더 큰 화면 사이즈를 가진 윈도우 노트북을 사지 않을까 싶더라고요학생이라면 가장 중요한 사이트가 어딜까요 나이스라고 생각을 합니다 성적 확인 상장 봉사 등 학업 내용을 분명 보게 되는데 나이스가 dmg 파일을 뿌리지 않아요 그냥 한마디로 안된다는 뜻입니다 그러면 자연스레 가상머신이나 윈도우 노트북을 알아보고 추가 비용이 몇십만원으로 올라갑니다 프린트 할 날도 많죠 지원하는 기기도 있지만 지원 안하는 기기도 상당히 많았어요 삼성 프린트를 사용하는데 os 11버전까지 드라이버를 내줬더라고요 m1 맥북으로 프린트 사용이 가능은 하겠지만 내가 가지고 있는 프린트가 잘 지원하는지 확인 해보세요 제 맥북을 본 가족 지인들 모두가 하는 말이 화면이 왜이렇게 작아 만족하지만 다른 큰 화면 보다가 이거 보면 체감이 확됩니다 체감이 제일 될때는 창 여러개 띄웠을때 좁아서 뭐가 어디있는지도 모르겠어요 자소서 작성이나 생기부 관리할때 한글을 작성하는 날이 있는데 윈도우는 한글 PPT 엑셀 등 다 합친 가격이 맥북에서는 한글 하나 값이에요 꿀팁을 알려드리자면 중고등학생은 마이크로소프트에서 무료료 프로그램을 다운할수 있게 해줘요 학교랑 연동이 되있어서 학교에 전화하시면 코드 알려주시고 막 알려주세요 아 게임이 많이 안됩니다 장점인지 단점인진 개인마다 달라요전 가족 공용 컴퓨터를 쓰다가 맥북 쓰고 거의 이걸 주로 쓰는데 게임을 못하니까 학업에 집중이 잘됩니다 롤 가능은 한데 윈도우와 굉장히 느낌이 달라요 노트북으로 게임할까봐 고민하시는 부모님들 맥북 괜찮을지도 몰라요 다들 알아서 되는 게임 찾아서 할거에요 추천 대상 중고등학생이 맥북 구입을 고려한다면 어떤분이 쓰기에 수월하시냐 1 윈도우를 사용할수 있는 기기 보유2 게임 하지 않고 인강 듣고 완전 공부에 사용하겠다 3 완전 나만의 컴퓨터로 만들겠다 윈도우 기기가 없으신 분은 완전 비추드립니다 간혹 인터넷 보면 학생은 맥북보단 다른 윈도우 노트북이 좋을것이다 하는데 틀린 말은 아니에요 아직 맥북은 한국에서 쓰기엔 완벽하지 않지만 잘 보완해서 쓰다보면 메리트 있는 제품이에요 장기적으로 보고 산다면 가격적으로도 나쁘지 않다고 생각합니다 D매우 허접하고 긴 글이지만 도움이 되셨으면 합니다 구입하려고 여러 글 봤을때 학생 시점의 글이 많이 없더라고요 새벽이라 그런지 글이 쓰고 싶었네요 댓글에 질문 달아주시면 다 달아드리겠습니다
keyword_reviews01.xlsx,https cafe naver com appleiphone 6416047전에 쓴 글 입니다 요즘 맥북 아이패드 관련 고민이 많으신 것 같아서 딱 알려드려요 갖고 싶어서 여유가 있어서 이런 분들은 알아서 구매하시면 됩니다 딱 용도에 맞춰서 구매하실 분들만 참고해 주세요 아이패드 맥북 추천 요약아이패드 1 에어는 가성비로 쓰는거라 와파 깡통 추천2 12 9면 5세대 존버 나쁘지 않음 3월 출시란 말이 있음 4세대도 3월 출시 11인치는 단종 썰 있어서 애매하게 기다릴 바엔 그냥 4세대 구매하는게 좋음 3 용량 굳이 올릴 필요 없음 클라우드 잘 되어 있고 usbC타입 저장장치로 컴퓨터 왔다갔다 가능 4 에어랑 프로 고민하면 그냥 닥프로 물리적 면적이 넓어서 주사율 체감 됨맥북 1 집에 놋북 데스크탑 중 윈도가 없다 윈도 노트북 구매 윈도 os 기기가 하나라도 있다 맥북 괜찮 이유 공인인증서 불가 한글 깨짐 기타 호환성 문제로 한국은 윈도가 기본 베이스가 되야하는게 편리함 2 맥북은 에어깡통 아니면 프로램업 이 두 가지만 추천 컴퓨터 활용하는 과면 프로 걍 노멀이면 에어 에어가 메리트가 없다는 분들도 계시는데 프로랑 팬 터치바 말고 성능이 똑같이 올라왔는데 이점이 없을 수가 없지 심지어 유튜버들 편집도 에어깡통으로 충분 3 16인치 필요한 분들은 존버 가능하면 존버는 비추인데 이미 실리콘맥이 인텔맥 에어 프로16 이긴 시점에서 존버가 이해타산이 맞음4 맥북이 가성비가 아니다 그램 이온 가격하고 벤치 비교하면 이제 또잇함 맥북이 비싸다도 옛말 엘쥐 삼성도 오지게 비쌈 수리비는 애플이 사과해야지 말이 안 됨
keyword_reviews01.xlsx,배터리 수명이 낮아지고 배터리 배터리가 끊어지면 배터리가 배수 된 상태에서 무작위로 닫히고 CMOS 체크섬이 잘못되었습니다 를 보여줍니다 그 시점에서 냉각 팬 어쨌든 내가 생각하는 것 도 더 크다 나는 학생이기 때문에 아빠에게 그것을 가져 가서 고치고 문제가 발생합니다 나는 지금 다섯 번째로 맹세합니다
keyword_reviews01.xlsx,안녕하세요 꽃대지입니다 엘지 그램 노트북 9개월 내돈내산 실사용후기알려드리려고 해요 직접 사용하면서 장점 단점 느낀 거까지솔직하게 모두 말씀드릴게요 LG Gram 리뷰 시작합니다 LG전자LG Gram 9개월 실사용 후기구입처꽃대지는 LG전자 온라인샵으로 주문했어요 3월에 사서 9개월동안 사용했답니다 1 292 700원에 내돈내산 제품이랍니다 모델명은17z90ru gaowk 입니다 상품 외관 및 특징처음 배송왔을 때 찍어놓은 사진이예요 상자를 열면 이렇게 영롱한 엘지 그램이 있어요 새상품이여서 그 때 개봉하면서 설레었던 기분이새록새록 생각나는군요 9개월 사용 후 떼가 타긴 탔어요 평소에 닦아가며 사용해야하나봐요 Gram 글자 보면 다들 설레시죠왼쪽을 살펴보시면HDMI 선 꽂는 구멍이 있고 충전 구멍 2개나 있어요 충전 구멍이 왜 2개나 있는지는 잘 모르겠으나 하나 고장나도 안심되긴 해서 좋아요 이어폰 꽂는 구멍도 있습니다 요즈음 노트북 충전기는 C타입으로 나와서 너무 좋아요 오른쪽에는 USB 꽂을 수 있는 칸이 2개 있답니다 하나는 무선마우스 하나는 무선키보드 사용하고 있어요 뒷면 보시면 모델명 17z90ru gaowk 입니다 17인치라서 크다고 무겁다고 생각하시면 안돼요 다른 회사에 비해서 정말 가벼운 편이예요 괜히 엘지 그램이 아닙니다 손이 큰 편이예요 크기 느껴보시라고 손바닥이랑 함께 찍어보았습니다 아이패드 에어4 2개 합쳐 놓은 것보다 살짝 더 클 것 같아요 드디어 열어볼게요 전원을 키면 정말 빠른 속도로 화면이 켜져서 좋아요 키보드도 정말 넓어서 좋아요 오른쪽에 숫자 키 있는 건 포기 못해요 저게 얼마나 편한데요 작은 사이즈의 노트북들은 오른쪽에 숫자 키 없는거 아시죠 이건 사용하고 있는 파우치인데요 전에 사용하던 제품은 16인치였어요 그 파우치가 17인지에도 잘 맞아서아직 잘 사용하고 있답니다 17인치 파우치는 너무 커서 그런지예쁜거 구하기도 힘들기도 해요 꽃대지의 재택근무 환경이예요 17인치의 큰 사이즈여도거치대 문제없이 거뜬히 사용할 수 있어요 꽃대지는 블로그 마무리하고다시 근무하러 가야합니다 장점 단점제가 사용하면서 느낀 장점과 단점을 말씀드려볼게요 장점 일단 너무가벼워서 어디든 들고 다니기 편리합니다 17인치 화면 완전 커서 유튜브 영상 OTT 영상 보기에 최고입니다 그램의 깔끔한 디자인 말해 뭐해 너무 예뻐요 배터리 오래 갑니다 단점 USB 꽂는 칸이 2개밖에 없어 부족할 때가 있어요 3개 정도 꽂을 수 있다면 편리했을 것 같아요 아기자기한 파우치는 포기하셔야 해요 17인치의 워낙 큰 사이즈라서 예쁜 상품 잘 안팔아요 사용하고 있는 파우치럼기본 아이템만 사용가능합니다 최종적으로 보면 단점보다는 장점으로 다가오는 부분이훨씬 많더라고요 재택근무하시느라 업무용 노트북이 필요하시다면엘지 그램 노트북 사용해보세요 매우 비싼 편도 아니여서학생분들이 사용하시기에도 매우 좋을 것 같아요 내돈내산으로 정말 잘 사용하고 있는 전자제품이랍니다 이상 꽃대지의 실사용후기였습니다 관련 포스팅 아이노비아 알루미늄 노트북 휴대용 2단 접이식 거치대 17인치 그램꽃대지입니다 요즘 부쩍 재택근무가 늘었어요 집에서 노트북으로 일하는데 높이가 낮아 거북목이 될 것 blog naver com
keyword_reviews01.xlsx,안녕하세요 새로운 취미 생활을 만들고자 이리저리 고민하다 제대로 블로그를 시작해 보자 생각을 가지곤컴퓨터를 구매하기 위해 이리저리 알아봤는데요 데스크톱은 모니터 본체 키보드 마우스 등등 구매할 것들이 너무 많아서 패스 비교적 구매할 것이 적은 노트북을 사기로 결심했습니다 쿄쿄저는 따로 컴퓨터 게임을 하지도 않고 데스크톱을 놓기엔 원룸 자취방 공간엔 너무 사치였기 때문에 또륵 그러다 제 눈에 들어온 LG 그램 사실 너 무 유명해서 모르는 사람이 없을 정도의 인기 제품이잖아요 근데 이제 그중에서도 너무 여러 가지 상품들이 있어서 고민이 됐지만 LGE COM 공식 온라인 쇼핑몰엘지 전자 공식 온라인 쇼핑몰의 노트북 카테고리에 들어가니베스트 랭킹이 쭈르륵 있었어요 처음 고민할 땐 2위 였던 요 제품 구매할 땐 바로 1위로 올라가 있더라구욧 바로바로 16Z90SP KAOWK 온라인 몰에서만 판매한다더라고요 앞에 16은 화면 16인치를 뜻하는 것 같음 지금 당장 내가 노트북으로 할 건 블로그 사진 편집뿐인데 너무 비싸지 않았으면 좋겠고 추후에 여유가 되면 영상 편집 게임도 을 하고 싶었어요 결론적으로 요 친구 내 조건에 아주 딱 들어맞는 친구다 제품 사양은 요렇습니다 화면 크기 40 6cm 16인치 색상 에센스 화이트무게 1 199gCPU 인텔 코어 울트라 5 프로세서 125H출시 OS 윈도우 11 홈 64비트 메모리 용량 16GBSSD 512GB 확장 슬롯 1 사실 컴알못 이라 사양은 잘 모르고 예쁜데 가볍다고 이거 완전 내꼬쟈나구매를 위해서 이곳저곳 손품을 팔아봤지만 발품 팔러 나가기엔 너무 더운 8월 여름이었다 내 조건에선 엘지 공식 스토어에서 구매하는 게 제일 저렴할 것 같아서 구매 결정 쾅쾅 어떻게 얼마나 할인받았는지 아르켜 주께 일단 공식 홈에서는정가 2 590 000원의 노트북을 기본 할인 27 를 해줘요 근데 우리 이렇게 간단하게 비싸게 사진 않을 거잖아요 홈페이지 메인이벤트 페이지에서 쿠폰을 발급받아 줍니다 무려 7 할인 쿠폰 결제 금액이 크니까 7프로도 할인 금액이 엄청 크다는 오예 132 300원 이득 Total 1 757 700원에 구매 가능 기본 할인만 받으려면 이곳저곳 가격 비교 좀 더 해보는 게 좋을 것 같아요 여기서부터는 할인 혜택 안내신한 현대 롯데 KB 국민 하나 pay 카드 있는 분들 쏘리질러 최대 7 결제일 추가 할인을 해준다고요 이렇게 구매하게 되면 총1 757 700 123 000 1 634 700원 최고급 신형 노트북을 이 가격에 살 수 있다고요 근데 이제 여기서 추가 할인을 더 받았는데요 바아로멤버십 포인트 입니당 올 초 부모님 댁이 이사 가시면서 가전 가구 등을 새로 맞추면서엘지 가전제품을 구매했는데 엘지 베스트숍에서 20만 포인트를 리워드로 주셨어요 거기다 구매 제품 사진 리뷰 올리면 3 000포인트씩 더 준답니다 알뜰 살뜰 모은 포인트 이때 쓰지 또 언제 쓰겠어요 그리하야 저의 토탈 구매 금액은1 545 200에서 롯데카드 결제일 7 할인 108 100원 받아서Total 1 437 100원에 구매 성공 카드 할인은 쿠폰 적립금 모두 사용 후 최종 결제 금액에서 할인돼요 멤버십 포인트 사용해서 7프로 할인 123 000 108 100으로 줄었어요 결제할 토탈 금액이 줄어서 그렇답니당 그래도 개이득 쿄쿄 새벽에 결제하고 밝아 온 아침 설레는 메시지 빠르다 빨라 LG 전자 일 처리 증말루 맘에 든다 네 네 네 바로 배송해 주세요 저도 감사합니댜 아니 이거 무슨 노트북도 결제하자마자 바로 다음날 받고 막 그런 거야 언제 세상이 이렇게까지 발전 했따고 배송 기사님이 연락 와서 토요일 오전 11시쯤 방문하겠다고 하셨는데 토요일에도 출근하는 나 다행히 직접 배송 안 받아도 된대서문 앞에 둬주시기로 함 두근두근 두근 호옥씨나 누가 엘지 그램 노트북인 줄 알고 가져가면 어떡하지조마조마했지만 여기는 한국 멀쩡하다 무사하다 드뎌 내 품에 안겼다 Welcome LG gram 안녕 흰색이라 시간 지나면 때 타겠지만 그건 그때 사정이고 화이트 못 잃어 진짜 가볍고 얇고 예쁘다 너무 만족스러운 소비다 그램 프로 더 얇아지고 더 빨라졌다더니큰 화면에 휴대성 좋은 가벼움빠른 로딩과 반응 속도 얼굴 인식 로그인까지 너무 맘에 들어요 주변에서 16인치 너무 클 거라고 했는데 블로그 쓰고 있는 지금의 나 너무 만족스러워요 화면은 크지만 무게는 가볍다구 근데 노트북을 너무 오랜만에 써봐서 친해질 시간이 조금 필요할 것 같아요 잘 지내자 우리 여기까지 내 돈 내산 LG 그램 노트북 후기였습니다 다음 포스팅은 노트북 액정필름 마우스 파우치 등등 악세사리 꿀 템들 정보 가져올게요
keyword_reviews01.xlsx,안녕하세요2024년도를 맞이하며제 자신에게 작지만 비싼 노트북을 선물해줬어요2주정도 알아보고 고민하다가엘지 그램노트북으로 결정하였어요인터넷으로 알아보면서 사양에따라가격대가 다양하고 디자인도 비슷비슷한거같아서결국 근처 매장을 검색해서 찾아가서전문가와 직접 상담을 통해 결정했어요 컴퓨터나 노트북같은 기기종류를 잘 알지 못하기때문에전문가의 도움이 필요해지만스스로 잘 판단할수있는분들이라면 매장가지 않고인터넷으로 구매하셔도 상관없을거 같더라고요 조금더 저렴한것같기도하고 엘지 매장에서는 신한카드를 만들면 할인을 폭이 크다고 했는데저는 신용카드를 더 만들고싶지않아서그냥 조금만 할인 받아 샀어요2 125 000원 주고 구매완료 지인이랑 같이사서 영수증은 노트북 2대값으로 나와있어요 요즘엔 결제하고 나서 택배로 노트북을 받을수있다고해서조금 아쉽긴했지만그래도 엄청 금방와서 좋았어요금요일에 결제하고 주말지나 돌아오는 월요일에 받았어요근데 여기서 또 아쉬운건 무선마우스랑 마우스패드랑 노트북 파우치 한컴오피스 그램오피스 밸류팩은따로 노트북 받고 주문을 해야 받을수있다는거예요 노트북 코드를 넣어야 신청이 가능해서 미리주문도 못하고 무조건 노트북을 받고나서 주문해야 하더라고요그래서 결국 노트북 월요일에 받자 마자 바로 주문했어요그렇게 또 며칠을 기다려서 사은품이라고해야할까요암튼 그것들을 받아 비로소 1주일만에 완성체가 된제 노트북이랍니다 기다린 보람이 있게 다 맘에 들었어요물론 도넛무늬가 썩 맘에 들었던건 아니지만그래서 나름 귀염귀염해서 봐줄만해요 스샷을 찍으려고 엘지전자 홈페이지에 들어갔는데그새 도넛굿즈에서 나이스웨더 콜라보 굿즈로 변경되어있더라고요Next imageNext image좀 당황스럽긴했으나전 도넛이 더 맘에 들어서 다행이라고 생각했어요 생각보다 더 폭신폭신해서당분간은 계속 들고다닐예정이요2024년도 우리 모두 좋은일만 있길 바랍니다 LG노트북 엘지노트북 엘지그램프로 이천엘지베스트샵 노트북파우치
keyword_reviews01.xlsx,LG그램 pro 16인치를 구입했습니다석사 때 산 노트북이 있는데요 구입한지 7년 정도 되었더라구요 돌아가는데는 문제가 없지만배터리가 노후되서 충전기 없이는사용하기가 어렵고 노트북도 워낙 두껍고 무겁구요 이번학기부터 학교에 자주가다보니노트북을 들고 가는 경우가 늘었는데노트북에 충전기까지 가지고다닐라니이건 뭐 무게가 어마어마한겁니다 LG그램pro를 구입했습니다 박사 졸업하려면 조금 시간이 남았으니뽕뽑을 수 있겠죠 LG그램pro 16인치LG그램pro 16인치 구입이유그램하면 가벼움의 상징이잖아요 1 2kg으로 가볍게 나왔습니다 배터리 성능도 좋아져서한 번 완충하고 10시간 이상사용할 수 있다고 하네요 물론 어떤 작업을 하냐에따라차이가 있습니다 pro에는 더블쿨링팬이 있어서노트북 사용시 발열도 적고하드웨어가 보다 원활하게 구동되게도와줍니다 LG그램링크라는 새로운 자체 프로그램으로ios체제의 아이폰이나 아이패드와PC의 사진교환 같은 게 수월하고화면 확장 기능도 된다고 하더라구요 기존에 쓰던 노트북은 15 6인치인데베젤이 넓은 편이었는데요 LG그램pro 16인치는 베젤이 얇아서기존에 쓰던 노트북이랑전체적인 크기 차이는 별로 없더라구요 그래서인지 부담스럽지 않은 사이즈에화면이 약간 확장되어서 시원해진 느낌에크기는 만족스럽습니다 얇고 가벼움을 자랑하는LG그램pro 답게 얇디얇습니다 포트가 없는 부분은 안쪽으로움푹 들어가게 디자인을 해서더 얇게 느껴지게 만들었더라구요 포트는 C타입 2개HDMI 1개USB 2개이어폰 1개이렇게 구성되어 있습니다 물론 LG그램pro 16인치의 불편한 점도 있습니다 바로 이 숫자키인데요 옆쪽에 숫자키가 있는 것은 편리하지만터치패드의 크기를 늘리면서자판의 공간이 부족했던 탓인지PgUP Home End 등의 키가숫자키와 같이 있어요 NumLk을 꺼야만사용할 수 있다는 아쉬움이 있습니다 은근 편한 키들인데 말이죠 적응이 되면 괜찮으려나요 시원시원한 사이즈가 좋지만일반적인 가방으로는 16인치 노트북을담아가지고 다니기 힘들다는한계점이 존재하죠 그렇지만 16인치 노트북을 담아다닐 수 있는숄더백을 찾아서 이 문제는 해결했답니다 곧 리뷰올릴게요 LG그램 pro 16인치의 충전기입니다 C타입 충전기이고충전기 본체도 작아서가볍고 휴대하기도 좋습니다 LG그램 pro 16인치를 구입했는데요 기본 용량이 256GB인 제품입니다 근데 256GB로는 용량이 충분하지 않아서구입처에 문의했더니 SSD를 사오면용량을 추가할 수 있다고 하더라구요 그러면서 SK hynix꺼를 추천해주시길래500GB를 구입했습니다 500GB SSD를 메인드라이버로기존에 있던 256GB를 서브드라이버로나누어서 설치했습니다 메인드라이버의 용량이 충분해지니마음이 둔둔하네요 LG그램 pro 16인치 구매 사은품2024년 신제품이 출시되고얼마지나지 않은 시점에 구입을 해서인지LG그램 구입고객에게여러가지 사은품을 주는 행사를 하더라구요 무선마우스와 한글프로그램 곰프로그램 산돌구름 등을사용할 수 있는 LG그램 오피스벨류팩그리고 랜디스도넛과 콜라보한 상품들까지사은품으로 받았습니다 결론적으로 말씀드리자면 LG gram 오피스 벨류팩의한글과컴퓨터 외에는그닥 무선마우스 사은품집에서는 버티컬을 사용하고 있는데그 몸집이 크다보니들고다니기 불편하던 차에무선마우스를 준다니 좋더라구요 그런데 일단 블루투스 마우스가 아니고USB 리시버를 꺼내려면마우스 앞면을 다 열어야해서불편함이 있더라구요 항시 사용할 것이 아니라 리시버를넣다뺐다를 자주 해야하는데 말이죠 작동도 잘 되지는 않아요 스크롤이 될 때가 있고안 될 때가 있어요 USB 리시버를 끼우면작동이 되는데요 USB리시버를 끼워도 불빛이 안들어오고마우스 반응이 안되어서배터리가 다됐나 생각했는데USB리시버를 제거하고가방에 넣었는데 불빛이 들어오는기이한 현상 전원이 없어서 끄지도 못한답니다 이름 그대로 사은품이네요 휴대용으로 쓸 작은 것을 따로구입을 해야할 것 같아요 컴팩트한 무선마우스라 좋아했는데아쉬워요 LG 그램 오피스 밸류팩또다른 사은품은 LG그램 오피스 밸류팩입니다 산돌구름 한컴오피스 한컴독스 곰믹스 곰캠프로가포함되어 있습니다 한컴오피스는 영구 사용이고나머지는 1년 이용권이에요 한컴오피스 2024 영구버젼이 있는게아주아주아주 좋더라구요 산돌구름도 호기심에 사용해보고 있긴한데단순히 PPT 만들 때 폰트를 쓰다보니생각보다 무료폰트도 쓸만한 것들이 많더라구요 유료로 1년 써보는 것으로 충분할 것 같아요 곰캠이랑 곰믹스는 아직 안써봤네요 LG그램링크LG그램 pro를 사면서너무너무 기대했던 기능이었던LG그램링크도 써봤습니다 노트북의 바탕화면에 있는 LG그램링크 프로그램에 들어가고아이패드에서 LG그램링크 앱을 받으면사용할 수 있어요 PC에 기기 등록이 되고 나면앱을 연동해서 사진이나 문서들을편하게 보내고 받을 수 있습니다 뿐만아니라 모바일 기기 미러링이나PC화면 확장 복제키보드 마우스로 사용하는기능도 있어요 앱에서는 이렇게 보인답니다 기기를 PC에 등록할 수도 있고등록하지 않고 일회성으로 파일 전송을할 수도 있어요 화면 확장 기능을 사용해봤습니다 아이패드에서 찍힌 사진인데요 폴더화면 보이시죠 신기합니다 엄청 신기해요 그런데 신기함 거기 까지입니다 안정성이 떨어지더라구요 아이패드에서 보이는 화면이버벅거림이 있고노트북에서도 안정성이 떨어져서작업표시줄에 내려놓은 창들이보이지 않는다거나화면이 깜빡거린다거나 느려진다거나 그런 측면이 있어서한 번 사용해보고는 사용 안해요 조금 지나면 안정화가 되려나요 그 전까지는 사용할 생각이 없는LG그램링크입니다 LG그램pro 16인치 내돈내산 후기였습니다 가벼움이 최고의 장점이라요즘 학교에 수업하러 갈 때도연구실 갈 때도강의하러 갈 때도가뿐하게 들고 갈 수 있어서 만족스럽습니다 앞으로 5년간 잘 부탁한다
keyword_reviews01.xlsx,생각보다 화면이 크다고 생각은 드는데 아이는 큰화면이 좋다고 좋대요 디자인 깔끔하고 배송 빨라요
keyword_reviews01.xlsx,아 작년에 작업용으로 북4프로 샀었는데 그냥 더 기다리다가 5 프로 살껄 그랬나 배터리 차이가 너무 크다 북4프로는 배터리가 너무 빨리 녹아서 항상 충전기랑 전기코드를 찾고 있음
keyword_reviews01.xlsx,와 JN테크다 합방 감사히 보겠습니다
keyword_reviews01.xlsx,저가격차이 저무게 차이면 비교대상이 될수 없죠 게다가 더 가벼운게 배터리 용량이 더크다 근데 이과가 알루가 튼튼하고 고급스럽다고 했다고요
keyword_reviews01.xlsx,이미지의 절반이 모자이크인데 뭐하러 올리나 싶기도 합니다 구입한지 열흘이 조금 넘은 오늘에야 외부에서 처음 실사용을 해봤어요 일이 되는지 테스트를 하다보니 일을 해버리고 왔네요 휴가중인데 말이에요 1 5시간 정도 사용했고 간단하게 소감을 남겨볼까 합니다 1 무게그램을 선택한 주 요인인 만큼 만족스럽습니다 1 6kg 맥북프로 14 보다 확실히 들고다니기 수월하다는 느낌이 들어요 2 크기귀퉁이를 좀 우겨넣으면 딱 맞는 가방을 찾아서 크기도 그렇게 크다는 느낌은 안들어요 대신 백팩을 주로 사용하시면 가방을 선택할 때 변수가 될 것 같다는 생각은 드네요 3 화면크기정말 대만족이에요 17인치가 주는 시원함에서 돈을 쓴 보람이 한껏 느껴지거든요 모자이크 떡칠을 해놔서 제대로 느껴지지 않으실 수 있지만 창을 좌우로 띄워놓고 실사용이 가능합니다 예전에는 17인치가 데스크탑 메인 모니터 사이즈였다는 점을 생각하면 휴대할 수 있다는게 정말 감지덕지한 일이죠 4 4열 숫자패드루나레이크를 포기하면서까지 17인치로 오게 된 요인이었습니다 업무상 숫자패드를 많이 사용한다면 4열 분명히 만족 하실거에요 사무실에서 숫자를 입력할 때 대비 최소 90 정도의 느낌은 주는 것 같습니다 3열과의 차이점인 키와 엔터 키의 쾌적함을 느끼니 잘 한 선택이지 싶네요 5 배터리99 완충 상태로 나가서 1 5시간동안 사용 후 95 로 돌아왔습니다 화면밝기 75 에 와이파이 VPN 블투마우스 사용했고요 그런데 99 일때 뻥튀기가 심하기 때문에 1 5시간당 4 5 로 총 사용예상 시간을 환산하기엔 무리가 있어요 1시간 동안 99 를 유지하고 나머지 30분간 4 가 소모됐거든요 이전에 M1 맥북을 사용했다보니 솔직히 살 짝 녹는다는 느낌은 있습니다 제 사용환경에서 6 8시간 내외를 버티지 않을까 싶은데 올데이로 테스트를 해볼 기회가 있을지 모르겠네요 진짜 이래주면 얼마나 좋을까요 결론을 말씀드리면 화면이 작고 가상윈도우라는 한계때문에 여러모로 번거로움이 따랐던 맥북 14인치와 비교해서 업무가 된다는 하고 싶다는 느낌이 충분히 들더라고요 네이티브 윈도우 환경이란 점과 큰 화면 숫자 입력시 상단 숫자키를 독수리 타법으로 치지 않아도 된다는 점이 그렇습니다 LG가 17인치 루나레이크 버전을 왜 안내놓는지 하루에 세 번씩 생각하고 있어요 해외에선 출시 했던데요 루나가 꼭 애로우보다 우월하다는건 아니지만 제 패턴 사무용 에 굉장히 적합할 것 같거든요 놋북 가지고 일을 얼마나 할까 싶지만 일 핑계로 노트북을 산 자의 간략한 후기였습니다 그런데 카페를 자주 와서 그런지 A14같은 작고 더 가벼운 서브가 있으면 좋겠다는 생각이 좀씩 드네요
keyword_reviews01.xlsx,"*** 프로 : ** 화면, 성능, 배터리 수명, 키보드"
keyword_reviews01.xlsx,이것은 전문가가 단점을 넘어서는 잘 지어진 노트북입니다. OLED 화면은 환상적이며 어두운 방에서 콘텐츠를 보는 것은 즐거웠습니다. 하루 종일 배터리 수명과 얇고 가벼운 형태의 요인으로 여행하기가 매우 쉽습니다.
keyword_reviews01.xlsx,"나는 주로 스탠드 모드에서 사용할 수있는 것을 찾고 있습니다. 내용을 읽는 동안 PC 앞에있을 필요가 없으므로 집중적 인 디스플레이, 배터리 및 내구성이 뛰어납니다. 쿨러를 달리는 것을 선호합니다. 이 두 가지 모두 장단점을 가지고 있으며, 하나는 Acer 인 Gram 가격의 절반입니다. 새로운 2022 모델은 $ 200, $ 700이므로 큰 차이는 없습니다. 이 중 어느 것이 추천 하시겠습니까, 아니면 더 나은 선택이 될 다른 대형 디스플레이 2in1이 있습니까?"
keyword_reviews01.xlsx,"Ninkear A15 Pro의 배터리 수명은 에너지 효율적인 AMD Ryzen 프로세서 덕분에 적합합니다. 적당한 사용 (사무실, 브라우징, 스트리밍)으로 6 ~ 7 시간의 사용이 가능하므로 근무일 또는 더 긴 대학 세션의 동반자가됩니다. 냉각 시스템은 정상 작동 중에 간신히들을 수 없습니다. 하중하더라도 소음 수준은 낮게 유지되며 케이스는 특정 지역에서만 가열되지만 전체적으로 눈에 띄지 않습니다."
keyword_reviews01.xlsx,"지난 5 년 동안 저는 독점적으로 Apple 노트북을 사용해 왔습니다. 팔 라인업이 나왔을 때, 그것은 놀라운 배터리 수명과 견고한 성능 인 나에게 완벽한 솔루션처럼 느껴졌습니다. 지난 1 년 반 동안, 나는 ** MacBook Pro 14 ""M3 Pro (18GB RAM / 512GB SSD) **를 사용하여 주로 녹, 파이썬 및 타입 스크립트를 프로그래밍하는 데 사용했습니다."
keyword_reviews01.xlsx,"PRO 모델이 아닌 ** MacBook Air 13 ""(16GB/512GB) **와 ThinkBook을 비교하는 것이 더 합리적이라고 생각합니다. 몇 주 안에이 비교를 수행 할 계획이며 차이가 더 작을 것으로 예상합니다. 그러나 공기가 여전히 배터리 수명에서 ThinkBook을 철거 할 것이라고 생각합니다."
keyword_reviews01.xlsx,"비디오 편집 (4K가 아니라 1080p), 3D 렌더링 및 사진 편집에 적합하거나 처리 할 수있는 노트북을 찾고 있습니다. 예산은 $ 850입니다. 나는 eBay에서 837 달러에 (1 년 보증과 30 일 반품이 있음) 리퍼브 M1 Pro 16-Core GPU, 32GB RAM, 512GB SSD (내 데이터를 외부로 저장할 수 있지만 걱정하지는 않는다)를받을 생각입니다. 그러나 나는 Windows 노트북에 대해 생각하고있었습니다. 저는 현재 끔찍한 배터리 수명이있는 끔찍한 2019 MacBook Pro 16 인치 32GB 1TB SSD를 가지고 있습니다 (1200 달러의 충전주기가 필요합니다. 140 달러로 교체해야합니다)와 과열 문제 (팬들은 크롬과 용감한 것을로드하여 크게 시끄럽습니다."
keyword_reviews01.xlsx,나는이 랩탑의 차이점을 알고 있으며 이것이 바로 내가 결정할 수없는 이유입니다. S14는 더 얇습니다. 비록 많은 배터리 수명이 많지는 않지만 리뷰에서 본 것에서는 약간 더 나은 빌드 품질을 가지고 있습니다. 그것은 내가 필요한 모든 것들이지만 프로세서에는 효율과 배터리 수명에 도움이되는 8 코어가 있지만 Ultra 9의 16 코어가 필요할지 확실하지 않습니다.
keyword_reviews01.xlsx,학교를위한 노트북이므로 7 시간 이상 지속될 수있는 배터리가 필요합니다. AMD 프로세서가 그 범주에서 좋다고 들었습니다. 나는 특정 소프트웨어를 사용하지 않고 수업에 내 노트와 다른 가벼운 활동을 기록하기 위해 개념 만 사용합니다. 나는 사용할 수 없기 전에 1 년 이상 사용할 수있는 합리적인 프로세서를 원합니다. 내 예산은 최대 800 유로입니다. 좋은 노트북의 합리적인 가격처럼 보입니다. RAM과 SSD 슬롯을 변경하여 향후 더 쉽게 업그레이드하거나 수리 할 수있게되면 감사하겠습니다. 고품질 스크린이 예산에 적합하다고 생각하지 않으므로 기본 화면은 괜찮습니다. 튼튼한 노트북은 어떤 일이 일어날 지 알지 못하기 때문에 감사 할 것입니다. 크기는 실제로 중요하지 않지만 16 인치 화면이 너무 크지는 확실하지 않습니다. Lenovo ThinkPad E16/14 G2/G6 AMD와 같은 일부 모델을 보았습니다. 왜냐하면 견고하고 많은 포트와 좋은 배터리가 있기 때문입니다. 또한 Dell Pro 14 PC14255와 Lenovo IdeaPad Slim 5 16akp10을 살펴 보았습니다. 전자는 더 나은 CPU를 가지고 있지만 후자는 쉽게 손상 될 수있는 것처럼 보입니다. 나는 결정할 수 없어서 여러분들에게 도움을 요청하고 싶었습니다.
keyword_reviews01.xlsx,"그러나 나는 배터리 수명에 대해 조금 확신하지 못합니다. 그것은 저에게 큰 문제입니다. 적어도 10 시간 동안 플러그를 뽑은 노트북을 사용할 수 있기를 원합니다. 그것은 내가 MacBook Pro M1과 지속적으로 얻은 것입니다. Apple 애호가들이 Apple Silicon MacBook과 함께 얻는 것으로 20 시간 이상의 배터리 수명을 보지 못했습니다. 여러 브라우저 탭을 피하고 PowerPoint 및 Excel을 건너 뛰거나 음악 제작 소프트웨어를 사용하지 않는 경우에만 가능하며 기본적으로 실제 작업을 수행하지 않습니다. 그럼에도 불구하고, 그것은 10 시간 동안 갈 수있게 해주었습니다. 예, 실제로 일을 끝내면서 10 시간의 배터리 수명에 만족합니다."
keyword_reviews01.xlsx,육아하면서 오히려 노트북을 더 많이 쓰게 됐다 일단 손으로 쓰던 일기를 노션으로 대체하기 시작했으며 아기 영양제 이유식 등 공부해야할 것들도 많아졌기 때문이다 아무래도 정보를 찾을 때에는 검색용 정리용 모니터를 하나씩 두는 게 편한데작은 노트북 화면을 반으로 쪼개서 쓰기엔 좀 번거로움이 있었다 아기방을 만들면서 책상을 옮겼기 때문에 식탁이나 테이블을 왔다갔다하며 쓰기엔 일반 모니터를 쓰기 부담스럽기도 했다 샀다 포터블 모니터 내 노트북이 LG그램이므로 포터블모니터도 깔맞춤을 해주었다 LG그램뷰 정식 명칭은 LG gram view라고 한다 검색해보니 16MQ70과 16MR70모델이 있었는데MR이 2023년에 나온 신상 2세대라고 함 설레는 맘으로 언박싱했는데 이건 뭘까 코뿔소 코뿔소를 마주한 당황스러운 마음을 가다듬고 나니 영롱한 그램뷰가 모습을 드러냈다 존예보스 은은한 무광이라 느낌이 부드럽고 좋다 이게 안티글레어패널이라고 빛 반사를 낮췄다는데그래서인지 뭔가 액정부터 부드러운 느낌적인 느낌 뒷면도 부드러운 무광 재질이라 떨어뜨릴까봐 걱정됨 그런데 내가 진짜 놀란 점이 있다 엄청 가볍다 내가 엄청 가볍다는걸 보여주려고 두 손가락으로 집어보았는데떨어질 것 같은 느낌 없이 안정감있게 들 수 있었다 670g으로 아주 가벼운 무게라 집에서 쓰기에도 정말 좋은데 아무래도 재택근무나 워케이션 가는 직장인들에게 추천할 만 하다 나도 재택근무 자주 하던 직장인 시절에 이걸 샀더라면 능률이 더 올랐을 것 같다는 생각을 해본다 포터블모니터가 있던 자리 아래에는이렇게 사용설명서와 C C 케이블이 들어있다 C C라 hdmi케이블인 노트북은 연결잭이 필요할수도 있겠다 등장한 풀리오 커버 이게 있어야 이동중에도 안심할 수 있다 끝부분에 자석이 있어서 뒷면에 살짝 걸치도록 커버를 씌우면 된다 커버를 접으면 이렇게 원하는 각도로 세울 수도 있다 모니터 받침대같은거 따로 준비할 필요가 없다는 말씀 그램뷰재생187좋아요000 15그램뷰초 라락 노트북과 연결해봄Full HD보다 2배 정밀한 WQXGA 초고해상도란다 약 400만 화소라는데 확실히 기존 노트북 화면보다 깨끗하게 나오긴 함그리고 C타입 연결포트가 양쪽에 있어서 원하는 방향으로 모니터를 설치할 수도 있고 세로 버전도 가능하다 재택근무하는 직장인부터 카공하는 대학생한테도 추천해주고 싶은LG 그램뷰 후기였다 아니 근데 이게 뭔데 이건 왜준건데 액자로 쓰라는데 이게 그램뷰랑 무슨상관인건데 아시는분 있으면 댓글좀 달아주세요 LG전자 LG그램 16MR70가격가격비교 최저 320 880원 내돈내산
keyword_reviews01.xlsx,이번에는 대학생 때부터 사고싶었던 LG gram 노트북 사용 후기입니다 옛날부터 gram에 대한 이상한 로망이 있었어서 돈벌면 무조건 사야겠다 했었던 물건이라여유가 생기자마자 바로 구매했던 노트북입니다외장그래픽 내장그래픽 인치 고민이 되게 많았었는데 PC없이 노트북만 있으면 될 거 같아서 이왕 살 거 그냥 가장 좋은 걸로 사자 해서LG 그램 프로 17 노트북 Ultra7 32GB 512GB WIN11 RTX3050 17Z90SP ED7HK 제품을 거침없이 구매했었습니다 광고 협찬이 아니기때문에 진짜 6개월동안 사용하고 장단점에 대해 공유하려고합니다 우선 처음 제품이 오자마자 느꼈던 감정은 역시 gram이다 너무 가볍다 였습니다 17인치라 되게 큰 노트북인데도 불구하고 역시 gram이라 가볍긴합니다 제품의 무게를 알아보니 1 379g 이더라고요들고다니기에는 진짜 좋습니다 사진을 못찍었지만 디자인은 진짜 만족스럽습니다 포트로는 USB A 포트2개 지금은 무선 키보드 마우스가 꽂혀있어 딱 적당합니다 USB C 포트 2개 헤드폰 HDMI 포트로 따로 허브가 필요없이 딱 적당하게 구성되어 있습니다 배터리도 오래가고 키보드 불도 low high로 조절할 수 있습니다17인치부터 있는 숫자 자판 너무 만족스럽습니다 키감이 안좋아졌단 평이 있는데 그전 gram을 안써봐서 잘 모르지만 전 불편함 없이 만족합니다이건 그냥 이뻐서 찍어봤습니다 노트북을 웹서핑 문서작성 간단한 게임 리그오브레전드 용도로 사용하려고 구매했었는데6개월 동안 사용해본결과 웹서핑 문서작성은 더활나위 없이 좋았으나 게임용도로는 살짝 부족했었습니다 게임을 돌리면 발열도 많이되고 배터리도 빨리 닳더라고요 게임 위주이신 분들은 게이밍 노트북을 구매하는 게 더 좋을 거 같단 생각이 드네요가격대비 만족스럽냐 물으신다면 반반입니다제가 이 노트북 활용을 잘 못한 부분도 있으나 생각보다 비싼 돈이라 초반에는 타 노트북 샀어도 괜찮았겠다 생각이 종종 들었습니다 지금이야 그냥 내꺼다 내 노브툭 너무좋다 하고 쓰니까 이제 그런 생각은 없습니다 실제로도 만족스럽고 부족한 부분은 많이 없습니다 장점요약1 이쁜 디자인2 LG gram의 가벼움3 긴 배터리4 노트북에서 볼 수 없었던 그래픽 카드단점요약1 생각보다 비싼 가격2 게임에는 조금의 부족함3 장시간 고사양 작업시 발열
keyword_reviews01.xlsx,안녕하세요 새로운 취미 생활을 만들고자 이리저리 고민하다 제대로 블로그를 시작해 보자 생각을 가지곤컴퓨터를 구매하기 위해 이리저리 알아봤는데요 데스크톱은 모니터 본체 키보드 마우스 등등 구매할 것들이 너무 많아서 패스 비교적 구매할 것이 적은 노트북을 사기로 결심했습니다 쿄쿄저는 따로 컴퓨터 게임을 하지도 않고 데스크톱을 놓기엔 원룸 자취방 공간엔 너무 사치였기 때문에 또륵 그러다 제 눈에 들어온 LG 그램 사실 너 무 유명해서 모르는 사람이 없을 정도의 인기 제품이잖아요 근데 이제 그중에서도 너무 여러 가지 상품들이 있어서 고민이 됐지만 LGE COM 공식 온라인 쇼핑몰엘지 전자 공식 온라인 쇼핑몰의 노트북 카테고리에 들어가니베스트 랭킹이 쭈르륵 있었어요 처음 고민할 땐 2위 였던 요 제품 구매할 땐 바로 1위로 올라가 있더라구욧 바로바로 16Z90SP KAOWK 온라인 몰에서만 판매한다더라고요 앞에 16은 화면 16인치를 뜻하는 것 같음 지금 당장 내가 노트북으로 할 건 블로그 사진 편집뿐인데 너무 비싸지 않았으면 좋겠고 추후에 여유가 되면 영상 편집 게임도 을 하고 싶었어요 결론적으로 요 친구 내 조건에 아주 딱 들어맞는 친구다 제품 사양은 요렇습니다 화면 크기 40 6cm 16인치 색상 에센스 화이트무게 1 199gCPU 인텔 코어 울트라 5 프로세서 125H출시 OS 윈도우 11 홈 64비트 메모리 용량 16GBSSD 512GB 확장 슬롯 1 사실 컴알못 이라 사양은 잘 모르고 예쁜데 가볍다고 이거 완전 내꼬쟈나구매를 위해서 이곳저곳 손품을 팔아봤지만 발품 팔러 나가기엔 너무 더운 8월 여름이었다 내 조건에선 엘지 공식 스토어에서 구매하는 게 제일 저렴할 것 같아서 구매 결정 쾅쾅 어떻게 얼마나 할인받았는지 아르켜 주께 일단 공식 홈에서는정가 2 590 000원의 노트북을 기본 할인 27 를 해줘요 근데 우리 이렇게 간단하게 비싸게 사진 않을 거잖아요 홈페이지 메인이벤트 페이지에서 쿠폰을 발급받아 줍니다 무려 7 할인 쿠폰 결제 금액이 크니까 7프로도 할인 금액이 엄청 크다는 오예 132 300원 이득 Total 1 757 700원에 구매 가능 기본 할인만 받으려면 이곳저곳 가격 비교 좀 더 해보는 게 좋을 것 같아요 여기서부터는 할인 혜택 안내신한 현대 롯데 KB 국민 하나 pay 카드 있는 분들 쏘리질러 최대 7 결제일 추가 할인을 해준다고요 이렇게 구매하게 되면 총1 757 700 123 000 1 634 700원 최고급 신형 노트북을 이 가격에 살 수 있다고요 근데 이제 여기서 추가 할인을 더 받았는데요 바아로멤버십 포인트 입니당 올 초 부모님 댁이 이사 가시면서 가전 가구 등을 새로 맞추면서엘지 가전제품을 구매했는데 엘지 베스트숍에서 20만 포인트를 리워드로 주셨어요 거기다 구매 제품 사진 리뷰 올리면 3 000포인트씩 더 준답니다 알뜰 살뜰 모은 포인트 이때 쓰지 또 언제 쓰겠어요 그리하야 저의 토탈 구매 금액은1 545 200에서 롯데카드 결제일 7 할인 108 100원 받아서Total 1 437 100원에 구매 성공 카드 할인은 쿠폰 적립금 모두 사용 후 최종 결제 금액에서 할인돼요 멤버십 포인트 사용해서 7프로 할인 123 000 108 100으로 줄었어요 결제할 토탈 금액이 줄어서 그렇답니당 그래도 개이득 쿄쿄 새벽에 결제하고 밝아 온 아침 설레는 메시지 빠르다 빨라 LG 전자 일 처리 증말루 맘에 든다 네 네 네 바로 배송해 주세요 저도 감사합니댜 아니 이거 무슨 노트북도 결제하자마자 바로 다음날 받고 막 그런 거야 언제 세상이 이렇게까지 발전 했따고 배송 기사님이 연락 와서 토요일 오전 11시쯤 방문하겠다고 하셨는데 토요일에도 출근하는 나 다행히 직접 배송 안 받아도 된대서문 앞에 둬주시기로 함 두근두근 두근 호옥씨나 누가 엘지 그램 노트북인 줄 알고 가져가면 어떡하지조마조마했지만 여기는 한국 멀쩡하다 무사하다 드뎌 내 품에 안겼다 Welcome LG gram 안녕 흰색이라 시간 지나면 때 타겠지만 그건 그때 사정이고 화이트 못 잃어 진짜 가볍고 얇고 예쁘다 너무 만족스러운 소비다 그램 프로 더 얇아지고 더 빨라졌다더니큰 화면에 휴대성 좋은 가벼움빠른 로딩과 반응 속도 얼굴 인식 로그인까지 너무 맘에 들어요 주변에서 16인치 너무 클 거라고 했는데 블로그 쓰고 있는 지금의 나 너무 만족스러워요 화면은 크지만 무게는 가볍다구 근데 노트북을 너무 오랜만에 써봐서 친해질 시간이 조금 필요할 것 같아요 잘 지내자 우리 여기까지 내 돈 내산 LG 그램 노트북 후기였습니다 다음 포스팅은 노트북 액정필름 마우스 파우치 등등 악세사리 꿀 템들 정보 가져올게요
keyword_reviews01.xlsx,50m NAVER Corp 롯데하이마트 수원점경기도 수원시 권선구 경수대로 386예약오늘의 할 일 수원 롯데 하이마트 방문 및 가전 계약오늘은 아내와 함께 수원 권선동에 위치한 롯데 하이마트에 방문했다 대구에서 수원으로 오면서 우리는 34평에서 20평으로 평수를 줄이며 각종 가전을 정리했었다 대구에서 34평에 거주하며 계약이 만료되는 시점에서 전세사기 아닌 전세사기를 겪으며 수원의 20평대 아파트로 이사를 했기에 각종 가전 냉장고 에어컨 세탁기 스타일러 등등 을 헐값에 판매했다 이제 곧 다시 34평대 아파트로 이사를 하기에 우리는 필요했던 가전을 다시 구매했다 냉장고 4도어 TV 86인치 스타일러 세탁기 건조기 오늘 후기를 적을 노트북 LG gram pro 16인치 까지 구매했다 수원 롯데 하이마트에서 구매한 LG 가전지난번 수원 스타필드 내 위치한 트레이더스에서 가전 견적을 받아보았지만 생각보다 높은 가격에 인터넷 최저가도 알아보고 오늘 방문한 롯데 하이마트까지 견적을 비교해 보았을 때 롯데 하이마트가 가장 저렴했다 제휴카드 결제 상품권 캐시백 군인할인 등 적용시 노트북을 제외한 다른 가전은 이사 날짜에 맞춰 배송을 해놓았기에 오늘은 노트북만 후기를 적어본다 14세대 LG pram pro 16인치 언박싱모델 16Z90SP G AA50K Ultra5 16 256 화이트 14세대 LG gram pro 16인치 언박싱14세대 LG gram pro 16인치 언박싱14세대 LG gram pro 16인치 언박싱LG gram pro 첫 번째 장점 gram이라는 이름답게 상당히 가볍다 LG gram은 말 그대로 gram 단위의 무게라는 게 가장 큰 장점이다 현재 사용 중이던 노트북은 5년 전 내가 미국으로 교육을 갈 때 친형이 사준 DELL 노트북이었다 이 노트북은 현재까지도 아주 잘 사용하고 있었는데 노트북 자체 무게와 충전기까지 함께 휴대하고 다니기에는 상당한 무게가 있었다 iPad Pro 모델도 함께 사용하고 있는데 정품 키보드 케이스를 함께 착용하면 iPad 무게도 상당하다 그러나 LG gram은 아이패트보다도 가볍게 느껴졌다 충전기를 함께 휴대하더라도 iPad를 정품 키보드 케이스를 착용한 무게보다 상당히 가볍게 느껴졌다 이 점은 정말 gram만의 독보적인 장점이다 LG gram pro 충전기 및 충전 케이블충전 케이블도 양방향 C 타입이며 충전기 휴대폰 충전기 크기와 무게로 상당히 가벼웠다 LG gram pro 두 번째 장점 하이마트에서 제공하는 한컴 및 MS오피스 평생 구독다른 가전매장과 비교해 보았을 때 장점이라고 생각이 들었던 부분은 가격을 제외하고도 Window 11 기본 탑재 및 한컴오피스 MS오피스 평생 구독이었다 아내와 내가 방문했던 다른 매장에서는 LG gram 구매 시 한컴오피스는 개별 구매해야 하며 MS오피스 1년만 무료로 제공해 주었다 Window 11은 모두 기본 아내와 나는 노트북을 사용할 때 한컴오피스 및 MS오피스를 주로 사용하는데 이 부분이 다른 매장가 비교해 보았을 때 상당히 좋았다 LG gram pro 세 번째 장점 간편한 안드로이드 및 ios 연동아내는 중학교 때부터 삼성 휴대폰 이하 갤럭시 안드로이드 을 사용하고 나는 아이폰 이하 ios 을 사용한다 이전 DELL 노트북에서는 삼성 안드로이드 및 애플 ios를 연동하는데 어려움이 있었으며 PC를 잘 다룰지 모르는 점 양해 바랍니다 iPad 역시 안드로이드 연동이 어렵다는 단점이 있었다 삼성 노트북의 경우에도 아이폰 ios 연동이 어렵다는 단점이 있었지만 LG는 휴대폰 사업을 포기해서인지 삼성 안드로이드 및 애플 ios 연동이 너무나도 쉽다 LG gram Link 라는 애플리케이션을 통해 간편하게 안드로이드 휴대폰 및 애플 아이폰을 연동할 수 있으며 연동 후 파일전송이 매우 간편하고 빠르다 LG gram Link 애플리케이션 화면아내와 나는 신문물을 경험했다 PC 및 프로그램을 잘 다루시는 분들이 보시기에 귀엽게 보이시겠지만 우리는 현재 기술력을 잘 다루지 못했기에 참 신기했다 LG gram pro 네 번째 장점 하이마트에서 구매 시 제공되는 사은품현재 롯데 하이마트에서는 LG gram 구매 시 gram 정품 무선 마우스 외 사은품을 증정해 준다 logitech 무선 키보드 logitech 무선 마우스 2TB 외장하드 13만 원 상당의 외장하드를 4만 5천 원에 구매 이 중 1가지를 선택 우리는 logitech 무선 키보드 화이트 를 선택했다 정품 gram 무선 마우스 및 사은품 logitech 무선 키보드 나는 독특하게 PC 용품을 수집하는 취미 아닌 취미를 가지고 있었다 예쁜 마우스 또는 키보드 헤드셋 등을 보게 되면 구매하고 싶은 충동이 들기도 한다 우리 집에는 사용하지 않는 유 무선 마우스 및 유 무선 키보드들이 많다 아내와 나는 굳이 이 사은품을 받길 원치 않았지만 어쩔 수 없이 선택하고 받아왔다 2TB 용량의 외장하드를 다소 저렴한 가격에 구매할 수 있지만 작년에 1TB 용량의 외장하드를 구매하였기에 이 우리에게 불필요했기에 구매의사가 없었다 컴퓨터 CPU의 성능이나 RAM 그래픽 카드 등 전문적인 부분은 잘 모르기에 직관적인 내용만 후기를 작성해 보았다 결론적으로 LG gram pro는 가볍고 빠르며 타 기업의 제품과 연동이 쉽다 정도로 정리할 수 있겠다 이후 하이마트에서 모든 결제를 마친 후 아내의 친한 친구 최근 출산 집에 방문하여 아가도 보고 집 계약을 위해 광교 풍경채 어바니티에 방문하여 계약서도 작성하였다 오늘도 참 많은 일들이 있었다 오늘 하루도 참 감사하다 수원롯데하이마트 하이마트가전 lg가전 14세대gram gram grampro grampro16인치 logitech lggramlink 한컴오피스 ms오피스
keyword_reviews01.xlsx,안녕하세요 전 프리랜서업무도 함께 병행 중인 직장인이에요 출장가거나 틈날 땐 매일 쓰려고휴대성과 성능 모두를만족시키는 제품을 찾게 되었고며칠 고민 끝에 선택한 건 바로 LG 그램 14ZD90T GX56K 2025년형 입니다 내돈내산으로구입해 2주간 실사용 후 느낀장점과 단점 찐후기 시작해 볼게요 사려고 보니 모델명이왜 이렇게 많은지 영롱한 엘지 note book 언박싱엘지 그램이 좋은 건 알지만 14ZD90Q 14ZD90S 14ZD90T 모델명이 너무 비슷해서 스펙하나하나 직접 비교하게 되더라고요 chat gpt와 함께 기능 가격 성능을꼼꼼히 따져보며 고민한 끝에가장 밸런스 좋고 실속 있는모델로 선택하게 된 게14ZD90T GX56K였어요 구매 전 저의 조건은 서핑 문서 작업 포토샵 게임은 가끔 하는 편임 AI 기능 있는 CPU 환영 가벼운 무게 긴 배터리 필수 가성비가 중요 그래서실구매가 110만 원대 구입 2025년 최신 모델이면 더 좋음기존 삼성 노트북 그램으로 갈아탄 이유3년 넘게 잘 사용한 갤럭시북이최근 들어서 멀티태스킹에서자주 버벅이고 탭 몇 개만 열어도렉 걸리거나 느려지더라고요 그건 동생 주고 저는급히 새 노트북을 알아보게 된 상황 이왕 바꾸는 거면 최신형 가성비 있는 제품으로 가고 싶었고 그 기준에 가장 잘 맞은 모델이바로 이 제품이었어요 왜 엘지 LG 그램 GPT 피셜 가성비 최강 여러 모델을 비교해 보고 14ZD90T GX56K가 2025년기준 AI 기능 포함 모델 중 가장 가성비 라는 결론이 나왔고 실제로이 정도 구성은 드물지 않을까 후기 많고 네이버 평점도 4 92점 39 할인 적립금 64 260원 적용 시 실구매가 약 110만 원대까지떨어지더라고요 아래 링크에서 확인해 보세요 LG전자 그램14 가벼운 대학생 직장인 노트북 추천 LG전자인증점 티앤티정보LG전자 그램14 베스트 셀러 인텔 CPU 탑재 대학생 휴대용 노트북 추천naver me스펙 요약 실제 구매 기준 가지고 다니면서 잘쓰고 있음 모델명 14ZD90T GX56K 2025 CPU 인텔 코어 울트라 7 225H AI 연산 최적화 메모리 LPDDR5x 7467MHz 16GB저장 장치 NVMe SSD 256GB디스플레이 14인치 DCI P3 99 안티글레어무게 1 12kg 그램치고는살짝 묵직하지만 여전히 가볍죠 배터리 72Wh 대용량 보안 얼굴 인식 로그인소프트웨어 그램 링크 2 0 온 디바이스 AI 챗 클라우드 AI MY gram 등실사용 후 느낀 장점과 단점애로우 레이크라 이전보다 좋아진 듯 장점 속도와 성능부팅이 빠르고 앱 전환이부드러워서 쾌적했어요 여러 창을 동시에 켜도 무리없고체감 속도 확실히 좋더라고요 AI 기능 지원문서 자동 요약 음성명령 기능과클라우드 기반 챗 기능까지 다양했어요 진짜 있으면 좋겠지 가 아니라실제로 쓰게 되네요 화면과 배터리눈부심 적은 안티글레어 패널 DCI P3 99 색감 선명72Wh 대용량 배터리로하루 종일 충전기 없이 사용 가능휴대성 키보드 적응기1 12kg로 여자가 들기에도등이 가볍다고 느껴지고요 매일 출근길 카페 도서관들고 다니기에 부담 없었어요 기존 거보다 조금 좁게 느껴져서처음엔 살짝 답답했지만 일주일 지나니까 적응되고지금은 아주 편한 상태예요 현재 2주 차 나름 만족하면서잘 쓰고 있습니다 단점 이건 윈도우 미포함된프리도스 FreeDos 모델이라이걸 직접 설치해야 돼요 만약혼자 설치를 못하면 스토어에미리 요청해야 되는데 이 경우엔가격이 좀 더 올라가요 다행히 설치 경험이 있어해결했지만 초보자에겐벽이 될 수도 있어요 완벽까진 아니더라도잘 샀다 처음엔 14인치라 이전에썼던 거보다 좁은 느낌에좀 당황했지만 일주일 만에적응 지금은 작업용으로딱 좋다는 생각뿐이에요 카페 1인석에서 쾌적해요 무게도 가볍고 성능도 빠릿하고 AI 기능도 생각보다 유용하고가격까지 괜찮으니 제 기준으론 균형 잡힌 노트북 이라고 봐요 이런 분께 적합 GPT 노션 피그마 한글 문서작업을 하면서 인터넷창도 동시에 이것저것 하는 분들고 다녀야 해서 가벼운휴대성을 중요시하는직장인 프리랜서 대학생최신 CPU 가성비 좋은2025년형 모델 찾는 분빠릿하며 배터리 오래가는노트북이 필요한 분 궁금한 점 있으면 댓글주심2주간 사용해 본 내돈내산경험으로 솔직히 답변드릴게요 LG전자 그램14 가벼운 대학생 직장인 노트북 추천 LG전자인증점 티앤티정보LG전자 그램14 베스트 셀러 인텔 CPU 탑재 대학생 휴대용 노트북 추천naver me실구매가 기준정가 1 190 000원 여기에구매 적립금 64 260원 빼면최종가 약 112만 원대
keyword_reviews01.xlsx,내돈내산 LG 그램 16인치 블랙 구매 후기 이런 물건은 내돈내산 아니고 협찬받아 포스팅 한 거면 좋겠 10년 정도 전에 스펙 따위 고려하지 않고 가격과 무게만 보고 노트북을 사서 잘 쓰다가 고장나고 역시 싸구려 재택근무 시기에는 남편 노트북 이건 거의 20년 된 사양은 좋은 에 모니터 연결해서 쓰다가아이패드 생기니 딱히 노트북 필요성을 못 느꼈다 이제 재택근무가 종료되기도 했고 그러나 뭐 이런저런 이유로 지마켓 빅스데이에 LG그램을 구매하게 되었다 14인치는 좀 작은감이 있고 17인치는 커서 15인치와 16인치 고민하다가 실물 보고 16인치로 결정했다 15인치는 가로세로 비율이 불편해서 16인치가 딱이었음 남편 노트북은 LG울트라북인데 사양은 좋지만 무게가 무거워서 들고 다니기엔 힘들 거 같았고 그램은 들어보니 진짜 가벼워서 무조건 그램 이었고 배송까지 두근두근하며 기다리다가 결제하고 다음 날 바로 받았음 색 고민도 한참 하다가 같은 사양인데 가격이 20만원 가까이 차이나서 블랙으로 선택함 화이트도 예뻤지만 블랙만의 매력이 있는듯 심플한 크라프트 박스 택배박스 안에 이거랑 사은품 무선마우스 들어있었다 무선마우스 생긴 게 맘에 안 들어서 재고정리인듯 어디에 던져 두고 잊었다 라벨은 훼손 없이 잘 붙어 있었음 뚜껑을 열면 크라프트지로 만든 조립식 연필꽂이가 보이는데 이것도 딱히 쓸 일은 없는 그걸 치우면 블랙의 엘지 그램이 딱 들어 있다 매우 얇고 가볍다 안에는 설명서 충전기 등이 들어 있음 충전기는 C타입이라 신기하다 핸드폰이나 아이패드만 이거 쓰는 줄 어쩔 수 없는 육아 현장의 배경 화이트가 시그니처 같긴 블랙을 산 게 더 잘 한 것 같기도 하다 때 탈 걱정 없고 뭔가 좀 더 시크한 매력이 있음 구매하고 현재 열흘 정도 사용했다 회사에서는 무선키보드를 사용하고 있는데 그램 쓸 때는 키보드 따로 장착 안 하고 바로 사용하는데 불편함음 없다 숫자 키패드 따로 있는 것도 좋은데 다만 0옆에 점 이 있는 것이 좀 익숙하진 않다 숫자 많이 쓰는 건 아니니까 뭐 어쨌든 새 노트북이라 그런지 속도도 빠르고 들고 다니는데 무겁지도 않고 만족하며 사용하고 있다 어차피 LG그램의 사양 같은 건 전자기기 전문 리뷰어나 잘 아시는 분들이 많이 리뷰 올릴테니 나는 그런 건 접어두고 내가 구매할 때 후기 찾아보며 블랙 16인치 정보가 별로 없어서 아쉬웠는데 궁금해 하시는 분들의 궁금증을 좀 덜어주면 좋겠다 개인적인 취향이지만 15인치보다는 16인치가 훨씬 낫다고 봅니다요 이상으로 2022 LG 그램 16인치 블랙 개봉기 끝 엘지그램 LG그램 LGGRAM 16인치노트북 블랙노트북 노트북추천 내돈내산
keyword_reviews01.xlsx,수집가 입니다 오늘은 새학기를맞이 하며 노트북 하나큰맘 먹고 장만 하였습니다 문서 작업을 많이 하는 사람에겐lg 노트북이 선택지에 올랐는데요 종류도 워낙 많고 새학기라 냉큼 주문 했어요구매시 중요하게 생각한 부분은화면 크기 15 16인치빠른cpu 속도 이정도 였어요카카오 쇼핑 생방송 라이브 때추가 할인해서 구매 했고SSD 256GB 추가로 업그레이드 되었어요https www lge co kr notebook 16zd90sp gx76kLG 그램 Pro 40 6cm SSD 256 GB NVMe 확장 슬롯 1 PCIe 4 0 x 4 노트북 2024 16ZD90SP GX76K LG전자LG 그램 Pro 40 6cm SSD 256 GB NVMe 확장 슬롯 1 PCIe 4 0 x 4 노트북 2024 16ZD90SP GX76K는 강력한 RAM 16 GB 와 배터리는 77 리튬 이온 배터리 이며 인텔 코어 Ultra7 프로세서 155H와 고해상도 디스플레이를 통해 최적의 퍼포먼스와 성능을 제공합니다 가볍고 강력한 LG 노트북의 가격 스펙 등 제품 정보를 확인하세요www lge co kr아 프리도스 제품이라안에 아무것도 깔려있지 않았어요윈도우는 필수라서 99000 추가 결제 완료 생각보다 오래 걸릴 줄 알았는데결제 후 3 4일 만에 배송 완료 되었어요그램라인에서 고르려고 하다가가격이 얼마 차이가 안나길래보태 보태 다가 그만 신상이니까 좋은 성능 이겠지요 이제 개봉 해 볼게요전에 있던 노트북도 8년 정도 되어서넘 오래 걸렸는데 이번엔 빠른 성능으로구매 해서 기대가 큽니다 한쪽에 노트북이랑 usb c 타입이 같이 있어요16인치라 그런지 화면도크고 큼직 큼직 하더라고요 LG그램 프로 16ZD90SP GX76K 사양 CPU 인텔 코어 울트라7 155H메모리 LPDDR5 16기가그래픽 인텔 ArcSSD NVME 256GB 확장 슬롯 1개화면 16인치 WQXGA 2560x1600144Hz IPS AG 안티 글레어 OS 미탑재배터리 77Wh 65W 충전기무게 1199g포트 USB 3 2 2개 USB4 2개 PD 썬더볼트4 HDMI 이어폰잭안에 서비스 안내랑 정품 등록서가 있어고장날때 서비스센터에서 수리 가능해요프리도스 제품이라윈도우랑 깔아야 해서설명서좀 들여다 볼게요 컴맹이라 한참 걸리셨어요화이트에다가 숫자 키패드 까지 있어서유용하고 디스플레이도2560 1600 고해상도144hz 프레임레이트를지원하는 최신ips 패널을 탑재 했다고 해요65w로 충전 가능하고 충전도한번 하면 오래 가더라고요약1 2kg의 무게이고 그램 라인이 워낙 얇고 가볍게나왔다고 하는데 이정도도 가볍다고 느꼈어요왼쪽에는 노트북 충전선 hdmi 선 이어폰선오른쪽에는 usb선이 있었어요이정도면 얇은 두께가 아닌가 싶어요cpu도 전에 비해 높아 졌고al 그램 링크를 통해서 노트북과스마트폰 사이에 파일 전송도 가능하다고 하네용16ZD90SP GX76K재생16좋아요000 0716ZD90SP GX76K전원 키고 이제 윈도우 설치를 하러 가봅시다노트북에 연결해서 설치해주면 되는데요운영체제가 깔려 있지 않은 프리도스노트북에 따로 usb를 꽃아 설치 해주어여야 해요https www microsoft com ko kr software download windows11Windows 11 다운로드www microsoft com링크를 눌러 설치하면 됩니다설치 후 f10을 연속으로 눌러서다른 창으로 들어 가야 합니다방법이 꽤나 어렵지는 않은데잘 못 누르는 바람에 오래 걸렸다 LG 프리도스 노트북 window 11 설치 검색하면 다른 분들의 도움을 받아 설치 할 수 있었어요설치 후 이제는 한글과 컴퓨터를사용하기 위한 결제를 또해야한다 그냥 매장 가서 살껄 그랬나 머리가 띵하네이건 그래도 간단하게 결제 99000 후 설치 하면바로 컴퓨터에 가정용 한쇼 한컴 엑셀 설치가 된다요이제 진짜 끄으읏 전에 쓰던 노트북은lg서비스센터에 문의 하면ssd 제거후 폐기 해준다고 하더라고요14인치 나의 노트북 켜지는데10분 정도 걸리고 가성비도 열심히굴려 먹었더니 지금도 안돌아가는건아닌데 진짜 느리고 이제 새로운 노트북으로 갈아 타줄 차례구매 했던 상품처에서 구매 후기작성시 그램 파우치 제공 해 준다고해서 냉큼 작성후 받았어요16인치가 크긴 크더라고요아마 집에서만 사용 할거 같은데밖에도 들고 다닐일도 있을 수도그동안 아이패드로 블로그 쓰고답방 가고 그랬는데 이젠 노트북으로착착 하니까 빠르고 좋네요 그래도 가볍게 다니고 싶을 때는아이패드가 적당 하더라고요노트북 후기 였습니다아아아공감 댓글은 언제나 환영입니다서이추는 걸어주시면 감사합니다꾸준히 소통할 찐 이웃을 찻습니다 댓글 주시면 답방 무조건가요 답장은 업무량 과다로 조금 느리게 굴러가요
keyword_reviews01.xlsx,일기를 쓰게 되니 이런 소소한 일상도 블로그에 남겨볼 수 있고 좋은 것 같다 남들이 다 하는 내돈내산 이라는 말 나도 한번쯤 해보고 싶었음 몇 년동안 오랜기간을 영어포스팅만 해서 이런 가벼운 글을 쓰고 싶다는 욕망 이 조금은 꿈틀대고 있었던 것 같기도 하고 오랜만에 내 자신을 위해 거금을 쓴 날 2015년부터 함께 했던 노트북이 상태가 조금 안좋아져서 사실 쓰려면 계속 쓸 수 도 있었을테지만 무슨 바람이 불었는지 그냥 질러버렸다 올디가 올디에게 주는 선물 쌩쌩 잘 돌아가는 신상노트북 정도는 쓸 자격이 있다 열심히 일한 자 누려라 훗 기존에 쓰던 노트북도 lg껀데 나름 만족도 높게 고장없이 오래오래 잘 썼다는 생각이 들어서 이번에도 그냥 lg노트북으로 샀다 사실 갖고있는 아이폰 아이패드와 동기화해서 편하게 쓰고 싶어서 맥북을 살까 고민이 많았지만 이번에 LG그램 2022 신상이 괜찮게 잘 나왔다길래 그냥 엘지로 고고 노트북 개봉 박스에 이런게 있길래 노트북 보다말고 여기 꽂혀서 조립부터 함 오호 연필꽂이 겸 달력이 되는 신박한 아이템이다 달력 숫자가 적혀있는 종이판을 좌우 이동만으로 매월 다르게 사용할 수 있다 나름 신기함 gram이라고 깔끔하게 적혀있는 로고 비싸게 주고 사서 그런지 더욱 영롱해보인다 바로 꽂아서 충전을 하고 세팅을 하고 사용해보니 역시나 빠릿빠릿 요즘 대부분의 노트북이 os미포함 제품이라 그냥 그걸로 사려다가 돈 좀 더 주더라도 윈도우정품이 탑재된걸로 샀더니 따로 설치할 필요도 없이 바로 쓸 수 있어서 편했다 역시 돈은 시간과 체력을 아껴주는구만 대신 시간과 체력을 써서 또 돈 벌면 되는 것 인생이 그런거지뭐 웃프군 윈도우11이 살짝 어색했지만 계속 쓰다보니 깔끔하니 편하다 15인치 16인치 17인치 중에 고민을 하다가 후기들을 참고해본바 가장 인기좋은게 16인치라고 해서 lg그램 16인치로 선택했는데 자주 들고 다니는 노트북이라면 16인치 괜찮은 것 같고 나처럼 주로 집에서만 쓴다면 17인치도 괜찮을 것 같다 기존에 쓰던 것 보다 커서 화면 커서 좋구만 이라고 생각했는데 조금 더 커도 괜찮을 것같은 느낌이라 17인치를 살껄 그랬나 하는 생각이 들기도 함 본인의 생활이나 사용패턴에 따라서 고르면 될 듯 하다 크기에 비해 무게가 상당히 가볍다는 것도 lg그램의 큰 장점이기도 하니 아무튼 이백 가까이 주고 산 큰 맘 먹고 지른 고사양 노트북이니 아무쪼록 오래오래 고장없이 함께 하자 올디일기 올디의소비일기 내돈내산 lg그램 lg그램2022 lg그램16인치 신상노트북 16인치노트북 주간일기 블챌
keyword_reviews01.xlsx,남춘천역 인근에 위치한LG 베스트샵LG 서비스센터 매장이 함께있는 매장LG 서비스센터 영업시간2층은 매장 3층은 서비스센터LG 오브제 콜렉션코드제로 청소기 신형모델가격은있지만 디자인이 정말 이쁘당 삼성 청소기보다 청소기는 LG 코드제로가 휠씬 좋다 오브제 디자인 넘 이뽀 요즈음 노트북 넘 비싸당 200만원이 넘는다행사모델 전시품제품 으로 구매한 17인치 그램 259만원 할인해서 139만원에 구매했다2023년제품 단종 된 모델 이지만사용하기엔 큰 문제가 없을 듯 해서 구매하게 되었다 일반 사무용으로 사용하는 하는거여서 할인 폭이 큰 전시품을 구매했다 작아서 마음에 들었지만 가격이 전시제품 잘만 고르면 가성비 괜찮은제품을 구매할 수 있다 노트북 가격은 200만원대인데 구성품은 달랑 충전기 뿐 파우치는 구성품에 포함되어있지않다따로 구매해야한다 지점마다 할인 제품들이 조금 씩 다르다제품에 대해 자세히 설명해 주셨고가격도 착한가격 가격이 괜찮은 다른 제품들도있으니 방문해보자 259만원 139만원 진열상품 17Z90R G AA5BK13세대 i517인치 43 1cm 가로510 세로 65 높이 325무게2 5 17인치는 화면도 크고 시원한 느낌 가격대비 할인폭이 큰 가성비 제품이여서 17인치를 선택했다 무게는 17인치지만gram 이여서 엄청 가볍다매니저님이 챙겨주신 오피스 밸류팩 감사해용어제 상담하구 구매는 다음 날친절하게 상담해 주신 매니저님 지점장님 직원분들 친절해서 기분 좋았던 LG베스트샵 퇴계점 내돈내산리뷰 집에 돌아와서 알콜스왑으로 깨끗하게닦은 후 충전 중 엘지베스트샵춘천점 엘지베스트샵 엘디베스트샵퇴계점 엘지그램노트북 엘지그램노트북전시품 LGgram 그램노트북 LG서비스센터춘천 엘지서비스센터 lg서비스센터춘천 LG서비스센터춘천 내돈내산리뷰 17인치노트북추천 엘지노트북추천 엘지노트북전시품 노트북전시제품 그램노트북 LG베스트샵춘천퇴계점
keyword_reviews01.xlsx,1 디자인본인은 맥북에어 2021년도 인텔 기반의 13인치 맥북에어를 사용하고 있는 유저이다 맥북을 쓰면서 한글과 공인인증서 관련 업무를 처리할 때 불편함을 느끼다가 결국 그램을 사게 되었다 일단 디자인이다 다들 LG 그램 디자인을 극찬 하지만실제로 맥북을 쓰고 있는 입장에선 차이가 많이 난다 처음 그램 노트북을 받았을땐 디자인이 장난감 같았다 반품 하고 싶었다 물론 개인취향과 생각일뿐이다 2 무게무게는 정말 가볍다 이건 내가 삼성 노트북을 안 들어 봐서 인지 모르겠는데 가볍다 맥북도 그램에 비해선 무거운건지 비슷한지 모르겠으나 확실히 가볍다 그런데 웨이트리프팅을 10년 이상 한 나로서는 그램이 가벼운 이유는 크기가 크기 때문에 내가 잡는 면적 만큼 무게가 실리는 중량도 더 작아서 그러는 경향이 있는것 같기도 하다 맥북과 그램의 차이는 플라스틱과 알루미늄의 차이로 설명하는게 가장 정확 할 듯 하다 맥북은 차갑다 겨울엔 정말 차갑다 근데 그램은 그렇게 차갑지는 않다 3 14 15 16 17인치 고민필자는 고민을 많이 했고 아마 다른 사람들도 만찬가지일 수 도 있다 현재 사용중인 맥북은 정말 화면이 작다 처음엔 그렇게 작아 보이지 않았으나 사용할 땐 나는 모니터암에 노트북용 거치대를 장착해서 사용을 했기 때문에 화면의 크기가 좀 확 와 닿았다 이걸 쓰는 이유는 목 때문이었다 조그만 각도가 아래로 향하게 되면 목이 아프기 때문에 무조건 사용하게 되었다 화면이 눈의 정면으로 오기 때문에 사이즈가 크면 클 수록 좋은거 같고 시선이 정면일 때와 밑으로 볼 때 화면의 체감이 다르다는걸 모니터암을 쓰게 되면서 알게 되었다 추가로 무선 키보드를 사용했기에 맥북의 키감이 그렇게 좋은지는 몰랐는데 LG 그램을 사면서 키감이 확실히 차이나는걸 알게 되었다 개인적으론 맥북의 압승이다 성향의 차이 일 수 있는데 맥북은 조용 조용한 반면 그램은 기계식 키보드 처럼 탁탁탁 하는 소리가 느껴 지게 된다 해결방법으론 실리콘 커버를 씌워라 하는데 10년전에 그램을 쓸 때 컴퓨터의 열로 실리콘 커버가 늘어나는것을 보았기 때문에 노트북 발열에 영향을 줄것 같아 사용하지는 않는다 본론으로 들어가서 내가 볼땐 14인치는 정말 휴대용이다 14인치를 선택 안 하시는 분중에 키보드에 숫자 키보드가 없어서 안 하시는 분이 있을 수 있는데개인적인 생각은 굳이 있어야 되는가 라는 생각이 든다 차라리 그 숫자 키보드를 넣을 공간빼고 나머지 키보드를 더 넓게 사용하는게 더 좋은 선택지 일 거란 생각이든다 숫자 키보드가 정말 중요한 분들은 그냥 따로 블루투스 연결 되는걸로 사는게 더 좋을듯 하다 15인치 까지는 가방에 쑥 들어가는것 같은데 16인치 부턴 조금 불안 하기는 하다 15인치와 16인치 차이가 세로 길이 차이인데오히려 16인치의 그래픽 사향 업그레이드를 포기하고도 15인치로 가는게 디자인적인 면에서도 어울리지 않았을까 싶다 숫자 키패드는 개인적인 생각으로는 17인 부터 넣어 주는게 맞는듯 하다 숫자 키패드는 나머지 17인치 이하는 과감하게 생략하고 그 여백에 스피커를 단다던지 오히려 넓게 쓰는게 노트북을 무릎 위에서 쓸 때나 책상에서 쓸때 시선도 정면으로 가기 때문에 좋은듯 하다 4 발열 및 소음발열은 적당하다 그런데 문제는 소음이다 다들 유튜버나 블로그에 보면 조용하다 그러는데 이게 전원을 켜고 쓸 때랑 빼고 쓸 때가 다르다 아마 내 노트북이 불량이거나 뽑기실패라서 그런건지는 모르겟으나 전원을 연결하고 무거운 작업을 돌리면 펜이 돌아가기 시작한다 전원을 연결해서 그런건지는 모르겠으나 그 때부터는 소리가 좀 심하다 그러나 전원을 빼면 펜 소리는 왠만한 무거운 작업이 아닌 이상 심하게 나지는 않는다 도서관에서 충분히 쓰고도 남을 소음이고 소음이 나긴난다 없지는 않다 예를들면 내가 갖고있는 루메나 선풍기 탁상형의 1단형 정도 보다 작거나 비슷한 정도의 소리가 나긴 난다 5 배터리아주 칭찬할 수준이다 오래 간다 그러나 그만큼 사이즈가 크기 때문에 배터리가 아마도 반이상일듯 싶다 오래 가는 이유도 있을듯 하다 6 필요성맥북 생태계에 적응이 되어서 확실히 핸드폰도 따로 쓰고 노트북도 따로 써야되서 불편한 감이 좀 많이 있다 그러나 그럼에도 불구하고 윈도우 노트북은 정말 필수적으로 사야 될것 같다 공인인증서랑 한글의 편함은 정말 이루 말 할 수가 없다 왠만한 문서들은 다 한글파일이다 정말 좀 부지런하신분만 PDF파일을 첨부해서 올려주기 때문에 한글이 없으면 보지 못 하는 상황이 많이 있었다 아직까진 공인인증서와 한글이 편하기 때문에 윈도우 기반의 노트북은 필수적으로 하나 더 가지고 있어야 된다 맥북도 인텔 기반으로 산게 부트캠프를 하게 되면 가능 하다는 말이 있어서 사용해봤지만 정말 불편하고 불가능한게 많았다 맥북에 윈도우는 어울리지 않아 보였다 쿠팡에서 구입해서 그런건지 모르겠으나 14 15 16 17의 가격차이가 그렇게 크게 나지 않았기 때문에 정말 고민을 많이 하게 만들었었다 너무 많은 선택지 때문에 고민이 많게 만들기도 해서 오히려 우유부단한 사람들이 사기가 정말 어렵다 그냥 휴대용은 딱 하나 나머지 집에서 모니터 연결해서 쓸 사람들은 뭐 이렇게 딱 정해주면 좋을것 같다 아 매장에 가면 삼성 노트북과 엘지 노트북의 화면을 보고 처음에는 뭐야 삼성이 화질이 더 좋다 안티글래어가 별로네 했지만 써보니까 눈이 덜 아프다 빛 반사도 적고 확실히 디스플레이는 엘지가 좋은듯 하다 나도 확실히 뭐가 좋다 뭐를 해야 한다고 확정적인 말을 쓰지 않았고 다시 사게 된다면 15인치를 사야지 라는 확신이 없다 사실 아직도 잘 모르겠다 맥북은 사고 나서 아 그냥 업그레이드 해서 살걸 이런 후회가 확실히 남아서 다음에는 뭘로 사야지 몇 기가로 사야지 하고 그런게 생긴 반면 그램은 지금 이 정도면 나쁘지 않고 그래도 아 이건 싫어 근데 대안이 없네 이런 느낌이다 더 궁금하신점 있으면 댓글 주세요 lg그램16 lg노트북후기 그램16인치후기 내돈내산
keyword_reviews01.xlsx,"*** 프로 : ** 화면, 성능, 배터리 수명, 키보드"
keyword_reviews01.xlsx,Ninkear A15 Pro의 키보드는 백라이트이며 좋은 키 여행과 명확한 압력 포인트로 즐거운 타이핑 경험을 제공합니다. 키보드 자체에는 ANSI-US 레이아웃이 있으며 다른 레이아웃을 구입할 수 없습니다.
keyword_reviews01.xlsx,2023 년 12 월부터 4070 GTX와 32GB RAM이있는 Lenovo Legion Pro 7이 있습니다. 몇 달 전에 일부 액체가 노트북에 쏟아졌습니다. 또한 팬들 근처의 주택을 깨뜨리는 낙상을 유지했습니다. 결과는 키보드가 작동하지 않으며 (창이 끝없이 팝업되게 함) 충전기를 올바르게 연결하기 위해 케이싱을 엉망으로 만들어야합니다. 그래서 나는 Bluetooth 키보드를 사용하고 그것을 연결하는 문제를 수용하는 데 몇 초만에 주택을 고정하는 데 몇 초가 걸립니다. 그래픽 카드 나 프로세서가 성능이 떨어 졌는지 알 수 없습니다. 나는 최근 BB에서 5080 Acer Helios Neo 16을 $ 1900에 집어 들었다. 내가 보관하거나 반환 해야하는지 확인할 때까지 상자에 앉아 있지 않았습니다. 나는 또한 LG Ultrawide 45GX950A를 얻었습니다. Helios의 성능과 능력이 증가한 것은 $ 1900의 가치가 있습니까? 나는 현재 내 와이드 스크린에 군단 USB-C를 가지고 있으며 다중 작업을 제외하고는 약간 느린 것처럼 보입니다. Raid Shadow Legends와 몇 가지 탐색 창이 위로 올라가면 Windows가 전환됩니다. Acer의 귀환에 대한 생각 또는 유지?
keyword_reviews01.xlsx,"많은 글쓰기를 해야하는 사람으로서 나는 키보드와 트랙 패드를 많이 좋아합니다. 아주 좋은 촉각 느낌. 내가 직장에서 사용했거나 더 나은 MacBook Pro M1과 확실히 동등합니다. 조석 청록색은 화려하고, 빌드 품질은 좋고, 음질도 놀랍게도 좋으며, 경첩은 안정적으로 보이고, 성능이 칙칙해지며, FHD OLED 터치 디스플레이는 나에게 충분합니다. 팬은 무거운 하중으로들을 수 없지만 전반적으로 시끄러운 기계는 아니며 팬은 대부분 조용히 유지되었습니다."
keyword_reviews01.xlsx,"이것은 아마도 우리 가족의 존재의 전체 역사상 최악의 구매 중 하나 일 것입니다. 이것은 아버지의 손을 내밀어 약 350 $ -ish를 얻는 것이 좋습니다. 절대 쓰레기 조각, 빌드 품질은 끔찍하고 키보드는 미친 듯이 가라 앉습니다. 한쪽에서 뚜껑을 닫으면 전체 화면이 굽히고 (화면을 교체 한 한 가지 화면이 있었음) 배터리가 끔찍합니다. 나는 3 년 동안이 노트북에 어떤 일이 일어 났는지 전혀 모른다. 그러나 지금 배터리는 배터리만으로 YouTube보다 무거운 것을 실행할 수 없어서 항상 죽지 않기 위해서는 항상 꽂아야한다는 것을 의미한다. 가벼운 하중조차도 빠르게 배출되어 전체 충전으로 약 1 시간 동안 지속됩니다. 내 OS를 Linux (Zorinos, Ubuntu를 원했지만 부팅을 거부하기를 거부했습니다)로 변경하면 배터리 수명이 약간 향상되었지만 여전히 지금은 데스크탑 머신 일뿐입니다. 내가 불만이없는 유일한 것은 256GB SSD입니다. 물론, 그것은 가장 큰 슬픈 일이 아닐 수도 있지만, 그것은 꽤 빨리 망할 것이며 전혀 문제 없이이 노트북의 프로. 그것은 거의 엉덩이에 고통을 겪기 때문에 이것을 고치지 않을 것입니다."
keyword_reviews01.xlsx,2. ** Dell Pro 13 Plus ** : 흥미로워 보이고 Intel Ultra 7 268V CPU가있는 옵션이 있습니다. 2012 년에 게임 데스크탑을 판매 한 이후로 가장 많은 힘이 될 것입니다. 최근에는 32GB RAM으로 900 달러의 양호한 상태로 판매 된 판매 중 하나를 발견했습니다. 문제 : 키보드는 평균 ThinkPad 키보드와 비교하여 엉망이되고 너무 작습니다.
keyword_reviews01.xlsx,"Dell XPS 9530 노트북 2023, 인텔 14- 코어 i7-13700H, 15.6 ""Wuxga IPS 디스플레이, 인텔 아크 A370M 4GB GDDR6, 32GB DDR5 1TB SSD, 백라이트 키보드, 지문, Thunderbolt 4, Wi-Fi 6E, Win11 Pro Https://A.4/4/0SONE."
keyword_reviews01.xlsx,"저는 예비 서비스 교사이며, Galaxy Book 360 Pro (1 세대)를 사용하고 있었고, 키보드 케이스가있는 1 노트북 14 인치 2 또는 태블릿을 구매하기를 기대합니다."
keyword_reviews01.xlsx,LG Gram Pro (2025) 온보드 AI- 얇고 가볍고 능력이 있습니다.
keyword_reviews01.xlsx,"전반적으로, 온보드 AI 기능은 몇 가지 유익한 측면을 가지고 있습니다. 나는 무엇을 기대 해야하는지에 대해 약간 주저했지만, 그들이 제공하는 일부 기능과 편의 시설을 확실히 활용할 것이며, 더 많은 기능을 가지고 놀기를 기대합니다."
keyword_reviews01.xlsx,"Dell 제품 품질은 수년에 걸쳐 감소한 것으로 보이며 저렴한 모델에서 멀리 떨어져있는 것이 좋습니다. 고려해야 할 16 인치 모델은 Pro 16 Plus, Precision 7680, Inspiron 16 Plus (명백히 핫하고 저렴한 모델입니다), 위도 7650입니다. 화면 사양은 약간 약해 보이고 나머드가 없습니다. XPS는 멋진 컴퓨터이지만 매우 신뢰할 수없고 뜨겁지 않은 것 같습니다."
keyword_reviews01.xlsx,"안녕하세요 여러분, 저는 1.7lakhs에서 게임 노트북을 사고 싶습니다. 우선 순위는 주로 게임이며 일부 노트북에 대해 약간 혼란스러워합니다. 첫 번째는 Ryzne 9 8940HX 및 RTX 5060을 사용한 ASUS ROG Strix G16 2025 모델입니다. 두 번째는 I9 14900HX 및 RTX 4070을 갖춘 Acer Predetor Helios 16 2024이고 세 번째는 Lenovo Legion 5 Pro이며 지금까지 출시되지 않았습니다. 이제 ASUS에 대한 온라인 리뷰 비디오가 없으므로 더 혼란스럽게 만듭니다. Acer Helios의 주요 문제는 브랜드를 그렇게 많이 믿지 않기 때문에 그것이 좋은 선택인지 모르겠습니다. Lenovo Legion 5 Pro를 OLED 디스플레이와 함께 기다리거나 지금 다른 하나를 구입해야한다면 혼란 스러웠습니다. 5060을 구매하는 것이 4070보다 낫지 않은지 말해 줄 수 있습니까? 그리고 Acer는 신뢰할 수있는 브랜드입니까? 제품을 처음 구입할 때가되었습니다. 누군가이 질문에 도움을 줄 수 있다면 많은 도움이 될 것입니다 🫶🏻"
keyword_reviews01.xlsx,"- 블렌더, Photoshop 및 Adobe Premiere Pro를 시도하는 데 관심이 있었지만 현재 노트북은 거대한 지연 스파이크없이 제대로 실행할 수 없습니다. 우리 학교는 Adobe 제품에 액세스 할 수 있으므로 Id도 실험하고 싶습니다."
keyword_reviews01.xlsx,*이 전에는 Lenovo Yoga 9i 2-in-1 (Aura Edition 아마도)을 얻을 계획 이었지만 (배터리 수명 외에) (배터리 수명 외에)에 맞았 기 때문에이 랩톱이 저를 지속시키기 위해이 노트북 (5-7 년을 시도하기를 원할 것입니까?)을 원했지만 Windows를 기꺼이하고 싶지는 않지만 실제로는 큰 제품이 아니기 때문에이 노트북이 내 필요에 맞는 더 나은 노트북이 있는지 확인하고 싶었습니다. 한 번. 나는 또한 Microsoft Surface Pro를 추천으로보고 있었지만 확실하지 않습니다!
keyword_reviews01.xlsx,"아니요, 새로운 제품에 대한 장점을 제공하지 않는 한 (즉, 새로운 모델보다 더 나은 모델보다 더 나은 모델)."
keyword_reviews01.xlsx,"모든 큰 디스플레이 제조업체 (Samsung, LG, Boe)는 탠덤 OLED에서 작업하고 있습니다. ThinkPad Z 폴드와 같은 일부 틈새 제품은 이미 사용하고 있습니다. Apple의 2024 OLED iPad Pro가 2 스택 탠덤 OLED를 사용할 것임으로 널리 알려져 있습니다."
keyword_reviews01.xlsx,"> 많은 신생 기업과 마찬가지로 Nvidia는 초기에 거의 치명적인 위기 사이에서 튀는 데 보냈습니다. 이 회사는 개발자가 고유 한 기능을 활용하기 위해 소프트웨어를 기꺼이 다시 작성할 것이라고 가정하여 첫 번째 칩을 설계했습니다. 개발자는 거의 없었으며, 이는 많은 게임이 Nvidia 칩에서 Megahit 1 인칭 슈터*Doom*을 포함하여 잘 수행되지 않았다는 것을 의미했습니다. Nvidia의 두 번째 칩은 그다지 좋지 않았으며, 붕괴가 임박한 것처럼 보이는 몇 순간이있었습니다. 그들은 이제 회사가 신제품 개발주기를 촉진했으며 오늘날까지 존재하는 효율적이고 단단한 문화를 뿌리었다."
keyword_reviews01.xlsx,"[** 제품 라인업 : ** 새로운 마스터 시리즈 (케이스, PSU, CPU 쿨러, Thermalpaste, 팬, 주변 장치)] ("
keyword_reviews01.xlsx,[** CPU : ** Xeon E3-1500 V5 제품군 w/통합 그래픽 출시] (
keyword_reviews01.xlsx,"또 다른 N5 클래스 제품은 CPU, 60CU GPU 및 기타 IP를 포함하는 PS5 Pro의 SOC입니다. NAVI 32에서 무한 캐시를 제외하면 PS5 Pro의 Viola Die에서 GPU 다이 크기에 대한 합리적인 추정치에 가깝습니다. 그들이 사과에 전혀 사과라고 말하는 것은 아닙니다. 그러나 PS5 Pro의 RT 및 AI vs PS5의 RDNA 2 및 RDNA 3에 대한 대규모 투자는 RDNA 3 ISA 및 기타 건축 변경을 채택하지 않아야 DIE 저축을 상쇄해야합니다. 다음 장에서 알 수 있듯이 RDNA 4는 진정으로 대규모 실리콘 투자로 표시된 PS5 Pro를 포함한 이전 아키텍처보다 훨씬 더 나아갑니다."
keyword_reviews01.xlsx,1. ASUS VIVOBOOK PRO 15 OLED N6506MV-MA004W 인텔 코어 울트라 9-185H/24GB RAM/1TB SSD/NVIDIA GEFORCE RTX 4060 8GB/15.6 3K (2880X1620) OLED 120HZ/WINODWS 11 홈-EARL GRAY
keyword_reviews01.xlsx,"Lenovo Legion Pro 16 16IRX8 인텔 코어 i9-13900HX/64GB/1TB SSD/16 ″ WQXGA 165 HZ/RTX 4060 8GB (LA QUE NUNCA CALIENTA y QUE VIENE CON TODO LO MAS BAJO, 임신 이시체)"
keyword_reviews01.xlsx,"나는 여전히 Huawei Matebook D16 노트북 구매에 대해 확신이 없습니다. 12 세대 인텔 코어 i5-12450H, 1TB SSD 및 16GB RAM이 있습니다. 아주 좋지만 가격이 883 달러에 그만한 가치가 있는지 모르겠습니다. 좋은 점은 15 개월의 무이자가없는 것입니다. 후자는 완전히 필요하지는 않지만 공부, 프로그래밍 및 때때로 Valorant를 연주하기를 원합니다. 내가 고가의 노트북을 찾아야한다고 생각합니까, 아니면 더 낮은 가격으로 더 나은 노트북이 있다고 생각하십니까?"
keyword_reviews01.xlsx,*** 여기서 당신이 토론에 필요하고 유익하다고 느낄 수있는 마무리 생각을 남겨 두십시오. ** 나는 거대한 멀티 태스킹 커이므로 여러 프로그램을 한 번에 열어주는 견딜 수있는 내용이 필요합니다. ArcGIS Pro 및 GIS 관련 기타 유사한 프로그램을 자주 운영 할 것입니다. 나는 거의 Microsoft Office에 있으며 여러 개의 Google Chrome 탭을 열었으므로 이러한 모든 작업으로 원활하게 작동 할 수있는 랩톱을 원합니다. 나는 5 개월 된 오래된 Lenovo IdeaPad 3i 15 인치 Windows 노트북 인텔 코어 i7-1255U 16GB RAM 512GB SSD를 가지고 있으며 이미 엄청나게 느리게 실행되고 있으며 매우 나쁘게 지연되고 있습니다. 도와주세요! 모든 사람의 의견은 높이 평가됩니다.
keyword_reviews01.xlsx,"ASUS ROG ZEPHYRUS 2024 16 ""OLED 240Hz 게임 노트북, 인텔 코어 울트라 9 185H, 16GB DDR5X RAM, 1TB NVME SSD, NVIDIA GEFORCE RTX 4070, Windows 11 Pro"
keyword_reviews01.xlsx,"Dell XPS 9530 노트북 2023, 인텔 14- 코어 i7-13700H, 15.6 ""Wuxga IPS 디스플레이, 인텔 아크 A370M 4GB GDDR6, 32GB DDR5 1TB SSD, 백라이트 키보드, 지문, Thunderbolt 4, Wi-Fi 6E, Win11 Pro Https://A.4/4/0SONE."
keyword_reviews01.xlsx,"탠덤 OLED, 285H, 32GB가 장착 된 Lenovo Yoga Pro 9I는 훌륭하지만 13 개의 탑 NPU 만 있으며 디스플레이는 매우 반사적입니다. 실제로, 내가 아는 한, NPU를 가진 유일한 인텔 모바일 CPU는 V- 시리즈이며, 이는 저전력입니다."
keyword_reviews01.xlsx,"[** HP Specter X360 16 AI 구동 2-in-1 노트북 **] ( 디스플레이-인텔 -Ultra-7-155H-32GB-LPDDR5X-2TB-PCIE-SSD-BACKLIT-KB-FINGPRINT-WIN-PRO-W-DKZ-USB-PORT-EXPANDER/) ** - 21% 할인 후 $ 1,367.64 ($ 1,739.99) **"
keyword_reviews01.xlsx,"LG는 클라우드 기반 버전 외에도 인텔의 환상적인 Lunar Lake 시리즈 시리즈 칩과 그램 채팅의 기기 버전에 포함 된 NPU를 이용했습니다. GPT-4 클라우드 기반 버전과 비교할 때 ON-DEVICE 소프트웨어는 Windows 검색 바를 수치스럽게하는 검색 기능과 내 경험을 바탕으로 자동 수사기 도구를 포함하여 더 제한된 기능 세트를 가지고 있습니다. 소프트웨어가 유용하지는 않지만 이미 Microsoft Copilot 호환 장치에서 LG의 그램 채팅의 클라우드 버전은 종종 두 번째로 가장 좋은 옵션으로 찾습니다. 주요 경고는 Copilot이 기능을 수행하기 위해 활성 인터넷 연결이 필요하므로 Gram Chat On-Device가 오프라인시기에 기본 AI 기능에 액세스 할 수 있다는 것입니다. 이 기능을 이해 하고이 도구가 고객을 방문하거나 원격 장소에서 작업 할 때와 같이 유용 할 수있는 작업 상황을 볼 수 있지만이 감정은 그램 채팅 클라우드로 확장되지 않습니다. Colecilot 경쟁 업체처럼 느껴지는 것을 구축하는 대신 LG가 Op-Device 버전의 기능을 확장하는 데 더 많은 기대를 기울였습니다. 포함 된 Intel Core Ultra 9 288V의 NPU는 임무를 수행하는 것보다 더 많은 것을 처리 할 수 있으며 약간 놓친 기회처럼 느껴집니다. 즉,이 소프트웨어는 훨씬 더 다양한 랩톱에서 작동해야합니다. 대부분의 컴퓨팅 전력을 갖춘이 특정 컴퓨터보다는이 소프트웨어가 더 이상 느린 장치로 보류되지 않으면이 소프트웨어가 더 좋아질 것입니다. LG는 올바른 경로에 있다고 생각하며 그램 채팅의 기기가 미래에 LG의 공기 업데이트를 통해 더 넓고 더 까다로운 기능 세트로 확장되기를 희망합니다."
keyword_reviews01.xlsx,"나는 15 년 이상 PC 게이머였으며 솔직히 말해서, 이것은 저를 바닥에 두었습니다. 이 통합 GPU는 전용 NVIDIA RTX 3050 모바일과 유사한 성능을 가지고 있으며, 이는 35-45W 또는 동일한 결과를 제공하기 위해 전력의 두 배 이상을 짜증나게합니다. 이는 필요할 때 성능을 희생하지 않고 배터리 수명, 더 낮은 온도, 조용한 팬 소음 및 더 가벼운 장치가 훨씬 향상됩니다. 작년 Gram Pro가 앞서 언급 한 RTX 3050을 흔들면서 LG의 세대 개선보다 큰 세대입니다. 이 칩의 절대적인 아름다움으로의 효율성은 볼 수 있고 새로운 그램 프로 16 인보다 더 적합한 랩톱이 거의 없다. 인텔의 새로운 플래그십 노트북 칩에 대한 유일한 부정적인 것은 점점 더 무의미한 이름 지정 계획이다."
keyword_reviews01.xlsx,"나는 주로 스탠드 모드에서 사용할 수있는 것을 찾고 있습니다. 내용을 읽는 동안 PC 앞에있을 필요가 없으므로 집중적 인 디스플레이, 배터리 및 내구성이 뛰어납니다. 쿨러를 달리는 것을 선호합니다. 이 두 가지 모두 장단점을 가지고 있으며, 하나는 Acer 인 Gram 가격의 절반입니다. 새로운 2022 모델은 $ 200, $ 700이므로 큰 차이는 없습니다. 이 중 어느 것이 추천 하시겠습니까, 아니면 더 나은 선택이 될 다른 대형 디스플레이 2in1이 있습니까?"
keyword_reviews01.xlsx,추천? 이러한 과잉이거나 MSI CreatorPro와 같은 제작자 시리즈 중 하나입니까?
keyword_reviews01.xlsx,누구든지 조언이나 기타 권장 사항이 있으면 2 주 안에 Uni를 시작하고 최대한 빨리 노트북이 필요합니다 !! 그리고 당신이 MacBook을 추천한다면 Air 또는 Pro 등과 같은 특정 내용을 알려주십시오.
keyword_reviews01.xlsx,"*** 마무리 생각 : ** 나는 'ASUS ProArt 16 ""4K OLED 터치 스크린 Ryzen AI 9 HX 370, 64GB RAM, 5T (1TB + 4TB) GEN4 SSD, RTX 4070, Windows 11 Pro Office 365- 무게 : 2.4KG (RRP $ 5,500)를 진행하고 싶어합니다. Zephyrus G16 GU605CR 16 ""OLED 240Hz Core Ultra 9 32GB RAM 1TB RTX 5070 TI Gaming Laptop- Eclipse Grey- 중량 : 1.9kg (RRP $ 5,400) '. 이 중 하나에 대한 경험이 있습니까? 그리고 당신은 나에게 더 나은 봉사를 할 것이라고 생각합니까? 그리고 이것들이 아니라면 무엇을 추천 하시겠습니까? 당신의 생각에 대단히 감사합니다!"
keyword_reviews01.xlsx,*이 전에는 Lenovo Yoga 9i 2-in-1 (Aura Edition 아마도)을 얻을 계획 이었지만 (배터리 수명 외에) (배터리 수명 외에)에 맞았 기 때문에이 랩톱이 저를 지속시키기 위해이 노트북 (5-7 년을 시도하기를 원할 것입니까?)을 원했지만 Windows를 기꺼이하고 싶지는 않지만 실제로는 큰 제품이 아니기 때문에이 노트북이 내 필요에 맞는 더 나은 노트북이 있는지 확인하고 싶었습니다. 한 번. 나는 또한 Microsoft Surface Pro를 추천으로보고 있었지만 확실하지 않습니다!
keyword_reviews01.xlsx,"아래층에 DD-WRT가있는 Linksys 라우터에서 내 방에서 가장 큰 리셉션을 얻지 못합니다. 나는 WDS에 대한 몇 가지 장단점을 읽었고, 여분의 공항 익스프레스 (듀얼 밴드 N)가 여분의 이더넷 포트가 될 수 있습니다. 너희들은 WDS를 추천합니까? 나는 그것이 모든 무선 사용자의 속도를 절반으로 반으로 읽었 음을 읽었습니다 ... 이것이 사실입니까? 우리는 현재 최대 16MBS 최대를 얻습니다. 당신의 생각을 궁금해합니다."
keyword_reviews01.xlsx,"나는 4 마리의 개 (독일 셰퍼드 2 명, 허스키 1 명, 핏불 1 명) 내 LG 세탁기가 최근 양동이를 차고 배수를 거부했다. 나는 그것을 매우 철저히 청소하고 드레인 펌프 모터를 아무 소용없이 교체했습니다. 그래서 나는 새로운 세탁기가 필요하다고 생각합니다 (누군가가 부러진 것을 추천 할 것이 없다면) 나는 Maytag Pet Pro Washer를보고 있었고, 내 드라이어에 아무런 문제가 없지만 내 동생이 필요하지 않기 때문에 아마 그에게 줄 것입니다. 와셔 건조기 세트가 잘 바라보고 있습니까? 아니면 4 마리의 개에게 더 좋은 것이 있습니까, 우리는 집에 개 머리카락이 많이 있습니다."
keyword_reviews01.xlsx,이것은 인도의 Asus Rog Zephyrus G16 2022 의 고객으로서의 진정한 경험이며 2025 년에 ASUS 랩톱을 추천하지 않는 이유를 설명하고 싶습니다 구매하기 전에이 글을 읽어주세요 ASUS ROG ZEPHYRUS G16 2022 의 고객입니다 인도 에서이 모델에 문제가 있기 때문에이 모델은 모두 사라지고 있습니다 ASUS는 실수를 받아들이기를 거부합니다 대체 장치를 청구하는 것은 매우 어렵고 거의 불가능합니다 Asus는 서비스 엔지니어가 부품을 교체 할 때마다 비용이 많이 들기 때문에 결함이있는 노트북을 사용하기를 원합니다
keyword_reviews01.xlsx,안녕하세요 여러분 예산 3K로 2025 년 최고의 게임 노트북을 추천하십시오 새로운 게임에 문제없이 4 5 년 이상 지속되기를 바랍니다 나는 현재 Fortnite를 플레이하지만 GTA 6을 플레이하고 싶다 추천하십시오
keyword_reviews01.xlsx,아래층에 DD WRT가있는 Linksys 라우터에서 내 방에서 가장 큰 리셉션을 얻지 못합니다 나는 WDS에 대한 몇 가지 장단점을 읽었고 여분의 공항 익스프레스 듀얼 밴드 N 가 여분의 이더넷 포트가 될 수 있습니다 너희들은 WDS를 추천합니까 나는 그것이 모든 무선 사용자의 속도를 절반으로 반으로 읽었 음을 읽었습니다 이것이 사실입니까 우리는 현재 최대 16MBS 최대를 얻습니다 당신의 생각을 궁금해합니다
keyword_reviews01.xlsx,해당 키워드가 포함된 리뷰가 없습니다.
keyword_reviews01.xlsx,"2025 Ninkear A15 Pro에는 TDP가 15W 인 AMD Ryzen 5 7430U가 있습니다. 이 CPU는 균형 잡힌 성능과 에너지 효율을 제공합니다. 16GB DDR4 3200MHz (하나의 모듈) 및 PCIE 3.0을 통해 연결된 1TB NVME SSD와 함께. 일상적인 작업, 멀티 태스킹, 까다로운 사무실 응용 프로그램 및 기본 이미지 또는 비디오 편집을 원활하게 수행 할 수 있습니다. 통합 AMD Radeon을 사용하면 적당한 설정에서 덜 까다로운 게임을 할 수 있습니다. Fortnite는 가장 낮은 설정에서 약 60fps로 전체 HD로 실행됩니다."
keyword_reviews01.xlsx,2023 년 12 월부터 4070 GTX와 32GB RAM이있는 Lenovo Legion Pro 7이 있습니다. 몇 달 전에 일부 액체가 노트북에 쏟아졌습니다. 또한 팬들 근처의 주택을 깨뜨리는 낙상을 유지했습니다. 결과는 키보드가 작동하지 않으며 (창이 끝없이 팝업되게 함) 충전기를 올바르게 연결하기 위해 케이싱을 엉망으로 만들어야합니다. 그래서 나는 Bluetooth 키보드를 사용하고 그것을 연결하는 문제를 수용하는 데 몇 초만에 주택을 고정하는 데 몇 초가 걸립니다. 그래픽 카드 나 프로세서가 성능이 떨어 졌는지 알 수 없습니다. 나는 최근 BB에서 5080 Acer Helios Neo 16을 $ 1900에 집어 들었다. 내가 보관하거나 반환 해야하는지 확인할 때까지 상자에 앉아 있지 않았습니다. 나는 또한 LG Ultrawide 45GX950A를 얻었습니다. Helios의 성능과 능력이 증가한 것은 $ 1900의 가치가 있습니까? 나는 현재 내 와이드 스크린에 군단 USB-C를 가지고 있으며 다중 작업을 제외하고는 약간 느린 것처럼 보입니다. Raid Shadow Legends와 몇 가지 탐색 창이 위로 올라가면 Windows가 전환됩니다. Acer의 귀환에 대한 생각 또는 유지?
keyword_reviews01.xlsx,"안녕하세요 여러분! 그래서 저는 1440p에서 AA, AAA 게임용 AA, AAA 게임에 대한 괜찮은 게임 노트북을 얻고자합니다 (DLSS 프레임은 지연된 입력이 아닌 한 신경 쓰지 마세요. 또한 집에 있다면 1440p 모니터에서 재생) 작업 (가벼운 파이썬 코딩, 원격 데스크탑, 스크립트 작성 및 코드 개발을 예상합니다. 예전에는 MacBook Pro M2 Pro와 RX 7900 XT가있는 데스크탑 PC가있었습니다. 그러나 나는 많이 여행 할 것이며 대신 게임 노트북을 구입하여 내 요구를 모두 충족시키기를 원했습니다. G14 5070 ti가 좋은 선택입니까? 가끔 퀘스트 3에서 VR 게임을하고 가상 데스크탑을 사용합니다. 나는 끝날에 열 스로틀을 큰 문제로 들었습니다. 2025 년에도 여전히 문제가 될까요? 다른 의견이나 제안에 감사드립니다. 정말 감사합니다!"
keyword_reviews01.xlsx,"*다음 HWINFO, CPU-Z, 작업 관리자 및 Ryzenadj 테스트 (결과를 공유 할 결과)는 모두 Windows 10 Pro 버전 1903, OS 빌드 18362.30*에서 수행되었습니다."
keyword_reviews01.xlsx,"그러나 나는 배터리 수명에 대해 조금 확신하지 못합니다. 그것은 저에게 큰 문제입니다. 적어도 10 시간 동안 플러그를 뽑은 노트북을 사용할 수 있기를 원합니다. 그것은 내가 MacBook Pro M1과 지속적으로 얻은 것입니다. Apple 애호가들이 Apple Silicon MacBook과 함께 얻는 것으로 20 시간 이상의 배터리 수명을 보지 못했습니다. 여러 브라우저 탭을 피하고 PowerPoint 및 Excel을 건너 뛰거나 음악 제작 소프트웨어를 사용하지 않는 경우에만 가능하며 기본적으로 실제 작업을 수행하지 않습니다. 그럼에도 불구하고, 그것은 10 시간 동안 갈 수있게 해주었습니다. 예, 실제로 일을 끝내면서 10 시간의 배터리 수명에 만족합니다."
keyword_reviews01.xlsx,"나는 약 7 년 동안 같은 MacBook Pro (2017)를 가졌습니다. 그것은 나에게 잘 봉사했지만 배터리가 마침내 포기하고 새로운 노트북을위한 시간입니다. 나는 현재의 벽돌이 많은 MacBook Pro보다 가볍고 약간 작은 것을 찾고 있기 때문에 새로운 2025 MacBook Air를 정말로 원했습니다. 다른 모든 장치는 Apple이기 때문에 랩톱에서 문자를 보내고 모든 장치를 매끄럽게 유지할 수 있습니다. 그러나 저는 대학원에 있기 때문에 Google Docs, Sheets, Drive 등에 Google Chrome을 지속적으로 사용합니다. 이것이 Mac의 배터리 수명이 크게 줄어든다고 생각합니다. 그래픽 디자인이나 게임에 노트북을 사용하지는 않지만, 여러 문서, 슬라이드 쇼 및 여러 탭/창이 주어진 시간에 열린 기사 사이에 멀티 태스킹을 자주합니다. 나는 Windows 노트북이 이와 같은 작업에 훨씬 더 나은 것이라고 말하는 것을 들었습니다. 그래서 어떻게해야합니까? 내가 알고 사랑하는 Mac OS를 유지하거나 잠재적으로 더 나은 성능을 위해 Windows로 전환해야합니까?"
keyword_reviews01.xlsx,그렇기 때문에 Thunderbolt Port 용 도킹 스테이션 구축을 고려하고있어 집에서 데스크탑 그래픽 카드를 연결할 수 있습니다 (Spare RTX 2070 Super). 이런 식으로 이동 중에 일상적인 작업에 노트북을 사용할 수 있으며 책상에있을 때 게임 및 기타 까다로운 작업을위한 GPU를 활용할 수 있습니다.
keyword_reviews01.xlsx,아이디어는 다음과 같습니다. 새 히트 파이프를 추가하고 기존 히트 싱크에 연결하여 현재 히트 싱크를 지원합니다. 다른 사람들은 이미 상당히 긍정적 인 결과 로이 작업을 수행했습니다.
keyword_reviews01.xlsx,"그래서 나는 Acer Aspire 7 RTX 3050 및 i5 12 세대를 구매하려고 생각하고 있습니다 (구체적으로는 이것 -https : // Home-4-Graphics-Gegeforce-3050-144-hz -A715-76G-548J-GAMING-LAPTOP/P/ITM20708CE5793F7? %2fb5g & srno = s \ _1 \ _5 & otracker = as \ _querystore \ _organicautosuggest \ _1 \ _7 \ _n a \ _na \ _na & otracker1 = as \ _querystore \ _organicautosuggest \ _1 \ _7 \ _na \ _na \ _na & FM = 유기농 및 IID = 5AA371DD-CDC8-497D-A243-25C2CDAB2BC7.comgp8qvtk3eqdxe.sea RCH & PPT = PP & PPN = PP & SSID = OOK0VHQUEO000000175147873309 & QH = 8B5D26A924EE876E) 그리고 나는 약간의 리뷰를 보았지만 그들은이 랩톱에 대해 많은 것을 말하지 않고, 그들은 리뷰와 게임 벤치 마크를 말하고 다른 비디오에서 랩톱이 다르게 수행되므로, 누군가가 Pro와 Cons에게 자세히 설명 할 수 있다면, 나의 주요 작업은 게임+3D 애니메이션 (매우 무겁지 않음) 및 연구 목적입니다."
keyword_reviews01.xlsx,"이제 방금 깨달은 문제는 다음과 같습니다. 왜 절반의 가격으로 훌륭한 데스크탑을 구축하고 Parsec, SSH 또는 유사한 도구를 통해 어디서나 액세스 할 수있을 때 랩탑에 2,500 유로를 소비해야합니까? 여행을 할 때도 모바일 데이터는 요즘에도 적절한 대기 시간 으로이 작업을 수행 할 수있을 정도로 빠릅니다. 이 설정의 가장 큰 장점 중 하나는 로컬 장치가 가열되지 않는다는 것입니다. 예를 들어 라이브러리가 더 편안합니다. 또한 데스크탑 구성 요소는 달러당 더 많은 전력을 제공하며 노트북보다 스로틀을 스로틀 할 가능성이 적습니다."
keyword_reviews01.xlsx,이봐! 나는 2 년 전에 Legion Pro 5 16ARX8 (82WM0006US)을 구입했습니다. 훌륭했지만 최근에는 마모/문제가 축적되기 시작했으며 1) 수리 할 수없는 모든 것을 고정시키고 살아야 할 정도로 새로운 일이라는 것이 궁금합니다.
keyword_reviews01.xlsx,"이제 방금 깨달은 문제는 다음과 같습니다. 왜 절반의 가격으로 훌륭한 데스크탑을 구축하고 Parsec, SSH 또는 유사한 도구를 통해 어디서나 액세스 할 수있을 때 랩탑에 2,500 유로를 소비해야합니까? 여행을 할 때도 모바일 데이터는 요즘에도 적절한 대기 시간 으로이 작업을 수행 할 수있을 정도로 빠릅니다. 이 설정의 가장 큰 장점 중 하나는 로컬 장치가 가열되지 않는다는 것입니다. 예를 들어 라이브러리가 더 편안합니다. 또한 데스크탑 구성 요소는 달러당 더 많은 전력을 제공하며 노트북보다 스로틀을 스로틀 할 가능성이 적습니다."
keyword_reviews01.xlsx,"** 노트 ** : XPS 15에 대해 꽤 좋아하지만 내년 또는 2 년 동안 균열 개발 요구를 충족시키기에 충분히 강력합니까? 여러면 에서이 기계는 세 가지의 가장 현대적인 기술을 구현합니다. 가벼운 무게와 사물 형태 인자는 매우 매력적입니다. 나는 Apple Store 외부에서 Retina 클래스 디스플레이를 사용한 적이 없으므로 Unity Work를 위해 절대적으로 좋아하는지 모르겠습니다. 터치도 마찬가지입니다. 나는 아직 노트북 화면을 너무 많이 터치하고 싶다는 것을 아직 깨닫지 못했고 가까운 시일 내에 확실하지 않습니다. CPU/GPU 콤보의 힘이 진행되는 한, 다가오는 기간 동안 현대 하드웨어의 기능을 극대화 할 리프트 경험을 만들 수있을 정도로 빠릅니까? 여러분 중 일부는 Dell이 M3800 Precision Mobile Workstation을 판매한다고 지적 할 수도 있지만, 단일 차이점은 DirectX 게임 성능 측면에서 크게 느리게 진행되며 Cinema 4D와 같은 Unity 파이프 라인의 다른 부분에서는 모호한 이점 만 가지고 있다는 것입니다."
keyword_reviews01.xlsx,오늘 게임에 뛰어 들었고 노트북은 괜찮 았습니다 그런 다음 한 시간 정도 후에 화면이 흐려지기 시작했고 선이 나타났습니다 라인 주변의 커서를 좋아할 때마다 더 명백해지면 무작위로 악화되는 것 같습니다 왜 이것이 일어나고 있는지 내 지식으로는 육체 가이 문제를 일으켰거나 실제로 일으킬 수 없었던 것도 확실하지 않습니다 그러나 다시는 모르겠습니다 누구든지 이것이 무엇인지 아이디어가 있습니까
keyword_reviews01.xlsx,이봐 나는 2 년 전에 Legion Pro 5 16ARX8 82WM0006US 을 구입했습니다 훌륭했지만 최근에는 약간의 마모 문제가 축적되기 시작했으며 1 수리 할 수없는 모든 것을 고정시키고 살아야 할 정도로 새로운 일이라는 것이 궁금합니다
keyword_reviews01.xlsx,노트북에서 영화를보고있는 동안 오늘 노트북이 꺼졌습니다 다시 Faid를 켜려고 노력 했으므로 7 를 켜고 다시 켜고 다시 같은 문제를 알았습니다 처음에 나는 과잉 충전으로 인해 플러그인과 플레이를 두려워하여 GPTS 가구를 다시 찾았고 도움으로 좋은 CPU 사용을 요구하는 게임이나 대체를 이해하는 것을 이해했습니다 GPTS는 좌석을 약간 조정하는 데 도움이됩니다 플러그를 꽂는 동안 노트북을 가장 높은 성능에 넣고 배터리의 최대 전력 절약 노트북이 땀이 땀을 흘리면 무서워했습니다 다시 한 번 같은 문제가 발생했지만 다시 GPT에 가야했지만 Alwasy는 내가 한 배터리 헬스를 다시 교환하고 확인하고 Tottal 용량이 41 040 MWh이며 31 692 MWh로 내려 갔다고 말했습니다 그것은 저의 성능 설정과 형제를 조정하라고 말했습니다 나는 게임이 문제인지 물었습니다 단지 많은 wittsf를 말하는 것입니다 나는 그것을 이해하고 믿지 못하고 그것을 믿지 못하고 그것을 믿었습니다 45W 이하의 충전기와 Balah Balah 내 노트북이 완전 충전 상태에있을 때 게임을하지 않습니다 배터리가 Alwasy가 아닌 20 Ro 40 정도가 될 때 과충전해야하지만 과충전으로 플레이합니다
keyword_reviews01.xlsx,우리는 미국에 있으며 1 2k 정도의 비용을 지불 할 것으로 기대하고있었습니다 나는 1k에 대한 우리의 요구에 맞지 않는 것들을 보는 것 같은 느낌이 들었고 그것은 3K 범위로 점프하고 있으며 그 근처에있는 곳을 원하지 않습니다 나는 열정으로 애플을 싫어하기 때문에 전혀 옵션이 아닙니다 나는 어떤 사람들이 격렬하게 찬양하는 것에 계속 설정하고 있으며 나는 처음부터 나를 시작하는 파괴적인 단점을 본다
keyword_reviews01.xlsx,이제 방금 깨달은 문제는 다음과 같습니다 왜 절반의 가격으로 훌륭한 데스크탑을 구축하고 Parsec SSH 또는 이와 유사한 도구를 통해 어디서나 액세스 할 수있을 때 랩톱에 2 500 유로를 소비 해야하는 이유는 무엇입니까 여행을 할 때도 모바일 데이터는 요즘에도 적절한 대기 시간 으로이 작업을 수행 할 수있을 정도로 빠릅니다 이 설정의 가장 큰 장점 중 하나는 로컬 장치가 가열되지 않는다는 것입니다 예를 들어 라이브러리가 더 편안합니다 데스크탑 구성 요소는 달러당 더 많은 전력을 제공하며 노트북보다 스로틀을 스로틀 할 가능성이 적습니다
keyword_reviews01.xlsx,키보드에 거의 즉시 적응하는 데 아무런 문제가 없었으며 기계를 중심으로하는 것이 어쨌든 선호하는 것입니다 터치 패드는 매우 반응이 좋았습니다 제 생각에는 용납 할 수 없을 정도로 반응이없는 터치 패드가있는 14 인치 비비 보룩이 있기 때문에 우려되는 영역이었습니다 Dolby Access 소프트웨어를 조정 한 후 스피커는 매우 즐겁습니다 랩톱에서 가장 좋은 점은 쉽게 랩톱에서 절대적으로 최고가 아니라는 것이 쉽게 쉽게 이 스피커가 매우 슬림 한 공간으로 갇히기 때문에 저음이있는 창문을 덜어 줄 수는 없지만 실제로 100 130Hz 정도 펌핑하여 대부분의 콘텐츠를 즐겁게들을 수있는 충분한 중간 상단베이스를 제공합니다 Dolby 소프트웨어의 주파수 슬라이더에주의하십시오 저음을 꺼내도록 조정 한 경우 스피커 클리핑 왜곡을 더 높은 볼륨으로 얻을 수 있습니다 개인적으로 50 이상 볼륨을 넘어갈 필요가 없으므로 문제가되지 않지만이 작은 스피커가 할 수있는 일에는 제한이 있습니다
keyword_reviews01.xlsx,4 년 동안 크게 사용되는 동안 Mike는 작년 정도에 다시 문제를 제기했습니다
keyword_reviews01.xlsx,LG gram 노트북14인치 내돈내산 후기평소에 전자 기기에 욕심이 없고 왠만하건 핸드폰으로 해서 불편함을 잘 모르는 나 얼마 전 블로거를 시작하면서 주위에서 응원을 받으며생일 선물로 노트북을 선물 받았다 사실 나는 사진 보정도 안하고 핸드폰으로 쓰는게 편해서 필요 없다고 생각했는데 일주일 정도 사용한 결과 나의 분신처럼 어디든 들고다녀 사길 잘 했다는 생각이 든다 노트북을 구매하기 전 LG전자 베스트샵 강남본점과 삼성스토어 청담에 가서 비교를 해보고인터넷으로 구매했다내가 LG gram 노트북을 구매한 이유1 초경량 노트북노트북을 들고 다닐 때 중요한게 무게라고 생각한다 나는 노트북 들고 카페도 가고싶고 이동할 때 가벼운지가 가장 큰 관건이었는데 LG그램 14인치의 무게는 1 120g으로 매우 가볍기에휴대하고 이동하기가 좋다 원래 15인치를 구매하려고 했는데 15인치는 가로가 긴 직사각형으로 화면 비율이 아쉽 14인치로 구매했는데 만족 2 맥북 못지 않은 심미성사무실에서는 아이맥을 사용하고 있지만 내가 애플을 선호하는건 심플한 디자인이 맘에 들어서인데 lg gram 노트북의 심플하고 깔끔한 디자인이맥북 못지 않다고 생각이 든다 3 배터리의 지속성노트북을 사용할 때 충전 후 배터리가 오래가냐가정말 중요한 부분인데 gram 노트북은 최대 16시간의배터리 수명을 제공하여 이동중에도 하루 종일 전력을 공급해 여행이나 회의 또는 카페에서 작업하는데이상적이다 실제로 사용해보니 노트북을 오랜시간 시켰는데도배터리가 거의 달지 않아 만족감을 느끼고 있다 초경량으로 휴대성 좋고뛰어난 내구성장시간 배터리 수명고성능을 갖춘LG gram 노트북 아직까진 대만족 내돈내산 후기였습니다 lg전자 lggram gram노트북 노트북추천 그램2024 lg그램14인치 lg전자노트북 가성비노트북 내돈내산후기 제품리뷰
keyword_reviews01.xlsx,최근 큰 지름을 했습니다요즘 미칠듯이 할일이 많은데글말 쓰면 되는 것이 아니라 더불어서 ppt도 만들어야해요제작년에 산 맥북에어 2020 M1 13인치 를 사랑하지만솔직히 맥북에서 마이크로소프트오피스 그중에서도 파워포인트 만드는 것은 징짜 힘들어요말 드럽게 안듣고 미팀그래서 무려 2015년에 산 삼성 놋북 i7 16GB 할배를 혹사시키고 있었는데 무려 8년차네요 아직도 나름 잘 돌아가기는 해요 A S 한번 받은 적 없음 이 제품을 계기로 삼성 좀 신뢰하게됨 너무너무너무 무겁고 밖에서 작업할라치면 넘 힘들어서큰 맘 먹고 윈도우용 새 놋북을 질렀습니다 노트북 LGgram lg그램 엘지그램놋북 살때 무조건 i7 16GB 이상을 생각했는데요넘 비싸더라고요 엄청 무거운 이미지 작업을 많이 합니다16GB도 솔직히 버벅댈때가 많아요 저가 브랜드를 사볼까 했는데후기마다 슬픈 이야기들이 가득해서결국 엘지나 삼성으로 사려고 리서치 중 미국 병행수입 제품들이 눈에 들어오더라고요병행수입 제품은 미국 유통 제품인데 우리나라로 역수입한 제품이에요그래서 일부는 전원이 110V인 것도 있고키보드도 한글 각인이 없고 윈도우도 영문으로 깔려있죠특징은 한국 유통제품과 거의동일하나 엄청 저렴하다는 점사실 각인이나 윈도우 영문은 상관 없는데오히려 좀 찜찜했던 부분은 업체에서 배송 전에무조건 박스를 열어서 본인들은 서비스라고 적고있는데 윈도우를 한글버전으로 깔아준다는 점입니다그냥 새 제품 보내고 개인이 해도 되는 작업인데 선택권이 없어요고민하다가 그냥 중고를 산다고 생각하고 주문했습니다 17Z90Q제 주문 페이지 구매한 곳 링크 https link coupang com PH7xO 2022년 최신 12세대 LG 그램 17Z90Q 17인치 12세대 i7 DDR5 16GB 해상도 WQXGA 2560 1600 윈11 노트북 사은품증정COUPANGlink coupang com 이 포스팅은 쿠팡 파트너스 활동의 일환으로 이에 따른 일정액의 수수료를 제공받습니다 이 제품을 네이버에서 검색하면무조건 200만원대에요사실 병행수입 심지어 업체에서 미리개봉한 제품이 찜찜한데즤 동네 당근에서 중고 검색을 하는데 거의 200만원대라 그냥 질렀어요심지어 산 모델은 메모리 램 32GB 하드 1T 였거든요 윈도우11 포함 전원은 220v 로 옵니다 2022년제조원래는 15인치를 구매하고 싶었는데좀 어이없는게 15인치는 요즘 나온것도 대부분 해상도 가 FHD 1920x1080 인 거에요이건 또 참을수가 없죠그래서 할수없이 17인치에 해상도 WQXGA 2560x1600 인 모델을 선택했습니다 터치스크린 아님 결과적으로 받아보니증맬로 약간 한번 개봉한 새것같은중고 의 느낌적 느낌이 나기는 해요필름도 좀 구겨져 있고 그래도 새거같고요그르나 그냥 느낌이 좀 그래서오자마자 포맷 한번 다시 했습니다윈도우11 싫어서 10으로 다운그레이드 하고 싶었는데 이게 또 귀찮아서 그냥 11로 포맷했어요좋은 것은 얼굴인식 으로 보안 걸 수 있는점 아죠 편하죠 놋북 큰 것은 장점이자 단점아주 가볍습니다 1350g 약간 장난감 같은 느낌오피스 설치 에러 몇번 나서 화가 났었지만 결국 잘 설치했어요이제 작업만 열심히 하면 되네요하세상에서 돈쓰는것만 젤 쉽죠만약 위에 언급한 부분을 감수하실만하다면병행수입제품도 함 생각해보세요
keyword_reviews01.xlsx,일기를 쓰게 되니 이런 소소한 일상도 블로그에 남겨볼 수 있고 좋은 것 같다 남들이 다 하는 내돈내산 이라는 말 나도 한번쯤 해보고 싶었음 몇 년동안 오랜기간을 영어포스팅만 해서 이런 가벼운 글을 쓰고 싶다는 욕망 이 조금은 꿈틀대고 있었던 것 같기도 하고 오랜만에 내 자신을 위해 거금을 쓴 날 2015년부터 함께 했던 노트북이 상태가 조금 안좋아져서 사실 쓰려면 계속 쓸 수 도 있었을테지만 무슨 바람이 불었는지 그냥 질러버렸다 올디가 올디에게 주는 선물 쌩쌩 잘 돌아가는 신상노트북 정도는 쓸 자격이 있다 열심히 일한 자 누려라 훗 기존에 쓰던 노트북도 lg껀데 나름 만족도 높게 고장없이 오래오래 잘 썼다는 생각이 들어서 이번에도 그냥 lg노트북으로 샀다 사실 갖고있는 아이폰 아이패드와 동기화해서 편하게 쓰고 싶어서 맥북을 살까 고민이 많았지만 이번에 LG그램 2022 신상이 괜찮게 잘 나왔다길래 그냥 엘지로 고고 노트북 개봉 박스에 이런게 있길래 노트북 보다말고 여기 꽂혀서 조립부터 함 오호 연필꽂이 겸 달력이 되는 신박한 아이템이다 달력 숫자가 적혀있는 종이판을 좌우 이동만으로 매월 다르게 사용할 수 있다 나름 신기함 gram이라고 깔끔하게 적혀있는 로고 비싸게 주고 사서 그런지 더욱 영롱해보인다 바로 꽂아서 충전을 하고 세팅을 하고 사용해보니 역시나 빠릿빠릿 요즘 대부분의 노트북이 os미포함 제품이라 그냥 그걸로 사려다가 돈 좀 더 주더라도 윈도우정품이 탑재된걸로 샀더니 따로 설치할 필요도 없이 바로 쓸 수 있어서 편했다 역시 돈은 시간과 체력을 아껴주는구만 대신 시간과 체력을 써서 또 돈 벌면 되는 것 인생이 그런거지뭐 웃프군 윈도우11이 살짝 어색했지만 계속 쓰다보니 깔끔하니 편하다 15인치 16인치 17인치 중에 고민을 하다가 후기들을 참고해본바 가장 인기좋은게 16인치라고 해서 lg그램 16인치로 선택했는데 자주 들고 다니는 노트북이라면 16인치 괜찮은 것 같고 나처럼 주로 집에서만 쓴다면 17인치도 괜찮을 것 같다 기존에 쓰던 것 보다 커서 화면 커서 좋구만 이라고 생각했는데 조금 더 커도 괜찮을 것같은 느낌이라 17인치를 살껄 그랬나 하는 생각이 들기도 함 본인의 생활이나 사용패턴에 따라서 고르면 될 듯 하다 크기에 비해 무게가 상당히 가볍다는 것도 lg그램의 큰 장점이기도 하니 아무튼 이백 가까이 주고 산 큰 맘 먹고 지른 고사양 노트북이니 아무쪼록 오래오래 고장없이 함께 하자 올디일기 올디의소비일기 내돈내산 lg그램 lg그램2022 lg그램16인치 신상노트북 16인치노트북 주간일기 블챌
keyword_reviews01.xlsx,원래 사용하던 노트북이 너무 느려서 답답해질 무렵 아마 6년 넘게 사용한 듯 접한 사전예약 소식 디자인만 봐서는 맥북이지만 어차피 영상도 많이 안 보고 디자인 이런 작업을 하는 사람도 아니다 보니 일단 이 정도 목표 를 가지고 살펴봤습니다 혹시나 고장 났을 때 수리를 쉽게 받을 수 있는 서비스 편의성 무겁게 들고 다니는 것은 정말 딱 질색이기에 가벼운 노트북 적당한 선의 가격 200만 원 아래 또 삼세페다 뭐다 이벤트가 많더라고요 또 비교하다 보니까 이것도 또 중요하겠더라고요 키보드 키감 USB포트 최소 2개저의 지난 6년을 함께한 노트북도 LG 그램이었는데요 사실 블루투스 스피커 연결해서 사용해야 할 정도로 사운드 소리도 매우 작아서 잘 안 들림 가 정말 별로라고 생각하고 있었는데 검색하며 여러 글들을 읽어보니까 전문가분들 사이에서는 이미 유명했나 보더라고요 그런데 이번에는 음향도 뭐 개선됐다 하는 것 같고 사운드보다 무게와 키보드 자판을 누르는 느낌이 더 중요할 것 같아서 LG 그램 프로로 선택했어요 마침 이벤트로 LG전자 사이트에서 구입하면 Microsoft office 정품도 제공한다기에 혹해서 1월 15일 LG전자 라이브 방송도 챙겨봤을 정도로 사전 예약 혜택을 누리려고 열심이었는데요 다시 보니까 선택한 이 LCD모델 OLED모델 말고 기술 관련 지식이 없어 인터넷 글들을 읽으며 자세히 공부한 결과 LCD모델이 눈의 피로감이 덜하다는 것을 알게 되었어요 은 해당사항이 없기에 그냥 가격이 조금 더 저렴한 쿠팡에서 주문했습니다 삼성카드 카드 할인 때려 박고최종 결제가 약 1 624 000원 수준 256GB 저장용량 기준 저장할 것 많이 없어서 512GB대신 선택 그 밖의 사양은 WIN11 HOME LCD디스플레이 Anti Glare 인텔 코어 Ultra 5 프로세서 메모리 16GB 화면 16인치 1 199g 등그리고 1월 17일 로켓와우 배송으로 아침 7시가 되기 전에 받은 2024년 1월 따끈따끈한 신제품 노트북 박스가 엄청 크길래 놀랐는데 구성품은 간단했어요 노트북 충전기 사용설명서 끝 근데 옛날 노트북 사용하다가 요즘 제품으로 구입하니까충전 케이블도 동그란 구멍이 아니어서 신기했어요 14인치 사용하다가 16인치로 넘어오니까아주 큼직큼직하고요 자판도 기존 자판보다크기는 약간 작아진 느낌이지만 숫자 자판이 따로 빠져있어서 편하더라고요 사은품은 LG전자 사이트에서 별도로 신청한 후 1주일 후에 순차적으로 배송된다는데 사실 다른 것들은 상관없지만 무거운 마우스만 있어서 마우스가 빨리 왔으면 좋겠다는 소망이 원래 사용하던 노트북 14Z970 TA5IK 2017년 12월 제조 에 비하면 화면이 2인치 커져서 보기 편하기는 무게는 무거워지기는 했어요 그래도 1 199g으로 다른 노트북에 비하면 여전히 가벼운 편이기는 해요 예전 노트북은 터치스크린이어서 마우스가 없어도 됐는데 이제는 마우스 필수 터치패드 불편해하는 1인 그렇다고 터치로 가자니 가격이 확 높아져서 이 정도로 만족하고 사용하렵니다 백수 되고 아끼며 살려고 했는데 어째 큰돈 쓸 일이 자꾸 생김 쳇 받자마자 하루 동안 자꾸 팬 돌아가는 소리가 요란하게 나는 것이 조금 거슬리기는 했지만 또 오늘은 괜찮은 것 같은 새로운 노트북 개봉 비전문가 라기 보다 기계를 잘 모르는 30대 가 이틀 사용한 간단 내돈내산 후기였습니다
keyword_reviews01.xlsx,2024 03 Copyright 2024 emanaya rights reserved 너무 뒤늦은 언박싱사실 내 그램이 아니라 그런지늦어진 언박싱 리뷰남편에게 선물한 2024 LG 그램 저렴한 녀석과 고민하길래그냥 사는 김에 좋은 거로 사라고 해서 결정 난 잘 모르니까 그냥 남편이 고른 거 중 비싼 거 고름 네이버 스토어에서 구매 품번은 7ZD90SP EX79K 뭐 이것저것 많이 주고 설 연휴라 256GB 추가 설치 무료LG 그램 프로 스펙은17 인치울트라 7 32GB512GB 256GB 추가 RTX3050윈도우 미설치그래서 조금 더 저렴해짐네 단순 변심은 안돼요 아무래도 불량이 잘 걸리는 나라서괜히 긴장됨 그가 샀으니 괜찮겠지 이름도 지은 그뽀그램소중하게 언박싱중인데하얀 게 가볍고 예쁘긴 하잖아 맥 쓰다가 윈도우 오랜만에 만지니까 너무 어색하고 어려운데 맥북 13인치보다 가벼운 그램 같으니가볍고 하얀 녀석을 세팅하고 열심히 다음을 준비하는 그 덕분에 난 자극만 받는 중 그와 함께 잘 지내고 있는 그램과 키크론데스크테리어 집착하는 나는몇 주 동안 몇 번 바꾸는지 모르겠는데 곧 아볼트 오면 또 뒤집을 예정 헤헿남편 그램으로 행복한 시간 보내길 바랄게 그램 어떤 거 살지 고민하는 분들은그냥 원하는 사이즈에서 좋은 스펙으로 가세요 사실 2024 그램은 그래픽카드가 삼성보다 아쉽다는데 삼성 가서 들어봤더니 너무 무거워 그러므로 그램 승리구매처는 혜택가239만 17ZD90SP EX79K 17형 Ultra7 32GB 512GB RTX3050 LG 그램 프로 LG전자인증점 이좋은세상 LG전자인증점 이좋은세상 LG전자 온라인 인증점 이좋은세상m smartstore naver com
keyword_reviews01.xlsx,1 디자인본인은 맥북에어 2021년도 인텔 기반의 13인치 맥북에어를 사용하고 있는 유저이다 맥북을 쓰면서 한글과 공인인증서 관련 업무를 처리할 때 불편함을 느끼다가 결국 그램을 사게 되었다 일단 디자인이다 다들 LG 그램 디자인을 극찬 하지만실제로 맥북을 쓰고 있는 입장에선 차이가 많이 난다 처음 그램 노트북을 받았을땐 디자인이 장난감 같았다 반품 하고 싶었다 물론 개인취향과 생각일뿐이다 2 무게무게는 정말 가볍다 이건 내가 삼성 노트북을 안 들어 봐서 인지 모르겠는데 가볍다 맥북도 그램에 비해선 무거운건지 비슷한지 모르겠으나 확실히 가볍다 그런데 웨이트리프팅을 10년 이상 한 나로서는 그램이 가벼운 이유는 크기가 크기 때문에 내가 잡는 면적 만큼 무게가 실리는 중량도 더 작아서 그러는 경향이 있는것 같기도 하다 맥북과 그램의 차이는 플라스틱과 알루미늄의 차이로 설명하는게 가장 정확 할 듯 하다 맥북은 차갑다 겨울엔 정말 차갑다 근데 그램은 그렇게 차갑지는 않다 3 14 15 16 17인치 고민필자는 고민을 많이 했고 아마 다른 사람들도 만찬가지일 수 도 있다 현재 사용중인 맥북은 정말 화면이 작다 처음엔 그렇게 작아 보이지 않았으나 사용할 땐 나는 모니터암에 노트북용 거치대를 장착해서 사용을 했기 때문에 화면의 크기가 좀 확 와 닿았다 이걸 쓰는 이유는 목 때문이었다 조그만 각도가 아래로 향하게 되면 목이 아프기 때문에 무조건 사용하게 되었다 화면이 눈의 정면으로 오기 때문에 사이즈가 크면 클 수록 좋은거 같고 시선이 정면일 때와 밑으로 볼 때 화면의 체감이 다르다는걸 모니터암을 쓰게 되면서 알게 되었다 추가로 무선 키보드를 사용했기에 맥북의 키감이 그렇게 좋은지는 몰랐는데 LG 그램을 사면서 키감이 확실히 차이나는걸 알게 되었다 개인적으론 맥북의 압승이다 성향의 차이 일 수 있는데 맥북은 조용 조용한 반면 그램은 기계식 키보드 처럼 탁탁탁 하는 소리가 느껴 지게 된다 해결방법으론 실리콘 커버를 씌워라 하는데 10년전에 그램을 쓸 때 컴퓨터의 열로 실리콘 커버가 늘어나는것을 보았기 때문에 노트북 발열에 영향을 줄것 같아 사용하지는 않는다 본론으로 들어가서 내가 볼땐 14인치는 정말 휴대용이다 14인치를 선택 안 하시는 분중에 키보드에 숫자 키보드가 없어서 안 하시는 분이 있을 수 있는데개인적인 생각은 굳이 있어야 되는가 라는 생각이 든다 차라리 그 숫자 키보드를 넣을 공간빼고 나머지 키보드를 더 넓게 사용하는게 더 좋은 선택지 일 거란 생각이든다 숫자 키보드가 정말 중요한 분들은 그냥 따로 블루투스 연결 되는걸로 사는게 더 좋을듯 하다 15인치 까지는 가방에 쑥 들어가는것 같은데 16인치 부턴 조금 불안 하기는 하다 15인치와 16인치 차이가 세로 길이 차이인데오히려 16인치의 그래픽 사향 업그레이드를 포기하고도 15인치로 가는게 디자인적인 면에서도 어울리지 않았을까 싶다 숫자 키패드는 개인적인 생각으로는 17인 부터 넣어 주는게 맞는듯 하다 숫자 키패드는 나머지 17인치 이하는 과감하게 생략하고 그 여백에 스피커를 단다던지 오히려 넓게 쓰는게 노트북을 무릎 위에서 쓸 때나 책상에서 쓸때 시선도 정면으로 가기 때문에 좋은듯 하다 4 발열 및 소음발열은 적당하다 그런데 문제는 소음이다 다들 유튜버나 블로그에 보면 조용하다 그러는데 이게 전원을 켜고 쓸 때랑 빼고 쓸 때가 다르다 아마 내 노트북이 불량이거나 뽑기실패라서 그런건지는 모르겟으나 전원을 연결하고 무거운 작업을 돌리면 펜이 돌아가기 시작한다 전원을 연결해서 그런건지는 모르겠으나 그 때부터는 소리가 좀 심하다 그러나 전원을 빼면 펜 소리는 왠만한 무거운 작업이 아닌 이상 심하게 나지는 않는다 도서관에서 충분히 쓰고도 남을 소음이고 소음이 나긴난다 없지는 않다 예를들면 내가 갖고있는 루메나 선풍기 탁상형의 1단형 정도 보다 작거나 비슷한 정도의 소리가 나긴 난다 5 배터리아주 칭찬할 수준이다 오래 간다 그러나 그만큼 사이즈가 크기 때문에 배터리가 아마도 반이상일듯 싶다 오래 가는 이유도 있을듯 하다 6 필요성맥북 생태계에 적응이 되어서 확실히 핸드폰도 따로 쓰고 노트북도 따로 써야되서 불편한 감이 좀 많이 있다 그러나 그럼에도 불구하고 윈도우 노트북은 정말 필수적으로 사야 될것 같다 공인인증서랑 한글의 편함은 정말 이루 말 할 수가 없다 왠만한 문서들은 다 한글파일이다 정말 좀 부지런하신분만 PDF파일을 첨부해서 올려주기 때문에 한글이 없으면 보지 못 하는 상황이 많이 있었다 아직까진 공인인증서와 한글이 편하기 때문에 윈도우 기반의 노트북은 필수적으로 하나 더 가지고 있어야 된다 맥북도 인텔 기반으로 산게 부트캠프를 하게 되면 가능 하다는 말이 있어서 사용해봤지만 정말 불편하고 불가능한게 많았다 맥북에 윈도우는 어울리지 않아 보였다 쿠팡에서 구입해서 그런건지 모르겠으나 14 15 16 17의 가격차이가 그렇게 크게 나지 않았기 때문에 정말 고민을 많이 하게 만들었었다 너무 많은 선택지 때문에 고민이 많게 만들기도 해서 오히려 우유부단한 사람들이 사기가 정말 어렵다 그냥 휴대용은 딱 하나 나머지 집에서 모니터 연결해서 쓸 사람들은 뭐 이렇게 딱 정해주면 좋을것 같다 아 매장에 가면 삼성 노트북과 엘지 노트북의 화면을 보고 처음에는 뭐야 삼성이 화질이 더 좋다 안티글래어가 별로네 했지만 써보니까 눈이 덜 아프다 빛 반사도 적고 확실히 디스플레이는 엘지가 좋은듯 하다 나도 확실히 뭐가 좋다 뭐를 해야 한다고 확정적인 말을 쓰지 않았고 다시 사게 된다면 15인치를 사야지 라는 확신이 없다 사실 아직도 잘 모르겠다 맥북은 사고 나서 아 그냥 업그레이드 해서 살걸 이런 후회가 확실히 남아서 다음에는 뭘로 사야지 몇 기가로 사야지 하고 그런게 생긴 반면 그램은 지금 이 정도면 나쁘지 않고 그래도 아 이건 싫어 근데 대안이 없네 이런 느낌이다 더 궁금하신점 있으면 댓글 주세요 lg그램16 lg노트북후기 그램16인치후기 내돈내산
keyword_reviews01.xlsx,내돈내산 LG 15인치 gram 15Z9ON EB36K 엘지 lg그램 엘지그램 15인치노트북 15인치노트북추천 그램추천주인장은 오래쓴 도시바 노트북이 있었는데 사용한지 오래되다보니 고장나더라고요 어제까지만 해도 잘 쓰던 노트북이 갑자기 안 켜져서 저와 이별하게 되었어요 그동안 정들었는데 노트북에는 사진 다 저장되어 있었기도 했죠맙소사 저에게 엄청난 대형사건이였어요그러다가 제 도시바는 고치지 못한다고해서 보내줘야했었죠 그립고 그동안 잘 쓴 도시바 안뇽 이제 노트북을 사야겠다 마음먹구 두 번째 노트북인 2019년에 맥북을 샀는데 예뻐서 프로로 용량큰 512GB 질렀지모예요 사는거 용량도 큰거사쟈 모자르면 쓰는 맛이 안나욬 맥시멀라이프 이때까지만해도 다시 디자인을 하겠다고 호언장담을 했는데 사용하다보니 호환이 안 되는 게 많고 사용하기 불편해서 도저히 감당이 안 되더라고요 사용하는 프로그램도 안깔리고 사용하기 너무 불편한 앱등이 초보 그렇게 예쁜 쓰레기가 되었습니다 사과 로고만 봐도 감성이 올라오는 줄 알았는데 예쁘기만 하구나 그래도 내가 인정하는 건 음질은 애플만한 게 없죠 사과농장이 제 버킷리스트에 들어갈 https shorturl fly35LG전자 2023 그램스타일 14 OLED 인텔EVO 플랫폼 탑재COUPANGshorturl at할 수 없이 두개로 나눠쓰자는 마음으로 윈도우 사용하기 위해 2021년 7월에 다시 장만하게된 세 번째 나의 또 다른 노트북인 LG 그램 으로 정착하였습니다 주변에서 그램이 가볍고 들고 다니기 좋다고 많이 들어왔고 일단 디자인도 깔끔하니 제 스타일이여서 그램도 써보자 해서 구매하였습니다 화면도 딱 알맞고 모든 게 완벽쓰 정말이지 구매하고 사용해보니 역시 엘지지 놀라움의 연속이였어요 역시 소문대로 그램이 많이 가볍군 오래 들고다녀도 손목이 아프지 않겠다는 생각을 했고 진짜 신세계랍니다 진작 그램으로 살걸 그랬나봐요 맥북은 감성이랔 좋기는 그만큼 장단점이 있고 저의 취향이 확고해집니다 애플 맥북은 아령높은 수준 체감 노트북 어떤 것으로 살까 고민하다가 가격도 비교하며 꼼꼼하게 최신으로 사쟈 해서 오늘의집에서 할인들어간 엘지 그램을 구매했다죠 무난하니 계속 사용하게 되는 그램 흰둥이라 아쥬 깔끔하고 마음에 들어요 오래오래 고장안나고 잘 부탁해이왕사는거 SSD도 1TB 용량 큰 게 마음이 편하즄 그럼gram 후기샷 15Z9ON EB36K내돈내산으로 직접 사용한 후기 입니다 정보가 도움이 되셨길 바라며 다음에도 좋은 리뷰로 찾아오겠습니다 이 포스팅은 쿠팡 파트너스 활동의 일환으로 이에 따른 일정액의 수수료를 제공받습니다
keyword_reviews01.xlsx,안녕하세요단풍이모입니다제가 원래 언니랑 같이언니 노트북을 사용했었는데언니랑 떨어져 지내게 되면서제 개인 노트북을 구매하게 되었어요 노트북 그램 이라는 생각이 좀 박혀있었어서바로 고민도 안하고 그램 종류에서만 봤어요그램의 장점 2가지큰 배터리 용량 가벼움가지고 다니면서 사용할 저에겐 아주 좋은 대학생 취준생 직장인 노트북 추천이나유튜브로도 찾아봤는데제일 좋더라구요 맥북은 단축키도 다르고이것저것 비싸게 또 사야한대서 바로 거름 내가 구매한 노트북노트북 명16Z90Q G AA5WK22년 최신 LG그램16노트북 16Z90Q 네이버블로그 naver com 이것저것 설명듣고분명 살땐 다 이해하고 생각해서 구매했는데신기하게 집에 오니까 다 까먹어서타 블로그에서 사진을 가져왔다 진짜 내 기억력은 도대체 사은품무선마우스 무선이어폰 TONE TFP3W 한컴오피스 노트북파우치 내가 노트북 사면서 느낀건전자기기는 직접 가서 사는게 좋다특히 나같이 컴알못이라면 더더욱 인터넷이나 홈쇼핑은 윈도우 빼고 주는 경우가 많다고 한다그래서 저렴한 거라고 직접 가서 상담받고 카드만든다음 할인 받는 방법도 있으니까부모님이나 어른 데리고 가는게 좋다왜인지 혼자가면 호구당할지도 모른다는 무서움이 있는 24살 언박싱 LETS GO까자마자 등장한 이것이게 머야 하고 옆으로 치워놨다가나중에 보니 무슨 달력 만드는 거였다포장지를 까주니 등장하는이 새로운 전자기기의 이 이익너무 좋다 약간 냉장고같음 맘에쏙 든다메뉴얼 있고메뉴얼뒤에 저 충전기 있다상자 맨 밑에는설명서랑 키보드위에 까는투명 저거가 접혀있다드디어 꺼내보았습니다냉장고 바이브예뿌다 드디어 내 노트북이 두근두근인터넷으로 겁나 뒤져보고 갔던터라이미 익숙한 이 아이 내 책상은 나름 치운 것이지만여전히 깰 꼼하진 않다 충전기요로코롬 생겼다이것도 냉장고같이 생김왜 찍은 건지 기억은 안나지만대충 이렇게 생겼다사은품 1 무선마우스화살표대로 잡아당기면마우스 뚜껑이 열린다건전지 위에 저 유심칩같이 생긴걸노트북에 꽂아주어야마우스 사용이 가능하다그리고 저 건전지는 비닐에 포장되어 있으니사용전 비닐을 뜯어야 한다나는 뜯겨있는줄 알고 한참 안되길래 어쩌지 하다가 발견했음 요로코롬짠 왜인지 예전에 구매해뒀던귀여운 춘식이가아주 잘 어울린다춘식이 전용 자일리톨 껌 같다노트북 상자 까자마자 있던이 친구를 하나씩 뜯어줬다생각보다 잘 안 뜯긴다완성 생각보다 괜찮다책상에 달력이 4개가 되었지만그럼에도 곧 2월인게 믿기지가 않는다 사은품2 한컴오피스이것저것 더 들어있지만아직 쓸 생각이 없다사실 나는 영구적 오피스 7만9천원짜리 사서필요없지만 그냥 등록은 했다독스는 안했다1년짜리는 정말 필요할때 사용하고시픈 나의 마음 사은품3 노트북파우치색깔 내가 안 정하고 그냥 주셨는데나는 초록색 파란색 좋아해서 아주아주 만족스럽다사은품4 무선이어폰이건 왜인지 며칠 뒤에 배송해준다고 하셨다배송오면 추가로 넣을 예정이다 무선아이폰 배송이 왔다 뽁뽁이로 꼼꼼하게 포장이 왔습니다근데 왜 박스가 슈가버블인지요 왔구나 나의 톤프리 상자를 열면 요로케 구성품이 담겨있습니당이건 참고로 노이즈캔슬링이 안된다고 해요저는 노이즈캔슬링 별로 안 좋아해서 톤프리쓰고에어팟 엄마 드렸어요 이어폰 오래끼고 있으면 중이염걸리는데중이염 걸리면 하루종일 두통있고 귀 계속 신경쓰이고 엄청 불편해요어떻게 아냐구요 저도 알고싶지 않았어요 보험나는 200만원대 제품의 보험으로 들었다EW보험3만2천원대였고한 번 내면 5년간 본인과실제외무료 AS를 받을 수 있다고 한다 결제방법 할인방법롯데카드 만들면 무이자 길게 사용이 가능하다그래서 거의 40 50만원 할인 받았다 굿 대학생노트북 직장인노트북 취준생노트북 LGGRAM 그램 노트북그램추천 그램종류 전자랜드 은평구전자랜드 그램노트북사은품 GRAM LG노트북
keyword_reviews01.xlsx,15ZD95P GX56K 엘지그램 lg노트북 가성비노트북 노트북추천 내돈내산 노트북구입워킹맘인 홍삼언니는 회사에서 사용하는 PC이외에는 딱히 집에서 노트북이 필요하지 않았어요집에선 태블릿이 있었고 핸드폰으로 모든게 가능하니까 사실 컴맹이라 그냥 필요성을 못느꼈다는게 함정 그러다 세종시 정관장 블로그를 시작하며 노트북이 절실하게 필요하게 됐어요다른건 필요없다가볍고 인터넷 웹서핑 문서작업 블로그만잘되면 된다고 노트북 종류 너무 많고 왜이리 영어인지 i5는 무엇이며 용량은 얼마나 필요한건가제가 구매하게 된 포인트만 공개할게요문서와 블로그 작업 원활할 것가벼워서 요리조리 들고 다니기 편할 것인터넷웹서핑 기왕이면 넷플릭스까지 잘 돌아갈것as는 어렵지 않을것이렇게 고민하다 보니 삼성 vs 엘지 로 좁혀지더라구요마이크로소프트 hp 맥북 레노버 등등 종류는 여러가지 였으나 기왕이면 늘 쓰던게 편하다 주의 라서고민없이 삼성 vs 엘지중 고민했고가벼운건 엘지 그램이다 라길래 바로 검색 들어갔습니다LG gram 15ZD95P GX56K사실 네이버 검색하면 거의 첫번째 나오는 노트북이예요 초간단 픽업 실제 내돈내산 구매 후기를 많이 보는데 저와 같은 고민을 하신 분이 많더라구요빨라요 쓰기 쉬워요 간편해요 가성비 좋아요기본 스펙은 사실 검색하면 다 나오지만 구입한 곳에서 발췌해요 그냥 빠르고 적당히 좋다는 말저처럼 사진이 많고 인터넷으로 검색을 많이 해야하고 빠른 블로깅을 위한다면 엘지 그램 딱이네요그런데 간과한 사실이 있었어요이번에 구매하면서 알게 된 사실인데FREE DOS 라는 거예요프리도스 그러니까 운영체제가 안 깔려있는 순수한 노트북 기계라는 알아보니 직접 구매해서 윈도우를 설치할 수 있으나 전 맘편히 구매처에 추가로 구입해서 설치 까지 요청했어요 사실 설치하는거 모르겠다 10년차 금융인인데도 아직도 컴퓨터는 어렵다 내돈내산 인증 3일만에 도착한 따끈따끈한 제 엘지 그램이 심플한 박스열어보니 윈도우 정품이 잘 설치되고 정품카드 고이 모셔져 있네요마우스도 구입했어요 만오천원 엘지 그램 메뉴얼도 있지만 읽지 않아요어차피 다 같은 내용일테니 물론 귀찮아서 그런건 아닙니 배경 뽀로로 책상 무엇옆에 케이블을 할수 있는 칸이 많아요 칸 아니면 뭐라고 하나요 엄청 가볍고 얇네요1 12키로라더니 한손으로도 거뜬해요처음엔 16인치 고민했는데 15인치 너무너무 충분해요왜냐 가로 세로 비율이 16 9라 충분히 넓거등요그리고 완충하면 9시간 30분을 쓸수 있네요 배터리 98 기준 한번 완충하면 몇시간은 걱정 없이 쓰겠어요 쨍한 화면 디스플레이 너무너무 좋아요회사 노트북이랑 비교하니 역시 디스플레이는 엘지네요 키스킨까지 깔아주니 완벽합니다저 처럼 가성비 노트북 편하게 쓸 노트북 구매하실 분 있다면 엘지 그램 어떠세요이제 노트북도 샀으니 워킹맘은 정관장 홍삼 투잡 마케팅을 하러갑니다 고고 새 노트북 가방도 구경해야지역시 탕진잼
keyword_reviews01.xlsx,맥북 pro m4 14인치 개봉기블로그 다시 시작 하려면 뭐가 제일 필요할까 생각하니 새노트북이 필요하더군요 맥 북 들여왔습니다 내돈내산 맥북 pro m4 14인치 개봉 같이하시죠제가 구매한 제품은 맥북 m4 pro 12코어 24GB 1TB 한글 14인치 입니다 가격이 후덜덜하여 lg gram과 한참동안 고민하다 제자신을 잘 알기에 끌리는 맥북으로 질러버렸습니다 16인치도 고려했지만 가격도 확 차이나고 노트북 구매 목적은 블로그작성 사진편집 필요시 영상 편집정도이기에 14인치로 충분할것 같았습니다 물론 휴대성도 14인치가 훨씬 편리한것도 한 몫 했습니다 쿠팡으로 당일 새벽 3시 구매했는데 같은날 오후 5시쯤 배송받았습니다 주문한 날 배송이 온거죠 정말 쿠팡 최고 다행히 겉 박스도 찌그러진곳 없이 이중포장되어 왔고 내부 박스도 안전하게 배송받았습니다 구매시 무이자 할부도16 18개월로 가장 길고 쿠팡 할인혜택도 있어서 나름 가성비 있게 구매한듯 싶습니다 덤벙거리는 제 성격 때문에 애플플러스케어 20만원대 는 무조건적으로 같이 구매했습니다 사실 이번달에 육아휴직 시작으로 남편이 사준 선물인데 한동안 남편이 너무너무 예뻐 보일것 같습니다 잘해줘야겠어요 계속 웃고 있는 저에게 그렇게 좋냐며 어이없어 하면서도 뿌듯해 하는것 같은 느낌입니다 내가 좋으면 님도 좋은거니 아무튼 남펴니 최고 이게 뭐라고 박스 오픈 때부터 두근거리고 설레네요 열자마자 역시 내 선택은 옳다 라는걸 확인 시켜주는 자태였습니다 노트북 본체를 꺼내면 내부 구성품이 들어있는데 아주 깔끔 그자체 입니다 애플 로고는 언제나 봐도 예쁜것 같습니다 무게는 1 6kg 로 1 36kg 인 LG gram 보다는 무게가 있지만 이정도 차이는 잦은 휴대를 안할것이기도 하고 예쁜걸로 커버가 가능하기에 전혀 저에게 영향을 주진 못했습니다 열자마자 켜지는 맥북 블랙 키보드도 때 탈 걱정 없이 편하게 쓸수 있을것 같네요또한 맥북 m4 pro는 썬더볼트 지원으로 외부기기와 빠르고 손쉽게 연결할수 있다고 하고 새로운 m4 pro칩으로 무거운 작업이나 고사양 프로그램도 끊김 없이 진행된다고 합니다 대형 트랙패드도 인식도 잘되고 마우스없이 노트북 사용을 불편해 하는데 전혀 불편하지 않아 마우스는 추후 필요시 구매할 예정입니다 배터리 수명도 듣던대로 최고네요 처음 셋팅 하느냐고 4시간은 쭉 썼는데 배터리 소모가 거의 없다니 10년전 구매했던 타브랜드 노트북을 사용했던 저에게는 체감 더 만족스럽게 느껴집니다 맥북을 구매한 이유 중 또 한가지는 아이폰 아이패드 유저이기 때문이었는데요 화면에 아이폰 띄우기도 가능하고 멀티화면도 굉장히 유용했습니다 호환도 빠르고 사진업로드가 불편하면 귀찮아지기 쉽상인데 한동안 은 질리지 않고 열심히 블로그 활동 할수 있을것 같습니다
keyword_reviews01.xlsx,육아하면서 오히려 노트북을 더 많이 쓰게 됐다 일단 손으로 쓰던 일기를 노션으로 대체하기 시작했으며 아기 영양제 이유식 등 공부해야할 것들도 많아졌기 때문이다 아무래도 정보를 찾을 때에는 검색용 정리용 모니터를 하나씩 두는 게 편한데작은 노트북 화면을 반으로 쪼개서 쓰기엔 좀 번거로움이 있었다 아기방을 만들면서 책상을 옮겼기 때문에 식탁이나 테이블을 왔다갔다하며 쓰기엔 일반 모니터를 쓰기 부담스럽기도 했다 샀다 포터블 모니터 내 노트북이 LG그램이므로 포터블모니터도 깔맞춤을 해주었다 LG그램뷰 정식 명칭은 LG gram view라고 한다 검색해보니 16MQ70과 16MR70모델이 있었는데MR이 2023년에 나온 신상 2세대라고 함 설레는 맘으로 언박싱했는데 이건 뭘까 코뿔소 코뿔소를 마주한 당황스러운 마음을 가다듬고 나니 영롱한 그램뷰가 모습을 드러냈다 존예보스 은은한 무광이라 느낌이 부드럽고 좋다 이게 안티글레어패널이라고 빛 반사를 낮췄다는데그래서인지 뭔가 액정부터 부드러운 느낌적인 느낌 뒷면도 부드러운 무광 재질이라 떨어뜨릴까봐 걱정됨 그런데 내가 진짜 놀란 점이 있다 엄청 가볍다 내가 엄청 가볍다는걸 보여주려고 두 손가락으로 집어보았는데떨어질 것 같은 느낌 없이 안정감있게 들 수 있었다 670g으로 아주 가벼운 무게라 집에서 쓰기에도 정말 좋은데 아무래도 재택근무나 워케이션 가는 직장인들에게 추천할 만 하다 나도 재택근무 자주 하던 직장인 시절에 이걸 샀더라면 능률이 더 올랐을 것 같다는 생각을 해본다 포터블모니터가 있던 자리 아래에는이렇게 사용설명서와 C C 케이블이 들어있다 C C라 hdmi케이블인 노트북은 연결잭이 필요할수도 있겠다 등장한 풀리오 커버 이게 있어야 이동중에도 안심할 수 있다 끝부분에 자석이 있어서 뒷면에 살짝 걸치도록 커버를 씌우면 된다 커버를 접으면 이렇게 원하는 각도로 세울 수도 있다 모니터 받침대같은거 따로 준비할 필요가 없다는 말씀 그램뷰재생187좋아요000 15그램뷰초 라락 노트북과 연결해봄Full HD보다 2배 정밀한 WQXGA 초고해상도란다 약 400만 화소라는데 확실히 기존 노트북 화면보다 깨끗하게 나오긴 함그리고 C타입 연결포트가 양쪽에 있어서 원하는 방향으로 모니터를 설치할 수도 있고 세로 버전도 가능하다 재택근무하는 직장인부터 카공하는 대학생한테도 추천해주고 싶은LG 그램뷰 후기였다 아니 근데 이게 뭔데 이건 왜준건데 액자로 쓰라는데 이게 그램뷰랑 무슨상관인건데 아시는분 있으면 댓글좀 달아주세요 LG전자 LG그램 16MR70가격가격비교 최저 320 880원 내돈내산
keyword_reviews01.xlsx,노트북이 필요하기도 해서 삼성과 LG를 오가다가우연찮게 보게되어 푹 빠진에가 있었죠 바로 이녀석 가격이 273만원 헐 아무리 최고사양에 터치모니터라고 고민하게 만드는 금액 CPU 8세대 코어 i7프로세서 8550U그래픽 인텔 UHD 그래픽스620메모리 8GB DDR4저장장치 SSD 512GB디스플레이 터치IPS LED 디스플레이 Full HD배터리 평판형 리튬플리머 72Wh 무게 1095g키보드 백라이트 지문인식17시리즈가 사은품이 더 많긴 했지만 터치되는 모델이 없어서 패스 터치에 너무 꽂히는 바람에 결국 주문을 해놓고 일주일만에 받았다 받았는데 박스가 찢어져 있어서 매장에 뭐라고 했지만물건에는 문제가 없고 이것도 이제 2개밖에 안 남은 상황이라그냥 쓰기로 했다 경고문구 모델명 15Z980 HA7WK15Z980 H AA7WK뭔가 고급스러운 느낌 노트북 들어올리는 스티커 흰색이 참 예쁜듯 예전 노트북들은 다 까만애들이었는데 설명서와 아답터아답터는 좀 크고 무거운 편이라 이게 제일 단점인듯하다 작게 좀 만들어주시지 요런 포장지에 파우치가 들어있다 파우치가 정말 맘에 들어 아무래도 휴대용 노트북이다 보니 배터리 관리가 정말 중요하긴하다 잊을만 하면 다시 찾아와서 봐야지 지문인식 로그인 설정방법짜잔 예쁘다 키스킨커버도 있다 터치가 되는 모델이니 만큼 바로 손가락 설정때부터 모두 터치가 가능하고 설정이 쉽게할 수 있게 되어있다 설정을 다하고 보니부팅속도도 엄청 빠르고10초도 안되서 부팅이 끝나고 지문인식 잘되고 터치도 잘되고 잘 산것 같으다 터치되는 휴대용 듀얼모니터를 쓰고 싶다면 클 릭 휴대용 모니터 제우스랩 알파플랜 Z15ST 포터블 멀티 터치 DEX 15 6인치 내돈내산 후기 11월 21일 주문한 상품이 12월 30일 도착했다 흐 해외배송이라지만 한달넘게 걸리다니 연말 선물 맞춰서 보내주신건가 그때당시 엄청 할인하는거 같아서 바로 구매 122 900원 포장을 뜯으니 아래와 같은 케이블들과 어뎁터가 있다 C C는 2개가 들어있다 더 좋은듯 본체 위아래 푹신한 스티로폼으로 보호하고 있어 든든한듯 케이블4개에 액정보호필름 본체는 에어쿠션으로 더 안전하게 본체를 꺼내보니 액정을 보호하는 케이스에 덮혀있고 탈부착 가능하다 이 케이스가 거치대 역할도 한다 이제부터 이 flowbeat tistory com어두운 곳에서 키보드 밝게하니어두웃 곳에서도 얼마든지 작업이 수월할듯하다 밝기 조절하니 좌우가 차이가 많이 난다 매우 밝게도 가능하니 좋다 앞으로 잘 부탁한다 엽 그램아 아래부터는 LG전자 베스트샵 에서 사은품으로 받은것들이다 산들구름 EzPhoto 포토샵 한컴오피스 한컴 넷피스 LED 램프 무드등 HDMI 케이블 노트북잠금장치 LG gram 노트북 터치 그램 15 6인치 터치모니터 15Z980 HA7WK H AA7WK 사양 성능 고사양 i7 8550U 내돈내산 후기
keyword_reviews01.xlsx,LG 그램 스타일 16인치16ZD90RS GX56K가격 약 1 948 940 원 엘지그램 그램스타일 LG그램 LG그램스타일 가벼운노트북 가성비노트북 노트북추천 LG노트북 16인치노트북 LG노트북 사무용노트북 그램13세대 빅스마일데이 그램싸게사는법 그램구매가 그램가격 대학생노트북 그램13세대 그램무게 그램리뷰노트북이 필요한 오빠가 몇 달 전부터긴 고민 끝에 구매한 LG 그램 스타일배송 온 당일 블로그 포스팅하라고친히 우리 집까지 들고 와주신 협찬 제품오빠 돈 오빠 산 아무래도 고가의 기기이기도 하고꼼꼼하고 약간은 우유부단한 우리 오빠는갤럭시 북 3 360과 그램 스타일 중몇 달을 고민하며 계속 물어보았고제발 제발 그만하고 아무거나 좀 사 하고 폭발하기 직전에 알게 된G마켓 옥션 최고의 쇼핑 축제 빅스마일 데이 빅스마일데이 는 파격적인 할인가로삼성 LG 로보락 가전제품 전자제품뿐만이 아니라농심 CJ 비비고 등 식품 생필품 등다양한 제품들을 저렴하게 살 수 있는 행사로보통 매년 5월과 11월에 진행되고 있어요 고민 끝에 스마일 데이 할인율을 보고 결정하기로 했고행사 시작 첫 날인 2023년 5월 8일 12시 땡 하자마자빅 스마일 데이 오픈런으로 쟁취하게 된 제품은결국 LG 그램 스타일 16인치 였어요 G마켓 옥션의 빅 스마일 데이 기간에는일반 고객에게도 큰 할인가로 물건을 구매할 수 있고스마일 클럽 회원들에게는 더 큰 할인을 해줘서출고가 약 231만원의 노트북을G마켓 할인 쿠폰 15 최대 30만 과카드 즉시 할인 7 최대 7만 모두 받아서 약 194만원에 구매가 가능했답니다 갤럭시 북 3와 LG 그램 비교하이마트 간 김에 갤북3랑 그램 비교 좀 해오라는오빠의 심부름에 열심히 공부했던 지난 나날들 오빠가 어린이날 선물로 아이패드 사줘서 짜증 안 남 하이마트 기준 갤럭시 북 3보다 그램 스타일이스펙에 많이 큰 차이가 없음에도 불구하고50만원 이상 더 비싸더라고요 삼성 갤럭시 북 3 vs LG 그램 스타일 무게 비교부들거리며 한 손으로 겨우 드는 갤북과여자인 내가 들어도 정말 가벼운 그램삼성 갤럭시 북 3 vs LG 그램 스타일 키보드 비교부드럽게 눌리는 갤북의 키보드 타건감과톡 톡 깊게 눌리는 그램의 타건감저는 쏙 들어가는 느낌의 그램 자판이 더 좋은데아무래도 손에 힘이 더 들어가다 보니호불호가 꽤 많이 갈리는 부분이에요 LG 그램 스펙LG 그램 스펙 운영 체제 디스플레이 프로세서 메인 메모리 멀티미디어 저장 장치 입력장치 파워 네트워크 기타 운영체제OS 미탑재화면크기40 6cm해상도WQHD 3200 x 2000 패널 형태OLED 디스플레이 저 반사 패널 CPU13세대 인텔 코어 i5 1340PCPU 클럭1 9 GHz터보 부스트4 6GHz캐시 메모리12MB Cache메모리용량 16GB 종류 LPDDR5 MHz그래픽인텔 Iris Xe Graphics그래픽 메모리내장형오디오 사운드Dolby Atmos Stereo speakers Smart Amp웹캠FHD IR 웹캠SSD256GB 확장슬롯 1 PCle 4 0 입력장치백라이트 키보드 풀 사이즈 97키 3열 포함 터치패드히든 터치패드 햅틱 파워AC 65W 배터리 리튬이온배터리사이즈크기 355x241mm 두께 15 9mm무게약 1 230g네트워크Intel Wi Fi 6 AX211블루투스5 1유선랜Gigabit 랜젠더 별매 동영상 미리 보기LG 그램 스타일 16인치 노트북 LG Gram Style 재생218좋아요700 32접기 펴기LG 그램 스타일 16인치 노트북 LG Gram Style 본격적인 언박싱과 세부 내용을 보기 전에동영상 먼저 시청을 추천드립니다 LG 그램이 유명한 이유각도에 따라 달라지는 영롱한 홀로그램 디자인과내부 모습까지 미리 확인할 수 있답니다 구매 사은품갤북 3와는 스펙들부터 디자인까지다소 차이가 있었지만정말 가벼운 무게와 빛나는 홀로그램 디자인에푹 빠진 오빠는 결국 엘지 그램을 구매했어요 본품 노트북과 함께 배송된 사은품을 먼저 살펴보니무선 마우스와 2023 오피스 밸류팩이 있어요 밸류팩은 산돌 구름 폰트 곰 믹스 맥스 프로 한컴 독스 한컴오피스 2022 Yes 24 이용권까지전부 필요가 없는 거라 그냥 보관해두기로 마우스는 사은품이라서 큰 기대를 하지 않았는데무선에 무소음으로 클릭감도 좋고 부드러워서의외로 정말 만족스러웠던 사은품이에요 언박싱LG gram본격 언박싱 시작 꽤나 커다란 박스에 배송되어 온 노트북은위아래 봉인 라벨이 꼼꼼하게 붙어 있어요 뚜껑을 열자 보이는 그램 잠깐 그 사이에 저 그림은 뭐지 엘지에서는 환경 부담을 1g이라도 덜기 위해겉 박스는 친환경 패키지를 사용했으며내부의 완충재는 조립해서 코뿔소 액자를 만들어재사용 할 수 있게 만들었다고 해요 멸종 위기 동물인 코뿔소 모양으로 만들어환경 보호에 대해 관심을 가져보자는메시지도 함께 담았다고 하니기업에 대한 호감도도 확실히 올라가는 것 같아요 사진 찍는 동안 사부작사부작오빠가 만든 코뿔소 액자 의미도 좋고 귀엽기는 하지만집에 두고 싶은 디자인과 퀄리티는 아닙니다 단호 부직포 파우치의 손잡이를 당겨조심조심 노트북을 꺼내보니아래와 옆에 여러 가지 부속품들이 보여요 구성품으로는 본품 노트북과 사용 설명서 C C 어댑터와 케이블까지 참 심플해요 사용하는 노트북은 충전 어댑터 쪽에크고 무거운 배터리가 달려있는데그램은 어댑터가 휴대폰이랑 똑같은 구성으로굉장히 가볍고 심플하니 마냥 부러울 따름이에요 외관파우치를 벗겨보니 여러 빛깔을 뽐내는LG 그램의 영롱한 외관 홀로그램 아마 오빠가 이거에 반해서 그램 스타일을 샀다지 정식 명칭은 오로라 화이트 라고 출시가 되었는데빛의 양과 각도에 따라 다르게푸른빛 붉은빛 핑크빛 등의 여러 빛깔로 보이며기본적으론 실내에서는 블루톤이 가장 강하게 보여요 반짝반짝 그램의 영롱한 홀로그램을리얼하게 보여드리고 싶지만카메라 초점 잡기가 영 힘드네요 그램 스타일은 워낙에 얇고 가벼운 노트북이다 보니홀로그램 부분에 때가 잘 타거나 약하지 않을까 했는데코닝 고릴라 글라스 Corning Gorilla Glass 소재로얼룩 오염에도 강하고 튼튼하다고 해요 강도 궁금해서 외관을 손가락으로 꾹꾹 눌러보니안으로 잘 들어가지도 않고실제로도 꽤 강한 소재임이 느껴져요 무게아무래도 그램의 가장 큰 장점은 당연히 무게 한 손으로 여유롭게 흔들 수 있을 만큼 가벼운1 230g의 초경량 노트북으로이동이 많은 대학생들에게특히나 최고의 노트북 아닐까 싶어요 오빠가 마침 집에 전자저울이 있어서직접 재본 그램 스타일의 무게는 1 215g로엘지에서 공식적으로 발표한 무게보다15g이나 더 가벼워요 공식 무게는 어댑터까지 포함한 무게려나 아무튼 실제로는 더 가볍다니 오히려 좋아 두께초경량 노트북답게 두께 굉장히 얇아요 자그마치 15 9mm밖에 안된다고 하니가방에 간편하게 쏘옥 넣어 다니기도 편하겠네요 디스플레이조심스레 열어보는 그램 16인치의 넓은 디스플레이에 16 10의 화면 비율로WQHD 3200x2000 고해상도 OLED를엘지 그램 최초로 탑재한 모델이에요 OLED만의 놀라운 색 표현력과 화질의 선명함에감탄 또 감탄이 게다가 패널 부분은눈부심과 빛반사를 줄여주는 안티글래어 저반사 Low Reflectiom까지 적용되었다고 하니얼마 사용해 보지 않았지만괜히 눈이 편안한 느낌이 들기도 해요 zz개인적으로 디스플레이 부분에서가장 제 마음에 드는 건 이 얇은 베젤이에요 블랙 컬러의 베젤에 두께가 굉장히 얇다 보니화면이 더욱 커 보여서 속이 다 시원한 느낌이거든요 게다가 화면 위쪽에는 웹캠이 탑재되어 있는데이 웹캠으로 얼굴을 인식해서비밀번호를 치지 않고도 자동으로 잠금이 풀리는데아이폰의 Face ID와는 비교도 안 될 만큼굉장히 빠른 인식으로 0 1초 만에주인만을 알아보고 해제가 되는 게 굉장히 신기해요 혹시 아무나 다 풀어주는 거 아니야 하고몇 번이나 테스트해봤는데 제 얼굴로는 절대 열리지 않더라고요 그램 너 굉장히 똑똑하구나 키보드깔끔한 디자인의 화이트 컬러 키보드는총 97키의 자판으로옅은 백라이트 불빛이 은은하게 들어와서은근히 반짝이며 예쁜 데다가백라이트 기능도 있어서 켜고 끌 수 있어요 아무래도 대부분의 노트북에는3열 키패드가 없어서 불편한 경우가 굉장히 많은데그램 스타일 16인치는큰 사이즈의 노트북이다 보니3열 숫자 키패드가 포함되어 있어서 정말 좋아요 히든 터치 패드 마우스 패드 그냥 보기에는 패드의 경계선이 없다 보니보기에는 불편해 보일 수 있겠지만히든 라이팅 터치 패드로톡 하고 건들면 키패드 좌우로 반짝이는 불빛이 나와서오히려 굉장히 고급스러운 존재감을 나타내줘요 마우스 패드마저 평범하지 않은 너 뿐만 아니라이용자에게 힘 진동 모션 등을 적용해서터치의 느낌을 구현한 햅틱 기술이 적용되어서다른 제품들 훨씬 더 부드러운 터치감을 느낄 수 있었어요 여기서 잠깐오빠가 알려준 노트북 터치 패드 사용 꿀팁 손가락 하나로 마우스 커서를 움직이고 클릭하는단순한 활용만 사용하셨나요 두 개의 손가락으로터치 패드의 위아래를 왔다 갔다 하면스크롤 없이도 화면을 위아래로 내릴 수 있어요 세 개의 손가락을터치패드 아래로 쓸어내리면지금 켜져 있는 화면이 최소화되어 내려가고바탕화면이 보이고 다시 위로 쓸어올리면아래에 숨어있는 창이 다시 위로 올라간답니다 마지막 네 개의 손가락으로좌 우를 쓸어 넘기면 바탕화면 전환이 가능해요 그 외에도 다양한 제스처가 있고설정에 들어가서 변경도 가능하니터치 패드로 다양한 활용을 사용해 보세요 스피커2개의 스피커가 노트북 하단 좌우에 달려있고입체적이고 화려한 음향을 나타내는돌비 애트모스 Dolby Atmos 가 내장되어 있지만노트북이다 보니 오디오 부분에서는확실히 만족감을 얻기는 어려워요 그래도 일반 노트북에 비하면확실히 선명한 음질임은 느껴지는 정도랍니다 유일한 단점좌우 측면에는 좌 이어폰 단자 C 타입 포트 2개 우 SD카드 슬롯 USB 포트 1개이렇게 총 5개의 포트가 있어요 포트 5개가 있는 게이게 무슨 단점인가 싶을 수 있겠지만중요한 건 USB 단자가 하나뿐이라는 거예요 USB 단자가 하나뿐이다 보니블루투스 무선 마우스 유선 마우스 등마우스와 연결을 위해 USB를 사용하고 나면남은 자리가 없습니다 노트북을 사용할 때 터치 키 패드가 있지만마우스를 24시간 연결시켜 놓는 경우가 대부분인데그램 스타일은 USB 단자가 하나이기 때문에이동식 디스크를 이용해야 할 때마다뺐다 꼈다 굉장히 번거로운 일이 발생하게 돼요 그러다 보니 그램 스타일 구매하면서 필수품으로멀티 허브를 많이 구매하시더라고요 기본으로 2개만 만들어 줬어도 충분했을 텐데그램 스타일의 유일한 단점인듯싶어요 16인치 vs 17인치 노트북 크기 비교그램 스타일 16인치 vs ASUS 17인치 게이밍 노트북제가 쓰는 17인치 노트북과 크기를 비교해 보았어요 전자기기는 거거익선이라는 마음으로항상 살 수 있는 선에서 가장 큰 제품을 구매하는제 17인치 대형 노트북과 비교해 봐도크기가 꽤나 큰 편이에요 두께나 무게 등이3배 이상씩은 차이 나는 노트북이다 보니사이즈로는 1인치밖에 차이가 안 나지만옆에 둔 제 노트북이 굉장히 무쇠 같고 그러네요 총평가성비충인 처음에 오빠가좋은 사무용 노트북 정도 스펙의 노트북을200만원 주고 산다니 전혀 이해를 하지 못했었어요 실제 눈으로 보고 사용해 보니마우스의 부드러운 터치감 경쾌한 키보드의 타건감 가벼운 무게와 선명한 고화질 디스플레이에무엇보다 실물로 봤을 때 굉장히 예쁜반짝반짝 영롱한 홀로그램 디자인에 홀려버려서부러움과 감탄을 연발하게 되면서전혀 가격이 비싸다는 느낌조차 들지 않더라고요 혹시나 가격 때문에 망설이시는 분들께서는구매하신다면 절대 후회하지 않을 것 같은감성비 최고의 노트북 엘지 그램 스타일 16인치 를 강력 추천합니다
keyword_reviews01.xlsx,작년부터 노트북이 좀 불안불안했다 기계치에 컴퓨터 잘알못 인 나는혹시나 여태껏 쌓아온 데이터를 날릴까 불안한 마음이 가득했다시간이 지날수록 쓰레기장이 되어가는 나의 디바이스들휴대폰에는사진도 문서도 엉망진창 쌓여갔고 노트북에는아이들 사진부터 스파두이관련 문서 온갖 잡 이미지 세무 관련 문서 블로그 한답시고 영혼 없이 촬영하며 쌓인 사진들까지 나름 정리한다고 했지만나의 머릿속을 들여다보는 것처럼 엉망진창이었던 차 날을 잡고한 번쯤 대청소가 필요한 시점이 왔다 뭔가 머릿속이 복잡하고기억력도 좋지 않은 나에게정리가 필요했는데작년 여름부터만약 노트북과 휴대폰을 잃어버리거나망가졌을 경우에도 업무에 지장이 없기 위해어떤 장치가 필요했다 노션 Notion과 옵시디언Obsidian 중 고민하다가옵시디언에 정착했고 필요한 이미지들을깔끔하게 정리하고나의 머릿속을 모두글로 문서화하는 작업을 미리 하고 있었다 원래 슬픈 예감은 틀린 적이 없고 결국 어느 날노트북이 켜지지 않길래LG전자 AS 센터를 방문하였는데윈도우를 다시 깔아야 한다고 했다 다시 윈도우를 깔아달라고 부탁드렸는데 현재 사용하던 노트북은 온라인에서 구매한 거라사설 프로그램 설치하는 곳을 찾아서내가 직접 해야 한다고 했다 싼 이유가 다 있었어 헉 컴퓨터 수리 업체를 알아봐야 한다고요 여담이지만나의 장점이자 단점은 장점이라 해두자 생각보다 뇌 구조가 굉장히 단순한데잘하는 건 매우 과몰입하는 편이지만못하는 건 관심과 재미가 없는 건 재능 지수가 훅 떨어짐 그냥 알고 싶지가 않다 검색과 기계의 영역이 나에게는 그런 것 예를 들어 합리적인 제품을 찾는다던가운전 같은 더 피곤하고 봐도 무슨 말인지 이해가 안 가서해결도 안 될뿐더러그냥 그 시간에 더 생산적인 일을 하자는 편 사실 이미 5 6년 오래도록 사용하기도 했고더 이상 노트북으로 에너지를 소비하고 싶지 않아서바로 매장을 찾았다 몇 년 전에 망가진 노트북 처분하면서 찍어두었던 기념샷인데많이도 샀네 사진 보니 5번째 구매인 것 같다 LG그램 LGgram gram 14인치노트북 구매후기를 시작한다 LG GRAM 노트북5번째 구매후기솔직히 약간 노트북이 맛이 갔다는 느낌이스멀스멀 들 때부터동네 삼성과 LG 프라자를 들락거리며괜찮은 제품이 있는지 눈여겨보던 차였다 난 삼성 갤럭시 광팬이라아무리 예뻐도애플은 구매할 일이 없을 듯하여 삼성과 엘지두 브랜드 중 보고 있었는데삼성 노트북은 도저히 무게와 디자인 때문에 선뜻 마음이 끌리지가 않았다 나이 들수록무거운 건 질색팔색이라구매 포인트는 가벼운 것 추구 A S가 무조건 잘 되어야 하며 디자인은 군더더기 없을 것살짝 지겨운 감이 있긴 한데선택지가 없어서다시 LG GRAM으로 눈길을 돌렸다 LG전자 베스트숍 양천 본점LG전자 양천 본점 한번 쭉 둘러보니노트북 사양은 내가 잘 모르는 영역이니최신 것을 선택하면 될 것 같았고 선택 포인트는사이즈무게가격이렇게 가 아니었나 싶다 가끔 휴대폰 살 때도 이벤트 기간에 살 수 있으면 혜택이 좋은 경우가 많은데아무래도 3월이다 보니모두 새내기 대학생을 위한 혜택뿐 나 같은 일반인은 특별한 게 없어 아쉬웠다 가족 중에 입학 등록증이 있는 대학생이 있으면 할인 혜택이 있는 것 같았음 주민등록등본을 제출해야 한다고 그래도 그나마 10 할인 적용과사업자 할인 적용 4 받을 수 있어서 아쉬운 마음을 달랬다 LG Gram 디자인은 뭐 뻔하다 군더더기 1도 없고사이즈 변화와화이트 컬러의 미세한 차이 디자인은 참 예쁨 터치스크린은글쎄 더 무겁고 비싼데 노트북까지 터치해야 하나 싶어서 제외했고 대략적으로 보니 위의 이 3가지가 눈에 들어왔다 10 할인가로16인치 229만 1 199g 15인치 179만 990g 14인치 189만 1 120g 15인치를 계속 사용하고 있었고 익숙한 제품이라가볍고가격적인 메리트는 있었지만2024년도 식이라 저렴했지만USB포트가 없어서 PASS 16인치와 14인치를 두고 살짝 고민했다 사실 16인치를 샀다가다시 돌아와서 14인치로 바꿨다 둘 다 2025년 최신 버전이라 사양은 비슷했으나14인치 선택 이유는오랜만에 작은 게 예뻐 보여서 내돈내산인증사업자 할인 4 까지 받아서1 815 000원에 구매 완료 14인치14Z90T GA5HK언박싱 시작우선스펙 정리14Z90T GA5HKOS Windows 11 Home 64비트 CPU 인텔 코어 Ultra 5 프로세서 225H무게 약 1 120g크기 312 x 214mm 두께 15 7 16 9mm해상도 WUXGA 1920X1200 메모리 용량 16GBSSD 512 GB 확장슬롯 1역시 새것이라 광채가 기분이 좋다 깨끗하게 잘 사용해야지 비닐 떼기 전이라 반짝반짝하지만무광이다 사용설명서가 들어있으나 크게 중요한 내용은 아님위 14인치 14Z90T GA5HK 이번에 구입한 것 아래 15인치 15ZD990 VX50K 이전에 쓰던 것 크기 차이는 4 7X1 4cm 정도14인치 LG 그램 색상이 살짝 크림색이 도는 화이트라 좀 더 고급스러운 느낌LG 그램은 사용하다 보면 늘 발열이 좀 문제였는데그래서 바뀌었는지 몰라도바닥에 구멍이 숭숭 뚫어 보강한 것 같았다 그냥 내 생각임 충전기는 C 타입으로 바뀜전원 버튼을 누르고 시키는 대로 세팅하면 끝 이건 누구나 할 수 있다 내가 하면 초등학생도 할 수 있는 수준 무엇보다 좋은 기능인 것 같은데gram Link 2 0라는 프로그램이다 화면에서 휴대폰을 미러링 할 수도 있고앱만 연동 시키면찍은 사진을 바로바로 이동시킬 수 있다 전부터 있었던 건지는 모르겠지만블로그 포스팅할 때마다 휴대폰과 노트북 넘나드느라 고생이 많았았는데이 프로그램은 정말 잘 사용할 것 같다 사은품노트북을 구매하면 7일 이내 사은품을 보내준다 노트북 파우치와 마우스 마우스패드그리고 각종 체험 쿠폰들 Nordisk가 랑 콜라보레이션 했나 보다 난 잘 모름 위에도 말했듯난 무거운 거 딱 질색이라 가볍고 때타지 않을 우리 딸래미 갤탭 가방을 사용하기로 이번에는 정말로잘 정리해서 사용해야겠다 깜찍한 사이즈에 적당한 무게업그레이드된 사양 lg그램노트북 14Z90T GA5HK난 대만족 내돈내산만 포스팅하는찐 소비요정스파두이
keyword_reviews01.xlsx,LG그램 pro 16인치를 구입했습니다석사 때 산 노트북이 있는데요 구입한지 7년 정도 되었더라구요 돌아가는데는 문제가 없지만배터리가 노후되서 충전기 없이는사용하기가 어렵고 노트북도 워낙 두껍고 무겁구요 이번학기부터 학교에 자주가다보니노트북을 들고 가는 경우가 늘었는데노트북에 충전기까지 가지고다닐라니이건 뭐 무게가 어마어마한겁니다 LG그램pro를 구입했습니다 박사 졸업하려면 조금 시간이 남았으니뽕뽑을 수 있겠죠 LG그램pro 16인치LG그램pro 16인치 구입이유그램하면 가벼움의 상징이잖아요 1 2kg으로 가볍게 나왔습니다 배터리 성능도 좋아져서한 번 완충하고 10시간 이상사용할 수 있다고 하네요 물론 어떤 작업을 하냐에따라차이가 있습니다 pro에는 더블쿨링팬이 있어서노트북 사용시 발열도 적고하드웨어가 보다 원활하게 구동되게도와줍니다 LG그램링크라는 새로운 자체 프로그램으로ios체제의 아이폰이나 아이패드와PC의 사진교환 같은 게 수월하고화면 확장 기능도 된다고 하더라구요 기존에 쓰던 노트북은 15 6인치인데베젤이 넓은 편이었는데요 LG그램pro 16인치는 베젤이 얇아서기존에 쓰던 노트북이랑전체적인 크기 차이는 별로 없더라구요 그래서인지 부담스럽지 않은 사이즈에화면이 약간 확장되어서 시원해진 느낌에크기는 만족스럽습니다 얇고 가벼움을 자랑하는LG그램pro 답게 얇디얇습니다 포트가 없는 부분은 안쪽으로움푹 들어가게 디자인을 해서더 얇게 느껴지게 만들었더라구요 포트는 C타입 2개HDMI 1개USB 2개이어폰 1개이렇게 구성되어 있습니다 물론 LG그램pro 16인치의 불편한 점도 있습니다 바로 이 숫자키인데요 옆쪽에 숫자키가 있는 것은 편리하지만터치패드의 크기를 늘리면서자판의 공간이 부족했던 탓인지PgUP Home End 등의 키가숫자키와 같이 있어요 NumLk을 꺼야만사용할 수 있다는 아쉬움이 있습니다 은근 편한 키들인데 말이죠 적응이 되면 괜찮으려나요 시원시원한 사이즈가 좋지만일반적인 가방으로는 16인치 노트북을담아가지고 다니기 힘들다는한계점이 존재하죠 그렇지만 16인치 노트북을 담아다닐 수 있는숄더백을 찾아서 이 문제는 해결했답니다 곧 리뷰올릴게요 LG그램 pro 16인치의 충전기입니다 C타입 충전기이고충전기 본체도 작아서가볍고 휴대하기도 좋습니다 LG그램 pro 16인치를 구입했는데요 기본 용량이 256GB인 제품입니다 근데 256GB로는 용량이 충분하지 않아서구입처에 문의했더니 SSD를 사오면용량을 추가할 수 있다고 하더라구요 그러면서 SK hynix꺼를 추천해주시길래500GB를 구입했습니다 500GB SSD를 메인드라이버로기존에 있던 256GB를 서브드라이버로나누어서 설치했습니다 메인드라이버의 용량이 충분해지니마음이 둔둔하네요 LG그램 pro 16인치 구매 사은품2024년 신제품이 출시되고얼마지나지 않은 시점에 구입을 해서인지LG그램 구입고객에게여러가지 사은품을 주는 행사를 하더라구요 무선마우스와 한글프로그램 곰프로그램 산돌구름 등을사용할 수 있는 LG그램 오피스벨류팩그리고 랜디스도넛과 콜라보한 상품들까지사은품으로 받았습니다 결론적으로 말씀드리자면 LG gram 오피스 벨류팩의한글과컴퓨터 외에는그닥 무선마우스 사은품집에서는 버티컬을 사용하고 있는데그 몸집이 크다보니들고다니기 불편하던 차에무선마우스를 준다니 좋더라구요 그런데 일단 블루투스 마우스가 아니고USB 리시버를 꺼내려면마우스 앞면을 다 열어야해서불편함이 있더라구요 항시 사용할 것이 아니라 리시버를넣다뺐다를 자주 해야하는데 말이죠 작동도 잘 되지는 않아요 스크롤이 될 때가 있고안 될 때가 있어요 USB 리시버를 끼우면작동이 되는데요 USB리시버를 끼워도 불빛이 안들어오고마우스 반응이 안되어서배터리가 다됐나 생각했는데USB리시버를 제거하고가방에 넣었는데 불빛이 들어오는기이한 현상 전원이 없어서 끄지도 못한답니다 이름 그대로 사은품이네요 휴대용으로 쓸 작은 것을 따로구입을 해야할 것 같아요 컴팩트한 무선마우스라 좋아했는데아쉬워요 LG 그램 오피스 밸류팩또다른 사은품은 LG그램 오피스 밸류팩입니다 산돌구름 한컴오피스 한컴독스 곰믹스 곰캠프로가포함되어 있습니다 한컴오피스는 영구 사용이고나머지는 1년 이용권이에요 한컴오피스 2024 영구버젼이 있는게아주아주아주 좋더라구요 산돌구름도 호기심에 사용해보고 있긴한데단순히 PPT 만들 때 폰트를 쓰다보니생각보다 무료폰트도 쓸만한 것들이 많더라구요 유료로 1년 써보는 것으로 충분할 것 같아요 곰캠이랑 곰믹스는 아직 안써봤네요 LG그램링크LG그램 pro를 사면서너무너무 기대했던 기능이었던LG그램링크도 써봤습니다 노트북의 바탕화면에 있는 LG그램링크 프로그램에 들어가고아이패드에서 LG그램링크 앱을 받으면사용할 수 있어요 PC에 기기 등록이 되고 나면앱을 연동해서 사진이나 문서들을편하게 보내고 받을 수 있습니다 뿐만아니라 모바일 기기 미러링이나PC화면 확장 복제키보드 마우스로 사용하는기능도 있어요 앱에서는 이렇게 보인답니다 기기를 PC에 등록할 수도 있고등록하지 않고 일회성으로 파일 전송을할 수도 있어요 화면 확장 기능을 사용해봤습니다 아이패드에서 찍힌 사진인데요 폴더화면 보이시죠 신기합니다 엄청 신기해요 그런데 신기함 거기 까지입니다 안정성이 떨어지더라구요 아이패드에서 보이는 화면이버벅거림이 있고노트북에서도 안정성이 떨어져서작업표시줄에 내려놓은 창들이보이지 않는다거나화면이 깜빡거린다거나 느려진다거나 그런 측면이 있어서한 번 사용해보고는 사용 안해요 조금 지나면 안정화가 되려나요 그 전까지는 사용할 생각이 없는LG그램링크입니다 LG그램pro 16인치 내돈내산 후기였습니다 가벼움이 최고의 장점이라요즘 학교에 수업하러 갈 때도연구실 갈 때도강의하러 갈 때도가뿐하게 들고 갈 수 있어서 만족스럽습니다 앞으로 5년간 잘 부탁한다
keyword_reviews01.xlsx,왜 맥북은 한 가운데 놔 두고 이야기 안 해주나요 스피커 테스트는 좀 아쉽습니다 음향 전문 회사를 구매해서 신경 쓰는 것처럼 보이는 데 뭔가 기본적인 것을 테스트 하지 않는 느낌이랄까 써 놓고 보니 이상하게 느껴질 것 같아서 사족 달자면 여기에서 한 테스트가 잘못되었다 다르게 테스트 해야 한다는 의미가 아니라 삼성에서 만든 제품이 좀 이상한 느낌 AKG 자체 제품이나 삼성 제품 내에서 이상하지 않은 않은 경우도 많지만 뭔가 제품 리뷰하는 사람이 이상하다고 느끼는 경우가 가끔가다가 보여서 쓴 것입니다
keyword_reviews01.xlsx,20년만에 첫 노트북 사려고 하는데 가정용겸 카페다닐때 가지고 다닐 겸용으로 사려고하는데요 지금 LG그램 울트라7 255H 32램 512기가 생각중인데 좀 오버스펙일까요 간혹가다가 피파도 할거 같은데 돌아갈까요
keyword_reviews01.xlsx,짧지만 처음 들여오고이틀동안 꽤 열심히 사용해보았습니다 개인적으로 씽크패드는 처음이고노트북 경험이 많진 않지만이틀동안 느낀점들입니다 먼저제가 들여온 씽크패드 T14s Gen4 AMD는라이젠5 PRO 7540U 라데온 740Mram 32gb키옥시아 1tb비터치 sRGB 100 400nit 저전력5MP IR카메라지문O영문키보드window 11 home65W슬림충전기스펙 제품입니다 umpc제품들도 좋아하기때문에 자주 접하는그 유명한 7840U 780M 가 아닌것이조금 아쉽기는 합니다만이전에 사용하던 노트북도 전부 라이젠5 코어 i5급이였기에큰 아쉬움은 남지 않는것 같습니다전성비와 발열체감이 낮다면오히려 더 낫다는 생각도 드네요키옥시아SSD도 그닥이지만 이건 나중에 교체할 수 있으니까요그외에는 매우 선택한것마냥 cto가 들어있는 제품입니다영문키보드가 매우 크죠 AMD인점을 보여주는것은 좋지만개인적인 디자인 취향상 스티커는 제거하였습니다 손톱으로 제거하려다 안때져서플라스틱 스크레퍼로 조심히 떼야지 했는데가져다대는 순간 힘없이 삭 때져서약간 당황했네요 다행히 변색이나 착색은 없었습니다어제 데려오자마자 처음 만진부분이바이오스 부팅로고였는데아무거나 주워서 했다가 너무 크게 나와서당황스러워 하나 찍어두었습니다 지금은 적당한 사이즈로 다시 바꿔주었습니다 확실히 꾸며두고 보니 더 맘에 드네요이제 사용감에 대해서 이야기를 해보면 첫번째로는 디스플레이 개인적으로는 LCD패널보다 OLED안티글레어패널보다 글레어패널을 선호하는 편입니다하지만 이 디스플레이는 조금 생각이 다르게 드네요별도 AR처리가 안된것은 아쉬웠지만굉장히 보기 편한 디스플레이라씽크패드의 특성을 생각한다면 이게 더 어울린다는 생각이들더라구요엄청나진 않아도 부족함은 크게 없는 색감과 밝기였습니다 다만 umpc로 6인치 FHD를 주류로 쓰는데LCD는 QHD를 선택하지 못하는게 조금 아쉬운것 같습니다 다른 제품들은 베젤을 신경 많이 쓰는 타입인데이 제품은 의외로 크게 거슬리지 않았네요 역노치가 없다는 만족감이 더 큰것 같습니다 두번째는 키보드 트랙포인트키보드의 경우엔키감이 처음 씽크패드에 환상을 가졌던 이유라기대를 했던건 사실이지만 고민하던 나노나 요 T14s나 21년이후 전반적인 제품들이너프를 먹은걸로 유명한듯하여서 아쉽습니다 기대보다는 못하긴 해도그럼에도 크게 아쉽지는 않았고이전에 사용했던 그램 14 2021에 비해정갈한 백라이트가 맘에 들었습니다 그램의 경우 울긋불긋한 못봐줄만한 백라이트를 보여줘서매우 아쉬웠던 기억이 있었거든요 빌드 퀄리티에 있어서는 큰 불만이 없는것 같습니다 키 배열인데 Fn과 컨트롤은 빠르게 익숙해졌으나 변경하지 않고 쓰는게 예의라 생각해 스왑하진 않았습 윈도우키를 누르려다 컨트롤을 누르려한다던가 프린트 스크린의 위치에 조금 당황하긴 했었네요 아직 열심히 적응중입니다 트랙포인트 빨콩에 대해선씽크패드는 아니지만아주 옛날에 써본 vaio노트북에서 인상이 매우 좋았어서기대했던 부분중 하나입니다 위에서 이야기나온 6인치짜리 umpcGPD의 win4 사진에 같이 나와있습니다 에광학식 트랙포인트 오른쪽 네모부분 가 달려있고매우 유용하게 쓰고 있기도 했습니다 다만 기억에 너무 의존해서인지 기억에 가지고 있던 바이오 트랙포인트랑민감도가 너무 달라서 적응에 조금 불편함이 있었습니다 트랙포인트 커버 마다도 다르다고 하는것 같던데그 영향도 있는것 같네요민감도를 최하로 내리고서야 겨우 적응할 수 있었습니다 터치패드쪽에 있는 버튼이디자인상으론 보기 더 좋으나 거리가 멀어지고깊이가 얕아서 조금 아쉬웠던것 같습니다 사실 제일 크게 놓친 부분은맥북을 쓰면서 제스처가 많이 적응되었다는 점입니다 자연스럽게 트랙패드로 손이 가다보니약간은 의식해야 트랙포인트로 손이 가더라구요 그 외에 마감같은 부분도 놀라웠는데같은 마그네슘 합금으로 이루어진그램을 사용했지만 두께와 휘어짐 내성이 아예 다르다고 해야할까 그램은 플라스틱같은데 T14s는 그렇지 않아서 놀랐습니다 특히 상판은 매우 딴딴해서 놀랐네요그램도 지문이 많이 남지만 화이트는 잘 안보이는 반면씽크패드는 자국이 많이 남는게 조금 슬프긴 합니다실물이 훨씬 이쁜것 같아요 아님 사진을 못 찍어서 그럴수도 상판에 들어오는 LED도 귀여워서 좋은것 같습니다 나노는 상판이 카본이고로고가 블랙으로 들어가 있지만 개인적으로 X1로고가 마음에 안들고실버컬러로 적혀있는 저 씽크패드라는 글자가더욱 기억하던 씽크패드의 느낌이 더 나서 좋은것 같아요스피커의 경우는맥북만큼은 아니였지만 그램보단 좋았고기대이상은 아니라도 나쁘진 않았던것 같습니다 애초에 기대치가 낮았어서 그런것 같기도 하네요마지막으로는 사양부분입니다 7540이 어떨지 걱정을 좀 했는데역시 저한테는 부족하지 않은것 같아서 안심했습니다 가진 초창기 umpc중 라이젠7 4800U모델도 있는데4800U의 베가8과 비교해서 740m 그래픽이 성능도 좀 더나았고4800U도 TDP 제한을 걸고 사용했기 때문에CPU는 부족하지 않을 것 같습니다 개인적으로 장비를 오래 사용한다면 cpu보다 중요하게 보는건 램인데온보드라 최대치인 32기가가 달려있는점이 좋았습니다 최대 64까지 안된다는것은 조금 아쉽네요umpc도 64기가가 들어가는 시대에 배터리부분은 저전력 디스플레이까지 들어갔음에도 약간 아쉬웠는데중고 제품이기도 하고비교대상이 1kg미만에 74Wh의 배터리를 가졌던 그램14인지라 사용중인 맥북도 애플실리콘 M1제품이라혼자만 약간 동 떨어진 느낌이 들긴 하네요 그럼에도 부족한 배터리 용량은 아닌것 같긴 합니다 제일 맘에 들었던 부분은 역시 발열특성과 소음이라고 생각합니다 팬리스의 맥북에어M1도 있지만 알루미늄 쉘이라 반대로 노트북을 딱 처음 꺼내면불쾌할 수준의 차가움이 피부로 전달되는데다른 노트북들처럼 뜨겁지도 차갑지도 않은 적절함 이랄까요라이젠5에 T14s의 쿨링이 더해지니맥북M1을 제외하면 가장 적은 발열감을 느꼈던 것 같습니다 거기다 키보드를 미묘하게 피해서 발열이 나길래 감탄스러웠네요덕분에 종합 체감은 맥북M1보다 훨씬 좋았습니다 써멀을 좋은걸로 재도포해주면 어떨지도 궁금하네요 s가 아닌모델보단 얇지만 어느정도 두께가 있다보니듬직한 것 같습니다 소음부분은 팬 모터가 굉장히 정숙해서돌아가더라도 거슬리지 않고주변소음에 묻히면 안들려서 매우 정숙했습니다 다만 제로팬의 민감도가 조금 높은지자주 돌다 멈추고 하는것 같아 조절은 조금 해봐야 할듯한데 아직은 안건드려봤구요배기방향이 오른쪽 손으로 가는건 약간 아쉽긴 하지만마우스를 써도 제 사용 범위에선 큰 열감이 없었고빨콩을 쓰면 아예 괜찮으니크게 아쉽지는 않았네요젤 아쉬운점은 한손 열기가 안된다는 점 정도가제일 큰 것 같습니다 가격 특히 원 가격을 생각하면 매우 아쉽네요그런데 또 타사에선 잘 신경 안써주는하판에 고무 높이로 발열을 만회하려는 점이나씽크셔터같은걸 보면 또 위안이 되긴 합니다 음 이틀차로는 이정도가 전부인 듯 하네요그램은 제 손을 떠났고 앞으로 맥북과 같이 오래 사용할 듯 싶습니다 더 알게되거나 느낀점이 생기면 또 와서 적어보도록 할게요 긴 글 읽어주시느라 고생 많으셨고감사합니다
keyword_reviews01.xlsx,학교에서 기본적인거 배울때 맥북에서 아무런 불편함은 없어서 잘 몰라 질문드립니다선물을 할려고 하는데보안쪽으로 이직하려고 대기업 코딩스쿨 들어가는 여자친구 선물주려고 하는데원래 계속 윈도우 랩탑만 썻어요회사에서 데이터분석할때도 그램가지고 하고지금 쓰는 랩탑이 서피스프로6인데 오래되기도하고 버벅이는게 제 눈에는 보여서 몇번 바꿔줄려고 했는데사실 선물하는것도 고가다보니 부담스러워하는것도 있고 이번에 맥북에어M1이나 서피스프로8이제품가성비가 좋아서 선물하기에 괜찮아보이는데배우는 입장에서는 윈도우가 범용적이라 더 낫겠지 생각은 하는데도 맥북을 잘 쓰고있다보니 맥북을 한대 사주고 싶은 마음은 있어요현재 쓰는 서피스프로6는 i5 8세대 8기가램 SSD 128기가 당시 180만원 커버포함 지금 서피스프로8은 9가 나왔지만 전성비면에서 크게 이득이 없는것같아 옆그레이드로 생각되어 8만되어도 6과 비교하면 크게 개선되었다고는 생각하는데 아무래도 태블릿PC라는 한계는 있다고 생각되는데 스펙이 i5 11세대 16기가램 SSD256기가커버포함 115만원 189만원에서 21프로 할인 7프로 카드할인 33만원 와우할인 맥북은 그냥 M1 깡통 미개봉 100정도에 구매해서 줄려고 합니다카페에 업계분들이 워낙 많으니 여쭤봐요배우면 무슨 프로그램을 어느정도로 쓰는지도 모르긴하지만 성능적으로 100프로 다 쓸정도의 프로젝트를 할까 싶기도 하고 있는 서피스는 태블릿용으로 쓰라고하고 맥북을 선물하고 싶은 마음인데보안쪽을 배우는 입장에서 윈도우나 리눅스 등등 타 OS도 사용해야하는거라면 맥북이 쓸모있나 하는 생각도 있고요 지금시기에 인텔맥을 구매해주는건 조금 그렇다고 생각 2019 16모델이 가성비 좋은 중고가 많으니 괜찮으려나요 원래 회사에서는 데이터쪽만 만지느라 고성능PC 필요없다고 몇번 얘기했는데 그냥 선물해주고 싶은 마음이 있어요 미리크리스마스 정도 업계분들 보안쪽 입문하는 사람 위해서 조언 부탁드려요 그냥 과목 몇개들은 수준이라 정말 잘 몰라서 질문드려요 굳이 같은 가격대 윈트북중에 서피스랩탑이나 그램이 아니라 서피스프로를 생각하는 이유는 서피스프로6사고 한 4년 간 태블릿과 랩탑 겸용으로 너무 잘 써서 업그레이드를 해주고 싶은 마음vs업계 진입에 맥북만 써도 프로젝트들 배우면서 진행할때 문제될게 없으면 맥북 경험해보고 있는 서피스는 태블릿 윈트북용으로 써라하는 마음둘 중에 뭐가 더 현실적이고 도움될지 조언 부탁드립니다미리 감사드립니다
keyword_reviews01.xlsx,공장에서 열 페이스트가 부적절하게 적용되는 것에 대한 이러한 모든 논의 후 RTX3050이 열적으로 스로틀링 된 2023 LG Gram Pro 16in에 대해서는 열 페이스트를 다시 적용하기 위해 기술자에게 가져 오기로 결정했습니다. 원래의 페이스트는 매우 잘 적용되었지만 매일 거의 10 시간 동안 2 년 동안 2 년 동안 건조되었습니다. 이제 프로세서 온도가 다시 정상으로 돌아와서 더 이상 열적지가 없습니다. 그램의 열 파이프는 매우 얇고 가볍습니다.이 경로를 따르고 그람 과열이 새로운시기에 비해 과열을 느끼면 열 페이스트를 다시 적용하는 것이 좋습니다. 나는 기술자에게 새로운 PTM7950 패드를 제공했으며 그램에서 잘 작동합니다.
keyword_reviews01.xlsx,"나는 연구에 시간을 보냈지 만 약간 압도당했습니다. 이것들은 내가 지금까지 충분히 좋다고 생각한 것들입니다. 아이디어 패드 프로 5i Gen 10 (16 ""Intel)을 제외하고는 모두 개조됩니다. 어느 쪽을 찾을 수 있습니까?"
keyword_reviews01.xlsx,"많은 글쓰기를 해야하는 사람으로서 나는 키보드와 트랙 패드를 많이 좋아합니다. 아주 좋은 촉각 느낌. 내가 직장에서 사용했거나 더 나은 MacBook Pro M1과 확실히 동등합니다. 조석 청록색은 화려하고, 빌드 품질은 좋고, 음질도 놀랍게도 좋으며, 경첩은 안정적으로 보이고, 성능이 칙칙해지며, FHD OLED 터치 디스플레이는 나에게 충분합니다. 팬은 무거운 하중으로들을 수 없지만 전반적으로 시끄러운 기계는 아니며 팬은 대부분 조용히 유지되었습니다."
keyword_reviews01.xlsx,"안녕! 내가 처음 게시하는 것은 내가 옳은 일을하지 않으면 사과합니다. 나는 Sims 4에서 그 일을한다면 게임용 노트북을 구입하려고합니다. 저는 큰 게이머가 아닙니다. Sims 4 만 플레이하지만 모든 확장을 가지고 있으며 현재 연주하는 태블릿은 저장 부족입니다. 현재 Surface Pro 7+를 사용하고 있습니다. 8GB RAM과 128GB 스토리지가 있습니다. 앞으로 몇 년 동안 게임을 성장시킬 수있는 충분한 공간을 제공하고 CC를위한 공간이있는 노트북이 필요합니다. 나는 13-16 ""화면이있는 숫자 패드를 원합니다. 예산은 총 $ 900입니다. 나는 2가 좋아 보인다는 것을 알았습니다. 1은 옵션 Best Buy Advice가 나에게 준 옵션이라는 것을 알았습니다. 제 요구에 대해 내 예산을 쓸 수 있는지 모르겠습니다. 방금 찾은 두 번째로, 조언, 2 사이의 장면을보아야합니다. 감사합니다 !!"
keyword_reviews01.xlsx,"나는 OLED 스크린의 뛰어난 반사적 코팅으로 인해 삼성 갤럭시 북5 프로 (Samsung Galaxy Book5 Pro)를 고려했지만 (나는 그것을 직접 확인했고 정말 좋아 보인다) 여전히 광택이 있고 햅틱 터치 패드는 없다. 또한 16 ""은 \ ~ 3.3 lbs에서 무거운면에 약간 있습니다."
keyword_reviews01.xlsx,"*** Dell Pro Plus/Premium 16 ** - 완벽한 느낌이 듭니다. 트랙 패드는 왼쪽으로 크게 바뀌지 않으며 디스플레이는 유망 해 보입니다. 그러나 그들이 더 새롭기 때문에, 나는 그들의 장기 빌드 품질 **에 대해 완전히 확신하지 못합니다."
keyword_reviews01.xlsx,"이전의 랩톱은 4 년 전부터 Ryzen 7 5600H 및 RTX 3070이있는 Lenovo Legion 5 Pro입니다. DGPU가 PC 교수형 및 인공물로 죽을 때까지 (정상 사용, 오버 클로킹, 냉각 패드)로 죽을 때까지 계속 진행중인 몇 년 동안 사용하기에 강력하게 사용해야합니다."
keyword_reviews01.xlsx,"*** 우수한 키보드, 안정적인 빌드 품질, 터치 스크린, 지문 프린트 리더, 광학 드라이브 또는 우수한 입력 장치 (키보드/터치 패드)와 같은 특정 요구 사항은? ** AMD Advantage Edition Edition Edition Laptop을 찾고 있습니다. 또는 Ryzen & Radeon RX Config. 최소 16GB DDR4/5 RAM, 1TB NVME SSD. 4X USB 3.0 타입 A 포트, 1X USB 유형 C Thunderbolt Port, HDMI (4K @ 60Hz), 3.5mm 오디오 콤보 잭, 이더넷 포트, WiFi 6 (2.4G & 5G), Bluetooth, 웹캠, 백라이트 키보드, 정밀 터치 패드."
keyword_reviews01.xlsx,"내 앞에는 최고 사례 어셈블리라고하는 것을 가지고 있습니다. 기본적으로 금속 프레임, 배터리, 키보드 및 트랙 패드는 모두 Apple Techs가 교체 할 수있는 한 조각으로 배송 및 준비했습니다. 이 특별한 것은 2017 Model MacBook Pro 13 ""에서 나왔는데, 이는 버터 플라이 키보드의 2 세대를 흔들 었습니다.이 특정 톱 케이스는""술에 취한 룸메이트에 의해 손상된 액체 ""기계에서 나왔으므로 더 큰 이익을 위해 찢어지는 데 아무런 문제가 없습니다."
keyword_reviews01.xlsx,LG Gram 16 2in1 2022를 보유하고 있습니다 2 년 동안 큰 문제없이 작동했습니다 지난 6 개월 동안이 문제를 점점 더 많이 보여주고 있습니다 오류가없고 오류가없고 잘 작동하지만 5 7 분 후에 터치 패드 커서가 사라지고 멀티 터치 제스처 만 작동하고 왼쪽 중간 지점에서 깜박 거리는 커서를 보여줍니다 그렇지 않으면 마우스가 움직이지 않거나 클릭하거나 마우스 오른쪽 버튼을 클릭하십시오 키보드는 캡 슬록 라이트가 응답하고 화면이 켜져있을 때 표시되는 것을 제외하고는 입력을 중지합니다 USB 수신기 표면 마우스를 꽂아도 동시에 작동하지 않습니다 수면 깨어있는 것은 기능을 반환하지 않습니다 터치는 잘 작동합니다 접는 것은 절대적으로 괜찮지 만 전개되는 것은 그것을 해결하지 못합니다 작동하는 유일한 방법은 전원 버튼을 사용하여 터치 또는 힘을 다시 시작하여 다시 시작하는 것입니다
keyword_reviews01.xlsx,해당 키워드가 포함된 리뷰가 없습니다.
keyword_reviews01.xlsx,삼성 갤럭시 책 5 Pro 16 vs LG Gram Pro 16 (2025 모델)
keyword_reviews01.xlsx,삼성 갤럭시 북5 Pro 360
keyword_reviews01.xlsx,"2023 년에 나는 삼성 갤럭시 S10에서 아이폰 15 프로 맥스로 전환했는데, 주로 대부분의 친구와 가족과의 의사 소통을 더욱 매끄럽게 만들기 위해, USB C로 전환하면 라이트닝 포트가 매우 바보라고 생각했기 때문에 스위치를 만들었습니다. 나는 iOS를 즐기고 있었을 것입니다. 당시 대학을위한 노트북이 필요했기 때문에 iPhone이 있고 이미 Windows Gaming PC를 가지고 있기 때문에 MacBook을 얻는 것이 현명하다고 생각했습니다."
keyword_reviews01.xlsx,"나는 OLED 스크린의 뛰어난 반사적 코팅으로 인해 삼성 갤럭시 북5 프로 (Samsung Galaxy Book5 Pro)를 고려했지만 (나는 그것을 직접 확인했고 정말 좋아 보인다) 여전히 광택이 있고 햅틱 터치 패드는 없다. 또한 16 ""은 \ ~ 3.3 lbs에서 무거운면에 약간 있습니다."
keyword_reviews01.xlsx,"Geekerwan은 Snapdragon 8+ Gen 1이 Snapdragon 8 Gen 1에 비해 두 자리 수의 율 효율 이점을 가지고 있음을 발견했습니다.이 두 SoC는 동일하며, 전자는 TSMC 4NM에서 제조되었으며 후자는 삼성의 4NM에서 제조된다는 사실을 절약합니다. 따라서 삼성의 노드는 TSMC보다 열등하다는 것은 분명합니다."
keyword_reviews01.xlsx,"Lee Kun-Hee의 전략은 매우 간단합니다. 삼성의 다양한 장점을 활용하고, 단일 지점에서 전체 창공으로 팬이되어 둘러싸고 있습니다. 예를 들어, TSMC의 가장 큰 고객 인 Qualcomm을 마주 보면서 삼성은 ""구매를 사용하여 판매 기회를 찾는""방법을 채택하고, 삼성 전화기가 Qualcomm 칩을 구매하고 Qualcomm에게 칩 제조를 삼성으로 넘겨 주도록 설득했습니다. 애플의 경우, 삼성은 판매 전략에서 스토리지 칩, 디스플레이 패널 및 칩 파운드리를 함께 묶었 다."
keyword_reviews01.xlsx,"삼성의 번들링 전략은 반도체 회사가 비즈니스를 개발하는 일반적인 방법입니다. 예를 들어, Qualcomm은 또한베이스 밴드 가공의 장점을 사용하여 불가능한 상품을 잘 판매하는 상품과 짝을 이루고 있습니다. AMD는 또한 CPU 및 GPU를 함께 판매합니다. 삼성의 파운드리 매출은 2006 년에 7 천 5 백만 달러에 불과했지만 4 년 후 Apple의 Foundry를위한 A 시리즈 칩은 85%를 차지했습니다. 삼성의 칩 부서는 사과를 하나씩 먹음으로써 자랐다 고 말할 수 있습니다."
keyword_reviews01.xlsx,모델 번호 : 삼성 SSD 980 Pro 1TB
keyword_reviews01.xlsx,삼성 990pro 2TB
keyword_reviews01.xlsx,삼성 990 Pro 2TB SSD
keyword_reviews01.xlsx,"*** 프로 : ** 화면, 성능, 배터리 수명, 키보드"
keyword_reviews01.xlsx,"2025 Ninkear A15 Pro에는 TDP가 15W 인 AMD Ryzen 5 7430U가 있습니다. 이 CPU는 균형 잡힌 성능과 에너지 효율을 제공합니다. 16GB DDR4 3200MHz (하나의 모듈) 및 PCIE 3.0을 통해 연결된 1TB NVME SSD와 함께. 일상적인 작업, 멀티 태스킹, 까다로운 사무실 응용 프로그램 및 기본 이미지 또는 비디오 편집을 원활하게 수행 할 수 있습니다. 통합 AMD Radeon을 사용하면 적당한 설정에서 덜 까다로운 게임을 할 수 있습니다. Fortnite는 가장 낮은 설정에서 약 60fps로 전체 HD로 실행됩니다."
keyword_reviews01.xlsx,"Ninkear A15 Pro (2025 버전)는 가격과 성능 사이의 균형을 잘 제공하며 생산성, 멀티미디어 및 가끔 게임을위한 노트북을 찾고있는 사람들을 대상으로합니다. 학생, 홈 오피스 사용자 및 신뢰할 수있는 만능인이 필요한 사람에게는 Ninkear A15 Pro (2025)가 좋은 선택입니다. 회사 자체 온라인 상점의 가격은 현재 약 570 유로입니다. 이 장치는 독일에서 배송됩니다. 불행히도, 나는 지원 및/또는 보증 문제에 대해 아무 말도 할 수 없습니다."
keyword_reviews01.xlsx,2023 년 12 월부터 4070 GTX와 32GB RAM이있는 Lenovo Legion Pro 7이 있습니다. 몇 달 전에 일부 액체가 노트북에 쏟아졌습니다. 또한 팬들 근처의 주택을 깨뜨리는 낙상을 유지했습니다. 결과는 키보드가 작동하지 않으며 (창이 끝없이 팝업되게 함) 충전기를 올바르게 연결하기 위해 케이싱을 엉망으로 만들어야합니다. 그래서 나는 Bluetooth 키보드를 사용하고 그것을 연결하는 문제를 수용하는 데 몇 초만에 주택을 고정하는 데 몇 초가 걸립니다. 그래픽 카드 나 프로세서가 성능이 떨어 졌는지 알 수 없습니다. 나는 최근 BB에서 5080 Acer Helios Neo 16을 $ 1900에 집어 들었다. 내가 보관하거나 반환 해야하는지 확인할 때까지 상자에 앉아 있지 않았습니다. 나는 또한 LG Ultrawide 45GX950A를 얻었습니다. Helios의 성능과 능력이 증가한 것은 $ 1900의 가치가 있습니까? 나는 현재 내 와이드 스크린에 군단 USB-C를 가지고 있으며 다중 작업을 제외하고는 약간 느린 것처럼 보입니다. Raid Shadow Legends와 몇 가지 탐색 창이 위로 올라가면 Windows가 전환됩니다. Acer의 귀환에 대한 생각 또는 유지?
keyword_reviews01.xlsx,"지난 5 년 동안 저는 독점적으로 Apple 노트북을 사용해 왔습니다. 팔 라인업이 나왔을 때, 그것은 놀라운 배터리 수명과 견고한 성능 인 나에게 완벽한 솔루션처럼 느껴졌습니다. 지난 1 년 반 동안, 나는 ** MacBook Pro 14 ""M3 Pro (18GB RAM / 512GB SSD) **를 사용하여 주로 녹, 파이썬 및 타입 스크립트를 프로그래밍하는 데 사용했습니다."
keyword_reviews01.xlsx,"Lenovo ThinkPad T14S Gen 4 21F8-180도 힌지 디자인 -Md Ryzen 7 Pro -7840U 최대 5.1GHz -Windows 11 Pro -Radeon 780m-16 GB RAM -512 GB SSD TCG Opal 암호화 2, NVME, 성능 -14 ""IPS 터치 스크린 1920 x 12002020202.11A/B/aC/ (Wi -Fi 6e) - Deep Black -KBD : 영어"
keyword_reviews01.xlsx,"많은 글쓰기를 해야하는 사람으로서 나는 키보드와 트랙 패드를 많이 좋아합니다. 아주 좋은 촉각 느낌. 내가 직장에서 사용했거나 더 나은 MacBook Pro M1과 확실히 동등합니다. 조석 청록색은 화려하고, 빌드 품질은 좋고, 음질도 놀랍게도 좋으며, 경첩은 안정적으로 보이고, 성능이 칙칙해지며, FHD OLED 터치 디스플레이는 나에게 충분합니다. 팬은 무거운 하중으로들을 수 없지만 전반적으로 시끄러운 기계는 아니며 팬은 대부분 조용히 유지되었습니다."
keyword_reviews01.xlsx,"나는 약 7 년 동안 같은 MacBook Pro (2017)를 가졌습니다. 그것은 나에게 잘 봉사했지만 배터리가 마침내 포기하고 새로운 노트북을위한 시간입니다. 나는 현재의 벽돌이 많은 MacBook Pro보다 가볍고 약간 작은 것을 찾고 있기 때문에 새로운 2025 MacBook Air를 정말로 원했습니다. 다른 모든 장치는 Apple이기 때문에 랩톱에서 문자를 보내고 모든 장치를 매끄럽게 유지할 수 있습니다. 그러나 저는 대학원에 있기 때문에 Google Docs, Sheets, Drive 등에 Google Chrome을 지속적으로 사용합니다. 이것이 Mac의 배터리 수명이 크게 줄어든다고 생각합니다. 그래픽 디자인이나 게임에 노트북을 사용하지는 않지만, 여러 문서, 슬라이드 쇼 및 여러 탭/창이 주어진 시간에 열린 기사 사이에 멀티 태스킹을 자주합니다. 나는 Windows 노트북이 이와 같은 작업에 훨씬 더 나은 것이라고 말하는 것을 들었습니다. 그래서 어떻게해야합니까? 내가 알고 사랑하는 Mac OS를 유지하거나 잠재적으로 더 나은 성능을 위해 Windows로 전환해야합니까?"
keyword_reviews01.xlsx,"그래서 나는 Samsung Book5 Pro 360 (Intel Core 7 Ultra) ( 구입했습니다. 나는 PS5와 NS2를 가지고 있지만 God of War, Elden Ring 또는 Cyberpunk와 같은 까다로운 게임을 PC의 Cyberpunk와 같은 3 자 컨트롤러를 사용하는 것이 가치가 있는지 알고 싶습니다. 나는 증기 라이브러리를 확장하고 싶지만 콘솔이 있기 때문에 더 나은 하드웨어가 있다면 더 나쁜 그래픽과 성능으로 돈을 낭비하고 싶지 않습니다."
keyword_reviews01.xlsx,"5. 장기적으로 사용되는 측면에서, 흉터 17 SE의 모든 장점과 더 나은 성능에 대해 Legion 7의 더 나은 빌드와 냉각을 취하는 것이 낫습니까?"
keyword_reviews01.xlsx,좋아 나는 이것을 시도하고 짧게 만들려고 노력할 것입니다 대학 전 작년에 새로운 고등학교로의 전학에 관한 것입니다 HS와 대학의 작년에 Asus Rog Zephyrus를 구매하려고합니다 게임 개발과 3D 모델링을 할 예정이므로 더 많은 RAM이 필요합니다 나는 원래 2024 G14 W 32GB RAM과 4070에 착륙했습니다 문제는 내 지역에서 Best Buy가 그것을 운반하지 않기 때문에 최상의 옵션은 16GB RAM 또는 새로운 2025 G14 W 32GB RAM입니다 나는 새로운 50 시리즈 GPU로 많은 부정적인 리뷰와 버그를 들었으므로 나는 나에게 벽돌을 던질 수있는 노트북에 약 2000 달러를 소비하지 않았지만 다른 한편으로는 16GB의 RAM은 4 년 동안 사용할 기계에 대한 미래의 증거가 아닙니다 그렇다면 벽돌이지만 모든 기준에 맞는 노트북에 총알을 물어야합니까 아니면 몇 년 안에 교체해야 할 안전한 옵션으로 가야합니까
keyword_reviews01.xlsx,그렇다면 마지막 두 옵션 사이에 옵션이없는 이유는 무엇입니까 지금은 3700x를 가지고 있으며 내 D15는 일반적인 작업에서 약 72 76C 정도의 PBO 오버 클로킹으로 잘 냉각됩니다 따라서 더 나은 성능을 원한다면 두 가지 옵션이 있습니다 360mm AIO를 얻으십시오 360mm AIO는 연장 된 스트레스 테스트 및 옵션 제한 후 약 10 15 더 나은 성능을 얻을 수 있습니다 대부분 팬에게 내려오고 Noctua 팬이 누워있는 경우 그 모든 사람들에게 거의 동일한 성능을 얻을 수 있습니다 또는 사용자 정의 루프를 얻을 수는 있지만 문제는 유지 보수 문제 를 다루고 싶지 않다는 것입니다 나는 몇 년 동안 D15를 가졌습니다 1 년에 한 번은 먼지를 제거하기 위해 공기를 사용하고 30 초 후에는 새롭게 보이고 맞춤형 루프는 많은 유지 보수와 더 멋진 것이 필요합니다 더 많은주의를 기울여야합니다
keyword_reviews01.xlsx,TL DR CPU 코어 및이 기계의 모든 P 코어의 열 스로틀 링 센서는 코어 당 온도를 평균 75 80C 98 100 C에서 하락 로 줄이기위한 조치를 취 했음에도 불구하고 스로틀 링에 대한 근거가 거의없는 상태에 있습니다 왜 내가이 행동을 줄이거 나 그것이 그다지 의미가 없다는 것을 증명할 수 있는지 이해하려고 노력합니다 전력 문제 Re TDP보다 더 많은 것을 요청하는 코어 일 수 있습니까 그렇다면 H 시리즈 CPU에서 그것에 대해 무엇이든 할 수 있습니까 다른 아이디어가 있습니까
keyword_reviews01.xlsx,더 이상 품질 문제를 다루고 싶지 않습니다 그렇다면 Baseus가 신뢰할 수있는 브랜드인지 아는 사람이 있습니까 누구든지 제품을 사용한 사람이 있습니까 30 달러는 QI2 파워 뱅크에게는 정말 좋은 거래 인 것 같습니다
keyword_reviews01.xlsx,원래 사용하던 노트북이 너무 느려서 답답해질 무렵 아마 6년 넘게 사용한 듯 접한 사전예약 소식 디자인만 봐서는 맥북이지만 어차피 영상도 많이 안 보고 디자인 이런 작업을 하는 사람도 아니다 보니 일단 이 정도 목표 를 가지고 살펴봤습니다 혹시나 고장 났을 때 수리를 쉽게 받을 수 있는 서비스 편의성 무겁게 들고 다니는 것은 정말 딱 질색이기에 가벼운 노트북 적당한 선의 가격 200만 원 아래 또 삼세페다 뭐다 이벤트가 많더라고요 또 비교하다 보니까 이것도 또 중요하겠더라고요 키보드 키감 USB포트 최소 2개저의 지난 6년을 함께한 노트북도 LG 그램이었는데요 사실 블루투스 스피커 연결해서 사용해야 할 정도로 사운드 소리도 매우 작아서 잘 안 들림 가 정말 별로라고 생각하고 있었는데 검색하며 여러 글들을 읽어보니까 전문가분들 사이에서는 이미 유명했나 보더라고요 그런데 이번에는 음향도 뭐 개선됐다 하는 것 같고 사운드보다 무게와 키보드 자판을 누르는 느낌이 더 중요할 것 같아서 LG 그램 프로로 선택했어요 마침 이벤트로 LG전자 사이트에서 구입하면 Microsoft office 정품도 제공한다기에 혹해서 1월 15일 LG전자 라이브 방송도 챙겨봤을 정도로 사전 예약 혜택을 누리려고 열심이었는데요 다시 보니까 선택한 이 LCD모델 OLED모델 말고 기술 관련 지식이 없어 인터넷 글들을 읽으며 자세히 공부한 결과 LCD모델이 눈의 피로감이 덜하다는 것을 알게 되었어요 은 해당사항이 없기에 그냥 가격이 조금 더 저렴한 쿠팡에서 주문했습니다 삼성카드 카드 할인 때려 박고최종 결제가 약 1 624 000원 수준 256GB 저장용량 기준 저장할 것 많이 없어서 512GB대신 선택 그 밖의 사양은 WIN11 HOME LCD디스플레이 Anti Glare 인텔 코어 Ultra 5 프로세서 메모리 16GB 화면 16인치 1 199g 등그리고 1월 17일 로켓와우 배송으로 아침 7시가 되기 전에 받은 2024년 1월 따끈따끈한 신제품 노트북 박스가 엄청 크길래 놀랐는데 구성품은 간단했어요 노트북 충전기 사용설명서 끝 근데 옛날 노트북 사용하다가 요즘 제품으로 구입하니까충전 케이블도 동그란 구멍이 아니어서 신기했어요 14인치 사용하다가 16인치로 넘어오니까아주 큼직큼직하고요 자판도 기존 자판보다크기는 약간 작아진 느낌이지만 숫자 자판이 따로 빠져있어서 편하더라고요 사은품은 LG전자 사이트에서 별도로 신청한 후 1주일 후에 순차적으로 배송된다는데 사실 다른 것들은 상관없지만 무거운 마우스만 있어서 마우스가 빨리 왔으면 좋겠다는 소망이 원래 사용하던 노트북 14Z970 TA5IK 2017년 12월 제조 에 비하면 화면이 2인치 커져서 보기 편하기는 무게는 무거워지기는 했어요 그래도 1 199g으로 다른 노트북에 비하면 여전히 가벼운 편이기는 해요 예전 노트북은 터치스크린이어서 마우스가 없어도 됐는데 이제는 마우스 필수 터치패드 불편해하는 1인 그렇다고 터치로 가자니 가격이 확 높아져서 이 정도로 만족하고 사용하렵니다 백수 되고 아끼며 살려고 했는데 어째 큰돈 쓸 일이 자꾸 생김 쳇 받자마자 하루 동안 자꾸 팬 돌아가는 소리가 요란하게 나는 것이 조금 거슬리기는 했지만 또 오늘은 괜찮은 것 같은 새로운 노트북 개봉 비전문가 라기 보다 기계를 잘 모르는 30대 가 이틀 사용한 간단 내돈내산 후기였습니다
keyword_reviews01.xlsx,오늘의 글은블로그를 쓴다면 꼭 쓰고 싶었던 주제인내돈내산 후기 이 후기의 주인공은 제목에서 봤다시피 LG Gram 14인치 절대 양보 못 하는 노트북 고르는 기준은1 무게2 믿을 수 있고 빠른 s그렇다 난 그램파 구성품구성품은 노트북과 충전기 사용설명서정도 인간적으로 14인치가 그렇게 비싸면서 마우스라든가 파우치라든가 줘야하는거 아닙니까 플러스 왜 검정은 10만원 더 비싼건지 예쁘긴했다 사양간단한 문서 작업이면 이정도면 충분해요 라는 말에 속아i3 4G인 걸 샀는데 2018년도쯤 간단한 문서 작업이라도 i5 8G인걸 추천한다정말 RAM 8G 넘어야한다 안 그러면 과제 제출 기간에 눈물을 머금을수도 덕분에 지금 한글 워드 pdf 유튜브 강의 다 틀어놓아도 문제없다 화면 크기13인치 15인치는 많이 봐서 예상이 가는데 13인치는 너무 작고 15인치는 약간 크고 반신반의하면서 실물 보러 갔는데 작아보인다는 느낌이 1도 없어서 그냥 당장 14인치로 골랐다15인치에서 옆에 숫자패드 포기하면 된다난 포기할 수 있어서 했다 가장 중요한 무게무게는 약 999g으로 1kg도 안 된다 이전 노트북인 15인치가 1 2kg정도였는데 교재랑 같이 들고 다니려면 1 2kg도 무거웠다 이 14인치 어느 가방에도 대부분 다 들어가고 무엇보다 폰 잃어버려서 노트북으로 위치 추적하느라 막 들고 다녔는데 가벼워서 30분정도는 가뿐히 손에 들고 다녔다 너무 좋아여 지금 사용한지 한달이 다 되어 가는데발열도 거의 없고 렉도 안 걸리고 타이핑도 오타 없이 쓰기 편한듯 전보다 좀 더 깊게 눌린다고 하는데 우다다다 타자감이 있어서 분노의 타이핑 가능 너무 찬양하는 것처럼 글을 쓰긴 했는데 진짜 무게에서 100점 만점에 95점은 먹고 들어간다 나중에 단점이 보이면 그걸로 포스팅해볼게욥마무리는 과제를 하기 위한 준비물 엘지 엘지그램 그램 lg gram
keyword_reviews01.xlsx,블로그 운영 및 개인적으로 소설을 작성하고 있어서 미루다 미루다 결국 노트북을 구매하게 됐다 노트북에 대해 아는게 워낙 없다보니 고민을 많이 하게 됐는데처음엔 무난하게 삼성에서 구매하려다가 이웃집 나냥이의 추천으로 lg그램을 보게 됐다 제품명 LG 그램 17Z90S GAOWAK구매시기 25년 5월 6일구매처 LGE COM 공식앱사용목적 웹서핑 포토샵 집필1장 주요 사양모델명 LG 그램 17Z90S GAOWK운영체제 Windows 11 Home프로세서 인텔 코어 Ultra5 125H 최대 4 5GHz 14코어 4P 8E 2LE 그래픽 인텔 Arc 내장 GPU 7코어 메모리 16GB LPDDR5 온보드 교체 불가 저장장치 512GB NVMe SSD 확장 슬롯 1개 포함 디스플레이 17인치 WQXGA 2560x1600 16 10 비율 350nit 밝기 DCI P3 99 색재현율무게 1 35kg배터리 77Wh 최대 21 5시간 사용 가능포트 구성 USB A 2개USB C 썬더볼트4 2개HDMIMicroSD 카드 슬롯기타 기능 AI 전용 엔진 Intel AI Boost 11TOPS 얼굴 인식 로그인MIL STD 810G 군용 내구성 인증독립형 숫자 키패드 및 키보드 백라이트초경량 대화면 17인치 대화면임에도 1 35kg의 가벼운 무게로 휴대성이 뛰어나다 AI 기능 지원 Intel AI Boost 엔진을 통해 AI 기반 작업에 최적화되어 있다 긴 배터리 수명 77Wh 배터리로 최대 21 5시간 사용 가능하여 외부 작업 시 유리하다 다양한 포트 구성 USB A USB C 썬더볼트4 HDMI 등 다양한 포트를 지원하여 확장성이 높다 내가 사용하기엔 아주 적합한 사양이었다 화려하게 쓸 것도 아니고 웹서핑과 포토샵 일러스트 및 디자인 템플릿 정도 쓰니까 2장 가격LG 그램 43 1cm SSD 512 GB NVMe 확장 슬롯 1 PCIe 4 0 x 4 노트북 2024 17Z90S GAOWK LG전자LG 그램 43 1cm SSD 512 GB NVMe 확장 슬롯 1 PCIe 4 0 x 4 노트북 2024 17Z90S GAOWK는 RAM 16 GB 와 배터리는 77 리튬 이온 배터리 이며 인텔 코어 Ultra5 프로세서 125H와 고해상도 디스플레이를 통해 최적의 퍼포먼스와 성능을 제공합니다 가볍고 강력한 LG 노트북의 가격 스펙 등 제품 정보를 확인하세요www lge co krLG전자 공식 스토어 정가 2 540 000원에서 37 할인된 1 590 000원에 판매 중다나와 최저가 1 590 000원부터 시작나는 lge com 어플에서 이벤트할인으로 1 490 000원에 구매했다 처음엔 200만원이 넘는 25년형 노트북을 구매해야하나 싶었지만 생각하면 생각할 수록 굳이 라는 걸 지울수가 없어서 충분히 사용하기 좋은 이 노트북으로 구매하게 됐다 3장 언박싱처음에는 설치기사님이 오신다길래 노트북가지고 왜 설치기사님이 오시지 내가 문화에 덜떨어져서 기사님이 오셔서 친절히 뭘 알려주시려나 했는데 진짜 그냥 가져다 주러 오신거임 그렇게 우두커니 받게 된 LG GRAM 박스 덜렁 뭔가 쇼핑백이 의인화 되어 기사님이 직접 오신 느낌 그런가 뭔가 이상한데 괜찮았다 뭐 별거 있겠나 싶었는데진짜 별거 없고 그냥 다른 노트북이랑 똑같다 아이폰마냥 모던하게 깔끔했다 그나저나 마우스 패드랑 마우스가 없을줄은 몰랐는데 사야될게 늘어나고 있다 그래도 윈도우깔아서 보내주는게 어디야 아닌가 오오 깔끔하당 뭔가 삼성과 애플의 중간 이미지 뽀짝한것 같으면서도 모던하네 사실 오랜만에 노트북을 만지는거라 4년만에 가벼운지 안가벼운건지 모르겠다 이전에 사용했던 삼성 노트북이 모니터 화면 터치패드도 되고 탭으로도 되는 280만원짜리 고가의 노트북이었어서 역체감 안느끼는게 어디야 아 혹시라도 카페나 아니면 어디 놀러가서 노트북을 첫 오픈 하겠다고 생각하는 사람이 있다면 격하게 말리겠다 업데이트 및 설치 하는데 엄 청 오래걸림 진짜 이거 되는거 맞아 라고 생각이 들정도로 오래걸렸다 그러니 어디 가기전에 적어도 첫 개시는 하고 갈 것 생각보다 터치패드가 크길래 엥 했는데 가만 보니 화면이 꽤나 컸다 집에 있는 32인치 커브드모니터가 꽤 큰데 생각보다 꿀리지 않는다 블로그나 소설을 쓰면서 분할화면이 꼭 필요한 입장인데 그렇기 때문에 큰 화면이 꼭 필요했다 그렇다보니 생각보다 큰 화면은 너무나도 좋게 다가왔다 생각했던 것 보다 화질이 좋다 색감 구현이 탁월하다던데 명성 다웠다 보여지는 화면 자체도 깔끔하고 군더더기 없이 딱 좋았다 컴퓨터 로딩시간은 적당한 것 같다 얼굴인식이 되는게 너무 좋다 인식도 잘 하고 더딘거 없이 바로바로 되니까 본영상에서는 핸드폰을 들고 있어 인식이 조금 늦었다 4장 장점 단점 장점가벼운 무게 약 1 35kg 17인치임에도 들고 다닐 수 있을 정도의 경량학생 직장인 이동용으로도 부담 없음큰 화면 고해상도 WQXGA 2560x1600 넓은 작업 공간문서 작업 멀티태스킹 넷플릭스 감상용으로 시원함최신 인텔 14세대 Core Ultra 5 탑재 Ultra 5 125H 전 세대보다 향상된 성능과 전력 효율AI 작업 가속 NPU 탑재 가능빠른 SSD 속도 Gen4 NVMe 확장성도 우수듀얼 SSD 슬롯 구성작업속도와 저장공간 확보에 유리대용량 배터리 77Wh 실제 사용 기준 10시간 전후어댑터 없이 하루 버티는 것도 가능다양한 포트 구성HDMI 썬더볼트4 USB A microSD 슬롯 등 기본기 탄탄윈도우 11 탑재바로 사용 가능 OS 설치 부담 없음 단점고가의 가격대 170 190만 원대 같은 성능의 노트북 중에서는 다소 비쌈브랜드 프리미엄과 휴대성에 대한 비용 포함스피커 음질이 다소 빈약볼륨 저음 부족하다는 평가 있음영화나 음악 감상에는 외부 스피커 이어폰 권장발열고사양 작업 시 팬이 민감하게 작동게이밍에 부적합내장 GPU Intel Arc 라 고사양 게임용으로는 부족라이트한 게임이나 캐주얼 용도로 한정디자인 변경 폭 적음 이전 세대와 유사 외관이나 키보드 배열은 크게 달라지지 않음2023 모델과 비교 시 차이점을 체감하기 어려움자판 무게자판 누르는게 약간 무겁게 느껴짐 집필하는 사람들에겐 조금 부담스러울 듯5장 총평묵직한 가격만큼 꽉 찬 성능 글 쓰는 사람에겐 믿고 쓰는 대형 경량 노트북
keyword_reviews01.xlsx,LG gram 15 15Z995 V CPU 10세대 인텔 코어 i5 10210U 프로세서 OS Windows 10 Home 64 비트 SSD 512 GB M 2 NVMe 확장 슬롯1 메모리 용량 8GB 72Wh 대용량 배터리생일 맞아 노트북을 구매했다 항상 노트북을 끼고 살았지만 내 노트북을 갖는건 처음 언니꺼 동생꺼 항상 얻어씀 가장 처음 노트북을 써본건 대학생때 언니의 삼성 노트북이엿나 매우 크고 무거웟던걸로 기억노트북이지만 컴퓨터 들고 다니는 것처럼 무거워서 잘 손이 안가던 노트북이였다그 다음 동생의 레노버 노트북은 매우 가벼워서 좋았다 드디어 휴대가능한 노트북 쓰는 기분 그러나 쓰다보니 화면이 너무 작아서 시야가 가려진듯 넘 답답한 느낌 그러다보니 여러 파일을 열어두고 정밀한 작업을 할때면 다시 컴퓨터행그래서 이번에 노트북을 구매할 때 무엇보다 화면이 크고 가벼운 노트북을 구매하고 싶었는데이 노트북이 딱 그렇다 일단 lg gram 15 노트북의 무게는 1099g이라던데 실제로 정말 가볍당전에 썼던 레노버 노트북도 가벼운 노트북이였는데 이 노트북은 화면도 큰데 정말 얇고 더 가볍다 한손으로 들어도 손목에 전혀 무리 없는 노트북이다 화면도 매우 큰 것도 나는 매우 맘에 드는 점인데찾아보니 화면크기 39 6cm로 꽤 넓직하게 잘빠졌당 맨날 작은 노트북 화면만 보다가 lg gram 15으로 넘어오니 개안한 느낌이다 화면이 답답하지 않아 좋다 정말 최고 출처 LG 그램 15 노트북 15Z995 VR5DK LG전자 lge co kr 얇고 가벼워서 안튼튼한거 아냐 라고 생각했었는데이런 테스트까지 했다니 내구성도 좋을 것 같다 뭔가 구성품은 노트북 충전기 설명서 주의사항안내서 타자보호기로 구성되어 있다여기에 나는 서비스로 마우스 챙겨주신 것 까지 찍어봤다 박스 개봉 후 비닐잡고 본체 들어준 후 구성품 확인하고노트북 비닐제거하면 끝 사실 사용할때보다 구매해서 개봉할때가 제일 설레고 행복하당이상 내돈내산 노트북 구매 후기였다 생각보다 가격대비 매우 만족스러운 노트북이라서 포스팅 해보았다가벼우면서 큰 화면의 노트북을 찾는 분들에게 강추
keyword_reviews01.xlsx,안녕하세요 몸매만박재범입니다 오늘은 lg그램 노트북 3년동안 사용해본 후기 및 lg그램을 추천할 만한 분들에대해서 말씀드려보고자 합니다 평소에 업무때문에 노트북만 2개를 동시에 사용할 정도로 노트북 사용량이 많은편입니다 이런 lg 그램을 구입했던 이유는 여러가지가 있지만 가벼움이 주는 특 장점때문이엇습니다 1 가벼움의 힘업무로인해서 계속 노트북을 등고 다닐일이많은데 사실 노트북이 1 5킬로만 넘어도 엄청난 부담이 됩니다 노트북에 충전기에 마우스등 이것저것 챙기다보면 힘이 쭉 빠져서 업무를 할 맛이 안생기게 돼죠 그럼점에 있이서 Lg 그램은 타사 제품에 비해 너무나 가벼운 특장점이 있습니다 lg노트북하면 gram이 떠오를정도로 그램은 강력한 아이덴티티를 lg에 선사했죠 저 얇은 두께가 보이시나요 대부분의 노트북은 1 5킬로 이상인데 사용하는건 1킬로대로 매우 가볍답니다 한번 이렇게 얇은것을 쓰면 더 무거운것은 부담이되어 못쓰게 됩니다 한번 그램은 영원한 그램 2 가볍지만 성능도 무난그렇다고 가볍기만 하고 다른것들은 장점이 없는것은 또 아니랍니다 왠만한 기본 문서 작업 및 포토샵같은 것도 무난히 다 가능하구요 저용량의 게임도 잘 돌아간답니다 사무용 혹은 까페에서 간단 업무보려는 분들에게 추천드리는 제품이 되겠습니다 게임을 더 자주 하는 분에게는 솔직히 권해드리는 제품은 아닙니다 3 잔고장 없는 노트북2019년도에 구입하였는데 아직 아무 이상도 없고 잔고장 한번 나지 않아서 아직 새 노트북을 구입할 필요성을 못느끼고 있습니다 지금까지 고장없이 잘 쓰고있지만 혹시 잔고장이 나도 LG는 워낙 에프터 서비스가 좋아서 불안 없이 잘 쓰고 있답니다 전화로 노트북 관해서 궁금한거 물어봐도 상담원분들이 잘알려주니 부모님 노트북으로도 추천 오늘은 가벼운 경량 노트북 lg 그램 노트북 내돈내산 후기였습니다 평소에 할인 안하기로 유명한 LG에서 업그레이드 버전의 22년도형 그램 노트북이 한정수량 할인행사가 진행중이라고하니 관심있는분들은 아래 링크 확인해보세요 22년도 LG 그램 할인가 링크 바로가기이상 후기 읽어주셔서 감사합니다 새해 복 많이 받으시길 LG노트북 그램 실사 영상재생3좋아요000 12접기 펴기LG노트북 그램 실사 영상
keyword_reviews01.xlsx,노트북을 구매하려고 직장 동료에게 물어보니 단연 그램을 추천하더라고요 가볍데 들고 다니며 워드작업 위주로 할거라 가볍고 그렇다고 성능이 떨어지지 않으면 좋겠다고 했는데 가격대비가성비 좋은 노트북이라고 추천을 받아 구입햤어요 받아보니 너무 가볍고 속도도 빨라요 할인 받아 저렴하게 구입해 너무 좋습니다 추천드립니다
