pros_sentence_english,pros_sentence_korean,translation_status
"My options seem to be a LG Gram 16, but I do not remember anymore what model was the good one... or the yoga pro 9i gen10 aura edition. (was checking this https://www.lenovo.com/es/es/p/laptops/yoga/yoga-pro-series/yoga-pro-9i-10ª-generación-(aura-edition)-16-inch-intel/len101y0063 )",내 옵션은 LG Gram 16 인 것처럼 보이지만 더 이상 어떤 모델이 좋은 모델인지를 기억하지 못합니다 ... 또는 Yoga Pro 9i Gen10 Aura Edition. (이 https://www.lenovo.com/es/es/es/p/laptops/yoga/yoga-pro-series/yoga-pro--9i-10ª-generación-(aura-edition) 16-inch-intel/len101y0063),success
Tuning LG Gram Pro 17 for productivity? Lack Snappy feeling..  Any Tips?,생산성을 위해 LG Gram Pro 17을 조정합니까? 칙칙한 느낌이 부족합니다 .. 어떤 팁이 있습니까?,success
"I have LG Gram Pro 17 32GB Ultra 7. Even setting FAN to HIGH, Turned off Energy Saving feature.",나는 LG Gram Pro 17 32GB Ultra 7을 가지고 있습니다. 팬을 높음으로 설정하고 에너지 절약 기능을 끄했습니다.,success
Help doing clean install of LG gram Pro 16Z90TS.G.AU89A1,LG Gram Pro 16z90ts.g.au89a1의 정리 설치를 수행하십시오,success
I just got a LG gram pro 16Z90TS.G.AU89A1,방금 LG Gram Pro 16z90ts.g.au89a1을 받았습니다,success
I’m considering getting a 2025 lg gram pro and wanted to check whether the 255h model is ok to use the laptop on my lap or does it get too hot due to the powerful cpu? Would the Ultra 7 258V version be a better choice?,2025 LG Gram Pro를 얻는 것을 고려하고 있으며 255H 모델이 내 랩에서 노트북을 사용하는 것이 괜찮은지 또는 강력한 CPU로 인해 너무 뜨거워 지는지 확인하고 싶습니까? Ultra 7 258V 버전이 더 나은 선택일까요?,success
Double-sided SSDs for LG gram Pro 2-in-1 16 Inch?,LG Gram Pro 2-in-1 16 인치의 양면 SSD?,success
"I'd like to get a LG gram Pro 2-in-1 16 Inch, Thin and Lightweight Laptop, Windows 11 Home, Intel® Evo Edition - Intel® Core™ Ultra 7 Intel® Core™ Ultra7 (Series 2) 255H, 32GB RAM, 2TB (2x1TB) SSD, Black (model 16T90TP-K.ADB7U1)","LG Gram Pro 2-in-1 16 인치, 얇고 경량 노트북, Windows 11 Home, Intel® Evo Edition-Intel® Core ™ Ultra 7 Intel® Core ™ Ultra7 (시리즈 2) 255H, 32GB RAM, 2TB (2x1TB) SSD, Black (모델 16T90TP-K.ADB7U1)를 얻고 싶습니다.",success
"I am debating between the LG Gram (16Z90TL-H.AUB9U1) with Ultra 9 (serries 2), touchscreen IPS, and 60 Hz refresh rate or the LG Gram Pro (16Z90TS-G.AUG7U1) with Ultra 7 (serries 2), non-touch IPS and 144 Hz refresh rate.   I will be using a lot of excel, photo editing, and web browsing.  I like the better refresh rate and the fact the Pro comes with two fans (so I am assuming it is quieter).  However, the 9U1 has the better processor.  Also I can't decide if a touch screen with a lower refresh rate is right for me vs. a better refresh rate with no touchscreen.  Any one have any guidance?","나는 Ultra 9 (Serries 2), 터치 스크린 IPS 및 60 Hz Refresh Rate 또는 LG Gram Pro (16Z90TS-G.AUG7U1)를 사용하여 LG 그램 (16Z90TL-H.AUB9U1)을 토론하고 있습니다.   나는 많은 엑셀, 사진 편집 및 웹 브라우징을 사용할 것입니다.  나는 더 나은 새로 고침 속도를 좋아하고 프로에는 두 명의 팬과 함께 제공됩니다 (그래서 조용한다고 가정합니다).  그러나 9U1에는 더 나은 프로세서가 있습니다.  또한 새로 고침 속도가 낮은 터치 스크린이 나에게 적합한지를 결정할 수 없습니다.  누구든지 안내가 있습니까?",success
Screen Protector for LG Gram Pro 16 2-in-1,LG Gram Pro 16 2-in-1 용 스크린 프로텍터,success
"After all these discussions here about thermal paste being applied inadequately at the factory and my 2023 LG Gram Pro 16in with the RTX3050 badly thermally throttling, I decided to bring it to a technician to reapply thermal paste. The original paste was very well applied but it had dried up after 2 years of almost of 10hrs daily of heavy use. Now the processor temps are back to normal, no more thermal throttling. The heat pipes of the Grams are very thin and light, I suggest following this route and reapply thermal paste if you feel your Gram overheats compared to when it was new. I provided to the technician the new PTM7950 pad, works well for the GRAM.",공장에서 열 페이스트가 부적절하게 적용되는 것에 대한 이러한 모든 논의 후 RTX3050이 열적으로 스로틀링 된 2023 LG Gram Pro 16in에 대해서는 열 페이스트를 다시 적용하기 위해 기술자에게 가져 오기로 결정했습니다. 원래의 페이스트는 매우 잘 적용되었지만 매일 거의 10 시간 동안 2 년 동안 2 년 동안 건조되었습니다. 이제 프로세서 온도가 다시 정상으로 돌아와서 더 이상 열적지가 없습니다. 그램의 열 파이프는 매우 얇고 가볍습니다.이 경로를 따르고 그람 과열이 새로운시기에 비해 과열을 느끼면 열 페이스트를 다시 적용하는 것이 좋습니다. 나는 기술자에게 새로운 PTM7950 패드를 제공했으며 그램에서 잘 작동합니다.,success
Anyone know when we can expect the LG Gram Pro laptops to be released with the new RTX 50-series graphics chips?,LG Gram Pro 노트북이 새로운 RTX 50 시리즈 그래픽 칩과 함께 출시 될 것으로 예상 할 수있는시기를 아는 사람이 있습니까?,success
"I can't get the speakers to work. I have it connected to my Macbook Pro using the USB-C to USB-C cable, but when I go into settings and set the sound output to the monitor, the sound volume control is not adjustable.",스피커를 작동하게 할 수 없습니다. USB-C에서 USB-C 케이블을 사용하여 MacBook Pro에 연결했지만 설정으로 들어가 사운드 출력을 모니터로 설정하면 사운드 볼륨 컨트롤을 조정할 수 없습니다.,success
there is so much space on these LG Gram Pro models.,이 LG Gram Pro 모델에는 많은 공간이 있습니다.,success
"LG Gram Pro 17"" 2025 - beyond insulting thermal paste application, 80% of the die was naked; awful thermal design too, plenty of room for bigger heatpipe and heatsink. This is aswful engineering from LG. This laptop could have used much higher power limits.","LG GRAM PRO 17 ""2025- 모욕 열 페이스트 응용 프로그램을 넘어서, 다이의 80%는 알몸이었고, 끔찍한 열 디자인, 더 큰 히트 파이프 및 히트 싱크를위한 충분한 공간이 많았습니다. 이것은 LG의 끔찍한 엔지니어링입니다.이 노트북은 훨씬 더 높은 전력 한계를 사용할 수있었습니다.",success
I made an imgur post with photos and comments under each photo here: [https://imgur.com/gallery/lg-gram-pro-17-2025-17z90tp-g-ad88a1-teardown-shocking-thermal-paste-application-reapplication-23T3YYi](https://imgur.com/gallery/lg-gram-pro-17-2025-17z90tp-g-ad88a1-teardown-shocking-thermal-paste-application-reapplication-23T3YYi),각 사진 아래에서 사진과 댓글이 포함 된 Imgur 게시물을 만들었습니다. [https://imgur.com/gallery/lg-gram-gram-pro-17-2025-17z90tp-g-ad88a1-teardown-shocking-thermal-paste-application-reapplication-23t3yyi] (https://imgur.com/gallery/lg-gram-gram-pro-17-2025-17z90tp-g-ad88a1-teardown-shocking-thermal-paste-application-reapplication-23t3yyi),success
LG Gram Pro 17 2025 (17Z90TP Core Ultra 7 255H) - how to make this laptop (and other grams) run like hell,LG GRAM PRO 17 2025 (17Z90TP Core Ultra 7 255H) -이 노트북 (및 기타 그램)을 지옥처럼 작동시키는 방법,success
Can LG Gram Pro 16 2-in-1 2025...,LG Gram Pro 16 2-in-1 2025 ...,success
Can LG Gram Pro 16 2-in-1 2025 16T90SP 2800x1800 :,LG Gram Pro 16 2-in-1 2025 16T90ST 2800X1800 :,success
"I then attempted to get it to boot from my USB stick which had a bootable version of Windows 11 Pro, but simply highlighting the USB stick did not work ... Again I tried to find a solution and I read somewhere to use F10 at boot. Holding down the F10 key, I was able to temporarily Boot to the USB stick and was able to load and install Windows 11 Pro successfully.",그런 다음 Windows 11 Pro의 부팅 가능한 버전이있는 USB 스틱에서 부팅하려고 시도했지만 USB 스틱을 강조하는 것은 작동하지 않았습니다 ... 다시 솔루션을 찾으려고 노력했고 부팅시 F10을 사용할 곳을 읽었습니다. F10 키를 유지하면서 USB 스틱에 일시적으로 부팅 할 수 있었고 Windows 11 Pro를 성공적으로로드하여 설치할 수있었습니다.,success
LG gram pro 2025 pre-installed apps?,LG GRAM PRO 2025 사전 설치 앱?,success
"Hi, i wanna know what apps come pre-installed in the new Lg Gram Pro laptops. Can anyone please confirm if it comes with microsoft teams?","안녕하세요, 새로운 LG Gram Pro 노트북에 어떤 앱이 사전 설치되어 있는지 알고 싶습니다. Microsoft 팀과 함께 제공되는지 확인할 수 있습니까?",success
"Gram Pro 17 2025 with RTX owner, benchmarks?","RTX 소유자가있는 Gram Pro 17 2025, 벤치 마크?",success
"This is my first post here because *I'm stuck with this dilemma* (if that's how you say it 😅). I’m torn between these two laptops, whose specs I’ll detail below. I’ve been weighing the pros and cons of each model, but I just can’t make up my mind — so I’d really appreciate a ray of light to help me choose wisely.",* 나는이 딜레마에 붙어 있기 때문에 이것은 나의 첫 번째 게시물입니다. 이 두 랩톱 사이에서 찢어졌으며 아래의 사양은 아래에 자세히 설명합니다. 각 모델의 장단점을 평가해 왔지만 마음을 사로 잡을 수는 없습니다. 그래서 현명하게 선택하는 데 도움이되는 빛의 광선에 감사드립니다.,success
"For context: I’m coming from a Lenovo Ideapad Pro 5 (14"") Ryzen 5 U, 16gb RAM, etc. I bought that laptop for its size and weight, since I often take it with me when I travel — although traveling is not my main use case. My primary use is reading and some multimedia consumption. I also want enough power to play some older games (nothing from the last 5–6 years), so I’m not looking for a full-on gaming laptop. Ideapad would be now to my mamma, for her personal purpose it's enough.","문맥 : 저는 Lenovo IdeaPad Pro 5 (14 "") Ryzen 5 U, 16GB RAM 등에서 나왔습니다. 여행 할 때 종종 여행 할 때 나와 함께 가져 가기 때문에 랩톱을 구입했습니다. 이제 그녀의 개인적인 목적으로 충분합니다.",success
"* But I also found the Lenovo, which offers a bit more power and is very tempting.Of course, each has its pros and cons, which I’ll detail next.",* 그러나 나는 또한 더 많은 힘을 제공하고 매우 유혹적인 Lenovo를 발견했습니다. 물론 각 장단점이 있습니다. 다음에 자세히 설명 할 것입니다.,success
**Pros of the LG Gram 16Z90TL-G.AU88B**,** LG 그램의 장점 16z90tl-g.au88b **,success
**Pros of the Lenovo ThinkBook 16 G8 IAL**,** Lenovo Thinkbook의 장점 16 G8 IAL **,success
Macbook Air M4 or LG gram Pro 16Z90TL,MacBook AIR M4 또는 LG GRAM PRO 16Z90TL,success
I've seen the LG gram Pro 16Z90TL with an Intel Core Ultra 7 256V.,나는 Intel Core Ultra 7 256V가있는 LG Gram Pro 16Z90TL을 보았습니다.,success
zenbook s16 hx 370 vs lg gram pro 16 rtx 3050 Ultra 7 155H,Zenbook S16 HX 370 vs LG Gram Pro 16 RTX 3050 Ultra 7 155H,success
"I have the lg gram pro 16, how much better is the newer zenbook s16 hx370?",LG Gram Pro 16을 가지고 있습니다. 최신 Zenbook S16 HX370이 얼마나 더 좋습니까?,success
"My first intuition was the Surface pro 13, but that is using Qualcomm's ARM chipset and won't be compatible with some of my steam games.",첫 직관은 Surface Pro 13 이었지만 Qualcomm의 팔 칩셋을 사용하고 있으며 일부 증기 게임과 호환되지 않습니다.,success
Would prefer something like the Surface Pro but more powerful (and no ARM SoC),Surface Pro와 같은 것을 선호하지만 더 강력합니다 (그리고 Arm Soc 없음),success
**9. Pros and Cons:**,** 9. 장단점 : **,success
"* **Pros:** Screen, performance, battery life, keyboard","*** 프로 : ** 화면, 성능, 배터리 수명, 키보드",success
"This is a well-built laptop where the pros far out-weigh the cons. The OLED screen is fantastic and it has been a pleasure watching content in a darkened room. It is very easy to travel with, having all-day battery life and a thin and light form factor.",이것은 전문가가 단점을 넘어서는 잘 지어진 노트북입니다. OLED 화면은 환상적이며 어두운 방에서 콘텐츠를 보는 것은 즐거웠습니다. 하루 종일 배터리 수명과 얇고 가벼운 형태의 요인으로 여행하기가 매우 쉽습니다.,success
My budget has to stay within $800\~1000. I'm going to sell my current laptop - lenovo legion 5i pro RTX3060 and hopefully make back at least $500 or so to soften the blow on the wallet.,내 예산은 $ 800 \ ~ 1000 이내에 있어야합니다. 나는 현재 노트북 -Lenovo Legion 5i Pro RTX3060을 판매 할 것입니다. 지갑의 타격을 부드럽게하기 위해 적어도 500 달러 이상을 되 찾을 수 있기를 바랍니다.,success
LG Gram Pro 16 vs Yoga 7i Aura Edition 15 inch,LG Gram Pro 16 대 요가 7i Aura Edition 15 인치,success
"Title says it all, just wanted to know. Im rocking an LG gram (not sure exact model but it's got the ultra 7 155h, 15.3 inch touchscreen, 16gb ram, one tb4 and one regular usbc, wifi 6e), and it's my first PC (started out on a macbook pro from 2019) and besides me personally just really liking microsoft much better, I looooove how light this thing is in comparison!","제목은 모든 것을 말하고 알고 싶었습니다. IM은 LG 그램 (정확한 모델은 확실하지만 정확한 모델은 확실하지만 15.3 인치 터치 스크린, 16GB RAM, 1 개의 TB4 및 1 개의 일반 USBC, WiFi 6E)을 받았으며, 첫 번째 PC (2019 년부터 MacBook Pro에서 시작)입니다.",success
Samsung Galaxy Book 5 Pro 16 vs LG Gram Pro 16 (2025 models),삼성 갤럭시 책 5 Pro 16 vs LG Gram Pro 16 (2025 모델),success
[Samsung](https://www.samsung.com/us/computing/galaxy-books/galaxy-book5-series/buy/galaxy-book5-pro-16-intel-core-ultra-7-1tb-gray-np960xha-kg3us/) link,[Samsung] (https://www.samsung.com/us/computing/galaxy-books/galaxy-book5-series/buy/galaxy-book5-pro-16-intel-core-ultra-7-1tb-gray-np960xha-kg3us/) 링크,success
ASUS Zenbook S14 vs. Lenovo Yoga Slim 7i Aura 15 vs. LG gram Pro 16/17 - which would you choose?,Asus Zenbook S14 vs. Lenovo Yoga Slim 7i Aura 15 vs. LG Gram Pro 16/17- 무엇을 선택 하시겠습니까?,success
"[LG gram Pro 16 - $1,550.00](https://www.amazon.com/LG-16-inch-Lightweight-Laptop-Intel/dp/B0CTD2QP53/ref=asc_df_B0CTD2QP53?th=1)  |  [LG gram Pro 17 - $1,596.98](https://www.amazon.com/LG-16-inch-Lightweight-Laptop-Intel/dp/B0CTD2QP53/ref=asc_df_B0CTD2QP53?th=1)","[LG Gram Pro 16- $ 1,550.00] (https://www.amazon.com/lg-16-inch-lightweight-laptop-intel/dp/b0ctd2qp53/ref=asc_df_b0ctd2qp53?th=1) |  [LG Gram Pro 17- $ 1,596.98] (https://www.amazon.com/lg-16-inch-lightweight-laptop-intel/dp/b0ctd2qp53/ref=asc_df_b0ctd2qp53?th=1)",success
Alternatives to Galaxy Book5 Pro 360,Galaxy Book5 Pro 360의 대안,success
"I'm looking into a laptop for university, one with pen support and 360 mode for writing notes and drawing. It seems to me like the best option is Samsung's Book5 Pro 360, but I wanted to see if anyone had any recommendations. Some things that are important to me:",나는 대학을위한 노트북을 찾고 있습니다. 최선의 선택은 Samsung의 Book5 Pro 360 인 것 같습니다. 그러나 누군가가 권장 사항이 있는지 확인하고 싶었습니다. 나에게 중요한 것들 :,success
"I've narrowed it down to the Samsung Book 5 Pro 360, LG Gram Pro 2 in 1 OLED (Hopefully the 2025 version if that comes out soon) and Lenovo Yoga 9i ""Aura edition""","나는 그것을 Samsung Book 5 Pro 360, 1 OLED의 LG Gram Pro 2 (곧 나오면 2025 버전) 및 Lenovo Yoga 9i ""Aura Edition""으로 좁혔습니다.",success
"Looking to set up a home office. Originally was planning to get a desktop computer, but realized the functionality of a laptop makes more sense. Purchasing an LG gram Pro for reference.",홈 오피스를 설립하려고합니다. 원래 데스크탑 컴퓨터를 얻을 계획 이었지만 랩톱의 기능이 더 의미가 있음을 깨달았습니다. 참조를 위해 LG 그램 프로 구매.,success
asus zenbook s16 ryzen ai vs lg gram pro 16 rtx 3050,Asus Zenbook S16 Ryzen AI vs LG Gram Pro 16 RTX 3050,success
How much better is the zenbook s16 ryzen vs the lg gram pro 16 2024 w rtx 3050?,Zenbook S16 Ryzen vs the LG Gram Pro 16 2024 W RTX 3050은 얼마나 낫습니까?,success
"* Dell Pro 13 Plus, 1.2 kg","* Dell Pro 13 Plus, 1.2kg",success
"* Dell Pro 13 Plus 2-in-1, 1.2 kg","* Dell Pro 13 + 2-in-1, 1.2kg",success
"* [Dell Pro 13 Premium](https://www.dell.com/en-us/shop/dell-laptops/scr/laptops/appref=dell-pro-product-line), 1.1 kg","* [Dell Pro 13 Premium] (https://www.dell.com/en-us/shop/dell-laptops/scr/laptops/appref=dell-pro-product-line), 1.1 kg",success
"* [Dell Pro 14 Premium](https://www.dell.com/en-us/shop/dell-laptops/new-dell-pro-14-premium-laptop/spd/dell-pro-pa14250-laptop/gcto_pa14250_usx?ref=variantstack), 1.14 kg","* [Dell Pro 14 Premium] (https://www.dell.com/en-us/shop/dell-laptops/new-dell-pro-14-premium-laptop/spd/dell-pro-pa14250-laptop/gcto_pa14250_usx?ref=variantstack), 1.14 KG",success
"* [Dell Pro 14 Plus](https://www.dell.com/en-us/shop/dell-laptops/new-dell-pro-14-plus-laptop-or-2-in-1/spd/dell-pro-pb14250-2-in-1-laptop/gcto_pb14250_usx?ref=variantstack), 1.4 kg","* [Dell Pro 14 Plus] (https://www.dell.com/en-us/shop/dell-laptops/new-dell-pro-14-plus-laptop-or-2-in-1/spd/dell-pro-pb14250-2-in-1-1-1-1-1- aptop/gcto_pb14250_usx?ref=variantstack), 1.4 kg",success
"* [Dell Pro 14 Plus 2-in-1](https://www.dell.com/en-us/shop/dell-laptops/new-dell-pro-14-plus-laptop-or-2-in-1/spd/dell-pro-pb14250-2-in-1-laptop/gcto_pb14250_usx?ref=variantstack), 1.4 kg",* [Dell Pro 14 Plus 2-in-1] (https://www.dell.com/en-us/shop/dell-laptops/new-dell-pro-14-plus-laptop-or-2-in-1/spd/dell-pro-pb14250-2-in-1-1-1-1-1pb14250_usx?,success
* [Dell Pro 16 Plus](https://www.dell.com/en-us/shop/dell-laptops/new-dell-pro-16-plus-laptop/spd/dell-pro-pb16250-laptop/gcto_pb16250_usx?ref=variantstack),* [Dell Pro 16 Plus] (https://www.dell.com/en-us/shop/dell-laptops/new-dell-pro-16-plus-laptop/spd/dell-pro-pb16250-laptop/gcto_pb16250_usx?ref=varianttstack),success
"* [LG Gram 16 Pro (16Z90TS](https://www.lgnewsroom.com/2024/12/lgs-hybrid-ai-gram-laptops-offer-the-best-of-both-worlds-with-on-device-and-cloud-ai-services/)), 1.2 kg","* [LG Gram 16 Pro (16z90ts] (https://www.lgnewsroom.com/2024/12/LGS-hybrid-ai-gram-laptops-od-best-of-both-worlds-with-on-device and-cloud-ai-services/), 1.2 kg",success
"* [Samsung Galaxy Book5 Pro 360 2-in-1](https://www.samsung.com/de/computers/galaxy-book/galaxy-book5-pro-360-16-inch-ultra-5-16gb-512gb-np960qha-kg5de/), 1.7 kg","* [Samsung Galaxy Book5 Pro 360 2-in-1] (https://www.samsung.com/de/computers/galaxybook/galaxy-book5-pro-360-16-inch-ultra-5-16GB-512GB-NP960QHA-KG5DE/), 1.7 KG",success
"I'm mainly just looking for something I can use in stand mode while reading stuff I don't need to be in front of pc for so nothing intensive, just a good display, battery and durable. Would prefer it to run cooler. Both of these have their pros and cons, one being the Acer is half the price of a Gram--though a new 2022 model is just $200 more and $700 so not a huge difference there. Which of these would you recommend, or is there a different large display 2in1 that'd be a better choice?","나는 주로 스탠드 모드에서 사용할 수있는 것을 찾고 있습니다. 내용을 읽는 동안 PC 앞에있을 필요가 없으므로 집중적 인 디스플레이, 배터리 및 내구성이 뛰어납니다. 쿨러를 달리는 것을 선호합니다. 이 두 가지 모두 장단점을 가지고 있으며, 하나는 Acer 인 Gram 가격의 절반입니다. 새로운 2022 모델은 $ 200, $ 700이므로 큰 차이는 없습니다. 이 중 어느 것이 추천 하시겠습니까, 아니면 더 나은 선택이 될 다른 대형 디스플레이 2in1이 있습니까?",success
and Lenovo Yoga pro 7i Aura Edition (i think that's its name?),그리고 Lenovo Yoga Pro 7i Aura Edition (그 이름이라고 생각합니까?),success
I wish I could just buy a specced out macbook pro but nooo I had to choose one of like five majors that requires windows machines,Spected Out MacBook Pro를 구입할 수 있으면 좋겠지 만 Nooo는 Windows 기계가 필요한 5 개의 전공 중 하나를 선택해야했습니다.,success
# My Current Lenovo Legion Pro 7 16IRX8H Specifications,# 내 현재 Lenovo Legion Pro 7 16IRX8H 사양,success
* **Computer:** LENOVO Legion Pro 7 16IRX8H,*** 컴퓨터 : ** Lenovo Legion Pro 7 16IRX8H,success
"* Samsung SSD 990 PRO 2TB, 1953.5 GB, NVMe","* Samsung SSD 990 Pro 2TB, 1953.5 GB, NVME",success
# Replacement PC: Lenovo Legion Pro 7 16IAX10H (Model: 83F500CXIX) Specifications,# 교체 PC : Lenovo Legion Pro 7 16IAX10H (모델 : 83F500CXIX) 사양,success
"* **Docking:** Various docking solutions supported via Thunderbolt or USB-C. For more compatible docking solutions, please visit [Docking for Legion Pro 7 16IAX10H](https://psref.lenovo.com/accessories/?category=Docking&system=83F5)",*** 도킹 : ** Thunderbolt 또는 USB-C를 통해 지원되는 다양한 도킹 솔루션. 보다 호환되는 도킹 솔루션은 [Legion Pro 7 16IAX10H에 대한 도킹을 방문하십시오] (https://psref.lenovo.com/accessories/?category=docking&system=83f5)를 방문하십시오.,success
The Ninkear A15 Pro has been updated with more current hardware this year. Its predecessor was equipped with an AMD Ryzen 5 6600H. The 2025 model uses an AMD Ryzen 5 7430U. Read my review here to find out how the device performs.,Ninkear A15 Pro는 올해 더 많은 최신 하드웨어로 업데이트되었습니다. 이전 모델에는 AMD Ryzen 5 6600H가 장착되었습니다. 2025 모델은 AMD Ryzen 5 7430U를 사용합니다. 장치의 수행 방식을 알아 보려면 여기에서 내 리뷰를 읽으십시오.,success
"The Ninkear A15 Pro retains a straightforward and unobtrusive design. The housing is made of aluminum alloy, which contributes to a solid feel. The surface is matte and resistant to fingerprints. The workmanship is appropriate for this price category, with clean edges and fits. The hinge still allows the display to be opened up to 180 degrees, which makes it more flexible to use and gives it stability. Weighing often less than 1.8 kg and with a slim design that is 20 mm thick, it is also easy to transport.",Ninkear A15 Pro는 간단하고 눈에 띄지 않는 디자인을 유지합니다. 하우징은 알루미늄 합금으로 만들어져 단단한 느낌에 기여합니다. 표면은 매트이며 지문에 저항합니다. 솜씨는이 가격 범주에 적합하며 깨끗한 가장자리와 적합이 있습니다. 힌지는 여전히 디스플레이를 최대 180도까지 열 수있게하므로 사용하기에 더 유연하고 안정성을 제공합니다. 무게는 종종 1.8kg 미만이며 두께가 20mm 인 슬림 한 디자인으로 운반하기 쉽습니다.,success
"One feature of the Ninkear A15 Pro is its 16-inch IPS display. It offers QHD resolution (2560 x 1600 pixels), which enables sharp display of text and images. The brightness is specified at 400 nits. The color space coverage in the sRGB range is 99-100%, making the display suitable for multimedia content, light image editing, and office applications. The 120 Hz refresh rate supports smooth display.","Ninkear A15 Pro의 특징 중 하나는 16 인치 IP 디스플레이입니다. QHD 해상도 (2560 x 1600 픽셀)를 제공하여 텍스트와 이미지를 날카롭게 표시 할 수 있습니다. 밝기는 400 니트로 지정됩니다. SRGB 범위의 색상 커버리지는 99-100%이므로 디스플레이는 멀티미디어 컨텐츠, 라이트 이미지 편집 및 사무실 응용 프로그램에 적합합니다. 120 Hz 새로 고침 속도는 매끄러운 디스플레이를 지원합니다.",success
"Inside the 2025 Ninkear A15 Pro is an AMD Ryzen 5 7430U with a TDP of 15W. These CPUs offer balanced performance and energy efficiency. In conjunction with 16 GB DDR4 3200MHz (one module) and a 1 TB NVMe SSD connected via PCIe 3.0. Daily tasks, multitasking, demanding office applications, and basic image or video editing can be performed smoothly. The integrated AMD Radeon also allows you to play less demanding games at moderate settings. Fortnite runs in Full HD at around 60FPS on the lowest settings.","2025 Ninkear A15 Pro에는 TDP가 15W 인 AMD Ryzen 5 7430U가 있습니다. 이 CPU는 균형 잡힌 성능과 에너지 효율을 제공합니다. 16GB DDR4 3200MHz (하나의 모듈) 및 PCIE 3.0을 통해 연결된 1TB NVME SSD와 함께. 일상적인 작업, 멀티 태스킹, 까다로운 사무실 응용 프로그램 및 기본 이미지 또는 비디오 편집을 원활하게 수행 할 수 있습니다. 통합 AMD Radeon을 사용하면 적당한 설정에서 덜 까다로운 게임을 할 수 있습니다. Fortnite는 가장 낮은 설정에서 약 60fps로 전체 HD로 실행됩니다.",success
"The keyboard of the Ninkear A15 Pro is backlit and offers a pleasant typing experience with good key travel and a clear pressure point. The keyboard itself has an ANSI-US layout, and no other layout is available for purchase.",Ninkear A15 Pro의 키보드는 백라이트이며 좋은 키 여행과 명확한 압력 포인트로 즐거운 타이핑 경험을 제공합니다. 키보드 자체에는 ANSI-US 레이아웃이 있으며 다른 레이아웃을 구입할 수 없습니다.,success
"The battery life of the Ninkear A15 Pro is adequate thanks to the energy-efficient AMD Ryzen processors. With moderate use (office, browsing, streaming), 6 to 7 hours of use are possible, making it a companion for the workday or longer university sessions. The cooling system is barely audible during normal operation. Even under load, the noise level remains low, and the case only heats up in certain areas, but remains very inconspicuous overall.","Ninkear A15 Pro의 배터리 수명은 에너지 효율적인 AMD Ryzen 프로세서 덕분에 적합합니다. 적당한 사용 (사무실, 브라우징, 스트리밍)으로 6 ~ 7 시간의 사용이 가능하므로 근무일 또는 더 긴 대학 세션의 동반자가됩니다. 냉각 시스템은 정상 작동 중에 간신히들을 수 없습니다. 하중하더라도 소음 수준은 낮게 유지되며 케이스는 특정 지역에서만 가열되지만 전체적으로 눈에 띄지 않습니다.",success
"The Ninkear A15 Pro (2025 version) offers a good balance between price and performance and is aimed at those who are looking for a notebook for productivity, multimedia, and occasional gaming. For students, home office users, and anyone who needs a reliable all-rounder, the Ninkear A15 Pro (2025) is a good option. The price in the company's own online shop is currently around €570. The device is shipped from Germany. Unfortunately, I cannot say anything about support and/or warranty issues.","Ninkear A15 Pro (2025 버전)는 가격과 성능 사이의 균형을 잘 제공하며 생산성, 멀티미디어 및 가끔 게임을위한 노트북을 찾고있는 사람들을 대상으로합니다. 학생, 홈 오피스 사용자 및 신뢰할 수있는 만능인이 필요한 사람에게는 Ninkear A15 Pro (2025)가 좋은 선택입니다. 회사 자체 온라인 상점의 가격은 현재 약 570 유로입니다. 이 장치는 독일에서 배송됩니다. 불행히도, 나는 지원 및/또는 보증 문제에 대해 아무 말도 할 수 없습니다.",success
* I tend to use adobe acrobat pro and sometimes publisher.,* 나는 Adobe Acrobat Pro와 때로는 출판사를 사용하는 경향이 있습니다.,success
I have a Lenovo Legion Pro 7 from Dec 2023 with a 4070 GTX and 32 GB RAM. A few months ago some liquid spilled into the laptop. It has also sustained a fall which cracked the housing near the fans. The result is the keyboard does not work (it causes windows to pop up endlessly) and I have to mess with the casing to get the charger to plug in properly. So I use a bluetooth keyboard and accept the issues with plugging it in just takes a few seconds of fixing the housing. I can't tell if the graphics card or processor has decreased performance. I recently picked up a 5080 Acer Helios Neo 16S at BB for $1900. It has been sitting in the box unopened until I determine if I should keep it or return it. I also just got an LG ultrawide 45GX950A. Is the increased performance and capabilities of the Helios worth the $1900? I currently have my Legion usb-c to my widescreen and it's working ok except when I multi task it seems a bit sluggish. Have Raid Shadow Legends and a few browsing windows up and it has some lag switching windows. Thoughts on return the Acer or keep it?,2023 년 12 월부터 4070 GTX와 32GB RAM이있는 Lenovo Legion Pro 7이 있습니다. 몇 달 전에 일부 액체가 노트북에 쏟아졌습니다. 또한 팬들 근처의 주택을 깨뜨리는 낙상을 유지했습니다. 결과는 키보드가 작동하지 않으며 (창이 끝없이 팝업되게 함) 충전기를 올바르게 연결하기 위해 케이싱을 엉망으로 만들어야합니다. 그래서 나는 Bluetooth 키보드를 사용하고 그것을 연결하는 문제를 수용하는 데 몇 초만에 주택을 고정하는 데 몇 초가 걸립니다. 그래픽 카드 나 프로세서가 성능이 떨어 졌는지 알 수 없습니다. 나는 최근 BB에서 5080 Acer Helios Neo 16을 $ 1900에 집어 들었다. 내가 보관하거나 반환 해야하는지 확인할 때까지 상자에 앉아 있지 않았습니다. 나는 또한 LG Ultrawide 45GX950A를 얻었습니다. Helios의 성능과 능력이 증가한 것은 $ 1900의 가치가 있습니까? 나는 현재 내 와이드 스크린에 군단 USB-C를 가지고 있으며 다중 작업을 제외하고는 약간 느린 것처럼 보입니다. Raid Shadow Legends와 몇 가지 탐색 창이 위로 올라가면 Windows가 전환됩니다. Acer의 귀환에 대한 생각 또는 유지?,success
Asus Zephyrus G16 vs Lenovo Legion Pro 7i (both 2025) which one to go for? Read below.,Asus Zephyrus G16 vs Lenovo Legion Pro 7i (2025) 어느 쪽을 찾을 수 있습니까? 아래를 읽으십시오.,success
"I have been looking for a gaming laptop to replace my asus scar 15 of 2021 with RTX 3070, I originally decided to go for Asus Zephyrus G16 with RTX 5070TI as it is the best sweet spot rn for laptops which are light and easy to carry, but the issue i got stuck was that in my country, ASUS only launched Zephyrus G16 2025, with RTX 5080 which is out of my budget and also not quite worthy due to the low 120W for 5080, then my attention was caught by Lenovo Legion Pro 7i which is available in both RTX 5070TI & RTX 5080 and I think I can push to get RTX 5080 in this one, since it's cheaper than ASUS somehow and also wattage worthy, but then my main issue for buying a new laptop which is to be lightweight and not heavy comes into the picture since I'm a student and I need to carry that shit. Although, I could hook up with a type c 140w charger to solve that weight issue but still charger plus Legion is definitely 4 KG+ and Zephyrus with charger is around 2.8 KG, so what you all think, what should I do? Hang around till Zephyrus G16 launches to buy with RTX 5070TI or just simply get Legion now? Regular laptop carrying students please help.","나는 2021 년의 ASUS Scar 15로 RTX 3070을 대체하기위한 게임 노트북을 찾고 있었고, 원래 RTX 5070TI를 가진 ASUS Zephyrus G16을 가볍고 휴대하기 쉬운 랩탑을위한 최고의 달콤한 스팟 RN이기 때문에 원래 결정했지만, 내가 갇힌 문제는 내 나라에서 Zephyrus G16 2025를 시작했습니다. 또한 5080의 120W가 낮기 때문에 가치가 없으며, RTX 5070TI & RTX 5080에서 사용할 수있는 Lenovo Legion Pro 7I에주의를 기울였으며 ASUS에서 RTX 5080을 얻을 수 있다고 생각합니다. 어쨌든 Asus보다 더 저렴하고 전파선을 구입하기위한 주요 문제가 아니기 때문에 새로운 랩탑을 구매하는 것이 아니기 때문입니다. 학생과 나는 그 똥을 가지고 다녀야합니다. 비록 나는 체중 문제를 해결하기 위해 C 형 140W 충전기와 연결될 수 있지만 충전기 플러스 레지온은 확실히 4kg+이고 충전기가있는 Zephyrus는 약 2.8kg이므로 어떻게 생각하는지, 어떻게해야합니까? Zephyrus G16이 출시 될 때까지 RTX 5070TI와 함께 구매하거나 단순히 Legion을 얻으십시오. 일반 노트북을 운반하는 학생들을 도와주세요.",success
"Hi all! So I am looking to get a decent gaming laptop for AA, AAA gaming at 1440p (don't mind DLSS frame gen as long as it's not laggy input. Also, if I am home, I play on a 1440p monitor), and work (light Python coding, Remote Desktoping, scripting/writing and code development - so expecting a decent battery life unplugged). I used to have a MacBook Pro M2 Pro and a desktop PC with RX 7900 XT. But I will be traveling around a lot and wanted to get a gaming laptop instead so that it satisfies both my needs. Is G14 5070 ti a good choice for that? I very occasionally do VR gaming on my quest 3 as well using virtual desktop. I used to hear thermal throttle as a big issue back in the end day, will that still be an issue in 2025? Any other comments or suggestions are appreciated. Thanks a lot!","안녕하세요 여러분! 그래서 저는 1440p에서 AA, AAA 게임용 AA, AAA 게임에 대한 괜찮은 게임 노트북을 얻고자합니다 (DLSS 프레임은 지연된 입력이 아닌 한 신경 쓰지 마세요. 또한 집에 있다면 1440p 모니터에서 재생) 작업 (가벼운 파이썬 코딩, 원격 데스크탑, 스크립트 작성 및 코드 개발을 예상합니다. 예전에는 MacBook Pro M2 Pro와 RX 7900 XT가있는 데스크탑 PC가있었습니다. 그러나 나는 많이 여행 할 것이며 대신 게임 노트북을 구입하여 내 요구를 모두 충족시키기를 원했습니다. G14 5070 ti가 좋은 선택입니까? 가끔 퀘스트 3에서 VR 게임을하고 가상 데스크탑을 사용합니다. 나는 끝날에 열 스로틀을 큰 문제로 들었습니다. 2025 년에도 여전히 문제가 될까요? 다른 의견이나 제안에 감사드립니다. 정말 감사합니다!",success
"# From Apple Silicon to x86: MacBook Pro 14"" M3 Pro vs Lenovo ThinkBook X AI (13x Gen4) — Real-World Comparison","# Apple Silicon에서 x86까지 : MacBook Pro 14 ""M3 Pro vs Lenovo ThinkBook X AI (13x Gen4)-실제 비교",success
"For the last five years, I've been exclusively using Apple laptops. When the ARM lineup came out, it felt like the perfect solution for me – amazing battery life and solid performance. For the past year and a half, I've been using a **MacBook Pro 14"" M3 Pro (18GB RAM / 512GB SSD)**, mostly for programming in Rust, Python, and TypeScript.","지난 5 년 동안 저는 독점적으로 Apple 노트북을 사용해 왔습니다. 팔 라인업이 나왔을 때, 그것은 놀라운 배터리 수명과 견고한 성능 인 나에게 완벽한 솔루션처럼 느껴졌습니다. 지난 1 년 반 동안, 나는 ** MacBook Pro 14 ""M3 Pro (18GB RAM / 512GB SSD) **를 사용하여 주로 녹, 파이썬 및 타입 스크립트를 프로그래밍하는 데 사용했습니다.",success
"| MacBook Pro 14"" M3 Pro | $1,875 | 18GB RAM / 512GB SSD (early 2024) |","| MacBook Pro 14 ""M3 Pro | $ 1,875 | 18GB RAM / 512GB SSD (2024 년 초) |",success
**ThinkBook advantages:**,** ThinkBook 장점 : **,success
**MacBook advantages:**,** MacBook 장점 : **,success
- **MacBook M3 Pro:** Sometimes stays at room temperature even under load,- ** MACBOOK M3 PRO : ** 때때로 부하에서도 실온에서 유지됩니다.,success
### MacBook Pro Results,### MacBook Pro 결과,success
**Winner: MacBook Pro (surprisingly)**,** 수상자 : MacBook Pro (놀랍게도) **,success
"I think it would be more reasonable to compare the ThinkBook with a **MacBook Air 13"" (16GB/512GB)** rather than the Pro model. I plan to do this comparison in a couple of weeks, and expect the differences to be smaller – though I suspect the Air will still demolish the ThinkBook in battery life.","PRO 모델이 아닌 ** MacBook Air 13 ""(16GB/512GB) **와 ThinkBook을 비교하는 것이 더 합리적이라고 생각합니다. 몇 주 안에이 비교를 수행 할 계획이며 차이가 더 작을 것으로 예상합니다. 그러나 공기가 여전히 배터리 수명에서 ThinkBook을 철거 할 것이라고 생각합니다.",success
"It seems the Dell product quality has declined over the years and it's better to stay away from the cheap models. The 16 inch models to consider are the Pro 16 Plus, Precision 7680, Inspiron 16 Plus (apparently runs hot and is a cheaper model), Latitude 7650 - the screen specs look a bit weak and has no numpad. XPS is a nice looking computer but doesn't seem to be very reliable and runs hot.","Dell 제품 품질은 수년에 걸쳐 감소한 것으로 보이며 저렴한 모델에서 멀리 떨어져있는 것이 좋습니다. 고려해야 할 16 인치 모델은 Pro 16 Plus, Precision 7680, Inspiron 16 Plus (명백히 핫하고 저렴한 모델입니다), 위도 7650입니다. 화면 사양은 약간 약해 보이고 나머드가 없습니다. XPS는 멋진 컴퓨터이지만 매우 신뢰할 수없고 뜨겁지 않은 것 같습니다.",success
"Galaxy Book5 Pro (14"", Core Ultra 7, 16GB) vs Microsoft Surface pro 11 laptop 256gb 13""?","Galaxy Book5 Pro (14 "", Core Ultra 7, 16GB) vs Microsoft Surface Pro 11 노트북 256GB 13""?",success
"I am very torn between these two laptops and am hoping you guys can help me out with your honest input and insight, the Book5 Pro was the original laptop I was looking at for a while as the new laptop I will inevitablely need to get to replace my current lenovo thats kind of going now and is a 15/16 ish inch which is too big for my liking",나는이 두 노트북 사이에서 매우 찢어졌고 당신이 당신의 정직한 입력과 통찰력으로 나를 도울 수 있기를 바라고 있습니다. Book5 Pro는 내가 지금보고있는 새로운 노트북이 내가 지금 가고 있고 15/16 ish 인치를 대체해야 할 새로운 노트북이 내가 좋아하는 데 너무 큰 랩탑이기 때문에 오랫동안보고 있던 원래의 랩톱이었습니다.,success
The Galaxy Book Pro 5 comes with a free Galaxy tab9 tablet too,Galaxy Book Pro 5는 무료 Galaxy Tab9 태블릿과 함께 제공됩니다.,success
"I am looking for a laptop that is good for/can handle video editing (1080p, not 4k, but STILL), 3d rendering, and photo editing. Budget is $850. I am thinking of getting a refurbished M1 Pro 16-core GPU, 32 GB RAM, 512 GB SSD (I can store my data externally, but im not worried about that) for $837 on eBay (it has a 1-year warranty and 30-day returns). But I was thinking about a Windows laptop. I currently have a hand-me-down 2019 Macbook Pro 16-inch 32 GB 1TB SSD that has horrible battery life (it has 1200 charge cycles; needs to be replaced for $140) and overheating issues (fans are loud by just loading up Chrome and Brave (I use Brave but also use Chrome for other tasks). Windows laptops don’t have good battery life, but honestly, I think I might get more perf/dollar.","비디오 편집 (4K가 아니라 1080p), 3D 렌더링 및 사진 편집에 적합하거나 처리 할 수있는 노트북을 찾고 있습니다. 예산은 $ 850입니다. 나는 eBay에서 837 달러에 (1 년 보증과 30 일 반품이 있음) 리퍼브 M1 Pro 16-Core GPU, 32GB RAM, 512GB SSD (내 데이터를 외부로 저장할 수 있지만 걱정하지는 않는다)를받을 생각입니다. 그러나 나는 Windows 노트북에 대해 생각하고있었습니다. 저는 현재 끔찍한 배터리 수명이있는 끔찍한 2019 MacBook Pro 16 인치 32GB 1TB SSD를 가지고 있습니다 (1200 달러의 충전주기가 필요합니다. 140 달러로 교체해야합니다)와 과열 문제 (팬들은 크롬과 용감한 것을로드하여 크게 시끄럽습니다.",success
Samsung Galaxy Book5 Pro 360,삼성 갤럭시 북5 Pro 360,success
"*The next HWInfo, CPU-Z, Task Manager, and RyzenAdj tests — whose results I will share — were all performed on a Windows 10 Pro Version 1903, OS Build 18362.30*","*다음 HWINFO, CPU-Z, 작업 관리자 및 Ryzenadj 테스트 (결과를 공유 할 결과)는 모두 Windows 10 Pro 버전 1903, OS 빌드 18362.30*에서 수행되었습니다.",success
"Upgrade, or try to fix and/or live with it? [Legion Pro 5 16ARX8]",업그레이드하거나 고치거나 살아 가려고 노력 하시겠습니까? [Legion Pro 5 16arx8],success
"Hey there! I bought a Legion Pro 5 16ARX8 (82WM0006US) just over two years ago. It's been great, but recently it's starting to accumulate some wear/issues and I'm wondering if 1) it's new enough that I should get it fixed and live with whatever can't be repaired, or 2) upgrade to something new?",이봐! 나는 2 년 전에 Legion Pro 5 16ARX8 (82WM0006US)을 구입했습니다. 훌륭했지만 최근에는 마모/문제가 축적되기 시작했으며 1) 수리 할 수없는 모든 것을 고정시키고 살아야 할 정도로 새로운 일이라는 것이 궁금합니다.,success
"I've been thinking of upgrading to a newer Legion 5 Pro (maybe the new [Gen 10](https://www.lenovo.com/us/en/p/laptops/legion-laptops/legion-pro-series/legion-pro-5-gen-10-16-inch-amd/83ltcto1wwus1)?) or an Asus ROG Zephyrus, either the [G16](https://www.rtings.com/laptop/reviews/asus/rog-zephyrus-g16-2024-gu605) or maybe something more compact for traveling like the [G14](https://www.bestbuy.com/site/asus-rog-zephyrus-g14-14-3k-oled-120hz-gaming-laptop-copilot-pc-amd-ryzen-ai-9-hx-32gb-ram-nvidia-rtx-5070-ti-1tb-platinum-white/6613954.p?skuId=6613954&sb_share_source=PDP). Open to other ideas! But the hitch is whether it's worth the $2-3k after just 2 years with the current one...",나는 새로운 Legion 5 Pro (아마도 새로운 [gen 10] (https://www.lenovo.com/us/n/p/laptops/legion-pro-series/legion--pro--5-10-16-inch-amd/83ltcto1wus1)으로 업그레이드 할 생각을 해왔다. [g16] (https://www.rtings.com/laptop/reviews/asus/rog-zephyrus-g16-2024-gu605) 또는 [G14] (https://www.bestbuy.com/site/asus-rog-zephyrus-g14-3k-oled-120hz-gaming-laptop-copilot-pc-amd-r 이젠-아이 -9-HX-32GB-RAM-NVIDIA-RTX-5070-TI-1TB-PLATINUMUMINUM/6613954.P? SKUID = 6613954 & SB_SHARE_SOURCE = PDP). 다른 아이디어에 열려! 그러나 히치는 현재 2 년 만에 2 년 만에 2-3K의 가치가 있는지 여부입니다.,success
Operating system: Windows 11 Pro preinstalled,운영 체제 : Windows 11 Pro가 사전 설치되었습니다,success
"I spent some time researching but got a bit overwhelmed. These are the ones I thought were good enough so far. All of them are refurbished except for the IdeaPad Pro 5i Gen 10 (16"" Intel). Which one would you go for?","나는 연구에 시간을 보냈지 만 약간 압도당했습니다. 이것들은 내가 지금까지 충분히 좋다고 생각한 것들입니다. 아이디어 패드 프로 5i Gen 10 (16 ""Intel)을 제외하고는 모두 개조됩니다. 어느 쪽을 찾을 수 있습니까?",success
"2. **Apple MacBook Pro 15"" Retina (Mid-2015, Model A1389 EMC 2910)**","2. ** Apple MacBook Pro 15 ""Retina (2015 년 중반, 모델 A1389 EMC 2910) **",success
"I know the differences between these laptops, and that's exactly why I can't decide. The S14 is thinner - although not by much-, has more battery life and from what I have seen from reviews, has a slightly better build quality. That's all of the stuff I need but its processor has 8 cores which helps with efficiency and battery life but I'm unsure if I would need the 16 cores of the Ultra 9. The only advantage the 14 has over the S14 for me is the processor.",나는이 랩탑의 차이점을 알고 있으며 이것이 바로 내가 결정할 수없는 이유입니다. S14는 더 얇습니다. 비록 많은 배터리 수명이 많지는 않지만 리뷰에서 본 것에서는 약간 더 나은 빌드 품질을 가지고 있습니다. 그것은 내가 필요한 모든 것들이지만 프로세서에는 효율과 배터리 수명에 도움이되는 8 코어가 있지만 Ultra 9의 16 코어가 필요할지 확실하지 않습니다.,success
"Lenovo ThinkPad T14s Gen 4 21F8 - 180-degree hinge design - AMD Ryzen 7 Pro - 7840U up to 5.1 GHz - Windows 11 Pro - Radeon 780M - 16 GB RAM - 512 GB SSD TCG Opal Encryption 2, NVMe, Performance - 14"" IPS touchscreen 1920 x 1200 - 802.11a/b/g/n/ac/ax (Wi-Fi 6E) - deep black - kbd: English","Lenovo ThinkPad T14S Gen 4 21F8-180도 힌지 디자인 -Md Ryzen 7 Pro -7840U 최대 5.1GHz -Windows 11 Pro -Radeon 780m-16 GB RAM -512 GB SSD TCG Opal 암호화 2, NVME, 성능 -14 ""IPS 터치 스크린 1920 x 12002020202.11A/B/aC/ (Wi -Fi 6e) - Deep Black -KBD : 영어",success
IdeaPad Pro 5i Ultra 9 285H – Arc 140T vs RTX 5050… worth the jump?,IdeaPad Pro 5i Ultra 9 285H - ARC 140T vs RTX 5050… 점프 할 가치가 있습니까?,success
I’m torn between two configs of the new Lenovo IdeaPad Pro 5i (16″) and could use some real-world feedback:,새로운 Lenovo IdeaPad Pro 5i (16 ″)의 두 구성 사이에 찢어졌으며 실제 피드백을 사용할 수 있습니다.,success
"Since it's a laptop for school, I need a battery that can last at least 7 hours. I've heard that AMD processors are good in that category. I'm not using any specific software, just Notion to write down my notes in class and some other light activities. I want a reasonable processor that I can use for more than a year before it becomes unusable. My budget is a maximum of 800 euros. It seems like a reasonable price for a good laptop. I would appreciate it if the RAM and SSD slots were changeable so that I could upgrade or repair it more easily in the future. I don't think a high-quality screen fits in the budget, so I'm okay with a basic one. A sturdier laptop would be appreciated because you never know what might happen to it. Size doesn't really matter, but I'm not sure if a 16-inch screen is too big. I looked at some models, like the Lenovo ThinkPad E16/14 G2/G6 AMD, because they seem sturdy and have many ports and a good-enough battery. I have also looked at the Dell Pro 14 PC14255 and the Lenovo IdeaPad Slim 5 16AKP10. The former has a better CPU, but the latter looks like it could easily get damaged. I can't decide, so I wanted to ask you guys for help.",학교를위한 노트북이므로 7 시간 이상 지속될 수있는 배터리가 필요합니다. AMD 프로세서가 그 범주에서 좋다고 들었습니다. 나는 특정 소프트웨어를 사용하지 않고 수업에 내 노트와 다른 가벼운 활동을 기록하기 위해 개념 만 사용합니다. 나는 사용할 수 없기 전에 1 년 이상 사용할 수있는 합리적인 프로세서를 원합니다. 내 예산은 최대 800 유로입니다. 좋은 노트북의 합리적인 가격처럼 보입니다. RAM과 SSD 슬롯을 변경하여 향후 더 쉽게 업그레이드하거나 수리 할 수있게되면 감사하겠습니다. 고품질 스크린이 예산에 적합하다고 생각하지 않으므로 기본 화면은 괜찮습니다. 튼튼한 노트북은 어떤 일이 일어날 지 알지 못하기 때문에 감사 할 것입니다. 크기는 실제로 중요하지 않지만 16 인치 화면이 너무 크지는 확실하지 않습니다. Lenovo ThinkPad E16/14 G2/G6 AMD와 같은 일부 모델을 보았습니다. 왜냐하면 견고하고 많은 포트와 좋은 배터리가 있기 때문입니다. 또한 Dell Pro 14 PC14255와 Lenovo IdeaPad Slim 5 16akp10을 살펴 보았습니다. 전자는 더 나은 CPU를 가지고 있지만 후자는 쉽게 손상 될 수있는 것처럼 보입니다. 나는 결정할 수 없어서 여러분들에게 도움을 요청하고 싶었습니다.,success
"2. Used/refurb: Yes, I’m mainly looking at used MacBook Pro 14"".","2. 중고/리퍼브 : 예, 주로 중고 MacBook Pro 14 ""를보고 있습니다.",success
"MacBook Pro 14"" with M1 Pro, M2 Pro, or M3 Pro.","M1 Pro, M2 Pro 또는 M3 Pro와의 MacBook Pro 14 "".",success
"Is the jump to M3 Pro worth paying extra, or is the M1 Pro still a solid choice in 2025?","M3 Pro 로의 점프는 추가 비용을 지불 할 가치가 있습니까, 아니면 2025 년에 M1 Pro가 여전히 확실한 선택입니까?",success
"i have an idea pad 5, the model is IdeaPad5 Pro 16IHU6, it has 8gb of ram i understand that in 2025 8gb is not much anymore but 1 yaer ago when i started using this laptop it ran smoothly, now it even starts to freeze JUST PLAYING A YOUTUBE VIDEO. this happens even if i restart it and its the only tab open, its so anoying. I dont have mcafee or any other program that tanks the performance at least I think. Please help this is so frustrating.",Idea Pad 5가 있습니다. 모델은 IdeaPad5 Pro 16ihu6입니다. 8GB RAM이 있습니다. 2025 8GB는 더 이상 많지 않지만 1 야기 전 랩톱을 사용하기 시작했을 때 부드럽게 실행되었으므로 이제 YouTube 비디오를 재생하기 시작합니다. 이것은 내가 그것을 다시 시작하고 유일한 탭이 열린 경우에도 발생합니다. 나는 McAfee 또는 적어도 공연을 탱킹하는 다른 프로그램이 없습니다. 이것이 너무 실망 스럽도록 도와주세요.,success
"As someone who has to do a lot of writing I like the keyboard and trackpad a lot. Very nice tactile feel. Definitely on par with the Macbook Pro M1 I used at work, or better. The Tidal Teal color is gorgeous, the build quality is nice, the sound quality is surprisingly good too, the hinges look stable, the performance is snappy, and the FHD OLED touch display is good enough for me. The fan can not be overheard under heavy loads, but it‘s definitely not a noisy machine overall and the fan stayed quiet most of the time.","많은 글쓰기를 해야하는 사람으로서 나는 키보드와 트랙 패드를 많이 좋아합니다. 아주 좋은 촉각 느낌. 내가 직장에서 사용했거나 더 나은 MacBook Pro M1과 확실히 동등합니다. 조석 청록색은 화려하고, 빌드 품질은 좋고, 음질도 놀랍게도 좋으며, 경첩은 안정적으로 보이고, 성능이 칙칙해지며, FHD OLED 터치 디스플레이는 나에게 충분합니다. 팬은 무거운 하중으로들을 수 없지만 전반적으로 시끄러운 기계는 아니며 팬은 대부분 조용히 유지되었습니다.",success
"But I’m a bit unsure about the battery life, which is a big deal for me. I want to be able to use the laptop unplugged for at least ten hours. That’s something I consistently got with the MacBook Pro M1. I never saw the crazy 20+ hours of battery life some Apple enthusiasts claim to get with their Apple Silicon MacBooks—that’s probably only possible if you avoid multiple browser tabs, skip PowerPoint and Excel, don‘t use music production software (which can be pretty CPU-intensive), and basically don’t do any real work. Still, it did let me go for ten solid hours. So yeah, I’d be happy with ten hours of battery life while actually getting stuff done.","그러나 나는 배터리 수명에 대해 조금 확신하지 못합니다. 그것은 저에게 큰 문제입니다. 적어도 10 시간 동안 플러그를 뽑은 노트북을 사용할 수 있기를 원합니다. 그것은 내가 MacBook Pro M1과 지속적으로 얻은 것입니다. Apple 애호가들이 Apple Silicon MacBook과 함께 얻는 것으로 20 시간 이상의 배터리 수명을 보지 못했습니다. 여러 브라우저 탭을 피하고 PowerPoint 및 Excel을 건너 뛰거나 음악 제작 소프트웨어를 사용하지 않는 경우에만 가능하며 기본적으로 실제 작업을 수행하지 않습니다. 그럼에도 불구하고, 그것은 10 시간 동안 갈 수있게 해주었습니다. 예, 실제로 일을 끝내면서 10 시간의 배터리 수명에 만족합니다.",success
"I’d like to get a MacBook (current MacBook Pro M4 Pro looks great), but I’m not used to macOS and I enjoy really tinkering/customizing my computer, so I’m afraid it might limit me too much.",MacBook (현재 MacBook Pro M4 Pro는 훌륭해 보입니다)을 얻고 싶지만 MacOS에 익숙하지 않아 컴퓨터를 실제로 땜질/사용자 정의하는 것을 좋아하므로 너무 제한 할 수 있습니다.,success
"I have had the same Macbook Pro (2017) for about 7 years now. It has served me well, but the battery is finally giving out and it's time for a new laptop. I have been really wanting the new 2025 Macbook Air, as I am looking for something lighter and slightly smaller than my current brick-heavy Macbook Pro. All of my other devices are also Apple, so I love that I am able to text from my laptop and keep all of my devices seamless. However, because I am in grad school, I constantly use Google Chrome for google docs, sheets, drive, etc. I believe this significantly cuts into battery life on Macs. I don't use my laptop for any graphic design or gaming, but I am frequently multitasking between multiple documents, slideshows and articles with multiple tabs/windows open at any given time. I have heard some say that Windows laptops are much better for tasks like this. So, what should I do? Should I stay with the Mac OS that I know and love, or switch to Windows for potentially better performance?","나는 약 7 년 동안 같은 MacBook Pro (2017)를 가졌습니다. 그것은 나에게 잘 봉사했지만 배터리가 마침내 포기하고 새로운 노트북을위한 시간입니다. 나는 현재의 벽돌이 많은 MacBook Pro보다 가볍고 약간 작은 것을 찾고 있기 때문에 새로운 2025 MacBook Air를 정말로 원했습니다. 다른 모든 장치는 Apple이기 때문에 랩톱에서 문자를 보내고 모든 장치를 매끄럽게 유지할 수 있습니다. 그러나 저는 대학원에 있기 때문에 Google Docs, Sheets, Drive 등에 Google Chrome을 지속적으로 사용합니다. 이것이 Mac의 배터리 수명이 크게 줄어든다고 생각합니다. 그래픽 디자인이나 게임에 노트북을 사용하지는 않지만, 여러 문서, 슬라이드 쇼 및 여러 탭/창이 주어진 시간에 열린 기사 사이에 멀티 태스킹을 자주합니다. 나는 Windows 노트북이 이와 같은 작업에 훨씬 더 나은 것이라고 말하는 것을 들었습니다. 그래서 어떻게해야합니까? 내가 알고 사랑하는 Mac OS를 유지하거나 잠재적으로 더 나은 성능을 위해 Windows로 전환해야합니까?",success
1. ASUS Vivobook Pro 15 OLED N6506MV-MA004W Intel Core Ultra 9-185H /24GB RAM/1TB SSD/NVIDIA GeForce RTX 4060 8GB/15.6 3K(2880x1620) OLED 120Hz/Winodws 11 Home - Earl Grey,1. ASUS VIVOBOOK PRO 15 OLED N6506MV-MA004W 인텔 코어 울트라 9-185H/24GB RAM/1TB SSD/NVIDIA GEFORCE RTX 4060 8GB/15.6 3K (2880X1620) OLED 120HZ/WINODWS 11 홈-EARL GRAY,success
"5.Lenovo Legion Pro 5i 16"" LCD Gaming Laptop WQXGA 165Hz Intel Core i7-13700HX 32GB RAM 1TB SSD NVIDIA GeForce RTX 4060 8GB Windows 11","5. Lenovo Legion Pro 5i 16 ""LCD 게임 노트북 WQXGA 165Hz Intel Core i7-13700HX 32GB RAM 1TB SSD NVIDIA GEFORCE RTX 4060 8GB WINDOWS 11",success
im looking mainly at the vivobook pro 15 oled since it fits all citerias and the zephyrus 2023. The zephyrus has a bad screen tho which is the only turn off. The gigabyte is not on amazon but is also one of my top pics. Thank you for your time.,"나는 주로 Vivobook Pro 15 OLED가 모든 citerias와 Zephyrus 2023에 적합하기 때문에 주로 바라본다. Zephyrus는 나쁜 화면을 가지고 있으며, 이는 유일한 끄기입니다. 기가 바이트는 아마존에 있지 않지만 내 최고의 사진 중 하나이기도합니다. 시간 내 주셔서 감사합니다.",success
"Ps: I heard Lenovo Legion is good. If that's true, what's the pros and cons.","추신 : Lenovo Legion이 좋다고 들었습니다. 그것이 사실이라면, 장단점은 무엇입니까?",success
"So I bought a Samsung book5 pro 360 (Intel core 7 ultra) ( https://www.samsung.com/es/computers/galaxy-book/galaxy-book5-pro-360-16-inch-ultra-7-16gb-1tb-np960qha-kg2es/ ) earlier in January, it's absolutely perfect for college and works surprisingly well with less demanding games. I have a ps5 and NS2 but I wanna know if it's worth it to buy demanding games like God of war, Elden Ring or even cyberpunk in pc to use 3rd party controllers. I want to expand my steam library, but since I have consoles I don't wanna waste money on worse graphics and performance if I had better hardware","그래서 나는 Samsung Book5 Pro 360 (Intel Core 7 Ultra) (https://www.samsung.com/es/computers/galaxy-book/galaxy-book5-pro-360-16-inch-ultra-7-16gb-1tb-np960qha-kg2es/)을 구입했습니다. 나는 PS5와 NS2를 가지고 있지만 God of War, Elden Ring 또는 Cyberpunk와 같은 까다로운 게임을 PC의 Cyberpunk와 같은 3 자 컨트롤러를 사용하는 것이 가치가 있는지 알고 싶습니다. 나는 증기 라이브러리를 확장하고 싶지만 콘솔이 있기 때문에 더 나은 하드웨어가 있다면 더 나쁜 그래픽과 성능으로 돈을 낭비하고 싶지 않습니다.",success
"That’s why I’m considering building a docking station for the Thunderbolt port, allowing me to connect a desktop graphics card at home (spare rtx 2070 super). This way, I could use the laptop for everyday tasks on the go, and take advantage of the GPU for gaming and other demanding tasks when I’m at my desk.",그렇기 때문에 Thunderbolt Port 용 도킹 스테이션 구축을 고려하고있어 집에서 데스크탑 그래픽 카드를 연결할 수 있습니다 (Spare RTX 2070 Super). 이런 식으로 이동 중에 일상적인 작업에 노트북을 사용할 수 있으며 책상에있을 때 게임 및 기타 까다로운 작업을위한 GPU를 활용할 수 있습니다.,success
* Slick design and solid build quality—I’ve only heard good things about HP from friends and Officeworks reviews seem positive.,* 매끄러운 디자인과 견고한 빌드 품질 - 친구로부터 HP에 대해 좋은 소식을 들었고 Officeworks 리뷰는 긍정적 인 것 같습니다.,success
https://www.currys.co.uk/products/lenovo-yoga-pro-9-16-laptop-intel-core-ultra-7-1-tb-ssd-teal-10260138.html,https://www.currys.co.uk/products/lenovo-yoga-pro-9-16-laptop-intel-core-ultra-7-1-tb-ssd-teal-10260138.html,success
"Macbook Pro M3 Max (40-core GPU, 48GB, 1Tb) vs Asus ROG Zephyrus g16 (Intel i9 285H, RTX 5070 Ti, 32 GB Ram)","MacBook Pro M3 MAX (40 코어 GPU, 48GB, 1TB) vs ASUS ROG ZEPHYRUS G16 (Intel I9 285H, RTX 5070 TI, 32GB RAM)",success
[https://www.bestbuy.com/site/apple-macbook-pro-16-laptop-m3-max-chip-built-for-apple-intelligence-48gb-memory-40-core-gpu-1tb-ssd-space-black/6534612.p?skuId=6534612](https://www.bestbuy.com/site/apple-macbook-pro-16-laptop-m3-max-chip-built-for-apple-intelligence-48gb-memory-40-core-gpu-1tb-ssd-space-black/6534612.p?skuId=6534612),[https://www.bestbuy.com/site/apple-macbook-pro-16-laptop-m3-max-clup-built-for-apple-intelligence-40-core-gpu-1tb-ssd-space-black/6534612.p?skuid=6534612] (https://www.bestbuy.com/site/apple-macbook-pro-16-laptop-m3-max-clup-built-for-apple-intelligence-40-core-gpu-1tb-ssd-pace-black/6534612.p?skuid=6534612),success
"So had recently purchased a refurbished MacBook Pro M4 Pro (48 Gigs, 2 TB  Hard Drive). Screen had a couple scratches in the glass and some issues with the panel (They said it was likely a result of shipping.) So I returned it with plans of buying another one refurbished since you cant just exchange it because of it being refurbished. But nothing was showing that was either in my budget or had the ram or hard drive space I wanted. So this week I purchased from Best Buy the Asus ROG Zephyrus 16.","또한 최근에 개조 된 MacBook Pro M4 Pro (48 gigs, 2 tb 하드 드라이브)를 구입했습니다. 스크린은 유리에 몇 번의 긁힘이 있었고 패널에 일부 문제가있었습니다 (배송의 결과라고 말했습니다.) 그래서 나는 당신이 개조되어 있기 때문에 그것을 교환 할 수 없기 때문에 다른 하나를 구매할 계획으로 반환했습니다. 그러나 내 예산에 있거나 내가 원하는 램 또는 하드 드라이브 공간이 있었음을 보여주는 것은 없습니다. 그래서 이번 주에는 Best Buy에서 Asus Rog Zephyrus 16에서 구입했습니다.",success
[https://www.bestbuy.com/site/apple-macbook-pro-16-laptop-m3-max-chip-built-for-apple-intelligence-48gb-memory-40-core-gpu-1tb-ssd-space-black/6534612.p?skuId=6534612](https://www.bestbuy.com/site/apple-macbook-pro-16-laptop-m3-max-chip-built-for-apple-intelligence-48gb-memory-40-core-gpu-1tb-ssd-space-black/6534612.p?skuId=6534612),[https://www.bestbuy.com/site/apple-macbook-pro-16-laptop-m3-max-clup-built-for-apple-intelligence-40-core-gpu-1tb-ssd-space-black/6534612.p?skuid=6534612] (https://www.bestbuy.com/site/apple-macbook-pro-16-laptop-m3-max-clup-built-for-apple-intelligence-40-core-gpu-1tb-ssd-pace-black/6534612.p?skuid=6534612),success
Adobe express Adobe premier pro Adobe photoshop Adobe lightroom,Adobe Express Adobe Premier Pro Adobe Photoshop Adobe Lightroom,success
Galaxy book 4 pro 360,Galaxy Book 4 Pro 360,success
Temperature Issue on Lenovo Legion 5i Pro Gen 7,Lenovo Legion 5i Pro Gen 7의 온도 문제,success
MacBook Pro M4 16GB vs MacBook Air M4 24GB for CS/CE Student — Need Detailed Advice,MacBook Pro M4 16GB vs MacBook Air M4 24GB CS/CE 학생 - 자세한 조언이 필요합니다.,success
"•	MacBook Pro M4: 16GB RAM, 512GB SSD, 10-core CPU, 10-core GPU","• MacBook Pro M4 : 16GB RAM, 512GB SSD, 10 코어 CPU, 10 코어 GPU",success
MacBook Pro 14: M2 Pro or M2 Max?,MacBook Pro 14 : M2 Pro 또는 M2 Max?,success
"Hi everyone, as much of a diehard ASUS Laptop fan, I've come to the conclusion to purchase a 14 inch M2 MacBook Pro 14.","안녕하세요 여러분, Diehard Asus 노트북 팬을 많이, 14 인치 M2 MacBook Pro 14를 구매하기로 결론을 내 렸습니다.",success
"Now the question is, M2 Pro or M2 Max? Does the M2 Max thermal throttle in the 14 inch chassis?",이제 문제는 M2 Pro 또는 M2 Max입니까? 14 인치 섀시에서 M2 Max 열 스로틀이 있습니까?,success
So here’s the idea: add new heatpipes and connect them to the existing heatsinks to support the current ones. Others have already done this with significantly positive results.,아이디어는 다음과 같습니다. 새 히트 파이프를 추가하고 기존 히트 싱크에 연결하여 현재 히트 싱크를 지원합니다. 다른 사람들은 이미 상당히 긍정적 인 결과 로이 작업을 수행했습니다.,success
"Recommendations? Are these overkill, and one of the creator series like MSI CreatorPro or",추천? 이러한 과잉이거나 MSI CreatorPro와 같은 제작자 시리즈 중 하나입니까?,success
"|**Processor**|Ryzen 5 5500U (Zen 2, 6c/12t)|Ryzen 5 Pro 5650U (Zen 3, 6c/12t)|","| ** 프로세서 ** | Ryzen 5 5500U (Zen 2, 6C/12t) | Ryzen 5 Pro 5650U (Zen 3, 6C/12t) |",success
Curious if anyone here has found something that consistently holds up  especially during long Premiere Pro or DaVinci exports?,여기에 누군가가 특히 긴 프리미어 프로 또는 다빈시 수출 기간 동안 일관되게 유지되는 것을 발견했다면 궁금하십니까?,success
M4 Macbook Pro is not detecting external display!,M4 MacBook Pro는 외부 디스플레이를 감지하지 않습니다!,success
"The connector lined up perfectly — 4 positive wires on the left, 4 negative on the right — so it plugged right in. But the upgrade required some changes:","커넥터는 왼쪽에 4 개의 포지티브 와이어, 오른쪽에 4 개의 음수 - 오른쪽에 연결되어 있습니다. 그러나 업그레이드에는 몇 가지 변경 사항이 필요했습니다.",success
"•	If you don’t want to use the mounts, high-strength double-sided tape also works.",• 마운트를 사용하지 않으려면 고강도의 양면 테이프도 작동합니다.,success
•	Prints in four interlocking parts for strength and to fit smaller print beds.,• 강도와 작은 프린트 베드에 맞게 4 개의 인터 로킹 부품으로 인쇄합니다.,success
Razer Blade Pro 17 Display Issue,Razer Blade Pro 17 디스플레이 문제,success
"Compared to my aging HP, which lasts about 4–5 hours now, this is a major win. For comparison, the [HP Dragonfly Pro ](https://www.aboutchromebooks.com/hp-dragonfly-pro-chromebook-review-the-pixelbook-of-2023/)from 2023 with an i5 is the worst battery life I ever had on a high powered Chromebook that gave me a max of 3 hours. That thing didn’t last the weekend before it went back.","현재 약 4-5 시간 동안 지속되는 노후 한 HP와 비교할 때 이것은 큰 승리입니다. 비교하기 위해, [HP Dragonfly Pro] (https://www.aboutchromebooks.com/hp-dragonfly-pro-pro-pro-chromebook--chromebook-review-the-pixelbook of-2023/)는 3 시간의 최대 3 시간을 준 고전력 크로메이드에 대한 최악의 배터리 수명입니다. 그 일은 주말에 돌아 오기 전에 지속되지 않았습니다.",success
"The HP DragonFly Pro was also hyped up to have amazing speakers, but again, good for a chrombook, but in real-world usage, they are just ok.",HP Dragonfly Pro는 또한 놀라운 스피커를 갖기 위해 과장되었지만 크롬 북에 적합하지만 실제 사용에서는 괜찮습니다.,success
[https://uniway.ca/collections/products/products/copy-of-thinkpad-x390-yoga-2-in-1-laptop-13-3in-fhd-1920x1080-touchscreen-intel-core-i5-8350u-8gb-ddr4-256-gb-solid-state-drive-windows-11-pro-condition-b](https://uniway.ca/collections/products/products/copy-of-thinkpad-x390-yoga-2-in-1-laptop-13-3in-fhd-1920x1080-touchscreen-intel-core-i5-8350u-8gb-ddr4-256-gb-solid-state-drive-windows-11-pro-condition-b),[https://uniway.ca/collections/products/products/copy-of-thekpad-x390-yoga-2-in-1-1-3in-fhd-1920x1080-Touchscreen-intel-core-i5-8350u-8gb-ddr4-256-gb-solid-windod-windod-windod-windod-windod-windod-windod-windod-windod-swindod-swindod-windod-- (https://uniway.ca/collections/products/products/copy-of-thekpad-x390-yoga-2-in-1-1-3in-fhd-1920x1080-touchscreen-intel-core-i5-8350u-8gb-ddr4-256-gb-solid-windod-swindod-1111-20-condoid-windod-windod-swindod-swindod-windod-windod-swindod-windod-swindod-windod-windod-windod-windod-win-window,success
"Hi! This is my first time posting so apologies if I don't do something right. I'm looking to buy a gaming laptop, or a regular one if those work for sims 4. I'm not a big gamer, I only play sims 4 but I have all expansions, and the tablet I currently play on, has run out of storage. I'm currently using a Surface Pro 7+. It has 8gb RAM and 128gb Storage. I need a laptop that will give me enough room to grow my game over the coming years as well as have space for CC. I would like a number pad with a 13-16"" screen. My budget is about $900 total. I found 2 that seem good, 1 was an option best buy advice gave me, I just don't know if for my needs I should be spending my full budget. The 2nd I just found but I could really use some help, advice, pros cons between the 2. or If there is another laptop I should be looking at please tell me! Below are the links to the 2 Im looking at. Any help would be insanely appreciated!!","안녕! 내가 처음 게시하는 것은 내가 옳은 일을하지 않으면 사과합니다. 나는 Sims 4에서 그 일을한다면 게임용 노트북을 구입하려고합니다. 저는 큰 게이머가 아닙니다. Sims 4 만 플레이하지만 모든 확장을 가지고 있으며 현재 연주하는 태블릿은 저장 부족입니다. 현재 Surface Pro 7+를 사용하고 있습니다. 8GB RAM과 128GB 스토리지가 있습니다. 앞으로 몇 년 동안 게임을 성장시킬 수있는 충분한 공간을 제공하고 CC를위한 공간이있는 노트북이 필요합니다. 나는 13-16 ""화면이있는 숫자 패드를 원합니다. 예산은 총 $ 900입니다. 나는 2가 좋아 보인다는 것을 알았습니다. 1은 옵션 Best Buy Advice가 나에게 준 옵션이라는 것을 알았습니다. 제 요구에 대해 내 예산을 쓸 수 있는지 모르겠습니다. 방금 찾은 두 번째로, 조언, 2 사이의 장면을보아야합니다. 감사합니다 !!",success
I am trying to pick between these two and they definitely have their pros and cons for me. I like the screen on the 14 inch but the internals are better on the 16. Could someone help me pick or maybe a better alternative?,나는이 두 사람 사이를 선택하려고 노력하고 있으며 그들은 확실히 나에게 그들의 장단점을 가지고 있습니다. 나는 14 인치의 화면을 좋아하지만 내부는 16에서 더 좋습니다. 누군가 나를 선택하는 데 도움이 될 수 있습니까? 아니면 더 나은 대안을 도울 수 있습니까?,success
The reason for my upgrade is my current laptop is a MacBook Pro that’s from 2016 so I’m no longer able to update it and the battery life is nonexistent and I pretty much need to keep it plugged into the wall like a PC.,내 업그레이드의 이유는 현재 노트북이 2016 년부터 MacBook Pro이므로 더 이상 업데이트 할 수 없으며 배터리 수명이 존재하지 않으며 PC처럼 벽에 꽂아 두어야합니다.,success
"Hello everyone, I am trying to upgrade my laptop because I have been using a run-down Chromebook for about 2 years now. It was passed down to me by my brother and is like 10 years old. I recently bought an ASUS 2 in 1 Vivobook for about $899.99 pre-tax and have some time before I can return it if I change my mind, so I wanted to get some advice on whether I can get something better. I have listed my personal opinion about the pros and cons of the Vivobook below, and some ""ideal"" specs. I honestly don't really know much, but I was just hoping I could get some advice.","안녕하세요 여러분, 저는 약 2 년 동안 런 다운 크롬 북을 사용하고 있었기 때문에 노트북을 업그레이드하려고합니다. 그것은 내 동생에 의해 나에게 전해졌으며 10 살과 같습니다. 나는 최근에 1 Vivobook에서 ASUS 2를 약 $ 899.99에 구입했고 마음을 바꾸면 돌아올 수 있기 전에 시간이 걸렸으므로 더 나은 것을 얻을 수 있는지에 대한 조언을 받고 싶었습니다. 아래의 Vivobook의 장단점과 ""이상적인""사양에 대한 개인적인 의견을 나열했습니다. 나는 솔직히 정말 많이 모르지만, 나는 조언을받을 수 있기를 바랐다.",success
\-- PROS --,\-프로--,success
MSI Stealth 16 vs Omen 16 vs Legion 5 vs Legion Pro 16,MSI 스텔스 16 대 omen 16 vs Legion 5 vs Legion Pro 16,success
"Lenovo Legion Pro 16 16IRX8 Intel Core I9-13900HX/64GB/1TB SSD/16″ WQXGA 165 Hz/RTX 4060 8GB (La que nunca calienta y que viene con todo lo mas bajo, gestion termica impecable)","Lenovo Legion Pro 16 16IRX8 인텔 코어 i9-13900HX/64GB/1TB SSD/16 ″ WQXGA 165 HZ/RTX 4060 8GB (LA QUE NUNCA CALIENTA y QUE VIENE CON TODO LO MAS BAJO, 임신 이시체)",success
Acer Aspire 7 Pros and Cons,Acer Aspire 7 장단점,success
"so im thinking to buy the acer aspire 7 rtx 3050 and i5 12th gen (specificly this one -https://www.flipkart.com/acer-aspire-7-intel-core-i5-12th-gen-12450h-16-gb-512-gb-ssd-windows-11-home-4-graphics-nvidia-geforce-rtx-3050-144-hz-a715-76g-548j-gaming-laptop/p/itm20708ce5793f7?pid=COMGP8QVTK3EQDXE&lid=LSTCOMGP8QVTK3EQDXEKW8XW5&marketplace=FLIPKART&q=acer+aspire+7&store=6bo%2Fb5g&srno=s\_1\_5&otracker=AS\_QueryStore\_OrganicAutoSuggest\_1\_7\_na\_na\_na&otracker1=AS\_QueryStore\_OrganicAutoSuggest\_1\_7\_na\_na\_na&fm=organic&iid=5aa371dd-cdc8-497d-a243-25c2cdab2bc7.COMGP8QVTK3EQDXE.SEARCH&ppt=pp&ppn=pp&ssid=ook0vhqueo0000001751478873309&qH=8b5d26a924ee876e) and i saw some reviews but they dont tell many things about this laptop,they just tell its review and gaming benchmarks and on different videos the laptop performs differently,so if anyone could tell its pro and cons in detail pls reply,also my main tasks are gaming+3d animating(not very heavy) and study purposes.","그래서 나는 Acer Aspire 7 RTX 3050 및 i5 12 세대를 구매하려고 생각하고 있습니다 (구체적으로는 이것 -https : //www.flipkart.com/acer-aspire-7-intel-core-i5-12th-12450h-16-GB-512-GB-SSD-Windows-11- Home-4-Graphics-Gegeforce-3050-144-hz -A715-76G-548J-GAMING-LAPTOP/P/ITM20708CE5793F7? %2fb5g & srno = s \ _1 \ _5 & otracker = as \ _querystore \ _organicautosuggest \ _1 \ _7 \ _n a \ _na \ _na & otracker1 = as \ _querystore \ _organicautosuggest \ _1 \ _7 \ _na \ _na \ _na & FM = 유기농 및 IID = 5AA371DD-CDC8-497D-A243-25C2CDAB2BC7.comgp8qvtk3eqdxe.sea RCH & PPT = PP & PPN = PP & SSID = OOK0VHQUEO000000175147873309 & QH = 8B5D26A924EE876E) 그리고 나는 약간의 리뷰를 보았지만 그들은이 랩톱에 대해 많은 것을 말하지 않고, 그들은 리뷰와 게임 벤치 마크를 말하고 다른 비디오에서 랩톱이 다르게 수행되므로, 누군가가 Pro와 Cons에게 자세히 설명 할 수 있다면, 나의 주요 작업은 게임+3D 애니메이션 (매우 무겁지 않음) 및 연구 목적입니다.",success
So i've been choosing to purchase between these two beasts and really i am having a real hard time to choose. So i'll break down the key point advantages of each afaik and below are the questions i have:,그래서 나는이 두 짐승 사이에서 구매하기로 선택했으며 실제로 선택하기 어려운 시간을 보내고 있습니다. 그래서 나는 각 Afaik의 핵심 점이점을 분류 할 것이며 아래는 내가 가진 질문입니다.,success
Advantage:,이점:,success
"5. So in terms of long term use, is it better to take the better build and cooling of the Legion 7 over all the advantages and better performance of the SCAR 17 SE?","5. 장기적으로 사용되는 측면에서, 흉터 17 SE의 모든 장점과 더 나은 성능에 대해 Legion 7의 더 나은 빌드와 냉각을 취하는 것이 낫습니까?",success
"I've been looking at a lot of review videos but they all seem to be more than serviceable based on the videos, which makes it really hard to just decide on one. I was hoping you guys would be able to help me pick one or figure out the pros and cons as compared to the other laptops in this list",나는 많은 리뷰 비디오를보고 있었지만 모두 비디오를 기반으로 서비스가 가능한 것 같아서 비디오를 결정하기가 어렵습니다. 나는 너희들 이이 목록의 다른 노트북과 비교하여 하나를 골라 내거나 장단점을 알아낼 수 있기를 바랐다.,success
"I'm still unsure about buying the Huawei MateBook D16 laptop. It has a 12th-generation Intel Core i5-12450H, 1TB SSD, and 16GB RAM. It's very good, but I don't know if it's worth it for its price ($883). The good thing is that it comes with a 15-month interest-free. I want it for studying, programming, and occasionally playing Valorant, although the latter isn't completely necessary. Do you think I should go for a higher-priced laptop, or do you think there are better laptops for a lower price?","나는 여전히 Huawei Matebook D16 노트북 구매에 대해 확신이 없습니다. 12 세대 인텔 코어 i5-12450H, 1TB SSD 및 16GB RAM이 있습니다. 아주 좋지만 가격이 883 달러에 그만한 가치가 있는지 모르겠습니다. 좋은 점은 15 개월의 무이자가없는 것입니다. 후자는 완전히 필요하지는 않지만 공부, 프로그래밍 및 때때로 Valorant를 연주하기를 원합니다. 내가 고가의 노트북을 찾아야한다고 생각합니까, 아니면 더 낮은 가격으로 더 나은 노트북이 있다고 생각하십니까?",success
Pros:,장점 :,success
Pros:,장점 :,success
Pros:,장점 :,success
Pros:,장점 :,success
"1) Samsung Book5 Pro- I've had Galaxy phones forever, so I thought the whole same ecosystem idea was intriguing, & they have the pen. BUT the 5 ultra may not ever exist & was what I'd been hoping for with specs, & obviously won't be in time for July. PLUS the screen cracking issue sounds like a consistent, horrid problem.","1) Samsung Book5 Pro- 저는 Galaxy Phones를 영원히 가지고 있었기 때문에 같은 생태계 아이디어가 흥미 롭고 펜을 가지고 있다고 생각했습니다. 그러나 5 Ultra는 존재하지 않을 수도 있고 사양으로 기대했던 것이 었으며, 7 월에는 제 시간이되지 않을 것입니다. 또한 화면 크래킹 문제는 일관되고 끔찍한 문제처럼 들립니다.",success
2) Microsoft Surface Pro Copilot+ - people seem to say the Surface laptops have hardware issues & IT people warn against purchasing them because they're not fixable.,2) Microsoft Surface Pro Copilot+ - 사람들은 Surface Laptops에 하드웨어 문제가 있다고 말하는 것 같습니다.,success
CANNOT decide on Engineering/Gaming laptop. Proart p16 or Yoga pro 9i?,엔지니어링/게임 노트북을 결정할 수 없습니다. Proart P16 또는 Yoga Pro 9i?,success
"TLDR: I Have 2k, I want the best all around laptop for my Computer engineering degree, and light gaming. I'm deciding on a proart p16 4060 model and a yoga pro 9i 4060 model",TLDR : 저는 2K를 가지고 있습니다. 컴퓨터 엔지니어링 학위와 가벼운 게임을위한 노트북 주변의 모든 것을 원합니다. Proart P16 4060 모델과 요가 프로 9i 4060 모델을 결정하고 있습니다.,success
Questions for owners: how's the battery life on the proart p16? Or the yoga pro 9i? How's the performance and heat? The screen?,소유자를위한 질문 : ProART P16의 배터리 수명은 어떻습니까? 아니면 요가 프로 9I? 성능과 열은 어떻습니까? 화면?,success
"These being the Asus proart p16 4060 model with 32gb ram with the ai9hx370, the 2024 Lenovo yoga pro 9i with a 4060 and Intel ultra 9, and maybe a rog zephyrus g16 which I haven't looked too much into.","이것들은 AI9HX370, 2024 Lenovo Yoga Pro 9i가있는 32GB RAM을 갖춘 ASUS ProART P16 4060 모델입니다.",success
My main problems making me so indecisive are the performance and battery. I can't find data anywhere talking about the 4060 proart model specifically so I can't really compare it to the 4060 model of the yoga pro. I also heard the battery of the yoga is not so good. I hear good things about the heat and fan noise from the yoga and am not too sure if it's the same with the proart.,저를 무모하게 만드는 주요 문제는 성능과 배터리입니다. 4060 ProArt 모델에 대해 이야기하는 모든 데이터를 찾을 수 없으므로 요가 프로 모델과 실제로 비교할 수 없습니다. 나는 또한 요가의 배터리가 그렇게 좋지 않다고 들었습니다. 나는 요가의 열과 팬 소음에 대해 좋은 소식을 듣고 그것이 ProArt와 같은지 확실하지 않습니다.,success
"Hello Everyone, I want to buy a gaming laptop under 1.7lakhs. priority is mainly gaming and I am a little confused about some laptops. First one is Asus Rog Strix G16 2025 model with Ryzne 9 8940hx and rtx 5060, second is Acer Predetor Helios 16 2024 with i9 14900hx and rtx 4070 and the third one is lenovo legion 5 pro which hasn't released till now, so im waiting for that. Now the thing is there's no online review video about the asus one, so it makes it more confusing. The main problem with acer Helios is that i don't trust the brand so much so I don't know if that is a good choice. Im also confused if i should wait for lenovo legion 5 pro with oled display or buy the other one now. Can anyone also tell me if buying 5060 is better than 4070 or not? And is acer a reliable brand? As it'll be my  first time buying their product. If someone can help with these questions it'll be a lot of help🫶🏻","안녕하세요 여러분, 저는 1.7lakhs에서 게임 노트북을 사고 싶습니다. 우선 순위는 주로 게임이며 일부 노트북에 대해 약간 혼란스러워합니다. 첫 번째는 Ryzne 9 8940HX 및 RTX 5060을 사용한 ASUS ROG Strix G16 2025 모델입니다. 두 번째는 I9 14900HX 및 RTX 4070을 갖춘 Acer Predetor Helios 16 2024이고 세 번째는 Lenovo Legion 5 Pro이며 지금까지 출시되지 않았습니다. 이제 ASUS에 대한 온라인 리뷰 비디오가 없으므로 더 혼란스럽게 만듭니다. Acer Helios의 주요 문제는 브랜드를 그렇게 많이 믿지 않기 때문에 그것이 좋은 선택인지 모르겠습니다. Lenovo Legion 5 Pro를 OLED 디스플레이와 함께 기다리거나 지금 다른 하나를 구입해야한다면 혼란 스러웠습니다. 5060을 구매하는 것이 4070보다 낫지 않은지 말해 줄 수 있습니까? 그리고 Acer는 신뢰할 수있는 브랜드입니까? 제품을 처음 구입할 때가되었습니다. 누군가이 질문에 도움을 줄 수 있다면 많은 도움이 될 것입니다 🫶🏻",success
"I was initially considering the Lenovo Legion Pro 7i (2025), but I'm concerned it might be noisy.",나는 처음에 Lenovo Legion Pro 7i (2025)를 고려하고 있었지만 시끄럽다는 것이 걱정됩니다.,success
"This was probably one of the worst purchases ever made in the whole history of my family's existence. This was a hand-me-down from my father, who was recommended to get it for around 350$-ish. Absolute piece of garbage, the build quality is terrible, the keyboard sinks like crazy, if you shut the lid from one side the whole screen flexes (it has had one screen replacement) and the battery is abhorrent. I have no idea of what happened to this laptop in the three years of owning it, but right now the battery is in such a trash state that it can not run anything heavier than YouTube in battery alone, meaning that it always needs to be plugged in for it not to die. Even light loads discharge it quickly, lasting around one hour on a full charge. Changing my OS to Linux (ZorinOS, I wanted Ubuntu but it refused to boot it) has slightly improved the battery life, but still, this is just a desktop machine, at least for now. The only thing I have no complaints about is the 256gb SSD. Sure, it might not be the biggest sad out there, but it's pretty damn quick and has served me no problems at all, only pro of this laptop. Won't even try fixing this because it'sbmost definitely a pain in the ass, but to it's merit, it has served it's job for now.","이것은 아마도 우리 가족의 존재의 전체 역사상 최악의 구매 중 하나 일 것입니다. 이것은 아버지의 손을 내밀어 약 350 $ -ish를 얻는 것이 좋습니다. 절대 쓰레기 조각, 빌드 품질은 끔찍하고 키보드는 미친 듯이 가라 앉습니다. 한쪽에서 뚜껑을 닫으면 전체 화면이 굽히고 (화면을 교체 한 한 가지 화면이 있었음) 배터리가 끔찍합니다. 나는 3 년 동안이 노트북에 어떤 일이 일어 났는지 전혀 모른다. 그러나 지금 배터리는 배터리만으로 YouTube보다 무거운 것을 실행할 수 없어서 항상 죽지 않기 위해서는 항상 꽂아야한다는 것을 의미한다. 가벼운 하중조차도 빠르게 배출되어 전체 충전으로 약 1 시간 동안 지속됩니다. 내 OS를 Linux (Zorinos, Ubuntu를 원했지만 부팅을 거부하기를 거부했습니다)로 변경하면 배터리 수명이 약간 향상되었지만 여전히 지금은 데스크탑 머신 일뿐입니다. 내가 불만이없는 유일한 것은 256GB SSD입니다. 물론, 그것은 가장 큰 슬픈 일이 아닐 수도 있지만, 그것은 꽤 빨리 망할 것이며 전혀 문제 없이이 노트북의 프로. 그것은 거의 엉덩이에 고통을 겪기 때문에 이것을 고치지 않을 것입니다.",success
"I looked into Apple’s MacBook Pros they’re *really* appealing in terms of battery life, build quality, and especially unified memory. From what I’ve seen on YouTube, though, gaming performance is pretty limited due to Crossover/Wine. If it weren’t for gaming, I probably would’ve already bought one.","나는 Apple의 MacBook Pro를 살펴 보았습니다. 배터리 수명, 구축 품질, 특히 통일 된 메모리 측면에서 호소력이 있습니다. 그러나 YouTube에서 본 것에서 크로스 오버/와인으로 인해 게임 공연이 제한적입니다. 게임이 아니라면 이미 게임을 구입했을 것입니다.",success
"Now here’s the problem I just realized: Why should I spend €2,500 on a laptop when I could build a great desktop for half the price and access it from anywhere via Parsec, SSH, or similar tools? Even when traveling, mobile data is fast enough these days to make this work with decent latency. One of the biggest advantages of this setup is that your local device doesn’t heat up—much more comfortable in, say, a library. Plus, desktop components offer more power per dollar and are less likely to throttle than laptop ones.","이제 방금 깨달은 문제는 다음과 같습니다. 왜 절반의 가격으로 훌륭한 데스크탑을 구축하고 Parsec, SSH 또는 유사한 도구를 통해 어디서나 액세스 할 수있을 때 랩탑에 2,500 유로를 소비해야합니까? 여행을 할 때도 모바일 데이터는 요즘에도 적절한 대기 시간 으로이 작업을 수행 할 수있을 정도로 빠릅니다. 이 설정의 가장 큰 장점 중 하나는 로컬 장치가 가열되지 않는다는 것입니다. 예를 들어 라이브러리가 더 편안합니다. 또한 데스크탑 구성 요소는 달러당 더 많은 전력을 제공하며 노트북보다 스로틀을 스로틀 할 가능성이 적습니다.",success
"2. **Dell Pro 13 Plus**: Looks interesting, and has an option with Intel Ultra 7 268V CPU, which would be the most power I had since I sold my gaming desktop back in 2012. Recently found one used selling for $900 in good condition with 32GB RAM. Problem: keyboard is messed up and too tiny compared to that of an average Thinkpad keyboard.",2. ** Dell Pro 13 Plus ** : 흥미로워 보이고 Intel Ultra 7 268V CPU가있는 옵션이 있습니다. 2012 년에 게임 데스크탑을 판매 한 이후로 가장 많은 힘이 될 것입니다. 최근에는 32GB RAM으로 900 달러의 양호한 상태로 판매 된 판매 중 하나를 발견했습니다. 문제 : 키보드는 평균 ThinkPad 키보드와 비교하여 엉망이되고 너무 작습니다.,success
It's a 2024 Macbook Pro and it's barely two weeks that I got it.,그것은 2024 MacBook Pro이며 거의 2 주가 지나지 않았습니다.,success
We looked at the Microsoft Surface Pro Copilot+ PC bundle and the HP Spectre x360 14. Both look good but reviews on battery life and reliability are mixed.,우리는 Microsoft Surface Pro Copilot+ PC 번들과 HP Specter X360 14를 살펴 보았습니다. 둘 다 좋아 보이지만 배터리 수명과 신뢰성에 대한 리뷰는 혼합되어 있습니다.,success
From the specs and honestly also price quality ratio + also compatibility with the iPad the Macbook Pro M4 / M4 Pro is very good. I do a fair share of Adobe CC work and might also want to start programming a bit.,사양과 정직하게 가격 품질 비율 +도 iPad와의 호환성 MacBook Pro M4 / M4 Pro도 매우 좋습니다. 나는 Adobe CC Work에 대해 상당히 공유하고 있으며 프로그래밍을 조금 시작하고 싶을 수도 있습니다.,success
"However I‘d also like to game here and there. I do not have a desk PC, so the laptop would be my only possibilty to run some games. I know most games are not native to macOS, however i heard about CrossOver or Paralells that lets you emulate Windows on macOS. Has anyone made experience with that? Is it possible to run battlefield/ red dead redemption 2/ gta v/… on a playable level on a Macbook Pro M4 Pro 24GB 2c CPU/ 16c GPU?","그러나 나는 또한 여기저기서 게임을 좋아합니다. 나는 데스크 PC가 없으므로 노트북은 일부 게임을 실행할 수있는 유일한 가능성이 있습니다. 나는 대부분의 게임이 MacOS에 고유하지 않다는 것을 알고 있지만, MacOS에서 Windows를 모방 할 수있는 크로스 오버 또는 Paralells에 대해 들었습니다. 누구든지 그 경험을 한 사람이 있습니까? MacBook Pro M4 Pro 24GB 2C CPU/ 16C GPU의 플레이 가능한 레벨에서 Battlefield/ Red Dead Redemption 2/ GTA V/…를 실행할 수 있습니까?",success
"I always used windows and for the first time I have tried macbook pro with m4 pro and its performance and sleekness was very aspiring. The problem was the macos and i couldnt quite get used to it after using for a week so i had to return it. I am looking for a windows laptop that is sleek(not a flashy gamer laptop), has okay battery life, can have a power brick but should also be able to charge with a type c when i dont use the gpu.",나는 항상 Windows를 사용했고 처음으로 M4 Pro와 함께 MacBook Pro를 시도했으며 그 성능과 매끄러움은 매우 열망적이었습니다. 문제는 MACOS였으며 일주일 동안 사용한 후에 익숙해 질 수 없었기 때문에 반품해야했습니다. 나는 매끄럽고 (화려한 게이머 노트북이 아닌) Windows 노트북을 찾고 있으며 배터리 수명이 좋고 파워 벽돌을 가질 수 있지만 GPU를 사용하지 않을 때는 C를 충전 할 수 있어야합니다.,success
Macbook air / pro:,MacBook Air / Pro :,success
i’ve seen mixed reviews about both the MacBook and surface pro some people either love it or some just hate it there’s no in the middle and same with the surface pro. i also like the surface pro 7 cuz it’s a 2 in 1 and it would be useful but the MacBook does seem better.,나는 MacBook과 Surface Pro에 대한 혼합 리뷰를 보았습니다. 어떤 사람들은 그것을 좋아하거나 일부 사람들이 그것을 싫어하는 것을 싫어합니다. 또한 Surface Pro 7 Cuz는 1 인치 1인데 유용하지만 MacBook은 더 좋아 보입니다.,success
if anyone has any advice or other recommendations please help i’m starting uni in 2 weeks and need a laptop asap!! and if you do recommend a macbook please tell me which one specific like the air or pro etc.,누구든지 조언이나 기타 권장 사항이 있으면 2 주 안에 Uni를 시작하고 최대한 빨리 노트북이 필요합니다 !! 그리고 당신이 MacBook을 추천한다면 Air 또는 Pro 등과 같은 특정 내용을 알려주십시오.,success
"* **Leave any finishing thoughts here that you may feel are necessary and beneficial to the discussion.** I am a huge multitasker so I need something that can withstand having multiple programs open at once and side-by-side. I will be frequently running ArcGIS Pro and other similar programs that are GIS-related. I am almost on Microsoft Office daily along with having multiple Google Chrome tabs open so I just want a laptop that can run smoothly with all of these operations. I have a 5-month old Lenovo IdeaPad 3i 15 inch Windows Laptop Intel Core i7-1255U 16GB RAM 512GB SSD, and it's already running incredibly slow and lagging very badly. Please help! Everyone's input is highly appreciated.",*** 여기서 당신이 토론에 필요하고 유익하다고 느낄 수있는 마무리 생각을 남겨 두십시오. ** 나는 거대한 멀티 태스킹 커이므로 여러 프로그램을 한 번에 열어주는 견딜 수있는 내용이 필요합니다. ArcGIS Pro 및 GIS 관련 기타 유사한 프로그램을 자주 운영 할 것입니다. 나는 거의 Microsoft Office에 있으며 여러 개의 Google Chrome 탭을 열었으므로 이러한 모든 작업으로 원활하게 작동 할 수있는 랩톱을 원합니다. 나는 5 개월 된 오래된 Lenovo IdeaPad 3i 15 인치 Windows 노트북 인텔 코어 i7-1255U 16GB RAM 512GB SSD를 가지고 있으며 이미 엄청나게 느리게 실행되고 있으며 매우 나쁘게 지연되고 있습니다. 도와주세요! 모든 사람의 의견은 높이 평가됩니다.,success
Can't get the base MacBook pro m4 because it way to expensive to buy in my country. Double of the air price.,기본 MacBook Pro M4는 우리 나라에서 구매하는 데 비싸기 때문에 얻을 수 없습니다. 공기 가격의 두 배.,success
Ideapad pro 5 vs legion 5,IdeaPad Pro 5 대 군단 5,success
"Hi, I am thinking about buying a new laptop for collage and I can't decide which to get. I have been looking at reviews online and so far im interested in ideapad pro 5 gen 10 (ryzen ai 7 350 and rtx 5050) and legion 5 gen 10 (didn't decide on cpu yet and rtx 5060). I care about battery life and fan noise because I spend quite some time in the library. Im also gonna be doing some CAD work for collage and playing some games like minecraft and rocket league (no AAA games) in my free time. Im also open to other suggestions. Thank you :)","안녕하세요, 저는 콜라주를위한 새로운 노트북을 구매하려는 생각을하고 있는데 어떤 것을 얻을 것인지 결정할 수 없습니다. 나는 온라인에서 리뷰를보고 있었으며 지금까지 IdeaPad Pro 5 Gen 10 (Ryzen AI 7 350 및 RTX 5050)과 Legion 5 Gen 10 (CPU 및 RTX 5060을 결정하지 않음)에 관심이 있습니다. 나는 라이브러리에서 꽤 많은 시간을 보내기 때문에 배터리 수명과 팬 소음에 관심이 있습니다. 나는 또한 콜라주를 위해 CAD 작업을하고 자유 시간에 Minecraft 및 Rocket League (AAA 게임 없음)와 같은 게임을 할 것입니다. 나는 또한 다른 제안에도 열립니다. 감사합니다 :)",success
"Finally cannot stand it when the Thinkbook got stuck when I was in a corporate meeting. I end up using my partner's 2017 MacBook Pro. It is way overheatted with the latest MacOS and the fan has max speed almost all the time. So I install Ubuntu 24.04 on it, and spend a bit of time installing drivers for audio, camera, and bluetooth. Now all good with the 2017 MacBook Pro and Ubuntu 24.04. The fan barely makes a noise and it is not overheated any more.","내가 회사 회의에있을 때 ThinkBook이 갇힐 때 마침내 참을 수 없습니다. 파트너의 2017 MacBook Pro를 사용하게됩니다. 최신 MACOS로 과열되어 있으며 팬은 거의 항상 최대 속도를 가지고 있습니다. 그래서 Ubuntu 24.04를 설치하고 오디오, 카메라 및 Bluetooth 용 드라이버를 설치하는 데 약간의 시간을 소비합니다. 이제 2017 MacBook Pro 및 Ubuntu 24.04와 함께 모두 좋습니다. 팬은 간신히 소음을 내며 더 이상 과열되지 않습니다.",success
"What would be better for me? I use it to make, and edit videos for youtube, i also make thumbnails. I already have a gaming laptop with an i7 and 3060, but the fan noise annoys me, especially when i record and you can hear it in the background. The laptop is also quite heavy, and i travel a lot with it. I will also buy a PC for simracing and if i want gaming. I still need a laptop, because my parents are divorced and i travel quite a bit. I was thinking of buying an macbook m4 pro or just a macbook m4 and sell my old laptop. I want to know if the base model M4 macbook air and macbook pro will have around the same performance (or more) then my laptop.","나에게 더 나은 것은 무엇입니까? YouTube의 비디오를 만들고 편집하는 데 사용하면 축소판도 만듭니다. 나는 이미 i7과 3060의 게임 노트북을 가지고 있지만, 팬 노이즈는 특히 녹음 할 때 나를 괴롭 히고 배경에서들을 수 있습니다. 노트북도 상당히 무겁고 나는 그것으로 많이 여행합니다. 나는 또한 Simracing과 게임을 원한다면 PC를 구입할 것입니다. 부모님이 이혼하고 아주 조금 여행하기 때문에 여전히 노트북이 필요합니다. 나는 MacBook M4 Pro 또는 MacBook M4를 구입하고 오래된 노트북을 판매 할 생각을하고있었습니다. 기본 모델 M4 MacBook Air 및 MacBook Pro가 내 노트북과 거의 동일한 성능 (또는 그 이상)을 가질 지 알고 싶습니다.",success
"ASUS ROG Zephyrus 2024 16"" OLED 240Hz Gaming Laptop, Intel Core Ultra 9 185H, 16GB DDR5x RAM, 1TB NVMe SSD, NVIDIA GeForce RTX 4070, Windows 11 Pro https://a.co/d/6er9bGr","ASUS ROG ZEPHYRUS 2024 16 ""OLED 240Hz 게임 노트북, 인텔 코어 울트라 9 185H, 16GB DDR5X RAM, 1TB NVME SSD, NVIDIA GEFORCE RTX 4070, Windows 11 Pro https://a.co/d/6er9bgr",success
"Dell XPS 9530 Laptop 2023, Intel 14-Core i7-13700H, 15.6"" WUXGA IPS Display, Intel Arc A370M 4GB GDDR6, 32GB DDR5 1TB SSD, Backlit Keyboard, Fingerprint, Thunderbolt 4, Wi-Fi 6E, Win11 Pro https://a.co/d/7A0sOne","Dell XPS 9530 노트북 2023, 인텔 14- 코어 i7-13700H, 15.6 ""Wuxga IPS 디스플레이, 인텔 아크 A370M 4GB GDDR6, 32GB DDR5 1TB SSD, 백라이트 키보드, 지문, Thunderbolt 4, Wi-Fi 6E, Win11 Pro Https://A.4/4/0SONE.",success
Need advice: Dell Pro 16 Plus (Intel Arc integrated) — BSOD when using Quest 3 + Virtual Desktop + Microsoft Loop (Teams) with 3 virtual monitors,조언 필요 : Dell Pro 16 Plus (Intel Arc Integrated) - Quest 3 + 가상 데스크톱 + Microsoft Loop (3 개의 가상 모니터)를 사용할 때 BSOD,success
I have a Dell Pro 16 Plus with these specs:,이 사양이 포함 된 Dell Pro 16 Plus가 있습니다.,success
"I have a 2018 MacBook Pro that has been increasingly showing its age over the past year (getting a little slower, getting hot/fans kicking on faster, 2 usb-c ports replaced), so I'm looking to upgrade to a new MBP now before it becomes too much of a problem.","나는 지난 1 년 동안 점점 더 나이를 보이고있는 2018 MacBook Pro를 가지고 있습니다 (약간 느리게, 뜨거운/팬들이 더 빨리, 2 개의 USB-C 포트를 차단 함)가 너무 많은 문제가되기 전에 새로운 MBP로 업그레이드하려고합니다.",success
"* After looking around, I think the M4 Pro chip would be best (I would certainly like to hear opinions on going to the base M4 chip, I doubt that my use case warrants going for the Max though).",* 주변을 둘러 보면 M4 Pro 칩이 가장 좋을 것이라고 생각합니다 (Base M4 칩에가는 것에 대한 의견을 듣고 싶습니다. 제 사용 사례가 최대를 위해 진행되는 것을 의심합니다).,success
I have lenovo ideapad 5 pro rtx 4050 amd 8845 hs 16 gb ram and 1 tb ssd,Lenovo IdeaPad 5 Pro RTX 4050 AMD 8845 HS 16 GB RAM 및 1 TB SSD가 있습니다.,success
I've only really looked at the Dell Pro which I think is now the new XPS?,나는 지금 새로운 XPS라고 생각하는 Dell Pro를 정말로 보았습니까?,success
🎧 Headset: SteelSeries Nova Pro Wireless,Headset : Steelseries Nova Pro Wireless,success
I'm in the market for a new laptop and could use some help narrowing down the options. My budget is around $1200–$1300. I have initially chose two laptops - Asus VivoBook Pro 15 OLED Q533MJ | 2024 Model and Asus zenbook 14 OLED (UX3405). Which one would be better?,저는 새로운 노트북 시장에 있으며 옵션을 좁히는 데 도움이 될 수 있습니다. 저의 예산은 약 $ 1200- $ 1300입니다. 처음에는 두 개의 노트북을 선택했습니다 -Asus Vivobook Pro 15 OLED Q533MJ | 2024 모델 및 Asus Zenbook 14 OLED (UX3405). 어느 것이 더 나을까요?,success
macbook pro beating windows laptop,MacBook Pro Beating Windows 노트북,success
"I will be joining uni the next month, and I'm planning to buy a decent laptop for programming, research and light games, I was initially planning on getting the macbook pro with the m4 pro chip but on further research I realised that apple silicon doesn't allow bootcamp(since they use ARM arch now), and plus I feel that I will face compatibility issues in the future since I'm a cs major, so I'm looking for a laptop that beats the macbook pro or is at least comparable in certain aspects such as battery life, screen and performance. I ended up finding the lenovo yoga pro 9i, with rtx 4050 32 gb ram, but its battery life is not that great(approx 7 hrs), and the asus zephyrus g16(2024) with rtx 4070 and 32 gb ram, it provides decent battery life and a good screen. is there a laptop that is better than these in this price range( 2000 usd) ?","나는 다음 달에 Uni에 합류 할 예정이며, 프로그래밍, 연구 및 라이트 게임을위한 괜찮은 노트북을 구입할 계획입니다. 처음에는 M4 Pro 칩으로 MacBook Pro를 얻을 계획 이었지만 추가 연구에서 Apple Silicon이 Bootcamp를 허용하지 않는다는 것을 깨달았습니다 (현재 Arm Arch를 사용하기 때문에 CS 전공이기 때문에 Arm Arch를 사용하기 때문에 Arm Arch를 사용하기 때문에). 배터리 수명, 화면 및 성능과 같은 특정 측면. RTX 4050 32 GB RAM으로 Lenovo Yoga Pro 9I를 찾았지만 배터리 수명은 그다지 크지는 않습니다 (약 7 시간), RTX 4070 및 32 GB RAM의 ASUS Zephyrus G16 (2024)은 적당한 배터리 수명과 좋은 스크린을 제공합니다. 이 가격대 (2000 USD)에서 이것보다 더 나은 노트북이 있습니까?",success
Confused between Lenovo Yoga pro 7 and Asus Zenbook 14 Oled,Lenovo Yoga Pro 7과 Asus Zenbook 14 OLED 사이의 혼란,success
"MacBook Pro M3 vs Air M4 – Which is better for competitive programming, dev work, and long-term use?","MacBook Pro M3 vs Air M4-경쟁 프로그래밍, DEV 작업 및 장기 사용에 더 좋습니다.",success
"•	MacBook Pro M3 (2023, 14-inch)","• MacBook Pro M3 (2023, 14 인치)",success
Would Air M4 (16 GB) be enough? Or is the Pro just better for long coding sessions?,Air M4 (16GB)가 충분할까요? 아니면 긴 코딩 세션에 프로가 더 나은가?,success
"Hi, I'm yet to buy my first thinkpad. Went though the ones available and thought of getting a used 16gb ram, 500gb ssd t14 gen1 R7 pro 4750U. I love racing, football(soccer), open world games and shooting (CoD, TC, etc). Which recent games between 2013 and 2024 can I play with decent graphics and good FPS?","안녕하세요, 아직 첫 번째 ThinkPad를 사지 않았습니다. 사용 가능하고 16GB RAM, 500GB SSD T14 GEN1 R7 PRO 4750U를받을 생각을했습니다. 나는 경주, 축구 (축구), 오픈 월드 게임 및 촬영 (대구, TC 등)을 좋아합니다. 2013 년에서 2024 년 사이에 어떤 게임이 적당한 그래픽과 좋은 FPS를 가지고 플레이 할 수 있습니까?",success
Hello! I currently own a mb pro m1 with 8gb/16gb,안녕하세요! 나는 현재 8GB/16GB의 MB Pro M1을 소유하고 있습니다,success
Refurbished 14-inch MacBook Pro Apple M4 Chip with 10‑Core CPU and 10‑Core GPU - Space Black,10 코어 CPU 및 10 코어 GPU를 갖춘 리퍼브 14 인치 MacBook Pro Apple M4 Chip -Space Black,success
- ASUS ZenBook Pro Duo,-Asus Zenbook Pro Duo,success
14” vs 16” MacBook Pro for Music Production — is 14” too small without an external monitor?,음악 제작을위한 14 인치 vs 16 인치 MacBook Pro - 외부 모니터가 없으면 14 인치가 너무 작습니까?,success
"I’m looking at either a **MacBook Pro M4 (16"")** or a **Razer Blade 14/16** but am **completely open** to other suggestions that fit my use case and budget tiers.","나는 ** macbook pro m4 (16 "") ** 또는 ** Razer Blade 14/16 **을보고 있지만, 나의 사용 사례와 예산 계층에 맞는 다른 제안에 완전히 열려 있습니다 ** **.",success
"I was searching online for what laptops to get going forward since mine is very old and slow now. I plan on going into A.I when I transfer I was deciding whether to get a macbook or some sort of windows. However, all the people I have asked have given me a mixed response and I really cant decide. I have heard some say that some applications wont be compatible with mac and its so much extra work while others say the M4 chip mac has is perfect for CS and AI. Im really struggling to decide since I cant really afford to regret this later because these laptops are so expensive. The apple workers were telling me to get an M4 pro which is stupidly expensive at 2k although online iv only read good stuff about it. But then one of my friends (doesnt do CS) said that the macbook air m4 should be fine and thats half the price. Or should I just get a windows laptop.",나는 온라인에서 내 것이 매우 오래되고 느리기 때문에 어떤 노트북을 앞으로 나아갈 수 있는지 온라인으로 찾고있었습니다. 전송할 때 A.I로 들어갈 계획입니다. MacBook 또는 Wind 그러나 내가 요청한 모든 사람들은 나에게 혼합 된 응답을 주었고 정말로 결정할 수 없습니다. 일부 응용 프로그램은 Mac과 호환되지 않을 것이며 다른 추가 작업은 M4 Chip Mac이 CS와 AI에 적합하다고 말합니다. 나는이 노트북이 너무 비싸기 때문에 나중에 후회할 여유가 없기 때문에 정말로 결정하기 위해 고군분투하고 있습니다. 애플 노동자들은 온라인 IV만이 그것에 대해 좋은 내용을 읽지 만 2K에서 어리석게 비싸다. 그러나 내 친구 중 한 명 (CS를하지 않음)은 MacBook Air M4가 괜찮아야한다고 말했고 가격의 절반이 될 것이라고 말했습니다. 아니면 Windows 노트북을 가져와야합니다.,success
M4 PRO: $\~2000 (After Tax),M4 Pro : $ \ ~ 2000 (세금 후),success
"I’m not looking for anything super high-end. Just something reliable enough to handle tools like Adobe Illustrator/Photoshop, Canva, DaVinci Resolve, Premiere Pro and some beginner-level coding (basic HTML/CSS/JS, etc.) without constant lag or crashes.","나는 슈퍼 하이 엔드를 찾고 있지 않습니다. Adobe Illustrator/Photoshop, Canva, Davinci Resolve, Premiere Pro 및 일정한 지연 또는 충돌없이 일부 초보자 수준 코딩 (기본 HTML/CSS/JS 등)과 같은 도구를 처리 할 수있을만큼 안정적인 것.",success
"The 1080p camera is really good. The color balance is perfect and it works well with studio effects. Unfortunately, studio effects doesn't work with my USB Kiyo Pro so if you are one of the few people who is excited about AI features like studio effects, keep in mind they may not work with your peripherals.","1080p 카메라는 정말 좋습니다. 색상 균형은 완벽하며 스튜디오 효과와 잘 작동합니다. 불행히도, 스튜디오 효과는 My USB Kiyo Pro와 함께 작동하지 않으므로 Studio Effects와 같은 AI 기능에 대해 흥분하는 소수의 사람들 중 하나라면 주변 장치와 함께 작동하지 않을 수도 있습니다.",success
"* **Leave any finishing thoughts here that you may feel are necessary and beneficial to the discussion.**\-Current Laptop is ASUS GL553VE. I want something that is better in every way to this (shouldnt be hard as it is 7 years old). Battery has started to drain faster and speaker quality is going away. I want to be able to run heavy programs like premier pro if I want, but most of the time I just watch youtube and movies.",*** 토론에 필요하고 유익 할 수있는 마무리 생각을 남겨 두십시오. ** \-현재 노트북은 ASUS GL553VE입니다. 나는 이것에 대한 모든면에서 더 나은 것을 원한다 (7 살이되어서는 어렵지 않아야한다). 배터리가 더 빨리 배수되기 시작했고 스피커 품질이 사라지고 있습니다. 원한다면 Premier Pro와 같은 무거운 프로그램을 운영하고 싶지만 대부분 YouTube와 영화를 볼 수 있습니다.,success
Please tell me the pros and cons of this laptop.,이 노트북의 장단점을 알려주세요.,success
5. Bigger screen. This can be a pro or a con because bigger means more consumption of power and that with cpu idk and i dont really care about the screen size.,5. 더 큰 화면. 더 큰 전력 소비를 의미하고 CPU IDK를 사용하고 화면 크기에 관심이 없기 때문에 이것은 프로 또는 사기가 될 수 있습니다.,success
"I’m 17, about to be a HS senior and i’m think of getting the Microsoft surface pro 12in. It’s lightweight, compact, and is the perfect thing I need for school.",저는 17 살이고 HS 선임자가 되려고하며 Microsoft Surface Pro 12in을 얻는 것을 생각합니다. 가볍고 컴팩트하며 학교에 필요한 완벽한 것입니다.,success
"\* **I have nothing against ARM** APUs (M1, M1 Pro or Snapdragon; I don't see a need in M2 and newer, but we'll see), but I don't want to be a beta-tester and especially pay for it with my own money. I don't want to have VS/NPM/VST/.NET (not .NET Core) and other more common-usage (old software) compatibility problems. May this even cost me a small(!) downgrade in price, performance, or battery life -- reliability is more valuable to me. So **x64 is preferable**. But if you have pleasant personal experience with ARM -- I'll gladly listen to your arguments, why not.","\*** ARM에 대해 아무것도 없습니다 ** APU (M1, M1 Pro 또는 Snapdragon; M2와 새로운 경우에는 필요하지 않지만 우리는 볼 수 있지만 우리는 베타 테스터가되고 특히 내 돈으로 돈을 지불하고 싶지 않습니다. VS/NPM/VST/.NET (.NET CORE 아님) 및 기타 일반 소프트웨어 (오래된 소프트웨어) 호환성 문제를 원하지 않습니다. 이로 인해 가격, 성능 또는 배터리 수명이 적은 작은 (!) 다운 그레이드가 필요하길 바랍니다. 신뢰성은 나에게 더 가치가 있습니다. ** x64가 바람직합니다 **. 그러나 팔에 대한 유쾌한 개인적인 경험이 있다면 기꺼이 당신의 주장을 기꺼이들을 것입니다.",success
"\* **Macbook Pro 16"" M1 Pro 16/512 or 16/1024**. Yes, ARM, compatibility problems (potential and confirmed). But if x64 alternatives are much worse and/or much pricier -- seems like I'll have to deal with those problems then, spend personal time on relearning a lot of things (never used Mac before).","\*** MACBOOK PRO 16 ""M1 PRO 16/512 또는 16/1024 **. 예, 팔, 호환성 문제 (잠재적 및 확인). 그러나 X64 대안이 훨씬 더 나빠지거나 훨씬 더 비싸면 해당 문제를 다루는 데 개인적인 시간을 보내야합니다 (이전에 Mac을 사용한 적이 없음).",success
"\* **Macbook Air 15"" M2 16/512 or 16/1024**. Older 13"" is way too small. And this is at the same price as a Mac Pro higher, so I don't see a point in this one.","\*** MacBook Air 15 ""M2 16/512 또는 16/1024 **. 구형 13""은 너무 작습니다. 그리고 이것은 Mac Pro Higher와 같은 가격 이므로이 점에서 점수는 보이지 않습니다.",success
"\* **Lenovo Yoga 6/7, Yoga Slim 6, Yoga Pro 7, Yoga Slim 7 Pro**. Brightness looks very low (300-400 nits), but except that -- this is the closest I've found. There are complaints about noise too, but, in comparison, there seem to be not as many of them (of complaints).","\*** Lenovo Yoga 6/7, Yoga Slim 6, Yoga Pro 7, Yoga Slim 7 Pro **. 밝기는 매우 낮게 보입니다 (300-400 니트).하지만 제가 찾은 가장 가깝습니다. 소음에 대한 불만도 있지만, 비교하면 불만이 많지 않은 것 같습니다.",success
"2. Apple MacBook Pro 16""","2. Apple MacBook Pro 16 """,success
https://www.bestbuy.com/product/lenovo-legion-pro-5i-16-2-5k-lcd-gaming-laptop-intel-14th-gen-core-i9-32gb-memory-nvidia-geforce-rtx-4070-8gb-2tb-ssd-onyx-grey/6575390/openbox?condition=excellent,https://www.bestbuy.com/product/lenovo-legion-pro-5i-16-2-5k-lcd-gaming-laptop-intel-14th-gen-cor E-I9-32GB-Memory-Nvidia-Geforce-RTX-4070-8GB-2TB-SSD-YONX-GREY/6575390/OPENBOX? 조건 = 우수합니다,success
Looking for Laptop Advice: Dell Pro Max 14 vs XPS 14 vs MacBook Pro,노트북 조언 찾기 : Dell Pro Max 14 vs XPS 14 vs MacBook Pro,success
"I'm currently in the market for a new laptop and I'm considering the **Dell Pro Max 14**, **Dell XPS 14**, or **MacBook Pro**.","저는 현재 새로운 노트북 시장에 있으며 ** Dell Pro Max 14 **, ** Dell XPS 14 ** 또는 ** MacBook Pro **를 고려하고 있습니다.",success
"3. What has been your **long-term experience** with the Dell Pro Max / XPS / MacBook in terms of reliability, support, and updates?","3. 신뢰성, 지원 및 업데이트 측면에서 Dell Pro Max / XPS / MacBook과 함께 귀하의 장기 경험 **는 무엇입니까?",success
|Dell Pro Max 14 |Dell XPS 14 |Macbook Pro |,| Dell Pro Max 14 | Dell XPS 14 | MacBook Pro |,success
"|AMD Ryzen™ AI 7 PRO 350, 8 cores |Intel® Core™ Ultra 7 155H, 16 cores |M4 Pro 12-core processor |","| AMD RYZEN ™ AI 7 PRO 350, 8 CORES | Intel® Core ™ Ultra 7 155H, 16 Cores | M4 Pro 12 코어 프로세서 |",success
|Windows 11 Pro |Windows 11 Home |Mac iOS |,| Windows 11 Pro | Windows 11 홈 | Mac iOS |,success
Asus Rog Strix G16 2025 or Macbook Pro M4 Pro?,Asus Rog Strix G16 2025 또는 MacBook Pro M4 Pro?,success
2. https://www.apple.com/in/shop/buy-mac/macbook-pro/14-inch-space-black-standard-display-apple-m4-pro-chip-with-12-core-cpu-16-core-gpu-24gb-memory-512gb,2. https://www.apple.com/in/shop/buy-mac/macbook-pro/14-inch-pace-black-standard-display-m4-pro-chip-with-12-core-cpu-16-core-gpu-24gb-memory-512gb,success
"The Macbook Pro M4 Pro is the 12 Core CPU, 16 Core GPU version with 24 GB Unified Memory.","MacBook Pro M4 Pro는 12 개의 핵심 CPU, 24GB 통합 메모리를 가진 16 개의 핵심 GPU 버전입니다.",success
"My family members use Macbooks, and are recommending the M4 Pro to me for it's quality, battery life, light weight (and hence portability), reliability as well as longevity.","우리 가족은 MacBook을 사용하며 품질, 배터리 수명, 가벼운 무게 (및 이식성), 신뢰성 및 장수에 대해 M4 Pro를 권장합니다.",success
"I, however, have many a times took advantage of the freedom Windows PCs offer to",그러나 나는 Windows PC가 제공하는 Freedom을 여러 번 사용했습니다.,success
"I’m seriously considering a MacBook Pro 16"" M2 Pro, 16 GB RAM, 512 GB SSD, someone’s offering it to me for $1,300 USD. This would be my first Mac ever, and I’m wondering:","MacBook Pro 16 ""M2 Pro, 16GB RAM, 512GB SSD를 진지하게 고려하고 있습니다.",success
"The Lenovo Yoga Pro 9i with the tandem OLED, 285H, 32GB is great, but only has a 13 TOPS NPU and the display is very reflective. In fact, as far as I know, the only Intel mobile CPU that has the NPU is the V-series, which are under-powered.","탠덤 OLED, 285H, 32GB가 장착 된 Lenovo Yoga Pro 9I는 훌륭하지만 13 개의 탑 NPU 만 있으며 디스플레이는 매우 반사적입니다. 실제로, 내가 아는 한, NPU를 가진 유일한 인텔 모바일 CPU는 V- 시리즈이며, 이는 저전력입니다.",success
Xiaomi Redmi G Pro 2024 Fan issue,Xiaomi Redmi G Pro 2024 팬 문제,success
I have a Xiaomi Redmi G Pro 2024 since 2 years now but both of the fan are starting to have issue and make very loud noises. I would like to replace them but I can't find the parts on any website.,나는 2 년부터 Xiaomi Redmi G Pro 2024를 가지고 있지만 두 팬 모두 문제가 생기고 매우 큰 소리를냅니다. 교체하고 싶지만 어떤 웹 사이트에서도 부품을 찾을 수 없습니다.,success
"Lenovo IdeaPad Pro 5 $1,099:","Lenovo IdeaPad Pro 5 $ 1,099 :",success
**OS: Windows 11 Pro (MacOS is not supported)**,** OS : Windows 11 Pro (MACOS가 지원되지 않음) **,success
"[Zenbook S 16 (UM5606)](https://shop.asus.com/ca-en/asus-zenbook-s-16-um5606.html) \- Online reviews aren't very nice to this laptop, multiple reviews online, youtube, blogs, and even reddit state that because of how thin the laptop is it struggles with heat at the at keyboard, and some people say it overheats too. Keeping that in mind, there are A LOT of positive reviews for it too. The current Price of this laptop is $2,200","[Zenbook S 16 (um5606)] (https://shop.asus.com/ca-en/asus-zenbook-s-16-um5606.html) \-온라인 리뷰는이 노트북, 온라인, YouTube, 블로그, 심지어 레드 탑이 랩탑으로 인해 열렬한 말을하기 때문에이 노트북에 다중 리뷰가 좋지 않습니다. 도. 이를 염두에두고, 그것에 대한 긍정적 인 리뷰도 많이 있습니다. 이 노트북의 현재 가격은 $ 2,200입니다",success
"[HP Omnibook 7](https://www.costco.ca/hp-omnibook-7-copilot-pc-173-in-touchscreen-laptop-intel-core-ultra-7-258v-32-gb-ram-1-tb-ssd-intel-arc.product.4000367750.html) \- This laptop is selling on costco right now for $1,650. I have heard a lot of good things about it, and it seems very modern, it meets the requirements and for the price its really good.","[HP Omnibook 7] (https://www.costco.ca/hp-omnibook-7-copilot-pc-173 in-touchscreen-laptop-intel-core-7-258v-32-gb-ram-1-tb-ssd-intel-arc.product. 이제 $ 1,650에. 나는 그것에 대해 많은 좋은 것을 들었고, 그것은 매우 현대적 인 것처럼 보이며, 그것은 요구 사항을 충족시키고 가격을 위해 정말 좋습니다.",success
In what ways would the 16GBVRAM advantage of the Legion 7 over the 8GBVRAM of the Legion 5 Pro outweighs the latter for a futureproof choice?,Legion 5 Pro의 8GBVRAM에 대한 Legion 7의 16GBVRAM의 이점은 미래의 선택에 대한 후자보다 어떤 방식으로?,success
"3. GPU AI Tech. The advantage of the RTX 4070's DLSS3. So as much as the RTX 3080's 16GBVRAM is twice the 4070's, I've seen benchmarks with games that supports DLSS3 that with that on, it performs 65% or higher than the 3080 (although I've heard people uses FSR3.1 Frame Gen with DLSS Upscaling with minimal difference to the performance of DLSS3, not sure if it's compatible on all games tho).",3. GPU AI 기술. RTX 4070의 DLSS3의 장점. 따라서 RTX 3080의 16GBVRAM은 4070 년대의 두 배인 DLSS3을 지원하는 게임의 벤치 마크를 보았습니다.이를 통해 3080보다 65% 이상을 수행하는 게임을 보았습니다.,success
"The question is, would you choose the 4070's DLSS3 advantage over the RTX 3080's 16GBVRAM? Or would you choose the latter and live with FSR?",문제는 RTX 3080의 16GBVRAM보다 4070 년대 DLSS3 우위를 선택 하시겠습니까? 아니면 후자를 선택하고 FSR과 함께 살 것입니까?,success
"So when it comes to purely gaming, do you think the Legion 7 would last 5-8yrs satisfying those conditions I stated or the Legion 5 Pro is better suited for that?","그래서 순전히 게임에 관해서는, 당신은 Legion 7이 내가 언급 한 조건을 만족시키는 5-8 세 또는 Legion 5 Pro가 더 적합하다고 생각하십니까?",success
"Other uses as stated above, since not many apps or games supports DLSS3 or DLSS4, is the 16GBVRAM advantage of the Legion 7 far outweighs the 8GBVRAM of the Legion 5 Pro?","다른 용도 위에서 언급 한 바와 같이, 많은 앱이나 게임이 DLSS3 또는 DLSS4를 지원하지 않기 때문에, Legion 7의 16GBVRAM 이점은 Legion 5 Pro의 8GBVRAM보다 훨씬 더 중요합니까?",success
Lenovo Legion 5 Pro 140WTDP,Lenovo Legion 5 Pro 140wtdp,success
Will the AX16PRO run the sims 4 (with all packs and mods) well?,AX16Pro가 Sims 4 (모든 팩과 모드)를 잘 실행합니까?,success
Will the AX16PRO run the sims 4 well?,AX16Pro가 Sims 4를 잘 실행합니까?,success
Acer Predator Helios Neo 16 or ASUS TUF A16 Advantage Edition,Acer Predator Helios Neo 16 또는 Asus TUF A16 Advantage Edition,success
Which one should I choose? Acer Predator Helios Neo 16 or ASUS TUF A16 Advantage Edition?,어떤 것을 선택해야합니까? Acer Predator Helios Neo 16 또는 Asus TUF A16 Advantage Edition?,success
2. ASUS TUF Gaming A16 Advantage Edition,2. ASUS TUF GAMING A16 Advantage Edition,success
After thinking so much I decided to buy this laptop for my studies and gaming in free time. Anyone who used this whats your review? What’s the pros and cons. Should I buy it or go for another laptop. Any suggestions are accepted. Thank you.,너무 많이 생각한 후 나는 공부를 위해이 노트북을 구입하고 자유 시간에 게임을하기로 결정했습니다. 이것을 사용한 사람이 당신의 리뷰를 사용하는 사람이 있습니까? 장단점은 무엇입니까? 구매하거나 다른 노트북을 찾아야합니다. 모든 제안이 수락됩니다. 감사합니다.,success
Tengo un macbook pro del 2012 ¿que puedo hacer con el en 2025?,Tengo un MacBook Pro Del 2012 ¿ Que Puedo Hacer Con En 2025?,success
"I'm looking for a better laptop for graphic design/photo editing. I have it narrowed down to a few possibilities I think are good, but I haven't had the best of luck with laptops and have very little experience with these brands. I'm also genuinely confused about IPS vs OLED and which is truly better for my use and the pros and cons of each type. I've heard I absolutely need OLED for graphic design, but also that OLED creates burn in issues.","그래픽 디자인/사진 편집을위한 더 나은 노트북을 찾고 있습니다. 나는 그것이 좋은 것으로 생각되는 몇 가지 가능성으로 좁혀졌지만, 랩톱에 대한 행운을 얻지 못했고이 브랜드에 대한 경험이 거의 없었습니다. 나는 또한 IPS 대 OLED에 대해 진정으로 혼란 스러우며 각 유형의 사용과 장단점이 더 좋습니다. 나는 그래픽 디자인을 위해 OLED가 절대적으로 필요하다고 들었지만 OLED는 문제에서 화상을 입었다 고 들었습니다.",success
Here are the pros and cons that result from my point of view and for the use that I would make of them:,다음은 내 관점에서 나오는 장단점과 제가 할 수있는 사용에 대한 장단점입니다.,success
Pros: perfect size and superior quality screen (I think!).,장점 : 완벽한 크기와 우수한 품질 스크린 (생각합니다!).,success
Pros: Ips screen that does not have problems with either burn in or PWM and perhaps it reflects less light (but I'm not sure about this). A lot of enthusiastic review.,장점 : 화상 인 또는 PWM에 문제가없는 IPS 화면은 빛이 덜 반영 될 수 있습니다 (그러나 확실하지 않습니다). 많은 열정적 인 검토.,success
"In 2023, I switched from a samsung galaxy s10 to an iphone 15 pro max, admittedly mainly to make communication more seamless with most of my friends and family—apple switching to usb c finally made me make the switch because I thought the lightning port was extremely dumb. I’ve been enjoying IOS, maybe even more than android. Since at the time, I needed a laptop for college, I thought it’d be smart to get a macbook since I have an iphone and already have a windows gaming PC.","2023 년에 나는 삼성 갤럭시 S10에서 아이폰 15 프로 맥스로 전환했는데, 주로 대부분의 친구와 가족과의 의사 소통을 더욱 매끄럽게 만들기 위해, USB C로 전환하면 라이트닝 포트가 매우 바보라고 생각했기 때문에 스위치를 만들었습니다. 나는 iOS를 즐기고 있었을 것입니다. 당시 대학을위한 노트북이 필요했기 때문에 iPhone이 있고 이미 Windows Gaming PC를 가지고 있기 때문에 MacBook을 얻는 것이 현명하다고 생각했습니다.",success
"So my laptop ( Asus tuf gaming a15 2022 with ryzen 5 4600H + rtx 3050)  only has 8gb in it. So I wanna upgrade it but I am not sure whether to buy another 8gb stick and make the total 16gb with dual channel or buy a 16gb instead and make the total 8+16= 24gb. But I did found out that there are some disadvantages of doing 24gb instead of 16gb. I don't really do any heavy video editing or heavy fps mostly wants the laptop to feel more faster, snappier and run several apps in the background while I do my tasks. I do play games like Elden Ring and Dark souls at the moment with no real lags. What should I buy?","따라서 내 노트북 ​​(Ryzen 5 4600H + RTX 3050과 함께 ASUS TUF GAMING A15 2022)에는 8GB 만 있습니다. 그래서 업그레이드하고 싶지만 다른 8GB 스틱을 구입하고 총 16GB를 듀얼 채널로 만들거나 대신 16GB를 구매하고 총 8+16 = 24GB를 만들지 확실하지 않습니다. 그러나 나는 16GB 대신 24GB를하는 데 몇 가지 단점이 있음을 알았습니다. 나는 무거운 비디오 편집이나 무거운 FPS를 실제로하지 않습니다. 주로 랩톱이 더 빠르고, 더 빠르고, 더 빠르며, 여러 앱을 배경에서 실행하기를 원합니다. 나는 진짜 지연없이 현재 Elden Ring 및 Dark Souls와 같은 게임을합니다. 무엇을 사야합니까?",success
"Update: Or I can get LENOVO Legion Pro 5 for 1,700 EUR with specs:","업데이트 : 또는 사양으로 Lenovo Legion Pro 5를 1,700 EUR로 얻을 수 있습니다.",success
"So recently ive been looking for new laptops since I never really had one to myself. From my almost 7 year experience on my windows gaming pc ( which i wont have access to now ), i am gonna switch to a laptop mostly for studies and other works like research, writing essays, watching videos, editing high end videos and coding and running AI/ML programs. Since ive been a pc gamer for almost a decade (playing fifa, fortnite, valorant and apex legends), i think that i might do some occasional gaming here and there, but ive also been looking for a good battery backup from a full charge (6- 13) hours ideally, where i can do light stuff like colour grading without having to experience lag. So far, the two laptops that ive been looking at, inside my budget (USD 1900), are the m4 mac book pro (24gb unified, 14 inch, 512 gb, nano-texture), and the predator helios( rtx 5070/60, i9 12-14th gen, 16 gb ram, 1/2 tb storage, 16 inch), can you suggest me what system should i choose ( can be a system out of the choices ive mentioned). I would be really thankful if you guys upvoted.","그래서 최근에 나는 나 자신에게 하나도 없었기 때문에 새로운 노트북을 찾고있었습니다. Windows Gaming PC에서 거의 7 년간의 경험 (지금은 액세스 할 수 없습니다)에서 연구 및 연구, 에세이 작성, 비디오보기, 고급 비디오 편집 및 코딩 및 AI/ML 프로그램 실행과 같은 다른 작품으로 전환 할 것입니다. Ive는 거의 10 년 동안 PC 게이머 였기 때문에 (FIFA, Fortnite, Valorant 및 Apex Legends를 재생) 여기 저기 게임을 할 수 있다고 생각하지만, Ive는 또한 전체 충전 (6-13)의 좋은 배터리 백업을 이상적으로 찾고 있었는데, 여기서도 지연을 경험하지 않고 컬러 그레이딩과 같은 가벼운 일을 할 수 있습니다. 지금까지 내 예산 (1900 년 USD 1900) 내에서보고 있던 두 랩탑은 M4 Mac Book Pro (24GB 통합, 14 인치, 512GB, 나노 텍스트) 및 포식자 Helios (RTX 5070/60, I9 12-14 세대, 16 GB RAM, 16 TB Storage, 16 인치)입니다. 언급). 너희들이 반대한다면 정말 감사 할 것이다.",success
"So recently ive been looking for new laptops since I never really had one to myself. From my almost 7 year experience on my windows gaming pc ( which i wont have access to now ), i am gonna switch to a laptop mostly for studies and other works like research, writing essays, watching videos, editing high end videos and coding and running AI/ML programs. Since ive been a pc gamer for almost a decade (playing fifa, fortnite, valorant and apex legends), i dont think that i can live without some occasional gaming with friends, but ive also been looking for a good battery backup from a full charge (6- 13) hours ideally, where i can do light stuff like colour grading without having to experience lag. So far, the two laptops that ive been looking at, inside my budget (USD 1900), are the m4 mac book pro (24gb unified, 14 inch, 512 gb, nano-texture), and the predator helios( rtx 5070/60, i9 12-14th gen, 16 gb ram, 1/2 tb storage, 16 inch), can you suggest me what system should i choose ( can be a system out of the choices ive mentioned). I would be really thankful if you guys upvoted.","그래서 최근에 나는 나 자신에게 하나도 없었기 때문에 새로운 노트북을 찾고있었습니다. Windows Gaming PC에서 거의 7 년간의 경험 (지금은 액세스 할 수 없습니다)에서 연구 및 연구, 에세이 작성, 비디오보기, 고급 비디오 편집 및 코딩 및 AI/ML 프로그램 실행과 같은 다른 작품으로 전환 할 것입니다. Ive는 거의 10 년 동안 PC 게이머 였기 때문에 (FIFA, Fortnite, Valorant 및 Apex Legends를 재생) 친구들과 가끔 게임을 할 수 없다고 생각하지만 Ive는 또한 전체 충전 시간 (6-13)의 좋은 배터리 백업을 이상적으로 찾고 있었는데, 여기서도 지연을 경험하지 않고 색상 채점과 같은 가벼운 일을 할 수 있습니다. 지금까지 내 예산 (1900 년 USD 1900) 내에서보고 있던 두 랩탑은 M4 Mac Book Pro (24GB 통합, 14 인치, 512GB, 나노 텍스트) 및 포식자 Helios (RTX 5070/60, I9 12-14 세대, 16 GB RAM, 16 TB Storage, 16 인치)입니다. 언급). 너희들이 반대한다면 정말 감사 할 것이다.",success
* **CPU:** AMD Ryzen 5 Pro 7540U,*** CPU : ** AMD RYZEN 5 PRO 7540U,success
MacBook Air M4 (32GB) vs MacBook Pro M4 Pro (48GB) for Full-Stack Dev – Is the Price Jump Worth It?,MacBook Air M4 (32GB) vs Full-Stack Dev 용 MacBook Pro M4 Pro (48GB)-가격 점프의 그만한 가치가 있습니까?,success
"2. **MacBook Pro M4 Pro** – 48 GB RAM, 1 TB SSD, 16-inch screen","2. ** MacBook Pro M4 Pro **-48GB RAM, 1 TB SSD, 16 인치 화면",success
"My main concern is: since the MacBook Air is passively cooled (no fans), is there a risk that its performance advantage will be lost under sustained workloads due to thermal throttling?",나의 주요 관심사는 : MacBook Air가 수동적으로 냉각되기 때문에 (팬 없음) 열 조절으로 인해 지속적인 워크로드에서 성능 이점이 손실 될 위험이 있습니까?,success
"* **Lenovo P16s AMD G4** – Ryzen 7 PRO 7840U, 64 GB RAM, 2 TB SSD, AMD Radeon™ 780M, 1920 × 1200 Touchscreen (If the thermals are similar to P15s, I will not choose this one)","*** Lenovo P16S AMD G4 ** - Ryzen 7 Pro 7840U, 64GB RAM, 2 TB SSD, AMD RADEON ™ 780M, 1920 × 1200 터치 스크린 (열이 P15S와 유사한 경우 선택하지 않을 것입니다).",success
"* **HP EliteBook 865 Gen11** – Ryzen 7 PRO 8840HS, 64 GB RAM, 2 TB SSD, WUXGA (1920 × 1200) Touchscreen, UWVA, Anti-glare, WLED **(Seems the most powerful in these 3 options)**","*** HP Elitebook 865 Gen11 **-Ryzen 7 Pro 8840HS, 64GB RAM, 2 TB SSD, WUXGA (1920 × 1200) 터치 스크린, UWVA, 안티 글 레이, WLED ** (이 3 가지 옵션에서 가장 강력 해 보입니다) **",success
"Additionally, I may be able to **request an exception** to opt for one of these models instead—if they provide a significant performance advantage over the above options: (Not guaranteed and it will cause much paper work for me)",또한 위의 옵션에 비해 상당한 성능 이점을 제공한다면 다음 모델 중 하나를 선택하기 위해 예외 **를 요청할 수 있습니다.,success
"* LG Gram Pro 16"" model 16z90ts-g.aug9u1 - biggest gap is lack of haptic touchpad","* LG GRAM PRO 16 ""모델 16Z90TS -g.aug9U1- 가장 큰 간격은 haptic touchpad의 부족입니다.",success
"I considered the Samsung Galaxy Book5 Pro due to outstanding anti-reflective coatings on their OLED screens (I checked it out myself and it seems really good) but it's still glossy looking and no haptic touchpad.  Also, the 16"" is a little on the heavy side too at \~3.3 lbs.","나는 OLED 스크린의 뛰어난 반사적 코팅으로 인해 삼성 갤럭시 북5 프로 (Samsung Galaxy Book5 Pro)를 고려했지만 (나는 그것을 직접 확인했고 정말 좋아 보인다) 여전히 광택이 있고 햅틱 터치 패드는 없다.  또한 16 ""은 \ ~ 3.3 lbs에서 무거운면에 약간 있습니다.",success
I'm looking for a new 2-in-1 and could use some suggestions. I was originally thinking the Lenovo Yoga 9i (or even Yoga Book 9i for the novelty) but with my current dodgy eyesight I could use a larger screen. At the moment I've been leaning towards either the Samsung Galaxy Book5 Pro 360 or LG Gram Pro 16 2-in-1. Does anyone have any opinions between the 2 or just another suggestion that I haven't thought of?,나는 새로운 2-in-1을 찾고 있으며 몇 가지 제안을 사용할 수 있습니다. 나는 원래 Lenovo Yoga 9i (또는 참신에 대한 요가 책 9i)를 생각하고 있었지만 현재의 Dodgy 시력으로 더 큰 화면을 사용할 수있었습니다. 현재 나는 Samsung Galaxy Book5 Pro 360 또는 LG Gram Pro 16 2-in-1에 기대어있었습니다. 누구든지 2 또는 내가 생각하지 않은 또 다른 제안 사이에 의견이 있습니까?,success
"Hey r/SuggestALaptop! Amazon Prime Day 2025 is live now through **July 11**, featuring exclusive deals on a wide range of laptops from top brands like Apple, Dell, HP, and more. Whether you need a budget-friendly option or a high-end machine, there’s likely a deal for you with savings[ **up to $470 on select models**](https://www.amazon.com/primeday?_encoding=UTF8&pf_rd_p=85328aa7-c0a8-437c-9bbc-e148cc2a1ecf&pf_rd_s=nav-sitewide-msg-text&pf_rd_t=4201&pf_rd_i=navbar-4201&pf_rd_m=ATVPDKIKX0DER&pf_rd_r=B93N779PP4EW91KSGQTV&discounts-widget=%2522%257B%255C%2522state%255C%2522%253A%257B%255C%2522refinementFilters%255C%2522%253A%257B%255C%2522departments%255C%2522%253A%255B%255C%2522493964%252F541966%252F13896617011%252F565108%255C%2522%255D%257D%257D%252C%255C%2522version%255C%2522%253A1%257D%2522&linkCode=ll2&tag=graceson0d-20&linkId=ef31a1f6bf2ba5564e2536bd103807f6&language=en_US&ref_=as_li_ss_tl). Share your desired specs and budget in the comments, and I’ll help you find the best offers. Remember, these deals are for Prime members only, but you can [**sign up for a 30-day free trial**](https://www.amazon.com/amazonprime?&linkCode=ll2&tag=graceson0d-20&linkId=ddc10b69f1c21a7a387cffb7eef1a9d6&language=en_US&ref_=as_li_ss_tl) to take advantage of the savings.","이봐 R/PropertalAptop! Amazon Prime Day 2025는 7 월 11 일 **를 통해 살아 있으며 Apple, Dell, HP 등과 같은 최고의 브랜드의 광범위한 랩톱에 대한 독점 거래를 특징으로합니다. 예산 친화적 인 옵션이 필요하든 고급 기계가 필요한지 여부에 관계없이 절약 할 수 있습니다. 모델 **] (https://www.amazon.com/primeday?_encoding=utf8&pf_rd_p=85328aa7-c0a8-437c-9bbc-e148cc2a1ecf&pf_rd_s=nav-sitewide-msg-text&pf_rd_rd_t=4201 D_I = NAVBAR-4201 & PF_RD_M = ATVPDKIKX0DER & PF_RD_R = B93N779PP4EW91KSGQTV 및 할인 혜택 widget =%2522%257B%255C%255C%2522%253A%255C%25222REEMENTF ILTERS%255C%2522%253A%257B%255C%2522DEPARTMENT%255C%2522%253A%255B%255C%2522493964%252F541966%252F13896617011%252f565108%2522%257d 257d 255C% 2c%255c%2522version%255c%2522%253a1%257d%2522 & linkcode = ll2 & tag = graceson0d-20 & linkid = ef31a1f6bf2ba55564e2536bd103807f6 & language = en_us & ref_ = as_lis_tl). 원하는 사양과 예산을 의견에 공유하면 최고의 제안을 찾도록 도와 드리겠습니다. 이 거래는 주요 회원만을위한 것이지만 [** 30 일 무료로 가입 할 수 있습니다. 시험 **]] (https://www.amazon.com/amazonprime?&linkcode=ll2&tag=graceson0d-20&linkid=ddc10b69f1c21a387cffb7eef1a9d6&language=en_us&ref_=as_li_sss_sss _ to the savens.",success
"**The form will be like this Laptop name and link (the laptop name is the link) in price order from low to high, Price after deal, specs, and Pros and Cons.**","** 양식은이 노트북 이름과 링크 (노트북 이름은 링크입니다)와 비슷합니다. 가격에서 낮은 곳에서 가격으로, 거래 후 가격, 사양 및 장단점. **.",success
**Pros and cons:**,** 장단점 : **,success
**Pros and cons:**,** 장단점 : **,success
**Pros and cons:**,** 장단점 : **,success
**Pros and cons:**,** 장단점 : **,success
**Pros and cons:**,** 장단점 : **,success
**Pros and cons:**,** 장단점 : **,success
[**Lenovo V-Series V15 Business Laptop**](https://laptopsdealer.com/product/lenovo-v-series-v15-business-laptop-15-6-fhd-1920-1080-13th-gen-intel-core-i7-13620h-40gb-ram-1tb-ssd-webcam-wi-fi-6-windows-11-pro-black-bundle-with-adata-512gb-external-ssd/) **– $764.15 after 15% off (was $899.00)**,[** Lenovo V-Series v15 비즈니스 노트북 **] (https://laptopsdealer.com/product/lenovo-v-series-v15-business-laptop-15-6-fhd-1920-13th-gen-in-in-in-in-in-in TEL-CORE-I7-13620H-40GB-RAM-1TB-SSD-WEBCAM-WI-FI-FI-6-WINDOWS-PRO- 블랙-펀드 With-Adata-512GB-External-SSD/) ** - 15% 할인 후 $ 764.15 ($ 899.00) **,success
**Pros and cons:**,** 장단점 : **,success
**Pros and cons:**,** 장단점 : **,success
"[**Lenovo ThinkPad E16 Gen 2 Business Laptop**](https://laptopsdealer.com/product/lenovo-thinkpad-e16-gen-2-business-laptop-16-fhd-display-amd-ryzen-7-7735u-32gb-ddr5-ram-1tb-ssd-fingerprint-backlit-wi-fi-6-windows-11-pro-bundle-with-targus-usb-c-100w-docking-station/) – $899.00 after 50% off (was $1,799.00)","[** Lenovo ThinkPad E16 Gen 2 비즈니스 노트북 **] (https://laptopsdealer.com/product/lenovo-thinkpad-e16-gen-2-business-laptop-16-fhd-display-amd-ryzen-7-77 35U-32GB-DDR5-RAM-1TB-SSD-FINGPRINT-BACKLIT-WI-FI-FI-6-WINDOWS-with-Targus-USB-C-100W-Docking-Station/) - 50% 할인 후 $ 899.00 ($ 1,799.00)",success
**Pros and cons:**,** 장단점 : **,success
[**Dell Inspiron 15 3530 Touchscreen Laptop**](https://laptopsdealer.com/product/dell-inspiron-15-3530-touchscreen-laptop-business-student-laptop-computer-w-office-lifetime-win-11-pro-intel-i5-1334u-15-6-fhd-anti-glare-display-external-dvd-drive-64gb-ram-2tb-ssd/) – $899.99,[** Dell Inspiron 15 3530 터치 스크린 노트북 **] (https://laptopsdealer.com/product/dell-inspiron-15-3530-touchscreen-laptop-business-student-laptop-comp Uter-W-Office-Lifetime-Win-11-Pro-Intel-I5-1334U-15-6-FHD-ANTI-GLARE-DISPLAY-EXTERNAL-DVD-DVD-64GB-RAM-2TB-SSD/) - $ 899.99,success
**Pros and cons:**,** 장단점 : **,success
"[**Dell 16″ Touchscreen Business Laptop**](https://laptopsdealer.com/product/dell-16-inch-touchscreen-business-laptop-intel-core-7-150u-fhd-display-ai-copilot-key-fingerprint-reader-backlit-kb-w-accessory-windows-11-pro-office-pro-lifetime-32gb-ddr/) – $1,059.99","[** Dell 16 ″ 터치 스크린 비즈니스 노트북 **] (https://laptopsdealer.com/product/dell-16-inch-touchscreen-business-laptop-intel-core-7-150u-fhd-display-ai-copilot-key-fingerprint-reader-backlit-kb-w-acessory-windows-11-pro-office-pro-office-lifetime-)-)- $ 1,059.99",success
**Pros and cons:**,** 장단점 : **,success
"[**HP 15.6″ Touchscreen Laptop**](https://laptopsdealer.com/product/hp-15-6-fhd-touchscreen-laptop-intel-i7-1355u10-cores-iris-xe-graphics-32gb-ram-2tb-ssd-win-11-pro-lifetime-office-pro-wi-fi-6-bluetooth-numeric-keyboard-w-accessories-natural-silver/) – $1,129.49","[** HP 15.6 ″ 터치 스크린 노트북 **] (https://laptopsdealer.com/product/hp-15-6-fhd- touchscreen-laptop-intel-i7-1355u10-cores-iris-xe-graphics -32GB-RAM-2TB-SSD-WIN-11-PRO-LIFETIME-PRO-WI-WI-FI-FI-FI-FI-FI-FI-FI-NUMERIC-NUMERIC-W-ACCESSORSE-NATURAL-SILVER/) - $ 1,129.49",success
"**Specs:** Intel Core i7-1355U (10-core, 12-thread), Intel Iris Xe Graphics, 32GB DDR4 RAM, 2TB PCIe SSD, 15.6″ FHD IPS touchscreen (anti-glare), Wi-Fi 6, Bluetooth 5.3, Windows 11 Pro, Lifetime Office Pro license.","** 사양 : ** Intel Core i7-1355U (10 코어, 12 스레드), Intel Iris XE 그래픽, 32GB DDR4 RAM, 2TB PCIE SSD, 15.6 ″ FHD IP TOUCHSCREE (Anti-GLARE), WI-FI 6, Bluetooth 5.3, Windows 11 Pro, Lifetime Office Pro 라이센스.",success
**Pros and cons:**,** 장단점 : **,success
**Pros and cons:**,** 장단점 : **,success
"[**HP Spectre x360 16 AI-Powered 2-in-1 Laptop**](https://laptopsdealer.com/product/hp-spectre-x360-ai-powered-2-in-1-laptop-16-0-touchscreen-oled-2-8k-display-intel-ultra-7-155h-32gb-lpddr5x-2tb-pcie-ssd-backlit-kb-fingerprint-win-11-pro-w-dkz-usb-port-expander/) **– $1,367.64 after 21% off (was $1,739.99)**","[** HP Specter X360 16 AI 구동 2-in-1 노트북 **] (https://laptopsdealer.com/product/hp-spectre-x360-ai-powered-2-in-1-laptop-16-0-touchscreen-oled-2-8k- 디스플레이-인텔 -Ultra-7-155H-32GB-LPDDR5X-2TB-PCIE-SSD-BACKLIT-KB-FINGPRINT-WIN-PRO-W-DKZ-USB-PORT-EXPANDER/) ** - 21% 할인 후 $ 1,367.64 ($ 1,739.99) **",success
**Pros and cons:**,** 장단점 : **,success
**Pros and cons:**,** 장단점 : **,success
"[**LG Gram Pro 16″ Lightweight Laptop**](https://laptopsdealer.com/product/lg-gram-pro-16-inch-lightweight-laptop-computer-intel-evo-edition-powered-by-intel-core-ultra7-258v-processor-copilot-windows-11-home-32gb-ram-2tb-ssd-metal-gray/) **– $1,684.99 after 23% off (was $2,199.99)**","[** LG 그램 프로 16 ″ 경량 랩톱 **] (https://laptopsdealer.com/product/lg-gram-pro-16-inch-lightweight-laptop-computer-intel-evo-edition-by-intel-core-ultra7-258V-processor-copilot-windows-11-home-32gb-2tb-sd-metal-gray/9 23% 할인 후 ($ 2,199.99) **",success
**Pros and cons:**,** 장단점 : **,success
"[**LG Gram Pro 17″ Lightweight Laptop** ](https://laptopsdealer.com/product/lg-gram-pro-17-inch-lightweight-laptop-computer-intel-evo-edition-powered-by-intel-core-ultra7-255h-processor-windows-11-home-16gb-ram-1tb-ssd-obsidian-black/)**– $1,684.99 after 23% off (was $2,199.99)**","[** LG 그램 프로 17 ″ 경량 노트북 ** ] (https://laptopsdealer.com/product/lg-gram-pro-17-inch-lightweight-laptop-computer-intel-evo-edition-powed-sin-core-ultra7-255h-processor-windows-11--16GB-2-1TB-SD-Obsidian-Black/)-$ 1,684.99 $ 2,199.99) **",success
**Pros and cons:**,** 장단점 : **,success
**Pros and cons:**,** 장단점 : **,success
**Pros and cons:**,** 장단점 : **,success
**Pros and cons:**,** 장단점 : **,success
**Pros and cons:**,** 장단점 : **,success
[Microsoft Surface Pro 2-in-1](https://www.amazon.com/Microsoft-Surface-Touchscreen-Snapdragon-Platinum/dp/B0DZ4NT67T/?tag=bkadamos_alltest0e-20) 685$,[Microsoft Surface Pro 2-in-1] (https://www.amazon.com/microsoft-surface-screen-snapdragon-platinum/dp/b0dz4nt67t/?tag=bkadamos_alltest0e-20) 685 $,success
[Microsoft Surface Pro 2-in-1](https://www.amazon.com/Microsoft-Surface-Touchscreen-Snapdragon-Platinum/dp/B0CXKTL1SK/?tag=bkadamos_alltest0e-20) 869$,[Microsoft Surface Pro 2-in-1] (https://www.amazon.com/microsoft-surface-screen-snapdragon-platinum/dp/b0cxktl1sk/?tag=bkadamos_alltest0e-20) 869 $,success
[SAMSUNG 16” Galaxy Book5 Pro 360](https://www.amazon.com/Business-Ultra-Processor-Touchscreen-NP964QHA-KG2US/dp/B0DVCBC68J/?tag=bkadamos_alltest0e-20) 1649$,[Samsung 16”Galaxy Book5 Pro 360] (https://www.amazon.com/business-ultra-processor-touchscreen-np964qha-kg2us/dp/b0dvcbc68j/?tag=bkadamos_alltest0e-20) 1649 $,success
[LG gram Pro 16-inch](https://www.amazon.com/LG-16-inch-Lightweight-Computer-Processor/dp/B0F1Z2PSL9/?tag=bkadamos_block2-20) 1685$,[LG Gram Pro 16-inch] (https://www.amazon.com/lg-16-inch-lightweight-computer-processor/dp/b0f1z2psl9/?tag=bkadamos_block2-20) 1685 $,success
[LG gram Pro 17](https://www.amazon.com/LG-17-inch-Lightweight-Computer-Processor/dp/B0F1YZJYFN/?tag=bkadamos_alltest0e-20) 1685$,[LG Gram Pro 17] (https://www.amazon.com/lg-17-inch-lightweight-computer-processor/dp/b0f1yzjyfn/?tag=bkadamos_alltest0e-20) 1685 $,success
* LG Gram Pro 17,* LG 그램 프로 17,success
"I am pre-service teacher, was using galaxy book 360 Pro (1st gen), and looking forward to purchase either 14inch 2 in 1 laptop or tablet with keyboard case because my prrvious one is completely dead that the repair store told me it will cost same amount as buying a new one.","저는 예비 서비스 교사이며, Galaxy Book 360 Pro (1 세대)를 사용하고 있었고, 키보드 케이스가있는 1 노트북 14 인치 2 또는 태블릿을 구매하기를 기대합니다.",success
Microsoft Surface Pro 12in,Microsoft Surface Pro 12in,success
"I currently use the LG Gram Style, a 16-inch laptop with a 3200x2000 OLED display, an Intel 1360p 32GB RAM, 2TB of storage, and most importantly, it weighs only 1.23kg. It is however starting to get a bit slow for editing, its battery life is horrendous, and its lack of IO is rather annoying, and thus I'm looking for something, even just a bit faster, but that keeps pretty much all the same strengths of that one. So,","나는 현재 LG 그램 스타일, 3200x2000 OLED 디스플레이가 장착 된 16 인치 노트북, Intel 1360P 32GB RAM, 2TB 스토리지, 가장 중요한 것은 무게가 1.23kg을 사용하고 있습니다. 그러나 편집하기에 약간 느리게 시작되고 배터리 수명이 끔찍하며 IO의 부족은 다소 성가 시켜서 약간 더 빨리 무언가를 찾고 있지만 그 장점을 거의 유지합니다. 그래서,",success
"**LG Gram Pro 16** \- I can get for $1,215 with complicated deals through the LG partner store","** LG Gram Pro 16 ** \- LG 파트너 매장을 통해 복잡한 거래로 $ 1,215를받을 수 있습니다.",success
LG Gram Pro vs. surface laptop,LG 그램 프로 대 표면 노트북,success
"Specifically the LG Gram Pro 16Z90TS (which I was looking at without knowing about the collaboration this subreddit did) vs. the Surface Laptop for Business 15"" (the latest one).","특히 LG Gram Pro 16Z90ts (이 서브 레드가 한 협업에 대해 알지 못하고보고 있었다)와 비즈니스 15 ""(최신 랩탑).",success
"I was looking at the Surface initially because I have a Surface Pro that has worked well for a while, so I knew the quality to expect, but upon further research I found the LG Gram line and it seems to be a much better value.",나는 잠시 동안 잘 작동하는 Surface Pro가 있기 때문에 처음에 표면을보고 있었기 때문에 기대할 수있는 품질을 알았지 만 추가 연구에서 LG 그램 라인을 발견했으며 훨씬 더 나은 가치 인 것 같습니다.,success
"1. LG Gram Pro 16"" OLED ($2,400) Intel Ultra 7, 32GB RAM, 2TB SSD, RTX 3050","1. LG Gram Pro 16 ""OLED ($ 2,400) Intel Ultra 7, 32GB RAM, 2TB SSD, RTX 3050",success
"2. Dell Pro Max 16 ($2,400) Intel Ultra 5, 32GB RAM, 1TB SSD, Intel Integrated","2. Dell Pro Max 16 ($ 2,400) Intel Ultra 5, 32GB RAM, 1TB SSD, Intel Integrated",success
"LG Gram Pro 16Z90TS, Hybrid AI Laptop - Review","LG GRAM PRO 16Z90TS, 하이브리드 AI 노트북 - 검토",success
"# LG Gram Pro 16Z90TS, Hybrid AI Laptop – Crazy Thin, Surprisingly Capable","# lg 그램 프로 16Z90TS, 하이브리드 AI 노트북 - 미친 얇고 놀랍게도 가능합니다.",success
"LG Gram Pro (2025) with Onboard AI - Thin, Light, and Capable",LG Gram Pro (2025) 온보드 AI- 얇고 가볍고 능력이 있습니다.,success
"Overall, the onboard AI capabilities have quite a few beneficial aspects. I was mildly hesitant about what to expect, but will definitely take advantage of some of the features and the conveniences they offer and look forward to playing with the capabilities further.","전반적으로, 온보드 AI 기능은 몇 가지 유익한 측면을 가지고 있습니다. 나는 무엇을 기대 해야하는지에 대해 약간 주저했지만, 그들이 제공하는 일부 기능과 편의 시설을 확실히 활용할 것이며, 더 많은 기능을 가지고 놀기를 기대합니다.",success
"📌 Review of the new 2025 LG Gram Pro 17Z90TP AI Laptop; Lightest 17"" Laptop ever ! 📌","📌 새로운 2025 LG GRAM PRO 17Z90TP AI 노트북의 검토; 가장 가벼운 17 ""노트북! 📌",success
**LG Gram Pro 17Z90TP - In-Depth Q&A Review**,** LG GRAM PRO 17Z90TP- 심도있는 Q & A 검토 **,success
"The LG Gram series has always intrigued me due to its promise of extreme portability without sacrificing power. However, I had never owned one before, so when LG sent me the Gram Pro 17Z90TP for an early, hands-on review, I was excited to see if it lived up to the reputation. This review is based on my real-world experience with the laptop, focusing on key aspects like build quality, display, performance, battery life, AI features, and more.","LG Gram 시리즈는 힘을 희생하지 않고 극도의 휴대성에 대한 약속으로 인해 항상 흥미를 느꼈습니다. 그러나 나는 이전에 한 번도 소유 한 적이 없었기 때문에 LG가 나에게 초기 실습 검토를 위해 Gram Pro 17Z90TP를 보냈을 때, 그것이 명성에 부응하는지 알게되어 기뻤습니다. 이 리뷰는 랩톱에 대한 실제 경험을 기반으로하며 빌드 품질, 디스플레이, 성능, 배터리 수명, AI 기능 등과 같은 주요 측면에 중점을 둡니다.",success
"**Q: What are your first impressions of the LG Gram Pro 17Z90TP?** A: This is the first LG Gram I’ve had the chance to use, and I was excited to finally experience a laptop from this highly regarded ultra-lightweight series. The first thing that struck me was just how light it is—at just 3.02 lbs, it feels even lighter than expected for a 17” laptop. LG’s commitment to portability without sacrificing performance is immediately noticeable. However, the magnesium chassis raises some concerns about durability, and while the design is sleek, it doesn’t exude the premium feel of other ultrabooks in its class.",** Q : LG Gram Pro 17Z90TP의 첫인상은 무엇입니까? ** A : 이것은 내가 사용할 기회를 가졌던 첫 번째 LG 그램이며 마침내이 고도로 고려 된 초경량 시리즈에서 노트북을 경험하게되어 기뻤습니다. 저를 강타한 첫 번째 것은 단지 3.02 파운드의 경우 17 인치 노트북에서 예상보다 가벼워졌습니다. 성능을 희생하지 않고 휴대 할 수있는 약속은 즉시 눈에 띄게 나타납니다. 그러나 마그네슘 섀시는 내구성에 대한 약간의 우려를 불러 일으키고 디자인은 매끄럽지 않지만 다른 울타리의 프리미엄 느낌을 발산하지는 않습니다.,success
[Inside of the LG Gram Pro 17Z90TP](https://preview.redd.it/czqed9131ase1.png?width=976&format=png&auto=webp&s=3b991f5a8b6f5b6917e3ed2267b3d56a8703e977),[LG GRAM PRO 17Z90TP의 내부] (https://preview.redd.it/czqed9131ase1.png?width=976&format=png&ato=webp&s=3B991f5a8B6F5B5B6917E3ed2267B3D56A8703E977).,success
**Pros & Cons**,** 장단점 **,success
**Pros:**,** 프로 : **,success
"|Processor|13th Generation Intel® Core i7-1365U vPro|13th Generation Intel((R) Core(TM) i7-1365U vPro (12 MB cache, 10 cores, up to 5.2 GHz)|","| 프로세서 | 13 세대 Intel® 코어 i7-1365U VPRO | 13 세대 Intel ((R) 코어 (TM) i7-1365U VPRO (12 MB 캐시, 10 코어, 최대 5.2GHz) |",success
"[REVIEW] LG Gram Pro 16""","[검토] LG Gram Pro 16 """,success
"Hey r/SuggestALaptop! I was lucky enough to win the **LG gram Pro 16Z90TS** through the LG x Reddit giveaway, and as part of the deal, I’m here to share my honest review after using it for a week. I’ve never had a laptop quite like this, especially one that calls itself an AI Laptop, so I was curious how that would translate into real-world use.","이봐 R/PropertalAptop! 나는 LG X Reddit 경품 행사를 통해 ** lg gram pro 16z90ts **에서 우승 할만 큼 운이 좋았으며, 이번 거래의 일환으로, 나는 일주일 동안 그것을 사용한 후 정직한 리뷰를 공유하기 위해 왔습니다. 나는 이와 같은 노트북, 특히 AI 노트북이라고하는 노트북을 가지고 있지 않았으므로 실제 사용으로 어떻게 해석되는지 궁금했습니다.",success
"This generation's LG gram Pro is their first Hybrid AI laptop, which comes from its blend of on-device AI with cloud-based GPT-4 AI. I was skeptical at first—AI in laptops always sounded like buzzwords—but this was surprisingly helpful.","이 세대의 LG Gram Pro는 최초의 하이브리드 AI 랩탑으로, 클라우드 기반 GPT-4 AI와 Op-Device AI의 혼합에서 나온 것입니다. 나는 처음에는 회의적이었다 - 노트북에서는 항상 유행어처럼 들렸다. 그러나 이것은 놀랍게도 도움이되었다.",success
LG Gram Pro 16Z90TS - Ultra Portable with AI Features,LG Gram Pro 16Z90TS- AI 기능을 갖춘 Ultra 휴대용,success
***LG Gram Pro 16Z90TS Ultra Portable with AI Features***,*** LG GRAM PRO 16Z90TS AI 기능이있는 Ultra 휴대용 ***,success
"Not too shabby here for an igpu. Tthe 140v is an impressive unit. I was able to keep 100+ fps in rocket league by turning off some effects, and turning down particle and texture detail. You can keep silly games like fall guys maxed and it will keep 60fps. Also enjoyed playing some mx v atv reflex (I know super old game but easy to kill time in freeplay and don’t need wifi). I think the gpu maxed at 40% on that one. Forza Horizon 5 ran great too using their optimized settings which put everything at high, was maintaining 50-60fps [quick clip included](https://imgur.com/wDv30te). The gram pro achieves exactly what I was looking for,  some basic gaming performance in a light/thin laptop.",여기에 IGPU를 위해 너무 초라하지 않습니다. 140V는 인상적인 단위입니다. 나는 몇 가지 효과를 끄고 입자와 질감 세부 사항을 낮추어 로켓 리그에서 100 개 이상의 FPS를 유지할 수있었습니다. Fall Guys와 같은 어리석은 게임을 최대로 유지할 수 있으며 60fps를 유지합니다. 또한 MX V ATV 반사를 즐겼습니다 (나는 슈퍼 오래된 게임을 알고 있지만 자유 플레이에서 시간을 죽이기 쉽고 Wi -Fi가 필요하지 않음). 나는 GPU가 그 중 40%로 최대를 받았다고 생각합니다. Forza Horizon 5는 모든 것을 높이 올리는 최적화 된 설정을 사용하여 훌륭하게 달렸으며 50-60fps [빠른 클립 포함] (https://imgur.com/wdv30te)를 유지했습니다. 그램 프로 (Gram Pro)는 내가 찾고 있던 것을 정확히 달성합니다. 가볍고 얇은 노트북의 기본 게임 공연.,success
"Overall I find the lg gram pro to be a fantastic laptop that has converted me to a big screen believer. I really had no intention of getting anything above 14-15in. I wanted something sleek and easy to travel with. If I’m being honest, after I found that sweet refurb deal I considered selling this after doing the review. However the gram pro is so light and sleek I found it more comfortable to use than the smaller Lenovo. I am loving the bigger screen; it actually allows windows to be side by side and still usable. The screen is incredibly smooth with great color making it a joy to use as a daily driver. It’s really a great choice if you’re looking for a big laptop that’s ultra portable, I don’t think anything beats it there. Like I mentioned above, if you’re more concerned with the best screen (though curious about oled version), or highest build quality, there are some better choices out there. I thought I’d miss the lenovo aura screen at first, but I found the smoothness and reflection handling on gram pro to be a bigger plus. Looking forward to seeing how the ai features evolve as well. Let me know if you have any questions and I’ll do my best to answer!","전반적으로 LG Gram Pro가 나를 큰 화면 신자로 변환 한 환상적인 노트북이라는 것을 알았습니다. 나는 14-15in 이상을 얻을 의도가 없었다. 나는 매끄럽고 여행하기 쉬운 것을 원했습니다. 내가 정직하다면, 그 달콤한 개요 거래를 발견 한 후에는 리뷰를 한 후 이것을 판매하는 것을 고려했습니다. 그러나 그램 프로는 너무 가볍고 매끄럽기 때문에 작은 레노 보보다 사용하기가 더 편안하다는 것을 알았습니다. 나는 더 큰 화면을 좋아합니다. 실제로 창을 나란히 사용하고 여전히 사용할 수 있습니다. 화면은 훌륭한 색상으로 엄청나게 매끄럽고 매일 드라이버로 사용하는 것이 기쁨입니다. 매우 휴대용 인 큰 노트북을 찾고 있다면 정말 좋은 선택입니다. 위에서 언급했듯이 최고의 화면 (OLED 버전에 대해 궁금하지만)에 더 관심이 있거나 가장 높은 빌드 품질에 더 관심이 있다면 더 나은 선택이 있습니다. 처음에는 Lenovo Aura 스크린을 놓칠 것이라고 생각했지만 Gram Pro의 부드러움과 반사 처리가 더 큰 플러스라는 것을 알았습니다. AI 기능이 어떻게 발전하는지 기대합니다. 궁금한 점이 있으면 알려 주시면 최선을 다해 답변하겠습니다!",success
An honest AI Laptop review: 2025’s LG Gram Pro 16” (16Z90TS),정직한 AI 노트북 검토 : 2025 년 LG Gram Pro 16”(16Z90ts),success
"LG has taken advantage of Intel’s fantastic Lunar Lake series of chips and its included NPU for an on-device version of Gram Chat in addition to the cloud based version. Compared to the GPT-4 cloud based version, the on-device software has a more limited feature set including a search function that puts the windows search bar to shame, and an auto-summarizer tool that based on my experience can be a little hit or miss. It's not that the software isn't useful, but on a device that is already Microsoft Copilot compatible, the Cloud version of LG’s Gram Chat often finds itself as the second best option. The main caveat is that Copilot requires an active internet connection to function so Gram Chat on-device can still give access to basic AI features when offline. I can appreciate this functionality and see work situations when this tool could be useful such as when visiting clients or working in remote places, however this sentiment does not extend to Gram Chat Cloud. Instead of building what feels like a Copilot competitor, I wish LG had leaned more into expanding the features of the on-device version. The included Intel Core Ultra 9 288V’s NPU can absolutely handle more than it is being tasked with and it feels like a bit of a missed opportunity. That being said, the software also has to work across a much wider variety of laptops, most with less compute power then this particular machine so it is likely this software will get better once it is no longer being held back by slower devices. I do think LG is on the right pathway and remain hopeful that Gram Chat On-Device will be expanded in future over the air updates from LG with a wider and more demanding feature set.","LG는 클라우드 기반 버전 외에도 인텔의 환상적인 Lunar Lake 시리즈 시리즈 칩과 그램 채팅의 기기 버전에 포함 된 NPU를 이용했습니다. GPT-4 클라우드 기반 버전과 비교할 때 ON-DEVICE 소프트웨어는 Windows 검색 바를 수치스럽게하는 검색 기능과 내 경험을 바탕으로 자동 수사기 도구를 포함하여 더 제한된 기능 세트를 가지고 있습니다. 소프트웨어가 유용하지는 않지만 이미 Microsoft Copilot 호환 장치에서 LG의 그램 채팅의 클라우드 버전은 종종 두 번째로 가장 좋은 옵션으로 찾습니다. 주요 경고는 Copilot이 기능을 수행하기 위해 활성 인터넷 연결이 필요하므로 Gram Chat On-Device가 오프라인시기에 기본 AI 기능에 액세스 할 수 있다는 것입니다. 이 기능을 이해 하고이 도구가 고객을 방문하거나 원격 장소에서 작업 할 때와 같이 유용 할 수있는 작업 상황을 볼 수 있지만이 감정은 그램 채팅 클라우드로 확장되지 않습니다. Colecilot 경쟁 업체처럼 느껴지는 것을 구축하는 대신 LG가 Op-Device 버전의 기능을 확장하는 데 더 많은 기대를 기울였습니다. 포함 된 Intel Core Ultra 9 288V의 NPU는 임무를 수행하는 것보다 더 많은 것을 처리 할 수 ​​있으며 약간 놓친 기회처럼 느껴집니다. 즉,이 소프트웨어는 훨씬 더 다양한 랩톱에서 작동해야합니다. 대부분의 컴퓨팅 전력을 갖춘이 특정 컴퓨터보다는이 소프트웨어가 더 이상 느린 장치로 보류되지 않으면이 소프트웨어가 더 좋아질 것입니다. LG는 올바른 경로에 있다고 생각하며 그램 채팅의 기기가 미래에 LG의 공기 업데이트를 통해 더 넓고 더 까다로운 기능 세트로 확장되기를 희망합니다.",success
"Prior to this review, my previous experience with LG’s Gram 14” from 2019 left me disappointed by the device’s performance, subpar battery, thermal management, noise, and flex in the chassis. I am happy to report that after spending some time with LG’s Gram Pro 16”, most if not all of these issues have been solved. The base Gram remains the leader of the ultraportable class of laptops, and the new Gram Pro reclaims its throne once again as the King of the premium ultraportable market segment. If you had told 16 year old me that there would one day be a 16” laptop this powerful with this much battery that weighs 2.7 lbs and is less than half an inch thick, I would have laughed, rolled my eyes, then gone back to goofing off with my 8 lb Dell XPS.","이 검토 전에 2019 년 LG의 Gram 14 인치에 대한 이전의 경험은 장치의 성능, 하위 배터리, 열 관리, 소음 및 섀시의 Flex에 실망했습니다. LG의 Gram Pro 16과 함께 시간을 보낸 후에는 이러한 모든 문제가 해결 된 것은 아니라고보고하게되어 기쁩니다. 기본 그램은 UltraPortable 클래스의 랩탑의 리더로 남아 있으며 New Gram Pro는 프리미엄 초 UltraPortable 시장 부문의 왕으로서 왕위를 다시 한 번 회수합니다. 당신이 16 살짜리 나에게 언젠가 16 인치 노트북이 2.7 파운드이고 두께가 반 인치 미만인이 많은 배터리로 16 인치 노트북이있을 것이라고 말하면, 나는 웃고 내 눈을 굴린 다음 내 8 파운드 델 XPS와 함께 돌아갔다.",success
"The overall build quality of this device is sublime. For its size the Gram Pro 16” is impressively sturdy with minimal keyboard, chassis, and screen flex. Bezels are appropriately thin,","이 장치의 전반적인 빌드 품질은 숭고합니다. 크기의 크기에 대해 그램 프로 16 인치는 키보드, 섀시 및 스크린 플렉스로 인상적으로 튼튼합니다. 베젤은 적절하게 얇습니다.",success
"The integrated Arc 140V 16gb got a TimeSpy score of 4525 and can somehow on low/medium settings provide 40+ fps in both Baldur's Gate 3 and Cyberpunk 2077 while maxing out at only 15w of power. On less demanding games, expect even higher frame rates to take advantage of the included 144hz display.",Integrated Arc 140V 16GB는 4525의 시간 부시 점수를 얻었으며 낮은/중간 설정에서 어떻게 든 Baldur의 Gate 3과 CyberPunk 2077에서 40 개 이상의 FP를 제공하면서 15W의 전력으로 최대를 얻을 수 있습니다. 덜 까다로운 게임에서는 포함 된 144Hz 디스플레이를 활용할 수있는 프레임 속도가 훨씬 높아질 것으로 예상됩니다.,success
"I have been a PC gamer for 15+ years now and honestly, this floored me. This integrated GPU has similar performance to the dedicated Nvidia RTX 3050 mobile which sucks back 35-45w or over twice the power to give the same results. This means significantly better battery life, lower temperatures, quieter fan noise, and a thinner lighter device all without sacrificing performance when you need it. With last year’s Gram Pro rocking the aforementioned RTX 3050, this is a huge generation over generation improvement for LG. The efficiency gains with this absolute beauty of a chip are plain to see and there are few laptops out there better suited than the new Gram Pro 16” to take advantage. Pretty much the only negative I have about Intel’s new flagship laptop chip is the increasingly nonsensical naming scheme. The included 32gb of LPDDR5X RAM and 2TB of storage space are the cherries on top of an already solid device.","나는 15 년 이상 PC 게이머였으며 솔직히 말해서, 이것은 저를 바닥에 두었습니다. 이 통합 GPU는 전용 NVIDIA RTX 3050 모바일과 유사한 성능을 가지고 있으며, 이는 35-45W 또는 동일한 결과를 제공하기 위해 전력의 두 배 이상을 짜증나게합니다. 이는 필요할 때 성능을 희생하지 않고 배터리 수명, 더 낮은 온도, 조용한 팬 소음 및 더 가벼운 장치가 훨씬 향상됩니다. 작년 Gram Pro가 앞서 언급 한 RTX 3050을 흔들면서 LG의 세대 개선보다 큰 세대입니다. 이 칩의 절대적인 아름다움으로의 효율성은 볼 수 있고 새로운 그램 프로 16 인보다 더 적합한 랩톱이 거의 없다. 인텔의 새로운 플래그십 노트북 칩에 대한 유일한 부정적인 것은 점점 더 무의미한 이름 지정 계획이다.",success
"Much like a lawyer’s favorite response, the answer to this question is “It depends.” What works for me may or may not work for you given your specific use case, but for those whose needs match the strengths of the 2025 LG Gram Pro 16”, this laptop comes as an easy recommendation providing the price is right. If you need a laptop for work or school, plan to travel frequently, expect to do any sort of light AI or machine learning tasks, and value efficiency, thinness, and lightness over all else, then this device is absolutely for you. If you value raw maximum performance, want to do heavy gaming, or have a very limited budget then you may be better off with something else. Just don't expect something quite as nice as this.","변호사가 가장 좋아하는 응답과 마찬가지로이 질문에 대한 답은“의존합니다”입니다. 나에게 효과가있을 수도 있고 작동하지 않을 수도 있지만, 특정 사용 사례가 주어 지지만 2025 LG Gram Pro 16의 강점과 일치하는 사람들에게는 가격을 제공하는 쉬운 권장 사항이 맞습니다. 직장이나 학교를위한 랩톱이 필요하다면 자주 여행 할 계획이라면 AI 또는 기계 학습 과제, 가치가 가벼워지고 가볍게가 가벼워지기를 기대합니다. 성능, 무거운 게임을하고 싶거나 예산이 매우 제한되어 있으면 다른 것만 큼 좋은 것을 기대하지 않을 수 있습니다.",success
The LG Gram Pro laptop absolutely exceeded my expectations in every category!,LG Gram Pro 노트북은 모든 카테고리에서 내 기대를 절대적으로 초과했습니다!,success
📌User Reviews of LG New AI Laptops (LG gram Pro 16 16Z90TS-G.AUG9U1 &  LG Gram Pro 17Z90TP-G.ADB7U1)- See what these users have to say about these two laptops ahead of their official launch on the market 📌,LG 새로운 AI 랩톱 (LG Gram Pro 16 16Z90TS-G.AUG9U1 & LG GRAM PRO 17Z90TP-G.ADB7U1)의 사용자 리뷰-시장에서 공식 출시보다 앞서이 두 랩탑에 대해이 사용자가 무엇을 말해야하는지 확인하십시오.,success
We recently had a competition here in the r/SuggestALaptop community in collaboration with LG where 10 lucky users were given either the new [LG gram Pro 16 16Z90TS-G.AUG9U1](https://www.lg.com/us/laptops/lg-16z90ts-g.aug9u1-gram-laptop) OR the [LG Gram Pro 17Z90TP-G.ADB7U1](https://www.lg.com/us/laptops/lg-17z90tp-g.adb7u1-gram-laptop). The agreement with these winners was that they would do written reviews of these laptops expressing how they feel about the features of the laptop after putting them through various tests.,우리는 최근에 R/Propertalaptop 커뮤니티에서 LG와 협력하여 10 명의 운이 좋은 사용자가 새로운 [LG Gram Pro 16 16z90ts-g.aug9u1] (https://www.lg.com/us/laptops/lg-16z90ts-g.aug9u1-gram-laptop) 또는 [Lg Gram Pro Pro Pro Pro Pro Pro Pro Pro Pro Pro Pro Pro 17z90tp-g.adb7u1] (https://www.lg.com/us/laptops/lg-17z90tp-g.adb7u1-gram-laptop). 이 수상자와의 계약은 다양한 테스트를 통해 랩톱의 기능에 대해 어떻게 느끼는지 표현하는이 랩톱에 대한 리뷰를 작성할 것이라는 것이 었습니다.,success
# [My  Review of the LG Gram Pro 17Z90TP AI Laptop](https://www.reddit.com/r/SuggestALaptop/comments/1jp5ppl/review_of_the_new_2025_lg_gram_pro_17z90tp_ai/?utm_source=share&utm_medium=web3x&utm_name=web3xcss&utm_term=1&utm_content=share_button),# [LG GRAM PRO 17Z90TP AI에 대한 나의 리뷰 노트북] (https://www.reddit.com/r/suggestalaptop/comments/1jp5ppl/review_of_the_new_2025_lg_gram_pro_ 17z90tp_ai/? utm_source = share & utm_medium = web3x & utm_name = web3xcss & utm_term = 1 & utm_content = share_button),success
* [LG Gram Pro 16Z90TS Review](https://www.reddit.com/r/SuggestALaptop/comments/1jin0ze/lg_gram_pro_16z90ts_review_ai_integration_done/?utm_source=share&utm_medium=web3x&utm_name=web3xcss&utm_term=1&utm_content=share_button) by u/elvinelmoLG,* [LG 그램 프로 16Z90TS 리뷰] (https://www.reddit.com/r/suggestalaptop/comments/1jin0ze/lg_gram_pro_16z90ts_review_ai_integ ration_done/? utm_source = share & utm_medium = web3x & utm_name = web3xcss & utm_term = 1 & utm_content = share_button) u/elvinelmolg에 의해,success
* [LG Gram Pro 16Z90TS Review](https://www.reddit.com/r/SuggestALaptop/comments/1jlfboa/an_honest_ai_laptop_review_2025s_lg_gram_pro_16/) by u/[Mazeltiger](https://www.reddit.com/user/Mazeltiger/),* [LG GRAM PRO 16Z90TS 검토] (https://www.reddit.com/r/suggestalaptop/comments/1jlfboa/an_honest_ai_laptop_review_2025S_LG_GRAM_PRO_16/) u/[mazeltiger] (https://www.reddit.com/user/mazeltiger/),success
* [LG Gram Pro (2025) with Onboard AI](https://www.reddit.com/r/SuggestALaptop/comments/1jpl7mh/lg_gram_pro_2025_with_onboard_ai_thin_light_and/?utm_source=share&utm_medium=web3x&utm_name=web3xcss&utm_term=1&utm_content=share_button) by u/[CrizzyBill](https://www.reddit.com/user/CrizzyBill/),* [LG Gram Pro (2025) 온보드 ai] (https://www.reddit.com/r/suggestalaptop/comments/1jpl7mh/lg_gram_pro_2025_with_onboard_ai_thin_ light_and/? utm_source = share & utm_medium = web3x & utm_name = web3xcss & utm_term = 1 & utm_content = share_button) 작성자 : u/[crizzybill] (https://www.reddit.com/user/crizzybill/),success
"* [LG gram Pro 17"" Review](https://www.reddit.com/r/SuggestALaptop/comments/1jph7m9/lg_gram_pro_17_review_a_realworld_perspective_of/?utm_source=share&utm_medium=web3x&utm_name=web3xcss&utm_term=1&utm_content=share_button) by [Dramatic-Opinion1403](https://www.reddit.com/user/Dramatic-Opinion1403/)","* [LG Gram Pro 17 "" 리뷰]] (https://www.reddit.com/r/suggestalaptop/comments/1jph7m9/lg_gram_pro_17_review_a_realworld_pe rspective_of/? utm_source = share & utm_medium = web3x & utm_name = web3xcss & utm_term = 1 & utm_content = share_button) [dramatic-opinion1403] (https://www.reddit.com/user/dramatic-opinion1403/)",success
* [LG Gram Pro 16Z90TS](https://www.reddit.com/r/SuggestALaptop/comments/1jm0mwq/lg_gram_pro_16z90ts_ultra_portable_with_ai/?utm_source=share&utm_medium=web3x&utm_name=web3xcss&utm_term=1&utm_content=share_button) Review by u/[mrdobalinaa](https://www.reddit.com/user/mrdobalinaa/),* [LG 그램 프로 16z90ts] (https://www.reddit.com/r/suggestalaptop/comments/1jm0mwq/lg_gram_pro_16z90ts_ultra_portabl e_with_ai/? utm_source = share & utm_medium = web3x & utm_name = web3xcss & utm_term = 1 & utm_content = share_button) u/[mrdobalinaa]의 검토 (https://www.reddit.com/user/mrdobalinaa/),success
LG Gram Pro 16Z90TS Review – AI Integration Done Right?  #AI Laptop,LG GRAM PRO 16Z90TS 검토 - AI 통합이 올바르게 완료 되었습니까?  #ai 노트북,success
"The 2025 LG Gram Pro 16Z90TS is packed with cutting-edge specs, but the real highlight is its AI-driven features, instead of dwelling on the hardware details—which you can see in the specs. I want to focus on the AI capabilities and my hands-on experience using them over the past week.",2025 LG GRAM PRO 16Z90TS는 최첨단 사양으로 가득 차 있지만 실제 하이라이트는 하드웨어 세부 사항에 머무르는 대신 AI 구동 기능이며 사양에서 볼 수 있습니다. 지난 주 동안 AI 기능과 실습 경험에 집중하고 싶습니다.,success
"The LG Gram Pro offers both On-Device AI and Cloud AI, allowing for AI-driven features without always needing an internet connection. This is especially useful for people who travel frequently or work in areas with unstable Wi-Fi. While I personally have a solid internet connection at home and work, I tested it by turning off Wi-Fi, and the AI features still functioned smoothly. Having AI work offline is a major plus for reliability.",LG Gram Pro는 온 디바이스 AI 및 Cloud AI를 모두 제공하므로 인터넷 연결이 항상 필요없이 AI 중심 기능을 제공합니다. 이것은 자주 여행하거나 불안정한 Wi-Fi가있는 지역에서 일하는 사람들에게 특히 유용합니다. 개인적으로 집과 직장에서 견고한 인터넷 연결을하는 동안 Wi-Fi를 끄면 테스트했으며 AI 기능은 여전히 ​​원활하게 작동했습니다. AI 작업 오프라인을 갖는 것은 신뢰성의 주요 플러스입니다.,success
📌💻✨LG Gram x r/SuggestALaptop: LG gram Pro AI Laptop Giveaway- Enter to be one of 10 SAL users to get one of the newest LG laptops on the market to Review and to keep! ✨💻 📌,lg Gram X R/PropertalAptop : LG Gram Pro AI 노트북 공짜- 10 명의 SAL 사용자 중 한 명으로 입력하여 시장에서 최신 LG 노트북 중 하나를 검토하고 유지할 수 있습니다! ✨💻 ✨💻,success
ASUS Zenbook S14 vs. Lenovo Yoga Slim 7i Aura 15 vs. LG gram Pro 16/17 - which would you choose?,Asus Zenbook S14 vs. Lenovo Yoga Slim 7i Aura 15 vs. LG Gram Pro 16/17- 무엇을 선택 하시겠습니까?,success
"[LG gram Pro 16 - $1,550.00](https://www.amazon.com/LG-16-inch-Lightweight-Laptop-Intel/dp/B0CTD2QP53/ref=asc_df_B0CTD2QP53?th=1)  |  [LG gram Pro 17 - $1,596.98](https://www.amazon.com/LG-16-inch-Lightweight-Laptop-Intel/dp/B0CTD2QP53/ref=asc_df_B0CTD2QP53?th=1)","[LG Gram Pro 16- $ 1,550.00] (https://www.amazon.com/lg-16-inch-lightweight-laptop-intel/dp/b0ctd2qp53/ref=asc_df_b0ctd2qp53?th=1) |  [LG Gram Pro 17- $ 1,596.98] (https://www.amazon.com/lg-16-inch-lightweight-laptop-intel/dp/b0ctd2qp53/ref=asc_df_b0ctd2qp53?th=1)",success
Alternatives to Galaxy Book5 Pro 360,Galaxy Book5 Pro 360의 대안,success
"I'm looking into a laptop for university, one with pen support and 360 mode for writing notes and drawing. It seems to me like the best option is Samsung's Book5 Pro 360, but I wanted to see if anyone had any recommendations. Some things that are important to me:",나는 대학을위한 노트북을 찾고 있습니다. 최선의 선택은 Samsung의 Book5 Pro 360 인 것 같습니다. 그러나 누군가가 권장 사항이 있는지 확인하고 싶었습니다. 나에게 중요한 것들 :,success
"I've narrowed it down to the Samsung Book 5 Pro 360, LG Gram Pro 2 in 1 OLED (Hopefully the 2025 version if that comes out soon) and Lenovo Yoga 9i ""Aura edition""","나는 그것을 Samsung Book 5 Pro 360, 1 OLED의 LG Gram Pro 2 (곧 나오면 2025 버전) 및 Lenovo Yoga 9i ""Aura Edition""으로 좁혔습니다.",success
"I've narrowed it down to the Samsung Book 5 Pro 360, LG Gram Pro 2 in 1 OLED (Hopefully the 2025 version if that comes out soon) and Lenovo Yoga 9i ""Aura edition""","나는 그것을 Samsung Book 5 Pro 360, 1 OLED의 LG Gram Pro 2 (곧 나오면 2025 버전) 및 Lenovo Yoga 9i ""Aura Edition""으로 좁혔습니다.",success
"LG Gram Pro 16 Ultra-thin and Lightweight Creator Laptop 16"" WQXGA+ OLED (DCI-P3 100%) Intel 16-Core Ultra7 155H 32GB DDR5 1TB SSD Backlit Thunderbolt4 Long-Lasting Battery Win11 Black","LG GRAM PRO 16 초대형 및 경량 제작자 노트북 16 ""WQXGA+ OLED (DCI-P3 100%) 인텔 16 코어 Ultra7 155H 32GB DDR5 1TB SSD Backlit Thunderbolt4 긴 배터리 Win11 Black",success
anything ultralight oled 16/17 that can compete with lg gram pro 16?,LG Gram Pro 16과 경쟁 할 수있는 Ultralight OLED 16/17이 있습니까?,success
"i have the lg gram 16 pro rtx oled 2024, and its great. im just wondering if there is anything else thats around the same weight (less than 25% heavier), and is oled and has at least the same gfx. or is lg gram the only option.","나는 LG Gram 16 Pro RTX OLED 2024를 가지고 있으며, 그 위대합니다. 나는 단지 같은 무게에 다른 것이 있는지 궁금해하고 (25% 미만) OLED이며 적어도 동일한 GFX를 가지고 있습니다. 또는 LG 그램이 유일한 옵션입니다.",success
"(2) Surface 11 Pro for Business (Intel) - Intel 268V, already out. Benefit is light and easy to cary around the house like an iPad; drawback: smaller screen, slower CPU","(2) Surface 11 Pro for Business (Intel) -Intel 268V, 이미. 이익은 가볍고 iPad처럼 집 주변에서 캐리가 쉽습니다. 단점 : 작은 화면, 더 느린 CPU",success
"(4) ProArt 13 / Samsung Galaxy Book 5 Pro 360 / other 2 in 1 - benefit: laptop with keyboard, tent mode; drawback, no dual screen, thick & heavy?","(4) Proart 13 / Samsung Galaxy Book 5 Pro 360 / Other 2 in 1- 혜택 : 키보드가있는 노트북, 텐트 모드; 단점, 이중 화면 없음, 두껍고 무겁습니까?",success
"Most reviews of the Aspires are positive but overall say it's a bit meh. The older model (-57) has a 12th-gen H series chip, while the newer model has a 13th-gen U series chip. I'm not sure my budget will stretch to a A515-58GM, [which seemingly can come with a 13th-gen H series chip](https://laptopmedia.com/series/acer-aspire-5-a515-58gm/), and I don't need the gamer features.",포부에 대한 대부분의 리뷰는 긍정적이지만 전반적으로는 약간 meh라고 말합니다. 구형 모델 (-57)에는 12 세대 H 시리즈 칩이 있고 최신 모델에는 13 세대 U 시리즈 칩이 있습니다. 예산이 A515-58GM으로 확장 될지 모르겠습니다.,success
"The Vivobook reviews are also really positive, particularly regarding the screen. However, I am wary the 16 GB of ram won't be sufficient, and this is the only thing holding me back from buying it. The budget won't stretch to a Vivobook Pro that offers 32 GB.","Vivobook 리뷰도 특히 화면과 관련하여 긍정적입니다. 그러나 나는 16GB의 RAM이 충분하지 않을 것이라고 조심하고 있으며, 이것이 나를 구매하는 것을 방해하는 유일한 것입니다. 예산은 32GB를 제공하는 Vivobook Pro로 확장되지 않습니다.",success
I’m currently comparing the 2025 ASUS ROG Zephyrus G16 (~$2800) and the 2025 Lenovo Yoga Pro (~$2200). Here’s the spec comparison,현재 2025 Asus Rog Zephyrus G16 (~ $ 2800)과 2025 Lenovo Yoga Pro (~ $ 2200)를 비교하고 있습니다. 사양 비교는 다음과 같습니다,success
# My Current Lenovo Legion Pro 7 16IRX8H Specifications,# 내 현재 Lenovo Legion Pro 7 16IRX8H 사양,success
* **Computer:** LENOVO Legion Pro 7 16IRX8H,*** 컴퓨터 : ** Lenovo Legion Pro 7 16IRX8H,success
"* Samsung SSD 990 PRO 2TB, 1953.5 GB, NVMe","* Samsung SSD 990 Pro 2TB, 1953.5 GB, NVME",success
# Replacement PC: Lenovo Legion Pro 7 16IAX10H (Model: 83F500CXIX) Specifications,# 교체 PC : Lenovo Legion Pro 7 16IAX10H (모델 : 83F500CXIX) 사양,success
"* **Docking:** Various docking solutions supported via Thunderbolt or USB-C. For more compatible docking solutions, please visit [Docking for Legion Pro 7 16IAX10H](https://psref.lenovo.com/accessories/?category=Docking&system=83F5)",*** 도킹 : ** Thunderbolt 또는 USB-C를 통해 지원되는 다양한 도킹 솔루션. 보다 호환되는 도킹 솔루션은 [Legion Pro 7 16IAX10H에 대한 도킹을 방문하십시오] (https://psref.lenovo.com/accessories/?category=docking&system=83f5)를 방문하십시오.,success
"Hello everyone! I am a Computer Science major at the University of Oklahoma, and I am about to graduate in December 2025. Throughout college I've considered a career in software development, but I have recently been leaning more towards a career in IT. I currently have a MacBook Pro (13-inch, 2020, Four Thunderbolt 3 ports) that I have had for 4 years now, and I am afraid it is reaching the end of its lifetime. I would like to find a laptop that would be great for me getting started in an IT career with some optimization for programming in case I fall back to software development, preferably one that runs Windows or Linux. I have found that a Lenovo ThinkPad X1 Carbon Gen 10 14"" Laptop is very doable price-wise and might be up my ally, but I want to know what others think about this model. I am also very open to suggestions for alternatives that would work well for my situation.","여러분, 안녕하세요! 저는 오클라호마 대학교의 컴퓨터 과학 전공이며 2025 년 12 월에 졸업하려고합니다. 대학 전체에서 소프트웨어 개발 분야에서 경력을 쌓았지만 최근에는 경력에 더 기대하고 있습니다. 저는 현재 4 년 동안 있었던 MacBook Pro (2020 년 13 인치, 2020 년, 4 개의 Thunderbolt 3 포트)를 가지고 있으며, 그것이 수명이 끝날 때까지 두려워합니다. 소프트웨어 개발, 바람직하게는 Windows 또는 Linux를 실행하는 경우 프로그래밍을위한 최적화를 통해 IT 경력을 시작하는 데 큰 랩톱을 찾고 싶습니다. 나는 Lenovo ThinkPad X1 Carbon Gen 10 14 ""노트북이 가격이 매우 가능하고 동맹국일지도 모르지만 다른 사람들 이이 모델에 대해 어떻게 생각하는지 알고 싶습니다. 또한 내 상황에 잘 맞는 대안에 대한 제안에 매우 개방적입니다.",success
* Surface Pro X: lightweight; most limited performance of all the SP line-up.,* Surface Pro X : 경량; 모든 SP 라인업의 가장 제한된 성능.,success
"I was considering a MacBook M4 Pro for the quiet/cool factor, but I’d like to be able to game which is not possible on the Mac",조용한/쿨 요인을위한 MacBook M4 Pro를 고려하고 있었지만 Mac에서는 불가능한 게임을 할 수 있기를 원합니다.,success
"- I've been interested to try Blender, Photoshop, and Adobe Premiere Pro but my current laptop cant run those properly without huge lag spikes. My school can give access to adobe products so id like to experiment with those as well.","- 블렌더, Photoshop 및 Adobe Premiere Pro를 시도하는 데 관심이 있었지만 현재 노트북은 거대한 지연 스파이크없이 제대로 실행할 수 없습니다. 우리 학교는 Adobe 제품에 액세스 할 수 있으므로 Id도 실험하고 싶습니다.",success
"* **Finishing thoughts.** My current ASUS laptop has carried me for 10y and is held together by tape. At a 2015 price of 750€, I've been able to game without issues and render hours of video footage jumping from Lightroom to Photoshop to After Effects to Premiere Pro pretty smoothly in its heyday. I'm considering an M-chip Macbook, but they're quite expensive, and although I think I'm done with Windows, I've really been enjoying Linux Mint. I'd just like something that can carry me as far as my beloved has done so far, ideally I'll be able to switch again before the 10y mark but one never knows.","*** 마무리 생각. ** 내 현재 ASUS 노트북은 나를 10y로 데려 갔으며 테이프로 함께 고정됩니다. 2015 년 750 유로의 가격으로, 나는 문제없이 게임을 할 수 있었고, Lightroom에서 Photoshop, 후 효과, 전성기에 프리미어 프로까지 몇 시간의 비디오 장면을 렌더링 할 수있었습니다. 나는 M-Chip MacBook을 고려하고 있지만 꽤 비쌉니다. Windows로 끝났다고 생각하지만 Linux Mint를 정말로 즐기고 있습니다. 나는 나의 사랑하는 사람이 지금까지 한 행한 한 나를 데려 갈 수있는 무언가를 원합니다. 이상적으로는 10y 마크 전에 다시 전환 할 수는 있지만 결코 알지 못합니다.",success
"Hi! I am moving overseas for school and will not be able to take my desktop PC with me—it’s way too much of a hassle to transport :(—and am looking to invest in a laptop that will fill in the gap. The number one thing it needs to be able to handle is Clip Studio Paint—which as I understand it, is mostly CPU-dependent—without lagging with large canvases and lots of layers, hooked up to an XP Pen Artist Pro pen display. It’d also be really nice if it could run BG3 and Clair Obscur: Expedition 33 with decent settings, and I imagine a laptop that can do that can probably handle CSP just fine but I don’t want to go too much higher than $2k USD—so if the gaming is too much of a tall order at that price point, I'm willing to compromise there.",안녕! 나는 학교를 위해 해외로 이사하고 있으며 데스크탑 PC를 나와 함께 가져갈 수 없을 것입니다. 운송하기에 너무 번거로운 방법입니다. 디스플레이. BG3과 Clair Nobsur를 실행할 수 있다면 정말 좋을 것입니다 : 원정 33은 괜찮은 설정으로 CSP를 처리 할 수있는 랩톱을 상상할 수 있지만 2K USD보다 너무 높아지고 싶지는 않지만 게임이 너무 큰 주문이라면 기꺼이 타협하고 싶지 않습니다.,success
"* **Leave any finishing thoughts here that you may feel are necessary and beneficial to the discussion.**\- The best I can find is:Lenovo Yoga Pro 9i Aura Edition (16"" Intel) *-*  Part Number 83L0CTO1WW (RTX 5070) - Canada/USA, you have to 'build' it by selecting 64GB of RAM, which is also perfect.","*** 여기에 토론에 필요하고 유익 할 수있는 마무리 생각을 남겨 두십시오. ** \- 내가 찾을 수있는 가장 좋은 것은 다음과 같습니다. Lenovo Yoga Pro 9i Aura Edition (16 ""Intel)*-*부품 번호 83l0cto1ww (RTX 5070)- 캐나다/미국, 64GB의 램을 선택하여 '빌드'해야합니다.",success
I would buy this today if it had a 5070ti [https://www.lenovo.com/us/en/p/laptops/yoga/yoga-pro-series/yoga-pro-9i-gen-10-aura-edition-16-inch-intel/83l0cto1wwus1](https://www.lenovo.com/us/en/p/laptops/yoga/yoga-pro-series/yoga-pro-9i-gen-10-aura-edition-16-inch-intel/83l0cto1wwus1),5070ti가 있으면 오늘 살 것입니다. [https://www.lenovo.com/us/en/p/laptops/yoga/yoga-pro-series/yoga-pro--po--9-gen-10-aura-edition-16-inch-intel/83l0cto1wwus1] (https://www.lenovo.com/us/en/p/laptops/yoga/yoga-pro-series/yoga-pro--po--9-gen-10-aura-edition-16-inch-intel/83l0cto1wwus1),success
"TL;DR I need something balancing long battery life, and high processing power, also with high on-board storage. I prioritise them in that order -- if high processing power means the battery life will suffer then I would prefer the option with long battery life. But as much as possible I would like them fairly balanced. From other posts here I've heard the Acer Swift Go 14 is a good option for this. I've also heard the new AI-powered CPUs (e.g. Intel Core Ultra line, AMD Ryzen AI line, etc.) seem to be able to balance high processing power with better battery life, but I have no expertise to evaluate the validity of these claims. I am looking for many options and do not necessarily need to buy immediately, although I might take advantage of the recent sales.","TL; DR은 긴 배터리 수명 균형을 유지하고 높은 가공 전력을 균형 잡는 것이 필요합니다. 나는 그 순서대로 우선 순위를 정합니다. 가공 전력이 높으면 배터리 수명이 고통받는다면 배터리 수명이 길어지는 옵션을 선호합니다. 그러나 가능한 한 나는 그것들이 상당히 균형을 이루고 싶습니다. 다른 게시물에서 Acer Swift Go 14가 좋은 옵션이라고 들었습니다. 또한 새로운 AI 기반 CPU (예 : Intel Core Ultra Line, AMD Ryzen AI Line 등)가 더 나은 배터리 수명과 높은 처리 전력의 균형을 맞출 수있는 것으로 보이지만 이러한 주장의 유효성을 평가할 전문 지식은 없습니다. 최근 판매를 활용할 수 있지만 많은 옵션을 찾고 있으며 즉시 구매할 필요는 없습니다.",success
"Definitely need to use FL Studio with CPU-intensive plugins. Need it to run smoothly when using OBS to record FL, preferably at a higher bitrate and resolution. I also use Premiere Pro to edit videos for assignments, but I might not have to do that for university, I'm not sure. I don't necessarily need a high-end graphics card though (especially since that would impact battery life). I ALSO need something that can download and seed multiple torrents at once even with FL running in the background, although I don't torrent too much these days.",CPU 집약적 인 플러그인과 함께 FL 스튜디오를 사용해야합니다. OBS를 사용하여 FL을 기록 할 때 원활하게 실행해야합니다. 또한 Premiere Pro를 사용하여 과제에 대한 비디오를 편집하지만 대학을 위해 그렇게 할 필요는 없습니다. 확실하지 않습니다. 그러나 반드시 고급 그래픽 카드가 필요하지는 않습니다 (특히 배터리 수명에 영향을 미치기 때문입니다). 또한 FL이 백그라운드에서 실행 중에도 한 번에 여러 급류를 다운로드하고 시드 할 수있는 것이 필요하지만 요즘에는 너무 많이 토렌트하지는 않습니다.,success
"**Dell pro 16 plus** (however i think the battery and build arent as good as the other 2) **:** Ultra 7 268V, vPro 32gb ram","** Dell Pro 16 Plus ** (그러나 배터리가 다른 것만 큼 좋다고 생각합니다. 2) ** : ** Ultra 7 268V, VPRO 32GB RAM",success
"They are both in my opinion at reasonable prices and within my budget so price is not the question. I pretty much know most pros and cons which come with buying either one but it still does not help me decide. I'm not expecting to find one at this point, but I'm hoping for a definitive answer to which would be better.","그것들은 합리적인 가격과 예산 내에서 내 의견으로는 가격이 문제가되지 않습니다. 나는 하나를 구매하는 데 따르는 대부분의 장단점을 거의 알고 있지만 여전히 결정에 도움이되지 않습니다. 나는이 시점에서 하나를 찾을 것으로 기대하지는 않지만, 더 나은 확실한 대답을 기대하고 있습니다.",success
"|**Processor (CPU)**|AMD Ryzen™ 7 PRO 8840HS (8 cores / 16 threads, 3.30 GHz base, up to 5.10 GHz boost)|","| ** 프로세서 (CPU) ** | AMD RYZEN ™ 7 PRO 8840HS (8 코어 / 16 스레드, 3.30GHz베이스, 최대 5.10GHz 부스트) |",success
* **Are you doing any CAD/video editing/photo editing/gaming? List which programs/games you desire to run.** I need to do a lot of heavy coding and gaming. I also use Premiere Pro and Illustrator for graphic designing,*** CAD/비디오 편집/사진 편집/게임을하고 있습니까? 실행하고 싶은 프로그램/게임을 나열하십시오. ** 많은 코딩과 게임을해야합니다. 또한 그래픽 디자인을 위해 프리미어 프로 및 일러스트 레이터를 사용합니다.,success
"Are you doing any CAD/video editing/photo editing/gaming? List which programs/games you desire to run. Not the above, but preferably using ArcGIS Pro (mapping software), which is not compatible with Apple.",CAD/비디오 편집/사진 편집/게임을하고 있습니까? 실행하려는 프로그램/게임을 나열하십시오. 위의 것은 아니지만 바람직하게는 Apple과 호환되지 않는 Arcgis Pro (매핑 소프트웨어)를 사용합니다.,success
"So i am picking between zenbook 14 with i9 ultra s2 32gb and galaxy book 4 pro with i7 evo 16gb. I am not sure which to pick because they are the same price of 899 usd on sale rn, but galaxy book is lacking quiet a bit in performance, while being more reliable and having 120 hz and better display overall aswell as ability to fold and become a sort of ipad for notes. I was also wondering if it is possible to take notes on the zenbook as it is not foldable. I am also open to any other suggestions. Thanks in advance for any help!","그래서 나는 I9 Ultra S2 32GB를 사용한 Zenbook 14를 선택하고 있습니다. I7 EVO 16GB를 사용한 Galaxy Book 4 Pro. 나는 판매 RN의 899 USD의 동일한 가격이기 때문에 어느 것을 선택 해야할지 잘 모르겠지만 Galaxy Book은 약간 조용한 성능이 부족하고, 더 신뢰할 수 있고 120Hz를 가지고 있으며 전반적으로 더 나은 디스플레이를 접는 능력과 음표의 일종의 iPad가 될 수 있습니다. 또한 접을 수 없기 때문에 Zenbook에서 메모를 할 수 있는지 궁금합니다. 나는 또한 다른 제안에도 열려 있습니다. 도움을 주셔서 감사합니다!",success
Galaxy book: [https://www.bestbuy.com/site/samsung-galaxy-book4-pro-360-2-in1-16-amoled-touch-screen-laptop-intel-core-ultra-7-16gb-memory-1tb-ssd-moonstone-gray/6572183.p?skuId=6572183](https://www.bestbuy.com/site/samsung-galaxy-book4-pro-360-2-in1-16-amoled-touch-screen-laptop-intel-core-ultra-7-16gb-memory-1tb-ssd-moonstone-gray/6572183.p?skuId=6572183),갤럭시 북 : [https://www.bestbuy.com/site/samsung-galaxy-book4-pro-360-2-in1-16-amoled-touch-screen-laptop-intel-core-7-16gb-memory-1tb-sd-moonstone-gray/6572183.p? (https://www.bestbuy.com/site/samsung-galaxy-book4-pro-360-2-in1-16-amoled-touch-screen-laptop-intel-core-7-16gb-memory-1tb-sd-moonstone-gray/6572183.p?,success
I was thinking about getting a lenovo ideapad pro 5 with ryzen ai 7 350 and rtx 5050 or lenovo legion 5 (don't know which cpu) and rtx 5060. I care about fan noise when doing basic tasks. I wanna know if rtx 5050 is good enough to run all the programs and games or is it necessary to get rtx 5060 and a gaming laptop. Thank you very much on your replies.,"Ryzen AI 7 350 및 RTX 5050 또는 Lenovo Legion 5 (CPU를 모르는) 및 RTX 5060으로 Lenovo IdeaPad Pro 5를 얻는 것에 대해 생각하고있었습니다. 기본 작업을 수행 할 때 팬 소음에 관심이 있습니다. RTX 5050이 모든 프로그램과 게임을 실행하기에 충분한 지, RTX 5060 및 게임 랩톱을 얻을 필요가 있는지 알고 싶습니다. 답변에 대단히 감사합니다.",success
The reason for my upgrade is my current laptop is a MacBook Pro that’s from 2016 so I’m no longer able to update it and the battery life is nonexistent and I pretty much need to keep it plugged into the wall like a PC.,내 업그레이드의 이유는 현재 노트북이 2016 년부터 MacBook Pro이므로 더 이상 업데이트 할 수 없으며 배터리 수명이 존재하지 않으며 PC처럼 벽에 꽂아 두어야합니다.,success
"* **Leave any finishing thoughts here that you may feel are necessary and beneficial to the discussion.** I'm coming from a MacBook Pro 16"" and have been a loyal Mac user for the past 10 years—it’s never let me down. My current machine is the M1 Pro 16"", which replaced my 2014 MacBook Pro 16"" that still runs reliably. While I understand I won’t find a Windows laptop that matches Apple’s display quality and build perfectly, I’m willing to make that trade-off to access certain applications that require Windows. What I care about most is a **matte display**, **FHD+ resolution**, and **brightness between 400 and 500 nits**.","** 토론에 필요하다고 생각할 수있는 마무리 생각을 남겨두고 있습니다. ** 저는 MacBook Pro 16에서 왔으며 지난 10 년 동안 충성스러운 MAC 사용자였습니다. 절대 실망하지 않습니다. 현재 기계는 M1 Pro 16 ""입니다. 2014 MacBook Pro 16을 대체했습니다. Windows가 필요한 특정 응용 프로그램에 액세스하는 것은 ** 무광택 디스플레이 **, ** fhd+ 해상도 ** 및 ** 400에서 500 nits **입니다.",success
"* **Dell Pro plus/premium 16** – These feel the closest to perfect. The trackpad isn’t heavily shifted to the left, and the displays look promising. But because they’re newer, I’m not fully confident in their **long-term build quality** yet.","*** Dell Pro Plus/Premium 16 ** - 완벽한 느낌이 듭니다. 트랙 패드는 왼쪽으로 크게 바뀌지 않으며 디스플레이는 유망 해 보입니다. 그러나 그들이 더 새롭기 때문에, 나는 그들의 장기 빌드 품질 **에 대해 완전히 확신하지 못합니다.",success
* I am already looking at the latest Legion Pro 7i 2025 laptop. But if there are any recommendations I am very open to it.,* 나는 이미 최신 Legion Pro 7i 2025 노트북을보고 있습니다. 그러나 권장 사항이 있다면 매우 개방적입니다.,success
"* **Finishing thoughts:** I think I am keen to proceed with the 'Asus ProArt 16"" 4K OLED Touchscreen Ryzen AI 9 HX 370, 64GB RAM, 5T (1TB + 4TB) Gen4 SSD, RTX 4070, Windows 11 Pro Office 365 - weight: 2.4kg (RRP $5,500)'.But, I was originally considering the 'Asus ROG Zephyrus G16 GU605CR 16"" OLED 240Hz Core Ultra 9 32GB RAM 1TB RTX 5070 Ti Gaming Laptop - Eclipse Grey - weight: 1.9kg (RRP $5,400)'. Has anyone had experience with either of these? And do you think either would serve me better? And if not these, what would you recommend? Thanks so much for your thoughts!","*** 마무리 생각 : ** 나는 'ASUS ProArt 16 ""4K OLED 터치 스크린 Ryzen AI 9 HX 370, 64GB RAM, 5T (1TB + 4TB) GEN4 SSD, RTX 4070, Windows 11 Pro Office 365- 무게 : 2.4KG (RRP $ 5,500)를 진행하고 싶어합니다. Zephyrus G16 GU605CR 16 ""OLED 240Hz Core Ultra 9 32GB RAM 1TB RTX 5070 TI Gaming Laptop- Eclipse Grey- 중량 : 1.9kg (RRP $ 5,400) '. 이 중 하나에 대한 경험이 있습니까? 그리고 당신은 나에게 더 나은 봉사를 할 것이라고 생각합니까? 그리고 이것들이 아니라면 무엇을 추천 하시겠습니까? 당신의 생각에 대단히 감사합니다!",success
Lenovo Yoga Pro 7 or VivoBook s15,Lenovo Yoga Pro 7 또는 Vivobook S15,success
**🔹 Lenovo Yoga Pro 7 14IMH**9,** Lenovo Yoga Pro 7 14IMH ** 9,success
•	Video: Short-form content in Adobe Premiere Pro or DaVinci Resolve; may expand into long-form tutorials,• 비디오 : Adobe Premiere Pro 또는 Davinci Resolve의 단편 콘텐츠; 긴 형식의 튜토리얼로 확장 할 수 있습니다,success
"Is that 160$ worth it for the Legion - or is it not. Note build quality matters a lot for me, and I've heard good things about Alienware (but same for legion, but to a lesser extent). Battery also matters a lot - so im wondering if the Alienware would push 6+ hours (in reviews legion is about 7). And obviously performance, but I believe both will be fine for what im doing, but some extra speed and headroom is always appreciated.","160 $는 군단에게 가치가 있습니까? 건축 품질은 나에게 많은 문제가되고, Alienware에 대해 좋은 소식을 들었습니다 (그러나 군단도 마찬가지입니다. 배터리도 중요합니다. 따라서 Alienware가 6 시간 이상을 밀어야할지 궁금합니다 (Leviews Legion은 약 7입니다). 그리고 분명히 성능이지만, 나는 둘 다 내가하는 일에 좋을 것이라고 믿지만, 여분의 속도와 헤드 룸은 항상 높이 평가됩니다.",success
Is a 2018 MacBook Pro (i5/8GB RAM/256GB SSD) still a good choice in 2025 for studying and casual use?,2018 MacBook Pro (I5/8GB RAM/256GB SSD)는 2025 년에 공부 및 캐주얼 용도로 여전히 좋은 선택입니까?,success
Hi! I’m considering getting a used 2018 MacBook Pro with the following specs:,안녕! 다음 사양과 함께 2018 MacBook Pro를 사용하는 것을 고려하고 있습니다.,success
"I'm currently on the hunt for a new laptop to replace my old MacBook Pro 13 (2020). I've got my eye on the Asus VivoBook S OLED 2024 series, but I'm a bit puzzled by the pricing. In my country, there's a massive sale (around $200 off) for all Intel Ultra models. However, I've noticed that the model with AMD Ryzen™ 7 8845HS and 32GB/1TB costs **MORE** than the one with Ultra 9 185H 32GB/1TB.",나는 현재 오래된 MacBook Pro 13 (2020)을 대체하기 위해 새로운 노트북을 찾기 위해 노력하고 있습니다. 나는 Asus Vivobook S OLED 2024 시리즈를 주시했지만 가격에 약간 당황합니다. 우리나라에는 모든 인텔 울트라 모델에 대한 대규모 판매 (약 $ 200 할인)가 있습니다. 그러나 AMD Ryzen ™ 7 8845HS 및 32GB/1TB가있는 모델은 Ultra 9 185H 32GB/1TB를 가진 것보다 ** 더 ** 더 **를 알았습니다.,success
CPU: AMD Ryzen™ AI 9 HX PRO 370 (2.0 GHz up to 5.1 GHz),CPU : AMD RYZEN ™ AI 9 HX PRO 370 (최대 5.1GHz까지 2.0GHz),success
CPU: AMD Ryzen™ AI 7 PRO 350 (2.0 GHz up to 5.0 GHz),CPU : AMD RYZEN ™ AI 7 PRO 350 (최대 5.0GHz까지 2.0GHz),success
"|**Processor**|Ryzen 5 5500U (Zen 2, 6c/12t)|Ryzen 5 Pro 5650U (Zen 3, 6c/12t)|","| ** 프로세서 ** | Ryzen 5 5500U (Zen 2, 6C/12t) | Ryzen 5 Pro 5650U (Zen 3, 6C/12t) |",success
"My main concern is: since the MacBook Air is passively cooled (no fans), is there a risk that its performance advantage will be lost under sustained workloads due to thermal throttling?",나의 주요 관심사는 : MacBook Air가 수동적으로 냉각되기 때문에 (팬 없음) 열 조절으로 인해 지속적인 워크로드에서 성능 이점이 손실 될 위험이 있습니까?,success
* **Lenovo Legion Pro 5i** (Intel Core i7-13700HX + RTX 4060/4070),*** Lenovo Legion Pro 5i ** (Intel Core i7-13700HX + RTX 4060/4070),success
* **Lenovo Legion Pro 5** (AMD Ryzen 7 7745HX or Ryzen 9 7845HX + RTX 4060/4070),*** Lenovo Legion Pro 5 ** (Amd Ryzen 7 7745HX 또는 Ryzen 9 7845HX + RTX 4060/4070),success
[https://uniway.ca/collections/products/products/copy-of-thinkpad-x390-yoga-2-in-1-laptop-13-3in-fhd-1920x1080-touchscreen-intel-core-i5-8350u-8gb-ddr4-256-gb-solid-state-drive-windows-11-pro-condition-b](https://uniway.ca/collections/products/products/copy-of-thinkpad-x390-yoga-2-in-1-laptop-13-3in-fhd-1920x1080-touchscreen-intel-core-i5-8350u-8gb-ddr4-256-gb-solid-state-drive-windows-11-pro-condition-b),[https://uniway.ca/collections/products/products/copy-of-thekpad-x390-yoga-2-in-1-1-3in-fhd-1920x1080-Touchscreen-intel-core-i5-8350u-8gb-ddr4-256-gb-solid-windod-windod-windod-windod-windod-windod-windod-windod-windod-swindod-swindod-windod-- (https://uniway.ca/collections/products/products/copy-of-thekpad-x390-yoga-2-in-1-1-3in-fhd-1920x1080-touchscreen-intel-core-i5-8350u-8gb-ddr4-256-gb-solid-windod-swindod-1111-20-condoid-windod-windod-swindod-swindod-windod-windod-swindod-windod-swindod-windod-windod-windod-windod-win-window,success
"So I think it's time for an upgrade. Based on my research, I found myself interested in both the Lenovo Legion Pro 7i Gen 10 and the Eluktronics HYDROC 16 G2, but I was just if anyone knows any possible better options/has any experience with these two! Thank you!","그래서 업그레이드 시간이라고 생각합니다. 저의 연구를 바탕으로, 나는 Lenovo Legion Pro 7i Gen 10과 Eluktronics Hydroc 16 G2에 관심이 있었지만, 누군가가 가능한 더 나은 옵션을 알고 있다면/이 두 가지에 대한 경험이 있다면! 감사합니다!",success
"MSI Stealth GS77 17.3"" QHD 240Hz Ultra Thin & Light Gaming Laptop: Intel Core i7-12700H RTX 3080 Ti 32GB DDR5 1TB NVMe SSD, USB-Type C, Thunderbolt 4, CNC Aluminum, Win11 Pro: Core Black 12UHS-083.","MSI 스텔스 GS77 17.3 ""QHD 240Hz Ultra Thin & Light Gaming 노트북 : 인텔 코어 i7-12700H RTX 3080 TI 32GB DDR5 1TB NVME SSD, USB-TYPE C, Thunderbolt 4, CNC 알루미늄, Win11 Pro : Core Black 12UHS-083.",success
"Pros: Two separate devices for work and personal use, great for notes, more flexibility Cons: Might stretch the budget; not sure about the long-term performance of a used laptop","장점 : 업무 및 개인 용도를위한 두 개의 별도 장치, 메모에 적합한 유연성 단점 : 예산을 확장 할 수 있습니다. 중고 노트북의 장기 성능에 대해 확실하지 않습니다.",success
"Pros: One premium device, fast, great battery, macOS learning Cons: No touch/stylus input for handwritten notes, shared environment for personal + work data","Pros: One premium device, fast, great battery, macOS learning Cons: No touch/stylus input for handwritten notes, shared environment for personal + work data",success
"I've been looking at a lot of review videos but they all seem to be more than serviceable based on the videos, which makes it really hard to just decide on one. I was hoping you guys would be able to help me pick one or figure out the pros and cons as compared to the other laptops in this list",나는 많은 리뷰 비디오를보고 있었지만 그들은 모두 비디오를 기반으로 서비스가 가능한 것 같아서 비디오를 결정하기가 어렵습니다. 나는 너희들 이이 목록의 다른 노트북과 비교하여 하나를 골라 내거나 장단점을 알아낼 수 있기를 바랐다.,success
"Pros of this purchase: -higher specs than I was actually looking at (RAM/SSD) so I don't have to buy parts and replace them to start with -Thinkpad P16s seem to be the most repairable entry level business class laptops, with the specs I need -dedicated decent quality GPU -CPU is new enough to be future proof for 4 years -this model of laptop has solid performance even though the battery life is just ok -decent build quality - the aluminum/recycled plastic case seems to be a bit more solid than the all-recycled-plastic in the AMD chip version",이 구매의 장점 : -실제로보고 있던 것보다 (RAM/SSD) (RAM/SSD) 부품을 구매하여 -thinkpad p16s로 시작할 필요는 없습니다. -thinkpad p16s는 가장 수리 가능한 엔트리 레벨 비즈니스 클래스 랩톱으로 보일 것 같습니다. aluminum/recycled plastic case seems to be a bit more solid than the all-recycled-plastic in the AMD chip version,success
Pros of this purchase:,이 구매의 장점 :,success
"I am considering purchasing the Asus Vivobook S14 with the AMD Ryzen 9 AI 370HX processor. If anyone owns this laptop, I would appreciate it if you could share your experience, including the pros and cons.",AMD Ryzen 9 AI 370HX 프로세서로 ASUS Vivobook S14를 구매하는 것을 고려하고 있습니다. 이 노트북을 소유 한 사람이라면 장단점을 포함하여 귀하의 경험을 공유 할 수 있다면 감사하겠습니다.,success
Pro:,찬성:,success
b. Strange hinge and rubber cover in center of the hinge. And I am wondering the strength of Asus Hinge as both my office friends: Asus ROG Flow 13x and Zephyrus G14 hinge is broken.,비. 힌지 중앙에 이상한 힌지와 고무 덮개. 그리고 Asus Rog Flow 13X와 Zephyrus G14 힌지가 고장났습니다.,success
Pro:,찬성:,success
Asus ProArt PX13 - Pros and Cons and Tips,ASUS PROART PX13- 장단점 및 팁,success
"What can you guys tell me about **Asus ProArt PX13**, if anyone owns it - I would love to hear feedback, pros and cons, and also TIPS on how to make the most of it. I plan to use it for Graphic Design (Adobe programs) as well as Web Design. I am often travelling so I picked a smaller screen, although I often ask myself whether a 16'' screen would be a better choice.",** ASUS PROART PX13 **에 대해 무엇을 말해 줄 수 있습니까? 웹 디자인뿐만 아니라 그래픽 디자인 (Adobe 프로그램)에 사용할 계획입니다. 나는 종종 여행을하고있어서 작은 화면을 선택했지만 16 ''화면이 더 나은 선택인지 자주 묻습니다.,success
Looking for feedback on ( msi sword 16 hx b14vfkg ) pros and cons,(MSI Sword 16 HX B14VFKG) 장단점에 대한 피드백을 찾고 있습니다.,success
**Pros:**,** 프로 : **,success
**Pros:**,** 프로 : **,success
"* Xiaomi RedmiBook Pro 14 2024 14"" (2880x1800) IPS 400 nits - Intel Core Ultra 7 155H, 32gb RAM, 1tb SSD, 1.46kg ----- €1200 discounted","* Xiaomi Redmibook Pro 14 2024 14 ""(2880x1800) IPS 400 NITS-Intel Core Ultra 7 155H, 32GB RAM, 1TB SSD, 1.46kg ----- € 1200 할인",success
"Looking for a Windows laptop that plays nicely with iPhone (currently using a 14 Pro, may upgrade to 16/17 Pro later). Need something that works well for transferring photos, syncing notes, and not causing too much friction with the Apple ecosystem. Hoping to replace the need for both a MacBook and an iPad with one device.",iPhone과 함께 플레이하는 Windows 노트북을 찾고 있습니다 (현재 14 Pro를 사용하면 나중에 16/17 Pro로 업그레이드 할 수 있음). 사진을 전송하고 메모를 동기화하고 Apple 생태계에 너무 많은 마찰을 일으키지 않는 데 적합한 것이 필요합니다. MacBook과 iPad의 필요성을 하나의 장치로 교체하기를 희망합니다.,success
"* **Leave any finishing thoughts here that you may feel are necessary and beneficial to the discussion.** my 2013 macbook pro retina 15"" died on me this week, i need to find a new laptop to keep up with uni work, none of that work is performance intensive, i don't think i need a beefy machine, it would be nice to be able to multitask a bit (i'm gonna hook it up to an external monitor, and would like to be able to watch a movie while i study without having the laptop freezing and shutting down like my old one <.<)","** 토론에 필요하다고 느끼는 마무리 생각을 남겨 두십시오. ** 내 2013 MacBook Pro Retina 15 ""이번 주에 죽었습니다. 저는 Uni 작업을 유지하기 위해 새로운 랩톱을 찾아야합니다. 그 작업 중 어느 것도 성능 집약적 인 것이 아니며, 비프 머신이 필요하다고 생각하지 않을 것입니다. 노트북은 내 오래된 것처럼 얼어 붙어서 셧다운합니다 <. <)",success
"my previous laptop is lenovo legion 5 pro with ryzen 7 5600h and rtx 3070 from 4 years ago, which should still be going strong to use for ongoing years (it hasnt slowed down and hardware is still good), until dgpu died with pc hanging and artifacts (normal usage, no overclocking, cooling pad for elevation).","이전의 랩톱은 4 년 전부터 Ryzen 7 5600H 및 RTX 3070이있는 Lenovo Legion 5 Pro입니다. DGPU가 PC 교수형 및 인공물로 죽을 때까지 (정상 사용, 오버 클로킹, 냉각 패드)로 죽을 때까지 계속 진행중인 몇 년 동안 사용하기에 강력하게 사용해야합니다.",success
"I'm aware my price may limit this so I'm happy to be really flexible. Obviously thinner the better, and I like the idea of Surface Pro detachable/convertible laptops but *overall would prefer more money on a bulkier laptop if I get more performance*","나는 내 가격이 이것을 제한 할 수 있다는 것을 알고 있으므로 정말 유연하게 기쁘다. 분명히 더 얇아지고, 나는 Surface Pro 분리 가능/컨버터블 노트북의 아이디어를 좋아하지만 *더 많은 성능을 얻는다면 전체적으로 더 많은 돈을 선호 할 것입니다 * *",success
"* **Leave any finishing thoughts here that you may feel are necessary and beneficial to the discussion.** I am a huge multitasker so I need something that can withstand having multiple programs open at once and side-by-side. I will be frequently running ArcGIS Pro and other similar programs that are GIS-related. I am almost on Microsoft Office daily along with having multiple Google Chrome tabs open so I just want a laptop that can run smoothly with all of these operations. I have a 5-month old Lenovo IdeaPad 3i 15 inch Windows Laptop Intel Core i7-1255U 16GB RAM 512GB SSD, and it's already running incredibly slow and lagging very badly. Please help! Everyone's input is highly appreciated.",*** 여기서 당신이 토론에 필요하고 유익하다고 느낄 수있는 마무리 생각을 남겨 두십시오. ** 나는 거대한 멀티 태스킹 커이므로 여러 프로그램을 한 번에 열어주는 견딜 수있는 내용이 필요합니다. ArcGIS Pro 및 GIS 관련 기타 유사한 프로그램을 자주 운영 할 것입니다. 나는 거의 Microsoft Office에 있으며 여러 개의 Google Chrome 탭을 열었으므로 이러한 모든 작업으로 원활하게 작동 할 수있는 랩톱을 원합니다. 나는 5 개월 된 오래된 Lenovo IdeaPad 3i 15 인치 Windows 노트북 인텔 코어 i7-1255U 16GB RAM 512GB SSD를 가지고 있으며 이미 엄청나게 느리게 실행되고 있으며 매우 나쁘게 지연되고 있습니다. 도와주세요! 모든 사람의 의견은 높이 평가됩니다.,success
"Build quality & reliability (5+ -year horizon) > Performance (Premiere Pro + CUDA) > Quiet cooling under load > Upgradability (2× SO-DIMM, 2× M.2) > Battery life (nice to have, not critical) > Form factor/looks (don’t care).","빌드 품질 및 신뢰성 (5+ -시어 지평)> 성능 (Premiere Pro + Cuda)> 조용한 냉각 중 조용한 냉각> 업그레이드 가능성 (2 × so -dimm, 2 × m.2)> 배터리 수명 (중요하지 않음)> 양식 요소/외관 (신경 쓰지 않음).",success
"Yes: Adobe Premiere Pro (4K timelines), occasional After Effects, photo editing, programming (VS Code, Docker), general dev workloads. Occasional gaming.","예 : Adobe Premiere Pro (4K 타임 라인), 때때로 후 효과, 사진 편집, 프로그래밍 (VS 코드, Docker), 일반 개발 워크로드. 가끔 게임.",success
"Current front-runner: **Schenker Key 16 Pro** (EU support, upgradeable). Also considering **XMG Neo 16**, **Lenovo Legion Pro 7i**, **ASUS Zephyrus M16**, and **Framework 16** (love modularity but wary of early-gen quirks and weaker dGPU vs RTX 4070). Looking for **owner feedback** on real-world noise/thermals in balanced mode, coil whine, longevity (5-year use), upgrade gotchas, and RMA experiences in Germany. Design doesn’t matter—function, serviceability, and quiet cooling do.","현재 프론트 러너 : ** Schenker Key 16 Pro ** (EU 지원, 업그레이드 가능). 또한 ** xmg neo 16 **, ** Lenovo Legion Pro 7i **, ** Asus Zephyrus M16 ** 및 ** 프레임 워크 16 ** (사랑 모듈성이지만 초기 세대와 약한 DGPU vs rtx 4070). 균형 모드, Coil Whine, Longevity (5 년 사용), 업그레이드 Gotchas 및 독일의 RMA 경험에 대한 ** 소유자 피드백 **를 찾고 있습니다. 디자인은 중요하지 않습니다. 기능 장애, 서비스 가능성 및 조용한 냉각도합니다.",success
Looking for a compact and powerful allrounder similar to a Macbook Pro (Productivity and light gaming) - Germany,MacBook Pro (생산성 및 가벼운 게임)와 유사한 작고 강력한 알리 러를 찾고 독일,success
Help Choosing Between Yoga 7 vs IdeaPad Pro 5 (AI 7 350 / Ultra 9),요가 7 vs IdeaPad Pro 5 (AI 7 350 / Ultra 9)를 선택하는 데 도움이됩니다.,success
"IdeaPad Pro 5 (14AKP10) – AMD Ryzen AI 7 350, 32GB, 1TB, 84Wh battery","IdeaPad Pro 5 (14akp10) - AMD Ryzen AI 7 350, 32GB, 1TB, 84Wh 배터리",success
"IdeaPad Pro 5 (14AIH10) – Intel Core Ultra 9 285H, 32GB, 1TB, 84Wh battery","IdeaPad Pro 5 (14aih10) - Intel Core Ultra 9 285H, 32GB, 1TB, 84Wh 배터리",success
"That said, it has a smaller 70Wh battery compared to 84Wh on the IdeaPad Pros and slower memory.","즉, IdeaPad Pros의 84Wh와 메모리가 느린 배터리에 비해 70Wh 배터리가 더 작습니다.",success
"* **If you're gaming, do you have certain games you want to play? At what settings and FPS do you want?**\-I'm a fan of graphics over performance. I used to game on a macbook pro in like 2011 and suffered through the low frame rates without lowering resolution. Story games, party games-","*** 게임이라면 플레이하고 싶은 특정 게임이 있습니까? 어떤 설정과 FPS를 원하십니까? ** \- 저는 성능에 대한 그래픽의 팬입니다. 나는 2011 년과 같은 MacBook Pro에서 게임을했으며 해상도를 낮추지 않고 낮은 프레임 속도로 어려움을 겪었습니다. 스토리 게임, 파티 게임-",success
- Premiere Pro (potentially),- 프리미어 프로 (잠재적으로),success
- Pro Tools (more likely?),- 프로 도구 (가능성이 높습니까?),success
Want the windows equivalent of a Macbook Pro 16. Unlimited budget but can't find anything comparable.,MacBook Pro 16에 해당하는 Windows를 원하지만 무제한 예산을 원하지만 비슷한 것을 찾을 수 없습니다.,success
Suggestions for an AMD Advantage laptop in 2025?,2025 년 AMD 우위 노트북에 대한 제안?,success
"* **Any specific requirements such as good keyboard, reliable build quality, touch-screen, finger-print reader, optical drive or good input devices (keyboard/touchpad)?**  Looking for an AMD Advantage edition laptop or one with Ryzen & Radeon RX config. At least 16 GB DDR4/5 RAM, 1 TB NVMe SSD. 4x USB 3.0 Type A ports, 1x USB Type C Thunderbolt port, HDMI (4K @ 60Hz), 3.5mm audio combo jack, Ethernet port, WiFi 6  (2.4G & 5G), Bluetooth, Webcam, Backlit keyboard, Precision touchpad.","*** 우수한 키보드, 안정적인 빌드 품질, 터치 스크린, 지문 프린트 리더, 광학 드라이브 또는 우수한 입력 장치 (키보드/터치 패드)와 같은 특정 요구 사항은? ** AMD Advantage Edition Edition Edition Laptop을 찾고 있습니다. 또는 Ryzen & Radeon RX Config. 최소 16GB DDR4/5 RAM, 1TB NVME SSD. 4X USB 3.0 타입 A 포트, 1X USB 유형 C Thunderbolt Port, HDMI (4K @ 60Hz), 3.5mm 오디오 콤보 잭, 이더넷 포트, WiFi 6 (2.4G & 5G), Bluetooth, 웹캠, 백라이트 키보드, 정밀 터치 패드.",success
"* ASUS TUF Gaming A16 (which is the front-runner for me right now), HP Zbook Ultra G1a, 2025 ASUS ROG Z13 Flow and other Strix Halo or AI Max+ PRO 395 ones.","* ASUS TUF GAMING A16 (지금은 선두 주자입니다), HP ZBook Ultra G1A, 2025 ASUS ROG Z13 흐름 및 기타 Strix Halo 또는 AI Max+ Pro 395 개.",success
"I was hoping they still made the Advantage Edition ones because, well, it has that authorized-by-AMD kind-of branding and maybe I am a sucker for such certified programs.",나는 그들이 여전히 Advantage 에디션을 만들기를 바랐다.,success
"ASUS ROG Zephyrus 2024 16"" OLED 240Hz Gaming Laptop, Intel Core Ultra 9 185H, 16GB DDR5x RAM, 1TB NVMe SSD, NVIDIA GeForce RTX 4070, Windows 11 Pro https://a.co/d/6er9bGr","ASUS ROG ZEPHYRUS 2024 16 ""OLED 240Hz 게임 노트북, 인텔 코어 울트라 9 185H, 16GB DDR5X RAM, 1TB NVME SSD, NVIDIA GEFORCE RTX 4070, Windows 11 Pro https://a.co/d/6er9bgr",success
"Dell XPS 9530 Laptop 2023, Intel 14-Core i7-13700H, 15.6"" WUXGA IPS Display, Intel Arc A370M 4GB GDDR6, 32GB DDR5 1TB SSD, Backlit Keyboard, Fingerprint, Thunderbolt 4, Wi-Fi 6E, Win11 Pro https://a.co/d/7A0sOne","Dell XPS 9530 노트북 2023, 인텔 14- 코어 i7-13700H, 15.6 ""Wuxga IPS 디스플레이, 인텔 아크 A370M 4GB GDDR6, 32GB DDR5 1TB SSD, 백라이트 키보드, 지문, Thunderbolt 4, Wi-Fi 6E, Win11 Pro Https://A.4/4/0SONE.",success
"[3. NewLenovo ThinkPad P16 Gen 2 Mobile Workstation (16"" WQUXGA 4K+ (3840 x 2400) Intel i9-13980HX 24 Core, 64GB RAM 4TB SSD, NVIDI.A RTX 4000 Ada 12GB) Laptop for Engineer Designer Architect, Win 11 Pro:](https://www.amazon.com/NewLenovo-ThinkPad-Workstation-i9-13980HX-Architect/dp/B0DRXX41SW/ref=mp_s_a_1_4_maf_1?crid=33ED7WMEJZPY&dib=eyJ2IjoiMSJ9.76G5FnltRXeViaxV0p_4BvSPOKs5gAB2D2hcjQ-iPzz73kFGB8AtFxqCa0v9TanKaGZCIzU4jjbhBc_X3L5eot6UtUMoE1l8xdA1W3i12WQjlbvGqZL1bE8pdB5Sj6UhF2K5T-0wrd6n__m3vqbpCLdgajA9qOmbmBqMmm09moVjReDmGSs9BqPdWWl7ztcgJeLotbWgasn5mmF5WOKDlw.W3Txk32gbSkm30VPPWQeVXODrc-l1Z_cp-5YaqpoYcc&dib_tag=se&keywords=thinkpad%2B128gb%2Bram&qid=1743719815&sprefix=thinkpad%2B128gb%2Bram%2Caps%2C89&sr=8-4&th=1) $3,099 \[note: a little on the pricier side, and less RAM than option 1. But it has a much better GPU that can potentially run games\]","[3. Newlenovo ThinkPad P16 Gen 2 Mobile Workstation (16 ""WQUXGA 4K+ (3840 X 2400) Intel I9-13980HX 24 Core, 64GB RAM 4TB SSD, NVIDI.A RTX 4000 ADA 12GB) 엔지니어 디자이너 설계자, 11 명 Pro :] (https://www.amazon.com/newlenovo-thekpad-workstation-i9-13980hx-architect/dp/b0drxx41sw/ref=mp_s_a_1_4_maf_1?crid=33ed7wmej ZPY & DIB = EYJ2IJOIMSJ9.76G5FNLTRXEVIAXV0P_4BVSPOKS5GAB2D2HCJQ-IPZZ73KFGB8ATFXQCA0V9TANKAGZCIZU4JBHBC_X3L5EOT6UTUMOE1L8XDA1W3I12WQJLB vgqzl1be8pdb5sj6uhf2k5t-0wrd6n__m3vqbpcldgaja9qommbmmmmmmm09movjredmgsssss9bqpdwwwl7ztcgjelotbwgasn5mmf5wokdlw.w3txk32gbskm30vpppppppppxtkm32g C-L1Z_CP-5YAQPOYCC & DIB_TAG = SE & 키워드 = ThinkPad%2B128GB%2BRAM & QID = 1743719815 & SPREFIX = ThinkPAD%2B128GB%2BRAM%2CAPS%2C89 & SR = 8-4 & TH = 1) $ 3,099 \ [참고 : 옵션 1보다 작은 측면에 약간의 RAM이 적습니다. 그러나 게임을 잠재적으로 실행할 수있는 훨씬 더 나은 GPU가 있습니다.]",success
"[7. Lenovo Legion 5 16IRX9 Laptop 2024-16"" WQXGA NVIDIA GeForce RTX 4060 - Intel i9-14900HX 24 Cores - 64GB DDR5 2TB NVMe SSD - Four-Zone RGB Backlit Keyboard Wi-Fi 6E - Win11 Pro 32GB USB - Luna Grey](https://www.amazon.com/Lenovo-Legion-16IRX9-2024-16-GeForce/dp/B0DPZGG74K/ref=sr_1_9?crid=38LGXYWSJLN6Z&dib=eyJ2IjoiMSJ9.JsQfbjkTFM7b7CfLunLxyGnKzTEfalcNAJbKZM7hPx68RIqWHGH5wYn_ZQO_0qNutDAuXziulGP3N5rbrjIjbQV2qxbApZz9ycJVeNjzYDUl6lkccXB8QtCBjXTiW53fojFEsPZI0SJOhAGqfbv4uvKaCc7ig_uJRPD4zIibc2k_REKKrwXDp-k3yLVwqgCr4sEw662QRG6mcksRy_rrYoLHEXLo_HQFBjRXYDaBtOQxiTpEgQay89ve-A4Kfbbo5C5CrjkiVKEfHZfir6tz-KBPwtlOj30dkuijVxUdrgw.gHuKtkFmP9EGkbyMwSyWP69j1sryBqV7OGBA-ZT7XGA&dib_tag=se&keywords=lenovo+legion+slim+intel+i9&qid=1743885264&refinements=p_n_feature_four_browse-bin%3A17927742011%2Cp_n_size_browse-bin%3A2242801011%2Cp_n_feature_thirty-three_browse-bin%3A23720421011%7C23720422011&rnid=23720416011&s=electronics&sprefix=lenovo+legion+slim+intel+i9%2Celectronics%2C89&sr=1-9): $2,069 \[this seems to hit every mark. Only issue is that its a ""gaming PC"" that might not be a wise idea in a professional setting\]","[7. Lenovo Legion 5 16IRX9 노트북 2024-16 ""WQXGA NVIDIA GEFORCE RTX 4060 -Intel I9-14900HX 24 코어 -64GB DDR5 2TB NVME SSD- 4- 영역 RGB 백라이트 키보드 WI -FI 6E -WIN11 PRO 32GB USB- LUNA 그레이] (https://www.amazon.com/lenovo-legion-16irx9-2024-16-geforce/dp/b0dpzgg74k/ref=sr_1_9?crid=3 8lgxywsjln6z & dib = eyj2ijoimsj9.jsqfbjktfm7b7cflunlxygnkztefalcnajbkzm7hpx68riqwhgh5wyn_zqo_0qnutdau xziulgp3n5rbrjijbqv2qxbapzz9ycjvenjzydul6lkccxb8qtcbjxtiw53fojfespzi0sjohagqfbv4uvkaccc7ig_ujrpd4zi IBC2K_REKKRWXDP-K3YLVWQGCR4SEW662QRG6MCKSRY_RRYOLHEXLO_HQFBJRXYDABTOQXITPEGQAY89VE-A4KFBBO5C5CRJKI vkefhzfir6tz-kbpwtloj30dkuijvxudrgw.ghuktkfmp9egkbymwpywp69j1srybqv7ogba-zt7xga & dib_tag = se & 키워드 S = Lenovo+Legion+Slim+Intel+I9 & QID = 1743885264 & refinements = P_N_FEATURE_FOUR_BROWSE-BIN%3A17927742011 %2CP_N_SIZE_BROWSE-BIN%3A2242801011%2CP_N_FEATURE_THIRTY-THREE-THREE-BIN%3A23720421011%7C23720422 011 & rnid = 23720416011 & s = 전자식 및 sprefix = Lenovo+Legion+Slim+Intel+i9%2celectronics%2c89 & sr = 1-9) : $ 2,069 \ [이것은 모든 마크에 도달하는 것 같습니다.",success
"[8. Lenovo Slim Pro 9 16IRP8 16"" 3.2K 165Hz Touchscreen Laptop, Intel Core i9-13905H 2.6GHz, 32GB RAM, 1TB SSD, NVIDIA GeForce RTX 4050 6GB, Windows 11 Home, Storm Gray](https://www.amazon.com/Lenovo-Touchscreen-i9-13905H-GeForce-Windows/dp/B0CZJ4TRWW/ref=sr_1_15?crid=38LGXYWSJLN6Z&dib=eyJ2IjoiMSJ9.JsQfbjkTFM7b7CfLunLxyGnKzTEfalcNAJbKZM7hPx68RIqWHGH5wYn_ZQO_0qNutDAuXziulGP3N5rbrjIjbQV2qxbApZz9ycJVeNjzYDUl6lkccXB8QtCBjXTiW53fojFEsPZI0SJOhAGqfbv4uvKaCc7ig_uJRPD4zIibc2k_REKKrwXDp-k3yLVwqgCr4sEw662QRG6mcksRy_rrYoLHEXLo_HQFBjRXYDaBtOQxiTpEgQay89ve-A4Kfbbo5C5CrjkiVKEfHZfir6tz-KBPwtlOj30dkuijVxUdrgw.gHuKtkFmP9EGkbyMwSyWP69j1sryBqV7OGBA-ZT7XGA&dib_tag=se&keywords=lenovo+legion+slim+intel+i9&qid=1743885264&refinements=p_n_feature_four_browse-bin%3A17927742011%2Cp_n_size_browse-bin%3A2242801011%2Cp_n_feature_thirty-three_browse-bin%3A23720421011%7C23720422011&rnid=23720416011&s=electronics&sprefix=lenovo+legion+slim+intel+i9%2Celectronics%2C89&sr=1-15): $1,731.45 \[seems like a good price, and is not as bulky as a legion. but unsure of build quality\]","[8. Lenovo Slim Pro 9 16IRP8 16 ""3.2K 165Hz 터치 스크린 노트북, 인텔 코어 i9-13905H 2.6GHz, 32GB RAM, 1TB SSD, NVIDIA GEFORCE RTX 4050 6GB, Windows 11 Home, Storm 그레이] (https://www.amazon.com/lenovo-touchscreen-i9-13905-geforce-windows/dp/b0czj4trww/ref=sr_1_15 ? crid = 38lgxywsjln6z & dib = eyj2ijoimsj9.jsqfbjktfm7b7cflunlxygnkztefalcnajbkzm7hpx68riqwhghghyn_zqo_0q nutdauxziulgp3n5rbrjijbqv2qxbapzz9ycjvenjzydul6lkccxb8qtcbjxtiw53fojfespzi0sjohagqfbv4uvkacc7ig_ujr pd4ziibc2k_rekkrwxdp-k3ylvwqgcr4sew662qrg6mcksry_rryolhexlo_hqfbjrxydabtoqxitpegqay89ve-a4kfbbo5c5c rjkivkefhzfir6tz-kbpwtloj30dkuijvxudrgw.ghuktkfmp9egkbymwsywp69j1srybqv7ogba-zt7xga & dib_tag = se & keyw ORDS = Lenovo+Legion+Slim+Intel+I9 & QID = 1743885264 & refinements = P_N_FEATURE_FOUR_BROWSE-BIN%3A179277420 11%2CP_N_SIZE_BROWSE-BIN%3A2242801011%2CP_N_FEATURE_THIRTY-THREE-THREE-THREE-BIN%3A23720421011%7C2372042 2011 & rnid = 23720416011 & s = 전자 및 sprefix = Lenovo+Legion+Slim+Intel+i9%2celectronics%2c89 & sr = 1-15) : $ 1,731.45 \ [좋은 가격처럼 보이며 군단만큼 부피가 크지는 않지만 \]",success
"I’m currently going to college for art, and I have a pc and drawing tablet at home I use for the really heavy 3D programs, games, and my usual art. My current laptop is a surface pro 8 that I got about 4 years back and over time the battery life would drain immediately with only clip studio paint open and everything runs very slow. I also lost the stylus which was an extra $40 so I really haven’t had a good use for it in months and when I do use it it’s constantly on the charger. I’m wanting to try something new and more reliable but im still open to surface suggestions if there are any!","저는 현재 예술 대학에 갈 예정이며, 집에 PC와 그림 태블릿이 있습니다. 내 현재 노트북은 약 4 년 전의 Surface Pro 8이며 시간이 지남에 따라 배터리 수명이 클립 스튜디오 페인트 만 열어서 즉시 배수되고 모든 것이 매우 느립니다. 나는 또한 추가로 $ 40 인 스타일러스를 잃어 버렸으므로 몇 달 동안 잘 사용하지 않았으며 사용할 때는 충전기에 끊임없이 사용됩니다. 나는 새롭고 더 신뢰할 수있는 것을 시도하고 싶지만 나는 여전히 어떤 것이 있다면 여전히 표면 제안에 열려 있습니다!",success
"* **Leave any finishing thoughts here that you may feel are necessary and beneficial to the discussion.**\-Current Laptop is ASUS GL553VE. I want something that is better in every way to this (shouldnt be hard as it is 7 years old). Battery has started to drain faster and speaker quality is going away. I want to be able to run heavy programs like premier pro if I want, but most of the time I just watch youtube and movies.",*** 토론에 필요하고 유익 할 수있는 마무리 생각을 남겨 두십시오. ** \-현재 노트북은 ASUS GL553VE입니다. 나는 이것에 대한 모든면에서 더 나은 것을 원한다 (7 살이되어서는 어렵지 않아야한다). 배터리가 더 빨리 배수되기 시작했고 스피커 품질이 사라지고 있습니다. 원한다면 Premier Pro와 같은 무거운 프로그램을 운영하고 싶지만 대부분 YouTube와 영화를 볼 수 있습니다.,success
* **Leave any finishing thoughts here that you may feel are necessary and beneficial to the discussion.** i have a 2020 honor magicbook pro (4600h) i like it but it's getting old and i'm not finding the right replacement,*** 여기서 당신이 필요하다고 느낄 수있는 마무리 생각을 남겨두고 토론에 도움이 될 수 있습니다. ** 나는 2020 Honor Magicbook Pro (4600H)가 있습니다. 나는 그것을 좋아하지만 늙어 가고 올바른 대체품을 찾지 못합니다.,success
"If yall have any alternative options in the 900 to 1.2k ish (USD) price range that yall feel are vastly superior, feel free to share. (also I dont think I would get an OLED laptop personally as I already have a 11 inch m4 ipad pro that I take notes on, which has an OLED screen)","900 ~ 1.2k ISH (USD) 가격대에 대체 옵션이 있다면, 느낌이 크게 우수하다고 생각하면 자유롭게 공유하십시오. (또한 이미 11 인치 M4 iPad Pro를 가지고 있기 때문에 OLED 노트북을 개인적으로 얻을 것이라고 생각하지 않습니다. OLED 화면이 있습니다)",success
"I'm strongly leaning towards vendors that specialize in Linux pre-installed laptops. I'm considering the System76 Oryx Pro (US-based, no international shipping/duties) and the TUXEDO InfinityBook Pro 16 (German-based, offers Manjaro as an option).","나는 Linux 사전 설치된 노트북을 전문으로하는 공급 업체에 강하게 기대하고 있습니다. System76 Oryx Pro (미국 기반, 국제 배송/업무 없음) 및 Tuxedo Infinitybook Pro 16 (독일 기반, Manjaro 제공 옵션)을 고려하고 있습니다.",success
* AMD Ryzen™ 7 PRO 7840U cpu,* AMD RYZEN ™ 7 PRO 7840U CPU,success
* AMD Ryzen™ 7 PRO 7840U,* AMD RYZEN ™ 7 PRO 7840U,success
*   AMD Ryzen™ 7 PRO 7840U cpu,* AMD RYZEN ™ 7 PRO 7840U CPU,success
Vs IdeaPad Pro 5 Gen 10 (16” AMD) \~ 1200 euros:,vs IdeaPad Pro 5 Gen 10 (16”AMD) \ ~ 1200 유로 :,success
"I have had a 15.6' Lenovo Yoga 7 for the last 4 years (Model 82BJ0007US) as a daily driver personal laptop (lots of web surfing, movies, vide calls, etc...). It has started to die on me, the screen is flickering regularly so I want to replace it. I'm fairly happy with the computer, so for me, having the same thing but in a more modern version is what I'm aiming for. I found this Idea Pad Pro 5 ([83D40014US](https://www.lenovo.com/us/en/p/laptops/ideapad/ideapad-500/ideapad-pro-5i-gen-9-16-inch-intel/83d40014us#similar_products)) seems fairly similar to what I'm looking for on fake sale for $1000, but I'm not sure if that is where I should go.","나는 지난 4 년간 15.6 'Lenovo Yoga 7 (모델 82BJ0007US)을 일일 드라이버 개인 노트북 (많은 웹 서핑, 영화, 비디오 통화 등)으로 가지고있었습니다. 그것은 나에게 죽기 시작했고, 화면이 정기적으로 깜박 거리고 있으므로 교체하고 싶습니다. 나는 컴퓨터에 상당히 만족하므로 나에게는 같은 것을 가지고 있지만 더 현대적인 버전은 내가 목표로하는 것입니다. 나는이 아이디어 Pad Pro 5 ([[83d40014us]] (https://www.lenovo.com/us/n/p/laptops/ideapad/ideapad-500/ideapad-pro-5i-gen-9-16-inch-intel/83d40014us#similarts)이라는 것을 알았습니다. 내가 가야 할 곳.",success
"* **Leave any finishing thoughts here that you may feel are necessary and beneficial to the discussion.** My current laptop setup is a Lenovo Legion 5 Pro 16ITH6 - Model 82JF that I got approximately 5 years ago. I have very little to complain about it outside of it having issues related to the battery/charging. The reason I am replacing it is mostly because of issues with the battery and the charger. The laptop currently no longer registers its charger as putting out the appropriate wattage, and so despite it being plugged in it no longer is able to perform at the necessary level to run games. It is not the end of the world, but none of the fixes I have attempted were successful and it is not sustainable. Additionally, doing tasks that require high performance drains the battery beyond what is being input through the charger when it is plugged in. Accordingly, something that is important for me for this laptop is longevity. I want to be able to get this laptop and not have to rebuy chargers, accessories, or get it fixed for at ideally like 5 years at least. Accordingly, something that is durable, reliable, or easily and cheaply fixable would really be nice. On another note,  I use this laptop for both my remote work and gaming.","*** 여기서 당신이 토론에 필요하고 유익하다고 느낄 수있는 마무리 생각을 남겨 두십시오. ** 현재 노트북 설정은 Lenovo Legion 5 Pro 16ith6 -Model 82JF입니다. 배터리/충전과 관련된 문제가있는 외에는 불만이 거의 없습니다. 내가 그것을 교체하는 이유는 주로 배터리와 충전기 문제 때문입니다. 노트북은 현재 더 이상 충전기를 적절한 와트를 내놓는 것으로 등록하지 않으므로 연결되어 있음에도 불구하고 게임을 실행하는 데 필요한 수준에서 더 이상 수행 할 수 없습니다. 그것은 세상의 끝이 아니지만, 내가 시도한 수정 사항 중 어느 것도 성공하지 못했고 지속 가능하지 않습니다. 또한 고성능이 필요한 작업을 수행하면 충전기가 연결될 때 충전기를 통해 입력되는 것 이상으로 배터리가 배수됩니다. 따라서이 노트북에 중요한 것은 수명이 길다. 나는이 노트북을 얻을 수 있고 충전기, 액세서리를 재건하거나 적어도 5 년처럼 이상적으로 고정 할 필요가 없습니다. 따라서, 내구성이 있고 신뢰할 수 있거나 쉽고 싸고 싸게 고정 할 수있는 것은 정말 좋을 것입니다. 다른 참고로, 나는이 노트북을 원격 작업과 게임 모두에 사용합니다.",success
I’m coming from a 2017 13in macbook pro so I’m not really big on screen size. Any size will do.,저는 2017 13in MacBook Pro에서 왔기 때문에 화면 크기가 크지 않습니다. 모든 크기는 할 것입니다.,success
"* MacBook Air M3 / M4, MacBook Pro M3 / M4","* MacBook Air M3 / M4, MacBook Pro M3 / M4",success
"My 2017 macbook pro died 6 months ago and I have been on the search for a new laptop since. I was in an accident in 2015 and walked away from it with migraines. I've had issues with screens since, but I primarily thought it was a blue-light problem until this year.",내 2017 MacBook Pro는 6 개월 전에 사망했으며 그 이후로 새로운 노트북을 찾고있었습니다. 나는 2015 년에 사고를 당했고 편두통과 함께 떠났다. 그 이후로 화면에 문제가 있었지만 올해까지는 그것이 푸른 빛 문제라고 생각했습니다.,success
"I next decided to go back to Apple and bought the base model MacBook Pro M4 13"" as this doesn't have an OLED screen, only for it to also trigger a migraine. The screen also looks like it's vibrating when ""stationary"" (no scrolling/videos or ads playing) for some reason. When I returned it, I found out that their mini-LEDs do a similar ""flashing"" as the OLED, in that the lights turn off to give deepest blacks, and so I'm assuming that's why it also didn't work for me.","나는 다음으로 Apple으로 돌아 가기로 결정하고 기본 모델 MacBook Pro M4 13 ""을 구입하기로 결정했습니다. 이것은 OLED 화면이 없기 때문에 편두통을 트리거 할 때만 OLED 화면이 없기 때문에""스크롤/비디오 또는 광고가 재생되지 않는 경우 화면도 진동하는 것처럼 보입니다. 그것이 저에게도 효과가 없었던 이유라고 가정합니다.",success
* **Samsung Galaxy Book3 Pro 360** – looks nice but haven’t seen many real-world reviews,*** Samsung Galaxy Book3 Pro 360 **-멋져 보이지만 실제 리뷰를 많이 보지 못했습니다.,success
"* **Leave any finishing thoughts here that you may feel are necessary and beneficial to the discussion.**\- I am considering Macbook pro 14(1tb-16ggb or 512gb-24gb), Asus zeyphyrus G16(2024- AMD or Intel) and Asus ProArt P16(2024 RTX4060) but I am afraid I wont be able p\*rate some softwares if needed to on macbook pro, the G16 gets warm and i can afford only 16 gb versions on those, lastly P16 only has a 60 Hz display. I dont know which one I should buy and if there are better alternatives that i should prefer?","*** 여기서 당신이 토론에 필요하고 유익 할 수있는 마무리 생각을 남겨 두십시오. ** \- 나는 MacBook Pro 14 (1TB-16GGB 또는 512GB-24GB), Asus Zeyphyrus G16 (2024- AMD 또는 Intel)을 고려하고 있습니다. MacBook Pro에서 G16은 따뜻해지며 그에 대해 16GB 버전 만 감당할 수 있습니다. 마지막으로 P16에는 60Hz 디스플레이 만 있습니다. 나는 내가 어떤 것을 사야하는지 모르고 선호해야 할 더 나은 대안이 있는지 모르겠습니까?",success
Refurbished 14-inch MacBook Pro Apple M4 Chip with 10‑Core CPU and 10‑Core GPU - Space Black,10 코어 CPU 및 10 코어 GPU를 갖춘 리퍼브 14 인치 MacBook Pro Apple M4 Chip -Space Black,success
"I'm a uni student that has already a windows desktop at home with very good specs. When I go to uni tho, I need a laptop. I currently have a surface pro 9 but I feel like it just doesn't fit my needs and I'm considering selling it to get something more suited for me.",저는 매우 좋은 사양을 가진 집에 이미 Windows 데스크탑이있는 UNI 학생입니다. Uni Tho에 가면 노트북이 필요합니다. 나는 현재 Surface Pro 9를 가지고 있지만 그것이 내 요구에 맞지 않는 것 같아서 나에게 더 적합한 것을 얻기 위해 그것을 판매하는 것을 고려하고 있습니다.,success
"😊 I've posted for help in the r/computers and r/laptops subs. Because I get really bad migraines, and all my textbooks are digital, I either need a separate laptop and color E-ink tablet, or something with both types of screen. The Lenovo ThinkBook Pro Generation 4 has both, not even on clearance is over $1,300. (Someone was SUPPOSED to be holding one he was serving for $700 for me on eBay so I could buy it when my student loan came in, but he hasn't responded to my messages).","R/Computers 및 R/Laptops Subs에 도움을 요청했습니다. 편두통이 나쁘고 모든 교과서는 디지털이기 때문에 별도의 노트북과 컬러 전자 잉크 태블릿 또는 두 가지 유형의 화면이 모두 필요합니다. Lenovo ThinkBook Pro Generation 4는 둘 다, 심지어 심지어 1,300 달러가 넘지는 않습니다. (누군가가 eBay에서 나를 위해 $ 700를 위해 봉사하고 있었기 때문에 학생 대출이 들어 왔을 때 구입할 수 있었지만 내 메시지에 응답하지 않았습니다).",success
"ASUS Vivobook Pro laptop with 15.6"" OLED M6500XV-MA086 screen","15.6 ""OLED M6500XV-MA086 화면이있는 Asus Vivobook Pro 노트북",success
"15.6"" Ноутбук ASUS Vivobook Pro 15 OLED M6500XV-MA086","15.6 ""ноутбук asus vivobook pro 15 OLED M6500XV-MA086",success
* Windows 11 Pro - We cannot compromise on this.,* Windows 11 Pro- 우리는 이것을 타협 할 수 없습니다.,success
* • VMWare Workstation Pro (free for students),* • VMware Workstation Pro (학생들에게 무료),success
"Thank you all in advance for your help. I'm new to Tech, and while I'm not completely lost, but I know I need some assistance. I'm already starting at a disadvantage due to my job, and I don't want to be even more hobbled because I chose an inadequate machine to practice on—especially one that cost me five times more than my classmates. Thanks again!","도와 주셔서 미리 감사드립니다. 나는 기술을 처음 사용하고 완전히 길을 잃지 않았지만 도움이 필요하다는 것을 알고 있습니다. 나는 이미 직장으로 인해 불리한 점을 시작했으며, 연습 할 부적절한 기계, 특히 반 친구들보다 5 배 더 많은 비용이 들었던 기계를 선택했기 때문에 훨씬 더 소름 끼치기를 원하지 않습니다. 다시 한 번 감사드립니다!",success
"I'm not super knowledgeable, and they each seem to have pros and cons compared to each other. Thanks!","나는 매우 지식이 풍부하지 않으며, 그들은 각자 서로에 비해 장단점을 가지고있는 것 같습니다. 감사해요!",success
"As the title says, I'm facing a dilemma. I'm currently using a Dell Precision 3571, 16GB 1TB provided by my university (programming and data science). I'm hopefully getting my master's in July, and am looking for the laptop that will stay with me as long as possible. My must-haves are **32gb RAM, 1Tb Storage and a metal chassis for 1400€ or less**. Additionnaly, I might play small indie games and I do digital art (on an old Ipad Pro at the moment).","제목이 말했듯이, 나는 딜레마에 직면하고 있습니다. 저는 현재 My University (프로그래밍 및 데이터 과학)에서 제공하는 Dell Precision 3571, 16GB 1TB를 사용하고 있습니다. 나는 7 월에 나의 주인을 얻을 수 있기를 바랍니다. 가능한 한 오래 머무를 노트북을 찾고 있습니다. 내 필수 제목은 ** 32GB RAM, 1TB 스토리지 및 1400 € 이하의 금속 섀시입니다. Adddoodny, 나는 작은 인디 게임을 할 수도 있고 디지털 아트를 수행 할 수도 있습니다 (현재 오래된 iPad Pro에서).",success
https://www.bestbuy.com/product/lenovo-legion-pro-5i-16-2-5k-lcd-gaming-laptop-intel-14th-gen-core-i9-32gb-memory-nvidia-geforce-rtx-4070-8gb-2tb-ssd-onyx-grey/6575390/openbox?condition=excellent,https://www.bestbuy.com/product/lenovo-legion-pro-5i-16-2-5k-lcd-gaming-laptop-intel-14th-gen-cor E-I9-32GB-Memory-Nvidia-Geforce-RTX-4070-8GB-2TB-SSD-YONX-GREY/6575390/OPENBOX? 조건 = 우수합니다,success
"Keyboard feel is number one, then it has to have at least a similar amount of ports as a Legion 5 Pro (I'm used to having that many since I use it as the desktop laptop at home) and an OLED screen.",키보드 느낌은 1 위입니다. 그러면 Legion 5 Pro와 적어도 비슷한 양의 포트를 가져야합니다 (집에서 데스크탑 랩톱으로 사용하기 때문에 많은 것을 갖는 데 익숙합니다) 및 OLED 화면.,success
"Basically anything that can live up to the gaming laptop I have now, *Legion 5 Pro 4060 GPU*, but the main thing is that it has to be portable! Close to as portable as the Zenbook. Screen size isn't too much of an issue as long as it's 14"" minimum and 16:10 aspect ratio. OH and keyboard feel is important (the one thing I like about Zenbook is that it doesn't collect the sweat from my fingertips as easily as other laptops) and battery life is really important too (at least 4-5 hours unplugged, just general web browsing). So I'm looking for a unicorn laptop that kind of combines both these laptops which I hope isn't a tall order.","기본적으로 내가 지금 가지고있는 게임 노트북에 살 수있는 모든 것은 *Legion 5 Pro 4060 GPU *이지만, 가장 중요한 것은 휴대용이어야한다는 것입니다! ZenBook만큼 휴대용에 가깝습니다. 스크린 크기는 14 ""최소 및 16:10 종횡비 인 경우 화면 크기가 너무 큰 문제가되지 않습니다. 오 및 키보드 느낌이 중요합니다 (Zenbook에 대해 내가 좋아하는 것은 다른 랩톱처럼 쉽게 손가락으로 땀을 수집하지 않는다는 것입니다). 주문하다.",success
"For context, my current laptop has the keyboard failing. It is a Slimbook Pro X 15, basically a Spanish rebrand of a Tongfang model. Purchased in 2021, keyboard started having issues in 2023 and was replaced. Now, 2 years later, same issue again so I don’t want to risk that brand anymore.","컨텍스트의 경우 현재 노트북에는 키보드가 실패합니다. 기본적으로 Tongfang 모델의 스페인 브랜드 인 Slimbook Pro X 15입니다. 2021 년에 구매 한 키보드는 2023 년에 문제가 발생하여 교체되었습니다. 2 년 후, 같은 문제가 다시 다시 발생하므로 더 이상 그 브랜드를 위험에 빠뜨리고 싶지 않습니다.",success
"The Lenovo Yoga Pro 9i with the tandem OLED, 285H, 32GB is great, but only has a  13 TOPS NPU and the display is very reflective.  In fact, as far as I know, the only Intel mobile CPU that has the NPU is the V-series, which are under-powered.","탠덤 OLED, 285H, 32GB가 장착 된 Lenovo Yoga Pro 9I는 훌륭하지만 13 개의 탑 NPU 만 있으며 디스플레이는 매우 반사적입니다.  실제로, 내가 아는 한, NPU를 가진 유일한 인텔 모바일 CPU는 V- 시리즈이며, 이는 저전력입니다.",success
"Hello, I appreciate any inputs you all may have. For reference, my last laptop was a legion pro 5i. Its performance was solid, however it has failed on me after 2 years (sadly dealing with warranty issues also). I’m now looking to move toward desktop gaming and will dedicate my laptop toward more digital audio oriented tasks in addition to standard browsing etc. I am a bit weary of Lenovo now from this experience but am open to being convinced otherwise.","안녕하세요, 여러분 모두가 가질 수있는 입력에 감사드립니다. 참고로, 나의 마지막 노트북은 Legion Pro 5i였습니다. 그 성능은 견고했지만 2 년 후에 실패했습니다 (슬프게도 보증 문제를 다루고 있습니다). 저는 이제 데스크탑 게임으로 이동하려고 노력하고 있으며 표준 브라우징 등 외에도 더 많은 디지털 오디오 지향 작업에 대한 노트북을 전념 할 것입니다. 저는이 경험에서 약간 지치지 만 다른 방법으로 확신을 갖고 있습니다.",success
I'd like a system running Win11 Pro (or whatever the equivelent from Win 10 Pro,Win11 Pro를 실행하는 시스템 (또는 Win 10 Pro의 등급이 무엇이든,success
"Confused as to what computer to buy, I have used a 2019 MacBook Pro throughout high school and my current main choice is a 14‑inch MacBook Pro with Apple M4 Pro chip with 12‑core CPU, 16‑core GPU, 16‑core Neural Engine. Overkill? Is Mac a terrible option for engineering? Where to buy from (Apple directly, 12th man technology, Best Buy)?","구매할 컴퓨터에 대해 혼란스러워서 고등학교 전반에 걸쳐 2019 MacBook Pro를 사용했으며 현재의 주요 선택은 12 코어 CPU, 16 코어 GPU, 16 코어 신경 엔진이있는 Apple M4 Pro 칩이있는 14 인치 MacBook Pro입니다. 과잉? Mac은 엔지니어링을위한 끔찍한 옵션입니까? 어디서 구매해야 할 곳 (Apple, 직접 12 번째 Man Technology, Best Buy)?",success
• Adobe Premiere Pro / Rush (1080p social edits),• Adobe Premiere Pro / Rush (1080p Social Edits),success
"* Before this, I was planning to just get a Lenovo Yoga 9i 2-in-1 (aura edition maybe) since it fit what I was looking for (besides the battery life), but I wanted to see if there was any better laptops that would fit my needs since I want this laptop to last me throughout college and maybe into the workforce (5-7 years maybe?) I would like it to run Windows though, and I'm not really a big fan of IOS products but I'm willing to try anything once. I was also looking at a Microsoft Surface Pro as a recommendation, but I'm not sure!",*이 전에는 Lenovo Yoga 9i 2-in-1 (Aura Edition 아마도)을 얻을 계획 이었지만 (배터리 수명 외에) (배터리 수명 외에)에 맞았 기 때문에이 랩톱이 저를 지속시키기 위해이 노트북 (5-7 년을 시도하기를 원할 것입니까?)을 원했지만 Windows를 기꺼이하고 싶지는 않지만 실제로는 큰 제품이 아니기 때문에이 노트북이 내 필요에 맞는 더 나은 노트북이 있는지 확인하고 싶었습니다. 한 번. 나는 또한 Microsoft Surface Pro를 추천으로보고 있었지만 확실하지 않습니다!,success
"No, unless it offers advantages to a new one (i.e. discontinued model which is better than a newer one).","아니요, 새로운 제품에 대한 장점을 제공하지 않는 한 (즉, 새로운 모델보다 더 나은 모델보다 더 나은 모델).",success
"**Refurbished (Good) - Lenovo Legion Pro 5i 16** **// (1,544.97)**","** 리퍼브 (Good) -Lenovo Legion Pro 5i 16 ** ** // (1,544.97) **",success
"I'm starting my degree in the fall was was thinking about getting the Surface Pro for my laptop. It has 16 GB of memory and 256 GB of storage. It also detaches into a tablet so I could take notes on it. I was wondering if this laptop could run programs like CAD without it lagging or heating up, and just if it's a good thing to buy overall. Thank you!!","가을에 학위를 시작하고있는 것은 노트북의 Surface Pro를 얻는 것에 대해 생각하고있었습니다. 16GB의 메모리와 256GB의 스토리지가 있습니다. 또한 태블릿으로 분리되어 메모를 할 수 있습니다. 나는이 노트북이 CAD와 같은 프로그램을 가로 지르거나 가열하지 않고 실행할 수 있는지, 그리고 전반적으로 구매하는 것이 좋은지 궁금합니다. 감사합니다!!",success
"I've been using my 2016 macbook pro for 7 years. One day I was doing school work and the screen just went black. (It goes black past a 70 degree angle and can only see the screen if I use my ipad as a second display) Repairs are pricy so I thought I might as well upgrade. I mostly used my mac for school, but I do like to play games on it as well. My macbook would get hot in 5 min (fan is really loud) if I tried running games like moonstone island or used a nintendo switch emulater.",저는 2016 MacBook Pro를 7 년 동안 사용해 왔습니다. 어느 날 나는 학교 일을하고 있었고 화면은 방금 검은 색으로 갔다. (70도 각도를지나 검은 색으로 이동하고 iPad를 두 번째 디스플레이로 사용하는 경우에만 화면을 볼 수 있습니다) 수리는 비싸기 때문에 업그레이드 할 수도 있다고 생각했습니다. 나는 주로 학교를 학교에 사용했지만 게임을 좋아합니다. Moonstone Island와 같은 게임을 시도하거나 Nintendo Switch Emulater를 사용한 경우 MacBook은 5 분 안에 뜨거워 질 것입니다 (팬은 정말 큰 소리입니다).,success
"As I do travel and work, it's beneficial to be light and thin - but as someone who is looking at exclusively macs neither the air or the pro is particularly heavy.","내가 여행하고 일하는 것처럼, 가볍고 얇은 것이 유리하지만, 독점적으로 Mac을보고있는 사람은 공기 나 프로도 특히 무겁지 않습니다.",success
•	Video editing in Adobe Premiere Pro and Media Encoder,• Adobe Premiere Pro 및 Media Encoder의 비디오 편집,success
"•	I’d love to hear if the MacBook Pro M3 Pro is a better choice than Windows, but I’m open to either.",• MacBook Pro M3 Pro가 Windows보다 더 나은 선택인지 듣고 싶습니다.,success
"|**Lenovo Legion Pro 7i Gen 10 (RTX 5080)**|16″ OLED 240 Hz, Core Ultra 9, 64 GB RAM, 1 TB Gen 5 SSD, per-key RGB|[Affiliate Link](https://www.amazon.com/Lenovo-Legion-Pro-Gen-5080/dp/B0F3GJ3VBD/?tag=adviser100-20)|","| ** Lenovo Legion Pro7i Gen10 (RTX5080) ** | 16 ″ OLED 240Hz, Core Ultra9, 64GB RAM, 1TB Gen5 SSD, Key Per-Key RGB | [제휴사 링크] (https://www.amazon.com/lenovo-legion-pro-gen-5080/dp/b0f3gj3vbd/?tag=adviser100-20) |",success
* Lenovo Legion Pro 7i Gen 10 (RTX 5080),* Lenovo Legion Pro7i Gen10 (RTX5080),success
"Looking for something that blends professional capability and gaming performance in a sleek, well-built form. Had a ThinkPad P1 Gen 7 with a U9 i9 + RTX 4070 (60W) for $2900 but realized I could get far better performance in the same budget. Now eyeing the Legion Pro 7i with 5070Ti or 5080 GPUs. Also considered the Omen Max 16 (5080), but heard too many reliability issues. Open to other suggestions with better price-to-performance.",전문적인 능력과 게임 성능을 매끄럽고 잘 만들어진 형태로 혼합하는 것을 찾고 있습니다. 2900 달러에 U9 i9 + RTX 4070 (60W)의 ThinkPad P1 Gen 7을 가지고 있었지만 같은 예산에서 훨씬 더 나은 성능을 얻을 수 있다는 것을 깨달았습니다. 이제 5070TI 또는 5080 GPU로 Legion Pro 7I를 시선합니다. 또한 Omen Max 16 (5080)을 고려했지만 너무 많은 신뢰성 문제를 들었습니다. 더 나은 가격으로 성능을 발휘하여 다른 제안에 공개됩니다.,success
Asus vivobook pro 15 Vs Dell Inspiron 16 plus,Asus Vivobook Pro 15 vs Dell Inspiron 16 Plus,success
"ASUS Vivobook Pro 15 OLED 2024 Gaming Laptop 15.6"" FHD 16-Core Intel Ultra 7 155H 16GB DDR5 1TB SSD NVIDIA GeForce RTX 3050 6GB","ASUS VIVOBOOK PRO 15 OLED 2024 게임 노트북 15.6 ""FHD 16 코어 인텔 울트라 7 155H 16GB DDR5 1TB SSD NVIDIA GEFORCE RTX 3050 6GB",success
**Are you doing any CAD/video editing/photo editing/gaming? List which programs/games you desire to run.** 100%. Avid Pro Tools is what i hear we're using for my program (media production!) and i expect we use Adobe suite and stuff. i'll prolly be running Krita on it too.,** CAD/비디오 편집/사진 편집/게임을하고 있습니까? 실행하려는 프로그램/게임을 나열하십시오. ** 100%. Avid Pro Tools는 우리가 내 프로그램 (미디어 프로덕션!)에 사용하는 소리이며 Adobe Suite와 물건을 사용할 것으로 기대합니다. 나는 그것에 크리타도 실행할 것입니다.,success
"Currently, I own a Microsoft surface pro 6 but the battery life has gone bad (doesn’t last more than 4-6 hours on a full charge), and the detachable keyboard is peeling. I’ve had it for about 7 years now so I figured it may be time to retire.",현재 Microsoft Surface Pro 6을 소유하고 있지만 배터리 수명이 나빠졌으며 (전체 충전으로 4-6 시간 이상 지속되지 않음) 분리 가능한 키보드가 벗겨져 있습니다. 나는 약 7 년 동안 그것을 가지고 있었기 때문에 은퇴 할 시간이라고 생각했습니다.,success
"I LOVED my surface pro but did not like the hinge in the back because it made it difficult to use as an actual “laptop”. That is why I’m strongly considering the surface laptop 7 as I figured it would be similar to the surface pro minus the detachable keyboard and hinge. Also, I heard the battery life is good and I like windows OS in general.","나는 내 Surface Pro를 좋아했지만 실제 ""노트북""으로 사용하기가 어렵 기 때문에 뒤쪽의 ​​경첩이 마음에 들지 않았습니다. 그렇기 때문에 Surface Pro가 분리 가능한 키보드 및 힌지와 비슷하다고 생각하면서 Surface Laptop 7을 강력하게 고려하고 있습니다. 또한 배터리 수명이 좋다고 들었고 일반적으로 Windows OS를 좋아합니다.",success
"I’ll be using this laptop in college, and I’m majoring in finance and computer science. Right now, I’m strongly considering the MacBook Pro 16”. I already have a fairly capable pc, so right now I’m leaning towards an MacBook (I could be persuaded otherwise). My biggest fear is that the 16” will be too big, but I also don’t like small screens.",나는이 노트북을 대학에서 사용할 것이며 금융 및 컴퓨터 과학을 전공하고 있습니다. 지금은 MacBook Pro 16 인치를 강력하게 고려하고 있습니다. 이미 유능한 PC를 가지고 있습니다. 그래서 지금은 MacBook에 기대어 있습니다 (그렇지 않으면 설득 될 수 있습니다). 가장 큰 두려움은 16 인치가 너무 커질 것이지만 작은 화면을 좋아하지 않는다는 것입니다.,success
"* **Leave any finishing thoughts here that you may feel are necessary and beneficial to the discussion.** I am switching from a Mac to a PC with this purchase. I have only ever used Mac for my photo editing (currently using 2018 MacBook Pro with 8GB RAM) but I am too drawn to 2-in-1s to continue using a Mac. I am looking forward to utilizing a pen on a touchscreen with the laptop in a tablet orientation, to be precise with masks during photo editing. I use an Android phone, so ""staying in the ecosystem"" is not a concern.","*** 여기에 필요한 마무리 생각을 남겨 두십시오. 토론에 필요하고 유익하다고 생각할 수 있습니다. **이 구매로 Mac에서 PC로 전환하고 있습니다. 나는 사진 편집에 Mac을 사용한 적이 없지만 (현재 8GB RAM이있는 2018 MacBook Pro를 사용하고 있음) Mac을 계속 사용하기에는 2-in-1에 끌립니다. 나는 사진 편집 중에 마스크와 정확하게 표현하기 위해 태블릿 방향으로 랩톱이있는 터치 스크린의 펜을 사용하기를 기대합니다. 나는 안드로이드 폰을 사용하므로 ""생태계에 머무르는 것""은 걱정하지 않습니다.",success
"Would the Ryzen 9 7845HX be a good choice for Virtual Machines, multitasking, and gaming? Or does the i9 14900HX offer significant advantages for my workload?","Ryzen 9 7845HX가 가상 머신, 멀티 태스킹 및 게임에 적합한 선택일까요? 아니면 i9 14900hx가 내 작업량에 상당한 이점을 제공합니까?",success
"MacBook Pro M4, 16GB (1600$)","MacBook Pro M4, 16GB (1600 $)",success
"So when the iPhone 16 has an M12 material set for the emitters, and is manufactured by both LG and BOE, does that mean the material set is licensed to both? Or the M14 in the Pro models with LG & Samsung?",따라서 iPhone 16에 이미 터를위한 M12 재료 세트가 있고 LG와 BOE에 의해 제조되면 재료 세트가 두 가지 모두에 라이센스가 부여된다는 것을 의미합니까? 아니면 LG & Samsung이있는 PRO 모델의 M14?,success
"People have been calling for CPUs and GPUs to merge [almost since the GPU's inception](https://web.archive.org/web/20040617192403/http://www.beyond3d.com/interviews/sweeney04/index.php?p=4). They might have been wrong about the timescale, but the general trend held true: GPUs have evolved into general-purpose SIMD processors, and CPUs have become manycores with fast SIMD. There are important advantages in specialization, but an eventual true hybrid is not yet out of the question.",사람들은 CPU와 GPU를 (GPU가 시작된 이래 거의 https://web.archive.org/web/20040617192403/http://www.beyond3d.com/interviews/sweeney04/index.p=4) 병합하도록 요청 해 왔습니다. 그것들은 타임 스케일에 대해 잘못되었을 수도 있지만 일반적인 추세는 사실입니다. GPU는 일반 목적 SIMD 프로세서로 진화했으며 CPU는 빠른 SIMD를 가진 많은 코어가되었습니다. 전문화에는 중요한 이점이 있지만 최종적으로 진정한 하이브리드는 아직 문제가되지 않습니다.,success
"Apple's phone and tablet CPUs are absurdly fast, going [almost neck-to-neck with vastly higher clocked desktop chips](https://www.anandtech.com/show/14892/the-apple-iphone-11-pro-and-max-review/4) at a fraction of the power and clocks. Rumours (and common sense) foretell Apple bringing these Arm cores to the rest of their lineup, shaking up the industry forever.","Apple의 전화 및 태블릿 CPU는 터무니없이 빠르며, [거의 클럭이 많은 데스크탑 칩으로 거의 목에서 넥을 사용합니다. 소문 (및 상식)은 애플 이이 팔 코어를 나머지 라인업으로 가져와 업계를 영원히 흔들어 놓았다.",success
"Most silicon-silicon stacks communicate with physical metal connections. An alternative is ‘inductive coupling’, the same process used in wireless charging. This has some advantages and some disadvantages, with the main advantage being price. Refer to ‘Thru-Chip Interface’, and [this Arm blog post](https://community.arm.com/developer/research/b/articles/posts/wireless-3d-integration-making-stacking-silicon-as-easy-as-stacking-lego-1-2)",대부분의 실리콘-실리콘 스택은 물리적 금속 연결과 통신합니다. 대안은 무선 충전에 사용되는 것과 동일한 프로세스 인 '유도 커플 링'입니다. 이것은 몇 가지 장점과 단점이 있으며 주요 이점은 가격입니다. 'Thru-Chip Interface'및 [이 ARM 블로그 게시물] (https://community.arm.com/developer/research/b/articles/posts/wireless-3d-integration-making-stacking-silicon-as-asy-as-stacking-1-1-2를 참조하십시오.,success
Optical communication has inherent advantages for bandwidth and signal integrity. Intel (have I mentioned them a lot recently?) [have made major advances in this space](https://www.servethehome.com/hands-on-with-the-intel-co-packaged-optics-and-silicon-photonics-switch/).,광학 통신은 대역폭 및 신호 무결성에 고유 한 장점이 있습니다. 인텔 (최근에 많이 언급 한 적이 있습니까?) [이 공간에서 큰 발전을 이루었습니다] (https://www.servethehome.com/hands-on-with-the-intel-co-packaged-optics-and-silicon-photonics-switch/).,success
"TSS has two primary advantages for VR environments. First, both eyes can reuse all or some shaded texels. Second, texture-space foveated rendering will probably have fewer artefacts than traditional downscaling approaches.","TSS에는 VR 환경에 두 가지 주요 장점이 있습니다. 첫째, 두 눈은 모두 또는 일부 음영 처리 된 텍셀을 재사용 할 수 있습니다. 둘째, 텍스처 스페이스의 렌더링은 전통적인 다운 스케일링 접근법보다 유물이 적을 것입니다.",success
"Light has several theoretical advantages over electricity, so there is continual interest in using it for computations directly. The best early progress has been in using light for matrix multiplication for AI applications.",빛은 전기에 대한 몇 가지 이론적 이점을 가지고 있으므로 계산에 직접 사용하는 데 지속적으로 관심이 있습니다. 최상의 초기 진행 상황은 AI 애플리케이션에 대한 매트릭스 곱셈을위한 빛을 사용하는 것이 었습니다.,success
* [AMD's new FreeSync tiers](https://www.engadget.com/2020/01/06/amd-freesync-premium-pro-ces-2020/),* [AMD의 새로운 Freesync Tiers] (https://www.engadget.com/2020/01/06/amd-freesync-premium-pro-ces-2020/),success
[**Mobo:** Pictures of 970A Gaming Pro Carbon](https://www.techpowerup.com/222933/msi-970a-gaming-pro-carbon-motherboard-pictured),[** mobo : ** 970A 게임 프로 카본의 사진] (https://www.techpowerup.com/222933/msi-gaming-pro-carbon-motherboard-pictured),success
[**SD card:** UHS-II and ED PRO-II compliant sd cards](https://www.techpowerup.com/222913/patriot-presents-uhs-ii-capable-ep-pro-ii-sdxc-and-microsdxc),[** SD 카드 : ** UHS-II 및 ED Pro-II 준수 SD 카드] (https://www.techpowerup.com/222913/patriot-presents-uhs-capable-po-pro-pro-pro-pro-pro-pro-pro-pro-pro-pro-pro-pro-pro-pro--po-pro--po--microsdxc),success
**Motherboard** | [Asus H87-PRO ATX LGA1150 Motherboard](http://pcpartpicker.com/part/asus-motherboard-h87pro) | Purchased For $100.00,** 마더 보드 ** [ASUS H87-PRO ATX LGA1150 마더 보드] (http://pcpartpicker.com/part/asus-motherboard-h87pro) | $ 100.00에 구매했습니다,success
**Motherboard** | [Asus P8Z77-V PRO ATX  LGA1155 Motherboard](http://pcpartpicker.com/part/asus-motherboard-p8z77vpro) | $189.99 @ NCIX US,** 마더 보드 ** [ASUS P8Z77-V PRO ATX LGA1155 마더 보드] (http://pcpartpicker.com/part/asus-motherboard-p8z77vpro) | $ 189.99 @ ncix us,success
MacBook Pro Keyboard Failures: Why Apples dust excuse is bullshit! [Teardown + Explanations],MacBook Pro 키보드 고장 : 사과 먼지 변명이 헛소리 인 이유! [눈물 + 설명],success
"Today we will be tearing down a MacBook Pro keyboard to try and figure out some possible causes for all the failures that these keyboards get.  Settle down, because this will be a bit of a long post. Hopefully you'll at least learn something from this.",오늘 우리는 MacBook Pro 키보드를 찢어 이러한 키보드가 얻는 모든 고장에 대한 몇 가지 가능한 원인을 알아낼 것입니다.  이것은 약간 긴 게시물이 될 것이기 때문에 정착하십시오. 바라건대 당신은 적어도 이것으로부터 무언가를 배울 것입니다.,success
"You may have also seen articles like [https://www.digitaltrends.com/computing/macbook-pro-keyboard-failure-rate-double-older-models/](https://www.digitaltrends.com/computing/macbook-pro-keyboard-failure-rate-double-older-models/) that say that keyboard failure is in the low 10% range, but these should not be accepted at all since they do not take into account a number of things that critically invalidate these statistics as a whole:",[https://www.digitaltrends.com/computing/macbook-pro-keyboard-pailure-rate-double-older-models/뉴와 같은 기사를 보았을 수도 있습니다. 이러한 통계를 전체적으로 비판적으로 무효화하는 많은 것들을 고려하지 않기 때문에 전혀 받아 들여서는 안됩니다.,success
"1. The first red flag about the dust hypothesis should be the failure types. Only 1/3 are related to physical objects actually preventing the keys from working. The other 2/3 are related to electricity, specifically whether the circuit in the switch itself is ""closed"" or ""open"". Open circuit means that the positive and negative terminals are not connected, which is the equivalent of a keyboard button that is not pressed. Closed circuit is the opposite.","1. 먼지 가설에 대한 첫 번째 적기는 실패 유형이어야합니다. 1/3만이 키가 작동하지 못하게하는 물리적 물체와 관련이 있습니다. 다른 2/3은 전기와 관련이 있으며, 특히 스위치 자체의 회로가 ""닫힌""또는 ""개방""인지 여부. 개방 회로는 양수 및 음수 단자가 연결되어 있지 않음을 의미하며, 이는 누르지 않은 키보드 버튼과 동일합니다. 폐쇄 회로는 반대입니다.",success
"In front of me, I have what's referred to as a Top Case assembly. Its essentially the metal frame, battery, keyboard and trackpad, all shipped and prepared as one piece for Apple techs to swap out. This particular one came from a 2017 model MacBook Pro 13"", which rocks the 2nd generation of the Butterfly keyboard. This specific top case came from a machine that was ""liquid damaged by my drunk roommate"" so I have no issues tearing it apart for the greater good.","내 앞에는 최고 사례 어셈블리라고하는 것을 가지고 있습니다. 기본적으로 금속 프레임, 배터리, 키보드 및 트랙 패드는 모두 Apple Techs가 교체 할 수있는 한 조각으로 배송 및 준비했습니다. 이 특별한 것은 2017 Model MacBook Pro 13 ""에서 나왔는데, 이는 버터 플라이 키보드의 2 세대를 흔들 었습니다.이 특정 톱 케이스는""술에 취한 룸메이트에 의해 손상된 액체 ""기계에서 나왔으므로 더 큰 이익을 위해 찢어지는 데 아무런 문제가 없습니다.",success
"Butterfly Mechanism in action. This is actually a genius idea, since it eliminates individual moving parts in favour of a single Large one. Youtube creator Veritasium made a video talking about how flexible moving pieces have a lot more advantages over multi-piece hinges ([https://www.youtube.com/watch?v=97t7Xj\_iBv0](https://www.youtube.com/watch?v=97t7Xj_iBv0)).",나비 메커니즘이 작동합니다. 이것은 실제로 천재적인 아이디어입니다. 단일 큰 사람을 선호하는 개별 이동 부품을 제거하기 때문입니다. YouTube 제작자 Veritasium은 다중 피스 힌지 ([https://www.youtube.com/watch?v=97t7xj\_ibv0])보다 유연한 움직이는 작품이 얼마나 많은 장점을 가지고 있는지에 대한 비디오를 만들었습니다.,success
"* **All** 12"" MacBooks + 2018 Air + all 2016-2018 Pro models **will eventually develop keyboard issues, its a matter of time.**","*** All ** 12 ""MacBooks + 2018 Air + All 2016-2018 Pro 모델 ** 결국 키보드 문제를 개발할 것입니다. ** ** ** **",success
"* **All 2016/2017 pros (and 12"" 2015-2017) have the extended keyboard warranty program.** *This program covers these units for 4 years from original purchase date*, meaning that 2016 models coverage ends around 2020/2021, depending on exact purchase date, and 2017 models coverage ends around 2021/2022. **2015 12"" Macbook coverage is ending between this year and next year, so 2015 12"" owners be prepared!**","** ** 2016/2017 프로 (및 12 ""2015-2017)는 확장 키보드 보증 프로그램을 보유하고 있습니다. ***이 프로그램은 원래 구매 날짜부터 4 년 동안이 단위를 다루고 있습니다. 즉, 2016 년 모델 적용 범위는 정확한 구매 날짜에 따라 2020/2021 년경에 종료되며 2017 년 모델 적용 범위는 2021/2022에 종료됩니다. 준비! **",success
"So, to take advantage of the 30-bit signal, you'll need a direct output from the discrete card; passing through integrated graphics will be a weak link. I also suspect that 4096x2160x30bpp@60Hz exceeds the bandwidth of DisplayPort 1.2, so take care to check ad claims against the capabilities of all components.",따라서 30 비트 신호를 활용하려면 이산 카드의 직접 출력이 필요합니다. 통합 그래픽을 통과하는 것은 약한 링크가됩니다. 또한 4096x2160x30bpp@60Hz가 DisplayPort 1.2의 대역폭을 초과한다고 의심되므로 모든 구성 요소의 기능에 대한 광고 주장을 확인하십시오.,success
Pros and cons of ultra wide monitors,Ultra Wide Monitors의 장단점,success
HP OfficeJet pro 8600 Flashing lights problem,HP Officejet Pro 8600 플래시 조명 문제,success
"All the big display makers (Samsung, LG, BOE) are working on Tandem OLEDs. Some niche products like the Thinkpad Z Fold already use it. It is widely known that Apple's 2024 OLED iPad Pro will make use of 2-stack Tandem OLED.","모든 큰 디스플레이 제조업체 (Samsung, LG, Boe)는 탠덤 OLED에서 작업하고 있습니다. ThinkPad Z 폴드와 같은 일부 틈새 제품은 이미 사용하고 있습니다. Apple의 2024 OLED iPad Pro가 2 스택 탠덤 OLED를 사용할 것임으로 널리 알려져 있습니다.",success
"**Description:** Sounds like it addresses an issue with false positives by splitting BVH for each instance of a geometry reducing overlapping BVHs. IDK how this works only that it significantly reduces false hits with ray tracing and also implements limiting criterion, which essentially ask does the ray pass through the instanced BLAS.",** 설명 : ** 겹치는 BVHS를 줄이는 지오메트리의 각 인스턴스에 대해 BVH를 분할하여 잘못된 긍정적 인 문제를 해결하는 것처럼 들립니다. IDK는 레이 추적으로 잘못된 히트를 줄이고 제한 기준을 구현하는 방법에 대해서만 작동하는 방법에 대해서만 묻는 기준을 구현합니다.,success
">Like many startups, Nvidia spent its early years bouncing between near-fatal crises. The company designed its first chip on the assumption that developers would be willing to rewrite their software to take advantage of its unique capabilities. Few developers did, which meant that many games performed poorly on Nvidia chips, including, crucially, the megahit first-person shooter *Doom*. Nvidia’s second chip didn’t do so well either, and there were several moments where collapse seemed imminent.That collapse never came, and the early stumbles were integrated into Nvidia lore. They’re now seen as a key reason the company sped up its development cycle for new products, and ingrained the efficient and hard-charging culture that exists to this day.","> 많은 신생 기업과 마찬가지로 Nvidia는 초기에 거의 치명적인 위기 사이에서 튀는 데 보냈습니다. 이 회사는 개발자가 고유 한 기능을 활용하기 위해 소프트웨어를 기꺼이 다시 작성할 것이라고 가정하여 첫 번째 칩을 설계했습니다. 개발자는 거의 없었으며, 이는 많은 게임이 Nvidia 칩에서 Megahit 1 인칭 슈터*Doom*을 포함하여 잘 수행되지 않았다는 것을 의미했습니다. Nvidia의 두 번째 칩은 그다지 좋지 않았으며, 붕괴가 임박한 것처럼 보이는 몇 순간이있었습니다. 그들은 이제 회사가 신제품 개발주기를 촉진했으며 오늘날까지 존재하는 효율적이고 단단한 문화를 뿌리었다.",success
"The positive feedback on my RTX 30 series vs 40 series post (pinned on userpage) encouraged me to redo the math, that have been organized in a spreadsheet. AMD's RDNA 2 and 3 GPUs have been added as well. Scaling efficiency and FPS/TFLOP are compared across different tiers and the entire stack.",RTX 30 시리즈 대 40 시리즈 게시물 (사용자 페이지에 고정 된)에 대한 긍정적 인 피드백은 스프레드 시트로 구성된 수학을 다시 만들도록 권장했습니다. AMD의 RDNA 2 및 3 GPU도 추가되었습니다. 스케일링 효율과 FPS/TFLOP은 다른 계층과 전체 스택에서 비교됩니다.,success
"Leaks of Google's foray in making a custom SoC to power the Pixel smartphone, first began to surface in 2020. The following year- October of 2021, Google unveiled the Pixel 6 and Pixel 6 Pro powered by the 'Tensor' SoC. Since then, Google has released several subsequent generations of Tensor SoCs;",픽셀 스마트 폰에 전원을 공급하기 위해 맞춤형 SOC를 만드는 Google의 유출은 2020 년에 처음으로 떠오르기 시작했습니다. 2021 년 10 월에 Google은 'Tensor'SoC가 구동하는 Pixel 6과 Pixel 6 Pro를 공개했습니다. 그 이후로 Google은 여러 세대의 Tensor SOCS를 출시했습니다.,success
"Geekerwan discovered that the Snapdragon 8+ Gen 1 has a double-digit percentage efficiency advantage over the Snapdragon 8 Gen 1. These two SoCs are identical, save for the fact that the former is manufactured on TSMC 4nm, and the latter on Samsung's 4nm. Thus, it's clear that Samsung's nodes are inferior to TSMC's.","Geekerwan은 Snapdragon 8+ Gen 1이 Snapdragon 8 Gen 1에 비해 두 자리 수의 율 효율 이점을 가지고 있음을 발견했습니다.이 두 SoC는 동일하며, 전자는 TSMC 4NM에서 제조되었으며 후자는 삼성의 4NM에서 제조된다는 사실을 절약합니다. 따라서 삼성의 노드는 TSMC보다 열등하다는 것은 분명합니다.",success
"SuperDepth supports multiple 3D formats, including anaglyph. The advantage here being low cost and compatibility with any full color display. The most interesting of which is Infincolor3D, you might remember this from Batman Arkham Asylum for 360 and PS3 — it has much better color reproduction than other anaglyph solutions. Unfortunately, the trade off to good color is low depth, but you have to keep in mind the cost of entry is $6. Some people swear by ColorCode, and while the 3D effect is impressive, all things considered, I found retinal rivalry to be far too stark.","Superdepth는 Anaglyph를 포함한 여러 3D 형식을 지원합니다. 여기서 장점은 풀 컬러 디스플레이와 저렴한 비용과 호환성입니다. 가장 흥미로운 것은 Infincolor3D입니다. Batman Arkham Asylum에서 360 및 PS3 의이 점을 기억할 수 있습니다. 다른 Anaglyph 솔루션보다 훨씬 나은 색상 재생산이 있습니다. 불행히도, 좋은 색상으로의 트레이드 오프는 깊이가 낮지 만, 진입 비용은 $ 6이라는 것을 명심해야합니다. 어떤 사람들은 컬러 코드로 맹세하며, 3D 효과는 인상적이지만 모든 것이 고려되지만 망막 경쟁이 너무 엄격하다는 것을 알았습니다.",success
"What’s needed to take advantage of all this and make a play for the average gamer here? Slapping a FPR passive 3D layer on the display. That’s it. The technology is relatively cheap and modern passive glasses weigh nothing, with little to no discomfort. Unfortunately, it can’t be done after the fact, it has to be part of the manufacturing process.","이 모든 것을 활용하고 평균 게이머를 위해 플레이하는 데 필요한 것은 무엇입니까? 디스플레이에서 FPR 수동 3D 레이어를 슬레이핑합니다. 그게 다야. 이 기술은 비교적 저렴하고 현대적인 수동 안경의 무게는 아무것도없고 불편 함이 거의 없습니다. 불행히도, 사실 이후에는 할 수 없으며 제조 공정의 일부가되어야합니다.",success
What are your thoughts and experiences on the pros and cons?  How would you configure your set up?  Would you have some smaller secondary monitors to avoid issues such as OLED burn in?  Are there potentially better sets to use than the 48 in LG CX?,장단점에 대한 당신의 생각과 경험은 무엇입니까?  설정을 어떻게 구성 하시겠습니까?  OLED 화상과 같은 문제를 피하기 위해 더 작은 2 차 모니터가 있습니까?  LG CX의 48보다 사용하기에 더 나은 세트가 있습니까?,success
"In addition, the Radeon RX 9060 XT 8GB is unlikely to receive such a good rating. The VRAM disadvantage is simply too significant for a new graphics card purchase in 2025. However, there are still too few reviews on this 8 GB variant.",또한 Radeon RX 9060 XT 8GB는 그러한 좋은 등급을받지 못할 것입니다. VRAM 단점은 2025 년에 새로운 그래픽 카드 구매에 비해 너무 중요합니다. 그러나이 8GB 변형에 대한 리뷰는 여전히 적습니다.,success
"I'm not getting the greatest reception in my room from our Linksys router with DD-WRT on it downstairs. I've read some pros and cons about WDS, and I have a spare Airport Express (Dual Band N) laying around that could become a spare ethernet port. Do you guys reccomend WDS? I've read that it halves speed for all wireless users... is this true? We currently get around 16 mbs max, although that does drop down at times. Just wondering your thoughts.","아래층에 DD-WRT가있는 Linksys 라우터에서 내 방에서 가장 큰 리셉션을 얻지 못합니다. 나는 WDS에 대한 몇 가지 장단점을 읽었고, 여분의 공항 익스프레스 (듀얼 밴드 N)가 여분의 이더넷 포트가 될 수 있습니다. 너희들은 WDS를 추천합니까? 나는 그것이 모든 무선 사용자의 속도를 절반으로 반으로 읽었 음을 읽었습니다 ... 이것이 사실입니까? 우리는 현재 최대 16MBS 최대를 얻습니다. 당신의 생각을 궁금해합니다.",success
"|Lenovo Legion Pro 5|16"" WQXGA (2560x1600)|Up to 32GB DDR5|Up to RTX 5070|Up to 2TB PCIe|80WHr|364.38x268.06x21.69-25.95mm|2.53 kg|","| Lenovo Legion Pro 5 | 16 ""WQXGA (2560X1600) | 최대 32GB DDR5 | 최대 RTX 5070 | 최대 2TB PCIE | 80WHR | 364.38X268.06X21.69-25.95mm | 2.53 KG |",success
|Lenovo Legion Pro Series|Up to OLED QHD+|Up to 32GB DDR5|Up to RTX 5090|Up to 2TB PCIe|Up to 100WHr|Varies by model|2.53-3.6 kg|,| Lenovo Legion Pro Series | 최대 OLED QHD+| 최대 32GB DDR5 | 최대 RTX 5090까지 최대 2TB PCIE | 최대 100WHR | 모델별로 다양합니다 | 2.53-3.6 kg |,success
The next development in Big SoCs came when [Apple unveiled the M1 Pro and M1 Max in 2021.](https://www.anandtech.com/show/17019/apple-announced-m1-pro-m1-max-giant-new-socs-with-allout-performance),Big Socs의 다음 개발은 [Apple이 2021 년 M1 Pro와 M1 Max를 공개했을 때 발생했습니다.] (https://www.anandtech.com/show/17019/apple-announced-m1-pro-m1-max-giant-new-socs-with-allout-performance),success
| - | M1 Pro | M1 Max |,| - | M1 Pro | M1 MAX |,success
Advantages of Big SoCs in laptops compared to traditional CPU + dGPU combo;,전통적인 CPU + DGPU 콤보와 비교하여 노트북에서 큰 SOC의 장점;,success
"With all the major silicon vendors introducing their own Big SoCs, this will drive a major change in the laptop market. Many laptops will come with a Big SoC instead of a CPU + dGPU combo, due to the above mentioned advantages for Big SoCs.",모든 주요 실리콘 공급 업체가 자체 대형 SOC를 도입함으로써 랩톱 시장에서 큰 변화를 일으킬 것입니다. 많은 랩탑에는 위에서 언급 한 큰 SOC에 대한 이점으로 인해 CPU + DGPU 콤보 대신 큰 SOC가 제공됩니다.,success
"The speakers were also super noticable, it's definitely not a priority, but these were so nice! I was surprised at how good the sound is. It is loud, the bass is great, and yeah... it just feels really great. Watching, working, or doing anything with this laptop that requires the speakers and being able to take advantage of the HDR display is a treat.","스피커는 또한 매우 눈에 띄었습니다. 그것은 확실히 우선 순위가 아니지만, 이것들은 너무 좋았습니다! 나는 소리가 얼마나 좋은지 놀랐다. 시끄럽고 저음은 훌륭하고 예 ... 정말 기분이 좋았습니다. 스피커가 필요하고 HDR 디스플레이를 활용할 수있는이 노트북으로보고, 일하거나, 무엇이든하는 것은 대접입니다.",success
"Apple iPhone 16 Pro Max review: Huge display, insane battery life","Apple iPhone 16 Pro Max Review : 거대한 디스플레이, 미친 배터리 수명",success
iPhone 16 Pro leak hints at significant battery upgrades across the lineup,iPhone 16 Pro Leak 힌트 라인업 전반에 걸쳐 상당한 배터리 업그레이드,success
MacBook Pro vs x86 battery life,MacBook Pro vs x86 배터리 수명,success
"Just wrote the gist of this up as a reply but it is worth its own discussion/post. With the recent hyped launch of the Snapdragon Elite X and ‘all day battery life,’ much was promised on Windows battery life. Macroscopically, It’s generally accepted that MacBook Pros have longer battery life than x86 laptops. But there are a few simple reasons for it and when adjusted, AMD’s last generation Phoenix  based 14” corporate laptops have more battery life per Whr battery (that is, higher platform efficiency) than MacBook Pro 14”.","방금 이것의 요점을 답장으로 썼지 만 자체 토론/게시물의 가치가 있습니다. 최근 Snapdragon Elite X와‘All Day Battery Life’가 출시되면서 Windows 배터리 수명에 대한 많은 약속이있었습니다. 거시적으로, MacBook ProS는 X86 노트북보다 배터리 수명이 길다는 것이 일반적으로 인정됩니다. 그러나 몇 가지 간단한 이유가 있으며 조정할 때 AMD의 마지막 세대 Phoenix 기반 14 인치 기업 노트북은 MacBook Pro 14”보다 WHR 배터리 (즉, 더 높은 플랫폼 효율성) 당 배터리 수명이 더 많습니다.",success
"Starting with the MacBook Pro 16”, the Macbook Pro 16 has a 99.6 Whr battery while Dell XPS (86 Whr) and other brand 15-16” notebooks have typically 70-82 Whr. A few gaming laptops have 99.9 Whr. The point is the MacBook Pro 16 gets ‘much longer battery life’ due to having 15-20%+ larger battery capacity to start with. So same 6 W system idle power consumption (screen, wi-fi, processor, etc) yields 16+ hours on a MacBook Pro 16 while only 10-14 hours on x86 laptops.","MacBook Pro 16”부터 시작하여 MacBook Pro 16에는 99.6 WHR 배터리가 있으며 Dell XPS (86 WHR) 및 기타 브랜드 15-16”노트북은 일반적으로 70-82 WHR입니다. 몇 개의 게임 노트북에는 99.9 WHR이 있습니다. 요점은 MacBook Pro 16이 15-20%이상의 배터리 용량을 시작하기 때문에 '배터리 수명이 훨씬 길다'는 것입니다. 따라서 동일한 6W 시스템 유휴 전력 소비 (화면, Wi-Fi, 프로세서 등)는 MacBook Pro 16에서 16 시간 이상을 생성하고 X86 랩탑에서는 10-14 시간 만 생성합니다.",success
Macbook Pro 14 M3 Pro gets 979 minutes Wi-Fi time from 72.6 Whr battery (13.48 min per Whr).,MacBook Pro 14 M3 Pro는 72.6 WHR 배터리 (WHR 당 13.48 분)에서 979 분 Wi-Fi 시간을 얻습니다.,success
"From the absolute difference in minutes (almost 200 more for MBP 14” M3), it looks like an easy Apple win. But remember, Apple is almost always on a more advanced node with lower leakage rates. The 14” MacBook Pro M2 Pro has almost 20% worse idle/Wi-Fi battery life than the 14” M3 Pro (774 min from 70.0 Whr battery = 11 min per Whr). So almost exactly the same Wi-fi time as the 7840U from an almost 50% larger battery and substantially worse system efficiency. Regardless, 7840U based corporate notebooks are more efficient than even the M3 Pro on N3B while being almost 40% more efficient than M2 Pro based systems.",분의 절대 차이 (MBP 14”M3의 경우 거의 200 개 이상)에서 Apple이 쉬운 것처럼 보입니다. 그러나 Apple은 거의 항상 누출 속도가 낮은 고급 노드에 있습니다. 14 인치 MacBook Pro M2 Pro는 14 인치 M3 Pro보다 거의 20% 더 나쁜 유휴/Wi-Fi 배터리 수명을 가지고 있습니다 (70.0 whr 배터리에서 774 분 = 11 분). 거의 50% 더 큰 배터리와 실질적으로 더 나쁜 시스템 효율성에서 7840U 기반 회사 노트북은 M2 Pro 기반 시스템보다 거의 40% 더 효율적입니다.,success
Xiaomi RedmiBook Pro 16 2024 review - Perhaps the best Meteor Lake laptop with a long battery life,Xiaomi Redmibook Pro 16 2024 리뷰 - 아마도 긴 배터리 수명을 가진 최고의 유성 호수 노트북,success
"Lenovo IdeaPad Pro 5 Gen 8 (14"", Intel) specs available: Core i7-13700H, faster LPDDR5-5200, 120Hz display, larger 75Wh battery, Wi-Fi 6E and Thunderbolt 4.","Lenovo IdeaPad Pro 5 Gen 8 (14 "", Intel) 사용 가능한 사양 : 코어 i7-13700H, 더 빠른 LPDDR5-5200, 120Hz 디스플레이, 더 큰 75WH 배터리, Wi-Fi 6E 및 Thunderbolt 4.",success
"The full specs of the Lenovo IdeaPad 5 Pro Gen 8 (14"", Intel), a.k.a. [14IRH8](https://psref.lenovo.com/Product/IdeaPad_Pro_5_14IRH8) are published. Some highlights:","Lenovo IdeaPad 5 Pro Gen 8 (14 "", Intel), A.K.A.",success
"* Apple has a history of taking great pains to minimize standby power, for example with being one of the first to use LPDDR3 in laptops even when DDR4 was available. [This is the famous reason why Macbooks have generally been limited to 16GB of RAM](https://www.macrumors.com/2016/10/28/new-macbook-pros-no-32gb-ram-battery-life/).",* Apple은 DDR4를 사용할 수있는 경우에도 랩탑에서 LPDDR3을 최초로 사용하는 것과 같은 대기 전력을 최소화하기 위해 큰 고통을 겪은 역사를 가지고 있습니다. [이것은 MacBook이 일반적으로 16GB RAM으로 제한 된 유명한 이유입니다] (https://www.macrumors.com/2016/10/28/new-macbook-pros-no-32gb-ram-battery-life/).,success
"**TL;DR summary: WoA seems set to take the marketplace by storm in late-2018 through 2019, provided vendors are keen to spread out from the high-end segment (particularly towards the budget detachable and mid-level tablet markets), and yet I've hardly read a positive thing about it despite the performance numbers staring us in the face for 5 months.**","** TL; DR Summary : WOA는 2018 년 말부터 2019 년 말까지 폭풍으로 시장을 점령 할 것으로 보이며, 공급 업체가 하이 엔드 부문 (특히 예산 분리 가능 및 중간 수준의 태블릿 시장을 향한 공급 업체)에서 확산되기를 원한다면 5 개월 동안 우리를 쳐다 보는 성능 숫자에도 불구하고 긍정적 인 것들을 거의 읽지 못했습니다. **.",success
"Developers of high-level ADASs and self-driving cars have yet to reach a consensus regarding whether a central brain or a network of distributed smart sensors is the best architecture, but the v-MP6000 has the scalability to address the entire range. Combined with its technology for processing video bit streams, Videantis can offer customers a complete vision-processing subsystem that takes advantage of its core strength in automotive cameras, but the IP is also well suited to drones, video surveillance, and other applications.","고급 ADASS 및 자율 주행 자동차 개발자는 아직 중앙 뇌 또는 분산 스마트 센서 네트워크가 최고의 아키텍처인지 여부에 대한 합의에 도달하지 못했지만 V-MP6000은 전체 범위를 해결할 수있는 확장 성이 있습니다. Videantis는 비디오 비트 스트림을 처리하기위한 기술과 결합하여 고객에게 자동차 카메라의 핵심 강도를 활용하는 완벽한 비전 처리 서브 시스템을 제공 할 수 있지만 IP는 드론, 비디오 감시 및 기타 애플리케이션에도 적합합니다.",success
"[**Laptop:** Ridiculous X7 Laptop w/ dual 1080m, 4k 120Hz display](http://www.tweaktown.com/news/52368/aorus-x7-pro-laptop-rocks-dual-gtx-1080m-sli-4k-120hz-display/index.html)","[** 노트북 : ** 듀얼 1080m, 4K 120Hz 디스플레이가있는 말도 안되는 X7 노트북] (http://www.tweaktown.com/news/52368/aorus-x7-pro-laptop-rocks-gtx-1080m-sli-4k-120hz-display/index.html).",success
[**Laptop:** Transformer 3 Pro 2:1](http://www.anandtech.com/show/10378/asus-announces-transformer-3-pro-2in1-with-core-i5i7),[** 노트북 : ** Transformer 3 Pro 2 : 1] (http://www.anandtech.com/show/10378/asus-announces-transformer-3-pro-2in1-with-core-i5i7),success
[**Case:** Dark Base Pro 900 and 900 Pro full tower](http://www.pcper.com/news/Cases-and-Cooling/be-quiet-Announces-Dark-Base%C2%A0900-and-900%C2%A0PRO-Modular-Enclosures),[** 사례 : ** Dark Base Pro 900 및 900 Pro Full Tower] (http://www.pcper.com/news/cases-and-cooling/be-quiet-announces-dark-base%C2%A0900-900%C2%A0Pro-- 모듈--엔 클로저),success
[**Case:** More info on Dark Base 900 Pro](https://www.techpowerup.com/223110/be-quiet-unveils-dark-base-pro-900-chassis),[** 사례 : ** Dark Base 900 Pro에 대한 추가 정보] (https://www.techpowerup.com/223110/be-quiet-unveils-dark-base-pro-900 chassis),success
"[**Product lineup:** New Master series (cases, psus, cpu coolers, thermalpaste, fans, peripherals)](http://www.guru3d.com/news-story/cooler-master-presents-new-gear-incl-masterliquid-pro-coolers-and-psus.html)","[** 제품 라인업 : ** 새로운 마스터 시리즈 (케이스, PSU, CPU 쿨러, Thermalpaste, 팬, 주변 장치)] (http://www.guru3d.com/news-story/cooler-master-presents-new-gear-masterliquid-pro-coolers-and-psus.html)",success
[**Cooling:** 3 new Master Fans](https://www.techpowerup.com/223064/cooler-master-intros-the-master-fan-pro-series),[** 냉각 : ** 3 명의 새로운 마스터 팬] (https://www.techpowerup.com/223064/cooler-master-intros-the-master-fan-pro-series),success
[**Case:** OLA Cylindrical Mac Pro competitor](https://www.techpowerup.com/223114/cryorig-unveils-the-ola-cylindrical-chassis),[** 사례 : ** Ola Cylindrical Mac Pro 경쟁자] (https://www.techpowerup.com/223114/cryorig-unveils-the-olo-2-23114)),success
[**PC:** More info on Silverstone partnered LIVA Pro SFF Pc](https://www.techpowerup.com/223025/ecs-partners-with-silverstone-to-develop-liva-pro),[** PC : ** Silverstone 파트너 인 Liva Pro SFF PC에 대한 추가 정보] (https://www.techpowerup.com/223025/ecs-partners-with-silverstone-tevelop-liva-pro),success
[**CPU:** Xeon E3-1500 v5 family w/ integrated graphics launched](http://www.anandtech.com/show/10361/intel-announces-xeon-e3-1500-v5-iris-pro-and-edram-for-streaming-video),[** CPU : ** Xeon E3-1500 V5 제품군 w/통합 그래픽 출시] (http://www.anandtech.com/show/10361/intel-announces-xeon-e3-1500-v5-iris-pro-and-edram-for-streaming-video),success
Positives:,긍정적 :,success
"* Trackpad: Small size, but positive click, ok in conjunction with touch creen, may not be ideal for everyone.",* TrackPad : 작은 크기이지만 양극을 클릭하면 Touch Creen과 함께 확인이 모든 사람에게 이상적이지 않을 수 있습니다.,success
"* Battery Life: Still assessing how it holds up during intensive tasks, can drop down to 12W tdp in Premiere Pro and this seems to add battery life, upto around 3.5 hours.",* 배터리 수명 : 집중 작업 중에 어떻게 유지되는지 평가하고 있으며 Premiere Pro에서 12W TDP로 떨어질 수 있으며 이는 배터리 수명을 약 3.5 시간까지 추가하는 것으로 보입니다.,success
"Orico recently launched the IG740-PRO, marketing it as an ""Industry grade"" (Note that is different from the actual ""Industrial grade"", Orico has used the same word play in [their Chinese promotional material](https://www.orico.com.cn/product/detail/15532.html)). The drive garnered positive attention from reviewers, including prominent outlets like [Tweaktown](https://www.tweaktown.com/reviews/11047/orico-ig740-pro-2tb-ssd-mass-tlc-on-the-cheap/index.html), [Dong Knows Tech](https://techteamgb.co.uk/2025/04/14/truly-made-in-china-ssd-orico-ig740-pro-2tb-review/), and even [Forbes](https://www.forbes.com/sites/marksparrow/2025/04/16/orico-addresses-the-need-for-speed-with-industrial-grade-nvme-pcie-40-ssd/). These reviews often highlighted the drive's competitive pricing and the use of YMTC 232L TLC (Tri-Level Cell) NAND flash, a detail Orico explicitly stated in [Amazon's promotional materials ](https://archive.is/vka0h)and [their official homepage](https://web.archive.org/web/20250514231050/https://oricotechs.com/products/oirco-ig740pro).","Orico는 최근 IG740-PRO를 출시하여 ""산업 등급""으로 마케팅했습니다 (실제 ""산업 등급""과는 다른 메모, Orico는 [중국 프로모션 자료] (https://www.orico.com.cn/product/detail/15532.html)에서 동일한 단어 놀이를 사용했습니다. 이 드라이브는 [Teaktown] (https://www.tweaktown.com/reviews/11047/orico-ig740-pro-2tb-sd-mass-tlc-on-cheap/index.html)과 같은 저명한 아울렛을 포함하여 리뷰어들로부터 긍정적 인 관심을 끌었습니다. Tech] (https://techteamgb.co.uk/2025/04/14/truly-made-in-china-ssd-oricoo-ig740-pro-2tb-review/) 및 심지어 [Forbes] (https://www.forbes.com/sites/marksparrow/2025/04/16/orico-addresses-the-need-for-peed-with-industrial-grade-nvme-pcie-40-ssd/). 이 리뷰는 종종 드라이브의 경쟁 가격과 YMTC 232L TLC (Tri-Level Cell) NAND Flash의 사용을 강조했습니다. 홈페이지] (https://web.archive.org/web/20250514231050/https://oricotechs.com/products/oirco-ig740pro).",success
"However, discrepancies have emerged. A [video review by TechteamGB ](https://www.youtube.com/watch?v=5_WBtAM3etI&t=122)shows that the NAND flash on their IG740-PRO review unit was QLC (Quad-Level Cell) NAND, based on the part numbering etched onto the flash chips. YMTC's part numbering system uses the 6th digit to denote the flash type, with ""T"" for TLC and ""Q"" for QLC – the latter being present on the reviewed hardware. In fact, [Techinsights has directly called NAND with this exact same part number QLC](https://www.techinsights.com/blog/ymtc-ymn0aqf1b1hcad-232-layer-qlc-3d-nand-flash-memory-floorplan-analysis). This observation was not an isolated incident, as a separate [video review by Mike's Unboxing ](https://youtu.be/LOv9WiqhrJ8&t=89)also reportedly showcased the same QLC NAND flash in their sample. Using QLC instead of TLC impacts sustained write performance and endurance, and is in direct contradiction to Orico's own promotional materials.","그러나 불일치가 나타났습니다. [TechTeamGB의 비디오 검토] (https://www.youtube.com/watch?v=5_WBTAM3ETI&t=122)는 IG740-PRO 검토 장치의 NAND 플래시가 플래시 치프에 에칭 된 부품 번호에 박힌 부품에 기초하여 QLC (Quad-Level Cell) NAND임을 보여줍니다. YMTC의 부품 번호 매기기 시스템은 6 자리를 사용하여 플래시 유형을 나타내고 TLC의 경우 ""T"", QLC의 경우 ""Q""를 표시합니다. 후자는 검토 된 하드웨어에 존재합니다. 실제로, [Techinsights는이 정확히 동일한 부품 번호 QLC]로 NAND라고 불렀습니다. 이 관찰은 별도의 [Mike 's Unboxing의 비디오 검토] (https://youtu.be/lov9wiqhrj8&t=89)로서 샘플에서 동일한 QLC Nand Flash를 보여 주었기 때문에 격리 된 사고가 아니 었습니다. TLC 대신 QLC를 사용하면 지속적인 쓰기 성능과 지구력에 영향을 미치며 Orico의 자체 홍보 자료와 직접 모순됩니다.",success
"A less invasive, though not entirely definitive, method to infer the NAND type is to prepare a single file that is larger than one-third of the drive's total capacity, then copy this file to the IG740-PRO and observe the write speed after the SLC cache is exhausted. If the write speed drops significantly to \~300MB/s or even lower, it may indicate the presence of QLC NAND, as exhibited in [TechteamGB's review](https://youtu.be/5_WBtAM3etI&t=428), compared to [500-800MB/s showcased by the TLC variant](https://youtu.be/cg092Kas9JY&t=502). If you suspect you have received a QLC variant, you should reach out to Orico or the retailer from whom the drive was purchased for further support.",NAND 유형을 추론하는 덜 침습적이지만 덜 침습적 인 방법은 드라이브 총 용량의 3 분의 1보다 큰 단일 파일을 준비한 다음이 파일을 IG740-PRO에 복사하고 SLC 캐시가 소진 된 후 쓰기 속도를 관찰하는 것입니다. 쓰기 속도가 \ ~ ~ 300MB/s로 크게 떨어지면 [TechTeamGB의 리뷰] (https://youtu.be/5_wbtam3eti&t=428)에 표시된대로 QLC NAND의 존재를 나타낼 수 있습니다. 변형] (https://youtu.be/cg092kas9jy&t=502). QLC 변형을받은 것으로 의심되는 경우 Orico 또는 추가 지원을 위해 드라이브를 구매 한 소매 업체에 연락해야합니다.,success
"As a side note, TechPowerUp has already updated with the QLC variant in their [SSD database](https://www.techpowerup.com/ssd-specs/orico-ig740-pro-1-tb.d2395).",참고로 TechPowerup은 이미 [SSD Database] (https://www.techpowerup.com/ssd-sd-sd-sd-pecs/orico-ig740-pro-1-tb.d2395의 QLC 변형으로 업데이트되었습니다.,success
"**Traversal and Intersection Testing:** There's many patent filings about faster BVH traversal and intersection testing. One about [dynamically reassigning ressources](https://patents.justia.com/patent/20240212259) to boost speed and reduce idle time, another [reordering rays together in cache lines](https://patents.justia.com/patent/20240282044) to reduce memory transactions, [precomputations alongside low precision ray intersections](https://patents.justia.com/patent/20250111587) to boost the intersection rate, [split BVH's for instances](https://patents.justia.com/patent/20240412446) reducing false positives (redundant calculations), [shuffling around bounding boxes to other parts of BVH](https://patents.justia.com/patent/20240203034) boosting traversal rate, [improved BVH traversal by picking the right nodes more often](https://patents.justia.com/patent/11928770), [bundling coherent rays into one big frustrum bundle acting as one ray](https://patents.justia.com/patent/11741658) massively speeding up coherent rays like primary, shadow and ambient occlusion rays, and [prioritizing execution ressources to finish slow rays ASAP](https://patents.justia.com/patent/11908065) boosting parallelization for ray traversal. For a GPU's SIMD this is key for good performance. There's also [data coherency sorting through partial sorting across multiple wavefronts](https://patents.justia.com/patent/12032967) boosting data efficiency and increasing speed.","** Traversal 및 Intersection Testing : ** 더 빠른 BVH Traversal 및 Intersection Testing에 대한 특허 출원이 많이 있습니다. [Dynamically Ressources] (https://patents.justia.com/patent/20240212259)에 대해 속도를 높이고 유휴 시간을 줄이고 유휴 시간을 줄이기 위해, 캐시 라인에서 또 다른 [readording rays together] (https://patents.com/2024028244) [precutiont/202402844) [메모리 전송을 줄이면 RAY 교차로] (https://patents.justia.com/patent/20250111587) 교차 속도를 높이기 위해 [인스턴스를위한 분할 BVH ' BVH] (https://patents.justia.com/patent/20240203034) 트래버스 속도 향상, [올바른 노드를 더 자주 선택하여 개선 된 BVH 트래버스] (https://patents.justia.com/patent/11928700) RAY] (https://patents.justia.com/patent/11741658) 1 차, 그림자 및 주변 폐색 광선과 같은 일관된 광선을 크게 속도하고 [느린 광선 ASAP를 완료하기 위해 실행 ressources 우선 순위를 정합니다] (https://patents.com.com/11908065) ​​Boosting for Ray Traversal. GPU의 Simd의 경우 이것은 좋은 성능의 핵심입니다. 또한 여러 웨이브 프론트를 가로 지르는 부분 정렬을 통한 데이터 일관성 정렬] (https://patents.justia.com/patent/12032967) 데이터 효율성을 높이고 속도가 높아집니다.",success
**A Ray Tracing Arms Race:** The prospect of AMD basically having hardware feature level parity with NVIDIA Blackwell as a minimum and likely even exceeded it as soon as nextgen would strengthen AMD's competitive advantage *if they keep up the RDNA 4 momentum into the nextgen*. With Ada Lovelace NVIDIA threw the gauntlet and AMD might finally have picked it up with nextgen but for now NVIDIA is still cruising along with mediocre Blackwell.,** 레이 추적 무기 경주 : ** AMD의 전망은 기본적으로 Nvidia Blackwell과 함께 하드웨어 기능 레벨 패리티를 최소화하며 NextGen이 RDNA 4 모멘텀을 NextGen*으로 유지하면 AMD의 경쟁 우위를 강화하자마자 그것을 초과했을 것입니다. Ada Lovelace Nvidia와 함께 Gauntlet을 던졌고 AMD는 마침내 Nextgen과 함께 집어 들었을 수도 있지만 현재 Nvidia는 여전히 평범한 Blackwell과 함께 순항하고 있습니다.,success
"**Performant Neurally Enhanced Path Tracers:** AMD likely building their own well rounded path tracer to compete with ReSTIR would be a good thing and assuming something good comes out of Project Amethyst related to neural rendering SDKs, then they could have a very well rounded and performant alternative to NVIDIA's ressource hog ReSTIR, and likely even one turbocharged by neural rendering. Not expecting NVIDIA to be complacent here so it'll be interesting to see what both companies come up with in the future.",** 성능 신경 강화 경로 추적자 : ** AMD는 Restir와 경쟁하기 위해 자신의 잘 둥근 길을 가졌을 가능성이 높으며 신경 렌더링 SDK와 관련된 프로젝트에서 좋은 일이 나올 것이라고 가정하면 Nvidia의 Ressource Hog Restir에 대해 매우 둥글고 성능이 좋은 대안을 가질 수 있으며 심지어는 Neural Menerdering에 의해 심지어 둥글고 성능이 좋은 대안을 가질 수 있습니다. Nvidia가 여기서 만족할 것으로 기대하지 않으므로 앞으로 두 회사가 무엇을하고 있는지 보는 것이 흥미로울 것입니다.,success
"**On the performance of the GeForce RTX 5060 Ti _16GB_:** The card beats the GeForce RTX 4060 Ti with +14-17% more performance, in line with the gains of most other RTX50 cards. Another advantage of the GeForce RTX 5060 Ti is that the 16 GB version is now the primary version (in contrast to the GeForce RTX 4060 Ti) and also comes at no major additional cost. On the AMD side, the Radeon RX 7700 XT is only a suitable counterpart at raster rendering, but is clearly beaten at ray tracing - and of course also has the smaller amount of VRAM. At best, the Radeon RX 7800 XT is a passable opponent to the GeForce RTX 5060 Ti, but also costs a little more (in Europe). Unfortunately, the US prices are difficult to assess at the moment, as the US market is completely overbought.","** Geforce RTX 5060 TI _16GB _ : **의 성능에 따라 카드는 대부분의 다른 RTX50 카드의 이익에 따라 +14-17% 더 많은 성능으로 Geforce RTX 4060 TI를 이겼습니다. Geforce RTX 5060 Ti의 또 다른 장점은 16GB 버전이 이제 기본 버전 (Geforce RTX 4060 Ti와 대조적으로)이라는 점입니다. AMD 측면에서 Radeon RX 7700 XT는 Raster Rendering에서 적합한 대응 물이지만 Ray Tracing에서는 분명히 이겼으며 물론 적은 양의 VRAM을 가지고 있습니다. 기껏해야 Radeon RX 7800 XT는 Geforce RTX 5060 Ti의 통과 가능한 상대이지만 유럽에서도 조금 더 비쌉니다. 불행히도, 미국 시장은 완전히 과잉으로 사망함에 따라 미국 가격은 현재 평가하기가 어렵습니다.",success
"**Important note on the GeForce RTX 5060 Ti _8GB_:** The above performance evaluation based on average frame rates does not show the complete picture for this GPU. But even with average frame rates, it can be seen that the card lags behind in raster rendering from 2160p, but in ray tracing from 1080p. However, differences at average frame rates are always only the very last sign of too less VRAM. Long before that, there are already (sometimes considerable) disadvantages at the minimum frame rates as well as a declining image quality due to missing textures, delayed loading textures or even a generally lower texture quality. This was explained quite well in a video by [Hardware Unboxed](https://www.youtube.com/watch?v=AdZoa6Gzl6s), and is a known problem with too less VRAM. The GeForce RTX 5060 Ti 8GB is therefore already borderline even under 1080p and can therefore not be recommended with a clear conscience for a GPU purchase in 2025.","** Geforce RTX 5060 TI _8GB _에 대한 중요한 참고 사항 : ** 평균 프레임 속도에 따른 위의 성능 평가는이 GPU의 전체 그림을 표시하지 않습니다. 그러나 평균 프레임 속도가 있더라도 카드는 래스터 렌더링에서 2160p에서 뒤쳐 지지만 1080p에서 광선 추적에서 뒤쳐져 있음을 알 수 있습니다. 그러나 평균 프레임 속도의 차이는 항상 너무 적은 VRAM의 마지막 징후 일뿐입니다. 그 전에는 최소 프레임 속도에 이미 (때로는 상당한) 단점이 있으며 텍스처 누락, 지연 텍스처 지연 또는 일반적으로 낮은 텍스처 품질로 인해 이미지 품질 감소가 있습니다. 이것은 [Hardware Unboxed] (https://www.youtube.com/watch?v=adzoa6gzl6s)의 비디오에서 상당히 잘 설명되었으며 VRAM이 너무 적은 것으로 알려진 문제입니다. 따라서 Geforce RTX 5060 Ti 8GB는 이미 1080p 미만의 경계선이므로 2025 년 GPU 구매에 대한 명확한 양심으로 권장 할 수 없습니다.",success
| | Switch 1 Lite   | Switch 2    | OnePlus Ace 5 Pro     | Tegra T234     | Realme Neo 7     | OnePlus Ace 5 | Steam Deck LCD |,| | 스위치 1 라이트 | 스위치 2 | OnePlus Ace 5 Pro | 테그라 T234 | Realme Neo 7 | OnePlus Ace 5 | 스팀 데크 LCD |,success
"Another N5 class product is the PS5 Pro’s SoC that includes a CPU, 60CU GPU, and some other IP and yet remains only \~279mm\^2. If we exclude infinite cache on Navi 32 this gets pretty close to a reasonable estimate for the GPU die size on the PS5 Pro’s Viola die. Not saying they’re apples to apple at all. However PS5 Pro’s big investments into RT and AI vs PS5’s RDNA 2 and even RDNA 3 should offset any die savings from not adopting the RDNA 3 ISA and any other architectural changes. As the next chapter will show RDNA 4 goes a lot further than any previous architecture including the PS5 Pro as indicated by truly massive silicon investments.","또 다른 N5 클래스 제품은 CPU, 60CU GPU 및 기타 IP를 포함하는 PS5 Pro의 SOC입니다. NAVI 32에서 무한 캐시를 제외하면 PS5 Pro의 Viola Die에서 GPU 다이 크기에 대한 합리적인 추정치에 가깝습니다. 그들이 사과에 전혀 사과라고 말하는 것은 아닙니다. 그러나 PS5 Pro의 RT 및 AI vs PS5의 RDNA 2 및 RDNA 3에 대한 대규모 투자는 RDNA 3 ISA 및 기타 건축 변경을 채택하지 않아야 DIE 저축을 상쇄해야합니다. 다음 장에서 알 수 있듯이 RDNA 4는 진정으로 대규모 실리콘 투자로 표시된 PS5 Pro를 포함한 이전 아키텍처보다 훨씬 더 나아갑니다.",success
"I guess we can wear our tin foil hats as to why the aren't using their hardware optical flow accelerator but I'm not here to entertain that discussion. But rather the improvements, the positive side of things. Anyways, some may have noticed for a while that DLSS FG while is consistently better visually depending on implementation compared to FSR FG, there are times where performance isn't as good with noticeable overhead.","왜 하드웨어 광학 흐름 가속기를 사용하지 않는지에 대해 주석 호일 모자를 착용 할 수 있다고 생각합니다. 오히려 개선, 사물의 긍정적 인면. 어쨌든, 일부 사람들은 DLSS FG가 FSR FG에 비해 구현에 따라 지속적으로 더 나은 것을 알았을 수도 있습니다. 성능이 눈에 띄는 오버 헤드로는 좋지 않은 경우가 있습니다.",success
">This ultimately means that the DLSS Frame Generation algorithm apparently requires significantly more computing time than that of FSR FG. This has the effect that the positive benefit of frame generation quickly decreases when the render frame rate reaches the 100 FPS mark - until the ""FG effect"" even becomes negative.","> 이것은 궁극적으로 DLSS 프레임 생성 알고리즘이 FSR FG보다 훨씬 더 많은 컴퓨팅 시간이 필요하다는 것을 의미합니다. 이는 렌더 프레임 속도가 100fps 마크에 도달하면 프레임 생성의 긍정적 인 이점이 빠르게 감소한다는 효과가 있습니다. ""FG 효과""가 음수가 될 때까지.",success
"**Impact of higher clocks + other changes on 40 series:** 40-50% higher clocks + likely some secret low level transistor optimizations known only by NVIDIA helped 40 series mostly overcome the resolutionscaling woes of 30 series. The reduced latencies and increased bandwidth on critical data stores like instruction caches, L1 and Vector Register Files + the speed bump across the board (benefits everything) ensures that low saturation shaders finish much faster resulting in higher overall saturation and therefore less occupancy. This is why 40 series like RDNA 2, but unlike 30 series, performs well at 1080p and why the advantage diminishes with higher resolutions. For example check [4070S vs 3080 10GB](https://www.techspot.com/review/2793-nvidia-geforce-rtx-4070-ti-super/#Average_Gaming_Performance_Raster) \+14.06% (1080p), +12.5% (1440p) and +7.14% (4K). The only explanation is either that 40 series is mem BW limited and/or as previous mentioned the higher frequency disproportionately benefits low saturation shaders vs high saturation shaders.","** 더 높은 시계의 영향 40 시리즈에 대한 높은 시계의 영향 : ** 40-50% 더 높은 시계 + NVIDIA에 의해 알려진 비밀 저수준 트랜지스터 최적화 가능성은 40 시리즈가 대부분 30 시리즈의 해상도를 극복하는 데 도움이되었습니다. 명령 캐시, L1 및 벡터 레지스터 파일 +와 같은 중요한 데이터 저장에서 감소 된 대기 시간 및 대역폭 증가는 보드 전체의 속도 범프 (모든 혜택)를 통해 낮은 포화 셰이더가 훨씬 빠르게 완료되어 전체 포화가 더 높아져 점유율이 줄어 듭니다. 이것이 RDNA 2와 같은 40 시리즈이지만 30 시리즈와 달리 1080p에서 잘 수행되는 이유와 더 높은 해상도로 이점이 감소하는 이유입니다. 예를 들어 [4070 년대 대 3080 10GB] (https://www.techspot.com/review/2793-nvidia-geforce-rtx-4070-ti-super/#average_gaming_performance_raster) \ +14.06% (1080p), +12.5% ​​(1440p) 및 +14%. 유일한 설명은 40 시리즈가 MEM BW Limited이고/또는 앞에서 언급했듯이 높은 주파수가 낮은 포화 셰이더와 높은 포화 셰이더에 이익이되는 이점이라는 것입니다.",success
"The low *HWINFO64 reported* power draw without low GPU utilization persists. ~~The B580 has a sizeable power effíciency advantage is the 4060.~~ *RTX 4060 has the clear efficiency lead, but that lead is massively shrink in titles where B580 destroys it (like CB2077 and RDR2).*",낮은 * hwinfo64는 낮은 GPU 사용률이없는 전력 추첨을보고했습니다. ~~ B580은 상당한 전력 효율성 이점이 4060입니다. ~~ *RTX 4060은 명확한 효율성 리드를 가지고 있지만 B580이 CB2077 및 RDR2와 같은 B580이 파괴하는 타이틀에서는 크게 줄어 듭니다. *.,success
"**Conclusion:** Results are now much less in the B580's favour despite the 1440p resolution. But the big picture still showed a slight advantage at 1440p, most likely due to larger memory bandwith and VRAM buffer (12GB vs 8GB).","** 결론 : ** 1440p 해상도에도 불구하고 B580의 호의에서 결과는 훨씬 적습니다. 그러나 큰 그림은 여전히 ​​1440p에서 약간의 이점을 보여 주었으며, 아마도 더 큰 메모리 대역 및 VRAM 버퍼 (12GB 대 8GB) 때문일 가능성이 높습니다.",success
"The Spider-Man MM lead from before shrank within margin of error and only two games, which had \~120W *HWINFO64 reported* power draw saw sizeable performance advantages vs the RTX 4060:",Spider-Man MM은 오류 마진 내에서 줄어들고 두 개의 게임만이 \ ~ ~ 120W * HWINFO64를보고 한 두 개의 게임만이 RTX 4060에 대한 상당한 성능 장점을 보았습니다.,success
~~The B580 has a sizeable power effíciency advantage vs the 4060.~~ *The 4060 once again has the clear power efficiency advantage.*,~~ B580은 4060과 상당한 전력 효율성 이점을 가지고 있습니다. ~~ *4060은 다시 한 번 명확한 전력 효율 이점을 가지고 있습니다. *.,success
> Testing the memory access latency curve of the M4 Pro big/small core,> M4 Pro Big/Small Core의 메모리 액세스 대기 시간 곡선 테스트,success
"> The single-thread bandwidth of M4 Pro and the comparison with x86. Unlike the latency test, in the bandwidth test we can easily see that a single core can access all 32M L2 caches of two P clusters at full speed, and the bandwidth is basically maintained at around 120 GB/s.",> M4 Pro의 단일 스레드 대역폭 및 X86과의 비교. 대기 시간 테스트와 달리 대역폭 테스트에서 단일 코어가 전속 속도로 2 개의 P 클러스터의 32m L2 캐시에 모두 액세스 할 수 있으며 대역폭은 기본적으로 약 120GB/s로 유지됩니다.,success
"> In addition, it is easy to find that Apple's current advantage over x86 lies in 128-bit SIMD throughput. Zen5 requires 256/512-bit SIMD to make each level of cache fully utilized.",> 또한 X86보다 Apple의 현재 이점이 128 비트 SIMD 처리량에 있다는 것을 쉽게 알 수 있습니다. Zen5는 각 수준의 캐시를 완전히 사용하기 위해 256/512 비트 SIMD가 필요합니다.,success
"> Finally, regarding multi-core, the current generation M4 Pro can achieve 220+ GB/s memory bandwidth using a single cluster of 5 cores for pure reading, which is no longer limited by the single cluster bandwidth of the M1 era. This may be because a P cluster can now not only use the cache of another P cluster, but also read and write memory through the data path of another P cluster.","> 마지막으로, 멀티 코어와 관련하여, 현재 Generation M4 Pro는 순수한 판독을 위해 5 개의 코어 단일 클러스터를 사용하여 220 GB/S 메모리 대역폭을 달성 할 수 있으며, 이는 M1 시대의 단일 클러스터 대역폭에 의해 더 이상 제한되지 않습니다. 이는 P 클러스터가 이제 다른 P 클러스터의 캐시를 사용할 수있을뿐만 아니라 다른 P 클러스터의 데이터 경로를 통해 메모리를 읽고 쓸 수 있기 때문일 수 있습니다.",success
"We have ST & MT. Not all laptops on both. Cinebench is FP and Integer is more important by an order of magnitude for most common use than this stuff, but there is a modest to strong positive correlation between integer and FP performance/W curves, so this gives us directionally useful indications.",우리는 st & mt를 가지고 있습니다. 둘 다의 모든 노트북은 아닙니다. CineBench는 FP이고 정수는이 물건보다 가장 일반적인 사용을 위해 크기로 더 중요하지만 정수와 FP 성능/W 곡선 사이에 강한 긍정적 인 상관 관계가 적당하므로 방향 적으로 유용한 표시를 제공합니다.,success
| AMD | ryzen ai 9 365 | yoga pro 7 14asp g9 | 15W | 580 | 25.4 | 23.2 |,| amd | Ryzen AI 9 365 | 요가 프로 7 14ASP G9 | 15W | 580 | 25.4 | 23.2 |,success
| AMD | ryzen ai 9 365 | yoga pro 7 14asp g9 20w | nan | 683 | 31.9 | 21.4 |,| amd | Ryzen AI 9 365 | 요가 프로 7 14ASP G9 20W | 난 | 683 | 31.9 | 21.4 |,success
| AMD | ryzen 7 8845hs | via 14 pro (m24) | Quiet 20W | 567 | 27.7 | 20.5 |,| amd | Ryzen 7 8845HS | 14 Pro (M24)를 통해 | 조용한 20W | 567 | 27.7 | 20.5 |,success
| AMD | ryzen ai 9 365 | yoga pro 7 14asp g9 | 28W | 787 | 43.8 | 18.0 |,| amd | Ryzen AI 9 365 | 요가 프로 7 14ASP G9 | 28W | 787 | 43.8 | 18.0 |,success
| AMD | ryzen 7 8845hs | via 14 pro (m24) | Balanced 40W | 842 | 56.8 | 14.8 |,| amd | Ryzen 7 8845HS | 14 Pro (M24)를 통해 | 균형 40W | 842 | 56.8 | 14.8 |,success
| AMD | ryzen ai 9 365 | yoga pro 7 14asp g9 | nan | 996 | 79.68 | 12.5 |,| amd | Ryzen AI 9 365 | 요가 프로 7 14ASP G9 | 난 | 996 | 79.68 | 12.5 |,success
| AMD | ryzen 7 8845hs | via 14 pro (m24) performance 54w | Performance 54W | 912 | 82.91 | 11.0 |,| amd | Ryzen 7 8845HS | 14 PRO (M24) 성능 54W | 성능 54W | 912 | 82.91 | 11.0 |,success
| Apple | m2 pro | macbook pro 14 2023 m2 pro | nan | 1030 | 60.1 | 17.1 |,| 사과 | M2 Pro | MacBook Pro 14 2023 M2 Pro | 난 | 1030 | 60.1 | 17.1 |,success
| Intel | core ultra 7 155h | redmibook pro 14 2024 | 35W | 752 | 52.0 | 14.5 |,| 인텔 | 핵심 Ultra 7 155h | Redmibook Pro 14 2024 | 35W | 752 | 52.0 | 14.5 |,success
| Intel | core ultra 7 155h | redmibook pro 14 2024 | 20W | 440 | 31.1 | 14.1 |,| 인텔 | 핵심 Ultra 7 155h | Redmibook Pro 14 2024 | 20W | 440 | 31.1 | 14.1 |,success
| Intel | core ultra 7 155h | redmibook pro 14 2024 | 50W | 878 | 68.9 | 12.7 |,| 인텔 | 핵심 Ultra 7 155h | Redmibook Pro 14 2024 | 50W | 878 | 68.9 | 12.7 |,success
| Qualcomm | snapdragon x elite x1e-80-100 | surface pro oled copilot+ | Best Performance | 893 | 39.6 | 22.6 |,| Qualcomm | Snapdragon X Elite X1E-80-100 | 표면 프로 옥시 필롯+ | 최고의 성능 | 893 | 39.6 | 22.6 |,success
"| Qualcomm | snapdragon x plus x1p-64-100 | surface pro copilot+, best performance | Best Performance | 795 | 38.78 | 20.5 |","| Qualcomm | Snapdragon X Plus X1P-64-100 | Surface Pro Copilot+, 최고의 성능 | 최고의 성능 | 795 | 38.78 | 20.5 |",success
| Apple MacBook Pro 14 2024 M4 Pro | Apple M4 Pro (14 cores)                 | 177.6                            | 16.0          | 11.1                        |,| Apple MacBook Pro 14 2024 M4 Pro | Apple M4 Pro (14 코어) | 177.6 | 16.0 | 11.1 |,success
| Apple MacBook Pro 14 2023 M2 Pro | Apple M2 Pro                            | 123.03                           | 13.7          | 8.98                        |,| Apple MacBook Pro 14 2023 M2 Pro | Apple M2 Pro | 123.03 | 13.7 | 8.98 |,success
| Microsoft Surface Pro Copilot+   | Qualcomm Snapdragon X Plus X1P-64-100   | 108.99                           | 13.1          | 8.32                        |,| Microsoft Surface Pro Copilot+ | Qualcomm Snapdragon X Plus X1P-64-100 | 108.99 | 13.1 | 8.32 |,success
| Microsoft Surface Pro OLED       | Qualcomm Snapdragon X Elite X1E-80-100  | 123.07                           | 18.2          | 6.76                        |,| Microsoft Surface Pro Oled | Qualcomm Snapdragon X Elite X1E-80-100 | 123.07 | 18.2 | 6.76 |,success
| Lenovo Yoga Pro 7                | AMD Ryzen AI 9 365                      | 113.48                           | 28.3          | 4.01                        |,| Lenovo Yoga Pro 7 | AMD Ryzen AI 9 365 | 113.48 | 28.3 | 4.01 |,success
| SCHENKER VIA 14 Pro              | AMD Ryzen 7 8845HS                      | 101.57                           | 32.8          | 3.11                        |,| 14 Pro |를 통한 Schenker AMD RYZEN 7 8845HS | 101.57 | 32.8 | 3.11 |,success
| Xiaomi RedmiBook Pro 14          | Intel Core Ultra 7 155H                | 101.57                           | 32.8          | 3.11                        |,| Xiaomi Redmibook Pro 14 | Intel Core Ultra 7 155h | 101.57 | 32.8 | 3.11 |,success
"Both the A18 Pro and Dimensity 9400 have efficiency cores. In the case of the Dimensity 9400, the Cortex A720 cores act as the efficiency cores.","A18 Pro와 Dimensity 9400은 모두 효율성 코어를 갖습니다. 크기 9400의 경우, 피질 A720 코어는 효율 코어 역할을합니다.",success
"Closely looking at the SPEC2017 graph, at similar power levels of 6.2W, the A18 pro retains a 22% performance lead in SPECint2017.",6.2W의 유사한 전력 수준에서 SPEC2017 그래프를 면밀히 살펴보면 A18 Pro는 Specint2017에서 22% 성능 리드를 유지합니다.,success
"In SPECfp2017, the A18 pro is 15% faster at similar power level of 8.2W than the X925.",SPECFP22017에서 A18 PRO는 X925보다 유사한 전력 레벨 8.2W에서 15% 더 빠릅니다.,success
"In the second game, Mediatek has a 20% performance advantage but uses 15% more power to gain that lead.",두 번째 게임에서 Mediatek은 20%의 성능 이점을 가지고 있지만 15% 더 많은 전력을 사용하여 그 리드를 얻습니다.,success
iPhone 16 Pro Max Testing Reveals A18 Pro Still Limited in Raster Performance Despite Improved Ray Tracing,iPhone 16 Pro Max Testing은 A18 Pro가 개선 된 광선 추적에도 불구하고 래스터 성능에 여전히 제한되어 있음을 보여줍니다.,success
"This is without mentioning how heavily gimped most smartphones are in their base storage and memory configurations just because manufacturers are being a bunch of stingy assholes. You can literally get 1 TB of SSD storage at consumer pricing for less than 80$ yet system integrators are giving us ""Pro"" phones that start at 128 GB and charge 100$ for every extra NAND chip. And it's crazy how even the entire frenzy for AI-capable hardware couldn't even push Apple to put more than 8 GB of RAM on their newest iPhones. You can be sure that those 8 GB of RAM will turn into a bottleneck wayyy before the A18/Pro ever become too slow to keep up with modern software.","제조업체가 많은 멍청한 멍청이이기 때문에 대부분의 스마트 폰이 기본 스토리지 및 메모리 구성에 얼마나 많이 변하는지는 언급하지 않고 있습니다. 문자 그대로 80 $ 미만의 소비자 가격으로 1TB의 SSD 스토리지를 얻을 수 있지만 시스템 통합 업체는 128GB에서 시작하는 ""Pro""전화를 제공하고 모든 추가 NAND 칩에 대해 100 $를 충전하고 있습니다. 그리고 AI Capable 하드웨어의 전체 열광조차도 Apple이 최신 iPhone에 8GB 이상의 RAM을 넣도록 강요 할 수 없었습니다. A18/Pro가 최신 소프트웨어를 따라 잡기에는 너무 느리기 전에 8GB의 RAM이 병목 현상 Wayyy로 변할 수 있습니다.",success
">In summary, **2019 will be a growth year, largely driven by logic.** On the ASML product side let me start with an update of our EUV business. In EUV, we continue to make solid progress as evident in the positive public comments from our logic and memory customers on the use of EUV in their most advanced nodes. **Logic customers are installing systems in support of volume manufacturing for their 7 and 5 nanometer nodes. DRAM customers are also working on qualifying EUV for their future nodes.** And this year we expect the first commercial EUV enabled chip to reach the consumer market.","> 요약하면, ** 2019는 대부분 논리에 의해 주도되는 성장 연도가 될 것입니다. ** ASML 제품 측면에서 EUV 비즈니스 업데이트로 시작하겠습니다. EUV에서는 가장 고급 노드에서 EUV를 사용하는 것에 대한 논리 및 메모리 고객의 긍정적 인 공개 의견에서 명백한대로 확실한 진전을 이루고 있습니다. ** 로직 고객은 7 및 5 나노 미터 노드의 볼륨 제조를 지원하는 시스템을 설치하고 있습니다. DRAM 고객은 또한 미래의 노드를위한 자격을 갖춘 EUV를 위해 노력하고 있습니다. ** 그리고 올해 우리는 최초의 상업용 EUV가 칩이 소비자 시장에 도달 할 것으로 예상합니다.",success
>analog generating is really driven by the logic strength in the second half. We do expect when we talk to our memory customer that they do expect some recovery in H2. But when you look at H2 it will be strong logic driven half.,> 아날로그 생성은 실제로 후반의 논리 강도에 의해 유발됩니다. 우리는 메모리 고객과 대화 할 때 H2에서 약간의 회복을 기대할 것으로 기대합니다. 그러나 H2를 볼 때는 강한 논리가 절반이 될 것입니다.,success
"I've been using the Fractal Torrent Nano for the past 3-4 months with hundreds of hours of gaming and tens of hours of benchmarking. Now that I've seen its strengths and weaknesses (versus receiving the case and immediately publishing a YT review), here are my thoughts and recommendations.","나는 지난 3-4 개월 동안 수백 시간의 게임과 수십 시간의 벤치마킹과 함께 Fractal Torrent Nano를 사용해 왔습니다. 이제는 그 강점과 약점을 보았으므로 (사건을 받고 즉시 YT 검토를 게시하는 것), 여기 내 생각과 권장 사항이 있습니다.",success
"The fans included with the Scythe FUMA 2 have both pros and cons. Because the included fans are low RPM, no matter what setting I used for fan speeds I was unable to discern the sound of the CPU fans from the rest of the computer, which will be appreciated by those who want a quiet build.","Scythe Fuma 2에 포함 된 팬들은 장단점을 모두 가지고 있습니다. 포함 된 팬은 RPM이 낮기 때문에 팬 속도에 어떤 설정을 사용하든 CPU 팬의 사운드를 나머지 컴퓨터에서 식별 할 수 없었으며, 조용한 빌드를 원하는 사람들에게 감사 할 것입니다.",success
"* *EVE* - Surface Pro lookalike called ""Eve V"", 3:2 12.3"" 2,736x1,824 screen, 799$. [CNet](https://www.cnet.com/products/eve-v/preview/?ftag=COS-05-10aaa0b&linkId=38138128)","* * Eve *-""Eve V"", 3 : 2 12.3 ""2,736x1,824 화면, 799 $.",success
"* *CoolerMaster* - UFO/mushroom-shaped cooler, also RGB liquid AIOs and some mice/keyboards [Guru3D](http://shorturl.at/aiyO2l). MasterCase H500P with 240mm liquid cooling [Guru3D](http://www.guru3d.com/news-story/computex-2017-cooler-master-haf-back-in-da-house.html). RGB fans [Guru3D](http://www.guru3d.com/news-story/computex-2017-cooler-master-masterfan-pro-rgb-w-master-software-control.html)","* * CoolerMaster * -UFO/버섯 모양의 쿨러, RGB 액체 AIO 및 일부 마우스/키보드 [guru3d] (http://shorturl.at/aiyo2l). 240mm 액체 냉각 [guru3d] (http://www.guru3d.com/news-story/computex-2017-cooler-master-haf-back-in-da-house.html을 가진 마스터 케이스 H500p. RGB 팬 [guru3d] (http://www.guru3d.com/news-story/computex-2017-cooler-master-masterfan-pro-rgb-wmaster-software-control.html)",success
"So it seems a fair amount of ulta portable tech this year will be rocking intels new U processors and a fanless design. What i'm concerned about is performance throttling. The new surface pro for instance will most likely sport a fanless design (as is apple's new macbook) and i can imagine that as it's not actively cooled, intensive applications will cause significantly more throttling which may reduce and effectively nullify performance gains over previous gen products. Traditionally, when an intensive application starts up, so do the fans, the fans increase RPM to match the temperatures and therefore keep them stable. This may cause throttling as the fan's may not be able to keep up with the rise in temperature. The new fanless designs will not be able to match thermal exhaust with thermal output. Thoughts on this anyone?","따라서 올해는 상당한 양의 Ulta 휴대용 기술이 새로운 U 프로세서와 팬이없는 디자인을 흔드는 것 같습니다. 내가 걱정하는 것은 성능 스로틀링입니다. 예를 들어 New Surface Pro는 아마도 Apple의 새로운 MacBook과 마찬가지로 팬이없는 디자인을 자랑 할 가능성이 높으며, 적극적으로 냉각되지 않기 때문에 집중적 인 응용 프로그램은 훨씬 더 많은 스로틀링을 유발하여 이전 GEN 제품에 대한 성능 이득을 줄이고 효과적으로 무효화 할 수 있다고 상상할 수 있습니다. 전통적으로 집중적 인 응용 프로그램이 시작되면 팬도 팬이 RPM을 증가시켜 온도와 일치하여 안정적으로 유지합니다. 이로 인해 팬이 온도 상승을 따라 잡지 못할 수 있으므로 스로틀링이 발생할 수 있습니다. 새로운 팬리스 디자인은 열 출력과 열 배기 배기 가스와 일치 할 수 없습니다. 이것들에 대한 생각?",success
"Lee Kun-hee's strategy is very simple, take advantage of Samsung's diversified advantages, fan out from single points into a whole expanse, to break free from encirclement. For example, in facing Qualcomm, the largest customer of TSMC, Samsung adopted the method of ""using purchasing to find selling opportunities,"" having Samsung phones buy Qualcomm chips, and then persuading Qualcomm to hand over the chip manufacturing to Samsung. For Apple, Samsung bundled together storage chips, display panels, and chip foundries in a sales strategy, the so-called strategy of “selling a cabbage and giving away some spring onions.”","Lee Kun-Hee의 전략은 매우 간단합니다. 삼성의 다양한 장점을 활용하고, 단일 지점에서 전체 창공으로 팬이되어 둘러싸고 있습니다. 예를 들어, TSMC의 가장 큰 고객 인 Qualcomm을 마주 보면서 삼성은 ""구매를 사용하여 판매 기회를 찾는""방법을 채택하고, 삼성 전화기가 Qualcomm 칩을 구매하고 Qualcomm에게 칩 제조를 삼성으로 넘겨 주도록 설득했습니다. 애플의 경우, 삼성은 판매 전략에서 스토리지 칩, 디스플레이 패널 및 칩 파운드리를 함께 묶었 다.",success
"Samsung's bundling strategy is a common way for semiconductor companies to develop business. For example, Qualcomm also uses the advantages of baseband processing to pair unsalable goods up with goods that sell well; AMD also sells CPUs and GPUs together. Samsung’s foundry revenue was only $75 million in 2006, but four years later it tripled, with A-series chips for Apple’s foundry accounting for 85%. It can be said that Samsung's chip division grew up by eating apples one by one.","삼성의 번들링 전략은 반도체 회사가 비즈니스를 개발하는 일반적인 방법입니다. 예를 들어, Qualcomm은 또한베이스 밴드 가공의 장점을 사용하여 불가능한 상품을 잘 판매하는 상품과 짝을 이루고 있습니다. AMD는 또한 CPU 및 GPU를 함께 판매합니다. 삼성의 파운드리 매출은 2006 년에 7 천 5 백만 달러에 불과했지만 4 년 후 Apple의 Foundry를위한 A 시리즈 칩은 85%를 차지했습니다. 삼성의 칩 부서는 사과를 하나씩 먹음으로써 자랐다 고 말할 수 있습니다.",success
"Taiwanese media regretfully commented, ""the technical advantages of TSMC have been wiped out overnight.""","대만 언론은 유감스럽게 언급했다. ""TSMC의 기술적 이점은 밤새 지워졌다.""",success
"Note that this is not a criticism of benchmark *intensity* or length. Geekbench makes a reasonable choice to only benchmark peak performance, by only running quick workloads, with gaps between each bench. This makes sense if you're interested in the performance of the chip, independent of cooling. This is likely why the fanless Macbook Air performs about the same as the 13"" Macbook Pro with a fan. Peak performance is just a different measure, not more or less ‘correct’ than sustained.","이것은 벤치 마크 * 강도 * 또는 길이에 대한 비판이 아닙니다. Geekbench는 각 벤치 사이의 간격으로 빠른 워크로드 만 실행하여 피크 성능을 벤치마킹하기 위해 합리적인 선택을합니다. 냉각과 무관하게 칩의 성능에 관심이 있다면 이는 의미가 있습니다. 그렇기 때문에 Fanless MacBook Air가 팬이있는 13 ""MacBook Pro와 거의 동일하게 작동하는 이유 일 것입니다. 피크 성능은 지속되는 것보다 '정확한'것이 아니라 다른 척도 일뿐입니다.",success
"To make things even better, Geekbench is disaggregated, so you can get past the bad score aggregation and questionable benchmarks just by looking at the disaggregated scores. In the comparison before, if you scroll down you can see individual scores. M1 wins the majority, including Clang and Ray Tracing, but loses some others like LZMA and JPEG compression. This is what you'd expect given the M1 has the advantage of better speculation (eg. larger ROB) whereas the 5900X has a faster clock.",더 나은 상황을 만들기 위해 Geekbench는 분리되어 있으므로 분리 된 점수를 살펴보면 나쁜 점수 집계와 의심스러운 벤치 마크를 지나갈 수 있습니다. 이전에 비교에서 아래로 스크롤하면 개별 점수를 볼 수 있습니다. M1은 Clang 및 Ray Tracing을 포함하여 대다수를 이기지 만 LZMA 및 JPEG 압축과 같은 다른 사람들을 잃습니다. M1이 더 나은 투기 (예 : 더 큰 Rob)의 장점이있는 반면 5900X는 더 빠른 시계를 가지고 있습니다.,success
"[If you look at older phone reviews](https://www.anandtech.com/show/14892/the-apple-iphone-11-pro-and-max-review/5), you can see runs of the A13 with browser benchmarks.",[이전 전화 리뷰를 보면] (https://www.anandtech.com/show/14892/the-apple-iphone-11-pro-and-max-review/5) 브라우저 벤치 마크가있는 A13의 실행을 볼 수 있습니다.,success
"Of course, [then there are Apple's first-party benchmarks](https://www.reddit.com/r/hardware/comments/jt1ik4/apple_m1_performance_claims_and_the_corresponding/gc365on/?context=10). This includes real applications (Final Cut Pro, Adobe Lightroom, Pixelmator Pro and Logic Pro) and various undisclosed benchmark suites (select industry-standard benchmarks, commercial applications, and open source applications).","물론, [Apple의 첫 번째 파티 벤치 마크가 있습니다] (https://www.reddit.com/r/hardware/comments/jt1ik4/apple_m1_performance_claims_and_the_corresponding/gc365on/?context=10). 여기에는 실제 응용 프로그램 (Final Cut Pro, Adobe Lightroom, Pixelmator Pro 및 Logic Pro) 및 다양한 미공개 벤치 마크 스위트 (업계 표준 벤치 마크, 상용 응용 프로그램 및 오픈 소스 응용 프로그램)가 포함됩니다.",success
* Adobe Premiere Pro video encode (MT),* Adobe Premiere Pro Video Encode (MT),success
"To sum it up, ryzen 3000 might have a small efficiency advantage in full load all core workloads, and be slightly behind in everything else. Its very equal overall and seems to just have been hype/marketing.","요약하면, Ryzen 3000은 모든 핵심 워크로드를 최대로드하는 데 작은 효율 이점을 가질 수 있으며 다른 모든 것에 약간 뒤쳐질 수 있습니다. 전반적으로 매우 동일하며 과대 광고/마케팅 인 것 같습니다.",success
"One of the most intentional misleading attempt was done by Intel 1151 chipset. After AMD claimed AM4 will live for 4 to 5 years, Intel panicked and even though their coffee lake is totally incompatible with 1151 they named it LGA 1151, not even a v2 mark. Good thing the boxes are marked 300 chipset based and not LGA 1151. But still, people can still be deceived while buying 6 core prcoessors for z270 etc. Intel never really officially marked z370 z390 as LGA 1151-v2 in any of the official websites, we had to have the gaming community callout them v2.","가장 의도적 인 오해의 소지가있는 시도 중 하나는 Intel 1151 칩셋이 수행했습니다. AMD가 AM4가 4 년에서 5 년 동안 살 것이라고 주장한 후, 인텔은 당황했고, 커피 레이크는 1151과 완전히 호환되지 않더라도 V2 마크조차도 LGA 1151이라는 이름을지었습니다. 상자에는 LGA 1151이 아닌 300 개의 칩셋 기반으로 표시되어 있습니다. 그러나 여전히 Z270 등의 6 개의 핵심 PRCoessors를 구매하는 동안 사람들은 여전히 ​​속일 수 있습니다. Intel은 공식적으로 공식적으로 공식적으로 공식적으로 LGA 1151-V2로 표시 한 적이 없습니다. 우리는 게임 커뮤니티 콜 아웃 V2를 가져야했습니다.",success
"I then measured it after the upgrade by putting the new 16GB kit in the preferred channel ( the one farthest from the cpu socket, A2/B2 according to my mobo's manual, mobo being the MSI Z370 PC PRO ), with the 8GB kit in the other channel and also by swapping the channels so the 8GB kit is in the preferred channel and the 16GB in the other channel.","그런 다음 새로운 16GB 키트를 선호하는 채널 (CPU 소켓에서 가장 먼 곳, MOBO의 매뉴얼에 따라 A2/B2, MOBO는 MSI Z370 PC Pro)에 넣음으로써 다른 채널의 8GB 키트와 8GB 키트를 선호하는 채널에 있으며 다른 채널에있는 16GB를 사용하여 업그레이드 후 측정했습니다.",success
"Now, I know that some people will and some people already have mentioned that Linux has great open-source drivers. I'm aware and I just want to say that this of course is a thread about the driver situation on Windows and I'm not interested in hearing about Linux every time I write something like this. I paid for Windows 10 Pro for a reason and that's because I want to use Windows 10 Pro, otherwise I could've ordered the FreeDOS variant of my device. I need Windows 10 Pro, want Windows 10 Pro and dislike Windows 10 Pro and there are many other reasons for not wanting to or not being capable to switch to Linux which is why this is an issue and switching to Linux isn't an answer.","이제 일부 사람들은 Linux에 훌륭한 오픈 소스 드라이버가 있다고 이미 언급했으며 일부 사람들은 이미 언급했습니다. 나는 알고 있고, 물론 이것은 물론 Windows의 운전자 상황에 대한 스레드라고 말하고 싶습니다. 그리고 나는 이런 것을 쓸 때마다 Linux에 대해 듣는 데 관심이 없습니다. 나는 이유 때문에 Windows 10 Pro에 대해 지불했는데, 그것은 Windows 10 Pro를 사용하고 싶기 때문입니다. 그렇지 않으면 내 장치의 Freedos 변형을 주문할 수있었습니다. Windows 10 Pro가 필요하고 Windows 10 Pro를 원하고 Windows 10 Pro를 싫어하며 Linux로 전환 할 수 없거나 원하지 않는 다른 이유가 많이 있습니다. 이것이 문제이며 Linux로 전환하는 것은 답이 아닙니다.",success
"Now all of that wouldn't be so bad if the systems at least ran stable. Especially the PRO variants found in devices like the HP EliteBook 755 G5 shine a terrible light on Ryzen Mobile because these devices (and the ThinkPad series) are marketed at enterprise users that require a little more GPU power than can be found in an Intel SoC and would be perfect for the use-case if it wasn't for their lackluster stability; from VLC crashing, Adobe Programs not recognizing the GPU all the way to the system showing multiple BSoDs an hour means that getting an Intel system is the better option for those who really need to get work done and can't upgrade to a 2'000+ CHF device. If GPU performance really matters, the only stable option is something like the EliteBook 1050 G1, Dell XPS 15 or a workstation for ridiculous amounts of money, which is terrible because not everyone (including myself) can afford a device like that.","이제 시스템이 적어도 안정적으로 실행된다면 그 모든 것이 그렇게 나쁘지 않을 것입니다. 특히 HP Elitebook 755 G5와 같은 장치에서 발견되는 Pro 변형은 Ryzen Mobile에 끔찍한 빛을 비추고 이러한 장치 (및 ThinkPad 시리즈)는 Intel Soc에서 찾을 수있는 것보다 약간 더 많은 GPU 전력이 필요한 Enterprise 사용자에게 판매되기 때문에 사용되기 때문에 사용 기업에 대해 약간의 안정성이없는 경우 사용하기에 완벽합니다. VLC 충돌로부터 Adobe 프로그램은 GPU를 한 시간에 여러 BSOD를 보여주는 시스템까지 GPU를 완전히 인식하지 못하는 것은 인텔 시스템을 얻는 것이 실제로 작업을 완료해야하고 2'000+ CHF 장치로 업그레이드 할 수없는 사람들에게 더 나은 옵션임을 의미합니다. GPU 성능이 실제로 중요하다면, 유일한 안정적인 옵션은 Elitebook 1050 G1, Dell XPS 15 또는 말도 안되는 돈을위한 워크 스테이션과 같은 것입니다.",success
"*But in the end of the day, people still buy intel/nVidia systems even if they cost more and intel and nVidia are less pro-consumers because those systems just work and in terms of drivers intel and nVidia are actually more pro-consumer than AMD is.*","*그러나 하루가 끝날 무렵, 사람들은 여전히 ​​비용이 많이 들고 인텔과 인텔과 Nvidia가 소비자가 적기 때문에 여전히 인텔/nvidia 시스템을 구매합니다. 왜냐하면 해당 시스템이 작동하고 운전자의 관점에서 인텔과 NVIDIA는 실제로 AMD보다 더 많은 소비자입니다.*.",success
"The only thing AMD is doing that's really pro-consumer is making ""pro"" hardware available for the masses and not hiding products like Vega and Threadripper behind ""pro"" paywalls. And it does seem that their taking notice of what's going on with their recently made [post](https://www.reddit.com/r/Amd/comments/9yxdu4/amd_ryzen_mobile_driver_update/) and as this [post](https://www.reddit.com/r/Amd/comments/9z0tfp/has_anyone_else_had_mobile_drivers_do_some_sort/) shows, it seems that they have done some kind of ""silent update"" and quite possibly are working on Raven Ridge Mobile drivers meaning that there's a chance for us believers.","AMD가 실제로 Pro-Consumer라는 유일한 일은 대중이 ""Pro""하드웨어를 사용할 수있게하고 Vega 및 Threadripper와 같은 제품을 숨기지 않고 ""Pro""Paywalls 뒤에 숨어 있습니다. 그리고 최근에 제작 된 [Post] (https://www.reddit.com/r/amd/comments/9yxdu4/amd_ryzen_mobile_driver_update/)에서 무슨 일이 일어나고 있는지에 대한 주목을받는 것 같습니다. [post] (https://www.reddit.com/r/amd/comments/9z0tfp/has_anyone_else_had_mobile_drivers_do_some_sort/) 쇼, 어떤 종류의 ""Silent Update""를 수행 한 것으로 보입니다.",success
">Our first generation NVMe SSD is in the final stages of product development. Looking ahead, **we are focused on introducing new NVMe SSDs over the course of the next several quarters. Consumer and client NVMe SSDs will come first and then late in calendar 2019 cloud and enterprise NVMe drives.** As the market rapidly shifts to NVMe, 2019 will be a year of transition for us following solid SSD share gains in 2018, and we expect to start growing SSD share again in 2020 with a fuller product portfolio. We also look forward to leveraging our market advantage with QLC SSDs in 2019 and beyond.","> 1 세대 NVME SSD는 제품 개발의 마지막 단계에 있습니다. 앞으로도 ** 우리는 다음 몇 분기 동안 새로운 NVME SSD를 소개하는 데 중점을 둡니다. 소비자 및 클라이언트 NVME SSD는 2019 Calendar 2019 Cloud 및 Enterprise NVME Drives에서 먼저 나올 것입니다. ** 시장이 NVME로 빠르게 변화함에 따라 2019 년은 2018 년에 견고한 SSD 점유율 이익에 따라 우리를위한 전환의 해가 될 것이며, 우리는 2020 년에 풀러 제품 포트폴리오로 SSD 공유를 다시 성장시키기 시작할 것으로 예상됩니다. 또한 2019 년 이후 QLC SSDS와 시장의 이점을 활용하기를 기대합니다.",success
There is no TRIM bug or issue with 840/850 PRO SSDs,840/850 Pro SSDS에는 트림 버그 또는 문제가 없습니다.,success
I just discovered by going back to an 'old' one month article about the 840/850 Pro SSDs (& others) having a trim bug that erased small bits of data from a linux server environment.,방금 Linux 서버 환경에서 작은 비트의 데이터를 지우는 트림 버그가있는 840/850 Pro SSD (및 기타)에 대한 '오래된'한 달 기사로 돌아가서 발견했습니다.,success
"I've got a brand new 15"" MacBook Pro that comes with Thunderbolt and the magsafe2 power connector. The Thunderbolt Displays have the added cable for power so I wouldn't have to buy a second charger for my desktop setup. It's a pain in the ass to get a 6' cable out of your bag everyday when you get home, crawl under your desk, plug it in, snake it around.","Thunderbolt 및 Magsafe2 전원 커넥터와 함께 제공되는 새로운 15 ""MacBook Pro가 있습니다. Thunderbolt 디스플레이에는 전원이 추가 된 케이블이있어 데스크톱 설정을 위해 두 번째 충전기를 구입할 필요가 없습니다. 집에 가서 책상 아래로 갈 때 6 '케이블을 꺼내는 데 고통 스럽습니다.",success
"**Notes** : There is quite a bit to like about the XPS 15, but is it powerful enough to satisfy my Rift development needs over the coming year or two? In many ways this machine embodies the most modern tech of the three. The light weight and thing form factor are very attractive. I've never used a Retina class display outside of an Apple store, so I don't know if I'd absolutely love it or not for Unity work. Same goes for Touch. I haven't yet realized that I want to touch my laptop screen too much and I'm not sure that I will in the near future. As far as the power of the CPU/GPU combo goes, is it fast enough such that I will be able to create Rift experiences that will maximize the capabilities of the modern hardware out there for coming period? Some of you might point out that Dell also sells the M3800 Precision Mobile Workstation, but the single difference is that it comes with a Quadro K1100M GPU which is significantly slower in terms of DirectX Game performance and has only dubious advantages in other parts of my Unity Pipeline such as Cinema 4D.","** 노트 ** : XPS 15에 대해 꽤 좋아하지만 내년 또는 2 년 동안 균열 개발 요구를 충족시키기에 충분히 강력합니까? 여러면 에서이 기계는 세 가지의 가장 현대적인 기술을 구현합니다. 가벼운 무게와 사물 형태 인자는 매우 매력적입니다. 나는 Apple Store 외부에서 Retina 클래스 디스플레이를 사용한 적이 없으므로 Unity Work를 위해 절대적으로 좋아하는지 모르겠습니다. 터치도 마찬가지입니다. 나는 아직 노트북 화면을 너무 많이 터치하고 싶다는 것을 아직 깨닫지 못했고 가까운 시일 내에 확실하지 않습니다. CPU/GPU 콤보의 힘이 진행되는 한, 다가오는 기간 동안 현대 하드웨어의 기능을 극대화 할 리프트 경험을 만들 수있을 정도로 빠릅니까? 여러분 중 일부는 Dell이 M3800 Precision Mobile Workstation을 판매한다고 지적 할 수도 있지만, 단일 차이점은 DirectX 게임 성능 측면에서 크게 느리게 진행되며 Cinema 4D와 같은 Unity 파이프 라인의 다른 부분에서는 모호한 이점 만 가지고 있다는 것입니다.",success
They all have pro and cons and I can make a decision... Any advice?,그들은 모두 프로와 단점을 가지고 있으며 나는 결정을 내릴 수 있습니다 ... 어떤 조언?,success
• Windows 8.1 Pro 64,• Windows 8.1 Pro 64,success
Disadvantages of using laptop as desktop replacement?,랩톱을 데스크탑 교체로 사용하는 단점?,success
"I want to know the apparent disadvantages of using laptop as a desktop replacement. The placement is pretty well ventilated, so in most cases, the heat is well under control. What drawbacks or losses is my laptop is likely to suffer if I keep using it like this?",랩톱을 데스크탑 교체로 사용하는 명백한 단점을 알고 싶습니다. 배치는 매우 잘 통풍이 잘되므로 대부분의 경우 열이 잘 통제되고 있습니다. 이렇게 계속 사용하면 노트북이 겪을 가능성이있는 단점 또는 손실은 무엇입니까?,success
"I'm thinking about getting another DV9000 (or 9500) and building one out of that since I liked it so much, but I may go a different route all together. Has anyone else done a build like this before? Is there a certain brand or model that I should really go after, or should I just stick with what I know? I could even do it with a Macbook pro if it came out cheap enough.","나는 다른 DV9000 (또는 9500)을 얻고 그것을 너무 좋아했기 때문에 그 중 하나를 구축 할 생각이지만, 다른 길을 함께 갈 수 있습니다. 다른 사람이 전에 이와 같은 빌드를 한 적이 있습니까? 내가 정말로 가야 할 특정 브랜드 나 모델이 있습니까, 아니면 내가 아는 것을 고수해야합니까? 충분히 싸면서 MacBook Pro와 함께 할 수도 있습니다.",success
* Storage for ripped kids dvd's (ADVANTAGE: GTab7 for expandable microSD slot),* 찢어진 어린이 DVD 스토리지 (이점 : 확장 가능한 microSD 슬롯을위한 GTAB7),success
"* Newer, better screen and HW (ADVANTAGE: Nexus7)","* 최신, 더 나은 화면 및 HW (Advantage : Nexus7)",success
"* Warranty, returnability, ease of purchase (ADVANTAGE: GTab7 is available from Costco which has extended warranty and no hassle return vs Google Play which requires shipping and harder to return defective or just plain don't like it returns)","* 보증, 반환 가능성, 구매 용이성 (이점 : GTAB7은 보증이 장기 보증이 있고 번거 로움이없는 Costco에서 구입할 수 있으며 운송이 필요하고 결함이 있거나 결함이 있거나 평범한 반품이 필요하지 않아 반품을 좋아하지 않습니다).",success
Xiaomi 15S Pro review: Newfound independence and strong battery life in a flagship smartphone [Xring O1 SoC],Xiaomi 15S Pro Review : 플래그십 스마트 폰의 새로운 독립성 및 강력한 배터리 수명 [Xring O1 Soc],success
Pros and cons just what I was trying to do here.,장단점은 내가 여기서하려고했던 일입니다.,success
Claim: Linus “comes across as overwhelmingly positive but his findings don’t really match that”,클레임 : Linus는“압도적으로 긍정적 인 것으로 나타 났지만 그의 결과는 실제로는 일치하지 않습니다”.,success
"Response: No, we did not, and it’s a good thing to know. Obviously, we did not have HP’s note when making our video (as you say, it was issued after we published), but we could have identified the issue ourselves (and perhaps we would have if we didn’t run all those endurance tests, see above). Ultimately, a single video cannot be all things to all people, which is why we have always emphasized that it is important to watch/read multiple reviews.","응답 : 아니요, 우리는하지 않았으며, 알아 두는 것이 좋습니다. 분명히, 우리는 비디오를 만들 때 HP의 메모가 없었지만 (우리가 게시 한 후에 발행 되었음에도 불구하고), 우리는 스스로 문제를 확인할 수 있었을 것입니다 (아마도 우리는 모든 지구력 테스트를 실행하지 않으면 위를 참조하십시오). 궁극적으로, 단일 비디오가 모든 사람에게 모든 것이 될 수는 없기 때문에 우리는 항상 여러 리뷰를보고 읽는 것이 중요하다는 것을 항상 강조했습니다.",success
"There are some pretty big pros and cons to each case. Neither case is perfect, by any means. But both cases are still excellent. So pick whichever one aligns the best with your needs and design tastes. And if this was helpful, please remember to upvote since this represents a full day of work!","각 경우에는 꽤 큰 장단점이 있습니다. 어떤 경우에도 완벽하지는 않습니다. 그러나 두 경우 모두 여전히 우수합니다. 따라서 필요한 것이 당신의 요구와 디자인 맛과 가장 잘 맞는 것을 선택하십시오. 그리고 이것이 도움이된다면, 이것은 하루 종일 일을 대표하기 때문에 upvote를 기억하십시오!",success
"7. B660M Aorus Pro - add USB 3.2 gen 2 type a, 4-pin ATX power connector, water cooling headers. Slightly better heatsinks. 12 + 1 +1 power.","7. B660M Aorus Pro- USB 3.2 Gen 2 유형 A, 4 핀 ATX 전원 커넥터, 워터 냉각 헤더 추가. 약간 더 나은 히트 싱크. 12 + 1 +1 전원.",success
"* B660M Aorus Pro AX, B660 Aorus Master, B660I Aorus Pro - ???","* B660M Aorus Pro Ax, B660 Aorus Master, B660i Aorus Pro- ???",success
"There is one H610 board, the PRO H610M DDR4, which has B (HDMI/dsub) and G (adds displayport, RGB and 2x ARGB) variations. You only get one case fan header, and no RGB header - this is a 'business' motherboard. M.2 is in PCI 3 x4 version, and there is a second M.2 slot for wifi daughterboard only. PCIEx16 and x1","B (HDMI/DSUB) 및 G (DisplayPort, RGB 및 2X ArgB) 변동이있는 Pro H610M DDR4 인 H610 보드가 하나 있습니다. 케이스 팬 헤더 하나만 얻지 못하고 RGB 헤더는 없습니다. 이것은 '비즈니스'마더 보드입니다. M.2는 PCI 3 X4 버전이며 Wi -Fi Maudgeboard에만 두 번째 M.2 슬롯이 있습니다. PCIEX16 및 X1",success
"1. PRO B660M-E - Intel GbE LAN, no wifi M.2 slot, M.2 PCI 3.0 x4,  no Gen 2 or USB C ports, no RGB headers. RAID for SATA only.","1. Pro B660M -E -Intel GBE LAN, Wi -Fi M.2 슬롯 없음, M.2 PCI 3.0 X4, Gen 2 또는 USB C 포트, RGB 헤더 없음. SATA에 대한 습격.",success
"2. PRO B660M-G (£115) double M.2 PCI 4.0 x 4 slots, Realtek 2.5GbE. 1x RGB and 2x ARGB headers. Second case fan header.","2. Pro B660M-G (£ 115) Double M.2 PCI 4.0 x 4 슬롯, Realtek 2.5gbe. 1X RGB 및 2X ARGB 헤더. 두 번째 케이스 팬 헤더.",success
"3. PRO B660M-A - USB-C front connection,  2 rear USB-A Gen 2 ports, MOS and M.2 heatsinks. Adds third PCIE (x4). Water pump fan header.","3. Pro B660M-A-USB-C 전면 연결, 2 리어 USB-A Gen 2 포트, MO 및 M.2 히트 싱크. 세 번째 PCIE (X4)를 추가합니다. 워터 펌프 팬 헤더.",success
"1. Pro Z690-P. PCIE 5x16, 3x4, 3x1, 3x1. M.2 4x4, 4x4. Wifi M2. Rear USB-C 3.2 2x2 . 2.5 GbE","1. Pro Z690-P. PCIE 5x16, 3x4, 3x1, 3x1. M.2 4x4, 4x4. Wi -Fi M2. 후면 USB-C 3.2 2x2. 2.5 gbe",success
"1. Pro Z690-A (Wifi 802.11ax) PCIE 5x16, 3x4, 3x4, 3x1. M.2 4x4, 4x4, 4x4, 3x4. Front USB 3.2 type 2, and rear. 14+1+1 power. Better heatsinks.","1. Pro Z690-A (WiFi 802.11ax) PCIE 5x16, 3x4, 3x4, 3x1. M.2 4x4, 4x4, 4x4, 3x4. 전면 USB 3.2 유형 2 및 후면. 14+1+1 전원. 더 나은 히트 싱크.",success
1. B660M Pro RS. M.2 heatshield and MOS heatsink. 4 RAM Slots. Added PCIE x4.  8 phase power. 3 aRGB and 1 RGB header.  Extra fan/pump header  USBC is front.,1. B660M Pro Rs. M.2 Heatshield 및 Mos Heatsink. 4 개의 램 슬롯. PCIE X4가 추가되었습니다.  8 위상 전력. 3 ARGB 및 1 RGB 헤더.  추가 팬/펌프 헤더 USBC가 전면입니다.,success
"1. H670M Pro RS. Vs. B660M Pro RS, power is only 7 phase.  Upgrade is that both M.2 slots are 4x4, with RAID support. PCIE slot is still only 4.0","1. H670M 프로. vs. B660M 프로, 전력은 7 단계에 불과합니다.  업그레이드는 두 M.2 슬롯이 모두 4x4이며 RAID 지원이 있습니다. PCIE 슬롯은 여전히 ​​4.0입니다",success
"1. Pro RS. 13 phase power. PCIE 5x16, 4x4, 3x4, 3x1, 3x1. M.2 4x4, 4x4, 3x4. 2.5 GbE. £187","1. 프로 rs. 13 단계 전력. PCIE 5x16, 4x4, 3x4, 3x1, 3x1. M.2 4x4, 4x4, 3x4. 2.5 gbe. £ 187",success
"1. The Pro B660M-C (£190) is a 'business' motherboard, so no anti-moisture coating, but there are now 4 RAM slots, OC to 5GHz, plus M.2 wifi slot. One USB-C front connector, but no USB 3.2 gen 2 support.COM & parallel headers. This motherboard is probably slightly weaker than the H610M-A","1. Pro B660M-C (£ 190)는 '비즈니스'마더 보드이므로 방지 코팅이 없지만 현재 4 개의 RAM 슬롯, OC ~ 5GHz 및 M.2 WiFi 슬롯이 있습니다. 하나의 USB-C 전면 커넥터이지만 USB 3.2 Gen 2 Support.com 및 병렬 헤더는 없습니다. 이 마더 보드는 아마도 H610M-A보다 약간 약할 것입니다",success
1. TUF Gaming H670-PRO Wifi ($230). Power is now 14+1. PCIE is the same. Now 4 M.2 4x4 slots. Front USB-C upgraded from Gen 1 to Gen 2.,1. TUF 게임 H670-PRO WiFi ($ 230). 전원은 이제 14+1입니다. PCIE는 동일합니다. 이제 4 M.2 4x4 슬롯. 전면 USB-C는 Gen 1에서 Gen 2로 업그레이드되었습니다.,success
"In view of nVidia's reference design, which can be called ""average"" at best, the graphics card manufacturers have the opportunity to distinguish themselves from the Founders Edition of the GeForce RXT 3080 Ti with their own designs some stronger than just with the usual performance advantage of 2-3%. According to **TechPowerUp**'s extensive tests of five GeForce RTX 3080 Ti AIB designs, this is partly successful, but the performance effect of (at best) +6% on a factory water-cooled Asus card is not really outstanding.","""평균""이라고 할 수있는 Nvidia의 참조 설계를 고려할 때 그래픽 카드 제조업체는 2-3%의 일반적인 성능 이점보다 더 강력한 Geforce RXT 3080 Ti의 설립자 에디션과 자신을 구별 할 수 있습니다. ** TechPowerup **의 5 개의 Geforce RTX 3080 Ti AIB 설계에 대한 광범위한 테스트에 따르면, 이것은 부분적으로 성공했지만 공장 수냉식 ASUS 카드에 대한 (기껏해야) +6%의 성능 효과는 실제로 훌륭하지 않습니다.",success
Palit GeForce RTX 3080 Ti GamingPro Review on [TechPowerUp](https://www.techpowerup.com/review/palit-geforce-rtx-3080-ti-gamingpro/),[TechPowerUp] (https://www.techpowerup.com/review/palit-geforce-3080-ti-gamingpro/에 대한 Palit Geforce RTX 3080 Ti GamingPro 검토),success
"So I thought this was pretty interesting! Note that ambient was slightly warmer the second test, so overall under load I gained about 2c for the CPU, which is a little less than expected, however it sounded like there was some air gurgling around a bit which might have limited performance a little. (This has since cleared up, so I guess I should repeat the test). With GPU heavy loads however, the CPU is a whopping 11c cooler! Also, although I didn't accurately measure it, idle temps seem to be a good 5c cooler.... for whatever that is worth. Fan speeds were both controlled with the same settings for both tests, which I think is actually a disadvantage for the Artics, as based on reviews, they can spin faster for the same noise level. Something I do need to tweak.",그래서 나는 이것이 꽤 흥미 롭다고 생각했습니다! Ambient는 두 번째 테스트가 약간 더 따뜻 했으므로 CPU의 경우 전체적으로 약 2C를 얻었으므로 예상보다 약간 적지 만 성능이 약간 제한 될 수있는 약간의 공기가있는 것처럼 들렸습니다. (이후 이후 정리되었으므로 테스트를 반복해야한다고 생각합니다). 그러나 GPU 무거운 하중을 사용하면 CPU는 무려 11c 쿨러입니다! 또한 정확하게 측정하지는 않았지만 유휴 기온은 좋은 5c 쿨러 인 것 같습니다 .... 팬 속도는 두 테스트 모두에 대해 동일한 설정으로 제어되었습니다. 리뷰를 바탕으로 예술에 대한 단점이라고 생각합니다. 동일한 소음 수준에서 더 빨리 회전 할 수 있습니다. 내가 조정해야 할 일.,success
"It takes all the benefits of blower cards (exhausting heat, simpler heatsink design), and combines it with the pros of traditional cpu heatsinks (sheer mass of heatsink, low noise of axial fans).","송풍기 카드 (배기 열, 더 간단한 히트 싱 디자인)의 모든 이점이 필요하며 전통적인 CPU 히트 싱크 (히트 싱크의 질량, 축 방향 팬의 저음)의 전문가와 결합합니다.",success
"If you’d like to keep some positive pressure in the case to combat dust, consider running the intake fans at about +150 rpm, compared to the exhaust fans. This has the effect of creating higher pressure within the case, while also maintaining a high exhaust velocity, and the barriers mentioned above.",먼지와 싸우기 위해 사례에서 약간의 양압을 유지하려면 배기 팬에 비해 흡기 팬을 약 15150 rpm으로 실행하는 것을 고려하십시오. 이는 사례 내에서 더 높은 압력을 생성하는 동시에 높은 배기 속도와 위에서 언급 한 장벽을 유지하는 효과가 있습니다.,success
"I see many modern motherboards with thermal probe function, this is great, you can just use a thermal probe, stick it in your heat sink/radiator, and control the fan speed with that, this would be almost exactly the ideal way to control it. If you're going to generate noise by spinning up the fans, you want the noise to be worth every db, so you really only want to do that when it can achieve the maximum increase in cooling power, and that only happens when the radiator/heatsink is already hot, regardless of what temperature the CPU is at. I guess that's a good thing about AIOs, is they can measure liquid temperature and control the fans by itself, where as air coolers can't do this correctly by itself.","열 프로브 기능을 갖춘 많은 현대적인 마더 보드를 볼 수 있습니다. 이것은 훌륭합니다. 열 프로브를 사용하고 방열판/라디에이터에 붙잡고 팬 속도를 제어 할 수 있습니다.이를 제어하는 ​​이상적인 방법입니다. 팬을 회전시켜 소음을 생성하려는 경우 모든 DB의 가치가있는 소음을 원하므로 냉각 전력의 최대 증가를 달성 할 수있을 때만 그렇게하고 싶을 때만 가능하며, 이는 CPU의 온도에 관계없이 라디에이터/히트 싱크가 이미 뜨거울 때만 발생합니다. AIOS에 대한 좋은 점은 액체 온도를 측정하고 팬을 자체적으로 제어 할 수 있습니다. 공기 냉각기가 자체적으로 올바르게 수행 할 수 없습니다.",success
"The question I had while reading a recent thread was: is the extra up front cost for a better PSU worth it? Each of us has to answer that for his or herself. I am satisfied that my Corsair RM850x was an okay choice and this is why: my usage is roughly 6 hours at 200W and 2 hours at 500W and so (3\*$21.45=$64.35 + $53.68 = **$118.03 paid per year** for my computer electricity...roughly estimated. That VS450 would cost **$129.87 per year**, $11.84 more expensive. That means **$118.40** more electricity fees paid over the ten years minimum I'll have this RM850x (10 year warranty), not that I'd expect a VS450 to last that long. I'd expect to buy a second or third unit after the prior one dies = more costs in this cheaper PSU. However, similar math does *not* prove that my RM850x was a better buy than an RM550x would have been. My savings with this bigger PSU are just **$1.20** **per year** at 500W for two hours a day, with no savings at all while using the computer more gently due to equivalent efficiency at 200W usage. The only cost advantage is the three additional years of warranty. The user advantage is that the extra capacity means that the fans do not kick in as early, so it's probably a bit quieter.","최근 스레드를 읽는 동안 내가 가진 질문은 다음과 같습니다. 더 나은 PSU의 추가 비용은 그만한 가치가 있습니까? 우리 각자는 자신을 위해 대답해야합니다. 나는 내 Corsair RM850X가 괜찮은 선택이라는 사실에 만족합니다. 이것이 바로 다음과 같은 이유입니다. 내 사용량은 200W에서 약 6 시간, 500W에서 2 시간입니다 (3 \*$ 21.45 = $ 64.35 + $ 53.68 = ** $ 118.03은 컴퓨터 전기에 대해 1 년당 지불 **에 대해 ** $ 12. $ 11. 87. ** $ 118.40 ** 최소 10 년 동안 지불 된 전기 요금은이 RM850X (10 년 보증)를 가질 것입니다 하루에 2 시간 동안 500W에서 ** $ 1.20 ** **, 200W 사용으로 인해 컴퓨터를 더 부드럽게 사용하는 동안 전혀 절약 할 수 없습니다.",success
Jerry's videos about the 8K Samsung QLED or the LG OLED are filled with details which are totally false. They are sometimes outright lies and sometimes half-truths construed so as to put the shilled product into a positive light while misleading viewers.,8K Samsung Qled 또는 LG OLED에 대한 Jerry의 비디오는 완전히 허위 인 세부 사항으로 가득 차 있습니다. 그들은 때때로 거짓말을하고 때로는 반 진실이 계시 된 제품을 긍정적 인 빛에 넣는 동안 시청자들을 오도하는 동안 계산되기도합니다.,success
">""NVIDIA is of course interested in expanding its footprint in consoles – right now they are supplying the biggest selling console supplier, and are calling on Microsoft and Sony every week to try and get back in,"" Peddie said. ""NVIDIA was in the first Xbox, and in PlayStation 3. But AMD has a cost-performance advantage with their APUs, which NVIDIA hopes to match with Grace. And since Windows runs on Arm, NVIDIA has a shot at Microsoft. Sony's custom OS would not be much of a challenge for NVIDIA.""","""Nvidia는 물론 콘솔에서 발자국을 확장하는 데 관심이 있습니다. 현재 그들은 현재 가장 큰 판매 콘솔 공급 업체를 공급하고 있으며 매주 Microsoft와 Sony에 전화를 걸어 다시 시도하고 있습니다.""라고 Peddie는 말했습니다. ""Nvidia는 첫 번째 Xbox에 있었고 PlayStation 3에 있었지만 AMD는 APU와 함께 비용 성능의 이점을 가지고 있습니다.이 APU는 Grace와 일치하기를 희망합니다. Windows가 ARM에서 실행되기 때문에 Nvidia는 Microsoft에서 촬영을했습니다. Sony의 맞춤 OS는 Nvidia에게 큰 도전이 아닙니다.""",success
Thinking about adding a SSD to my Macbook pro as the main HD.  Would my secondary HD still drain battery even when idle?,MacBook Pro에 SSD를 메인 HD로 추가하는 것에 대해 생각합니다.  유휴 상태에서도 보조 HD가 여전히 배터리를 배출할까요?,success
I am just trying outweigh the pros and cons of having a SSD with a HD and SSD hybrid (also factoring price vs performance vs battery life).,나는 단지 HD 및 SSD 하이브리드 (가격 대 성능 대 배터리 수명)로 SSD를 보유한 장단점을 능가하려고 노력하고 있습니다.,success
[Hardwareluxx] Cyberpunk 2077 on Mac: Benchmarks with the M3 Pro (Cyberpunk 2077 auf dem Mac: Benchmarks mit dem M3 Pro),[Hardwareluxx] Mac의 CyberPunk 2077 : M3 Pro와의 벤치 마크 (CyberPunk 2077 AUF DEM MAC : 벤치 마크 MIT DEM M3 PRO),success
"First look so far on a Macbook Pro M3 Pro. Resolution is 1800 x 1125. Auto or ""For this Mac"" preset was used, unsure of the exact settings. MetalFX dynamic res is applied, 50% scaling min and 80% max. No FG was used (which uses FSR 3.1 FG).","먼저 MacBook Pro M3 Pro에서 살펴보십시오. 해상도는 1800 x 1125입니다. AUTO 또는 ""이 MAC의 경우""사전 설정이 사용되었으며 정확한 설정은 확실하지 않습니다. Metalfx Dynamic RES가 적용되며, 50% 스케일링 최소 및 최대 80%. FG가 사용되지 않았습니다 (FSR 3.1 FG를 사용).",success
"This might appear as a subtle difference but raises a very important question, that of whose job is it to identify such independent data for parallel execution? With TLP, that burden is shared by the application programmer and the hardware: while the programmer is responsible for writing thread-aware code takes advantage of multiple processing cores, the processor itself ultimately schedules threads for parallel execution at run-time, maximizing utilization. TLP thus follows a dynamic, run-time approach to scheduling wherein the processor itself acts as the scheduler.",이것은 미묘한 차이로 보일 수 있지만 매우 중요한 질문을 제기합니다.이 문제는 병렬 실행을위한 그러한 독립적 인 데이터를 식별하는 것이 누구입니까? TLP를 사용하면 애플리케이션 프로그래머와 하드웨어가 부담을 공유합니다. 프로그래머는 스레드 인식 코드를 작성하는 책임이 있지만 여러 프로세싱 코어를 활용하지만 프로세서 자체는 궁극적으로 런타임에 병렬 실행을위한 스레드를 스케줄링하여 활용을 극대화합니다. 따라서 TLP는 프로세서 자체가 스케줄러 역할을하는 스케줄링에 대한 동적 런타임 접근법을 따릅니다.,success
"While the compiler gets the advantage of a full view of the program and could therefore be expected to schedule intelligently, there are conditions the compiler remains blind to as some outcomes remain unknown until actual execution time. Exacerbating this problem is the fact that scheduling set by the compiler cannot be altered at run-time by the processor leaving us with a static, compile-time approach to scheduling in stark contrast to TLP.","컴파일러는 프로그램의 전체보기의 이점을 얻으므로 지능적으로 예약 할 것으로 예상 될 수 있지만, 실제 실행 시간까지 일부 결과가 알려지지 않은 상태에서 컴파일러가 눈을 멀게 유지하는 조건이 있습니다. 이 문제를 악화시키는 것은 컴파일러가 설정 한 스케줄링을 프로세서에 의해 런타임시 변경할 수 없다는 사실입니다.",success
- Box: COOLER MASTER Centurion 590 + Power Supply Silent Pro 500Watts - Black,- 상자 : 쿨러 마스터 센터 리온 590 + 전원 공급 장치 Silent Pro 500WATTS- 검은 색,success
- Motherboard: ASUS P5Q Pro - Chipset Intel P45 / ICH10R | Socket LGA775 - DDR2 1200/1066/800/667 - 2x PCI-Express 16x - SATAII - LAN Gigabit - Audio 7.1 - Firewire - eSATA,- 마더 보드 : Asus P5Q Pro -Chipset Intel P45 / ICH10R | 소켓 LGA775 -DDR2 1200/1066/800/667- 2X PCI -EXPRESS 16X -SAIAI -LAN GIGABIT -AUDIO 7.1- FIREWIRE -ESATA,success
"The picture becomes even clearer in a direct generation comparison of all tested models against each other: With the new benchmarks, Ryzen 9000 gains almost nothing over Ryzen 7000 at application performance, and the (relative) gain is also small at gaming performance. However, the advantages of the new benchmarks of Ryzen 9000 compared to Core1-14000 are very clear: Under applications it is only +2.4% more, but under games it is +8.9% more.",모든 테스트 된 모델의 직접적인 생성 비교에서 사진은 더욱 명확 해집니다. 새로운 벤치 마크를 사용하면 Ryzen 9000은 애플리케이션 성능에서 Ryzen 7000보다 거의 아무것도 얻지 못하고 게임 성능에서도 (상대적) 이득도 작습니다. 그러나 Core1-14000과 비교하여 Ryzen 9000의 새로운 벤치 마크의 장점은 매우 명확합니다. 응용 프로그램에서는 +2.4% 더 높지만 게임에서는 +8.9% 더 많습니다.,success
"And this brings us to the crux of price offensives: You can't usually counter technology offensives immediately, technology first needs to be developed and brought to market (which takes at least quarters, but usually years). But price offensives can be launched at any time - or  can be countered immediately. Every price offensive by AMD thus challenges nVidia to an immediate counter-reaction, which nVidia could also follow immediately in this field. Of course, nVidia does not have to do this, nVidia could rely on the strength of its own product and brand and hope that the market will continue to pay a certain nVidia premium. But the more aggressive AMD's price move is, the less this thesis works.","그리고 이것은 우리에게 가격 공격의 핵심을 가져옵니다. 일반적으로 기술 공격에 대응할 수는 없습니다. 기술은 먼저 먼저 개발되어 시장에 출시되어야합니다 (적어도 4 분의 1이 걸리지 만 일반적으로 몇 년이 걸립니다). 그러나 가격 공격은 언제든지 출시 될 수 있습니다. 또는 즉시 대응할 수 있습니다. 따라서 AMD의 모든 가격은 Nvidia에게 즉각적인 반응에 도전하며, Nvidia는이 분야에서 즉시 따라갈 수 있습니다. 물론 Nvidia는이를 수행 할 필요가 없으며 Nvidia는 자체 제품과 브랜드의 강점에 의존 할 수 있으며 시장이 특정 NVIDIA 프리미엄을 계속 지불하기를 희망합니다. 그러나 AMD의 가격 이동이 더 공격적 일수록이 논문은 더 적다는 것입니다.",success
"However, if AMD really wanted to gain on nVidia, it can be assumed that even more than that is necessary: Either a performance plus or a feature set plus - but in any case no more disadvantages in ray tracing performance and on the feature side. AMD seems to be working hard on the latter, and this can be seen as conceivable preparation for a new, serious attack on nVidia. This attack is really not worthwhile for AMD before then - which does not mean that high-end solutions could not be developed, but these would then have to be deliberately set below nVidia's top solution. After all, at the current price level, nVidia certainly offers the possibility of developing 1000 dollar/euro accelerators that only have to compete with the second-best nVidia graphics chip.","그러나 AMD가 NVIDIA를 실제로 얻고 싶다면 성능 플러스 또는 기능 세트 플러스와 같은 것보다 더 많은 것이 필요하다고 가정 할 수 있지만, 어쨌든 레이 트레이싱 성능과 피처 측면에는 더 이상 단점이 없습니다. AMD는 후자에 대해 열심히 노력하고있는 것으로 보이며, 이것은 Nvidia에 대한 새롭고 심각한 공격에 대한 생각할 수있는 준비로 볼 ​​수 있습니다. 이 공격은 그 전에 AMD에게는 실제로 가치가 없다. 이는 고급 솔루션을 개발할 수 없다는 것을 의미하지는 않지만, 이는 NVIDIA의 최고 솔루션 아래로 의도적으로 설정해야한다. 결국, 현재 가격 수준에서 Nvidia는 확실히 두 번째로 좋은 NVIDIA 그래픽 칩과 경쟁 해야하는 1000 달러/유로 가속기를 개발할 가능성을 확실히 제공합니다.",success
The M3 Macbook pro is 31% faster than the X E while consuming 20% lesser power than the X Elite.,M3 MacBook Pro는 X E보다 31% 빠르며 X Elite보다 20% 적은 전력을 소비합니다.,success
This gives the M3 P core a 61.7% better P/W advantage over the X Elite. Bear in mind this would increase if we compare them at iso performance.,이로 인해 M3 P 코어는 X 엘리트보다 61.7% 더 나은 P/W 이점을 제공합니다. ISO 성능에서 비교하면 이것이 증가 할 것입니다.,success
"This also shows an unexpected direction for DDR5 development that is fortuitous for current buyers. My initial expectation was for MT/s frequency to ramp up as DDR5 matures, up to DDR5-8000 and DDR-10000 and beyond, and for DDR5 latency to go below DDR4 with these faster frequencies. However, early adopters would be put at a disadvantage because today's \~$300 DDR5 motherboards only have memory traces rated for DDR5-6400. It has been unclear if somebody buying a $300 motherboard today could ever experience such truly fast DDR5 with the memory trace on their current motherboard. Meanwhile Intel 12th gen's IMC is also only rated for DDR5-4800, and although users have been running this well past 6400, it is unclear if the IMC would ever drive those aforementioned future DDR5 MT/s speeds. But the fact that we are now seeing a tightening of CAS timings from g.skill means today's adopters can see significantly better latency performance with the memory traces and IMCs they have now!","이것은 또한 현재 구매자에게 우연한 DDR5 개발에 대한 예기치 않은 방향을 보여줍니다. DDR5가 DDR5-8000 및 DDR-10000 이상까지 DDR5 성숙함에 따라 MT/S 빈도가 증가하고 DDR5 대기 시간이 더 빠른 주파수로 DDR4 아래로 이동하는 것이 초기에 대한 기대였습니다. 그러나 오늘날의 \ ~ $ 300 DDR5 마더 보드에는 DDR5-6400에 대한 메모리 추적 만 가지고 있기 때문에 얼리 어답터는 단점이 될 것입니다. 오늘날 300 달러짜리 마더 보드를 구매하는 사람이 현재 마더 보드에 메모리 트레이스가있는 진정으로 빠른 DDR5를 경험할 수 있는지는 확실하지 않았습니다. 한편 인텔 12 세대의 IMC는 DDR5-4800에 대해서만 평가되었으며, 사용자는 6400 년을 지나서이를 잘 실행했지만 IMC가 앞서 언급 한 미래의 DDR5 MT/S 속도를 추진할 것인지는 확실하지 않습니다. 그러나 우리가 지금 G.Skill에서 CAS 타이밍이 강화되고 있다는 사실은 오늘날의 채택자가 지금 가지고있는 메모리 트레이스 및 IMC에서 훨씬 더 나은 대기 시간 성능을 볼 수 있음을 의미합니다!",success
Clamshelling is generally a premium option that you see on workstation cards like the [AMD FirePro S9100](https://www.amd.com/en/products/professional-graphics/firepro-w9100-32gb) that reached 32GB of VRAM on a single GPU all the way back in 2014 (!) despite using the same bog-standard 512-bit Grenada GPU that showed up in the Radeon R9 390 and 390X of the same era.,클레프 쉘링은 일반적으로 [AMD FirePro S9100] (https://www.amd.com/en/products/professional-graphics/firepro-w9100-32GB와 같은 워크 스테이션 카드에서 볼 수있는 프리미엄 옵션입니다. 같은 시대의 Radeon R9 390 및 390x에 나타난 GPU.,success
General advantages of clamshelling include:,조개 껍질의 일반적인 장점은 다음과 같습니다.,success
General disadvantages of clamshelling include:,조개 껍질의 일반적인 단점은 다음과 같습니다.,success
"Needless to say, clamshelling is expected on >$1000 products like the RTX 3090 or FirePro 9100, but it is unexpected on a commodity like a $300 gaming console.","말할 것도없이, Clamshelling은 RTX 3090 또는 FirePro 9100과 같은> $ 1000 제품으로 예상되지만 300 달러의 게임 콘솔과 같은 상품에서는 예상치 못한 일입니다.",success
These types of chip would be perfect for something like the Apple Mac Pro in 2022 or maybe if MS wants to being a desktop Surface machine to compete with Apple in this space?,이러한 유형의 칩은 2022 년 Apple Mac Pro와 같은 것에 적합하거나 MS 가이 공간에서 Apple과 경쟁하기 위해 데스크탑 표면 기계가되고 싶을 수도 있습니까?,success
"* 7nm will initially be very expensive. While AMD's first 7nm GPU, Vega 20, can afford being 331mm2 because it's pro-only, a consumer-centric GPU must be smaller. Just like AMD started with mid-range on 14nm with Polaris, they will start with mid-range on 7nm with Navi. The chips are smaller and simpler since they only need 4 shader engines (which is still a fundamental limitation of GCN as of Vega).","* 7NM은 처음에는 매우 비쌉니다. AMD의 첫 7NM GPU 인 Vega 20은 프로 전용이기 때문에 331mm2가 될 수 있지만 소비자 중심 GPU는 더 작아야합니다. AMD가 Polaris와 함께 14nm의 미드 레인지로 시작한 것처럼, 그들은 Navi와 함께 7nm의 미드 레인지로 시작합니다. 칩은 더 작고 단순합니다. 4 개의 셰이더 엔진 만 필요하기 때문에 (VEGA 기준으로 GCN의 기본 제한).",success
"The solution to the problem described in the previous section is to turn-off NUMA. In fact, the default setting of many BIOS is to be UMA by default, called ""Creative Mode"" by AMD. When in UMA mode or ""Memory-Interleaving"" mode, every thread will try its best to take advantage of both of the memory nodes, alternating between them as if they were in RAID0. But, half of the memory requests will be done quickly, while the other half will have a cross-NUMA delay. In many ""creative"" applications, the latency increase is not a big deal.","이전 섹션에 설명 된 문제에 대한 해결책은 NUMA를 위치하는 것입니다. 실제로 많은 BIOS의 기본 설정은 AMD에 의해 ""Creative Mode""라고하는 기본적으로 UMA가되어야합니다. UMA 모드 또는 ""메모리 인터 리핑""모드에서 모든 스레드는 마치 마치 마치 마치 마치 마치 마치 마치 마치 마치 마치 마치 마치 마치 마치 두 가지 메모리 노드를 활용하기 위해 최선을 다합니다. 그러나 메모리 요청의 절반은 빠르게 수행되는 반면 나머지 절반은 크로스 누마 지연이됩니다. 많은 ""창의적인""응용 프로그램에서 대기 시간 증가는 큰 문제가 아닙니다.",success
"* Video Games are often designed for client systems -- It seems like NUMA / HEDT systems can play video games just fine, but video games are unlikely to take advantage of these high-end features of HEDT processors. As such, HEDT systems at best performs equally in video games, and in many cases can perform worse (!!) due to lower clocks and increased latencies. ""Creative Mode"" or ""UMA mode"" definitely  slows down video games in the typical case.","* 비디오 게임은 종종 클라이언트 시스템을 위해 설계되었습니다. NUMA / HEDT 시스템이 비디오 게임을 잘 재생할 수있는 것처럼 보이지만 비디오 게임은 HEDT 프로세서의 이러한 고급 기능을 활용할 것 같지 않습니다. 따라서 HEDT 시스템은 비디오 게임에서 동일하게 성능을 발휘하며, 많은 경우 시계가 낮고 대기 시간이 증가함에 따라 더 나빠질 수 있습니다 (!!). ""Creative Mode""또는 ""UMA Mode""는 일반적인 경우 비디오 게임을 분명히 느리게합니다.",success
"The hardware I used was a USB3 hub, sandisk extreme USB 3.0 32gb (around 100mb/s) and sandisk extreme pro SD card 32gb (95mb/s). Card reader is a Kingston Mobilelite G4. No issues getting nearly full speed using those devices connected to a desktop.","내가 사용한 하드웨어는 USB3 허브, Sandisk Extreme USB 3.0 32GB (약 100MB/s) 및 Sandisk Extreme Pro SD 카드 32GB (95MB/S)였습니다. 카드 리더는 Kingston Mobilelite G4입니다. 데스크탑에 연결된 장치를 사용하여 거의 최고 속도에 도달하는 데 문제가 없습니다.",success
"Desktop graphics cards were therefore not weaker at all, but in contrast to the overall market, even sold slightly stronger from last quarter (not from last year, of course). The overall market is primarily dependent on the total PC sales: If these do not run, then both iGPUs and discrete laptop graphics solutions will logically sell poorly. This was even explicitly proven by Jon Peddie Research via processor sales figures, which dropped by a whopping -18% from the third to the fourth quarter. Desktop graphics cards alone have the chance to act slightly anti-cyclically at this point, since they are not so directly linked to PC sales (due to the refit option of desktop PCs). The often-maligned DIY market is not that bad for graphics card manufacturers after all - if it is able to turn a lousy performance from the entire PC market into a slightly positive result.","따라서 데스크탑 그래픽 카드는 전혀 약하지 않았지만 전체 시장과 달리 지난 분기 (작년이 아닌)에서 약간 더 강하게 판매되었습니다. 전체 시장은 주로 총 PC 판매에 따라 다릅니다. 이들이 실행되지 않으면 IGPUS 및 IRTERE 랩톱 그래픽 솔루션 모두 논리적으로 제대로 판매됩니다. 이것은 심지어 Jon Peddie Research에 의해 프로세서 판매 수치를 통해 명시 적으로 입증되었으며, 이는 3 분기에서 4 분기까지 -18%로 떨어졌습니다. 데스크탑 그래픽 카드만으로는이 시점에서 약간 반주적으로 행동 할 수 있습니다.이 시점에서 PC 판매와 직접 연결되어 있지 않기 때문입니다 (데스크탑 PC의 리빗 옵션으로 인해). 자주 정렬 된 DIY 시장은 결국 그래픽 카드 제조업체에게는 그렇게 나쁘지 않습니다. 전체 PC 시장에서 성능을 약간 긍정적 인 결과로 전환 할 수 있다면.",success
"To address specific problems you have noted, I’ll start with the 900P paper and review. You claim that our test suite for the 900P review on PC Perspective was created for the Intel work done with Shrout Research. This is not true. The first review to use Allyn’s Latency Percentile performance testing methodology was with the launch of the Samsung 960 EVO in November of 2016 and research of this new testing process was first shown with the 950 PRO review in October of 2015. The 900P review was using this same testing method.",언급 한 특정 문제를 해결하기 위해 900p 논문으로 시작하여 검토하겠습니다. PC 관점에 대한 900p 검토를위한 테스트 스위트는 Shrout Research를 사용한 인텔 작업을 위해 만들어 졌다고 주장합니다. 이것은 사실이 아닙니다. Allyn의 대기 시간 백분위 수 성능 테스트 방법론을 사용한 첫 번째 검토는 2016 년 11 월 Samsung 960 EVO가 출시 되었으며이 새로운 테스트 프로세스에 대한 연구는 2015 년 10 월 950 Pro 검토와 함께 처음으로 보여졌습니다. 900p 검토는 동일한 테스트 방법을 사용했습니다.,success
"If you follow PC Perspective at all, you know that we were going to publish a review on PC Perspective of the 900P regardless of the existence of the white paper or our arrangements with Intel. And our opinion of the product would not be have been swayed. Our agreement with Intel was to vet and evaluate the 900P so it could get an idea of how the device stood in the market and how it might be received in the public. The white paper was only to be written if Intel thought the results from our testing were positive in their eyes, however the fee Shrout Research was paid was the same regardless of whether or not the paper was produced.","PC 관점을 전혀 따르면 백서의 존재 또는 인텔과의 계약에 관계없이 900p의 PC 관점에 대한 리뷰를 게시 할 것임을 알고 있습니다. 그리고 제품에 대한 우리의 의견은 흔들리지 않았을 것입니다. 인텔과의 계약은 900p를 조사하고 평가하여 기기가 시장에 어떻게 서 있었는지, 대중에게 어떻게받을 수 있는지에 대한 아이디어를 얻을 수있었습니다. 백서는 인텔이 테스트 결과가 눈에 긍정적이라고 생각한 경우에만 작성되었지만, 슈라우트 연구가 지불 된 수수료는 종이를 생산했는지 여부에 관계없이 동일했습니다.",success
"If any of these companies saw me, or Shrout Research, or anyone on our team as unreliable or capable of bias, they would have no reason to work with me, especially on the Shrout Research side. Instead, the 18+ years of work that I have under me and the positive results I have produced in terms of relevant, honest, and useful content leads them to partner with us to help make their products, messaging, and companies better.","이 회사 중 하나라도 저를 보거나 연구하거나 우리 팀의 누군가가 신뢰할 수 없거나 편견이있는 것으로 보았을 때, 특히 슈라우트 연구 측면에서 저와 함께 일할 이유가 없을 것입니다. 대신, 제가 제가 가지고있는 18 년 이상의 작업과 관련성 있고 정직하며 유용한 콘텐츠 측면에서 제작 한 긍정적 인 결과는 제품, 메시지 및 회사를 개선하는 데 도움을주기 위해 우리와 파트너 관계를 맺게됩니다.",success
"Add up **Tech Spec** percentage figures(in bold), divide by the number of them you pick to average them(experiment to see where strengths and weaknesses are, such as bottlenecks or lack thereof), multiply by coefficient of GPU Core(italic, to get the coefficient divide the percentage by 100, you may want to save the previous result before you do this to get a range), and I'll bet you have a new percentage that's very close to Rel. Perf.! I can go into this more in-depth if anyone has questions. Memory bandwidth is another value you may want to average in, but these cards probably won't have any issues in that department.","추가 ** 기술 사양 ** 백분율 수치 (대담한), 평균을 선택하기 위해 선택한 수 (병목 현상 또는 약점이 어디에 있는지 확인하기 위해 실험), GPU 코어의 계수 (이탤릭체, 100 율을 분열시키기 전에 이전 결과를 저장하기 전에)를 절약 할 수 있습니다. rel. 성만 해요. 누군가가 질문이 있다면 더 심도있을 수 있습니다. 메모리 대역폭은 평균화하려는 또 다른 값이지만이 카드는 해당 부서에 문제가 없을 것입니다.",success
"""*Compared to RDNA 2, RDNA 3 obviously has a large advantage in compute throughput. After all, it has a higher WGP count. But potential increases in compute throughput go beyond that, because RDNA 3’s SIMDs gain a* ***limited dual issue capability***. *Certain common operations can be packaged into a single VOPD (vector operation, dual) instruction in wave32 mode. In wave64 mode, the SIMD will naturally try to start executing a 64-wide wavefront over a single cycle, provided the instruction can be dual issued.*""","""*RDNA 2와 비교하여 RDNA 3은 분명히 컴퓨팅 처리량에 큰 이점을 가지고 있습니다. 결국 WGP 수가 높습니다. 그러나 RDNA 3의 SIMD는 *** 제한된 이중 문제 기능 ***를 얻습니다. 지침이 이중 발행 될 수 있다면 단일주기에 64 층의 파면을 실행하는 경우.*""",success
"I'm genuinely curious. My way to not to be an XY brand fanboy is to listen to all sides, and hear thier pros and cons. Right now a lot of cons float around Intel, so I'm here to ask about thier pros. (Outside of socket compability, like into an Intel motherboard only Intel CPUs can be inserted.)",나는 진정으로 궁금합니다. XY 브랜드 팬보이가되지 않는 나의 방법은 모든 측면을 듣고 장단점을 듣는 것입니다. 지금은 많은 단점이 인텔 주위에 떠 오르기 때문에 나는 그 전문가에 대해 물어 보려고 여기에 있습니다. (Intel 마더 보드에 대한 소켓 계산 성 외부 인텔 CPU 만 삽입 할 수 있습니다.),success
OCZ ModXStream Pro OCZ700MXSP 700W ATX12V V2.2 / EPS12V,OCZ MODXSTREAM PRO OCZ700MXSP 700W ATX12V V2.2 / EPS12V,success
"I'm on a late 2006 Macbook Pro (model #A1211).  The optical drive (""SuperDrive"", Hitachi-LG model GWA-4080MA)  isn't working properly.  The disc goes in, it makes some clicking sounds, and then pops back out.","저는 2006 년 말 MacBook Pro (Model #A1211)에 있습니다.  광학 드라이브 ( ""SuperDrive"", Hitachi-LG 모델 GWA-4080MA)는 제대로 작동하지 않습니다.  디스크가 들어가고 클릭 소리가 나고 다시 튀어 나옵니다.",success
"* I haven’t noticed any softness in the chassis as I type. My suspicion is if you’re used to typing on an older macbook, where the positive response was the key cap hitting the chassis, you probably got in the habit of tapping hard in order to type fast.",* 타이핑 할 때 섀시의 부드러움을 눈치 채지 못했습니다. 내 의심은 긍정적 인 반응이 섀시에 치는 열쇠 캡 인 오래된 MacBook을 입력하는 데 익숙하다면 빨리 타이핑하기 위해 열심히 두드리는 습관을 가졌을 것입니다.,success
"In closing, I am more happy with this machine every day. It lets me go to bed earlier while not stopping projects that I’m “almost done with,” and it lets me get out of the house without being burdened by my 8 pound, 2011 17” MacBook Pro with a weak battery :) It’s replaced my Nexus 6P as my portable screen of choice.","마지막으로, 나는 매일이 기계에 더 만족합니다. 그것은 내가“거의 끝났다”고 프로젝트를 중단하지 않고 일찍 잠자리에들 수있게 해주었 고, 8 파운드, 2011 17 17”MacBook Pro가 약한 배터리로 부담하지 않고 집 밖으로 나갈 수있게 해줍니다 :) 그것은 내 넥서스 6P를 내 휴대용 화면으로 교체했습니다.",success
[**Microsoft Surface Pro 4**](https://www.amazon.com/gp/product/B01606IDL0/ref=as_li_qf_sp_asin_il_tl?ie=UTF8&tag=techneeqcom-20&camp=1789&creative=9325&linkCode=as2&creativeASIN=B01606IDL0&linkId=6ab5a6d08cd2e07150b5d7fc612a0cf6),[** Microsoft Surface Pro 4 **] (https://www.amazon.com/gp/product/b01606idl0/ref=as_li_qf_sp_asin_il_tl?ie=utf8&tag=techneeqcom-2 0 & camp = 1789 & creative = 9325 & linkcode = as2 & creativeAsin = B01606IDL0 & linkid = 6AB5A6D08CD2E07150B5D7FC612A0CF6),success
[**Microsoft Surface Pro 4 $699**](https://www.amazon.com/gp/product/B01N4OZN8B/ref=as_li_qf_sp_asin_il_tl?ie=UTF8&tag=techneeqcom-20&camp=1789&creative=9325&linkCode=as2&creativeASIN=B01N4OZN8B&linkId=cce2519e8fe262c41f26c9ecd518075b),[** Microsoft Surface Pro 4 $ 699 **] (https://www.amazon.com/gp/product/b01n4ozn8b/ref=as_li_qf_sp_asin_il_tl?ie=utf8&tag=techneeqcom- 20 & camp = 1789 & creative = 9325 & linkcode = as2 & creativeAsin = b01n4ozn8b & linkid = cce2519e8fe262c41f26cd518075b),success
* Microsoft Surface Pro 4 features a 6th generation Intel Core M processor,* Microsoft Surface Pro 4는 6 세대 Intel Core M 프로세서를 특징으로합니다.,success
* Windows 10 Pro operating system,* Windows 10 Pro 운영 체제,success
[**Microsoft Surface Pro 4 $994.97**](https://www.amazon.com/gp/product/B01606IDL0/ref=as_li_qf_sp_asin_il_tl?ie=UTF8&tag=techneeqcom-20&camp=1789&creative=9325&linkCode=as2&creativeASIN=B01606IDL0&linkId=8aed244fd48a4a21c21bb243a466bae3),[** Microsoft Surface Pro 4 $ 994.97 **] (https://www.amazon.com/gp/product/b01606idl0/ref=as_li_qf_sp_asin_il_tl?ie=Utf8&tag=techneeqco M-20 & CAMP = 1789 & Creative = 9325 & LinkCode = AS2 & CreativeAsin = B01606IDL0 & LinkID = 8AED244FD48A4A21C21BB243A466BAE3),success
"A long, long time ago, in a galaxy far, far away (Australia), I decided to give Microsoft a go after more than 10 years on Mac, just to see what hybrids were like. I purchased a Surface Pro 3.","오래 전부터 멀리 떨어진 은하계 (호주)에서, 나는 Mac에서 10 년 이상 후에 Microsoft에게 하이브리드가 어떤지 확인하기로 결정했습니다. Surface Pro 3을 구입했습니다.",success
"It took 6 months of follows up to even get them to email back to my complaint, and believe it or not, their actual response was ""what do you expect us to do?"".  How about a #(\*\^&$ apology for one? By that stage, I'd sold my Surface Pro 3, and purchased a quad core MacBook Pro 15.","6 개월의 후속 조치가 내 불만으로 이메일을 보내도록하기 위해 6 개월이 걸렸으며, 믿거 나 말거나, 그들의 실제 응답은 ""우리가 무엇을 기대합니까?""였습니다.  1에 대한 #(\*\^& $ 사과?",success
"From there, I extended my Mac acquisition with Macbook Pro 13 as a lightweight machine for business travel and an iPad Pro which I used for note taking, mark ups, with the Apple pencil which I loved. For a period I was happy, like most marriages, it knew there were compromises. I still lived in hope that Apple would produce a hybrid so I didn't have to lug around two devices.","거기에서 나는 MacBook Pro 13으로 Mac 획득을 비즈니스 여행을위한 경량 기계로, 내가 좋아했던 Apple Pencil과 함께 메모 복용, 마크 업에 사용한 iPad Pro를 확장했습니다. 나는 대부분의 결혼 생활과 마찬가지로 행복했던 기간 동안 타협이 있다는 것을 알았습니다. 나는 여전히 애플이 하이브리드를 생산하기를 희망하여 두 장치 주위에 멍청 할 필요가 없기를 희망했다.",success
"The cracks in my relationship started to appear progressively when Apple progressively removed all upgrade capability and when it got to a point of making iMac drives non-user replaceable, I was starting to beat my chest like an angry 5 year old. It's a desktop, why the hell would you make the drives non-replaceable, other than ripping off the consumer by facing them to upgrade? I was planning on the new Mac Pro when Apple released a $7,000 screen with a $1000 stand alongside a stupidly overpriced $7,000 Mac Pro that came with a 256 GB drive. What the? They produced a screen for the 12","Apple이 모든 업그레이드 기능을 점차적으로 제거했을 때 내 관계의 균열이 점차 나타나기 시작했고 IMAC가 비 사용자를 교체 할 수없는 시점에 도달했을 때, 나는 5 살짜리 화난 것처럼 내 가슴을 때리기 시작했습니다. 그것은 데스크탑입니다. 왜 도대체 당신은 소비자를 업그레이드하기 위해 소비자를 찢어 버리는 것 외에 다른 드라이브를 비교할 수 없게 만들겠습니까? Apple이 256GB 드라이브와 함께 제공되는 멍청하게 고가의 7,000 달러의 Mac Pro와 함께 $ 1000 스탠드로 7,000 달러의 스크린을 출시했을 때 새로운 Mac Pro를 계획하고있었습니다. 뭐? 그들은 12에 대한 화면을 생성했습니다",success
Part two was the replacement of my 2018 Macbook Pro 13 and my iPad Pro which weren't necessarily due for replacement. I didn't have to replace them but I we're in lock down and I don't feel like having multiple operating systems.,2 부는 2018 MacBook Pro 13과 iPad Pro를 교체 한 것이며 반드시 교체 할 필요는 없었습니다. 나는 그들을 교체 할 필요가 없었지만 우리는 잠그고 있고 여러 운영 체제를 가지고 있다고 생각하지 않습니다.,success
That's astounding. My 2018 12.9 iPad Pro with smart keyboard runs at 1070 grams with a smaller lower resolution screen. It's also lighter than the new iPad Pro 12.9 and Magic keyboard (3 Pounds/1.36 kg's) and the new Macbook Air (1.27kg's).,놀랍습니다. 스마트 키보드가 장착 된 2018 12.9 iPad Pro는 더 작은 해상도 화면으로 1070 그램으로 실행됩니다. 또한 새로운 iPad Pro 12.9와 Magic Keyboard (3 파운드/1.36kg)와 새로운 MacBook Air (1.27kg)보다 가볍습니다.,success
"If Apple wants a lesson in construction, unlike the equally expensive and heavier Macbook Pro and Air, HP put a bigger battery, 4K display, fingerprint reader and LTE in the Dragonfly and both the battery and M2 are user replaceable. Some would try argue that Apple focus on aesthetics first, but even that HP got right. What they managed to produce a good looking light weight laptop without screwing the consumer by making it non-user replaceable?","Apple이 똑같이 비싸고 무거운 MacBook Pro 및 Air와 달리 건설에 ​​대한 교훈을 원한다면 HP는 잠자리에 더 큰 배터리, 4K 디스플레이, 지문 리더 및 LTE를 넣고 배터리와 M2는 사용자 교체 할 수 있습니다. 어떤 사람들은 애플이 먼저 미학에 중점을 둔다고 주장하지만, 심지어 HP조차도 올바르게 얻었습니다. 소비자를 사용하지 않으면 서 소비자를 망치지 않고 잘 생긴 가벼운 웨이트 노트북을 생산할 수있는 것은 무엇입니까?",success
"Coming from the Macbook Pro 13"", the Dragonfly is amazing. I don't think the Macbook Pro is necessarily bad, but the difference in resolution between the two is noticeable. It's one of the best screens I've seen on a laptop.","MacBook Pro 13 ""에서 나오는 잠자리는 놀랍습니다. MacBook Pro가 반드시 나쁘다고 생각하지는 않지만 둘 사이의 해상도 차이는 눈에 띄지 않습니다. 그것은 랩톱에서 본 최고의 화면 중 하나입니다.",success
* Windows 10 Pro operating system,* Windows 10 Pro 운영 체제,success
[**Microsoft Surface Pro 4 $780**](https://www.amazon.com/gp/product/B01606KJ6C/ref=as_li_qf_sp_asin_il_tl?ie=UTF8&tag=techneeqcom-20&camp=1789&creative=9325&linkCode=as2&creativeASIN=B01606KJ6C&linkId=dd3119b84631f393a30c0bea42d0ddb9),[** Microsoft Surface Pro 4 $ 780 **] (https://www.amazon.com/gp/product/b01606kj6c/ref=as_li_qf_sp_asin_il_tl?ie=Utf8&tag=TechNeeqcom- 20 & camp = 1789 & creative = 9325 & linkcode = as2 & creativeAsin = b01606kj6c & linkid = dd3119B84631F393A30C0BEA42D0DDB9),success
[**ASUSPRO B9440 Ultra Thin and Light Business Laptop $939**](https://www.amazon.com/gp/product/B06XFZZ3RX/ref=as_li_qf_sp_asin_il_tl?ie=UTF8&tag=techneeqcom-20&camp=1789&creative=9325&linkCode=as2&creativeASIN=B06XFZZ3RX&linkId=0502cac08ec514e71b41ad32fcd4bc07),[** Asuspro B9440 Ultra Thin 및 Light Business Laptop $ 939 **] (https://www.amazon.com/gp/product/b06xfzz3rx/ref=as_li_qf_sp_asin_il_tl?ie=utf8&tag=techneeqcom- 20 & camp = 1789 & creative = 9325 & linkcode = as2 & creativeAsin = b06xfzz3rx & linkid = 0502CAC08EC514E71B41AD32FCD4BC07),success
Dell XPS 13 - My main concern with this laptop is the screen size. I am coming from a MacBook Pro 15 and a ASUS G46VW. The 16:9 ratio of the XPS 13 kinda of scares me. Would love some feedback on this.,Dell XPS 13-이 노트북의 주요 관심사는 화면 크기입니다. 나는 MacBook Pro 15와 ASUS G46VW에서 왔습니다. XPS 13의 16 : 9 비율은 나를 두려워합니다. 이것에 대한 피드백을 좋아할 것입니다.,success
"good batter life and better screen with srgb/adobe rgb coverage for photo editing. Quad core, atlease 16gb ram, 512ssd, gpu, digitizer screen and 2in1 would be added advantage for phot editing","사진 편집을위한 SRGB/Adobe RGB 커버리지가있는 좋은 반죽 생활과 더 나은 화면. 쿼드 코어, Atlease 16GB RAM, 512SSD, GPU, Digitizer Screen 및 2in1은 Phot 편집에 추가됩니다.",success
PROS:,장점 :,success
PROS:,장점 :,success
3) Lenovo IdeaPad Yoga 2 Pro:,3) Lenovo Ideapad Yoga 2 Pro :,success
PROS:,장점 :,success
4) Dell Venue 11 Pro + Bluetooth Keyboard,4) Dell Venue 11 Pro + Bluetooth 키보드,success
PROS:,장점 :,success
PROS:,장점 :,success
"-Price(?) Base model starts at $1100 it looks like. Depending on the specs of the model, that might be exactly what I need, right around the same price as a comparable Surface Pro 2 with type cover.",-Price (?) 기본 모델은 $ 1100에서 시작합니다. 모델의 사양에 따라 유형 커버가있는 비슷한 표면 프로 2와 동일한 가격에 바로 내가 필요한 것일 수 있습니다.,success
"I've been doing research on what would be a good school CPU but also a good home Cpu (my wife's 5 year old 13in MacBook Pro has performed its duty as the ""household device"" well enough, but it is time for a replacement and I still don't know iOS very well so I'm trying to stay away from a new MacBook). So I am looking at a great grad/business school, home, and family use laptop and the fast, powerful, lightweight, portable, and alittle-expensive ""ultrabook class"" of laptops seem best fit to meet those demands.","나는 좋은 학교 CPU가 무엇인지에 대한 연구를 해왔지만 좋은 홈 CPU (제 아내의 5 살짜리 13in MacBook Pro는 충분히 ""가정용 장치""로 의무를 수행했지만 교체를위한 시간이지만 여전히 iOS를 잘 알지 못하므로 새로운 MacBook에서 멀리 떨어져 있어야합니다). 그래서 저는 훌륭한 졸업생/비즈니스 스쿨, 가정 및 가족 사용 노트북과 빠르고 강력하고 가벼우 며 휴대용이며 독창적 인 ""Ultrabook Class""를 랩탑을 요구하는 데 가장 적합 해 보입니다.",success
"I've somewhat settled on about 5 or 6 brands/models: HP Spectre x360, Lenovo Yoga, Lenovo Carbon ThinkPad, Samsung Notebook 9, Asus Zenbook, Microsoft Surface Pro 4, and the Dell XPS 13. Having a 2-in-1 isn't a must, but it seems like that is where everything is going and seeing they are just as fast as non 2-in-1 laptops, I figured why not have a laptop that can be used as a tablet and is more comfortable when browsing or watching videos while on the couch? But that isn't make or break at all.","HP Specter X360, Lenovo Yoga, Lenovo Carbon ThinkPad, Samsung Notebook 9, Asus Zenbook, Microsoft Surface Pro 4 및 Dell XPS 13을 약 5 개 또는 6 개의 브랜드/모델로 다소 정산했습니다. 2-in-1을 갖는 것은 필수가 아니지만 모든 것이 2 인의 랩탑처럼 빠르지 않은 것처럼 보입니다. 태블릿으로서 소파에서 비디오를 탐색하거나 볼 때 더 편안합니까? 그러나 그것은 전혀 만들거나 깨지 않습니다.",success
"It seems I'm in a great situation because there isn't a bad choice. There are just better ""buys"" and small pros and cons to each. So, I know alot of my decision rides on what has the better back to school package, of which we don't have a clue about yet, so asking this so soon might be futile.","나쁜 선택이 없기 때문에 내가 좋은 상황에있는 것 같습니다. 더 나은 ""구매""와 작은 장단점이 있습니다. 그래서 나는 학교 패키지에 더 나은 학교 패키지에 대한 내 결정을 많이 알고 있습니다. 그 중 우리는 아직 실마리에 대한 단서가 없습니다.",success
\- [Dell Latitude 3400](https://www.notebookcheck.net/Dell-Latitude-3400-Laptop-Review-An-affordable-business-laptop-with-long-battery-life.436543.0.html#toc-verdict) \- no real advantage over the other + higher price,\-[Dell Latitude 3400] (https://www.notebookcheck.net/dell-latitude-3400-laptop-laptop-laptop-laptop-laptop-pordable-business-laptop-with-long-battery-life.436543.0.html#toc-verdict) \-다른 + 비율에 비해 실제 이점이 없습니다.,success
"Other notes: I am basically looking for a high end, ultraportable, light, long battery lasting laptop that do some light gaming (mainly I just want to play overwatch, and medium settings is fine). I was and to some extent still am deciding between a macbook pro and the xps 15, but was overwhelmed with the xps options and am not sure which would fit my needs. Do you guys have any advice?","기타 참고 사항 : 기본적으로 가벼운 게임을하는 고급, 초고속, 가볍고 긴 배터리 지속 노트북을 찾고 있습니다 (주로 오버 워치를 재생하고 중간 설정은 괜찮습니다). 나는 여전히 MacBook Pro와 XPS 15 사이를 결정하고 있었지만 XPS 옵션에 압도되었으며 내 요구에 맞는 것이 확실하지 않습니다. 당신은 조언이 있습니까?",success
Trying to figure out what is out there in 2018 that is lightweight (3lbs or less) and with a graphics card better than an Intel HD 620. All I can think of is a Macbook Pro 13. Anyone else have any other suggestions?,2018 년에 가볍고 (3lbs 이하) 인텔 HD 620보다 그래픽 카드가 더 나은 것이 무엇인지 알아 내려고 노력합니다. 내가 생각할 수있는 것은 MacBook Pro 13입니다. 다른 제안이 있습니까?,success
"**Other notes:**  I've been anti-Apple for a long time, but finally came around to wanting to give them a try.  However, they then released the 2016 MacBook Pro and took away everything I wanted.  I'm not sure I want the keyboard, the USB-C, and the touchbar that come with the MacBook Pro now.","** 기타 메모 : ** 나는 오랫동안 반 애플을했지만 마침내 시도해보고 싶어했습니다.  그러나 그들은 2016 MacBook Pro를 출시하고 내가 원하는 모든 것을 빼앗아갔습니다.  키보드, USB-C 및 MacBook Pro와 함께 제공되는 터치 바를 원한다고 확신합니다.",success
"[**Samsung 850 PRO - 256GB - 2.5-Inch SATA III Internal SSD (MZ-7KE256BW)**](https://www.amazon.com/gp/product/B00LMXBOP4/ref=as_li_qf_sp_asin_il_tl?ie=UTF8&tag=techneeqcom-20&camp=1789&creative=9325&linkCode=as2&creativeASIN=B00LMXBOP4&linkId=9c939aa53ac1258073964eeceda9a6fb) $109, 32% off!","[** Samsung 850 Pro -256GB -2.5 인치 SATA III 내부 SSD (mz-7ke256bw) **] (https://www.amazon.com/gp/product/b00lmxbop4/ref=as_li_qf_sp_asin_il_tl?ie=Utf8&tag=technee QCOM-20 & CAMP = 1789 & Creative = 9325 & LinkCode = AS2 & CreativeAsin = B00LMXBOP4 & LinkID = 9C939AAA53AC1258073964EECEDA9A6FB) $ 109, 32% 할인!",success
"|[**Microsoft Surface Pro 2-in-1 Laptop/Tablet (2024)**](https://progamerstech.com/product/microsoft-surface-pro-2-in-1-laptop-tablet-2024-13-touchscreen-display-16gb-ram-256gb-storage-windows-11-copilot-pc-snapdragon-x-plus-10-core-platinum/)|**Windows 11 Copilot+ PC, 13"" Touchscreen Display, Snapdragon X Plus (10 Core), 16GB RAM, 256GB Storage** **$860** **General Use/School/Work Productivity.**|**$815**|**General Use/School/Work Productivity.**|","| [** Microsoft Surface Pro 2-in-1 노트북/태블릿 (2024) **] (https://progamerstech.com/product/microsoft-surface-proce-pro-2-in-1-laptop-tablet-2024-13-Touchscreen-display-16GB-256GB-storage-Windows-11-Copilot-PC-Snapdragon-X-Plus-10-Core-Platinum/-Platinum/- 13 ""터치 스크린 디스플레이, Snapdragon X Plus (10 코어), 16GB RAM, 256GB 스토리지 ** ** $ 860 ** ** 일반 사용/학교/작업 생산성. ** | ** $ 815 ** | ** 일반 사용/학교/작업 생산성. ** |",success
"|[**ASUS VivoBook Pro 15 Laptop**](https://www.ebay.com/itm/204800592891?mkcid=1&mkrid=711-53200-19255-0&siteid=0&campid=5338849294&customid=GameChanger&toolid=10001&mkevt=1)|**15.6"", FHD (1920 x 1080) 16:9, 60Hz, 400-nits SDR, 600-nits HDR, 100% DCI-P3 OLED Display, Intel Ultra 9 185H, RTX 3050, 24GB RAM, 2TB SSD.**|**$1,049.99**|**General Use/School/Work Productivity + Light Gaming/Video Editing**|","| [** Asus Vivobook Pro 15 노트북 **] (https://www.ebay.com/itm/204800592891?mkcid=1&mkrid=711-53200-19255-0&siteid=0&campid=5338849294&customid=GameChanger 설정) | MKEVT=1101010101011011010110110110110110101011011011011011011011011011011011011011011011011011011011011011011011011011011011011011011011110111011111111111111까지 | FHD (1920 x 1080) 16 : 9, 60Hz, 400-NITS SDR, 600-NITS HDR, 100% DCI-P3 OLED 디스플레이, 인텔 울트라 9 185H, RTX 3050, 24GB RAM, 2TB SSD.",success
"|[**Apple 2024 MacBook Pro Laptop with M4 chip**](https://progamerstech.com/product/apple-2024-macbook-pro-laptop-with-m4-chip-with-10%E2%80%91core-cpu-and-10%E2%80%91core-gpu-built-for-apple-intelligence-14-2-inch-liquid-retina-xdr-display-16gb-unified-memory-512gb-ssd-storage/)|**with 10‑core CPU and 10‑core GPU: Built for Apple Intelligence, 14.2-inch Liquid Retina XDR Display, 16GB Unified Memory, 512GB SSD Storage**|**$1,299**|**General Use/School/Work Productivity + Light Gaming/Video Editing**|","| [** Apple 2024 MACBOOK PRO 노트북이있는 M4 Chip **] (https://progamerstech.com/product/apple-2024-macbook-pro-laptop-with-m4-chip-with-10%E2%80%91core-cpu-and-10%E2%80 %91core-gpu-built-for-apple-intelligence-14-2-inch-liquid-retina-xdr-display-16gb- unified-memory-512gb-ssd-storage/) | ** 10 코어 CPU 및 10 코어 GPU : Apple Intelligence, 14.2 인치 액체 Retina XDR 디스플레이, 16GB 통합 메모리, 512GB SSD 스토리지 ** | ** $ 1,299 ** ** 일반 사용/작업 생산성 + 라이트 게임/비디오 편집 ** |",success
"|[**Apple MacBook Pro; M4 Pro**](https://progamerstech.com/product/apple-2024-macbook-pro-laptop-with-m4-pro-12%E2%80%91core-cpu-16%E2%80%91core-gpu-built-for-apple-intelligence-14-2-inch-liquid-retina-xdr-display-24gb-unified-memory-512gb-ssd-storage-silver/)|**12‑core CPU, 16‑core GPU, 14.2"" 3024-by-1964 1000 nits 120Hz Liquid Retina XDR Display, 24GB RAM, 512GB SSD**| **$1,699**|**General Use/School/Work Productivity + Light Gaming/Video Editing**|","| [** Apple MacBook Pro; M4 pro **] (https://progamerstech.com/product/apple-2024-macbook-pro-laptop-with-m4-pro-12%E2%80%91core-cpu-16%E2%80%91core-gpu -Built-for-Apple-Intelligence-2-Inch-liquid-letina-xdr-display-24GB-unified-memory-512GB-SSD-Storage-silver/) | ** 12-core CPU, 16 코어 GPU, 14.2 ""3024-1964 1000 NIT 120Hz 액체 망막 XDR 디스플레이, 24GB RAM, 512GB SSD ** | ** $ 1,699 ** | ** 일반 사용/학교/작업 생산성 + 라이트 게임/비디오 편집 ** |",success
"|[**Lenovo Legion Pro 7i Gaming Notebook**](https://www.ebay.com/itm/306301779985?amdata=enc%3AAQAKAAAAoFkggFvd1GGDu0w3yXCmi1etFzoti1iIelfa6hcFKfPt48BMxEaPB%2FLCoFdiHwOj3W4xmvyWc8ReOVwKgW27E3cy04f5DrS64VBhvV75v9mqIkCw9FVJjJ1mXfCrk5fpBNucxyxBOo6iAHfzZB7A4ZGy6OaIzWpC7J9PoZCZ8T3vd4fZNL2gd%2FUr1lj5JXFs6AcSN1F89uhh8IBbrYeELlc%3D&mkcid=1&mkrid=711-53200-19255-0&siteid=0&campid=5338849294&customid=GameChanger&toolid=10001&mkevt=1)|**16"" WQXGA OLED 240Hz Display, Intel Core Ultra 9 275HX, RTX 5070Ti, 32GB RAM, 1TB SSD**|**$2,199.99**|**Competitive Gaming/Video Editing/Content Creation**|","| [** Lenovo Legion Pro 7i 게임 노트북 **] (https://www.ebay.com/itm/306301779985?amdata=enc%3aaqakaaaaaofkggfvd1ggdu0w3yxcmi1etfzoti 1iIelfa6hcFKfPt48BMxEaPB%2FLCoFdiHwOj3W4xmvyWc8ReOVwKgW27E3cy04f5DrS64VBhvV75v9mqIkCw9FVJjJ1mXfCrk5f pBNucxyxBOo6iAHfzZB7A4ZGy6OaIzWpC7J9PoZCZ8T3vd4fZNL2gd%2FUr1lj5JXFs6AcSN1F89uhh8IBbrYeELlc%3D&mkcid= 1 & mkrid = 711-53200-19255-0 & siteid = 0 & campid = 5338849294 & customId = gamechanger & toolid = 10001 & mkevt = 1) | ** 16 "" WQXGA OLED 240Hz 디스플레이, 인텔 코어 울트라 9 275HX, RTX 5070TI, 32GB RAM, 1TB SSD ** | ** $ 2,199.99 ** | ** 경쟁력있는 게임/비디오 편집/콘텐츠 제작 ** |",success
"[Amazon] LG gram Pro AI Thin & Lightweight Laptop: 16"" WQXGA+ (2880 x 1800) OLED, Intel Ultra 7 255H, Intel Arc Graphics, 16GB LPDDR5X, 1TB SSD, Win11 Home - for $1,299 after 38% off","[Amazon] LG GRAM PRO AI 얇고 경량 노트북 : 16 ""WQXGA+ (2880 x 1800) OLED, Intel Ultra 7 255H, Intel Arc Graphics, 16GB LPDDR5X, 1TB SSD, Win11 Home- 38% 오프 후 $ 1,299",success
"[Amazon] LG gram Pro AI Thin & Lightweight Laptop: 16"" WQXGA+ (2880 x 1800) OLED, Intel Core Ultra 7 255H, Intel Arc Graphics, 32GB LPDDR5X, 1TB SSD, Win11 Home - for $1,599.99 after 30% off","[Amazon] LG GRAM PRO AI THIN & Lightweight Laptop : 16 ""WQXGA+ (2880 x 1800) OLED, Intel Core Ultra 7 255H, Intel Arc Graphics, 32GB LPDDR5X, 1TB SSD, Win11 Home- 30% 할인 후 $ 1,599.99",success
"[Amazon] LG gram Pro Thin & Lightweight Laptop: 16” WQXGA (2560 x 1600) IPS Touch, Intel Ultra 7 155H, Intel Arc Graphics, 16GB LPDDR5x, 512GB SSD, Win11 Home - for $1,199.99 after 20% off","[Amazon] LG Gram Pro 얇고 경량 노트북 : 16 인치 WQXGA (2560 x 1600) IPS 터치, Intel Ultra 7 155H, Intel Arc Graphics, 16GB LPDDR5X, 512GB SSD, Win11 Home- 20% 오프 후 $ 1,199.99",success
"[Amazon] LG gram Pro Thin & Lightweight Laptop: 16” WQXGA (2560 x 1600) IPS Touchscreen, Intel Ultra 7 155H, Intel Arc Graphics, 16GB LPDDR5X, 1TB SSD, Win11 Home - for $1,199.99 after $100 off","[Amazon] LG Gram Pro 얇고 경량 노트북 : 16 인치 WQXGA (2560 x 1600) IPS 터치 스크린, Intel Ultra 7 155H, Intel Arc Graphics, 16GB LPDDR5X, 1TB SSD, Win11 Home- $ 100 할인 후 $ 1,199.99",success
"|[**Lenovo Yoga Pro 7**](https://www.ebay.com/itm/156225250830?amdata=enc%3AAQAJAAAAoHoV3kP08IDx%2BKZ9MfhVJKkunhs0jJZ4XGL6A2EXlfKFfsQLBsaE8TvhPP706L84KdU0UjGiCy0g5naRCZIyjU1AgvGZ93JqL4aVepymjKDh8NlA%2BTvHiZQ1UehbJvjE1BwUMNkMElqmpwMGS2aFlpbV%2BkQTPXEvRow0H6ZBdD5Su3hyoe3LsVlE07VvlbblVS0MXWZpYuQFgk9FNHtWl3c%3D&mkcid=1&mkrid=711-53200-19255-0&siteid=0&campid=5338849294&customid=GameChanger&toolid=10001&mkevt=1)|**Ryzen 7 8845HS, RTX 3050, 16GB RAM, 1TB SSD, QHD+ 14.5"" 90Hz IPS Touch Display.**|**$841.99**|","| [** Lenovo Yoga Pro 7 **] (https://www.ebay.com/itm/156225250830?amdata=enc%3AAQAAQAACAAAAAOHOV3KP08IDX%2BKZ9MFHVJKKUNHS0JJZZ4X gl6a2exlfkffsqlbsae8tvhpp706l84kdu0ujgicy0g5narcziju1agvgzz93jql4avepymjkdh8nla%2btvhizq1uehbjvje1bw umnkmelqmpwmgs2aflpbv%2bkqtpxevrow0h6zbddd5su3hyoe3lsvle07vvlbblvs0mxwzpyuqfgk9fnhtwl3c%3d & mkcid = 1 & m KRID = 711-53200-19255-0 & siteId = 0 & campid = 5338849294 & customId = GameChanger & Toolid = 10001 & mkevt = 1) | ** ryzen 7 8845HS, RTX 3050, 16GB RAM, 1TB SSD, QHD+ 14.5 ""90Hz IPS 터치 디스플레이. ** | ** $ 841.99 ** |",success
"|[**LG Gram Pro Laptop**](https://progamerstech.com/product/lg-gram-pro-16-inch-2in1-thin-and-lightweight-laptop-intel-evo-edition-ai-enabled-intel-core-ultra-7-processor-windows-11-home-16gb-ram-512gb-ssd-touch-ips-display-black/)|**16” WQXGA (2560 x 1600) IPS Pen Touch, Intel Ultra 7 155H, Intel Arc Graphics, 16GB LPDDR5x, 512GB SSD**|**$1,199**|","| [** LG 그램 프로 노트북 **] (https://progamerstech.com/product/lg-gram-pro-16-inch-2in1--lightweight-laptop-intel-evo-edition-ai-ai-enabled-core-ultra-7-processor--16gb-ram-512gb-ssd-touch-displaypay-black/). WQXGA (2560 x 1600) IPS 펜 터치, Intel Ultra 7 155H, Intel Arc 그래픽, 16GB LPDDR5X, 512GB SSD ** | ** $ 1,199 ** |",success
"|[**Apple 2024 MacBook Pro Laptop**](https://progamerstech.com/product/apple-2024-macbook-pro-laptop-with-m4-chip-with-10%E2%80%91core-cpu-and-10%E2%80%91core-gpu-built-for-apple-intelligence-14-2-inch-liquid-retina-xdr-display-16gb-unified-memory-1tb-ssd-storage-sp/)|**with M4 chip with 10‑core CPU and 10‑core GPU: Built for Apple Intelligence, 14.2-inch Liquid Retina XDR Display, 16GB Unified Memory, 1TB SSD Storage; Space Black**|**$1,589**|","| [** Apple 2024 MacBook Pro 노트북 **] (https://progamerstech.com/product/apple-2024-macbook-pro-laptop-with-m4-chip-with-10%E2%80%91core-cpu-and-10%E2%80 %91core-gpu-built-for-apple-intelligence-14-2-inch-liquid-retina-xdr-display-16gb- unified-memory-1tb-ssd-storage-sp/) | ** 10 코어 CPU 및 10 코어 GPU가있는 M4 칩 : Apple Intelligence, 14.2 인치 액체 Retina XDR 디스플레이, 16GB 통합 메모리, 1TB SSD 저장; 우주 블랙 ** | ** $ 1,589 ** |",success
"[Amazon] LG gram Pro 2in1 Laptop: 16” WQXGA (2560 x 1600) IPS Touchscreen, Intel Ultra 7 155H, Intel Arc Graphics, 16GB RAM, 1TB SSD, Win11 Home - Now: $1,279. After 20% Off","[Amazon] LG GRAM PRO 2IN1 노트북 : 16 인치 WQXGA (2560 x 1600) IPS 터치 스크린, 인텔 울트라 7155H, 인텔 아크 그래픽, 16GB RAM, 1TB SSD, Win11 홈 - 현재 : 20% 할인 후 20% 할인",success
"[Amazon] LG gram Pro 2in1 Laptop: 16” WQXGA (2560 x 1600) IPS Touchscreen, Intel Ultra 7 155H, Intel Arc Graphics, 16GB RAM, 1TB SSD, Win11 Home - Now: $1,199.99 After 25% Off","[Amazon] LG GRAM PRO 2IN1 노트북 : 16 인치 WQXGA (2560 x 1600) IPS 터치 스크린, 인텔 울트라 7155H, 인텔 아크 그래픽, 16GB RAM, 1TB SSD, WIN11 홈 -25% 후 $ 1,199.99",success
📌💻✨LG Gram x r/SuggestALaptop: LG gram Pro AI Laptop Giveaway- Enter to be one of 10 SAL users to get one of the newest LG laptops on the market to Review and to keep! ✨💻 📌,lg Gram X R/PropertalAptop : LG Gram Pro AI 노트북 공짜- 10 명의 SAL 사용자 중 한 명으로 입력하여 시장에서 최신 LG 노트북 중 하나를 검토하고 유지할 수 있습니다! ✨💻 ✨💻,success
"[Amazon] LG gram Pro 2in1 Laptop: 16” WQXGA (2560 x 1600) IPS Touchscreen, Intel Ultra 7 155H, Intel Arc Graphics, 16GB RAM, 1TB SSD, Win11 Home - Now: $1,199.99 After 25% Off","[Amazon] LG GRAM PRO 2IN1 노트북 : 16 인치 WQXGA (2560 x 1600) IPS 터치 스크린, 인텔 울트라 7155H, 인텔 아크 그래픽, 16GB RAM, 1TB SSD, WIN11 홈 -25% 후 $ 1,199.99",success
"[Amazon] LG gram Pro 2in1 Laptop: 16” WQXGA (2560 x 1600) IPS Touchscreen, Intel Ultra 7 155H, Intel Arc Graphics, 16GB RAM, 1TB SSD, Win11 Home - Now: $1,279.99 After 20% Off","[Amazon] LG GRAM PRO 2IN1 노트북 : 16 인치 WQXGA (2560 x 1600) IPS 터치 스크린, 인텔 울트라 7155H, 인텔 아크 그래픽, 16GB RAM, 1TB SSD, WIN11 홈 - 현재 : 20% 씩 $ 1,279.99",success
"|[**Lenovo Yoga Pro 7**](https://www.ebay.com/itm/156225250830?amdata=enc%3AAQAJAAAAoHoV3kP08IDx%2BKZ9MfhVJKkunhs0jJZ4XGL6A2EXlfKFfsQLBsaE8TvhPP706L84KdU0UjGiCy0g5naRCZIyjU1AgvGZ93JqL4aVepymjKDh8NlA%2BTvHiZQ1UehbJvjE1BwUMNkMElqmpwMGS2aFlpbV%2BkQTPXEvRow0H6ZBdD5Su3hyoe3LsVlE07VvlbblVS0MXWZpYuQFgk9FNHtWl3c%3D&mkcid=1&mkrid=711-53200-19255-0&siteid=0&campid=5338849294&customid=GameChanger&toolid=10001&mkevt=1)|**Ryzen 7 8845HS, RTX 3050, 16GB RAM, 1TB SSD, QHD+ 14.5"" 90Hz IPS Touch Display.**|**$949.99**|","| [** Lenovo Yoga Pro 7 **] (https://www.ebay.com/itm/156225250830?amdata=enc%3AAQAAQAACAAAAAOHOV3KP08IDX%2BKZ9MFHVJKKUNHS0JJZZ4X gl6a2exlfkffsqlbsae8tvhpp706l84kdu0ujgicy0g5narcziju1agvgzz93jql4avepymjkdh8nla%2btvhizq1uehbjvje1bw umnkmelqmpwmgs2aflpbv%2bkqtpxevrow0h6zbddd5su3hyoe3lsvle07vvlbblvs0mxwzpyuqfgk9fnhtwl3c%3d & mkcid = 1 & m KRID = 711-53200-19255-0 & siteId = 0 & campid = 5338849294 & customId = GameChanger & Toolid = 10001 & mkevt = 1) | ** ryzen 7 8845HS, RTX 3050, 16GB RAM, 1TB SSD, QHD+ 14.5 ""90Hz IPS 터치 디스플레이. ** | ** $ 949.99 ** |",success
"|[**LG Gram Pro Laptop**](https://progamerstech.com/product/lg-gram-pro-16-inch-2in1-thin-and-lightweight-laptop-intel-evo-edition-ai-enabled-intel-core-ultra-7-processor-windows-11-home-16gb-ram-512gb-ssd-touch-ips-display-black/)|**16” WQXGA (2560 x 1600) IPS Pen Touch, Intel Ultra 7 155H, Intel Arc Graphics, 16GB LPDDR5x, 512GB SSD**| **$1,197**|","| [** LG 그램 프로 노트북 **] (https://progamerstech.com/product/lg-gram-pro-16-inch-2in1--lightweight-laptop-intel-evo-edition-ai-ai-enabled-core-ultra-7-processor--16gb-ram-512gb-ssd-touch-displaypay-black/). WQXGA (2560 x 1600) IPS 펜 터치, Intel Ultra 7 155H, Intel Arc 그래픽, 16GB LPDDR5X, 512GB SSD ** |",success
"|[**Apple 2024 MacBook Pro Laptop**](https://progamerstech.com/product/apple-2024-macbook-pro-laptop-with-m4-chip-with-10%E2%80%91core-cpu-and-10%E2%80%91core-gpu-built-for-apple-intelligence-14-2-inch-liquid-retina-xdr-display-16gb-unified-memory-1tb-ssd-storage-sp/)|**with M4 chip with 10‑core CPU and 10‑core GPU: Built for Apple Intelligence, 14.2-inch Liquid Retina XDR Display, 16GB Unified Memory, 1TB SSD Storage; Space Black**|**$1,599**|","| [** Apple 2024 MacBook Pro 노트북 **] (https://progamerstech.com/product/apple-2024-macbook-pro-laptop-with-m4-chip-with-10%E2%80%91core-cpu-and-10%E2%80 %91core-gpu-built-for-apple-intelligence-14-2-inch-liquid-retina-xdr-display-16gb- unified-memory-1tb-ssd-storage-sp/) | ** 10 코어 CPU 및 10 코어 GPU가있는 M4 칩 : Apple Intelligence, 14.2 인치 액체 Retina XDR 디스플레이, 16GB 통합 메모리, 1TB SSD 저장; 우주 블랙 ** | ** $ 1,599 ** |",success
"|[**HP Pavilion Plus 14-eh1299nr (2023)**](https://progamerstech.com/product/hp-pavilion-plus-14-inch-laptop-2-8k-oled-display-13th-generation-intel-core-i7-1355u-16-gb-ram-1-tb-ssd-nvidia-geforce-rtx-2050-graphics-windows-11-pro-14-eh1299nr-2023-4/)|**14"" 2.8K OLED Display, 13th Generation Intel Core i7-1355U, 16 GB RAM, 1 TB SSD, NVIDIA GeForce RTX 2050 Graphics, Windows 11 Pro**|**$1,096.98**|","| [** HP Pavilion Plus 14-EH1299NR (2023) **] (https://progamerstech.com/product/hp-pavilion-plus-14-inch-laptop-2-8k-oled-display-13th-generation-i NTEL-CORE-I7-1355U-16-GB-RAM-1-TB-SSD-NVIDIA-GEFORCE-RTX-2050-GRAPICS-WINDOWS-11-PRO-14-EH1299NR-2023-4/) | ** 14 "" 2.8K OLED 디스플레이, 13 세대 인텔 코어 i7-1355U, 16GB RAM, 1 TB SSD, NVIDIA GEFORCE RTX 2050 그래픽, Windows 11 Pro ** | ** $ 1,096.98 ** |",success
"|[**ASUS VivoBook Pro 15X Laptop**](https://progamerstech.com/product/asus-vivobook-pro-15x-laptop-144hz-15-6-fhd-display-amd-ryzen-9-6900hx-mobile-cpu-nvidia-geforce-rtx-3070-gpu-32gb-ddr5-ram-1tb-pcie-ssd-windows-11-home-0black-m6501rr-db96/)|**144Hz 15.6” FHD Display, AMD Ryzen 9 6900HX Mobile CPU, NVIDIA GeForce RTX 3070 GPU, 32GB DDR5 RAM, 1TB PCIe SSD, Windows 11 Home**|**$1,660**|","| [** Asus Vivobook Pro 15x 노트북 **] (https://progamerstech.com/product/asus-vivobook-pro-15x-laptop-144hz-15-6-fhd-display-amd-ryzen-9-6900h X-Mobile-CPU-NVIDIA-GEFORCE-RTX-3070-GPU-32GB-DDR5-RAM-1TB-PCIE-SSD-WINDOWS-11-HOME-0BLACK-M6501RR-DB96/) | ** 144Hz 15.6”FHD 디스플레이, AMD Ryzen 9 6900HX 모바일 CPU, NVIDIA GEFORCE RTX 3070 GPU, 32GB DDR5 RAM, 1TB PCIE SSD, Windows 11 홈 ** | ** $ 1,660 ** |",success
"|[**ASUS VivoBook Pro 14 OLED Laptop**](https://progamerstech.com/product/asus-vivobook-pro-14-oled-laptop-14-2-8k-oled-display-amd-ryzen-7-6800h-mobile-cpu-nvidia-geforce-rtx-3050-gpu-16gb-ram-1tb-ssd-windows-11-home-quiet-blue-m6400rc-eb74/)|**14” 2.8K OLED Display, AMD Ryzen 7 6800H Mobile CPU, NVIDIA® GeForce® RTX™ 3050 GPU,16GB RAM, 1TB SSD, Windows 11 Home**|**$1,149.99**|","| [** Asus Vivobook Pro 14 OLED 노트북 **] (https://progamerstech.com/product/asus-vivobook-pro-14-oled-laptop-14-2-8k-oled-display-amd-ryzen-7 -6800H-Mobile-CPU-NVIDIA-GEFORCE-RTX-3050-GPU-16GB-RAM-1TB-SSD-WINDOWS-11- 집-쿼트 블루 -M6400RC-EB74/) | ** 14” 2.8K OLED 디스플레이, AMD RYZEN 7 6800H 모바일 CPU, NVIDIA® GEFORCE® RTX ™ 3050 GPU, 16GB RAM, 1TB SSD, Windows 11 홈 ** | ** $ 1,149.99 ** |",success
"[Amazon] LG gram Pro Thin & Lightweight Laptop: 16” WQXGA (2560 x 1600) IPS Pen Touch, Intel Ultra 7 155H, Intel Arc Graphics, 16GB LPDDR5x, 512GB SSD, Win11 Home - for $1,197 after 20% off","[아마존] LG 그램 프로 얇고 경량 노트북 : 16 인치 WQXGA (2560 x 1600) IPS 펜 터치, 인텔 울트라 7 155H, 인텔 아크 그래픽, 16GB LPDDR5X, 512GB SSD, Win11 홈 - 20% 오프 후 $ 1,197",success
"[Amazon] LG gram Pro 2in1 Laptop: 16” WQXGA (2560 x 1600) IPS Touchscreen, Intel Ultra 7 155H, Intel Arc Graphics, 16GB RAM, 1TB SSD, Win11 Home - Now: $1,279.99 After 20% Off","[Amazon] LG GRAM PRO 2IN1 노트북 : 16 인치 WQXGA (2560 x 1600) IPS 터치 스크린, 인텔 울트라 7155H, 인텔 아크 그래픽, 16GB RAM, 1TB SSD, WIN11 홈 -20% 후 $ 1,279.99",success
"[Amazon] LG gram Pro 2in1 Laptop: 16” WQXGA (2560 x 1600) IPS Touchscreen, Intel Ultra 7 155H, Intel Arc Graphics, 16GB RAM, 1TB SSD, Win11 Home - Now: $1,199.99 After 25% Off","[Amazon] LG GRAM PRO 2IN1 노트북 : 16 인치 WQXGA (2560 x 1600) IPS 터치 스크린, 인텔 울트라 7155H, 인텔 아크 그래픽, 16GB RAM, 1TB SSD, WIN11 홈 -25% 후 $ 1,199.99",success
"[Amazon] LG gram Pro 2in1 Laptop: 16” WQXGA (2560 x 1600) IPS Touchscreen, Intel Ultra 7 155H, Intel Arc Graphics, 16GB LPDDR5x, 1TB SSD, Win11 Home - for $1,199.99 after 25% off","[Amazon] LG GRAM PRO 2IN1 노트북 : 16 인치 WQXGA (2560 x 1600) IPS 터치 스크린, 인텔 울트라 7 155H, 인텔 아크 그래픽, 16GB LPDDR5X, 1TB SSD, Win11 홈 - 25% 오프 후 $ 1,199.99",success
"|[**Lenovo Yoga Pro 7**](https://www.ebay.com/itm/156225250830?amdata=enc%3AAQAJAAAAoHoV3kP08IDx%2BKZ9MfhVJKkunhs0jJZ4XGL6A2EXlfKFfsQLBsaE8TvhPP706L84KdU0UjGiCy0g5naRCZIyjU1AgvGZ93JqL4aVepymjKDh8NlA%2BTvHiZQ1UehbJvjE1BwUMNkMElqmpwMGS2aFlpbV%2BkQTPXEvRow0H6ZBdD5Su3hyoe3LsVlE07VvlbblVS0MXWZpYuQFgk9FNHtWl3c%3D&mkcid=1&mkrid=711-53200-19255-0&siteid=0&campid=5338849294&customid=GameChanger&toolid=10001&mkevt=1)|**Ryzen 7 8845HS, RTX 3050, 16GB RAM, 1TB SSD, QHD+ 14.5"" 90Hz IPS Touch Display.**|**$890.99**|","| [** Lenovo Yoga Pro 7 **] (https://www.ebay.com/itm/156225250830?amdata=enc%3AAQAAQAACAAAAAOHOV3KP08IDX%2BKZ9MFHVJKKUNHS0JJZZ4X gl6a2exlfkffsqlbsae8tvhpp706l84kdu0ujgicy0g5narcziju1agvgzz93jql4avepymjkdh8nla%2btvhizq1uehbjvje1bw umnkmelqmpwmgs2aflpbv%2bkqtpxevrow0h6zbddd5su3hyoe3lsvle07vvlbblvs0mxwzpyuqfgk9fnhtwl3c%3d & mkcid = 1 & m KRID = 711-53200-19255-0 & siteId = 0 & campid = 5338849294 & customId = GameChanger & Toolid = 10001 & mkevt = 1) | ** ryzen 7 8845HS, RTX 3050, 16GB RAM, 1TB SSD, QHD+ 14.5 ""90Hz IPS 터치 디스플레이. ** | ** $ 890.99 ** |",success
"|[**Apple 2024 MacBook Pro Laptop**](https://progamerstech.com/product/apple-2024-macbook-pro-laptop-with-m4-chip-with-10%E2%80%91core-cpu-and-10%E2%80%91core-gpu-built-for-apple-intelligence-14-2-inch-liquid-retina-xdr-display-16gb-unified-memory-1tb-ssd-storage-sp/) |**with M4 chip with 10‑core CPU and 10‑core GPU: Built for Apple Intelligence, 14.2-inch Liquid Retina XDR Display, 16GB Unified Memory, 1TB SSD Storage; Space Black**|**$1,599**|","| [** Apple 2024 MacBook Pro 노트북 **] (https://progamerstech.com/product/apple-2024-macbook-pro-laptop-with-m4-chip-with-10%E2%80%91core-cpu-and-10%E 2%80%91core-gpu-built-for-apple-intelligence-2-inch-liquid-retina-xdr-display-16GB- unified-memory-1TB-SSD-Storage-sp/) | ** 10 코어 CPU 및 10 코어 GPU가 장착 된 M4 칩 : Apple Intelligence, 14.2 인치 액체 Retina XDR 디스플레이, 16GB 통합 메모리, 1TB SSD 스토리지; 우주 블랙 ** | ** $ 1,599 ** |",success
"|[**HP Pavilion Plus 14-eh1299nr (2023)**](https://progamerstech.com/product/hp-pavilion-plus-14-inch-laptop-2-8k-oled-display-13th-generation-intel-core-i7-1355u-16-gb-ram-1-tb-ssd-nvidia-geforce-rtx-2050-graphics-windows-11-pro-14-eh1299nr-2023-4/)|**14"" 2.8K OLED Display, 13th Generation Intel Core i7-1355U, 16 GB RAM, 1 TB SSD, NVIDIA GeForce RTX 2050 Graphics, Windows 11 Pro**|**$1,096.98**|","| [** HP Pavilion Plus 14-EH1299NR (2023) **] (https://progamerstech.com/product/hp-pavilion-plus-14-inch-laptop-2-8k-oled-display-13th-generation-i NTEL-CORE-I7-1355U-16-GB-RAM-1-TB-SSD-NVIDIA-GEFORCE-RTX-2050-GRAPICS-WINDOWS-11-PRO-14-EH1299NR-2023-4/) | ** 14 "" 2.8K OLED 디스플레이, 13 세대 인텔 코어 i7-1355U, 16GB RAM, 1 TB SSD, NVIDIA GEFORCE RTX 2050 그래픽, Windows 11 Pro ** | ** $ 1,096.98 ** |",success
"|[**ASUS VivoBook Pro 15X Laptop**](https://progamerstech.com/product/asus-vivobook-pro-15x-laptop-144hz-15-6-fhd-display-amd-ryzen-9-6900hx-mobile-cpu-nvidia-geforce-rtx-3070-gpu-32gb-ddr5-ram-1tb-pcie-ssd-windows-11-home-0black-m6501rr-db96/)|**144Hz 15.6” FHD Display, AMD Ryzen 9 6900HX Mobile CPU, NVIDIA GeForce RTX 3070 GPU, 32GB DDR5 RAM, 1TB PCIe SSD, Windows 11 Home**|**$1,660**|","| [** Asus Vivobook Pro 15x 노트북 **] (https://progamerstech.com/product/asus-vivobook-pro-15x-laptop-144hz-15-6-fhd-display-amd-ryzen-9-6900h X-Mobile-CPU-NVIDIA-GEFORCE-RTX-3070-GPU-32GB-DDR5-RAM-1TB-PCIE-SSD-WINDOWS-11-HOME-0BLACK-M6501RR-DB96/) | ** 144Hz 15.6”FHD 디스플레이, AMD Ryzen 9 6900HX 모바일 CPU, NVIDIA GEFORCE RTX 3070 GPU, 32GB DDR5 RAM, 1TB PCIE SSD, Windows 11 홈 ** | ** $ 1,660 ** |",success
"|[**ASUS VivoBook Pro 14 OLED Laptop**](https://progamerstech.com/product/asus-vivobook-pro-14-oled-laptop-14-2-8k-oled-display-amd-ryzen-7-6800h-mobile-cpu-nvidia-geforce-rtx-3050-gpu-16gb-ram-1tb-ssd-windows-11-home-quiet-blue-m6400rc-eb74/)|**14” 2.8K OLED Display, AMD Ryzen 7 6800H Mobile CPU, NVIDIA® GeForce® RTX™ 3050 GPU,16GB RAM, 1TB SSD, Windows 11 Home**|**$1,149.99**|","| [** Asus Vivobook Pro 14 OLED 노트북 **] (https://progamerstech.com/product/asus-vivobook-pro-14-oled-laptop-14-2-8k-oled-display-amd-ryzen-7 -6800H-Mobile-CPU-NVIDIA-GEFORCE-RTX-3050-GPU-16GB-RAM-1TB-SSD-WINDOWS-11- 집-쿼트 블루 -M6400RC-EB74/) | ** 14” 2.8K OLED 디스플레이, AMD RYZEN 7 6800H 모바일 CPU, NVIDIA® GEFORCE® RTX ™ 3050 GPU, 16GB RAM, 1TB SSD, Windows 11 홈 ** | ** $ 1,149.99 ** |",success
"|[**SAMSUNG 14"" Galaxy Book4 Pro Laptop (2024)**](https://progamerstech.com/product/samsung-14-galaxy-book4-pro-laptop-pc-computer-intel-core-7-ultra-processor-512gb-3k-amoled-2880-x-1800-touchscreen-advanced-security-2024-model-np940xgk-kg1us-moonstone-gray-2/)|**14.0"" 3K (2880 x 1800) 16:10, 120Hz, 100% DCI-P3, Multi-touch, Glossy with Antireflective Coating, AMOLED Display, Intel Core 7 Ultra Processor, Intel Arc Graphics, 16GB RAM**|**$1,149.99** |**Gaming & Video Editing**|","| [** Samsung 14 ""Galaxy Book4 Pro 노트북 (2024) **] (https://progamerstech.com/product/samsung-14-galaxy-book4-pro-laptop-pc-computer-intel-core-7-ultra-proce SSOR-512GB-3K-AMOLED-2880-X-1800-TOUTHCREEN-ADVANCE-SECURITY-2024-MODEL-NP940XGK-KG1US-MOONSTONS-GRY-2/) | ** 14.0 "" 3K (2880 x 1800) 16:10, 120Hz, 100% DCI-P3, 멀티 터치, 반사체 코팅이있는 광택, AMOLED 디스플레이, 인텔 코어 7 울트라 프로세서, 인텔 아크 그래픽, 16GB RAM ** | ** $ 1,149.99 ** ** 게임 및 비디오 편집 ** |",success
"|[**Lenovo Yoga Pro 7**](https://www.ebay.com/itm/156225250830?amdata=enc%3AAQAJAAAAoHoV3kP08IDx%2BKZ9MfhVJKkunhs0jJZ4XGL6A2EXlfKFfsQLBsaE8TvhPP706L84KdU0UjGiCy0g5naRCZIyjU1AgvGZ93JqL4aVepymjKDh8NlA%2BTvHiZQ1UehbJvjE1BwUMNkMElqmpwMGS2aFlpbV%2BkQTPXEvRow0H6ZBdD5Su3hyoe3LsVlE07VvlbblVS0MXWZpYuQFgk9FNHtWl3c%3D&mkcid=1&mkrid=711-53200-19255-0&siteid=0&campid=5338849294&customid=GameChanger&toolid=10001&mkevt=1)|**Ryzen 7 8845HS, RTX 3050, 16GB RAM, 1TB SSD, QHD+ 14.5"" 90Hz IPS Touch Display.**|**$1,099.99** |","| [** Lenovo Yoga Pro 7 **] (https://www.ebay.com/itm/156225250830?amdata=enc%3AAQAAQAACAAAAAOHOV3KP08IDX%2BKZ9MFHVJKKUNHS0JJZZ4X gl6a2exlfkffsqlbsae8tvhpp706l84kdu0ujgicy0g5narcziju1agvgzz93jql4avepymjkdh8nla%2btvhizq1uehbjvje1bw umnkmelqmpwmgs2aflpbv%2bkqtpxevrow0h6zbddd5su3hyoe3lsvle07vvlbblvs0mxwzpyuqfgk9fnhtwl3c%3d & mkcid = 1 & m KRID = 711-53200-19255-0 & siteId = 0 & campid = 5338849294 & customId = GameChanger & Toolid = 10001 & mkevt = 1) | ** ryzen 7 8845HS, RTX 3050, 16GB RAM, 1TB SSD, QHD+ 14.5 ""90HZ IPS 터치 디스플레이. ** | ** $ 1,099.99 ** |",success
"|[**Lenovo IdeaPad Pro 5i Laptop (Cert. Refurbished)**](https://www.ebay.com/itm/226356725190?mkcid=1&mkrid=711-53200-19255-0&siteid=0&campid=5338849294&customid=GameChanger&toolid=10001&mkevt=1)|**16"" 2K (2048x1280) 16:9, 120Hz, 400-nits, 100% DCI-P3, Multi-touch, Glossy, OLED Display, Intel Ultra 9 185H, RTX 4050, 32GB RAM, 1TB SSD**|**$899**|","| [** Lenovo IdeaPad Pro 5i 노트북 (cert. 리퍼브) **]] (https://www.ebay.com/itm/226356725190?mkcid=1&mkrid=711-53200-19255-0&siteid=0&campid=533849294&customid=gamechjerg 설정)) 2K (2048x1280) 16 : 9, 120Hz, 400- 니트, 100% DCI-P3, 멀티 터치, 광택, OLED 디스플레이, Intel Ultra 9 185H, RTX 4050, 32GB RAM, 1TB SSD ** | ** $ 899 ** |",success
"|[**HP Pavilion Plus 14-eh1299nr (2023)**](https://progamerstech.com/product/hp-pavilion-plus-14-inch-laptop-2-8k-oled-display-13th-generation-intel-core-i7-1355u-16-gb-ram-1-tb-ssd-nvidia-geforce-rtx-2050-graphics-windows-11-pro-14-eh1299nr-2023-4/)|**14"" 2.8K OLED Display, 13th Generation Intel Core i7-1355U, 16 GB RAM, 1 TB SSD, NVIDIA GeForce RTX 2050 Graphics, Windows 11 Pro**|**$1,096.98**|","| [** HP Pavilion Plus 14-EH1299NR (2023) **] (https://progamerstech.com/product/hp-pavilion-plus-14-inch-laptop-2-8k-oled-display-13th-generation-i NTEL-CORE-I7-1355U-16-GB-RAM-1-TB-SSD-NVIDIA-GEFORCE-RTX-2050-GRAPICS-WINDOWS-11-PRO-14-EH1299NR-2023-4/) | ** 14 "" 2.8K OLED 디스플레이, 13 세대 인텔 코어 i7-1355U, 16GB RAM, 1 TB SSD, NVIDIA GEFORCE RTX 2050 그래픽, Windows 11 Pro ** | ** $ 1,096.98 ** |",success
"|[**ASUS VivoBook Pro 15X Laptop**](https://progamerstech.com/product/asus-vivobook-pro-15x-laptop-144hz-15-6-fhd-display-amd-ryzen-9-6900hx-mobile-cpu-nvidia-geforce-rtx-3070-gpu-32gb-ddr5-ram-1tb-pcie-ssd-windows-11-home-0black-m6501rr-db96/)|**144Hz 15.6” FHD Display, AMD Ryzen 9 6900HX Mobile CPU, NVIDIA GeForce RTX 3070 GPU, 32GB DDR5 RAM, 1TB PCIe SSD, Windows 11 Home**|**$1,660**|","| [** Asus Vivobook Pro 15x 노트북 **] (https://progamerstech.com/product/asus-vivobook-pro-15x-laptop-144hz-15-6-fhd-display-amd-ryzen-9-6900h X-Mobile-CPU-NVIDIA-GEFORCE-RTX-3070-GPU-32GB-DDR5-RAM-1TB-PCIE-SSD-WINDOWS-11-HOME-0BLACK-M6501RR-DB96/) | ** 144Hz 15.6”FHD 디스플레이, AMD Ryzen 9 6900HX 모바일 CPU, NVIDIA GEFORCE RTX 3070 GPU, 32GB DDR5 RAM, 1TB PCIE SSD, Windows 11 홈 ** | ** $ 1,660 ** |",success
"|[**ASUS VivoBook Pro 14 OLED Laptop**](https://progamerstech.com/product/asus-vivobook-pro-14-oled-laptop-14-2-8k-oled-display-amd-ryzen-7-6800h-mobile-cpu-nvidia-geforce-rtx-3050-gpu-16gb-ram-1tb-ssd-windows-11-home-quiet-blue-m6400rc-eb74/)|**14” 2.8K OLED Display, AMD Ryzen 7 6800H Mobile CPU, NVIDIA® GeForce® RTX™ 3050 GPU,16GB RAM, 1TB SSD, Windows 11 Home**|**$1,149.99**|","| [** Asus Vivobook Pro 14 OLED 노트북 **] (https://progamerstech.com/product/asus-vivobook-pro-14-oled-laptop-14-2-8k-oled-display-amd-ryzen-7 -6800H-Mobile-CPU-NVIDIA-GEFORCE-RTX-3050-GPU-16GB-RAM-1TB-SSD-WINDOWS-11- 집-쿼트 블루 -M6400RC-EB74/) | ** 14” 2.8K OLED 디스플레이, AMD RYZEN 7 6800H 모바일 CPU, NVIDIA® GEFORCE® RTX ™ 3050 GPU, 16GB RAM, 1TB SSD, Windows 11 홈 ** | ** $ 1,149.99 ** |",success
"|[Apple 2024 MacBook Pro](https://laptopsdeals.net/product/apple-2024-macbook-pro-laptop-with-m4-chip-with-10%e2%80%91core-cpu-and-10%e2%80%91core-gpu-built-for-apple-intelligence-14-2-inch-liquid-retina-xdr-display-16gb-unified-memory-512gb-ssd-storage/)|Apple M4 10-Core Chip, 16GB  RAM,512GB SSD, 14"" (3024 x 1964) Liquid Retina XDR Screen, 10-Core GPU ,  Wi-Fi 6E|13%|$1399|Amazon|✅|","| [Apple 2024 MacBook pro] (https://laptopsdeals.net/product/apple-2024-macbook-pro-laptop-with-m4-chip-with-10%E2%80%91core-cpu-10%E2%80%9 1core-gpu-built-for-apple-intelligence-2-inch-liquid-retina-xdr-display-16gb- unified-memory-512gb-ssd-storage/) | Apple M4 10 코어 칩, 16GB RAM, 512GB SSD, 14 ""(3024 x 1964) 액체 망막 XDR 스크린, 10 코어 GPU, Wi-Fi 6E | 13%| $ 1399 | Amazon | ✅ |",success
"|[Samsung 16"" Galaxy Book4 Pr](https://laptopsdeals.net/product/samsung-16-galaxy-book4-pro-business-laptop-wi-fi-pc-computer-windows-11-pro-intel-core-7-ultra-155h-32gb-1tb-3k-amoled-touchscreen-2024-model/)|Intel Core 7 Ultra 155H / 32GB RAM / 1TB SSD, 3K AMOLED Touchscreen, Windows 11 PRO|24%|$1550|Amazon|✅|","|[Samsung 16"" Galaxy Book4 Pr](https://laptopsdeals.net/product/samsung-16-galaxy-book4-pro-business-laptop-wi-fi-pc-computer-windows-11-pro-intel-core-7-ultra-155h-32gb-1tb-3k-amoled-touchscreen-2024-model/)|Intel Core 7 Ultra 155H / 32GB RAM / 1TB SSD, 3K AMOLED Touchscreen, Windows 11 PRO|24%|$1550|Amazon|✅|",success
"|♻️ [Cert.Refurb Lenovo Legion Pro 7i](https://www.ebay.com/itm/155702751887?_skw=Lenovo+Legion+Pro+7i&epid=22059706621&itmmeta=01JDW14SYN0E7V9JDZ4YS1RS1J&hash=item24409b728f:g:qcAAAOSwyclkzP46&itmprp=enc%3AAQAJAAAA0HoV3kP08IDx%2BKZ9MfhVJKnrUtX1iPE7YyHB%2Ficv5Z1uE0s3ld1fOXGzg64LX2HMB7hcCorMwcuXzLoYLpQojVQrJZeFLTqr8SqWQcVhQMslFBGv1z7uwbyA50fzLSiuIOCkLSUNm7zrvnsQNMaC9wGdFeIKQ2hI8a%2FlR9OBkqE4X1GRzInS%2BP%2BII6fmRdWAjSFOV7FiNDrLktXUJR5qy4A3y7dWWsDVfPwN1QBzhEmGY%2FRn936q3igS%2FSRMfxifKLawws%2FVbGaWKJR2U4IWdfY%3D%7Ctkp%3ABk9SR7afk4HvZA&mkcid=1&mkrid=711-53200-19255-0&siteid=0&campid=5338037063&toolid=11800&mkevt=1)|16"" QHD+ (2560x1600, WQXGA+) 16:10, 240Hz, 500-nits, 100% sRGB, DisplayHDR 400, IPS Display, Intel i9-13900HX, RTX 4080, 32GB DDR5 RAM, 1TB SSD|33%+ 9 in cart|$1,683.49|eBay|✅|","| re️ [Cert. REFURB LENOVO LEGION PRO 7i] (https://www.ebay.com/itm/155702751887?_skw=lenovo+ legion+pro+7i&epid= 22059706621 & itmmeta = 01JDW14SYN0E7V9JDZ4YS1RS1J & HASH = item24409B728F : G : QCAA aoswyclkzp46 & itmprp = enc%3aaqajaaaa0hov3kp08idx%2bkz9mfhvjknrutx1ipe7yhb% 2ficv5z1ue0s3ld1foxgzg64lx2hmb7hcormwcuxzloylpqojvqrjzefltqr8sqwqcvhqmslf bgv1z7uwbya550fzlsiuiocklsunm7zrvnsqnmac9wgdfeikq2hi8a%2flr9obkqe4x1grzins %2bp%2bii6fmrdwajsfov7findrlktxujr5qy4a3y7dwwwsdvfpwn1qbzhemgy%2frn936q3ig S%2FSRMFXIFKLAWWS%2FVBGAWKJR2U4IWDFY%3D%7CTKP%3ABK9SR7AFK4HVZA & MKCID = 1 & MK RID = 711-53200-19255-0 & siteId = 0 & campid = 5338037063 & Toolid = 11800 & mkevt = 1) | 16 "" QHD+ (2560X1600, WQXGA+) 16:10, 240Hz, 500- 니트, 100% SRGB, DisplayHDR 400, IPS 디스플레이, 인텔 i9-13900HX, RTX 4080, 32GB DDR5 RAM, 1TB SSD | 33%+ 9 | $ 1,683.49 |",success
"|[Lenovo Legion Pro 7i](https://laptopsdeals.net/product/lenovo-legion-pro-7i-laptop-16-qhd-240hz-i9-14900hx-rtx-4090-32gb-ddr5-1tb-ssd/#google_vignette)|16"" QHD+ 240Hz 500 nits display, i9-14900HX, RTX 4090, 32GB DDR5, 1TB SSD|27%|$2399|B&H|✅|","| [Lenovo Legion Pro 7i] (https://laptopsdeals.net/product/lenovo-legion-pro-7i-laptop-16-qhd-240hz-i9-14900hx-4090-32gb-ddr5-1tb-ssd/#google_vignette) | i9-14900HX, RTX 4090, 32GB DDR5, 1TB SSD|27%|$2399|B&H|✅|",success
"|[**Microsoft Surface Pro 2-in-1 Laptop (2024)**](https://progamerstech.com/product/microsoft-surface-pro-2-in-1-laptop-tablet-2024-windows-11-copilot-pc-13-touchscreen-display-snapdragon-x-plus-10-core-16gb-ram-512gb-storage-black/)|**Windows 11 Copilot+ PC, 13"" Touchscreen Display, Snapdragon X Plus (10 Core), Integrated Graphics Card, 16GB RAM, 512GB SSD**|**~~$1,199.99~~**|**$849.99**|","| [** Microsoft Surface Pro 2-in-1 노트북 (2024) **] (https://progamerstech.com/product/microsoft-surface-pro--pro-2-in-1-laptop-2024-windows-11-copilot-pc-13- thisplay-snapdragon-x-plus-10-core-16gb-ram-512gb-storage-storage-storage-black/) 터치 스크린 디스플레이, Snapdragon X Plus (10 코어), 통합 그래픽 카드, 16GB RAM, 512GB SSD ** | ** ~~ $ 1,199.99 ~~ ** | ** $ 849.99 ** |",success
"|[**Microsoft Surface Pro 2-in-1**](https://progamerstech.com/product/microsoft-surface-pro-2-in-1-laptop-tablet-2024-windows-11-copilot-pc-13-touchscreen-oled-display-snapdragon-x-elite-12-core-16gb-ram-256gb-storage-black-amazon-exclusive/)|**Windows 11 Copilot+ PC, 13"" Touchscreen OLED Display, Snapdragon X Elite (12 Core), 16GB RAM, 256GB Storage**|**~~$1399~~**|**$899**|","| [** Microsoft Surface Pro 2-in-1 **] (https://progamerstech.com/product/microsoft-surface-pro-pro-pro-2-in-1-laptop-tablet-2024-windows-11-copilot-pc-13- touchscreen-oled-display-snapdragon-x-elite-12-core-16gb-256GB-Storage-black-black--excluding Copilot+ PC, 13 ""터치 스크린 OLED 디스플레이, Snapdragon X Elite (12 코어), 16GB RAM, 256GB 스토리지 ** | ** ~~ $ 1399 ~~ ** | ** $ 899 ** |",success
"|[**Samsung 16” Galaxy Book5 Pro 360 Copilot+ PC**](https://progamerstech.com/product/samsung-16-galaxy-book5-pro-360-copilot-pc-ai-computer-intel-core-7-ultra-processor-3k-amoled-2880x1800-touchscreen-s-pen120hz-dolby-atmos-student-laptop-lightweight-all-day-batte/)|**Intel Core 7 Ultra Processor, 16” 3K  AMOLED (2880x1800) Touchscreen, S Pen,120Hz,  1 TB SSD, 16 GB RAM, 25 hours video playback**| **~~$1,699.99~~** |**$1399**|","| [** Samsung 16”Galaxy Book5 Pro 360 Copilot+ PC **] (https://progamerstech.com/product/samsung-16-galaxy-book5-pro-360-copilot-pc-ai-computer-core-7- ultra- 프로세서 -3K- 아모드 -2880X1800-TOUCHSCREEN-SPEN120HZ-DOLBY-ATMOS-Student-Lightweight-All-Day-Batte/) | ** Intel Core 7 Ultra Processor, 16” 3K  AMOLED (2880x1800) Touchscreen, S Pen,120Hz,  1 TB SSD, 16 GB RAM, 25 hours video playback**| ** ~~ $ 1,699.99 ~~ ** | ** $ 1399 ** |",success
"|[**SAMSUNG 16” Galaxy Book5 Pro 360 Copilot+ PC, AI Business Laptop**](https://progamerstech.com/product/samsung-16-galaxy-book5-pro-360-copilot-pc-ai-business-laptop-windows-11-pro-intel-core-ultra-7-processor-258v-3k-amoled-touchscreen-32gb-1tb-120hz-2025-model-np964qha-kg2us-gray/)|**Windows 11 Pro, Intel Core Ultra 7 Processor 258V, 3K AMOLED Touchscreen, 32GB / 1TB, 120Hz**|**~~$1,999.99~~**|**$1,649.99**|","| [** Samsung 16”Galaxy Book5 Pro 360 Copilot+ PC, AI 비즈니스 노트북 **] (https://progamerstech.com/product/samsung-16-galaxy-book5-pro-360-copilot-pc-ai-business-laptop-windows-11- pro-Intel-core-ultra-7-processor-258V-3K-Amoled-Touchscreen-32GB-1TB-1220HZ-2025- 모드 -NP964QHA-KG2US-GRY/) | ** Windows 11 Pro, Intel Core Ultra 7 프로세서 258V, 3K AMOLED 터치 스크린, 32GB / 1TB, 120Hz ** | ** ~~ $ 1,999.99 ~~ ** | ** $ 1,649.99 ** |",success
"|[**ASUS ROG Strix G16 (2024) Gaming Laptop**](https://progamerstech.com/product/asus-rog-strix-g16-2024-gaming-laptop-16-1610-qhd-240hz-geforce-rtx-4070-intel-core-i9-14900hx-32gb-ddr5-1tb-pcie-ssd-wi-fi-6e-windows-11-pro-g614jir-xs96/)|**16” 16:10 QHD 240Hz, GeForce RTX 4070, Intel® Core™ i9-14900HX, 32GB DDR5, 1TB PCIe SSD**|**~~$2,299.99~~**|**$1,799.99**|","|[**ASUS ROG Strix G16 (2024) Gaming 노트북 **] (https://progamerstech.com/product/asus-rog-strix-g16-2024-gaming-laptop-16-1610-qhd-240hz-gef ORCE-RTX-4070-Intel-Core-I9-14900HX-32GB-DDR5-1TB-PCIE-SSD-WI-FI-6E-WINDOWS-11-PRO-G614JIR-XS96/) | ** 16” 16:10 QHD 240Hz, Geforce RTX 4070, Intel® Core ™ i9-14900HX, 32GB DDR5, 1TB PCIE SSD ** | ** ~~ $ 2,299.99 ~~ ** | ** $ 1,799.99 ** |",success
"|[**Microsoft Surface Pro 2-in-1 Laptop/Tablet (2024)**](https://progamerstech.com/product/microsoft-surface-pro-2-in-1-laptop-tablet-2024-13-touchscreen-display-16gb-ram-256gb-storage-windows-11-copilot-pc-snapdragon-x-plus-10-core-platinum/)|**Windows 11 Copilot+ PC, 13"" Touchscreen Display, Snapdragon X Plus (10 Core), 16GB RAM, 256GB Storage** **$860** **General Use/School/Work Productivity.**|**$864**|**General Use/School/Work Productivity.**|","|[**Microsoft Surface Pro 2-in-1 Laptop/Tablet (2024)**](https://progamerstech.com/product/microsoft-surface-pro-2-in-1-laptop-tablet-2024-13-touchscreen-display-16gb-ram-256gb-storage-windows-11-copilot-pc-snapdragon-x-plus-10-core-platinum/)|**Windows 11 Copilot+ PC, 13"" Touchscreen Display, Snapdragon X Plus (10 Core), 16GB RAM, 256GB Storage** **$860** **General Use/School/Work Productivity.**|**$864**|**General Use/School/Work Productivity.**|",success
"|[**ASUS VivoBook Pro 15 Laptop**](https://www.ebay.com/itm/204800592891?mkcid=1&mkrid=711-53200-19255-0&siteid=0&campid=5338849294&customid=GameChanger&toolid=10001&mkevt=1)|**15.6"", FHD (1920 x 1080) 16:9, 60Hz, 400-nits SDR, 600-nits HDR, 100% DCI-P3 OLED Display, Intel Ultra 9 185H, RTX 3050, 24GB RAM, 2TB SSD.**|**$1,199.99**|**General Use/School/Work Productivity + Light Gaming/Video Editing**|","| [** Asus Vivobook Pro 15 노트북 **] (https://www.ebay.com/itm/204800592891?mkcid=1&mkrid=711-53200-19255-0&siteid=0&campid=5338849294&customid=GameChanger 설정) | MKEVT=1101010101011011010110110110110110101011011011011011011011011011011011011011011011011011011011011011011011011011011011011011011011110111011111111111111까지 | FHD (1920 x 1080) 16 : 9, 60Hz, 400-NITS SDR, 600-NITS HDR, 100% DCI-P3 OLED 디스플레이, 인텔 울트라 9 185H, RTX 3050, 24GB RAM, 2TB SSD.",success
"|[**Apple MacBook Pro; M4 Pro**](https://progamerstech.com/product/apple-2024-macbook-pro-laptop-with-m4-pro-12%E2%80%91core-cpu-16%E2%80%91core-gpu-built-for-apple-intelligence-14-2-inch-liquid-retina-xdr-display-24gb-unified-memory-512gb-ssd-storage-silver/)|**12‑core CPU, 16‑core GPU, 14.2"" 3024-by-1964 1000 nits 120Hz Liquid Retina XDR Display, 24GB RAM, 512GB SSD**| **$1,779**|**General Use/School/Work Productivity + Light Gaming/Video Editing**|","| [** Apple MacBook Pro; M4 pro **] (https://progamerstech.com/product/apple-2024-macbook-pro-laptop-with-m4-pro-12%E2%80%91core-cpu-16%E2%80%91core-gpu -Built-for-Apple-Intelligence-2-Inch-liquid-letina-xdr-display-24GB-unified-memory-512GB-SSD-Storage-silver/) | ** 12-core CPU, 16 코어 GPU, 14.2 ""3024-1964 1000 NIT 120Hz 액체 망막 XDR 디스플레이, 24GB RAM, 512GB SSD ** | ** $ 1,779 ** | ** 일반 사용/학교/작업 생산성 + 라이트 게임/비디오 편집 ** |",success
"|[**Lenovo Legion Pro 7i Gaming Notebook**](https://www.ebay.com/itm/306301779985?amdata=enc%3AAQAKAAAAoFkggFvd1GGDu0w3yXCmi1etFzoti1iIelfa6hcFKfPt48BMxEaPB%2FLCoFdiHwOj3W4xmvyWc8ReOVwKgW27E3cy04f5DrS64VBhvV75v9mqIkCw9FVJjJ1mXfCrk5fpBNucxyxBOo6iAHfzZB7A4ZGy6OaIzWpC7J9PoZCZ8T3vd4fZNL2gd%2FUr1lj5JXFs6AcSN1F89uhh8IBbrYeELlc%3D&mkcid=1&mkrid=711-53200-19255-0&siteid=0&campid=5338849294&customid=GameChanger&toolid=10001&mkevt=1)|**16"" WQXGA OLED 240Hz Display, Intel Core Ultra 9 275HX, RTX 5070Ti, 32GB RAM, 1TB SSD**|**$2,329.99**|**Competitive Gaming/Video Editing/Content Creation**|","| [** Lenovo Legion Pro 7i 게임 노트북 **] (https://www.ebay.com/itm/306301779985?amdata=enc%3aaqakaaaaaofkggfvd1ggdu0w3yxcmi1etfzoti 1iIelfa6hcFKfPt48BMxEaPB%2FLCoFdiHwOj3W4xmvyWc8ReOVwKgW27E3cy04f5DrS64VBhvV75v9mqIkCw9FVJjJ1mXfCrk5f pBNucxyxBOo6iAHfzZB7A4ZGy6OaIzWpC7J9PoZCZ8T3vd4fZNL2gd%2FUr1lj5JXFs6AcSN1F89uhh8IBbrYeELlc%3D&mkcid= 1 & mkrid = 711-53200-19255-0 & siteid = 0 & campid = 5338849294 & customId = gamechanger & toolid = 10001 & mkevt = 1) | ** 16 "" WQXGA OLED 240Hz 디스플레이, Intel Core Ultra 9 275HX, RTX 5070TI, 32GB RAM, 1TB SSD ** | ** $ 2,329.99 ** | ** 경쟁력있는 게임/비디오 편집/콘텐츠 제작 ** |",success
"|[**ASUS VivoBook Pro 15 Laptop**](https://www.ebay.com/itm/204800592891?mkcid=1&mkrid=711-53200-19255-0&siteid=0&campid=5338849294&customid=GameChanger&toolid=10001&mkevt=1)|**15.6"", FHD (1920 x 1080) 16:9, 60Hz, 400-nits SDR, 600-nits HDR, 100% DCI-P3 OLED Display, Intel Ultra 9 185H, RTX 3050, 24GB RAM, 2TB SSD.**|**$1,199.99** |**General Use/School/Work Productivity + Light Gaming/Video Editing**|","| [** Asus Vivobook Pro 15 노트북 **] (https://www.ebay.com/itm/204800592891?mkcid=1&mkrid=711-53200-19255-0&siteid=0&campid=5338849294&customid=GameChanger 설정) | MKEVT=1101010101011011010110110110110110101011011011011011011011011011011011011011011011011011011011011011011011011011011011011011011011110111011111111111111까지 | FHD (1920 x 1080) 16 : 9, 60Hz, 400-NITS SDR, 600-NITS HDR, 100% DCI-P3 OLED 디스플레이, 인텔 울트라 9 185H, RTX 3050, 24GB RAM, 2TB SSD.",success
"|[**Microsoft Surface Pro 2-in-1 Laptop/Tablet (2024)**](https://progamerstech.com/product/microsoft-surface-pro-2-in-1-laptop-tablet-2024-13-touchscreen-display-16gb-ram-256gb-storage-windows-11-copilot-pc-snapdragon-x-plus-10-core-platinum/)|**Windows 11 Copilot+ PC, 13"" Touchscreen Display, Snapdragon X Plus (10 Core), 16GB RAM, 256GB Storage** **$860** **General Use/School/Work Productivity.**|**$878.89**|**General Use/School/Work Productivity.**|","| [** Microsoft Surface Pro 2-in-1 노트북/태블릿 (2024) **] (https://progamerstech.com/product/microsoft-surface-proce-pro-2-in-1-laptop-tablet-2024-13-Touchscreen-display-16GB-256GB-storage-Windows-11-Copilot-PC-Snapdragon-X-Plus-10-Core-Platinum/-Platinum/- 13 ""터치 스크린 디스플레이, Snapdragon X Plus (10 Core), 16GB RAM, 256GB 스토리지 ** ** $ 860 ** ** 일반 사용/학교/작업 생산성. ** | ** ** $ 878.89 ** | ** 일반 사용/학교/작업 생산성. ** |",success
"|[**ASUS VivoBook Pro 15 Laptop**](https://www.ebay.com/itm/204800592891?mkcid=1&mkrid=711-53200-19255-0&siteid=0&campid=5338849294&customid=GameChanger&toolid=10001&mkevt=1)|**15.6"", FHD (1920 x 1080) 16:9, 60Hz, 400-nits SDR, 600-nits HDR, 100% DCI-P3 OLED Display, Intel Ultra 9 185H, RTX 3050, 24GB RAM, 2TB SSD.**|**$1,199.99** |**General Use/School/Work Productivity + Light Gaming/Video Editing**|","| [** Asus Vivobook Pro 15 노트북 **] (https://www.ebay.com/itm/204800592891?mkcid=1&mkrid=711-53200-19255-0&siteid=0&campid=5338849294&customid=GameChanger 설정) | MKEVT=1101010101011011010110110110110110101011011011011011011011011011011011011011011011011011011011011011011011011011011011011011011011110111011111111111111까지 | FHD (1920 x 1080) 16 : 9, 60Hz, 400-NITS SDR, 600-NITS HDR, 100% DCI-P3 OLED 디스플레이, 인텔 울트라 9 185H, RTX 3050, 24GB RAM, 2TB SSD.",success
"|[**ASUS VivoBook Pro 15 Laptop**](https://www.ebay.com/itm/204800592891?mkcid=1&mkrid=711-53200-19255-0&siteid=0&campid=5338849294&customid=GameChanger&toolid=10001&mkevt=1)|**15.6"", FHD (1920 x 1080) 16:9, 60Hz, 400-nits SDR, 600-nits HDR, 100% DCI-P3 OLED Display, Intel Ultra 9 185H, RTX 3050, 24GB RAM, 2TB SSD.** |**$1,199.99** |**General Use/School/Work Productivity + Light Gaming/Video Editing**|","| [** Asus Vivobook Pro 15 노트북 **] (https://www.ebay.com/itm/204800592891?mkcid=1&mkrid=711-53200-19255-0&siteid=0&campid=5338849294&customid=GameChanger 설정) | MKEVT=1101010101011011010110110110110110101011011011011011011011011011011011011011011011011011011011011011011011011011011011011011011011110111011111111111111까지 | FHD (1920 x 1080) 16 : 9, 60Hz, 400-NITS SDR, 600-NITS HDR, 100% DCI-P3 OLED 디스플레이, 인텔 울트라 9 185H, RTX 3050, 24GB RAM, 2TB SSD.",success
"|[**Microsoft Surface Pro 2-in-1 Laptop/Tablet (2024)**](https://progamerstech.com/product/microsoft-surface-pro-2-in-1-laptop-tablet-2024-13-touchscreen-display-16gb-ram-256gb-storage-windows-11-copilot-pc-snapdragon-x-plus-10-core-platinum/)|**Windows 11 Copilot+ PC, 13"" Touchscreen Display, Snapdragon X Plus (10 Core), 16GB RAM, 256GB Storage** **$860** **General Use/School/Work Productivity.**|**$860**|","| [** Microsoft Surface Pro 2-in-1 노트북/태블릿 (2024) **] (https://progamerstech.com/product/microsoft-surface-proce-pro-2-in-1-laptop-tablet-2024-13-Touchscreen-display-16GB-256GB-storage-Windows-11-Copilot-PC-Snapdragon-X-Plus-10-Core-Platinum/-Platinum/- 13 ""터치 스크린 디스플레이, Snapdragon X Plus (10 코어), 16GB RAM, 256GB 스토리지 ** ** $ 860 ** ** 일반 사용/학교/작업 생산성. ** | ** $ 860 ** |",success
"|[**SAMSUNG Galaxy Book4 Pro Business Laptop (2024)**](https://progamerstech.com/product/samsung-14-galaxy-book4-pro-business-laptop-wi-fi-pc-computer-windows-11-pro-intel-core-7-ultra-155h-32gb-1tb-3k-amoled-touchscreen-2024-model-np944xgk-kg4us-moonstone-gray/)|**14"" 3K AMOLED Touchscreen Display, Intel Core 7 Ultra 155H, 32GB RAM, 1TB SSD, Wi-Fi, Windows 11 PRO.**|**$1,299.99**|","| [** Samsung Galaxy Book4 Pro 비즈니스 노트북 (2024) **] (https://progamerstech.com/product/samsung-14-galaxy-book4-pro-business-laptop-wi-pc-computer-window S-11-Pro-Intel-Core-7- Ultra-155H-32GB-1TB-3K-Amoled-Touchscreen-2024-Model-NP944XGK-KG4US-Moonstone-Gray/) | ** 14 "" 3K AMOLED 터치 스크린 디스플레이, Intel Core 7 Ultra 155H, 32GB RAM, 1TB SSD, Wi-Fi, Windows 11 Pro. ** | ** $ 1,299.99 ** |",success
"|[**Apple 2024 MacBook Pro Laptop**](https://progamerstech.com/product/apple-2024-macbook-pro-laptop-with-m4-chip-with-10%E2%80%91core-cpu-and-10%E2%80%91core-gpu-built-for-apple-intelligence-14-2-inch-liquid-retina-xdr-display-16gb-unified-memory-1tb-ssd-storage-sp/)|**with M4 chip with 10‑core CPU and 10‑core GPU: Built for Apple Intelligence, 14.2-inch Liquid Retina XDR Display, 16GB Unified Memory, 1TB SSD Storage; Space Black**|**$1,599**|","| [** Apple 2024 MacBook Pro 노트북 **] (https://progamerstech.com/product/apple-2024-macbook-pro-laptop-with-m4-chip-with-10%E2%80%91core-cpu-and-10%E2%80 %91core-gpu-built-for-apple-intelligence-14-2-inch-liquid-retina-xdr-display-16gb- unified-memory-1tb-ssd-storage-sp/) | ** 10 코어 CPU 및 10 코어 GPU가있는 M4 칩 : Apple Intelligence, 14.2 인치 액체 Retina XDR 디스플레이, 16GB 통합 메모리, 1TB SSD 저장; 우주 블랙 ** | ** $ 1,599 ** |",success
"|[**ASUS VivoBook Pro 15 Laptop**](https://www.ebay.com/itm/204800592891?mkcid=1&mkrid=711-53200-19255-0&siteid=0&campid=5338849294&customid=GameChanger&toolid=10001&mkevt=1)|**15.6"", FHD (1920 x 1080) 16:9, 60Hz, 400-nits SDR, 600-nits HDR, 100% DCI-P3 OLED Display, Intel Ultra 9 185H, RTX 3050, 24GB RAM, 2TB SSD**|**$1,149.99**|**General Use/School/Work Productivity/Light Gaming or Editing**|","| [** Asus Vivobook Pro 15 노트북 **] (https://www.ebay.com/itm/204800592891?mkcid=1&mkrid=711-53200-19255-0&siteid=0&campid=5338849294&customid=GameChanger 설정) | MKEVT=1101010101011011010110110110110110101011011011011011011011011011011011011011011011011011011011011011011011011011011011011011011011110111011111111111111까지 | FHD (1920 x 1080) 16 : 9, 60Hz, 400-NITS SDR, 600-NITS HDR, 100% DCI-P3 OLED 디스플레이, 인텔 울트라 9 185H, RTX 3050, 24GB RAM, 2TB SSD ** | ** ** $ 1,149.99 ** | ** 일반 사용/작업 생산성/조명 또는 편집 ** |",success
"| [**Microsoft Surface Pro 2-in-1 Laptop/Tablet (2024)**](https://progamerstech.com/product/microsoft-surface-pro-2-in-1-laptop-tablet-2024-13-touchscreen-display-16gb-ram-256gb-storage-windows-11-copilot-pc-snapdragon-x-plus-10-core-platinum/)|**Windows 11 Copilot+ PC, 13"" Touchscreen Display, Snapdragon X Plus (10 Core), 16GB RAM, 256GB Storage** **$860** **General Use/School/Work Productivity.**|**$860**|","| [** Microsoft Surface Pro 2-in-1 노트북/태블릿 (2024) **] (https://progamerstech.com/product/microsoft-surface-proce-pro-2-in-1-laptop-tablet-2024-13-Touchscreen-display-16GB-256GB-storage-Windows-11-Copilot-PC-Snapdragon-X-Plus-10-Core-Platinum/-Platinum/- 13 ""터치 스크린 디스플레이, Snapdragon X Plus (10 코어), 16GB RAM, 256GB 스토리지 ** ** $ 860 ** ** 일반 사용/학교/작업 생산성. ** | ** $ 860 ** |",success
"|[**SAMSUNG 16” Galaxy Book5 Pro 360 Copilot+ PC, AI Laptop**](https://progamerstech.com/product/samsung-16-galaxy-book5-pro-360-copilot-pc-ai-laptop-computer-intel-core-7-ultra-processor-3k-amoled-2880-x-1800-touchscreen-120hz-refresh-rate-dolby-atmos-quad-speakers-all-day-batt/)|**3K 120Hz AMOLED (2880 x 1800) Touchscreen Display, Intel Core 7 Ultra Processor, 16GB RAM, 1TB SSD, Dolby Atmos Quad Speakers, All-Day Battery Life**|**$1,499.99**|","| [** Samsung 16”Galaxy Book5 Pro 360 Copilot+ PC, AI Laptop**](https://progamerstech.com/product/samsung-16-galaxy-book5-pro-360-copilot-pc-ai-laptop-computer-intel-core -7- ultra-processor-3k-amoled-2880-x-1800-touchscreen-12220Hz-refresh-rate-dolby-quad-quad-speakers-all-day-batt/) | ** 3k 120Hz AMOLED (2880 x 1800) 터치 스크린 디스플레이, Intel Core 7 Ultra 프로세서, 16GB RAM, 1TB SSD, DOLBY ATMOS 쿼드 스피커, 하루 종일 배터리 수명 ** ** $ 1,499.99 ** |",success
"|[**Apple 2024 MacBook Pro Laptop**](https://progamerstech.com/product/apple-2024-macbook-pro-laptop-with-m4-chip-with-10%E2%80%91core-cpu-and-10%E2%80%91core-gpu-built-for-apple-intelligence-14-2-inch-liquid-retina-xdr-display-16gb-unified-memory-1tb-ssd-storage-sp/)|**with M4 chip with 10‑core CPU and 10‑core GPU: Built for Apple Intelligence, 14.2-inch Liquid Retina XDR Display, 16GB Unified Memory, 1TB SSD Storage; Space Black**|**$1,649**|","| [** Apple 2024 MacBook Pro 노트북 **] (https://progamerstech.com/product/apple-2024-macbook-pro-laptop-with-m4-chip-with-10%E2%80%91core-cpu-and-10%E2%80 %91core-gpu-built-for-apple-intelligence-14-2-inch-liquid-retina-xdr-display-16gb- unified-memory-1tb-ssd-storage-sp/) | ** 10 코어 CPU 및 10 코어 GPU가있는 M4 칩 : Apple Intelligence, 14.2 인치 액체 Retina XDR 디스플레이, 16GB 통합 메모리, 1TB SSD 저장; 우주 블랙 ** | ** $ 1,649 ** |",success
"|[HP EliteBook Ultra G1q](https://www.ebay.com/itm/376336361281?mkcid=1&mkrid=711-53200-19255-0&siteid=0&campid=5338037063&toolid=11800&mkevt=1)|14"" 1400p IPS Touch, X1E-78-100, 16GB LPDDR5, 512GB SSD, Win 11 Pro |40% |$558|eBay|","| [hp elitebook Ultra G1Q] (https://www.ebay.com/itm/376333361281?mkcid=1&mkrid=711-53200-19255-0&siteid=0&campid= 5338037063&toolid=11800/MKEVT=1) 14 "" 터치, X1E-78-100, 16GB LPDDR5, 512GB SSD, WIN 11 Pro | 40% | $ 558 | eBay |",success
"|[Lenovo Legion Pro 5i](https://lenovo.vzew.net/POW9mj)|16"" (2560 x 1600) 240Hz OLED Display, Intel Core Ultra 9 275HX, NVIDIA RTX 5070 Ti, 32GB DDR5 RAM, 1TB SSD|18% with codes : \*\*^(EXTRAFIVE)\*\*^(: & "")**^(BUYMORELENOVO)**|$2050|Lenovo|","| [Lenovo Legion Pro 5i] (https://lenovo.vzew.net/pow9mj) | 16 ""(2560 x 1600) 240Hz OLED 디스플레이, 인텔 코어 ULTRA 9 275HX, NVIDIA RTX 5070 TI, 32GB DDR5 RAM, 1TB SSD | 코드와 18% | \*\*^(extrafive) \*\*^(: & "") **^(buymorelenovo) ** | $ 2050 | Lenovo |",success
"|[Lenovo Legion Pro 7i](https://www.microcenter.com/product/691630/lenovo-legion-pro-7i-16-gaming-laptop-computer-eclipse-black)|6"" QHD+ 240Hz OLED, RTX 5080, Intel Ultra 9 275HX, 64GB DDR5, 2TB SSD, Win 11 Pro|26%|$2500|Microcenter|",| [Lenovo Legion Pro 7i] (https://www.microcenter.com/product/691630/lenovo-legion-pro-7i-16-gaaming-laptop-computer-eclipse-black) | Win 11 Pro | 26%| $ 2500 | Microcenter |,success
"|[Lenovo Legion Pro 7i](https://www.bhphotovideo.com/c/product/1875947-REG/lenovo_83f50018us_16_legion_pro_7i.html)|16"" QHD+ 240Hz OLED, RTX 5090, Intel Ultra 9 275HX, 32GB DDR5, 2TB SSD|$600|$3300|B&H|","| [Lenovo Legion Pro 7i] (https://www.bhphotovideo.com/c/product/1875947-reg/lenovo_83f50018us_16_legion_pro_7i.html) | 16 ""QHD+ 240Hz OLED, RTX 5090, intel Ultra 92. DDR5, 2TB SSD | $ 600 | $ 3300 | B & H |",success
"|[Lenovo ThinkPad Z13 Gen 2](https://lenovo.vzew.net/xLqbrx)|13.3"" FHD+ IPS Touch, Ryzen 7 PRO 7840U, 16GB LPDDR5, Radeon 780M, 512GB SSD, Win 11 Pro|24%|$760|Lenovo & [eBay](https://www.ebay.com/itm/157130366707?mkcid=1&mkrid=711-53200-19255-0&siteid=0&campid=5338037063&toolid=11800&mkevt=1)|","| [Lenovo ThinkPad Z13 Gen 2] (https://lenovo.vzew.net/xlqbrx) | 13.3 ""Fhd+ IPS Touch, Ryzen 7 Pro 7840U, 16GB LPDDR5, Radeon 780M, 512GB SSD, WIN 11 Pro | $ 760 | LENOVO & & LENOVO & [eBay] (https://www.ebay.com/itm/157130366707?mkcid=1&mkrid=711-53200-19255-0&siteid=0&campid=5338037063&toolid=11800&mkevt=1) |",success
"|[Lenovo ThinkPad P14s Workstation](https://lenovo.vzew.net/yqxLWG)|14″ 2880×1800 2.8K 120Hz 400 nits OLED, AMD PRO 8840HS CPU, 64GB RAM, 1TB SSD|$590|$1149|Lenovo|","| [Lenovo ThinkPad P14S 워크 스테이션] (https://lenovo.vzew.net/yqxlwg) | 14 ″ 2880 × 1800 2.8k 120Hz 400 NITS OLED, AMD PRO 8840HS CPU, 64GB RAM, 1TB SSD | $ 1149 | $ 1149 | $ 1149 |",success
"|[**ASUS ROG Strix G16 (2024) Gaming Laptop**](https://progamerstech.com/product/asus-rog-strix-g16-2024-gaming-laptop-16-1610-qhd-240hz-geforce-rtx-4070-intel-core-i9-14900hx-32gb-ddr5-1tb-pcie-ssd-wi-fi-6e-windows-11-pro-g614jir-xs96/)|**16” 16:10 QHD 240Hz, GeForce RTX 4070, Intel® Core™ i9-14900HX, 32GB DDR5, 1TB PCIe SSD**|**~~$2,299.99~~**|**$1,799.99**|","| [** Asus Rog Strix G16 (2024) 게임 노트북 **] (https://progamerstech.com/product/asus-rog-strix-g16-2024-gaming-laptop-16-1610-qhd-240hz-gef ORCE-RTX-4070-Intel-Core-I9-14900HX-32GB-DDR5-1TB-PCIE-SSD-WI-FI-6E-WINDOWS-11-PRO-G614JIR-XS96/) | ** 16” 16:10 QHD 240Hz, Geforce RTX 4070, Intel® Core ™ i9-14900HX, 32GB DDR5, 1TB PCIE SSD ** | ** ~~ $ 2,299.99 ~~ ** | ** $ 1,799.99 ** |",success
"|[SAMSUNG Galaxy Book4 Pro](https://laptopsdeals.net/product/samsung-14-galaxy-book4-pro-business-laptop-wi-fi-pc-computer-windows-11-pro-intel-core-7-ultra-155h-16gb-512gb-3k-amoled-touchscreen/)|14"" 3K (2880 x 1800) Touchscreen Display, Intel Ultra 7 155H, Intel ARC Graphics, 16GB RAM, 512GB SSD, Win11 Pro|22%|$1030|Amazon|","| [Samsung Galaxy Book4 Pro] (https://laptopsdeals.net/product/samsung-14-galaxy-book4-pro-business-laptop-wi-fc-computer-windows-11-pro-intel-core-7- Ultra-155H-16GB-512GB-3K- Amoled-TOUCHCREENE/) 1800) 터치 스크린 디스플레이, Intel Ultra 7 155H, Intel Arc 그래픽, 16GB RAM, 512GB SSD, Win11 Pro | 22%| $ 1030 | 아마존 |",success
"|[Lenovo Legion Pro 5i](https://lenovo.vzew.net/POW9mj)|16"" (2560 x 1600) 240Hz OLED Display, Intel Core Ultra 9 275HX, NVIDIA RTX 5070 Ti, 32GB DDR5 RAM, 1TB SSD|18% with codes : \*\*^(EXTRAFIVE)\*\*^(: & "")**^(BUYMORELENOVO)**|$2050|Lenovo|","| [Lenovo Legion Pro 5i] (https://lenovo.vzew.net/pow9mj) | 16 ""(2560 x 1600) 240Hz OLED 디스플레이, 인텔 코어 ULTRA 9 275HX, NVIDIA RTX 5070 TI, 32GB DDR5 RAM, 1TB SSD | 코드와 18% | \*\*^(extrafive) \*\*^(: & "") **^(buymorelenovo) ** | $ 2050 | Lenovo |",success
"|[Apple MacBook Pro 14](https://www.microcenter.com/product/691250/MacBook_Pro_14%22_Z1FE000NK_(Late_2024)_142%22_Laptop_Computer_-_Space_Black;_Apple_M4_Pro_14-Core_CPU;_48GB_Unified_Memory;_1TB_Solid_State_Drive;_20-Cor)|M4, 14.2"" 3024x1964, 48GB RAM, 1TB SSD|$500|$2300|Microcenter|","| [Apple MacBook Pro 14] (https://www.microcenter.com/product/691250/macbook_pro_14%22_z1fe000nk_ (late_2024) _142%22_laptop_co MPUTER _-_ SPACE_BLACK; _APPLE_M4_PRO_14-CORE_CPU; _48GB_UNIFED_MEMORY; _1TB_SOLID_STATE_DRIVE; _20-COR) | M4, 14.2 ""3024x1964, 48GB RAM, 1TB SSD | $ 500 | $ 2300 | Microcenter |",success
"|[Lenovo Legion Pro 7i](https://www.bhphotovideo.com/c/product/1875947-REG/lenovo_83f50018us_16_legion_pro_7i.html)|16"" QHD+ 240Hz OLED, RTX 5090, Intel Ultra 9 275HX, 32GB DDR5, 2TB SSD|7%|$3700|B&H|","| [Lenovo Legion Pro 7i] (https://www.bhphotovideo.com/c/product/1875947-reg/lenovo_83f50018us_16_legion_pro_7i.html) | 16 ""QHD+ 240Hz OLED, RTX 5090, intel Ultra 92. DDR5, 2TB SSD | 7%| $ 3700 | B & H |",success
"|[Apple MacBook Pro 14](https://www.microcenter.com/product/691250/MacBook_Pro_14%22_Z1FE000NK_(Late_2024)_142%22_Laptop_Computer_-_Space_Black;_Apple_M4_Pro_14-Core_CPU;_48GB_Unified_Memory;_1TB_Solid_State_Drive;_20-Cor)|M4, 14.2"" 3024x1964, 48GB RAM, 1TB SSD|$500|$2300|Microcenter|","| [Apple MacBook Pro 14] (https://www.microcenter.com/product/691250/macbook_pro_14%22_z1fe000nk_ (late_2024) _142%22_laptop_co MPUTER _-_ SPACE_BLACK; _APPLE_M4_PRO_14-CORE_CPU; _48GB_UNIFED_MEMORY; _1TB_SOLID_STATE_DRIVE; _20-COR) | M4, 14.2 ""3024x1964, 48GB RAM, 1TB SSD | $ 500 | $ 2300 | Microcenter |",success
"* The RTX 4070 performs similarly to a prior generation RTX 3080 in the 3DMark benchmark. In the Time Spy test, the advantage over an RTX 4060 is slightly less than 20%, while in the Port Royal Ray Tracing test, it is slightly less than 30%. But the rising gap is significant. The RTX 4080 outperforms the RTX 4070 by more than half.",* RTX 4070은 3DMARK 벤치 마크에서 이전 생성 RTX 3080과 유사하게 수행됩니다. 시간 SPY 테스트에서 RTX 4060의 장점은 20%미만이며 Port Royal Ray Tracing 테스트에서는 30%미만입니다. 그러나 상승 차이는 중요합니다. RTX 4080은 RTX 4070을 절반 이상 능가합니다.,success
"* At little over five pounds, the Victus 16 is surprisingly light for a gaming laptop with a 16-inch screen. For a gaming laptop, which typically weighs six pounds or more, that is light. Another positive outcome from the battery test was that it lasted slightly under six hours while browsing the WLAN.",* 5 파운드가 조금 넘는 빅토스 16은 16 인치 화면이있는 게임 노트북의 경우 놀랍게도 가볍습니다. 무게가 6 파운드 이상인 게임 노트북의 경우 가볍습니다. 배터리 테스트의 또 다른 긍정적 인 결과는 WLAN을 탐색하는 동안 6 시간 이내에 약간 지속되었다는 것입니다.,success
"|[**Lenovo IdeaPad Pro 5**](https://www.ebay.com/itm/166796502693?mkcid=1&mkrid=711-53200-19255-0&siteid=0&campid=5338037063&toolid=11800&mkevt=1)|16"" 2K 120Hz OLED 400 nits|AMD Ryzen 5 8645HS|Nvidia RTX 3050 6GB|16 GB DDR5|512 GB SSD|4.21 lbs|8 hrs|",| [** Lenovo IdeaPad Pro 5 **] (https://www.ebay.com/itm/166796502693?mkcid=1&mkrid=711-53200-19255-0&siteid=0&campid=5338037063&toolid=111800&mkevt=1) 120Hz OLED 400 NITS | AMD RYZEN 5 8645HS | NVIDIA RTX 3050 6GB | 16 GB DDR5 | 512 GB SSD | 4.21 lbs | 8 HRS |,success
"|[**Lenovo 16"" Legion Pro 7i**](https://www.bhphotovideo.com/c/product/1811267-REG/lenovo_83de0008us_16_legion_pro_7.html/specs)|16″ QHD+ (2560 x 1600) 240Hz 500-nits|Intel Core i9 14900HX|NVIDIA GeForce RTX 4090|32 GB DDR5 RAM|1 TB SSD|5.78 lbs|5 hrs|","| [** Lenovo 16 ""Legion Pro 7i **] (https://www.bhphotovideo.com/c/product/1811267-reg/lenovo_83de0008us_16_legion_pro_7.html/specs) | 16 ″ QHD+ (240 x 160) 240Hz 50-nits. 14900HX | NVIDIA GEFORCE RTX 4090 | 32 GB DDR5 RAM | 1 TB SSD | 5.78 lbs | 5 시간 |",success
"📌✨💻🔥Q&A + Pros & Cons of the Eluktronics RP-15 G2 Gaming laptop with AMD Ryzen 7 7840HS, 15.6"" QHD 165Hz, RTX 4070 140W GPU, 16GB DDR5 RAM, 1TB SSD currently on Sale at Amazon & Eluktronics.com for $999 after 41% off 🔥✨📌","AMD RYZEN 7 7840HS, 15.6 ""QHD 165Hz, RTX 4070 140W GPU, 16GB DDR5 RAM, 1TB SSD는 현재 Amazon & Eluktronics.com에서 41% 오프 후 41% 오프 후 41% OFF에 41% OFF를 보유한 ELUKTRONICS RP-15 G2 GAMING LAPTOP의 📌✨💻🔥Q & A + PROS & CONS.",success
"* Eluktronics generally has good customer service, with an emphasis on technical support, returns, and warranty services. Since they are an assembler, their support often relies on third-party component manufacturers, but their customer service team is known to be responsive and helpful. Many customers report positive experiences, while others note that response times may vary, so it’s good to check recent reviews in your region especially if you are outside of the US.","* Eluktronics는 일반적으로 기술 지원, 반품 및 보증 서비스에 중점을 둔 훌륭한 고객 서비스를 제공합니다. 그들은 어셈블러이기 때문에 그들의 지원은 종종 타사 구성 요소 제조업체에 의존하지만 고객 서비스 팀은 반응적이고 도움이되는 것으로 알려져 있습니다. 많은 고객은 긍정적 인 경험을보고하는 반면 다른 고객은 응답 시간이 다를 수 있다고 지적하므로 특히 미국 이외의 경우 해당 지역의 최근 리뷰를 확인하는 것이 좋습니다.",success
# Strengths of the Eluktronics RP-15 G2:,# Eluktronics RP-15 G2의 강점 :,success
# Pros and Cons,# 장단점,success
# Pros and Cons,# 장단점,success
"Both are solid gaming laptops with full wattage GPUs, however the LOQ does not have a igpu if you desire decent battery life when not gaming, but if you don't care for that the advantage of the RTX 4070 will be yours compared to the RTX 4060. On the other hand, of you desire good battery life when not gaming and will be on the go, the Lenovo Legion 5i is what you should lean towards more. It will get the job done, it may not be easy to carry around due to the 16"" screen size but the 165hz refresh rate gives you better display versus the LOQ and higher fps in competitive games. Both are solid units in their own way and it depends on your needs that will be the real FINAL VERDICT on which one to get.","둘 다 전체 와트 GPU가있는 견고한 게임 랩톱이지만 LOQ에는 게임이 아닌 경우 배터리 수명을 원할 경우 IGPU가 없습니다. 그러나 RTX 4070의 장점이 RTX 4060에 비해 귀하의 장점이 될 것입니다. 다른 한편으로는 게임을하지 않을 때 좋은 배터리 수명을 원하고 Lenovo Legion 5I가 될 것입니다. 16 ""화면 크기로 인해 작업을 수행하기가 쉽지 않을 수도 있지만 165Hz 새로 고침 속도는 경쟁 게임에서 LOQ 및 높은 FPS에 비해 더 나은 디스플레이와 더 나은 디스플레이를 제공합니다. 둘 다 견고한 단위이며, 필요한 최종 평판이 될 필요에 따라 달라집니다.",success
# Q 8: What are the Pros & Cons of the LOQ's display,# Q 8 : LOQ 디스플레이의 장단점은 무엇입니까?,success
**A:** The display of the Lenovo LOQ 83JC009CUS has several pros and cons.,** A : ** Lenovo LOQ 83JC009CUS의 전시에는 몇 가지 장단점이 있습니다.,success
"[Amazon] Samsung 16” Galaxy Book5 Pro 360 Copilot+ PC, AI Computer, Intel Core 7 Ultra Processor, 3K AMOLED (2880x1800) Touchscreen, S Pen,120Hz, Dolby Atmos, Student Laptop, Lightweight, All-Day Battery Life. Now: $1,399.99 After 18% Off","[Amazon] Samsung 16”Galaxy Book5 Pro 360 Copilot+ PC, AI 컴퓨터, 인텔 코어 7 울트라 프로세서, 3K AMOLED (2880X1800) 터치 스크린, S 펜, 120Hz, Dolby Atmos, 학생 노트북, 가벼운, 모든 배터리 수명. 18% 후 $ 1,399.99.",success
"[Amazon] Samsung 16” Galaxy Book5 Pro 360 Copilot+ PC, AI Computer, Intel Core 7 Ultra Processor, 3K AMOLED (2880x1800) Touchscreen, S Pen,120Hz, Dolby Atmos, Student Laptop, Lightweight, All-Day Battery Life. Now: $1,399.99 After 18% Off","[Amazon] Samsung 16”Galaxy Book5 Pro 360 Copilot+ PC, AI 컴퓨터, 인텔 코어 7 울트라 프로세서, 3K AMOLED (2880X1800) 터치 스크린, S 펜, 120Hz, Dolby Atmos, 학생 노트북, 가벼운, 모든 배터리 수명. 18% 후 $ 1,399.99.",success
"[Amazon] Samsung 16” Galaxy Book5 Pro 360 Copilot+ PC, AI Computer, Intel Core 7 Ultra Processor, 3K AMOLED (2880x1800) Touchscreen, S Pen,120Hz, Dolby Atmos, Student Laptop, Lightweight, All-Day Battery Life. Now: $1,399.99 After 18% Off","[Amazon] Samsung 16”Galaxy Book5 Pro 360 Copilot+ PC, AI 컴퓨터, 인텔 코어 7 울트라 프로세서, 3K AMOLED (2880X1800) 터치 스크린, S 펜, 120Hz, Dolby Atmos, 학생 노트북, 가벼운, 모든 배터리 수명. 18% 후 $ 1,399.99.",success
"[Amazon] SAMSUNG 16” Galaxy Book5 Pro 360 Copilot+ PC, AI Laptop: 3K 120Hz AMOLED (2880 x 1800) Touchscreen Display, Intel Core 7 Ultra Processor, 16GB RAM, 1TB SSD, Dolby Atmos Quad Speakers, All-Day Battery Life. Now: $1,499.99 After 12% Off","[Amazon] Samsung 16”Galaxy Book5 Pro 360 Copilot+ PC, AI 노트북 : 3K 120Hz AMOLED (2880 x 1800) 터치 스크린 디스플레이, 인텔 코어 7 울트라 프로세서, 16GB RAM, 1TB SSD, DOLBY ATMOS Quad Speakers, 12% 후 $ 1,499.99",success
"[Amazon] SAMSUNG 16” Galaxy Book5 Pro 360 Copilot+ PC, AI Laptop: 3K 120Hz AMOLED (2880 x 1800) Touchscreen Display, Intel Core 7 Ultra Processor, 16GB RAM, 1TB SSD, Dolby Atmos Quad Speakers, All-Day Battery Life. Now: $1,499.99 After 12% Off","[Amazon] Samsung 16”Galaxy Book5 Pro 360 Copilot+ PC, AI 노트북 : 3K 120Hz AMOLED (2880 x 1800) 터치 스크린 디스플레이, 인텔 코어 7 울트라 프로세서, 16GB RAM, 1TB SSD, DOLBY ATMOS Quad Speakers, 12% 후 $ 1,499.99",success
"[Amazon] SAMSUNG 16” Galaxy Book5 Pro 360 Copilot+ PC, AI Laptop: 3K 120Hz AMOLED (2880 x 1800) Touchscreen Display, Intel Core 7 Ultra Processor, Dolby Atmos Quad Speakers, All-Day Battery Life. Now: $1,474.99 After 13% Off","[Amazon] Samsung 16”Galaxy Book5 Pro 360 Copilot+ PC, AI 노트북 : 3K 120Hz AMOLED (2880 x 1800) 터치 스크린 디스플레이, 인텔 코어 7 울트라 프로세서, Dolby Atmos 쿼드 스피커, 하루 종일 배터리 수명.",success
I have seen questions and decided to revamp and add more info to this Short Review + Pros and Cons to help those that are on the fence of purchasing either the [**Lenovo LOQ Gaming Laptop**](https://www.walmart.com/ip/Lenovo-LOQ-15-6-FHD-144Hz-Gaming-Notebook-Ryzen-7-7435HS-16GB-RAM-512GB-SSD-NVIDIA-GeForce-RTX-4070-Luna-Grey-Octa-Core-Display-Ram/13376108763?clickid=0STS93WvdxyKUWpzotVvFUZOUkCQLQ0CE0LB1g0&irgwc=1&sourceid=imp_0STS93WvdxyKUWpzotVvFUZOUkCQLQ0CE0LB1g0&veh=aff&wmlspartner=imp_2553023&affiliates_ad_id=565706&campaign_id=9383&sharedid=)**.**,나는 질문을 보았고이 짧은 검토 + 장단점에 더 많은 정보를 추가하기로 결정하여 [** Lenovo Loq Gaming을 구매하는 사람들을 돕습니다. 노트북 **] (https://www.walmart.com/ip/lenovo-loq-15-6-fhd-144hz-gaming-notebook-ryzen-7-7435hs- 16GB-RAM-512GB-SSD-NVIDIA-GEFORCE-4070-LUNA-GREY-OCTA-CORE-DISPLAY-RAM/13376108763? CLICKID = 0sts93wvdxykuwpzotvvfuzoukcqlq0ce0lb1g0 & irgwc = 1 & sourceid = imp_0sts93wvdxykuwpzotvvfukcqlq0ce 0lb1g0 & veh = aff & wmlspartner = IMP_2553023 & jourfiliates_ad_id = 565706 & camplice_id = 9383 & sharedid =) **. ** **,success
# Pros and Cons,# 장단점,success
"|[Lenovo ThinkPad Z16 G1](https://www.ebay.com/itm/126581175588?mkcid=1&mkrid=711-53200-19255-0&siteid=0&campid=5338037063&toolid=11800&mkevt=1)|16"" FHD+ IPS 400 nits sRGB 100% Touchscreen, Ryzen 7 PRO 6850H,16GB RAM, 1TB SSD|67%|$659.99|","| [Lenovo ThinkPad Z16 G1] (https://www.ebay.com/itm/126581175588?mkcid=1&mkrid=711-53200-19255-0&siteid=0&campid= 5338037063&toolid=11800&mkevt=1) IPS 400 NITS SRGB 100% 터치 스크린, Ryzen 7 Pro 6850H, 16GB RAM, 1TB SSD | 67% | $ 659.99 |",success
"|[♻️Refurbished Lenovo IdeaPad Pro 5i](https://www.ebay.com/itm/305816263745?mkcid=1&mkrid=711-53200-19255-0&siteid=0&campid=5338037063&toolid=11800&mkevt=1)|16"" 2K (2048x1280) 16:9, 120Hz, 400-nits, 100% DCI-P3, Eyesafe, DisplayHDR True Black 500, Glossy, OLED Display, Intel Ultra 9 185H, RTX 4050, 32GB RAM, 1TB SSD|24%|$841|","| | [♻️ 리퍼 비 된 Lenovo Ideapad Pro 5i] (https://www.ebay.com/itm/305816263745?mkcid=1&mkrid=711-53200-19255-0&siteid=0&campid=5338037063`1160/MKEVT=11) 2K (2048x1280) 16 : 9, 120Hz, 400- 니트, 100% DCI-P3, Eyesafe, DisplayHDR True Black 500, 광택, OLED 디스플레이, 인텔 울트라 9 185H, RTX 4050, 32GB RAM, 1TB SSD | 24% | $ 841 |",success
"|[ASUS TUF A16 AE ](https://www.microcenter.com/product/677533/asus-tuf-gaming-a16-advantage-edition-(2023)-16-laptop-computer-platinum-collection-sandstorm)|16"" FHD+165Hz, Ryzen 7 7435HS, RX 7600S, 16GB DDR5, 512GB SSD|$400|$599.99|","| [ASUS TUF A16 AE] (https://www.microcenter.com/product/677533/asus-tuf-gaming-a16-advantage-edition- (2023) -16-laptop-computer-platinum-collection-sandstorm) | 16 ""FHD+165Hz, ryzen 7435HS. 7600S, 16GB DDR5, 512GB SSD | $ 400 | $ 599.99 |",success
"|[Apple MacBook Pro](https://www.costco.com/macbook-pro-14-inch---apple-m3-pro-chip-with-11-core-cpu-and-14-core-gpu%2c-512gb-ssd.product.4000225276.html)|14.2"" 3K, M3 Pro, 18GB RAM, 512GB SSD|28%|$1250|","| [Apple MacBook Pro] (https://www.costco.com/macbook-pro-14-inch---apple-m3-pro-chip-with-11-core-cpu-and-14-core-gpu%2C-512GB-ssd.product.4000225276.html) | 14.2 ""3K, 18GB RAM, 512GB SSD | 28%| $ 1250 |",success
"|[HP 255 G10](https://www.staples.com/hp-255-g10-15-6-laptop-amd-ryzen-5-7530u-16gb-memory-1tb-ssd-windows-11-pro-a29t1ua-aba/product_24599294)|  15.6"" FHD, Ryzen 7530U, 16GB Ram, 1TB SSD|52%|$399.99|Staples|","| [hp 255 g10] (https://www.staples.com/hp-255-g10-15-6-laptop-amd-ryzen-5-7530u-16gb-memory-1tb-sd-windows-11-pro-a29t1ua-aba/product_249294) |  15.6 ""FHD, Ryzen 7530U, 16GB RAM, 1TB SSD | 52%| $ 399.99 | 스테이플 |",success
"| [Lenovo ThinkPad P14s](https://lenovo.vzew.net/c/1883484/218864/3808?u=https%3A%2F%2Fwww.lenovo.com%2Fus%2Fvipmembers%2Fbeneplaceoffer%2Fen%2Fp%2Flaptops%2Fthinkpad%2Fthinkpadp%2Flenovo-thinkpad-p14s-gen-5-14-inch-amd-mobile-workstation%2F21me001lus)| Ryzen 7 PRO 8840HS, 14"" FHD IPS, 32GB DDR5, 1TB SSD|61% |$889|Lenovo|","| [Lenovo ThinkPad P14S] (https://lenovo.vzew.net/c/1883484/218864/3808?u=https%3A%2F%2Fwww.lenovo.com%2fus%2fvipmbers%2fbene placeoffer %2fen%2fp%2flaptops%2Fthinkpad%2fthinkpadp%2flenovo-thinkpad-p14s-gen-5-14-inch-amd-mobile-workstation%2f21me001lus) | Ryzen 7 Pro 8840HS, 14 ""FHD IPS, 32GB DDR5, 1TB SSD | 61% | $ 889 | Lenovo |",success
"|[**SAMSUNG Galaxy Book4 Pro Laptop (2024 Model)**](https://progamerstech.com/product/samsung-14-galaxy-book4-pro-laptop-pc-computer-intel-core-7-ultra-processor-512gb-3k-amoled-2880-x-1800-touchscreen-advanced-security-2024-model-np940xgk-kg1us-moonstone-gray-2/) |**14"" 3K Dynamic AMOLED 2X 120Hz (2880 x 1800) Touchscreen, Intel Core 7 Ultra Processor, 16GB RAM, 512GB SSD** |**~~$1,449.99~~**|**$1,001.71** |",| [** Samsung Galaxy Book4 Pro Laptop (2024 모델) **] (https://progamerstech.com/product/samsung-14-galaxy-book4-pro-laptop-pc-computer-intel-core-7-ultra-p Rocessor-512GB-3K-Amoled-2880-X-1800-TOUTHCREEN-ADVANCE-SECURITY-2024-MODEL-NP940XGK-KG1US-MOONSTENSTENSTENSTER-2/) …,success
"|[**Samsung Galaxy Book4 Pro Business Laptop (2024 Model)**](https://progamerstech.com/product/samsung-16-galaxy-book4-pro-business-laptop-wi-fi-pc-computer-windows-11-pro-intel-core-5-ultra-125h-16gb-512gb-3k-amoled-touchscreen-2024-model-np964xgk-kg3us-moonstone-gray/) |**16"" (‎3840 x 2160) 3K Dynamic AMOLED 2X 120Hz Touchscreen Display, Intel® Core™ Ultra 5 125H, 16GB RAM, 512GB SSD, Windows 11 PRO** |**~~$1,549.99~~** |**$1,149.99** |","| [** Samsung Galaxy Book4 Pro Business Laptop (2024 모델) **] (https://progamerstech.com/product/samsung-16-galaxy-book4-pro-business-laptop-wi-pc-computer-wind OWS-11-Pro-Intel-Core-5-Ultra-125H-16GB-512GB-3K-Amoled-Touchscreen-2024-Model-NP964XGK-KG3US-Moonstone-Gray/) | ** 16 ""(3840 x 2160) 3K 동적 AMOLED 2X 120Hz 터치 스크린 디스플레이, Intel® Core ™ Ultra 5 125H, 16GB RAM, 512GB SSD, Windows 11 Pro ** ~~ $ 1,549.99 ~~ ** | ** $ 1,149.99 ** |",success
"|[**Samsung 16"" Galaxy Book4 Pr**](https://progamerstech.com/product/samsung-16-galaxy-book4-pro-business-laptop-wi-fi-pc-computer-windows-11-pro-intel-core-7-ultra-155h-32gb-1tb-3k-amoled-touchscreen-2024-model-np964xgk-kg1us-moonstone-gray/)|**Intel Core 7 Ultra 155H / 32GB RAM / 1TB SSD, 3K AMOLED Touchscreen, Windows 11 PRO**|**$2,049**|**$1,549.99**|","| [** Samsung 16 ""Galaxy Book4 pr **] (https://progamerstech.com/product/samsung-16-galaxy-book4-pro-business-laptop-wi-pc-computer-windows-1 1-Pro-Intel-Core-7-Ultra-155H-32GB-1TB-3K-Amoled-Touchscreen-2024-Model-NP964XGK-KG1US-Moonstone-Gray/) | ** Intel Core 7 Ultra 155H / 32GB RAM / 1TB SSD, 3K AMOLED 터치 스크린, Windows 11 Pro ** | ** $ 2,049 ** | ** $ 1,549.99 ** |",success
"No, the **AMD Ryzen 7 7435HS processor** does not feature integrated graphics. This laptop relies entirely on the dedicated **NVIDIA GeForce RTX 4060 GPU** for all graphical processing, which is a significant advantage for gaming and other GPU-intensive tasks.","아니요, ** amd ryzen 7 7435hs 프로세서 **에는 통합 그래픽이 없습니다. 이 노트북은 전용 ** NVIDIA GEFORCE RTX 4060 GPU ** 모든 그래픽 처리에 전적으로 의존합니다. 이는 게임 및 기타 GPU 집약적 인 작업에 중요한 이점입니다.",success
#### Q11: What are the major strengths of this laptop?,#### Q11 :이 노트북의 주요 강점은 무엇입니까?,success
Crucial X6 2TB / X9 Pro 4TB SSDs Fail on Thunderbolt Until Firmware Is Updated — But You Need Another PC to Do It,중요한 X6 2TB / X9 Pro 4TB SSDS는 펌웨어가 업데이트 될 때까지 Thunderbolt에서 실패하지만이를 위해 다른 PC가 필요합니다.,success
"If you're using a Crucial X6 or X9 Pro portable SSD and your Thunderbolt-equipped laptop (like LG Gram) can't detect it — you're not alone. The issue lies in the out-of-box firmware, which fails to initialize properly on certain Thunderbolt controllers. The catch? You must update the firmware using Crucial Storage Executive, but you can’t do that unless the drive is recognized — which it isn’t on affected systems.",중요한 X6 또는 X9 Pro 휴대용 ​​SSD를 사용하고있는 경우 LG 그램과 같은 Thunderbolt가 장착 된 노트북 (LG Gram)이 감지 할 수없는 경우-혼자가 아닙니다. 이 문제는 특정 Thunderbolt 컨트롤러에서 제대로 초기화되지 않는 상자 외부 펌웨어에 있습니다. 캐치? 중요한 스토리지 경영진을 사용하여 펌웨어를 업데이트해야하지만 드라이브가 인식되지 않는 한 영향을받는 시스템에 있지 않은 경우에는 그렇게 할 수 없습니다.,success
• 	SSD Models: Crucial X6 2TB / X9 Pro 4TB,• SSD 모델 : 중요한 X6 2TB / X9 Pro 4TB,success
"If your Crucial X6 or X9 Pro SSD isn’t working on Thunderbolt, it’s likely a firmware issue. You’ll need to find another PC that can detect the drive, update the firmware using Crucial Storage Executive, and only then will it work on your main machine.",중요한 X6 또는 X9 Pro SSD가 Thunderbolt에서 작동하지 않는 경우 펌웨어 문제 일 수 있습니다. 드라이브를 감지하고 중요한 스토리지 경영진을 사용하여 펌웨어를 업데이트 할 수있는 다른 PC를 찾아야합니다.,success
Distorted Visuals with LG Gram Pro 16 inch 2-in-1,LG 그램 프로 16 인치 2-in-1로 왜곡 된 영상,success
My brand new LG Gram Pro 16” isn’t recognizing any USBs whatsoever.,내 새로운 LG Gram Pro 16 인치는 USBS를 인식하지 못하고 있습니다.,success
Asus Zenbook 15pro or Lg Gram 360,Asus Zenbook 15Pro 또는 LG Gram 360,success
"Hey reddit, I am looking for a laptop and wouldnt want a latest cus my babudget is not really good so I am looking for second hand (so that I can get a better specs one) The question is I cant choose between LG gram 360 16T90P-GR5 BK (SSD 256GB and Asus zenbook 15pro UP6502ZA-M8008W (SSD 512GB) I know a little about laptops and cant choose between these two. Can you tell me the downside s and what to choose. Much appreciated.","Hey Reddit, 나는 노트북을 찾고 있고 최신 커스를 원하지 않을 것입니다. 내 babudget이 정말 좋지 않기 때문에 중고를 찾고 있습니다. (그래서 더 나은 사양을 얻을 수 있습니다. 이 두 가지 중에서 선택하십시오. 단점과 무엇을 선택 해야하는지 말해 줄 수 있습니다.",success
Asus Zenbook 15pro or Lg Gram 360,Asus Zenbook 15Pro 또는 LG Gram 360,success
The question is I cant choose between LG gram 360 16T90P-GR5 BK (SSD 256GB and Asus zenbook 15pro UP6502ZA-M8008W (SSD 512GB),문제는 LG GRAM 360 16T90P-GR5 BK (SSD 256GB 및 ASUS ZENBOOK 15PRO UP6502ZA-M8008W (SSD 512GB) 중에서 선택할 수 없다는 것입니다.,success
"LG Gram Pro 2-in-1 16"", only a few months old.","LG Gram Pro 2-in-1 16 "", 불과 몇 개월.",success
LG Gram 16 Pro (Core Ultra 7 155H) strange poor performance behavior,LG Gram 16 Pro (Core Ultra 7 155h) 이상한 성능 행동,success
"I just got my hands on a brand new Gram 16 Pro with the 155H CPU. I've been seeing strange behavior with it...if you do stuff that only uses about 1-2 cores it's fine, but as soon as you do more, even as mundane as opening Chrome while Windows Update runs it slows to a crawl.","방금 155h CPU와 함께 새로운 그램 16 Pro에 손을 댔습니다. 나는 그것으로 이상한 행동을 보았습니다 ... 당신이 약 1-2 코어 만 사용하는 일을한다면 괜찮습니다. 그러나 더 많은 일을하자마자, Windows 업데이트가 실행되는 동안 크롬을 여는 것만 큼 평범한 것처럼 크롤링으로 속도가 느려집니다.",success
LG Gram Pro 2 in 1: Touchscreen stops working FIX,LG Gram Pro 2 in 1 : 터치 스크린 수정이 중지됩니다.,success
"PROBLEM: LG Gram Pro 2-in-1 16"" OLED (2024, 16T90SP): Touchscreen stops working in non-standard OS Windows 11 Pro (without LG bloatware = LG Update, LG Smart Assistant, etc.). Device manager shows one ""! Unknown USB Device"" (Device Descriptor Request Failed), HID-compliant touch screen is hidden/not connected.","문제 : LG GRAM PRO 2-in-1 16 ""OLED (2024, 16T90SP) : 터치 스크린은 비표준 OS Wind 알 수없는 USB 장치 ""(장치 디스크립터 요청 실패), HID 호환 터치 스크린이 숨겨 지거나 연결되어 있지 않습니다.",success
SSD/HDD: 2x Samsung 990 pro (2TB) + 1x Samsung 870 Evo (2TB),SSD/HDD : 2X Samsung 990 Pro (2TB) + 1x Samsung 870 EVO (2TB),success
I recently harvested the internal SSD of an SanDisk Extreme PRO Portable SSD because its AES module failed.,AES 모듈이 실패했기 때문에 최근 Sandisk Extreme Pro 휴대용 ​​SSD의 내부 SSD를 수확했습니다.,success
"OS - Windows 11 Pro x64, version 23H2","OS -Windows 11 Pro X64, 버전 23H2",success
`Type: Desktop System: ASRock product: B760 Pro RS/D4 v: N/A serial: <superuser required>`,`유형 : 데스크탑 시스템 : Asrock 제품 : B760 Pro RS/D4 V : N/A 직렬 : <SuperUser 필수>`,success
`Mobo: ASRock model: B760 Pro RS/D4 serial: <superuser required> uuid: <superuser required>`,`Mobo : Asrock 모델 : B760 Pro RS/D4 Serial : <SuperUser 필수> UUID : <SuperUser 필수>`,success
**Storage** | [Samsung 990 Pro 2 TB M.2-2280 PCIe 4.0 X4 NVME Solid State Drive](https://pcpartpicker.com/product/34ytt6/samsung-990-pro-2-tb-m2-2280-pcie-40-x4-nvme-solid-state-drive-mz-v9p2t0bw) | Purchased For $164.01,** 스토리지 ** | [Samsung 990 Pro 2 TB M.2-2280 PCIE 4.0 X4 NVME 솔리드 스테이트 드라이브] (https://pcpartpicker.com/product/34ytt6/samsung-990-pro-2-tb-m2-2280-pcie-40-x4-nvme-solid-state-drive-mz-vw) | $ 164.01에 구입했습니다,success
**Custom**| Inland Gaming MK PRO 75% Wired DIY Custom RGB Gaming Keyboard| Purchased For $99.99,** 커스텀 ** | 내륙 게임 MK Pro 75% 유선 DIY 사용자 정의 RGB 게임 키보드 | $ 99.99에 구입했습니다,success
* **SSD**: Samsung 990 Pro 2TB (M.2),*** SSD ** : Samsung 990 Pro 2TB (M.2),success
Model Number:                       Samsung SSD 980 PRO 1TB,모델 번호 : 삼성 SSD 980 Pro 1TB,success
* **Motherboard:** MSI H310M PRO-VDH (MS-7B29),*** 마더 보드 : ** MSI H310M PRO-VDH (MS-7B29),success
OS: Windows 10 Pro // *10.0.19045 Build 19045*,OS : Windows 10 Pro // *10.0.19045 빌드 19045 *,success
"- Laptop: Lenovo Ideapad Pro 5 16"" (Ryzen 7, WQXGA, USB-C and HDMI ports)","- 노트북 : Lenovo IdeaPad Pro 5 16 ""(Ryzen 7, WQXGA, USB-C 및 HDMI 포트)",success
\[CPU / Processor:5955WX AMD Ryzen Threadripper PRO 16-Core 4.0 GHz (4.5 GHz Turbo) Socket sWRX8 280W Processor\],\ [CPU / 프로세서 : 5955WX AMD Ryzen ThreadRipper Pro 16 코어 4.0GHz (4.5 GHz Turbo) 소켓 SWRX8 280W 프로세서 \],success
\[Operating System:Microsoft Windows 10 Pro 64-bit - Includes Original Media + Free USB Recovery Drive\],\ [운영 체제 : Microsoft Windows 10 Pro 64 비트 - 독창적 인 미디어 + 무료 USB 복구 드라이브 포함 \],success
I have 2 monitors. I have a gaming windows PC and a work 16 inch M4 pro Macbook. Windows machine has a RTX 3070 feeding 2 display port 1.4 cables into the KVM. The mac has 1 a usb c to display port 1.4 feeding the KVM. I also have a hub with display port 1.4 feeding the second display port to the KVM.,나는 2 개의 모니터가 있습니다. 게임 Windows PC와 작업 16 인치 M4 Pro MacBook이 있습니다. Windows Machine에는 RTX 3070 Feeding 2 디스플레이 포트 1.4 케이블이 KVM에 있습니다. MAC에는 KVM을 공급하는 포트 1.4를 표시하기 위해 1 A USB C가 있습니다. 또한 디스플레이 포트 1.4가있는 허브가있어 두 번째 디스플레이 포트를 KVM에 공급합니다.,success
**Memory** | Corsair Vengeance RGB Pro 32 GB (2 x 16 GB) DDR4-3600 CL18 Memory,** 메모리 ** | Corsair Vengeance RGB Pro 32GB (2 x 16 GB) DDR4-3600 CL18 메모리,success
**Memory** | Corsair Vengeance RGB Pro 32 GB (2 x 16 GB) DDR4-3600 CL18 Memory,** 메모리 ** | Corsair Vengeance RGB Pro 32GB (2 x 16 GB) DDR4-3600 CL18 메모리,success
CPU Cooler: be quiet! Dark Rock Pro 5 CPU Cooler,CPU Cooler : 조용하십시오! 다크 록 프로 5 CPU 쿨러,success
Storage: Samsung 980 Pro 1 TB M.2-2280 PCIe 4.0 X4 NVME Solid State Drive,스토리지 : Samsung 980 Pro 1 TB M.2-2280 PCIE 4.0 X4 NVME 솔리드 스테이트 드라이브,success
Storage: Samsung 990 Pro 4 TB M.2-2280 PCIe 4.0 X4 NVME Solid State Drive,스토리지 : Samsung 990 Pro 4 TB M.2-2280 PCIE 4.0 X4 NVME 솔리드 스테이트 드라이브,success
* Microsoft Windows 10 Pro Version 10.0.19045,* Microsoft Windows 10 Pro 버전 10.0.19045,success
* Samsung 990 Pro 2 TB M.2,* Samsung 990 Pro 2 TB M.2,success
"* Potential False Positives: Google Safe Browsing and some antivirus solutions flag MSEdgeRedirect (this is according to Claude ai, idk if this part is fully true but my antivirus didn't flag it (i have f secure as my antivirus)","* 잠재적 오 탐지 : Google Safe Browsing 및 일부 안티 바이러스 솔루션 플래그 MSedgerEdirect (이것은 Claude AI에 따르면,이 부분이 완전히 사실이지만 내 바이러스 백신이 플래그를 지정하지 않았다면 IDK입니다.",success
* False positives are common for tools that modify Windows behavior,* Windows 동작을 수정하는 도구에는 오 탐지가 일반적입니다.,success
* 	Corsair Vengeance RGB Pro 32 GB (2 x 16 GB) DDR4-3600 CL18 Memory,* Corsair Vengeance RGB Pro 32GB (2 x 16 GB) DDR4-3600 CL18 메모리,success
Uninstalling/reinstalling drivers for the pro x2 microphone.,Pro X2 마이크의 드라이버를 제거/재설치하지 않습니다.,success
"I was planning to switch to the Apple ecosystem from Andriod. I was planning to buy the new iphone 17 when it launches in September 2025 and the Macbook Pro M4 chip (14""). But I had a questions. I have heard friends say that a Macbook, if taken care of, can last 8-10 years. How realistic is that considering I upgrade all my electronics every 6-8 years. I take care of my laptops, phones and earpods well to a points where I avoid keeping it in direct sun or any form of moisture. I have been using my current android phone for 6 years and I believe it has reached the end of its life, the camera quality has deteriorated, the battery is weak, and most importantly it randomly shuts down. Currently I was just mock shopping on the Apple website just to get an estimate where I added the Iphone 16 pro 256GB, Macbook Pro, Charging adapter and Airpods 4. My total is 2896 UK pounds (US$3589). What should I do?","나는 Andriod에서 Apple 생태계로 전환 할 계획이었습니다. 나는 2025 년 9 월에 출시 될 때 새로운 iPhone 17을 구매할 계획이었고 MacBook Pro M4 Chip (14). 그러나 질문이 있었다. 나는 친구들이 8-10 년 동안 지속될 수 있다면 MacBook이 지속될 수 있다고 말하는 것을 들었다. 나는 6-8 년마다 모든 전자 장치를 고려하는 것이 얼마나 현실적이라고 생각 하는가. 현재 Android 폰을 6 년 동안 사용하고 있으며, 카메라 품질이 악화되었고, 배터리가 약해졌으며, 가장 중요한 것은 Apple 웹 사이트에서 모의 ​​쇼핑을했으며 iPhone 16 Pro 256GB, MacBook Adapter 및 Airpods를 추가했습니다.",success
"Windows 11 PRO (to clarify, I would go to Linux if Adobe wasn't holding me host\*ge in Windows)",Windows 11 Pro (명확하게하기 위해 Adobe가 Windows에서 호스트를 안고 있지 않으면 Linux로 갈 것입니다),success
ASRock Z790 PRO RS WIFI ATX LGA1700 Motherboard,ASROCK Z790 Pro RS WiFi ATX LGA1700 마더 보드,success
"My iPhone 14 Pro Max has a charging port or charging dock issues last May and I had it changed thru an iPhone repair shop here in Japan and then last July I’ve been encountering this issue that battery is not recognized and my phone will just automatically restarts on its own even when I’m using it or not using it, then after it restarts, the error message of",내 iPhone 14 Pro Max는 지난 5 월 충전 포트 또는 충전 도크 문제가 있으며 일본에서 iPhone 수리점을 통해 변경 한 다음 지난 7 월에 배터리를 인식하지 못하고 사용을 사용하거나 사용하지 않을 때에도 자체적으로 다시 시작됩니다.,success
Storage - Crucial P310 M.2 1TB NVMe SSD Case - Montech King 65 Pro ATX Mid Tower Gaming PC Case with 3 Pre-Installed ARGB Fans Motherboard - GIGABYTE Z790 S WIFI DDR4,스토리지 - 중요한 P310 M.2 1TB NVME SSD 사례 - Montech King 65 Pro ATX Mid Tower Gaming PC 케이스 3 개의 사전 설치된 ArgB 팬 마더 보드 - 기가 바이트 Z790 S WiFi DDR4,success
"For material context, the computer I'm talking about is a 2021 Lenovo Thinkpad T14s Gen 2 (AMD) with an AMD Ryzen 5 PRO 5650U with Radeon Graphics processor at a nominal 2.30 GHz, 16 GB of RAM (of which 14.8 GB is usable), the 1920 × 1080 display, and an SSD advertised as 512 GB; currently running Windows 10 Pro version 22H2, build 19045.6093 on its internal drive.","재료 맥락에서, 내가 말하는 컴퓨터는 공칭 2.30 GHz에 Radeon 그래픽 프로세서가 장착 된 AMD Ryzen 5 Pro 5650U가 장착 된 2021 Lenovo ThinkPad T14S Gen 2 (AMD), 16GB의 RAM (14.8GB가 사용 가능), 1920 × 1080 디스플레이 및 512GB로 광고 된 SSD; 현재 Windows 10 Pro 버전 22H2를 실행하고 있으며 내부 드라이브에 19045.6093을 빌드합니다.",success
"I’m looking for advice regarding a series of persistent, unusual digital behaviors on my iPhone 16 Pro that began in June. The issues involve iCloud, ChatGPT mobile app, strange voice and text outputs, unexplained hotspot and roaming activity, and UI inconsistencies which continued despite performing full resets and manual security checks.","6 월에 시작된 iPhone 16 Pro에서 일련의 지속적이고 특이한 디지털 행동에 대한 조언을 찾고 있습니다. 이 문제에는 iCloud, Chatgpt 모바일 앱, 이상한 음성 및 텍스트 출력, 설명 할 수없는 핫스팟 및 로밍 활동, 전체 재설정 및 수동 보안 검사를 수행 함에도 불구하고 계속되는 UI 불일치가 포함됩니다.",success
"Since mid-June 2025, I’ve been experiencing suspicious digital behavior on my iPhone 16 Pro after a trip where my phone was taken without consent twice. Key anomalies:","2025 년 6 월 중순부터, 나는 휴대 전화가 두 번 동의하지 않고 여행 한 후 iPhone 16 Pro에서 의심스러운 디지털 행동을 경험하고 있습니다. 주요 이상 :",success
"On the same day, I had also replaced my *Logitech K120* keyboard with an identical model, and my *Logitech G PRO X SUPERLIGHT 2* mouse with a *Logitech G PRO X SUPERLIGHT 2 SE*.","같은 날, 나는 또한 *logitech k120 *키보드를 동일한 모델로 교체했으며, *logitech g pro x superlight 2 *마우스를 *logitech g pro x superlight 2 se *로 교체했습니다.",success
**Operating System:** Windows 11 Pro 64-bit,** 운영 체제 : ** Windows 11 Pro 64 비트,success
**Motherboard:** MSI PRO Z790-S WIFI (Intel Socket 1700),** 마더 보드 : ** MSI Pro Z790-S WiFi (Intel Socket 1700),success
**SSD (OS):** Samsung SSD 990 PRO M.2 PCIe NVMe 1 TB with heatsink (MZ-V9P1T0GW),** SSD (OS) : ** Samsung SSD 990 Pro M.2 히트 싱크가있는 PCIE NVME 1 TB (MZ-V9P1T0GW),success
**Mouse:** Logitech G PRO X Superlight 2 SE Black,** 마우스 : ** Logitech G Pro X Superlight 2 SE Black,success
"All drivers and BIOS (version **[7D88v1F](https://www.msi.com/Motherboard/PRO-Z790-S-WIFI/support)** dated **April 18, 2025**) are up to date.",모든 드라이버 및 바이오스 (버전 ** [7d88v1f] (https://www.msi.com/motherboard/pro-z790-s-wifi/support) ** 날짜 ** 2025 년 4 월 18 일 **)는 최신입니다.,success
Storage: Samsung 990 Pro Gen 4 M.2 NVME SSD,스토리지 : Samsung 990 Pro Gen 4 M.2 NVME SSD,success
* 1 TB Samsung 990 Pro NVME,* 1 TB Samsung 990 Pro NVME,success
* (3) 14TB WD Red Pro - can't initialize,* (3) 14TB WD Red Pro- 초기화 할 수 없습니다,success
"**Or try to flash** the newest (or the oldest i.e. ""factory"" version of BIOS) from Gigabyte's website and hope that this will change sth in a positive direction? Although disconnecting everything incl CMOS-batt. for up to 24 hours I can't say 100% surely that for some very strange reasons, maybe bricked BIOS or so, somehow the wanted BIOS reset still didn't apply...but that's just between idea and my feeling.","** 또는 Gigabyte 웹 사이트에서 최신 (또는 가장 오래된 ""공장""BIOS 버전)를 플래시하려고하면 STH가 긍정적 인 방향으로 바뀌기를 바랍니다. CMOS 배트를 포함한 모든 것을 분리하지만. 최대 24 시간 동안 나는 매우 이상한 이유로 100% 말할 수 없을 것입니다.",success
"System issues specs: 5800x3D, 64 GB Ram 3600MHz (2 sticks), 4080 Super ventus, B550I Aorus PRO AX","시스템 문제 사양 : 5800x3d, 64GB RAM 3600MHz (2 스틱), 4080 Super Ventus, B550i Aorus Pro AX",success
Windows 10 Pro 64-bit,Windows 10 Pro 64 비트,success
Windows 11 Pro 64-bit,Windows 11 Pro 64 비트,success
1. OS: Windows 11 Pro 64-bit (fully updated),1. OS : Windows 11 Pro 64 비트 (완전히 업데이트),success
Low Random Write speeds on my brand new  Samsung 990 Pro 2TB SSD.,내 새로운 Samsung 990 Pro 2TB SSD의 낮은 무작위 쓰기 속도.,success
"I just completed a build on the Gigabyte B850 Aorus Elite Gaming WiFi 7, a Ryzen 7 9800X3D, a Gigabyte Gaming OC RTX 5080 and a Samsung 990 Pro 2TB NVME SSD.","방금 Gigabyte B850 Aorus Elite Gaming Wi -Fi 7, Ryzen 7 9800x3d, Gigabyte Gaming OC RTX 5080 및 Samsung 990 Pro 2TB NVME SSD에 빌드를 완료했습니다.",success
Motherboard: msi pro b650m-p,마더 보드 : MSI Pro B650M-P,success
"I’m running an AMD Ryzen 7 7800X3D (8-core, 16 threads) on a B850 Pro RS motherboard, with a 5070 Ti GPU and 32GB RAM with a 1440p, 144hz monitor.","B850 Pro RS 마더 보드에서 AMD Ryzen 7 7800X3D (8 코어, 16 스레드)를 실행하고 있으며 1440p, 144Hz 모니터가있는 5070 TI GPU 및 32GB RAM이 있습니다.",success
* **Motherboard:** MSI B450M Pro-VDH Max,*** 마더 보드 : ** MSI B450M PRO-VDH MAX,success
"**Conclusion:** I just think the game is very bad optimized or I'm just coping and buying this Laptop was a mistake. If you see any mistakes I did or wrongs I said, please feel free to lecture me. I just want to play CS2 stable and without stutters, but also use my little competitive-advantage with 300 hz, if possible. I don't have a lot of knowlege in Benchmarking by the way, whatever I'm saying comes from different people with different opinions, which makes it hard for me to know, what's factual and what's not.",** 결론 : ** 단지 게임이 최적화 된 것으로 생각 되거나이 노트북을 대처하고 구입하는 것이 실수였습니다. 내가 한 실수 나 잘못이 보이면 내가 말한 것은 자유롭게 강의 해주세요. 나는 단지 CS2를 안정시키고 스터터없이 플레이하고 싶지만 가능한 경우 300Hz로 경쟁력을 사용합니다. 나는 벤치마킹에 대해 많은 지식이 없다. 내가 말하는 것은 다른 의견을 가진 다른 사람들로부터 나온 것입니다.,success
"A few days ago I opened up a secondary PC I built around 3–4 years ago. It had always worked perfectly without a single issue. The build uses an Intel Core i3‑10105 and an MSI H510M‑A PRO motherboard, along with a Seasonic GC-500 PSU. It’s not a high-end setup, but the components were chosen to be solid and reliable.",며칠 전에 저는 3-4 년 전에 제작 한 2 차 PC를 열었습니다. 그것은 항상 단일 문제없이 완벽하게 작동했습니다. 이 빌드는 계절 GC-500 PSU와 함께 Intel Core i3-10105와 MSI H510M-A Pro 마더 보드를 사용합니다. 고급 설정은 아니지만 구성 요소는 견고하고 신뢰할 수있는 것으로 선택되었습니다.,success
# Pros for Blade 16 (4070):,# Blade 16 (4070)의 장점 :,success
# Pros for Blade 15 (3080 Ti):,# Blade 15 (3080 ti)의 장점 :,success
* OS: Windows 11 Pro OEM 64-bit,* OS : Windows 11 Pro OEM 64 비트,success
* **Motherboard**: MSI PRO Z790-A MAX WIFI (MS-7E07),*** 마더 보드 ** : MSI Pro Z790-A MAX WiFi (MS-7E07),success
"CPU, MOBA, GPU, RAM: All from 2022, i5-12400F, MSI Pro B660M-A DDDR4, ASRock Rx 6500 4GB,  T-Force Vulcan 16GB DDR4","CPU, MOBA, GPU, RAM : 모두 2022 년, I5-12400F, MSI Pro B660M-A DDDR4, ASROCK RX 6500 4GB, T-FORCE VULCAN 16GB DDR4",success
"I recently learned about windows Driver Verifier, since I wasn't getting any useful event viewer info besides ""The system turned off unexpectedly lel"" I was excited to try it, so I manually turned on verification for both Nvidia, and all non microsoft drivers in the list to see if the minidumps would bear fruit. What happened was that every load into windows caused a crash with Driver Verifier saying it caught something, and being unable to boot into windows. So I grabbed the minidumps, looked at them in winDBG a bit, then copied them to the desktop before disabling verifier so I could boot normally again. What I need clarification on, is if I'm just getting a false positive here because I flagged some drivers that load on startup that aren't doing anything bad, and that's just what Driver Verifier does when used that way, I'm new to it and don't know how it works, just have an idea of how I think it works.","최근에 Windows 드라이버 검증기에 대해 배웠습니다. ""시스템이 예기치 않게 LEL을 끄는 것 외에 유용한 이벤트 뷰어 정보를 얻지 못했기 때문에 시도해 보았 기 때문에 NVIDIA에 대한 검증을 수동으로 켜고 Minidumps가 열매를 맺을 지 확인했습니다. 일어난 일은 Windows에 모든 부하로 인해 운전자 검증 업체가 무언가를 잡았고 Windows로 부팅 할 수 없다고 말하면서 충돌을 일으켰습니다. 그래서 나는 미니 덤프를 잡고 Windbg에서 조금 보았고 검증기를 비활성화하기 전에 데스크탑에 복사하여 정상적으로 부팅 할 수있었습니다. 내가 설명해야 할 것은, 내가 나쁜 일을하지 않는 스타트 업에로드하는 일부 드라이버를 표시했기 때문에 여기서 잘못된 긍정적 인 것이 있다면, 그것이 드라이버 검증자가 그렇게 사용할 때 드라이버 검증 업체가하는 일이라는 것입니다. 나는 그것이 새로운 방식으로 어떻게 작동하는지 알지 못합니다.",success
Play video files from Hard drive in Zidoo 4k pro: stuttering,Zidoo 4K Pro의 하드 드라이브에서 비디오 파일 재생 : 스터 터링,success
* **RAM**: Replaced with **Crucial Pro DDR5 32GB (2x16GB) 6000 MHz CL36** — still shuts down.,*** RAM ** : ** Crucial Pro DDR5 32GB (2x16GB) 6000 MHz CL36 **으로 대체되었습니다.,success
* **RAM**: Crucial Pro DDR5 32GB (2x16GB) 6000 MHz CL36,*** RAM ** : 중요한 Pro DDR5 32GB (2x16GB) 6000 MHz CL36,success
"OS: Windows 10 Pro 64-bit, version 2009 (22H2 is available; was it not out already??)","OS : Windows 10 Pro 64 비트, 버전 2009 (22H2는 사용할 수 있고 아직 출시되지 않았습니까?)",success
* **Operating System**: Windows 11 Pro Version 24H2 (OS Build 26100.3624),*** 운영 체제 ** : Windows 11 Pro 버전 24H2 (OS 빌드 26100.3624),success
* **Motherboard**: MSI PRO Z790-P WIFI DDR4 (MS-7E06),*** 마더 보드 ** : MSI Pro Z790-P WiFi DDR4 (MS-7E06),success
Motherboard: X570 MSI Carbon Gaming Pro Wifi,마더 보드 : X570 MSI CARBON GAMING PRO WIFI,success
Windows 10 Pro 22H2,Windows 10 Pro 22H2,success
* MSI PRO Z890-P motherboard,* MSI Pro Z890-P 마더 보드,success
"I've had a Lenovo Legion Pro 5 for about 4 years now. It's performed well, but recently have been having issues with struggling framerates and lurching in games as basic as Minecraft. Not sure what the deal is, and although it's definitely on the older side I wouldn't expect it to perform as poorly as it does in benchmarks. It definitely gets a little toasty, but I don't believe it's hot enough to thermal throttle for the short period of booting up and running the benchmark (only about 65 celsius max according to NZXTcam while load spikes above 80%). My GPU isn't overclocked and hasn't been majorly damaged in any way in the time I've owned it. Any suggestions appreciated.","나는 약 4 년 동안 Lenovo Legion Pro 5를 가졌습니다. 그것은 잘 수행되었지만 최근에는 미네 크래프트만큼 기본적인 게임에서 어려움을 겪고있는 데 어려움을 겪고있는 데 문제가 있습니다. 거래가 무엇인지 확실하지 않으며, 더 오래된 측면에 있지만 벤치 마크에서와 마찬가지로 성능이 저하 될 것으로 기대하지는 않습니다. 확실히 약간 건방진이지만, 벤치 마크를 부팅하고 실행하는 짧은 기간 동안 열 스로틀을하기에 충분히 뜨겁다 (NZXTCAM에 따르면 약 65 Celsius Max에 따르면 80%이상). 내 GPU는 오버 클럭되지 않았으며 내가 소유 한 시간에 어떤 식 으로든 손상되지 않았습니다. 모든 제안에 감사드립니다.",success
* Placa base: MSI B650-S PRO WIFI (BIOS actualizada a la última versión de 2025),* Placa Base : MSI B650-S Pro Wifi (Bios indalizada a la última versión de 2025),success
Lenovo Legion 5 Pro has horrendous performance,Lenovo Legion 5 Pro는 끔찍한 공연을 가지고 있습니다,success
"My Legion 5 Pro 16ACH6H (\~2.5 years old) with Ryzen 7 5800H, RTX 3070 and 16GB RAM has horrible performance across games. TLOU 1 runs at \~25 fps on medium/high. Dota 2 runs at an abysmal 30 fps at the highest settings. These are the issues I have observed:","Ryzen 7 5800H, RTX 3070 및 16GB RAM이있는 My Legion 5 Pro 16ACH6H (\ ~ 2.5 세)는 게임 전반에 걸쳐 끔찍한 성능을 가지고 있습니다. tlou 1은 중간/높이에서 \ ~ 25 fps에서 실행됩니다. DOTA 2는 가장 높은 설정에서 심연 30fps에서 실행됩니다. 이것들은 내가 관찰 한 문제입니다.",success
**OS:**	Microsoft Windows 11 Pro (Version 10.0.22631 Build 22631),** OS : ** Microsoft Windows 11 Pro (버전 10.0.22631 빌드 22631),success
"PS5 Pro causing horizontal line on my monitor, but only on this monitor",PS5 PRO는 내 모니터에서 수평선을 유발하지만이 모니터에서만,success
"The problem started when I began switching between my laptop (HDMI 1) and the PS5 Pro (HDMI 2). At some point, when I switched to the PS5, I noticed a thin horizontal black line across the screen.",랩톱 (HDMI 1)과 PS5 Pro (HDMI 2) 사이를 전환하기 시작했을 때 문제가 시작되었습니다. 어느 시점에서 PS5로 전환했을 때 화면을 가로 질러 얇은 수평 검은 선이 있음을 알았습니다.,success
PS5 Pro → another screen = fine,PS5 Pro → 다른 화면 = 미세,success
"I bought a HDMI to AV converter yesterday along with new AV and HDMI cables to connect my 2015 MacBook Pro to an old LG TV. It was working fine (aside from having to majorly adjust colour/picture settings) for a while after I hooked everything up. I was moving some stuff around and the converter got moved a bit and suddenly the video stopped working and the TV is displaying no signal. The audio is coming out of the TV just fine plus my MacBook is displaying as if it’s connected, with a 4:3 ratio.",2015 년 MacBook Pro를 오래된 LG TV에 연결하기 위해 어제 HDMI to AV 컨버터와 함께 New AV 및 HDMI 케이블을 구입했습니다. 내가 모든 것을 연결 한 후에는 잠시 동안 (색상/그림 설정을 주로 조정하는 것 외에도) 잘 작동했습니다. 나는 약간의 물건을 움직이고 있었고 변환기가 약간 움직이고 갑자기 비디오가 작동하지 않았고 TV에 신호가 표시되지 않습니다. 오디오는 TV에서 나오고 내 MacBook은 4 : 3 비율로 연결된 것처럼 표시됩니다.,success
"I setup an EliteDesk 705G4 with AMD Ryzen 5 Pro 2400G (8 core 3.6Ghz) with Radeon Vega Graphics.  It has 16GB of RAM and i sattached to a 34"" LG Ultrawide Curved monitor at 3440x1440. .  It has a clean install of windows 11 pro. Primary purposes are to act as a server alongside attached storage and occasional low power gaming (AoE and a few other old games via steam).","Radeon Vega 그래픽으로 AMD Ryzen 5 Pro 2400G (8 Core 3.6GHz)와 함께 ELitedesk 705G4를 설정했습니다.  그것은 16GB의 RAM을 가지고 있으며 3440x1440의 34 ""LG Ultrawide Curved Monitor에 사트를 뿌렸습니다. Windows 11 Pro를 깨끗하게 설치하고 있습니다. 기본 목적은 첨부 된 저장 및 가끔 저전력 게임 (AOE 및 기타 기존 게임)과 함께 서버 역할을합니다.",success
Samsung 990pro 2tb,삼성 990pro 2TB,success
I've got a networking issue with my Intel nuc (model Intel NUC 12 Pro NUC12WSHi50Z). I have debian installed on it.,인텔 NUC (Model Intel NUC 12 Pro NUC12WSHI50Z)와 네트워킹 문제가 있습니다. 데비안이 설치되어 있습니다.,success
Samsung 990 pro 2tb ssd,삼성 990 Pro 2TB SSD,success
This is for Pro Evolution Soccer.,이것은 Pro Evolution 축구를위한 것입니다.,success
OS: Windows 11 Pro 24H2 - Just freshly installed,OS : Windows 11 Pro 24H2- 새로 설치되었습니다,success
BeQuiet Dark Power Pro 13 1000W,Bequiet Dark Power Pro 13 1000w,success
Corsair MP600 Pro 8TB SSD,Corsair MP600 Pro 8TB SSD,success
"I have two Macs - a MacBook Pro (2.3 GHz 8-Core Intel Core i9 processor with Intel UHD Graphics 630 1536 MB graphics, on Sequoia 15.2) and another MacBook Pro (Apple M3 Pro chip on Sonoma 14.7.1).","나는 MacBook Pro (Intel UHD 그래픽 630 1536 MB 그래픽이있는 2.3GHz 8 코어 인텔 코어 i9 프로세서, Sequoia 15.2)와 다른 MacBook Pro (Sonoma 14.7.1의 Apple M3 Pro Chip)가 있습니다.",success
* **Operating System & Version:** WINDOWS 11 PRO 24H2 (Current update: KB5048667 as newer updates have current unresolved issues),*** 운영 체제 및 버전 : ** Windows 11 Pro 24H2 (현재 업데이트 : KB5048667로서 최신 업데이트로서 현재 해결되지 않은 문제가 있음),success
[Consulta] Problemas con iGPU y WiFi en Zorin OS con kernel 6.5 y 5.15 en una Pro H510M-B 2 + i5 10105,[Consulta] 문제는 igpu y wifi en zorin os con 커널 6.5 y 5.15 ena pro h510m-b 2 + i5 10105,success
Motherboard: MSI Pro H510M-B 2,마더 보드 : MSI Pro H510M-B 2,success
* Motherboard: MSI PRO Z690-A,* 마더 보드 : MSI Pro Z690-A,success
"But then it started again, and worse than ever. I flashed my BIOS (just in case), disabled the Intel power boost performance thingy on my CPU, locked my CPU clock to 100mhz, turned off XMP on my RAM and set my case fans to a performance profile to reduce power draw, just in case the issue was power-related and fluctuations were causing the issue. Since I did that the fans no longer go haywire when the issue occurs, but as for the problem itself, it's happening more frequently than ever. My system fritzed out when I didn't even have a game open, and again when it was in sleep mode overnight (it was off in the morning when there was no power outage, and I'm 100% positive I slept it, no shutdown).","그러나 그것은 다시 시작되었고 그 어느 때보 다 더 나빴습니다. 나는 BIOS를 플래시하고 (만일 경우) CPU의 Intel Power Boost Performance를 비활성화하고 CPU 시계를 100MHz로 잠그고 RAM에서 XMP를 끄고 CASE 팬을 성능 프로파일로 설정하여 문제가 전력 관련이 있고 변동이 문제를 일으키는 경우를 대비하여 전력 추첨으로 설정했습니다. 문제가 발생할 때 팬들이 더 이상 건초 와이어가되지 않지만 문제 자체에 관해서는 그 어느 때보 다 더 자주 발생합니다. 게임이 열리지 않았을 때 내 시스템이 튀어 나왔고, 다시 밤새 수면 모드에 있었을 때 (정전이 없을 때 아침에 꺼져 있었고, 100% 긍정적이고 잤다.",success
Motherboard: MSI B550M PRO-VDH Micro ATX AM4,마더 보드 : MSI B550M PRO-VDH MICRO ATX AM4,success
Press F1 to continue and take advantage of ASUS optimized performance!,F1을 눌러 계속하고 ASUS 최적화 된 성능을 활용하십시오!,success
OS Drive: *Samsung 990 Pro w/Heatsink* (up-to-date firmware),OS 드라이브 : * Samsung 990 Pro w/heatsink * (최신 펌웨어),success
"I recently had to replace my main drive due to failure (it was 8 years old), and went with Samsung 990 Pro due to availability and pricing. I know it's overpowered and not even fully compatible, but I needed something quick and potentially reliable.","나는 최근에 실패로 인해 메인 드라이브를 교체해야했고 (8 세), 가용성과 가격으로 삼성 990 프로와 함께 갔다. 나는 그것이 압도적이고 완전히 호환되지 않았다는 것을 알고 있지만, 빠르고 잠재적으로 신뢰할 수있는 것이 필요했습니다.",success
Currently running Windows 10 Pro version 22H2.,현재 Windows 10 Pro 버전 22H2를 실행하고 있습니다.,success
Auros pro wifi mb,Auros Pro Wifi MB,success
"Operating System: Windows 11 Pro 64-bit (10.0, Build 26100) (26100.ge\_release.240331-1435)","운영 체제 : Windows 11 Pro 64 비트 (10.0, 빌드 26100) (26100.ge \ _release.240331-1435)",success
My asus vivobook pro 16 K6502VU suddenly showed your device ran into a problem and shut down itself and since then whenever I press power button only keyboard light is getting on and if I plug it in fans are working even my mobile is getting charged it connect my phone through usb but nothing on display I tried pressing power button for 1min and also let the battery drain out but no solution,My Asus Vivobook Pro 16 K6502VU 갑자기 장치가 문제가 발생하여 스스로 종료되었으며 그 이후로 전원 버튼 만 누르면 키보드 표시등 만 켜지고 팬을 연결하면 모바일조차도 충전하고 있지만 USB를 통해 휴대 전화를 연결하고 1 분 동안 전원 버튼을 누르지 않았지만 솔루션은 없습니다.,success
"I need help from the tech gurus. My phone (iPhone 16 Pro Max) has been experiencing a plethora of problems, it is (roughly) 6 months old, and I purchased in November of 2024. I have a warranty through ATT and it says in my iPhone settings that I have one through Apple (I assume). My phone is up to date on all updates.","기술 전문가의 도움이 필요합니다. 내 전화 (iPhone 16 Pro Max)는 많은 문제를 겪고 있으며, 대략 6 개월이되었으며 2024 년 11 월에 구매했습니다. ATT를 통해 보증이 있고 iPhone 설정에 Apple을 통해 하나가 있다고합니다 (가정). 내 휴대 전화는 모든 업데이트에서 최신 상태입니다.",success
"OS: Windows 11 Pro (fully updated, including 24H2)",OS : Windows 11 Pro (24H2를 포함하여 완전히 업데이트),success
MB: ASRock Z790 Pro RS,MB : Asrock Z790 Pro Rs,success
1TB + 2TB Samsung 990 Pro (replaces over the years),1TB + 2TB Samsung 990 Pro (수년에 걸친 대체),success
Surface Pro 11 (Ultra 7 268V) - Insane PCH Power Draw (Up to 48W!) Killing Battery,Surface Pro 11 (Ultra 7 268V) - 미친 PCH 파워 드로우 (최대 48W!) 배터리 킬링 배터리,success
"Just picked up a Surface Pro 11 “For Business” model with the Intel Ultra 7 268V and 32GB RAM for £2k+. Based on reviews, I expected solid battery life of 14+  hrs — but I’m getting *awful* battery drain, and the device runs sometimes hot even on Best Power Efficiency mode, 60Hz, HDR off, and no peripherals.","Intel Ultra 7 268V 및 32GB RAM이 £ 2k+로 Surface Pro 11“Business”모델을 선택했습니다. 리뷰를 바탕으로 14 시간 이상의 견고한 배터리 수명을 기대했지만 배터리 배터리 배수가 끔찍해지고 있으며, 최상의 전력 효율 모드, 60Hz, HDR OFF 및 주변 장치가 없어도 장치가 때때로 뜨거워집니다.",success
"Ummm HI!! I'm quite exicted for the 2025 google event more than i am for the apple event but i'm quite confused on what to pick. If it should be a pixel 10 or a lower iphone series(probably the 15 or 15 pro max when the value for it drops). i'm currently using a pixel 6 with my screen partially cracked open😭😭(still holding onto it because it's my first BIG phone :') ). Since pixels back then were fondly known for their terrible battery life and fragile screen(got my screen completely shattered 3 days after i'd bought it😊) i'm expecting a lot from pixel 10 and it sure is a big jump. My pixel OS is wonderful, google never fails on proving how good their U.I is but i've had a lot of safety issues!😔   i would cosider samsung since they've been doing wonderful with their flagship models (s25,ultra) but it definitely is hard to switch from a pixel UI 😓.","음 안녕하세요 !! 나는 Apple 이벤트보다 2025 Google 이벤트에 대해 상당히 빠져 나갔지 만 무엇을 선택 해야할지 혼란스러워합니다. 픽셀 10이거나 낮은 iPhone 시리즈 (아마도 값이 떨어질 때 15 또는 15 pro max) 여야합니다. 나는 현재 화면이 부분적으로 갈라진 Opening과 함께 픽셀 6을 사용하고 있습니다 (첫 번째 큰 전화이기 때문에 여전히 붙잡고 있습니다 : '). 픽셀이 끔찍한 배터리 수명과 깨지기 쉬운 화면 (구입 한 지 3 일 만에 화면이 완전히 산산조각 났음)으로 좋아했기 때문에 나는 Pixel 10에서 많은 것을 기대하고 있으며 큰 점프입니다. 내 픽셀 OS는 훌륭합니다. Google은 U.I가 얼마나 좋은지 증명하는 데 결코 실패하지 않습니다. 그러나 나는 많은 안전 문제가 있었지만, 나는 그들의 플래그십 모델 (S25, Ultra)으로 멋진 일을 해왔 기 때문에 Cosider Samsung을 할 것입니다.",success
**Motherboard** | [MSI MPG Z390 GAMING PRO CARBON ATX LGA1151 Motherboard](https://pcpartpicker.com/product/p2GxFT/msi-mpg-z390-gaming-pro-carbon-atx-lga1151-motherboard-mpg-z390-gaming-pro-carbon) | $309.00 @ Amazon,** 마더 보드 ** [MSI MPG Z390 게임 Pro Carbon ATX LGA1151 마더 보드] (https://pcpartpicker.com/product/p2gxft/msi-mpg-z390-gat-pro-carbon-atx-1ga1151-motherboard-mpg-z390-gaming-pro-carbon) | $ 309.00 @ Amazon,success
**Operating System** | [Microsoft Windows 10 Pro Retail - USB 32/64-bit](https://pcpartpicker.com/product/M9GnTW/microsoft-windows-10-pro-retail-usb-3264-bit-hav-00059) | $254.59 @ Amazon,** 운영 체제 ** [Microsoft Windows 10 Pro Retail-USB 32/64-Bit] (https://pcpartpicker.com/product/m9gntw/microsoft-windows-10-pro-retail-usb-3264-bit-hav-00059) | $ 254.59 @ Amazon,success
"So, let's start with the good. I will not evaluate the traditional pros and cons of OLED and the features of QD - OLED . No, my story is specifically about the experience of owning a Samsung Odyssey G 6 OLED and nothing more.","그래서 좋은 점부터 시작합시다. 나는 OLED의 전통적인 장단점과 QD -OLED의 특징을 평가하지 않을 것입니다. 아니요, 저의 이야기는 특히 삼성 오디세이 G 6 OLED를 소유 한 경험에 관한 것입니다.",success
Pros:,장점 :,success
"2) The monitor cannot be turned off by the power button (as well as in the monitor menu), it simply goes into sleep mode. Because of this, it remains available in Windows as an external display . With all the resulting disadvantages (and do not forget that in order to activate DSR again, we need to physically turn off the G 6 OLED in Windows !). Therefore, I am forced to use a DisplayPort splitter and turn on / off the signal to the monitor via this splitter.",2) 전원 버튼 (모니터 메뉴에서)으로 모니터를 꺼질 수 없으며 단순히 절전 모드로 이동합니다. 이 때문에 Windows에서 외부 디스플레이로 사용할 수 있습니다. 결과적으로 모든 단점이 있으므로 DSR을 다시 활성화하려면 Windows에서 G 6 OLED를 물리적으로 끄야합니다!). 따라서 DisplayPort 스플리터를 사용 하고이 스플리터를 통해 모니터로 신호를 켜거나 끌어야합니다.,success
Help please! I have a personal MacBook Pro (2019) and just received a new Lenovo Thinkpad for work. My problem is: I’ve already set up my MacBook to my one widescreen monitor (LG) and I hate clutter with extra cords because I need my desk space. I do not want to adjust my setup all for work. And I do not want to have to buy a new mouse and keyboard just for this.,도와주세요! 나는 개인 MacBook Pro (2019)를 가지고 있으며 방금 일을 위해 새로운 Lenovo ThinkPad를 받았습니다. 내 문제는 이미 MacBook을 이미 Widescreen Monitor (LG)에 설정했으며 책상 공간이 필요하기 때문에 추가 코드로 혼란을 싫어합니다. 작업을 위해 설정을 모두 조정하고 싶지 않습니다. 그리고 나는 이것을 위해 새로운 마우스와 키보드를 사고 싶지 않습니다.,success
Motherboard : MSI PRO B850-P WIFI Motherboard,마더 보드 : MSI Pro B850-P Wi-Fi 마더 보드,success
"RAM : [](https://www.amazon.co.uk/dp/B0CTHXMYL8?ref=ppx_yo2ov_dt_b_fed_asin_title)Crucial Pro DDR5 RAM 32GB Kit (2x16GB) 6000MHz CL36,","RAM : [] (https://www.amazon.co.uk/dp/b0cthxmyl8?ref=ppx_yo2ov_dt_b_fed_asin_title) 중요한 pro ddr5 RAM 32GB 키트 (2x16GB) 6000MHZ CL36,",success
MOBO: B550M PRO-VDH WIFI (MS-7C95),MOBO : B550M PRO-VDH WIFI (MS-7C95),success
OS: Windows 11 Pro (Version	10.0.26100 Build 26100),OS : Windows 11 Pro (버전 10.0.26100 빌드 26100),success
Storage: Samsung 990 Pro 1 TB M.2-2280 PCIe 4.0 X4 NVME Solid State Drive  ($99.99 @ Abt),스토리지 : Samsung 990 Pro 1 TB M.2-2280 PCIE 4.0 X4 NVME 솔리드 스테이트 드라이브 ($ 99.99 @ ABT),success
Dell Vostro 15 3549 no longer detects Huion Kamvas Pro 16 via HDMI adapter (used to work before),Dell Vostro 15 3549 더 이상 HDMI 어댑터를 통해 Huion Kamvas Pro 16을 감지하지 않음 (이전에 작동),success
"I own a Dell Vostro 15 3549 Laptop and I’m trying to connect my Huion Kamvas Pro 16 drawing tablet to it. For doing so I use The original 3-in-1 original cable included with the Huion tablet, which uses an HDMI cable to share screen, but since my Vostro’s HDMI port isn’t directly compatible, I use the adapter that came with the tablet in order to connect it through the laptop's VGA port. The thing is that after I connect everything as it should nothing appears in the Huion tablet's screen and instead it says ""No signal"" and then ""Power saving"".","Dell Vostro 15 3549 노트북을 소유하고 있으며 Huion Kamvas Pro 16 드로잉 태블릿을 연결하려고합니다. 그렇게하기 위해 HDMI 케이블을 사용하여 화면을 공유하기 위해 Huion 태블릿에 포함 된 원래 3-in-1 원본 케이블을 사용하지만 Vostro의 HDMI 포트는 직접 호환되지 않기 때문에 랩톱의 VGA 포트를 통해 태블릿과 함께 제공되는 어댑터를 사용합니다. 문제는 Huion Tablet의 화면에 아무것도 나타나지 않아야 할 때 모든 것을 연결 한 후에는 ""신호 없음""과 ""파워 절약""이라고 표시됩니다.",success
- Huion Kamvas Pro 16,-Huion Kamvas Pro 16,success
So... Has anyone had success getting a Kamvas Pro 16 working again on this exacto laptop after it suddenly stopped detecting it? Or maybe did/does someone have this problem with a different laptop or PC?,그래서 ... Kamvas Pro 16이 갑자기 감지 된 후이 정확한 노트북에서 다시 일하는 데 성공한 사람이 있습니까? 아니면 다른 노트북이나 PC 에이 문제가 있었습니까?,success
"* 2021 16"" Macbook Pro M1 Pro","* 2021 16 ""MacBook Pro M1 Pro",success
this is my full specs: msi mag a550bn msi a520m-a pro 2x8gb 3200mhz ripjaws v 5600g gigabyte 6600xt gaming oc adata sx8200pro 1tb teamgroup mp33 256gb seagate barracuda 5400rpm 1tb lg 24mr400-b,MSI MAG A550BN MSI A520M-A PRO 2x8GB 3200MHZ RIPJAWS V 5600G GIGABYTE 6600XT 게임 OC ADATA SX8200PRO 1TB TEAMGROUP MP33 256GB SEAGATE BARRACUDA 5400RPM 1TB LG 24MR400-B,success
- ran driver booster to detect out of date drivers (says display driver is faulty but can only update by upgrading to pro for $35),- 드라이버 부스터를 실행하여 날짜가없는 드라이버를 감지 할 수 있습니다 (디스플레이 드라이버는 결함이 있지만 Pro로 업그레이드하여 $ 35로 업데이트 할 수 있습니다),success
"**RAM** 32 GB Corsair Vengeance RGB Pro DDR4‑3600 (2 × 16) , XMP on , 18‑22‑22‑42‑64 , Gear 1,  CR 2T","** RAM ** 32GB CORSAIR VENGEANCE RGB PRO DDR4-3600 (2 × 16), XMP ON, 18-22-22-42-64, GEAR 1, CR 2T",success
**Storage** Samsung 990 Pro 1 TB,** 스토리지 ** Samsung 990Pro 1TB,success
**OS** Windows 10 Pro 22H2 (19045.5737),** OS ** Windows 10 Pro 22H2 (19045.5737),success
\* Performed a clean install of Windows 11 Pro from the latest media (problem occurred).,\* 최신 미디어에서 Windows 11 Pro의 깨끗한 설치를 수행했습니다 (문제가 발생).,success
\* Changed the key \`xHCI Hand-off\` setting to both \`Enabled\` and \`Disabled\` - with no positive result.,\* 키 \`xhci 핸드 오프 \`설정을 \`enabled \`및 \`disabled \`를 모두 긍정적 인 결과없이 변경했습니다.,success
"I built a pc not too long ago, around Christmas of 2024. It included a ryzen 5 7600x, 32 gigabytes of  ddr5 ram (6400 mhz, and expo is on), an rtx 4070 super, and an asrock a620m pro RS WIFI motherboard. My computer worked perfectly fine and didn't have any fps issues, stuttering, etc...","나는 얼마 전에 2024 년 크리스마스에 PC를 만들었습니다. Ryzen 5 7600x, 32 기가 바이트의 DDR5 RAM (6400 MHz 및 엑스포가 켜져 있음), RTX 4070 Super 및 Asrock A620M Pro RS Wifi Motherboard가 포함되었습니다. 내 컴퓨터는 완벽하게 잘 작동했으며 FPS 문제, 말더듬 등이 없었습니다 ...",success
* **Storage:** Samsung 990 Pro 2TB,*** 스토리지 : ** Samsung 990 Pro 2TB,success
OS: Windows 11 Pro 24H2,OS : Windows 11 Pro 24H2,success
I have been working with this Kingstons external SSD for some months now. I bought it to use with my Iphone 16 Pro for pictures and videos.,나는 몇 달 동안이 Kingstons 외부 SSD와 협력하고 있습니다. 사진과 비디오를 위해 iPhone 16 Pro와 함께 사용하기 위해 구입했습니다.,success
MSI Pro B650-P WiFi Motherboard,MSI Pro B650-P Wi-Fi 마더 보드,success
Windows 10 Pro 22H2 64-bit,Windows 10 Pro 22H2 64 비트,success
* **Storage:** Samsung 990 PRO 1TB (OS) + 990 PRO 4TB (games/files),*** 스토리지 : ** Samsung 990 Pro 1TB (OS) + 990 Pro 4TB (게임/파일),success
* **OS:** Windows 11 Pro (build 26100+),*** OS : ** Windows 11 Pro (빌드 26100+),success
"13 pro currently running iOS 18.5 but constantly having issues.  Endless lagging, crashing, phone just not behaving like a phone.","13 Pro는 현재 iOS 18.5를 실행하고 있지만 지속적으로 문제가 있습니다.  끝없는 지연, 충돌, 전화는 전화처럼 행동하지 않습니다.",success
**Memory** | Corsair Vengeance RGB Pro 32 GB (2 x 16 GB) DDR4-3600 CL18 Memory,** 메모리 ** | Corsair Vengeance RGB Pro 32GB (2 x 16 GB) DDR4-3600 CL18 메모리,success
**Memory** | Corsair Vengeance RGB Pro 32 GB (2 x 16 GB) DDR4-3600 CL18 Memory,** 메모리 ** | Corsair Vengeance RGB Pro 32GB (2 x 16 GB) DDR4-3600 CL18 메모리,success
PS: certe volte quando apro delle app è come se non funzionano e se clicco qualcosa lì dentro mi si aprono app tipo calcolatrice e Microsoft shop ecc. ma non sempre,PS : CERTE VOLTE QUANDO APRO DELLE APP è COME NON FUNZIONANO E SE CLICCO QUALCOSA Lì DENTRO MI SI APRONO APP TIPO CALCOLATRICE E MICROSOFT SHOP ECC. MA 비 Semper,success
Macbook is a M4 MacBook Pro with the M4 Pro Chip,MacBook은 M4 Pro 칩이있는 M4 MacBook Pro입니다.,success
"Typically after about two minutes elapsing, on Hardware Monitor Pro I can see Package and P-Cores (Max) hitting 100c. As well as P-Core #5 and #7.",일반적으로 약 2 분 후 경과 후 하드웨어 모니터 프로에서는 패키지 및 P 코어 (MAX)가 100C를 치는 것을 볼 수 있습니다. P 코어 #5 및 #7뿐만 아니라.,success
"* **Motherboard:** ASUS TUF B450 Gaming Pro S , its PCIe 3.0 x16","*** 마더 보드 : ** ASUS TUF B450 GAMING PRO S, PCIE 3.0 x16",success
"Hi guys. I have a 16 pro max and my service provider is Xfinity. Everything is updated to jos 18. Recently I ported a number to replace mine. Since then, one of my contacts - my cousin, who I message has been saying she never got my messages. I'm receiving hers, but she's not getting mine. Even in group chats, she can't see my messages. She has metro by T-Mobile and an iPhone 15, and before my number changed, this wasn't an issue. I tried sending a message to her through the email attached to my Apple account but that didn't work either. My mms is on, and so is RCS. How can I fix this? I don't know what to do and I don't want to contact my service provider due to this happening with only one of my contacts. Please help ! I can only contact her through Instagram 😭😭😭","안녕하세요 여러분. 16 Pro Max가 있고 서비스 제공 업체는 xfinity입니다. 모든 것이 JOS 18으로 업데이트되었습니다. 최근에 나는 내 것을 교체하기 위해 숫자를 포팅했습니다. 그 이후로, 내 연락처 중 하나 - 내 사촌, 내가 메시지를 전한 사람은 그녀가 내 메시지를받지 못했다고 말하고 있습니다. 나는 그녀를 받고 있지만 그녀는 내 것을 얻지 못하고있다. 그룹 채팅에서도 그녀는 내 메시지를 볼 수 없습니다. 그녀는 T-Mobile과 iPhone 15의 지하철을 가지고 있으며, 내 번호가 바뀌기 전에 이것은 문제가되지 않았습니다. Apple 계정에 첨부 된 이메일을 통해 메시지를 보내려고했지만 작동하지 않았습니다. 내 MMS가 켜져 있고 RC도 있습니다. 이것을 어떻게 고칠 수 있습니까? 나는 무엇을 해야할지 모르고 내 연락처 중 하나만 발생하기 때문에 서비스 제공 업체에 연락하고 싶지 않습니다. 도와주세요! Instagram을 통해서만 연락 할 수 있습니다",success
Motherboard: 	**MSI PRO B760M-P Micro ATX LGA1700 Motherboard**,마더 보드 : ** MSI Pro B760M-P 마이크로 ATX LGA1700 마더 보드 **,success
"RAM: Corsair Vengeance RGB PRO DDR4 (speed not listed, RGB LED)","RAM : Corsair VengeAnce RGB Pro DDR4 (속도가 나열되지 않음, RGB LED)",success
"•	Mobo: MSI B550-A PRO (BIOS build date July 13, 2024)",• MOBO : MSI B550-A Pro (BIOS 빌드 날짜 2024 년 7 월 13 일),success
"Lenovo Legion 7i Pro Charging & Heating Issues — Need Help, Extremely Frustrated",Lenovo Legion 7i Pro 충전 및 난방 문제 - 도움이 필요합니다.,success
"I’m using a Lenovo Legion 7i Pro (around 2 years old, out of warranty, foreign unit), and to be honest, I’ve never been fully happy with its performance. Recently, things got worse — it started heating up excessively and the charging started acting up.","저는 Lenovo Legion 7i Pro (약 2 세, 보증, 외국 단위)를 사용하고 있으며 솔직히 말해서, 나는 그 성과에 완전히 만족하지 않았습니다. 최근에 상황이 악화되었습니다. 과도하게 가열하기 시작했고 충전이 시작되었습니다.",success
"Disk Drive Samsung SSD 980 PRO 2TB  (2000 GB, PCI-E 4.0 x4)","디스크 드라이브 삼성 SSD 980 Pro 2TB (2000 GB, PCI-E 4.0 X4)",success
* I’m using an MSI PRO Z690-A DDR4 motherboard with an Intel i5-12400F.,* Intel i5-12400F와 함께 MSI Pro Z690-A DDR4 마더 보드를 사용하고 있습니다.,success
* **Motherboard:** MSI PRO Z690-A DDR4,*** 마더 보드 : ** MSI Pro Z690-A DDR4,success
* A: Samsung 990 Pro 1TB NVMe (Games),* A : Samsung 990 Pro 1TB NVME (게임),success
RAM: Crucial Pro RAM DDR5 32GB Kit (2x16GB) 6000MHz,RAM : 중요한 Pro RAM DDR5 32GB 키트 (2x16GB) 6000MHz,success
"1. MacBook Pro 14"" (M3 Pro)","1. MacBook Pro 14 ""(M3 Pro)",success
Laptop: 2019 16-inch Macbook Pro (Intel),노트북 : 2019 16 인치 MacBook Pro (Intel),success
"MacBook Pro 13"" M1 2020","MacBook Pro 13 ""M1 2020",success
"Currently, I can play TES IV: Oblivion but cannot play CoD: MW 3. I can edit videos taken from my camera but if I download some resource/template videos from Youtube and convert them to be compatible with Premiere Pro with Handbrake, it glitches out.",현재 TES IV : Oblivion을 재생할 수는 있지만 COD : MW 3을 재생할 수 없습니다. 카메라에서 찍은 비디오를 편집 할 수 있지만 YouTube에서 리소스/템플릿 비디오를 다운로드하고 핸드 브레이크와 함께 프리미어 프로와 호환되도록 변환하면 결함이 발생합니다.,success
DEVICE: Lenovo legion-pro-7-16irx8h,장치 : Lenovo Legion-Pro-7-16IRX8H,success
"SO today I took my brand new DJI Mini 3 (drone) out and my iPhone 16 Pro of course,  to get some footage of a surf school for my client right?",그래서 오늘 나는 새로운 DJI Mini 3 (드론)과 iPhone 16 Pro를 물론 내 고객을 위해 서핑 학교의 영상을 얻었습니까?,success
Motherboard: MSI B550M PRO-VDH WIFI,마더 보드 : MSI B550M Pro-VDH Wi-Fi,success
"I guess laptops are made to be used as mobile devices and, thus, also outside - but I was wondering whether you can damage them with that? For example, the lid of the Lenovo Yoga Pro 9i 16 get's very hot when facing the sun - can this damage/break the display? (it is a miniLED display), in particular if the brightness is fully cranked up (because of using it in the sun ;-)","랩톱이 모바일 장치로 사용되도록 만들어 졌다고 생각합니다. 따라서 외부에서도 외부에도 사용됩니다. 그러나 그로 인해 손상 될 수 있는지 궁금합니다. 예를 들어, Lenovo Yoga Pro 9i 16의 뚜껑은 태양에 직면 할 때 매우 뜨겁습니다.이 피해/디스플레이를 끊을 수 있습니까? (그것은 최소한 디스플레이입니다) 특히 밝기가 완전히 크랭크 된 경우 (햇볕에 사용하기 때문에 ;-)",success
•	iPad Pro M4,• iPad Pro M4,success
•	iPhone 16 Pro Max,• iPhone 16 Pro Max,success
•	MacBook Pro M3 Max,• MacBook Pro M3 Max,success
•	OS: Windows 11 Pro (fully updated),• OS : Windows 11 Pro (완전히 업데이트),success
iPhone 11 Pro Kernel Panics and Bootlooping Issues,iPhone 11 프로 커널 패닉 및 부트 루핑 문제,success
"As i said in the title, i recently bought a iPhone 11 Pro for around 90$ (320pln) thats mint but has kernel panics and bootloops pretty frequently. I have been watching the phone very carefully and i will list all of the things i noticed under this. I ask for help of resolving this issue since i have no prior knowledge of understanding kernel panics and other stuff.","제목에서 말했듯이, 최근에 나는 최근 90 $ (320PLN)에 대한 iPhone 11 Pro를 민트로 구입했지만 커널 패닉과 부트 루프는 꽤 자주 있습니다. 나는 전화를 매우 신중하게보고 있었고 이것에서 알아 차린 모든 것을 나열 할 것입니다. 커널 패닉 및 기타 물건을 이해하는 것에 대한 사전 지식이 없기 때문에이 문제를 해결하는 데 도움을 요청합니다.",success
"Later I took out Maytag MVWP575GW from the race as 2019 and later SQ TC5 changed the [agitation action](https://www.youtube.com/watch?v=amP-dEZwcYE). I also read the that model of Maytag 575 were eating up the gearboxes as it has a plastic gear box unlike SQ has aluminium, Maytag 575 has a hanging suspension which is also not desired. One good thing though it has dual action agitator, push and pull unlike SQ TC5. Any-who, the Maytag was out.",나중에 나는 2019 년 이후 SQ TC5가 [Agitation Action] (https://www.youtube.com/watch?v=amp-dezwcye)를 변경하면서 레이스에서 Maytag MVWP575GW를 꺼냈다. 또한 Maytag 575 모델이 SQ와 달리 플라스틱 기어 박스가 있기 때문에 기어 박스를 먹고 있다는 것을 읽었습니다. Maytag 575에는 원하지 않는 매달린 서스펜션이 있습니다. 한 가지 좋은 점은 이중 액션 교반기가 있지만 SQ TC5와 달리 밀고 당기십시오. 어느 누구도 Maytag가 나왔습니다.,success
BURST Pro Sonic Electric Toothbrush Review + Oral-B Smart 1500 Comparison,버스트 프로 소닉 전기 칫솔 검토 + Oral-B Smart 1500 비교,success
"BURST recently released an upgraded version of their popular ""Original Sonic Toothbrush,"" named the ""Pro Sonic"" Electric Toothbrush, for $79.99.","Burst는 최근 ""Pro Sonic""전기 칫솔이라는 인기있는 ""원래 소닉 칫솔""의 업그레이드 버전을 79.99 달러에 출시했습니다.",success
* Burst Pro - 50db,* 버스트 프로 -50dB,success
* There is no travel case. They are apparently actively developing a new case for the pro brush and hope to have a release in early 2024.,* 여행 케이스가 없습니다. 그들은 분명히 Pro Brush의 새로운 사례를 적극적으로 개발하고 있으며 2024 년 초에 출시되기를 희망합니다.,success
* The Pro charger is not sold separately,* 프로 충전기는 별도로 판매되지 않습니다,success
"The Burst Pro Sonic Electric Toothbrush cleans your teeth well (especially in between your teeth and under your gums), has stellar battery life, has USB C, but has a poor implementation of the pressure sensor and a non haptic power button.","버스트 프로 소닉 전기 칫솔은 치아를 잘 청소하고 (특히 치아 사이와 잇몸 아래), 별이 많은 배터리 수명이 있으며 USB C가 있지만 압력 센서와 비 햅틱 전원 버튼이 부족합니다.",success
"- Buck Mason - Field Spec - this is 100% cotton versus the Heavy bag which is approx half cotton, half polyester. Field spec has a nice subtle texture to it, and nice seams. Its a tad softer than heavy bag, which may be a pro or a con depending on how you look at it.","- 벅 메이슨 - 필드 사양 - 이것은 100%면 대 하반이 백, 반 폴리 에스테르입니다. 현장 사양은 멋진 미묘한 질감과 멋진 이음새가 있습니다. 무거운 가방보다 약간 부드럽습니다.",success
"* Samsung Galaxy Xcover Pro  (no LOS support yet, but still supported by manufacturer)",* Samsung Galaxy Xcover Pro (아직 LOS 지원은 없지만 여전히 제조업체가 지원합니다),success
"Galaxy Book5 Pro (14"", Core Ultra 7, 16GB) vs Microsoft Surface pro 11 laptop 256gb 13""?","Galaxy Book5 Pro (14 "", Core Ultra 7, 16GB) vs Microsoft Surface Pro 11 노트북 256GB 13""?",success
"I am very torn between these two laptops and am hoping you guys can help me out with your honest input and insight, the Book5 Pro was the original laptop I was looking at for a while as the new laptop I will inevitablely need to get to replace my current lenovo thats kind of going now and is a 15/16 ish inch which is too big for my liking",나는이 두 노트북 사이에서 매우 찢어졌고 당신이 당신의 정직한 입력과 통찰력으로 나를 도울 수 있기를 바라고 있습니다. Book5 Pro는 내가 지금보고있는 새로운 노트북이 내가 지금 가고 있고 15/16 ish 인치를 대체해야 할 새로운 노트북이 내가 좋아하는 데 너무 큰 랩탑이기 때문에 오랫동안보고 있던 원래의 랩톱이었습니다.,success
The Galaxy Book Pro 5 comes with a free Galaxy tab9 tablet too,Galaxy Book Pro 5는 무료 Galaxy Tab9 태블릿과 함께 제공됩니다.,success
"I am looking for a laptop that has at least 24gb ram (32gb ram would be better as i currently have one) and 512gb ssd (i really dont care about this one but 512 is min). I am currently trying to choose between a windows laptop and macbook… I found a m1 pro macbook pro for $837 that has good specs (32gb ram, 16 core gpu (idk if thats good), 512gb ssd) with 1 year warranty and (free) 30 days returns. I am using it for 1080p video editing, photo editing, 3d rendering (fusion360 and blender) and programming (doesnt really matter). Macbooks have good battery life but windows dont (depends but most dont). I will be traveling with a laptop so portitbilt is also important. I currently have a 2019 16inch macbook pro, i9-9980HK 32gb ram 1tb ssd and its overheating and has a terrible battery life (dies in 2 hours 30 minutes to 3 hours and 30 mins) because of its 1200 charge cycles (which i think is good cuz thats alot). I need to replace the battery but its having lagging issues with multiple (2) browsers running for long (payed $3000+ on this 5 years ago which is crazy) so getting a new one is probably better.","나는 최소 24GB RAM (현재 32GB RAM이 더 좋을 것임)과 512GB SSD (실제로 이것에 대해 신경 쓰지 않지만 512는 최소)를 갖는 노트북을 찾고 있습니다. 나는 현재 Windows 노트북과 MacBook 중에서 선택하려고 노력하고 있습니다… 나는 좋은 사양 (32GB RAM, 16 개의 핵심 GPU (IDK), 1 년 보증이있는 (무료) 30 일 수익을 가진 $ 837의 M1 Pro MacBook Pro를 발견했습니다. 1080p 비디오 편집, 사진 편집, 3D 렌더링 (Fusion360 및 Blender) 및 프로그래밍 (실제로 중요하지 않음)에 사용하고 있습니다. MacBook은 배터리 수명이 좋지만 Windows는 그렇지 않지만 대부분은 그렇지 않습니다). 나는 노트북으로 여행 할 것이므로 portitbilt도 중요합니다. 나는 현재 2019 16 인치 MacBook Pro, i9-9980HK 32GB RAM 1TB SSD와 과열이 있으며 1200 개의 충전주기 (좋은 CUZ IT ALOT라고 생각)로 인해 끔찍한 배터리 수명 (2 시간 30 분에서 3 시간 30 분 동안 사망)을 가지고 있습니다. 배터리를 교체해야하지만 여러 (2) 브라우저가 오랫동안 실행중인 다수의 브라우저 (5 년 전 $ 3000+를 지불)로 지연되는 문제가 있으므로 새로운 것을 얻는 것이 더 나을 것입니다.",success
"Edit: Thank you so much the suggestions and advice regarding sharing at college! I’m going with either [Kenmore Intuition](http://hwturtle.com/go/B08CXPQXL5?p=kat), or [Miele C1](https://hwturtle.com/go/B07P97CD5T?p=kat), due to my budget and the positive reviews you shared about them, and as most of you suggested, I won’t be splitting it with dormmates. I did a comparison between the different models mentioned and I'm sharing it here as it may prove useful to someone else.",편집 : 대학 공유에 관한 제안과 조언에 감사드립니다! [Kenmore Intuition] (http://hwturtle.com/go/go/b08cxpqxl5?p=kat) 또는 [Miele C1] (https://hwturtle.com/go/go/go/go/go/b07p97cd5t ?p=kat)와 함께 가고 있습니다. 기숙사와 함께. 언급 된 다른 모델들 사이를 비교했으며 다른 사람에게 유용 할 수 있기 때문에 여기에서 공유하고 있습니다.,success
"Fourth is display. A high quality screen helps with color accuracy and detail. Generally, MacBooks have pretty good screens, but the M4 Pros do give you the option to upgrade to a nanotexture display, which gives you that crystal clear clarity and helps reduce glare. Honestly, it's pretty sweet, and if you have the budget, I would recommend getting it, especially if you take your laptop around to different places a lot where there might be sunlight or glare.","네 번째는 디스플레이입니다. 고품질 스크린은 색상 정확도와 디테일에 도움이됩니다. 일반적으로 MacBook은 꽤 좋은 화면을 가지고 있지만 M4 Pro는 Nanotexture 디스플레이로 업그레이드 할 수있는 옵션을 제공하므로 명확한 명확성을 제공하고 눈부심을 줄이는 데 도움이됩니다. 솔직히, 그것은 꽤 달콤하고, 예산이 있다면, 특히 햇빛이나 눈부심이있을 수있는 곳에서 노트북을 다른 장소로 가져 가면 특히 예산을 얻는 것이 좋습니다.",success
"And last is portability. In this video, we're just talking about MacBooks, not iMacs or Mac Pros or anything like that. If you're a professional editor, you might want to look into that. But the cool thing is MacBooks are phenomenal for almost all video editing. So that's what we're covering today, but we will talk about how screen size factors into that.",마지막은 이식성입니다. 이 비디오에서 우리는 단지 IMAC 또는 Mac Pro 또는 이와 유사한 MacBook에 대해 이야기하고 있습니다. 전문 편집자라면 그것을 조사하고 싶을 수도 있습니다. 그러나 멋진 것은 MacBook이 거의 모든 비디오 편집에 대한 경이로운 것입니다. 이것이 오늘날 우리가 다루고있는 것입니다. 그러나 우리는 화면 크기가 어떻게 그에 영향을 미치는지에 대해 이야기 할 것입니다.,success
* [Lenovo Yoga Pro 9i 16” Laptop](https://laptopgamings.com/laptops-for-video-editing/#Lenovo_Yoga_Pro_9i_16%E2%80%9D_Laptop),* [Lenovo Yoga Pro 9i 16”노트북] (https://laptopgamings.com/laptops-for-video-editing/#lenovo_yoga_pro_9i_16%E2%80%9D_LAPTOP),success
* [Acer ConceptD 5 Pro Laptop](https://laptopgamings.com/laptops-for-video-editing/#Acer_ConceptD_5_Pro_Laptop),* [Acer Conceptd 5 Pro 노트북] (https://laptopgamings.com/laptops-for-video-editing/#acer_conceptd_5_pro_laptop),success
"Hi, looking for a well padded rolling laptop bag (getting old and don't want to carry a backpack). I have  a 16"" Macbook Pro - primary use is for a laptop, cords, batteries, small accessories/cables etc.","안녕하세요, 패딩 처리 된 롤링 노트북 가방을 찾고 있습니다 (늙어 가고 배낭을 가지고 다니고 싶지 않음). 16 ""MacBook Pro가 있습니다. 기본 용도는 랩톱, 코드, 배터리, 작은 액세서리/케이블 등입니다.",success
"I have 4 dogs (2 German shepherd, 1 husky, and 1 pitbull) my LG washer recently kicked the bucket and refuses to drain. I have VERY thoroughly cleaned it and replaced the drain pump motor to no avail. So I guess I need a new washer (unless anyone has anything to recommend for my broken one) I have been looking at the Maytag pet pro washer, and although nothing is wrong with my dryer my brother needs one so I will probably give it to him. Is the washer dryer set im looking at good? Or is there something better for 4 dogs, we have a lot of dog hair in the house.","나는 4 마리의 개 (독일 셰퍼드 2 명, 허스키 1 명, 핏불 1 명) 내 LG 세탁기가 최근 양동이를 차고 배수를 거부했다. 나는 그것을 매우 철저히 청소하고 드레인 펌프 모터를 아무 소용없이 교체했습니다. 그래서 나는 새로운 세탁기가 필요하다고 생각합니다 (누군가가 부러진 것을 추천 할 것이 없다면) 나는 Maytag Pet Pro Washer를보고 있었고, 내 드라이어에 아무런 문제가 없지만 내 동생이 필요하지 않기 때문에 아마 그에게 줄 것입니다. 와셔 건조기 세트가 잘 바라보고 있습니까? 아니면 4 마리의 개에게 더 좋은 것이 있습니까, 우리는 집에 개 머리카락이 많이 있습니다.",success
"**EDIT #2:** All right gaiz, after digging through all of this, the non-pro white Eneloop battery claims the budget crown when it comes to price vs. performance in the US (for a 4-bay charger, at least): https://smile.amazon.com/gp/product/B00JHKSMJU","** 편집 #2 : ** 괜찮은 오른쪽 가이즈,이 모든 것을 파헤친 후, 비 프로 화이트 엘 루프 배터리는 미국의 가격 대 미국의 성능과 관련하여 예산 크라운을 주장합니다 (최소한 4- 베이 충전기의 경우) : https://smile.amazon.com/gp/product/b00jhksmju",success
"* You can supposedly kickstart a fully spent battery that refuses to charge by touching its negative side with a charged battery's positive side, probably for several seconds (hopefully I'll never need to do this).",* 당신은 충전 된 배터리의 양수 측면으로 부정적인면을 만지면 충전을 거부하는 완전히 사용한 배터리를 차기 할 수 있습니다.,success
"I have 35 feet of Amsteel blue synthetic winch line. Compared to some electric bumper mounted winches I am at a disadvantage due to the lack of line. Depending upon the type of area you may need to winch this can be a draw back. Personally, I have had to do several pulls over 100 feet in total length. And, it is very time consuming with a manual winch. However, you do not have to worry about draining your battery when you are miles away from help! Did I mention a manual winch is very time consuming? lol.","나는 35 피트의 Amsteel Blue Synthetic Winch 라인을 가지고 있습니다. 일부 전기 범퍼 장착 윈치와 비교하여 선이 부족하여 불리합니다. 윈치에 필요한 영역의 유형에 따라 회로가 될 수 있습니다. 개인적으로, 나는 총 길이가 100 피트가 넘는 몇 가지 풀을해야했다. 그리고 수동 윈치로 시간이 많이 걸립니다. 그러나 도움을받지 못할 때 배터리 배수에 대해 걱정할 필요가 없습니다! 수동 윈치가 시간이 많이 걸린다고 언급 했습니까? ㅋㅋㅋ.",success
·       Biggest positive: it’s truly spacious and fits comforters easily.,· 가장 큰 긍정적 : 정말 넓고 이불에 쉽게 맞습니다.,success
Does anyone have experience using it? Are they useful and worth it? What might be the pros and cons?,누구든지 그것을 사용한 경험이 있습니까? 유용하고 그만한 가치가 있습니까? 장단점은 무엇입니까?,success
* Pro baffle filter (I think no mesh?),* 프로 배플 필터 (메쉬가 없다고 생각합니까?),success
"Sodium bicarbonate, often referred to as baking soda, transcends its role as a mere kitchen staple; it emerges as a formidable, natural ally in the realm of personal care. This unassuming compound has the remarkable ability to substitute traditional products such as soap, deodorant, and toothpaste, all while offering a gentle cleansing alternative devoid of the harsh chemicals that often infiltrate our bodies. Delve into the myriad benefits of sodium bicarbonate, its positive environmental impact, and discover how to incorporate it seamlessly into your daily routine for a healthier, toxin-free lifestyle. After all, who knew that such a humble ingredient could wield such transformative power?","종종 베이킹 소다라고 불리는 중탄산 나트륨은 단순한 주방 주식으로서의 역할을 초월합니다. 그것은 개인 간호 영역에서 강력하고 자연스러운 동맹국으로 나타납니다. 이 가정이없는 화합물은 비누, 탈취제 및 치약과 같은 전통적인 제품을 대체 할 수있는 놀라운 능력을 가지고 있으며, 종종 우리 몸에 침투하는 가혹한 화학 물질이없는 부드러운 클렌징 대안을 제공합니다. 중탄산 나트륨의 무수한 이점, 긍정적 인 환경 영향을 조사하고 더 건강하고 독소가없는 라이프 스타일을 위해 일상 생활에 원활하게 통합하는 방법을 발견하십시오. 결국, 그러한 겸손한 성분이 그러한 변형력을 휘두를 수 있다는 것을 누가 알았습니까?",success
"Incorporating sodium bicarbonate into skincare regimens allows individuals to enjoy its gentle exfoliation benefits, leading to a complexion that practically glows. This unique compound not only refreshes the skin but also fosters a sense of well-being by helping the body release toxic acids from the body and regain a basic pH balance of the body, proving that its multifaceted advantages extend well beyond mere culinary delights into the realm of daily life improvements.",중탄산 나트륨을 스킨 케어 요법에 통합하면 개인이 부드러운 각질 제거 혜택을 누릴 수있어 실질적으로 빛나는 안색이됩니다. 이 독특한 화합물은 피부를 상쾌하게 할뿐만 아니라 신체가 신체에서 독성산을 방출하고 신체의 기본 pH 균형을 회복함으로써 복지 감을 촉진하여 다각적 인 장점이 단순한 요리의 즐거움을 넘어 일상 생활 개선 영역으로 확장됨을 증명합니다.,success
"I've heard good things about the LG LP1419IVSM, though it's not dual hose? Dual hoses don't seem super popular, yet also highly desired? The smart control seems nice so I could make it work most efficiently/comfortable for me based on time and if I'm around/coming home, etc. At least that's my thought...",LG LP1419IVSM에 대해 좋은 소식을 들었습니다. 이중 호스는 아니지만? 이중 호스는 매우 인기있는 것처럼 보이지는 않지만 매우 바람직한가요? 스마트 컨트롤은 멋지게 보이므로 시간에 따라 가장 효율적으로/편안하게 작동하게 만들 수 있습니다.,success
"Hello! I'm looking to invest in a solid backpack (currently in college), as I've gone through several in the past years. I'm going to outline the pros and cons of the backpack I have now as to highlight the features which I value. The current backpack I have is some no-name brand that my father got as a gift from his work. When he learned that I was in need of a new backpack, he gladly gave it to me, but the quality is lacking to say they least (I've had it for about 16 months).","안녕하세요! 지난 몇 년간 몇 년 동안 겪었을 때 나는 단단한 배낭 (현재 대학에)에 투자하려고합니다. 나는 내가 가치있는 기능을 강조하기 위해 지금 가지고있는 배낭의 장단점을 설명 할 것입니다. 내가 가진 현재 배낭은 아버지가 그의 작품에서 선물로 얻은 이름없는 브랜드입니다. 그가 내가 새로운 배낭이 필요하다는 것을 알게되었을 때, 그는 기꺼이 나에게 그것을 주었지만, 품질은 그들이 가장 적게 말할 수 없다 (나는 약 16 개월 동안 그것을 가졌다).",success
Pros:,장점 :,success
"*Good things come to those who wait and we’re pleased to say that HebTroCo t-shirts will be back this Spring/Summer 2025.""*","*좋은 일이 기다리는 사람들에게 와서 HEBTROCO 티셔츠가 이번 봄/여름 2025 년에 돌아올 것이라고 말한 것을 기쁘게 생각합니다. ""*",success
"* **Image quality**: Sharp enough for casual use. Not GoPro Max level, but good enough for YouTube/VR headset playback. Stitching is better than expected—only really noticeable if you look closely at the seams.",*** 이미지 품질 ** : 캐주얼 용도로 충분히 날카 롭습니다. GoPro Max 레벨은 아니지만 YouTube/VR 헤드셋 재생에 충분합니다. 스티칭은 예상보다 낫습니다. 이음새를 면밀히 살펴보면 실제로 눈에 띄게됩니다.,success
"Last weekend, I went camping in the mountains with friends. The plan was all set, but when night fell, we found that the small power supply we brought couldn't hold up at all — phones were almost dead, making it impossible to contact the outside world; the small desk lamp flickered on and off, and even boiling instant noodles had to be done in the dark. We were in a flurry when Dave, who was with us, took out a GRECELL T-1000. After plugging in the appliances, it actually held steady until the next morning. This incident made me very interested in this power supply, so I studied it carefully and now I'll talk about its pros and cons.​","지난 주말, 나는 친구들과 함께 산에서 캠핑을 갔다. 계획은 모두 정해졌지만 밤이 떨어지면 우리는 우리가 가져온 작은 전원 공급 장치가 전혀 견딜 수 없다는 것을 발견했습니다. 작은 책상 램프가 깜박 거렸다. 우리와 함께 있었던 Dave가 Grecell T-1000을 꺼낼 때 우리는 타락했습니다. 가전 ​​제품을 연결 한 후 실제로 다음날 아침까지 꾸준히 유지되었습니다. 이 사건은이 전원 공급 장치에 매우 관심을 갖게되었으므로 신중하게 연구했으며 이제는 장단점에 대해 이야기 할 것입니다.",success
Let's start with the advantages of the GRECELL T-1000​,Grecell T-1000의 장점부터 시작하겠습니다,success
* [Shokz OpenRun Pro 2 Wireless Earbuds](https://homeofficeworld.com/best-headphones-for-running/#Shokz_OpenRun_Pro_2_Wireless_Earbuds),* [Shokz OpenRun Pro 2 무선 이어 버드] (https://homeofficeworld.com/best-headphones-for-running/#shokz_openrun_pro_2_wireless_earbuds),success
* [Beats Fit Pro Wireless Earbuds](https://homeofficeworld.com/best-headphones-for-running/#Beats_Fit_Pro_Wireless_Earbuds),* [Beats Fit Pro Wireless Eorbuds] (https://homeofficeworld.com/best-headphones-for-running/#beats_fro_wireless_earbuds),success
* [Apple AirPods Pro 2](https://homeofficeworld.com/best-headphones-for-running/#Apple_AirPods_Pro_2),* [Apple AirPods Pro 2] (https://homeofficeworld.com/best-headphones-for-running/#apple_airpods_pro_2),success
"Battery life is the other important feature no one can afford to ignore. The [Apple AirPods Pro 2](https://homeofficeworld.com/best-headphones-for-running/#Apple_AirPods_Pro_2) has a lower lifespan, the Bose set, at 8.5 hours, is firmly in the middle, and the [Shokz OpenRun Pro 2 Wireless Earbuds](https://homeofficeworld.com/best-headphones-for-running/#Shokz_OpenRun_Pro_2_Wireless_Earbuds) keep right on working for 12 whole hours.",배터리 수명은 아무도 무시할 수없는 다른 중요한 기능입니다. [Apple AirPods Pro 2] (https://homeofficeworld.com/best-headphones-for-running/#apple_airpods_pro_2)는 수명이 낮고 8.5 시간에 Bose 세트는 단단히 중간에 있으며 [Shokz Openrun Pro 2 무선 이어 버드] (https://homeofficeworld.com/best-headphones-for-running/#shokz_openrun_pro_2_wireless_earbuds) 12 시간 동안 계속 일할 수 있습니다.,success
* [**Zendure SuperBase Pro 2000**](https://scogig.com/zendure-superbase-pro-2000/),*[** Zendure Superbase Pro 2000 **] (https://scogig.com/zendure-superbase-pro-2000/),success
[**9. Braun Oral-B Pro 7000:**](https://scogig.com/xiaomi-mijia-t100/),[** 9. Braun Oral-B Pro 7000 : **] (https://scogig.com/xiaomi-mijia-t100/),success
* **Why It Stands Out:** The Oral-B Pro 7000 is a popular choice known for its effective plaque removal and user-friendly interface. Bluetooth connectivity allows for app integration and personalized brushing guidance.,*** 눈에 띄는 이유 : ** Oral-B Pro 7000은 효과적인 플라크 제거 및 사용자 친화적 인 인터페이스로 유명한 인기있는 선택입니다. Bluetooth Connectivity를 사용하면 앱 통합 및 개인화 된 브러싱 안내가 가능합니다.,success
I've read good things about Sony and Bose. What do you suggest?,나는 소니와 보스에 대해 좋은 것을 읽었습니다. 당신은 무엇을 제안합니까?,success
Oral B pro 100,Oral B Pro 100,success
Oral B pro 700,구강 B 프로 700,success
Previously I had the Powerbeats pro and I hated them. I thought the sound was kind of muddy and turning it up muffled out the finer details of music. The battery life was also a major downside.,이전에는 PowerBeats Pro를 가지고 있었고 나는 그들을 미워했습니다. 나는 소리가 일종의 진흙 투성이라고 생각하고 음악의 더 미세한 세부 사항을 머물 렀습니다. 배터리 수명도 큰 단점이었습니다.,success
I am looking to get new earbuds.  I have the apple AirPod pros and they are making a high pitch screeching sound. I’ve had them for about 4 years.  Noise cancelling preferred. Fairly good battery life. Good microphone for calls.  I’d love to know what people have had experience with.,나는 새로운 이어 버드를 찾고 있습니다.  나는 Apple AirPod Pros를 가지고 있으며 높은 피치를 삐걱 거리는 소리를 내고 있습니다. 나는 약 4 년 동안 그것들을 가지고있었습니다.  노이즈 취소 선호. 상당히 좋은 배터리 수명. 통화에 좋은 마이크.  사람들이 경험 한 것이 무엇인지 알고 싶습니다.,success
"The existing fan is 59""  Can probably go up a couple inches, the most important thing for this is airflow.  Don't care about velocity, just airflow.  The wall panel control is #2, the timer is #3, and replacable light is last.  I couldn't care less about the noise, especially since I'm looking at wanting one with larger blades.  Because of the location of the fan, I know I'll need to get a pro to come in anyway - too dangerous for an amateur to get on a ladder that's half on stairs and get into the electrical wiring.","기존 팬은 59 ""아마도 2 인치 올라갈 수 있습니다. 이것에 가장 중요한 것은 공기 흐름입니다. 속도에 신경 쓰지 말고, 공기 흐름 만 신경 쓰지 않습니다. 벽 패널 컨트롤은 #2, 타이머는 #3이며, 대체 가능한 빛은 마지막입니다. 특히 더 큰 블레이드를 원하기 때문에 더 큰 블레이드를 원하기 때문에 더 큰 블레이드를 찾고 있기 때문에 소음에 대해 덜 신경 쓰지 않을 것입니다. 계단의 절반이고 전기 배선에 들어가는 사다리.",success
I have the Logitech MX Keys. It is okay. It can connect with two PCs and switch easily. That is huge pro for me so that I don't have to deal with something like a KMV switch. Battery life and Bluetooth connection works great.,Logitech MX 키가 있습니다. 괜찮습니다. 두 개의 PC에 연결하고 쉽게 전환 할 수 있습니다. KMV 스위치와 같은 것을 다룰 필요가 없도록 그것은 저에게 큰 프로입니다. 배터리 수명 및 Bluetooth 연결이 훌륭하게 작동합니다.,success
"yesterday my lasko utility fan [U15610M](https://www.lasko.com/mx-en/products/pro-performance-pivoting-utility-fan-u15610/) started doing weird noise ,so I dismantled it and noticed a few cracks on the blower wheel, I want to repair if possible but I don't really know how as the material is too rigid , so I'm looking for replacement parts , but lasko only sells the freaking knob.",어제 My Lasko 유틸리티 팬 [u15610m] (https://www.lasko.com/mx-en/products/pro-performance-pivoting-utility-fan-u15610/) 이상한 소음을 시작했습니다. Lasko는 괴물 손잡이 만 판매합니다.,success
"So yeah, pretty much the main differences.  Everything else is the same (Great washing, great reliability, great water efficciency).  The only advantage (according to the chart) is that the 7100 has less vibration than the wm3500.  That aside, everything is still is good.","예, 거의 주요 차이점입니다.  다른 모든 것은 동일합니다 (대단한 세척, 훌륭한 신뢰성, 훌륭한 물 효율성).  차트에 따라 유일한 장점은 7100이 WM3500보다 진동이 적다는 것입니다.  그 외에도 모든 것이 여전히 좋습니다.",success
"Despite me thinking a computer case would outlast the rest of the computer, apparently the Phanteks Enthoo Pro I got in 2016 isn't that good for durability, with its parts failing long before anything in my PC came to being even close to obsolete. Although it could probably last a lifetime technically, as everything is fairly easily replacable and they will send replacement parts upon request, I would prefer not to need to buy replacement parts after only a couple of years. First, I accidentally broke a tab holding in the front dust filter, but I could glue that back on. Later on, a few months ago, my headphone jack started failing, and eventually I had to buy a new front panel for it for a bit over $20 to replace quickly. Now that I have two panels, I could try to repair the old one while the new one is still in use, though the design itself is dumb, with the end of the headphone jack being on the PCB instead of the long side being mounted on a perpendicular PCB. Recently, my fans made weird noises on one of my rare start-ups (I run this computer as both a PC, router, and server) too, but maybe those will amount to nothing. Still, I am not confident in the quality of this case anymore.","컴퓨터 사례가 컴퓨터의 나머지 부분을 오래 지속한다고 생각했지만, 2016 년에 내가 얻은 Phanteks Envsoo Pro는 내구성에 좋지 않으며, 내 PC의 어떤 것도 쓸모 없기까지 오랫동안 부품이 실패했습니다. 기술적으로 평생 지속될 수는 있지만 모든 것이 상당히 쉽게 교체 가능하고 요청시 교체 부품을 보내므로 몇 년 만에 교체 부품을 구매할 필요가 없을 것입니다. 먼저, 실수로 전면 먼지 필터에서 탭을 잡고 있었지만 다시 붙일 수있었습니다. 나중에 몇 달 전, 헤드폰 잭이 실패하기 시작했고 결국 20 달러가 넘는 새로운 전면 패널을 사서 빨리 교체해야했습니다. 이제 두 개의 패널이 있었으므로 새 패널을 수리하려고 시도 할 수 있지만 새 패널이 여전히 사용 중이지만 디자인 자체는 멍청하지만 헤드폰 잭의 끝이 수직 PCB에 긴 측면이 장착되지 않고 PCB에 있습니다. 최근에, 팬들은 희귀 한 신생 기업 중 하나에 이상한 소음을 냈지만 (이 컴퓨터를 PC, 라우터 및 서버로 실행), 아마도 아무것도 할 수 없을 것입니다. 그럼에도 불구하고 나는 더 이상이 사건의 품질에 대해 확신하지 못한다.",success
* Xiaomi TV S Pro 75 L75MA-SM,* Xiaomi TV S Pro 75 L75MA-SM,success
* (Hisense) Vidda Discovery X Pro 2026,* (Hisense) Vidda Discovery X Pro 2026,success
Fjallraven Vidda Pro Warranty Turn Around Time,Fjallraven Vidda Pro 보증 시간이 시간을 보내십시오,success
"I'm looking for a bag that is comfortable and can hold my 16"" MacBook Pro that is great for flying and going through security but also provide a good amount of back ventilation so I don't sweat like a pig.","나는 편안한 가방을 찾고 있으며, 16 ""MacBook Pro를 보유 할 수있는 가방을 찾고 보안을 통과하기에 적합하지만 돼지처럼 땀을 흘리지 않도록 많은 양의 배출구를 제공합니다.",success
• Laptop Compartment – Fits a 16” MacBook Pro (M3) securely.,• 노트북 구획 - 16 인치 MacBook Pro (M3)에 안전하게 맞습니다.,success
"I'm a big, active guy, (6'5"", 320 pounds, built like a recently retired pro wrestler) and clothing that looks good, fits properly, and doesn't wear out quickly is difficult to find. I'm specifically looking for cargo pants, khakis, socks, and walking shoes. Athletic wear is usually pretty easy to find if somewhat overpriced, but workwear seems to be made for guys my size who don't actually move much. I can't seem to find shoes that last longer than 6 months( I average about 11 miles a work day on foot), and durable socks don't seem to go beyond size 15(I wear a 17). I also have a problem with splitting pants at the inner thighs halfway to the knee.","나는 크고 활동적인 사람, (6'5 "", 320 파운드, 최근 은퇴 한 프로 레슬링 선수처럼 지어졌고, 좋아 보이고, 적절하게 적합하고, 빨리 입지 않는 옷을 찾기가 어렵습니다. 나는 구체적으로화물 바지, 카키, 양말 및 걷는 신발을 찾고 있습니다. 운동복은 일반적으로 다소 가격이 너무 쉽게 보이지는 않지만 실제로는 내 크기가 많이 보이지는 않습니다. 6 개월 이상 (나는 걸어서 일하는 날 평균 약 11 마일), 내구성있는 양말은 크기 15를 넘지 않는 것 같습니다 (17 개를 착용).",success
"The exterior is a TPE Laminate, so it feels a lot like those rain jackets from North Face. It has 4 pockets, the back one (close to your back) has a slot for your notebook that is fleece lined. I put my 13 inch Macbook Pro in there as well as my 15 inch Razer Blade, which fits snuggly. not sure if it can accommodate a 17 inch. THere is a smaller pouch for a tablet, in which I put my 10 inch Ipad Pro in. its lined with some kind of microfiber lining rather than fleece like the laptop.  Next to that is an area designated for paper and books.  The next compartment is a general open area space that goes all the way down. In the front are two smaller compartments intended for your pens, mouse, chargers etc.  This backpack is definitely intended for apple products because the way the charger pockets, tablet pockets, etc are shaped and designed, they fit very well for Apple's computers.   The bottom is rubberized.  One thing I noted is that the exterior gets HOT. Probably because its black and its material, but when walking around in the sun for just 20 min, the outside was really hot to the touch.  Worried about my laptop, I opened it and felt it, it was still normal inside fortunately.","외부는 TPE 라미네이트이므로 북쪽의 빗 재킷과 매우 흡사합니다. 그것은 4 개의 주머니가 있으며, 뒷면 1 (뒷면에 가깝게)에는 양털이 늘어선 노트북의 슬롯이 있습니다. 나는 내 13 인치 MacBook Pro와 15 인치 면도기 블레이드를 넣었다. 17 인치를 수용 할 수 있는지 확실하지 않습니다. 태블릿 용 더 작은 파우치가 있습니다. 여기에는 10 인치 iPad Pro를 넣습니다. 노트북과 같은 양털보다는 일종의 마이크로 화이버 라이닝이 늘어서 있습니다.  그 옆에는 종이와 책으로 지정된 영역이 있습니다.  다음 구획은 일반적인 개방 공간입니다. 앞면에는 펜, 마우스, 충전기 등을위한 두 개의 작은 구획이 있습니다.이 배낭은 충전기 주머니, 태블릿 포켓 등이 모양과 설계된 방식으로 Apple의 컴퓨터에 잘 맞기 때문에 Apple 제품을위한 것입니다.   바닥은 고무화되었습니다.  내가 언급 한 한 가지는 외부가 뜨거워진다는 것입니다. 아마도 그 검은 색과 재료이기 때문에 20 분 동안 햇볕에 걸어 다닐 때 외부는 정말 뜨거웠습니다.  내 노트북에 대해 걱정하면서 나는 그것을 열고 느꼈다.",success
Pros:,장점 :,success
Pros:,장점 :,success
Lowepro life expectancy,낮은 수명 수명,success
My Lowepro Ridgeline 300’s grab handle and compression straps broke over the past couple of weeks. I’ve had this bag since 2015/16.,지난 몇 주 동안 내 Lowepro Ridgeline 300의 손잡이 손잡이와 압축 스트랩이 부러졌습니다. 2015/16 년 부터이 가방을 가지고있었습니다.,success
"1.  what type of materials are coloured straps made of, and if they typically fail faster than other straps? No luck with lowepro literature.","1. 어떤 유형의 재료가 컬러 스트랩으로 만들어지고, 일반적으로 다른 스트랩보다 더 빨리 실패하면? 저부장 문헌에는 운이 없습니다.",success
"Honestly I had my doubts but I’m impressed. The silicone around the case is very soft and smooth, sturdy but not stiff in a way that makes cases hard to take off and put on. The buttons all click very nicely. I have the 16 pro max and the camera cutout slot is actually also very nice, it doesn’t obstruct at all and actually divots in a way that’s nice to rest your finger on when using. It’s not an insane protection case or anything from what I can tell but I’d say it’s standard. As it stands by itself I could see myself using the case without a back and laying some stickers (still covered) on the inside as an extra way to design and have fun with it.",솔직히 나는 의심이 있었지만 감동했습니다. 케이스 주변의 실리콘은 매우 부드럽고 매끄럽고 튼튼하지만 케이스를 벗고 켜기가 어렵게 만드는 방식으로 뻣뻣하지 않습니다. 버튼은 모두 매우 멋지게 클릭합니다. 나는 16 Pro Max를 가지고 있으며 카메라 컷 아웃 슬롯은 실제로 매우 훌륭합니다. 전혀 방해받지 않으며 실제로 사용할 때 손가락을 대는 좋은 방식으로 divots. 그것은 미친 보호 사건이나 내가 말할 수있는 것과 어떤 영향을 미치지는 않지만 표준이라고 말하고 싶습니다. 그것이 그 자체로 서 있기 때문에 나는 등을없이 케이스를 사용하고 내부에 스티커를 놓고 (여전히 덮여) 설계하고 재미있게 즐길 수있는 방법으로 내 자신을 볼 수있었습니다.,success
"I’m looking into buying a new luggage set (carry-on + medium/large checked luggage, ideally spinners) in the next couple months. I’m a remote tech worker and frequently go on 2–3 day business trips for in-person meetings and events (domestic travel within the US, typically two about 1-hour flights with a 2-hour layover). I’m a short small-framed woman and have to pack a bit heavy due to a chronic illness. I pack a small soft-sided cooler in my checked luggage so I can bring my own food (frozen) that won’t set off my illness, and I also keep a bunch of stuff on me while in the airport to ensure as smooth a trip as possible. I also have a 16"" MacBook Pro for work. The point of this is that my travel gear tends to get quite heavy and cumbersome.","앞으로 몇 달 안에 새로운 수하물 세트 (캐리 온 + 중간/대형 체크 수하물, 이상적으로 스피너)를 구매하려고합니다. 저는 원격 기술 직원이며 자주 직접 회의 및 이벤트를 위해 2-3 일의 출장을 시작합니다 (미국 내 국내 여행, 일반적으로 2 시간 동안 약 1 시간 동안 약 1 시간 동안 2 시간 동안 항공편). 나는 짧은 작은 프레임 여성이고 만성 질환으로 인해 약간 무겁기를해야합니다. 나는 체크 된 수하물에 작은 부드러운 쿨러를 포장하여 병을 뿌릴 수없는 음식 (냉동)을 가져올 수 있으며, 공항에서 가능한 한 많은 물건을 보관하여 가능한 한 매끄럽게 여행을 보장합니다. 나는 또한 일을위한 16 ""MacBook Pro를 가지고 있습니다. 이것의 요점은 내 여행 장비가 상당히 무겁고 번거롭게되는 경향이 있다는 것입니다.",success
"- [Travel Pro Crew VersaPack Max Carry-On + 25"" Checked](https://travelpro.com/collections/crew™-versapack™-collection/products/crew-versapack-max-25-luggage-set?variant=31897425936482)","-[Travel Pro Crew Versapack Max Carry-On + 25 ""Checked] (https://travelpro.com/collections/crew ™-versapack ™-collection/products/crew-versapack-max-25-lugggeage-set?variant=31897425936482)",success
"- [TravelPro MaxLite 5 21"" Carry-On + 25"" Checked](https://travelpro.com/products/maxlite®-5-breakaway-luggage-set?variant=19640858280034)","-[TravelPro Maxlite 5 21 ""캐리 온 + 25""점검] (https://travelpro.com/products/maxlite®-5-breakaway-luggegage-set?variant=19640858280034)",success
"- [TravelPro Platinum Elite 21"" Carry-On + 25"" Checked](https://travelpro.com/products/platinum®-elite-first-class?variant=20371575275618)","-[TravelPro Platinum Elite 21 ""캐리 온 + 25""점검] (https://travelpro.com/products/platinum®-elite-first class?variant=20371575275618)",success
"My favorite in terms of features is the TravelPro Crew VersaPack. I like its weight, wedge shape, and zip-in organizers. I almost bought it but I wanted to ask the company about the availability of one of their colorways. I then realized that their website does not have an email listing or live chat even though their contact page mentions them and their contact form does not have an option for general questions (the FAQ option just bounces me to their FAQ page). I tried pinging their social media and got no response. I then tried calling their hotline during business hours and it hung up on me citing high call volume. This whole experience has made me extremely hesitant to do business with them. If it’s this hard just to ask a simple sales question, how hard will it be to get service if something goes wrong? Does anyone have recent experience dealing with TravelPro customer service? B&R is expensive but at least they list their customer service email in big letters.","기능 측면에서 내가 가장 좋아하는 것은 TravelPro Crew Versapack입니다. 무게, 웨지 모양 및 지퍼 인 주최자가 마음에 듭니다. 나는 거의 그것을 샀지 만 회사에 그들의 컬러 웨이 중 하나의 가용성에 대해 물어보고 싶었다. 그런 다음 연락처 페이지를 언급하고 연락처 양식이 일반적인 질문에 대한 옵션이 없더라도 웹 사이트에 이메일 목록이나 라이브 채팅이 없다는 것을 깨달았습니다 (FAQ 옵션은 FAQ 페이지로 튀어 나옵니다). 나는 그들의 소셜 미디어를 핑하려고 시도했고 아무런 반응도 얻지 못했습니다. 그런 다음 업무 시간 동안 핫라인에 전화를 걸어 큰 통화 볼륨을 인용하면서 끊었습니다. 이 모든 경험으로 인해 그들과 사업을하는 것을 매우 주저했습니다. 단순한 판매 질문을하는 것이 어려운 경우, 무언가 잘못되면 서비스를받는 것이 얼마나 어려울까요? 최근 TravelPro 고객 서비스를 다루는 경험이 있습니까? B & R은 비싸지 만 최소한 고객 서비스 이메일을 큰 편지로 나열합니다.",success
I'm looking for a pair of really durable daily wear boots/shoes for my husband. I've heard really good things about Wolverine and I was hoping for some more info from those of you with experience.,남편을위한 정말 내구성있는 매일 착용 부츠/신발을 찾고 있습니다. 나는 울버린에 대해 정말 좋은 소식을 들었고 경험이있는 사람들로부터 더 많은 정보를 기대하고있었습니다.,success
I hear all the pros of the Miele. An ex boyfriend had one so I also have experience using them. It did make me appreciate the ease of maneuvering a canister and how light and quiet it is.,나는 Miele의 모든 전문가들을 듣습니다. 전 남자 친구는 하나를 가지고 있었기 때문에 그들도 사용한 경험이있었습니다. 그것은 캐니스터를 조종하는 것이 쉽고 가볍고 조용한 지에 대해 감사하게 만들었습니다.,success
Daimer KleenJet Pro Plus 200S - Up to 75 PSI. $1095. Steam temp up to 310ºF. Weighs 23lbs. Warranty is 1 year on labor/3 years on parts with a lifetime boiler warranty.,Daimer Kleenjet Pro Plus 200s- 최대 75psi. $ 1095. 최대 310ºF의 증기 온도. 무게는 23 파운드입니다. 보증은 평생 보일러 보증이있는 부품에 대해 3 년/3 년입니다.,success
* Oral-B Pro 100,* Oral-B Pro 100,success
