original_pros,korean_pros
"My options seem to be a LG Gram 16, but I do not remember anymore what model was the good one... or the yoga pro 9i gen10 aura edition. (was checking this https://www.lenovo.com/es/es/p/laptops/yoga/yoga-pro-series/yoga-pro-9i-10ª-generación-(aura-edition)-16-inch-intel/len101y0063 )","My options seem ~에 be  LG 그램 16, 하지만 I do not remember anymore what 모델 was  좋은 one... 또는  yoga pro 9i gen10 aura edition. (was checking this https://www.lenovo.com/es/es/p/노트북들/yoga/yoga-pro-series/yoga-pro-9i-10ª-generación-(aura-edition)-16-inch-intel/len101y0063 )"
Tuning LG Gram Pro 17 for productivity? Lack Snappy feeling..  Any Tips?,Tuning LG 그램 Pro 17 ~을 위한 생산성? Lack Snappy feeling..  Any Tips?
"I have LG Gram Pro 17 32GB Ultra 7. Even setting FAN to HIGH, Turned off Energy Saving feature.","I have LG 그램 Pro 17 32GB Ultra 7. Even setting FAN ~에 HIGH, Turned off Energy Saving feature."
Help doing clean install of LG gram Pro 16Z90TS.G.AU89A1,도움 doing clean install of LG 그램 Pro 16Z90TS.G.AU89A1
I just got a LG gram pro 16Z90TS.G.AU89A1,I just got  LG 그램 pro 16Z90TS.G.AU89A1
I’m considering getting a 2025 lg gram pro and wanted to check whether the 255h model is ok to use the laptop on my lap or does it get too hot due to the powerful cpu? Would the Ultra 7 258V version be a better choice?,I’m considering getting  2025 LG 그램 pro 그리고 wanted ~에 check whether  255h 모델 is ok ~에 사용  노트북 on my lap 또는 does it get too hot due ~에  강력한 cpu? Would  Ultra 7 258V 버전 be  더 나은 선택?
Double-sided SSDs for LG gram Pro 2-in-1 16 Inch?,Double-sided SSDs ~을 위한 LG 그램 Pro 2-in-1 16 Inch?
"I'd like to get a LG gram Pro 2-in-1 16 Inch, Thin and Lightweight Laptop, Windows 11 Home, Intel® Evo Edition - Intel® Core™ Ultra 7 Intel® Core™ Ultra7 (Series 2) 255H, 32GB RAM, 2TB (2x1TB) SSD, Black (model 16T90TP-K.ADB7U1)","I'd 마음에 드는 ~에 get  LG 그램 Pro 2-in-1 16 Inch, 얇은 그리고 가벼운 노트북, Windows 11 Home, Intel® Evo Edition - Intel® Core™ Ultra 7 Intel® Core™ Ultra7 (Series 2) 255H, 32GB RAM, 2TB (2x1TB) SSD, Black (모델 16T90TP-K.ADB7U1)"
"I am debating between the LG Gram (16Z90TL-H.AUB9U1) with Ultra 9 (serries 2), touchscreen IPS, and 60 Hz refresh rate or the LG Gram Pro (16Z90TS-G.AUG7U1) with Ultra 7 (serries 2), non-touch IPS and 144 Hz refresh rate.   I will be using a lot of excel, photo editing, and web browsing.  I like the better refresh rate and the fact the Pro comes with two fans (so I am assuming it is quieter).  However, the 9U1 has the better processor.  Also I can't decide if a touch screen with a lower refresh rate is right for me vs. a better refresh rate with no touchscreen.  Any one have any guidance?","I am debating between  LG 그램 (16Z90TL-H.AUB9U1) ~와 함께 Ultra 9 (serries 2), 터치스크린 IPS, 그리고 60 Hz refresh rate 또는  LG 그램 Pro (16Z90TS-G.AUG7U1) ~와 함께 Ultra 7 (serries 2), non-터치 IPS 그리고 144 Hz refresh rate.   I will be 사용하는  lot of excel, 사진 편집, 그리고 web browsing.  I 마음에 드는  더 나은 refresh rate 그리고  fact  Pro comes ~와 함께 two fans (so I am assuming it is quieter).  However,  9U1 has  더 나은 processor.  Also I can't decide if  터치 화면 ~와 함께  lower refresh rate is right ~을 위한 me vs.  더 나은 refresh rate ~와 함께 no 터치스크린.  Any one have any guidance?"
Screen Protector for LG Gram Pro 16 2-in-1,화면 Protector ~을 위한 LG 그램 Pro 16 2-in-1
"After all these discussions here about thermal paste being applied inadequately at the factory and my 2023 LG Gram Pro 16in with the RTX3050 badly thermally throttling, I decided to bring it to a technician to reapply thermal paste. The original paste was very well applied but it had dried up after 2 years of almost of 10hrs daily of heavy use. Now the processor temps are back to normal, no more thermal throttling. The heat pipes of the Grams are very thin and light, I suggest following this route and reapply thermal paste if you feel your Gram overheats compared to when it was new. I provided to the technician the new PTM7950 pad, works well for the GRAM.","After all these discussions here about thermal paste being applied inadequately at  factory 그리고 my 2023 LG 그램 Pro 16in ~와 함께  RTX3050 badly thermally throttling, I decided ~에 bring it ~에  technician ~에 reapply thermal paste.  original paste was very well applied 하지만 it had dried up after 2 년 of almost of 10hrs 매일 of heavy 사용. Now  processor temps are back ~에 normal, no more thermal throttling.  heat pipes of  Grams are very 얇은 그리고 가벼운, I suggest following this route 그리고 reapply thermal paste if you feel your Gram overheats compared ~에 when it was 새로운. I provided ~에  technician  새로운 PTM7950 pad, works well ~을 위한  GRAM."
Anyone know when we can expect the LG Gram Pro laptops to be released with the new RTX 50-series graphics chips?,Anyone know when we can expect  LG 그램 Pro 노트북들 ~에 be released ~와 함께  새로운 RTX 50-series graphics chips?
"I can't get the speakers to work. I have it connected to my Macbook Pro using the USB-C to USB-C cable, but when I go into settings and set the sound output to the monitor, the sound volume control is not adjustable.","I can't get  speakers ~에 작업. I have it connected ~에 my Macbook Pro 사용하는  USB-C ~에 USB-C cable, 하지만 when I go into settings 그리고 set  sound output ~에  모니터,  sound volume control is not adjustable."
there is so much space on these LG Gram Pro models.,there is so much space on these LG 그램 Pro models.
"LG Gram Pro 17"" 2025 - beyond insulting thermal paste application, 80% of the die was naked; awful thermal design too, plenty of room for bigger heatpipe and heatsink. This is aswful engineering from LG. This laptop could have used much higher power limits.","LG 그램 Pro 17"" 2025 - beyond insulting thermal paste application, 80% of  die was naked; awful thermal 디자인 too, plenty of room ~을 위한 bigger heatpipe 그리고 heatsink. This is aswful engineering from LG. This 노트북 could have used much higher 전력 limits."
I made an imgur post with photos and comments under each photo here: [https://imgur.com/gallery/lg-gram-pro-17-2025-17z90tp-g-ad88a1-teardown-shocking-thermal-paste-application-reapplication-23T3YYi](https://imgur.com/gallery/lg-gram-pro-17-2025-17z90tp-g-ad88a1-teardown-shocking-thermal-paste-application-reapplication-23T3YYi),I made  imgur post ~와 함께 photos 그리고 comments under each photo here: [https://imgur.com/gallery/lg-gram-pro-17-2025-17z90tp-g-ad88a1-teardown-shocking-thermal-paste-application-reapplication-23T3YYi](https://imgur.com/gallery/lg-gram-pro-17-2025-17z90tp-g-ad88a1-teardown-shocking-thermal-paste-application-reapplication-23T3YYi)
LG Gram Pro 17 2025 (17Z90TP Core Ultra 7 255H) - how to make this laptop (and other grams) run like hell,LG 그램 Pro 17 2025 (17Z90TP Core Ultra 7 255H) - how ~에 make this 노트북 (그리고 other grams) run 마음에 드는 hell
Can LG Gram Pro 16 2-in-1 2025...,Can LG 그램 Pro 16 2-in-1 2025...
Can LG Gram Pro 16 2-in-1 2025 16T90SP 2800x1800 :,Can LG 그램 Pro 16 2-in-1 2025 16T90SP 2800x1800 :
"I then attempted to get it to boot from my USB stick which had a bootable version of Windows 11 Pro, but simply highlighting the USB stick did not work ... Again I tried to find a solution and I read somewhere to use F10 at boot. Holding down the F10 key, I was able to temporarily Boot to the USB stick and was able to load and install Windows 11 Pro successfully.","I then attempted ~에 get it ~에 boot from my USB stick which had  bootable 버전 of Windows 11 Pro, 하지만 simply highlighting  USB stick did not 작업 ... Again I tried ~에 find  해결책 그리고 I read somewhere ~에 사용 F10 at boot. Holding down  F10 key, I was able ~에 temporarily Boot ~에  USB stick 그리고 was able ~에 load 그리고 install Windows 11 Pro successfully."
LG gram pro 2025 pre-installed apps?,LG 그램 pro 2025 pre-installed apps?
"Hi, i wanna know what apps come pre-installed in the new Lg Gram Pro laptops. Can anyone please confirm if it comes with microsoft teams?","Hi, i wanna know what apps come pre-installed in  새로운 LG 그램 Pro 노트북들. Can anyone please confirm if it comes ~와 함께 microsoft teams?"
"Gram Pro 17 2025 with RTX owner, benchmarks?","Gram Pro 17 2025 ~와 함께 RTX owner, benchmarks?"
"This is my first post here because *I'm stuck with this dilemma* (if that's how you say it 😅). I’m torn between these two laptops, whose specs I’ll detail below. I’ve been weighing the pros and cons of each model, but I just can’t make up my mind — so I’d really appreciate a ray of light to help me choose wisely.","This is my first post here because *I'm stuck ~와 함께 this dilemma* (if that's how you say it 😅). I’m torn between these two 노트북들, whose specs I’ll detail below. I’ve been weighing  장점 그리고 cons of each 모델, 하지만 I just can’t make up my mind — so I’d really appreciate  ray of 가벼운 ~에 도움 me choose wisely."
"For context: I’m coming from a Lenovo Ideapad Pro 5 (14"") Ryzen 5 U, 16gb RAM, etc. I bought that laptop for its size and weight, since I often take it with me when I travel — although traveling is not my main use case. My primary use is reading and some multimedia consumption. I also want enough power to play some older games (nothing from the last 5–6 years), so I’m not looking for a full-on gaming laptop. Ideapad would be now to my mamma, for her personal purpose it's enough.","~을 위한 context: I’m coming from  Lenovo Ideapad Pro 5 (14"") Ryzen 5 U, 16gb RAM, etc. I bought that 노트북 ~을 위한 its size 그리고 무게, since I often take it ~와 함께 me when I travel — although traveling is not my main 사용 case. My primary 사용 is reading 그리고 some multimedia consumption. I also want enough 전력 ~에 play some older games (nothing from  last 5–6 년), so I’m not looking ~을 위한  full-on 게임 노트북. Ideapad would be now ~에 my mamma, ~을 위한 her personal purpose it's enough."
"* But I also found the Lenovo, which offers a bit more power and is very tempting.Of course, each has its pros and cons, which I’ll detail next.","* 하지만 I also found  Lenovo, which offers  bit more 전력 그리고 is very tempting.Of course, each has its 장점 그리고 cons, which I’ll detail next."
**Pros of the LG Gram 16Z90TL-G.AU88B**,**장점 of  LG 그램 16Z90TL-G.AU88B**
**Pros of the Lenovo ThinkBook 16 G8 IAL**,**장점 of  Lenovo ThinkBook 16 G8 IAL**
Macbook Air M4 or LG gram Pro 16Z90TL,Macbook Air M4 또는 LG 그램 Pro 16Z90TL
I've seen the LG gram Pro 16Z90TL with an Intel Core Ultra 7 256V.,I've seen  LG 그램 Pro 16Z90TL ~와 함께  Intel Core Ultra 7 256V.
zenbook s16 hx 370 vs lg gram pro 16 rtx 3050 Ultra 7 155H,zenbook s16 hx 370 vs LG 그램 pro 16 rtx 3050 Ultra 7 155H
"I have the lg gram pro 16, how much better is the newer zenbook s16 hx370?","I have  LG 그램 pro 16, how much 더 나은 is  newer zenbook s16 hx370?"
"My first intuition was the Surface pro 13, but that is using Qualcomm's ARM chipset and won't be compatible with some of my steam games.","My first intuition was  Surface pro 13, 하지만 that is 사용하는 Qualcomm's ARM chipset 그리고 won't be compatible ~와 함께 some of my steam games."
Would prefer something like the Surface Pro but more powerful (and no ARM SoC),Would prefer something 마음에 드는  Surface Pro 하지만 more 강력한 (그리고 no ARM SoC)
**9. Pros and Cons:**,**9. 장점 그리고 Cons:**
"* **Pros:** Screen, performance, battery life, keyboard","* **장점:** 화면, 성능, 배터리 수명, 키보드"
"This is a well-built laptop where the pros far out-weigh the cons. The OLED screen is fantastic and it has been a pleasure watching content in a darkened room. It is very easy to travel with, having all-day battery life and a thin and light form factor.","This is  well-built 노트북 where  장점 far out-weigh  cons.  OLED 화면 is fantastic 그리고 it has been  pleasure watching content in  darkened room. It is very easy ~에 travel ~와 함께, having all-day 배터리 수명 그리고  얇은 그리고 가벼운 폼 팩터."
My budget has to stay within $800\~1000. I'm going to sell my current laptop - lenovo legion 5i pro RTX3060 and hopefully make back at least $500 or so to soften the blow on the wallet.,My 예산 has ~에 stay within $800\~1000. I'm going ~에 sell my current 노트북 - lenovo legion 5i pro RTX3060 그리고 hopefully make back at least $500 또는 so ~에 soften  blow on  wallet.
LG Gram Pro 16 vs Yoga 7i Aura Edition 15 inch,LG 그램 Pro 16 vs Yoga 7i Aura Edition 15 inch
"Title says it all, just wanted to know. Im rocking an LG gram (not sure exact model but it's got the ultra 7 155h, 15.3 inch touchscreen, 16gb ram, one tb4 and one regular usbc, wifi 6e), and it's my first PC (started out on a macbook pro from 2019) and besides me personally just really liking microsoft much better, I looooove how light this thing is in comparison!","Title says it all, just wanted ~에 know. Im rocking  LG 그램 (not sure exact 모델 하지만 it's got  ultra 7 155h, 15.3 inch 터치스크린, 16gb RAM, one tb4 그리고 one regular usbc, wifi 6e), 그리고 it's my first PC (started out on  macbook pro from 2019) 그리고 besides me personally just really liking microsoft much 더 나은, I looooove how 가벼운 this thing is in comparison!"
Samsung Galaxy Book 5 Pro 16 vs LG Gram Pro 16 (2025 models),Samsung Galaxy Book 5 Pro 16 vs LG 그램 Pro 16 (2025 models)
[Samsung](https://www.samsung.com/us/computing/galaxy-books/galaxy-book5-series/buy/galaxy-book5-pro-16-intel-core-ultra-7-1tb-gray-np960xha-kg3us/) link,[Samsung](https://www.samsung.com/us/computing/galaxy-books/galaxy-book5-series/buy/galaxy-book5-pro-16-intel-core-ultra-7-1tb-gray-np960xha-kg3us/) link
ASUS Zenbook S14 vs. Lenovo Yoga Slim 7i Aura 15 vs. LG gram Pro 16/17 - which would you choose?,ASUS Zenbook S14 vs. Lenovo Yoga 슬림한 7i Aura 15 vs. LG 그램 Pro 16/17 - which would you choose?
"[LG gram Pro 16 - $1,550.00](https://www.amazon.com/LG-16-inch-Lightweight-Laptop-Intel/dp/B0CTD2QP53/ref=asc_df_B0CTD2QP53?th=1)  |  [LG gram Pro 17 - $1,596.98](https://www.amazon.com/LG-16-inch-Lightweight-Laptop-Intel/dp/B0CTD2QP53/ref=asc_df_B0CTD2QP53?th=1)","[LG 그램 Pro 16 - $1,550.00](https://www.amazon.com/LG-16-inch-가벼운-노트북-Intel/dp/B0CTD2QP53/ref=asc_df_B0CTD2QP53?th=1)  |  [LG 그램 Pro 17 - $1,596.98](https://www.amazon.com/LG-16-inch-가벼운-노트북-Intel/dp/B0CTD2QP53/ref=asc_df_B0CTD2QP53?th=1)"
Alternatives to Galaxy Book5 Pro 360,Alternatives ~에 Galaxy Book5 Pro 360
"I'm looking into a laptop for university, one with pen support and 360 mode for writing notes and drawing. It seems to me like the best option is Samsung's Book5 Pro 360, but I wanted to see if anyone had any recommendations. Some things that are important to me:","I'm looking into  노트북 ~을 위한 university, one ~와 함께 pen 지원 그리고 360 mode ~을 위한 writing notes 그리고 drawing. It seems ~에 me 마음에 드는  최고의 옵션 is Samsung's Book5 Pro 360, 하지만 I wanted ~에 see if anyone had any recommendations. Some things that are important ~에 me:"
"I've narrowed it down to the Samsung Book 5 Pro 360, LG Gram Pro 2 in 1 OLED (Hopefully the 2025 version if that comes out soon) and Lenovo Yoga 9i ""Aura edition""","I've narrowed it down ~에  Samsung Book 5 Pro 360, LG 그램 Pro 2 in 1 OLED (Hopefully  2025 버전 if that comes out soon) 그리고 Lenovo Yoga 9i ""Aura edition"""
"Looking to set up a home office. Originally was planning to get a desktop computer, but realized the functionality of a laptop makes more sense. Purchasing an LG gram Pro for reference.","Looking ~에 set up  home 사무. Originally was planning ~에 get  desktop 컴퓨터, 하지만 realized  functionality of  노트북 makes more sense. Purchasing  LG 그램 Pro ~을 위한 reference."
asus zenbook s16 ryzen ai vs lg gram pro 16 rtx 3050,asus zenbook s16 ryzen ai vs LG 그램 pro 16 rtx 3050
How much better is the zenbook s16 ryzen vs the lg gram pro 16 2024 w rtx 3050?,How much 더 나은 is  zenbook s16 ryzen vs  LG 그램 pro 16 2024 w rtx 3050?
"* Dell Pro 13 Plus, 1.2 kg","* Dell Pro 13 Plus, 1.2 kg"
"* Dell Pro 13 Plus 2-in-1, 1.2 kg","* Dell Pro 13 Plus 2-in-1, 1.2 kg"
"* [Dell Pro 13 Premium](https://www.dell.com/en-us/shop/dell-laptops/scr/laptops/appref=dell-pro-product-line), 1.1 kg","* [Dell Pro 13 Premium](https://www.dell.com/en-us/shop/dell-노트북들/scr/노트북들/appref=dell-pro-product-line), 1.1 kg"
"* [Dell Pro 14 Premium](https://www.dell.com/en-us/shop/dell-laptops/new-dell-pro-14-premium-laptop/spd/dell-pro-pa14250-laptop/gcto_pa14250_usx?ref=variantstack), 1.14 kg","* [Dell Pro 14 Premium](https://www.dell.com/en-us/shop/dell-노트북들/새로운-dell-pro-14-premium-노트북/spd/dell-pro-pa14250-노트북/gcto_pa14250_usx?ref=variantstack), 1.14 kg"
"* [Dell Pro 14 Plus](https://www.dell.com/en-us/shop/dell-laptops/new-dell-pro-14-plus-laptop-or-2-in-1/spd/dell-pro-pb14250-2-in-1-laptop/gcto_pb14250_usx?ref=variantstack), 1.4 kg","* [Dell Pro 14 Plus](https://www.dell.com/en-us/shop/dell-노트북들/새로운-dell-pro-14-plus-노트북-또는-2-in-1/spd/dell-pro-pb14250-2-in-1-노트북/gcto_pb14250_usx?ref=variantstack), 1.4 kg"
"* [Dell Pro 14 Plus 2-in-1](https://www.dell.com/en-us/shop/dell-laptops/new-dell-pro-14-plus-laptop-or-2-in-1/spd/dell-pro-pb14250-2-in-1-laptop/gcto_pb14250_usx?ref=variantstack), 1.4 kg","* [Dell Pro 14 Plus 2-in-1](https://www.dell.com/en-us/shop/dell-노트북들/새로운-dell-pro-14-plus-노트북-또는-2-in-1/spd/dell-pro-pb14250-2-in-1-노트북/gcto_pb14250_usx?ref=variantstack), 1.4 kg"
* [Dell Pro 16 Plus](https://www.dell.com/en-us/shop/dell-laptops/new-dell-pro-16-plus-laptop/spd/dell-pro-pb16250-laptop/gcto_pb16250_usx?ref=variantstack),* [Dell Pro 16 Plus](https://www.dell.com/en-us/shop/dell-노트북들/새로운-dell-pro-16-plus-노트북/spd/dell-pro-pb16250-노트북/gcto_pb16250_usx?ref=variantstack)
"* [LG Gram 16 Pro (16Z90TS](https://www.lgnewsroom.com/2024/12/lgs-hybrid-ai-gram-laptops-offer-the-best-of-both-worlds-with-on-device-and-cloud-ai-services/)), 1.2 kg","* [LG 그램 16 Pro (16Z90TS](https://www.lgnewsroom.com/2024/12/lgs-hybrid-ai-gram-노트북들-offer--최고의-of-both-worlds-~와 함께-on-기기-그리고-cloud-ai-services/)), 1.2 kg"
"* [Samsung Galaxy Book5 Pro 360 2-in-1](https://www.samsung.com/de/computers/galaxy-book/galaxy-book5-pro-360-16-inch-ultra-5-16gb-512gb-np960qha-kg5de/), 1.7 kg","* [Samsung Galaxy Book5 Pro 360 2-in-1](https://www.samsung.com/de/computers/galaxy-book/galaxy-book5-pro-360-16-inch-ultra-5-16gb-512gb-np960qha-kg5de/), 1.7 kg"
"I'm mainly just looking for something I can use in stand mode while reading stuff I don't need to be in front of pc for so nothing intensive, just a good display, battery and durable. Would prefer it to run cooler. Both of these have their pros and cons, one being the Acer is half the price of a Gram--though a new 2022 model is just $200 more and $700 so not a huge difference there. Which of these would you recommend, or is there a different large display 2in1 that'd be a better choice?","I'm mainly just looking ~을 위한 something I can 사용 in stand mode while reading stuff I don't need ~에 be in front of pc ~을 위한 so nothing intensive, just  좋은 디스플레이, 배터리 그리고 durable. Would prefer it ~에 run cooler. Both of these have their 장점 그리고 cons, one being  Acer is half  가격 of  Gram--though  새로운 2022 모델 is just $200 more 그리고 $700 so not  huge difference there. Which of these would you 추천하는, 또는 is there  different large 디스플레이 2in1 that'd be  더 나은 선택?"
and Lenovo Yoga pro 7i Aura Edition (i think that's its name?),그리고 Lenovo Yoga pro 7i Aura Edition (i think that's its name?)
I wish I could just buy a specced out macbook pro but nooo I had to choose one of like five majors that requires windows machines,I wish I could just buy  specced out macbook pro 하지만 nooo I had ~에 choose one of 마음에 드는 five majors that requires windows machines
# My Current Lenovo Legion Pro 7 16IRX8H Specifications,# My Current Lenovo Legion Pro 7 16IRX8H Specifications
* **Computer:** LENOVO Legion Pro 7 16IRX8H,* **컴퓨터:** LENOVO Legion Pro 7 16IRX8H
"* Samsung SSD 990 PRO 2TB, 1953.5 GB, NVMe","* Samsung SSD 990 PRO 2TB, 1953.5 GB, NVMe"
# Replacement PC: Lenovo Legion Pro 7 16IAX10H (Model: 83F500CXIX) Specifications,# Replacement PC: Lenovo Legion Pro 7 16IAX10H (모델: 83F500CXIX) Specifications
"* **Docking:** Various docking solutions supported via Thunderbolt or USB-C. For more compatible docking solutions, please visit [Docking for Legion Pro 7 16IAX10H](https://psref.lenovo.com/accessories/?category=Docking&system=83F5)","* **Docking:** Various docking solutions supported via Thunderbolt 또는 USB-C. ~을 위한 more compatible docking solutions, please visit [Docking ~을 위한 Legion Pro 7 16IAX10H](https://psref.lenovo.com/accessories/?category=Docking&system=83F5)"
The Ninkear A15 Pro has been updated with more current hardware this year. Its predecessor was equipped with an AMD Ryzen 5 6600H. The 2025 model uses an AMD Ryzen 5 7430U. Read my review here to find out how the device performs.,Ninkear A15 Pro has been updated ~와 함께 more current hardware this year. Its predecessor was equipped ~와 함께  AMD Ryzen 5 6600H.  2025 모델 uses  AMD Ryzen 5 7430U. Read my review here ~에 find out how  기기 performs.
"The Ninkear A15 Pro retains a straightforward and unobtrusive design. The housing is made of aluminum alloy, which contributes to a solid feel. The surface is matte and resistant to fingerprints. The workmanship is appropriate for this price category, with clean edges and fits. The hinge still allows the display to be opened up to 180 degrees, which makes it more flexible to use and gives it stability. Weighing often less than 1.8 kg and with a slim design that is 20 mm thick, it is also easy to transport.","Ninkear A15 Pro retains  straightforward 그리고 unobtrusive 디자인.  housing is made of aluminum alloy, which contributes ~에  solid feel.  surface is matte 그리고 resistant ~에 fingerprints.  workmanship is appropriate ~을 위한 this 가격 category, ~와 함께 clean edges 그리고 fits.  hinge still allows  디스플레이 ~에 be opened up ~에 180 degrees, which makes it more flexible ~에 사용 그리고 gives it stability. Weighing often less than 1.8 kg 그리고 ~와 함께  슬림한 디자인 that is 20 mm thick, it is also easy ~에 transport."
"One feature of the Ninkear A15 Pro is its 16-inch IPS display. It offers QHD resolution (2560 x 1600 pixels), which enables sharp display of text and images. The brightness is specified at 400 nits. The color space coverage in the sRGB range is 99-100%, making the display suitable for multimedia content, light image editing, and office applications. The 120 Hz refresh rate supports smooth display.","One feature of  Ninkear A15 Pro is its 16-inch IPS 디스플레이. It offers QHD 해상도 (2560 x 1600 pixels), which enables sharp 디스플레이 of text 그리고 images.  밝기 is specified at 400 nits.  색상 space coverage in  sRGB range is 99-100%, making  디스플레이 suitable ~을 위한 multimedia content, 가벼운 image 편집, 그리고 사무 applications.  120 Hz refresh rate supports 부드러운 디스플레이."
"Inside the 2025 Ninkear A15 Pro is an AMD Ryzen 5 7430U with a TDP of 15W. These CPUs offer balanced performance and energy efficiency. In conjunction with 16 GB DDR4 3200MHz (one module) and a 1 TB NVMe SSD connected via PCIe 3.0. Daily tasks, multitasking, demanding office applications, and basic image or video editing can be performed smoothly. The integrated AMD Radeon also allows you to play less demanding games at moderate settings. Fortnite runs in Full HD at around 60FPS on the lowest settings.","Inside  2025 Ninkear A15 Pro is  AMD Ryzen 5 7430U ~와 함께  TDP of 15W. These CPUs offer balanced 성능 그리고 energy efficiency. In conjunction ~와 함께 16 GB DDR4 3200MHz (one module) 그리고  1 TB NVMe SSD connected via PCIe 3.0. 매일 tasks, multitasking, demanding 사무 applications, 그리고 basic image 또는 비디오 편집 can be performed smoothly.  integrated AMD Radeon also allows you ~에 play less demanding games at moderate settings. Fortnite runs in Full HD at around 60FPS on  lowest settings."
"The keyboard of the Ninkear A15 Pro is backlit and offers a pleasant typing experience with good key travel and a clear pressure point. The keyboard itself has an ANSI-US layout, and no other layout is available for purchase.","키보드 of  Ninkear A15 Pro is backlit 그리고 offers  pleasant 타이핑 experience ~와 함께 좋은 key travel 그리고  clear pressure point.  키보드 itself has  ANSI-US layout, 그리고 no other layout is available ~을 위한 purchase."
"The battery life of the Ninkear A15 Pro is adequate thanks to the energy-efficient AMD Ryzen processors. With moderate use (office, browsing, streaming), 6 to 7 hours of use are possible, making it a companion for the workday or longer university sessions. The cooling system is barely audible during normal operation. Even under load, the noise level remains low, and the case only heats up in certain areas, but remains very inconspicuous overall.","배터리 수명 of  Ninkear A15 Pro is adequate thanks ~에  energy-효율적인 AMD Ryzen processors. ~와 함께 moderate 사용 (사무, browsing, streaming), 6 ~에 7 시간 of 사용 are possible, making it  companion ~을 위한  workday 또는 longer university sessions.  cooling system is barely audible during normal operation. Even under load,  noise level remains low, 그리고  case only heats up in certain areas, 하지만 remains very inconspicuous overall."
"The Ninkear A15 Pro (2025 version) offers a good balance between price and performance and is aimed at those who are looking for a notebook for productivity, multimedia, and occasional gaming. For students, home office users, and anyone who needs a reliable all-rounder, the Ninkear A15 Pro (2025) is a good option. The price in the company's own online shop is currently around €570. The device is shipped from Germany. Unfortunately, I cannot say anything about support and/or warranty issues.","Ninkear A15 Pro (2025 버전) offers  좋은 balance between 가격 그리고 성능 그리고 is aimed at those who are looking ~을 위한  노트북 ~을 위한 생산성, multimedia, 그리고 occasional 게임. ~을 위한 students, home 사무 users, 그리고 anyone who needs  reliable all-rounder,  Ninkear A15 Pro (2025) is  좋은 옵션.  가격 in  company's own online shop is currently around €570.  기기 is shipped from Germany. Unfortunately, I cannot say anything about 지원 그리고/또는 warranty issues."
* I tend to use adobe acrobat pro and sometimes publisher.,* I tend ~에 사용 adobe acrobat pro 그리고 sometimes publisher.
I have a Lenovo Legion Pro 7 from Dec 2023 with a 4070 GTX and 32 GB RAM. A few months ago some liquid spilled into the laptop. It has also sustained a fall which cracked the housing near the fans. The result is the keyboard does not work (it causes windows to pop up endlessly) and I have to mess with the casing to get the charger to plug in properly. So I use a bluetooth keyboard and accept the issues with plugging it in just takes a few seconds of fixing the housing. I can't tell if the graphics card or processor has decreased performance. I recently picked up a 5080 Acer Helios Neo 16S at BB for $1900. It has been sitting in the box unopened until I determine if I should keep it or return it. I also just got an LG ultrawide 45GX950A. Is the increased performance and capabilities of the Helios worth the $1900? I currently have my Legion usb-c to my widescreen and it's working ok except when I multi task it seems a bit sluggish. Have Raid Shadow Legends and a few browsing windows up and it has some lag switching windows. Thoughts on return the Acer or keep it?,I have  Lenovo Legion Pro 7 from Dec 2023 ~와 함께  4070 GTX 그리고 32 GB RAM.  few 개월 ago some liquid spilled into  노트북. It has also sustained  fall which cracked  housing near  fans.  result is  키보드 does not 작업 (it causes windows ~에 pop up endlessly) 그리고 I have ~에 mess ~와 함께  casing ~에 get  charger ~에 plug in properly. So I 사용  bluetooth 키보드 그리고 accept  issues ~와 함께 plugging it in just takes  few seconds of fixing  housing. I can't tell if  graphics card 또는 processor has decreased 성능. I recently picked up  5080 Acer Helios Neo 16S at BB ~을 위한 $1900. It has been sitting in  box unopened until I determine if I should keep it 또는 return it. I also just got  LG ultrawide 45GX950A. Is  increased 성능 그리고 capabilities of  Helios worth  $1900? I currently have my Legion USB-c ~에 my widescreen 그리고 it's 작업하는 ok except when I multi task it seems  bit sluggish. Have Raid Shadow Legends 그리고  few browsing windows up 그리고 it has some lag switching windows. Thoughts on return  Acer 또는 keep it?
Asus Zephyrus G16 vs Lenovo Legion Pro 7i (both 2025) which one to go for? Read below.,Asus Zephyrus G16 vs Lenovo Legion Pro 7i (both 2025) which one ~에 go ~을 위한? Read below.
"I have been looking for a gaming laptop to replace my asus scar 15 of 2021 with RTX 3070, I originally decided to go for Asus Zephyrus G16 with RTX 5070TI as it is the best sweet spot rn for laptops which are light and easy to carry, but the issue i got stuck was that in my country, ASUS only launched Zephyrus G16 2025, with RTX 5080 which is out of my budget and also not quite worthy due to the low 120W for 5080, then my attention was caught by Lenovo Legion Pro 7i which is available in both RTX 5070TI & RTX 5080 and I think I can push to get RTX 5080 in this one, since it's cheaper than ASUS somehow and also wattage worthy, but then my main issue for buying a new laptop which is to be lightweight and not heavy comes into the picture since I'm a student and I need to carry that shit. Although, I could hook up with a type c 140w charger to solve that weight issue but still charger plus Legion is definitely 4 KG+ and Zephyrus with charger is around 2.8 KG, so what you all think, what should I do? Hang around till Zephyrus G16 launches to buy with RTX 5070TI or just simply get Legion now? Regular laptop carrying students please help.","I have been looking ~을 위한  게임 노트북 ~에 replace my asus scar 15 of 2021 ~와 함께 RTX 3070, I originally decided ~에 go ~을 위한 Asus Zephyrus G16 ~와 함께 RTX 5070TI as it is  최고의 sweet spot rn ~을 위한 노트북들 which are 가벼운 그리고 easy ~에 carry, 하지만  문제 i got stuck was that in my country, ASUS only launched Zephyrus G16 2025, ~와 함께 RTX 5080 which is out of my 예산 그리고 also not quite worthy due ~에  low 120W ~을 위한 5080, then my attention was caught by Lenovo Legion Pro 7i which is available in both RTX 5070TI & RTX 5080 그리고 I think I can push ~에 get RTX 5080 in this one, since it's cheaper than ASUS somehow 그리고 also wattage worthy, 하지만 then my main 문제 ~을 위한 buying  새로운 노트북 which is ~에 be 가벼운 그리고 not heavy comes into  picture since I'm  student 그리고 I need ~에 carry that shit. Although, I could hook up ~와 함께  type c 140w charger ~에 solve that 무게 문제 하지만 still charger plus Legion is definitely 4 KG+ 그리고 Zephyrus ~와 함께 charger is around 2.8 KG, so what you all think, what should I do? Hang around till Zephyrus G16 launches ~에 buy ~와 함께 RTX 5070TI 또는 just simply get Legion now? Regular 노트북 carrying students please 도움."
"Hi all! So I am looking to get a decent gaming laptop for AA, AAA gaming at 1440p (don't mind DLSS frame gen as long as it's not laggy input. Also, if I am home, I play on a 1440p monitor), and work (light Python coding, Remote Desktoping, scripting/writing and code development - so expecting a decent battery life unplugged). I used to have a MacBook Pro M2 Pro and a desktop PC with RX 7900 XT. But I will be traveling around a lot and wanted to get a gaming laptop instead so that it satisfies both my needs. Is G14 5070 ti a good choice for that? I very occasionally do VR gaming on my quest 3 as well using virtual desktop. I used to hear thermal throttle as a big issue back in the end day, will that still be an issue in 2025? Any other comments or suggestions are appreciated. Thanks a lot!","Hi all! So I am looking ~에 get  decent 게임 노트북 ~을 위한 AA, AAA 게임 at 1440p (don't mind DLSS frame gen as long as it's not laggy input. Also, if I am home, I play on  1440p 모니터), 그리고 작업 (가벼운 Python coding, Remote Desktoping, scripting/writing 그리고 code development - so expecting  decent 배터리 수명 unplugged). I used ~에 have  MacBook Pro M2 Pro 그리고  desktop PC ~와 함께 RX 7900 XT. 하지만 I will be traveling around  lot 그리고 wanted ~에 get  게임 노트북 instead so that it satisfies both my needs. Is G14 5070 ti  좋은 선택 ~을 위한 that? I very occasionally do VR 게임 on my quest 3 as well 사용하는 virtual desktop. I used ~에 hear thermal throttle as  big 문제 back in  end day, will that still be  문제 in 2025? Any other comments 또는 suggestions are appreciated. Thanks  lot!"
"# From Apple Silicon to x86: MacBook Pro 14"" M3 Pro vs Lenovo ThinkBook X AI (13x Gen4) — Real-World Comparison","# From Apple Silicon ~에 x86: MacBook Pro 14"" M3 Pro vs Lenovo ThinkBook X AI (13x Gen4) — Real-World Comparison"
"For the last five years, I've been exclusively using Apple laptops. When the ARM lineup came out, it felt like the perfect solution for me – amazing battery life and solid performance. For the past year and a half, I've been using a **MacBook Pro 14"" M3 Pro (18GB RAM / 512GB SSD)**, mostly for programming in Rust, Python, and TypeScript.","~을 위한  last five 년, I've been exclusively 사용하는 Apple 노트북들. When  ARM lineup came out, it felt 마음에 드는  완벽한 해결책 ~을 위한 me – 놀라운 배터리 수명 그리고 solid 성능. ~을 위한  past year 그리고  half, I've been 사용하는  **MacBook Pro 14"" M3 Pro (18GB RAM / 512GB SSD)**, mostly ~을 위한 programming in Rust, Python, 그리고 TypeScript."
"| MacBook Pro 14"" M3 Pro | $1,875 | 18GB RAM / 512GB SSD (early 2024) |","| MacBook Pro 14"" M3 Pro | $1,875 | 18GB RAM / 512GB SSD (early 2024) |"
**ThinkBook advantages:**,**ThinkBook 장점들:**
**MacBook advantages:**,**MacBook 장점들:**
- **MacBook M3 Pro:** Sometimes stays at room temperature even under load,- **MacBook M3 Pro:** Sometimes stays at room temperature even under load
### MacBook Pro Results,### MacBook Pro Results
**Winner: MacBook Pro (surprisingly)**,**Winner: MacBook Pro (surprisingly)**
"I think it would be more reasonable to compare the ThinkBook with a **MacBook Air 13"" (16GB/512GB)** rather than the Pro model. I plan to do this comparison in a couple of weeks, and expect the differences to be smaller – though I suspect the Air will still demolish the ThinkBook in battery life.","I think it would be more reasonable ~에 compare  ThinkBook ~와 함께  **MacBook Air 13"" (16GB/512GB)** rather than  Pro 모델. I plan ~에 do this comparison in  couple of weeks, 그리고 expect  differences ~에 be smaller – though I suspect  Air will still demolish  ThinkBook in 배터리 수명."
"It seems the Dell product quality has declined over the years and it's better to stay away from the cheap models. The 16 inch models to consider are the Pro 16 Plus, Precision 7680, Inspiron 16 Plus (apparently runs hot and is a cheaper model), Latitude 7650 - the screen specs look a bit weak and has no numpad. XPS is a nice looking computer but doesn't seem to be very reliable and runs hot.","It seems  Dell product 품질 has declined over  년 그리고 it's 더 나은 ~에 stay away from  cheap models.  16 inch models ~에 consider are  Pro 16 Plus, Precision 7680, Inspiron 16 Plus (apparently runs hot 그리고 is  cheaper 모델), Latitude 7650 -  화면 specs look  bit weak 그리고 has no numpad. XPS is  nice looking 컴퓨터 하지만 doesn't seem ~에 be very reliable 그리고 runs hot."
"Galaxy Book5 Pro (14"", Core Ultra 7, 16GB) vs Microsoft Surface pro 11 laptop 256gb 13""?","Galaxy Book5 Pro (14"", Core Ultra 7, 16GB) vs Microsoft Surface pro 11 노트북 256gb 13""?"
"I am very torn between these two laptops and am hoping you guys can help me out with your honest input and insight, the Book5 Pro was the original laptop I was looking at for a while as the new laptop I will inevitablely need to get to replace my current lenovo thats kind of going now and is a 15/16 ish inch which is too big for my liking","I am very torn between these two 노트북들 그리고 am hoping you guys can 도움 me out ~와 함께 your honest input 그리고 insight,  Book5 Pro was  original 노트북 I was looking at ~을 위한  while as  새로운 노트북 I will inevitablely need ~에 get ~에 replace my current lenovo thats kind of going now 그리고 is  15/16 ish inch which is too big ~을 위한 my liking"
The Galaxy Book Pro 5 comes with a free Galaxy tab9 tablet too,Galaxy Book Pro 5 comes ~와 함께  free Galaxy tab9 tablet too
"I am looking for a laptop that is good for/can handle video editing (1080p, not 4k, but STILL), 3d rendering, and photo editing. Budget is $850. I am thinking of getting a refurbished M1 Pro 16-core GPU, 32 GB RAM, 512 GB SSD (I can store my data externally, but im not worried about that) for $837 on eBay (it has a 1-year warranty and 30-day returns). But I was thinking about a Windows laptop. I currently have a hand-me-down 2019 Macbook Pro 16-inch 32 GB 1TB SSD that has horrible battery life (it has 1200 charge cycles; needs to be replaced for $140) and overheating issues (fans are loud by just loading up Chrome and Brave (I use Brave but also use Chrome for other tasks). Windows laptops don’t have good battery life, but honestly, I think I might get more perf/dollar.","I am looking ~을 위한  노트북 that is 좋은 ~을 위한/can handle 비디오 편집 (1080p, not 4k, 하지만 STILL), 3d rendering, 그리고 사진 편집. 예산 is $850. I am thinking of getting  refurbished M1 Pro 16-core GPU, 32 GB RAM, 512 GB SSD (I can store my data externally, 하지만 im not worried about that) ~을 위한 $837 on eBay (it has  1-year warranty 그리고 30-day returns). 하지만 I was thinking about  Windows 노트북. I currently have  hand-me-down 2019 Macbook Pro 16-inch 32 GB 1TB SSD that has horrible 배터리 수명 (it has 1200 충전 cycles; needs ~에 be replaced ~을 위한 $140) 그리고 overheating issues (fans are loud by just loading up Chrome 그리고 Brave (I 사용 Brave 하지만 also 사용 Chrome ~을 위한 other tasks). Windows 노트북들 don’t have 좋은 배터리 수명, 하지만 honestly, I think I might get more perf/dollar."
Samsung Galaxy Book5 Pro 360,Samsung Galaxy Book5 Pro 360
"*The next HWInfo, CPU-Z, Task Manager, and RyzenAdj tests — whose results I will share — were all performed on a Windows 10 Pro Version 1903, OS Build 18362.30*","* next HWInfo, CPU-Z, Task Manager, 그리고 RyzenAdj tests — whose results I will share — were all performed on  Windows 10 Pro 버전 1903, OS Build 18362.30*"
"Upgrade, or try to fix and/or live with it? [Legion Pro 5 16ARX8]","업그레이드, 또는 try ~에 수정 그리고/또는 live ~와 함께 it? [Legion Pro 5 16ARX8]"
"Hey there! I bought a Legion Pro 5 16ARX8 (82WM0006US) just over two years ago. It's been great, but recently it's starting to accumulate some wear/issues and I'm wondering if 1) it's new enough that I should get it fixed and live with whatever can't be repaired, or 2) upgrade to something new?","Hey there! I bought  Legion Pro 5 16ARX8 (82WM0006US) just over two 년 ago. It's been 훌륭한, 하지만 recently it's starting ~에 accumulate some wear/issues 그리고 I'm wondering if 1) it's 새로운 enough that I should get it fixed 그리고 live ~와 함께 whatever can't be repaired, 또는 2) 업그레이드 ~에 something 새로운?"
"I've been thinking of upgrading to a newer Legion 5 Pro (maybe the new [Gen 10](https://www.lenovo.com/us/en/p/laptops/legion-laptops/legion-pro-series/legion-pro-5-gen-10-16-inch-amd/83ltcto1wwus1)?) or an Asus ROG Zephyrus, either the [G16](https://www.rtings.com/laptop/reviews/asus/rog-zephyrus-g16-2024-gu605) or maybe something more compact for traveling like the [G14](https://www.bestbuy.com/site/asus-rog-zephyrus-g14-14-3k-oled-120hz-gaming-laptop-copilot-pc-amd-ryzen-ai-9-hx-32gb-ram-nvidia-rtx-5070-ti-1tb-platinum-white/6613954.p?skuId=6613954&sb_share_source=PDP). Open to other ideas! But the hitch is whether it's worth the $2-3k after just 2 years with the current one...","I've been thinking of upgrading ~에  newer Legion 5 Pro (maybe  새로운 [Gen 10](https://www.lenovo.com/us/en/p/노트북들/legion-노트북들/legion-pro-series/legion-pro-5-gen-10-16-inch-amd/83ltcto1wwus1)?) 또는  Asus ROG Zephyrus, either  [G16](https://www.rtings.com/노트북/reviews/asus/rog-zephyrus-g16-2024-gu605) 또는 maybe something more compact ~을 위한 traveling 마음에 드는  [G14](https://www.bestbuy.com/site/asus-rog-zephyrus-g14-14-3k-oled-120hz-게임-노트북-copilot-pc-amd-ryzen-ai-9-hx-32gb-RAM-nvidia-rtx-5070-ti-1tb-platinum-white/6613954.p?skuId=6613954&sb_share_source=PDP). Open ~에 other ideas! 하지만  hitch is whether it's worth  $2-3k after just 2 년 ~와 함께  current one..."
Operating system: Windows 11 Pro preinstalled,Operating system: Windows 11 Pro preinstalled
"I spent some time researching but got a bit overwhelmed. These are the ones I thought were good enough so far. All of them are refurbished except for the IdeaPad Pro 5i Gen 10 (16"" Intel). Which one would you go for?","I spent some time researching 하지만 got  bit overwhelmed. These are  ones I thought were 좋은 enough so far. All of them are refurbished except ~을 위한  IdeaPad Pro 5i Gen 10 (16"" Intel). Which one would you go ~을 위한?"
"2. **Apple MacBook Pro 15"" Retina (Mid-2015, Model A1389 EMC 2910)**","2. **Apple MacBook Pro 15"" Retina (Mid-2015, 모델 A1389 EMC 2910)**"
"I know the differences between these laptops, and that's exactly why I can't decide. The S14 is thinner - although not by much-, has more battery life and from what I have seen from reviews, has a slightly better build quality. That's all of the stuff I need but its processor has 8 cores which helps with efficiency and battery life but I'm unsure if I would need the 16 cores of the Ultra 9. The only advantage the 14 has over the S14 for me is the processor.","I know  differences between these 노트북들, 그리고 that's exactly why I can't decide.  S14 is thinner - although not by much-, has more 배터리 수명 그리고 from what I have seen from reviews, has  slightly 더 나은 제작 품질. That's all of  stuff I need 하지만 its processor has 8 cores which helps ~와 함께 efficiency 그리고 배터리 수명 하지만 I'm unsure if I would need  16 cores of  Ultra 9.  only advantage  14 has over  S14 ~을 위한 me is  processor."
"Lenovo ThinkPad T14s Gen 4 21F8 - 180-degree hinge design - AMD Ryzen 7 Pro - 7840U up to 5.1 GHz - Windows 11 Pro - Radeon 780M - 16 GB RAM - 512 GB SSD TCG Opal Encryption 2, NVMe, Performance - 14"" IPS touchscreen 1920 x 1200 - 802.11a/b/g/n/ac/ax (Wi-Fi 6E) - deep black - kbd: English","Lenovo ThinkPad T14s Gen 4 21F8 - 180-degree hinge 디자인 - AMD Ryzen 7 Pro - 7840U up ~에 5.1 GHz - Windows 11 Pro - Radeon 780M - 16 GB RAM - 512 GB SSD TCG Opal Encryption 2, NVMe, 성능 - 14"" IPS 터치스크린 1920 x 1200 - 802.11a/b/g/n/ac/ax (Wi-Fi 6E) - deep black - kbd: English"
IdeaPad Pro 5i Ultra 9 285H – Arc 140T vs RTX 5050… worth the jump?,IdeaPad Pro 5i Ultra 9 285H – Arc 140T vs RTX 5050… worth  jump?
I’m torn between two configs of the new Lenovo IdeaPad Pro 5i (16″) and could use some real-world feedback:,I’m torn between two configs of  새로운 Lenovo IdeaPad Pro 5i (16″) 그리고 could 사용 some real-world feedback:
"Since it's a laptop for school, I need a battery that can last at least 7 hours. I've heard that AMD processors are good in that category. I'm not using any specific software, just Notion to write down my notes in class and some other light activities. I want a reasonable processor that I can use for more than a year before it becomes unusable. My budget is a maximum of 800 euros. It seems like a reasonable price for a good laptop. I would appreciate it if the RAM and SSD slots were changeable so that I could upgrade or repair it more easily in the future. I don't think a high-quality screen fits in the budget, so I'm okay with a basic one. A sturdier laptop would be appreciated because you never know what might happen to it. Size doesn't really matter, but I'm not sure if a 16-inch screen is too big. I looked at some models, like the Lenovo ThinkPad E16/14 G2/G6 AMD, because they seem sturdy and have many ports and a good-enough battery. I have also looked at the Dell Pro 14 PC14255 and the Lenovo IdeaPad Slim 5 16AKP10. The former has a better CPU, but the latter looks like it could easily get damaged. I can't decide, so I wanted to ask you guys for help.","Since it's  노트북 ~을 위한 school, I need  배터리 that can last at least 7 시간. I've heard that AMD processors are 좋은 in that category. I'm not 사용하는 any specific software, just Notion ~에 write down my notes in class 그리고 some other 가벼운 activities. I want  reasonable processor that I can 사용 ~을 위한 more than  year before it becomes unusable. My 예산 is  maximum of 800 euros. It seems 마음에 드는  reasonable 가격 ~을 위한  좋은 노트북. I would appreciate it if  RAM 그리고 SSD slots were changeable so that I could 업그레이드 또는 repair it more easily in  future. I don't think  high-품질 화면 fits in  예산, so I'm okay ~와 함께  basic one.  sturdier 노트북 would be appreciated because you never know what might happen ~에 it. Size doesn't really matter, 하지만 I'm not sure if  16-inch 화면 is too big. I looked at some models, 마음에 드는  Lenovo ThinkPad E16/14 G2/G6 AMD, because they seem sturdy 그리고 have many 포트들 그리고  좋은-enough 배터리. I have also looked at  Dell Pro 14 PC14255 그리고  Lenovo IdeaPad 슬림한 5 16AKP10.  former has  더 나은 CPU, 하지만  latter looks 마음에 드는 it could easily get damaged. I can't decide, so I wanted ~에 ask you guys ~을 위한 도움."
"2. Used/refurb: Yes, I’m mainly looking at used MacBook Pro 14"".","2. Used/refurb: Yes, I’m mainly looking at used MacBook Pro 14""."
"MacBook Pro 14"" with M1 Pro, M2 Pro, or M3 Pro.","MacBook Pro 14"" ~와 함께 M1 Pro, M2 Pro, 또는 M3 Pro."
"Is the jump to M3 Pro worth paying extra, or is the M1 Pro still a solid choice in 2025?","Is  jump ~에 M3 Pro worth paying extra, 또는 is  M1 Pro still  solid 선택 in 2025?"
"i have an idea pad 5, the model is IdeaPad5 Pro 16IHU6, it has 8gb of ram i understand that in 2025 8gb is not much anymore but 1 yaer ago when i started using this laptop it ran smoothly, now it even starts to freeze JUST PLAYING A YOUTUBE VIDEO. this happens even if i restart it and its the only tab open, its so anoying. I dont have mcafee or any other program that tanks the performance at least I think. Please help this is so frustrating.","i have  idea pad 5,  모델 is IdeaPad5 Pro 16IHU6, it has 8gb of RAM i understand that in 2025 8gb is not much anymore 하지만 1 yaer ago when i started 사용하는 this 노트북 it ran smoothly, now it even starts ~에 freeze JUST PLAYING  YOUTUBE VIDEO. this happens even if i restart it 그리고 its  only tab open, its so anoying. I dont have mcafee 또는 any other program that tanks  성능 at least I think. Please 도움 this is so frustrating."
"As someone who has to do a lot of writing I like the keyboard and trackpad a lot. Very nice tactile feel. Definitely on par with the Macbook Pro M1 I used at work, or better. The Tidal Teal color is gorgeous, the build quality is nice, the sound quality is surprisingly good too, the hinges look stable, the performance is snappy, and the FHD OLED touch display is good enough for me. The fan can not be overheard under heavy loads, but it‘s definitely not a noisy machine overall and the fan stayed quiet most of the time.","As someone who has ~에 do  lot of writing I 마음에 드는  키보드 그리고 트랙패드  lot. Very nice tactile feel. Definitely on par ~와 함께  Macbook Pro M1 I used at 작업, 또는 더 나은.  Tidal Teal 색상 is gorgeous,  제작 품질 is nice,  sound 품질 is surprisingly 좋은 too,  hinges look stable,  성능 is snappy, 그리고  FHD OLED 터치 디스플레이 is 좋은 enough ~을 위한 me.  fan can not be overheard under heavy loads, 하지만 it‘s definitely not  noisy 기계 overall 그리고  fan stayed quiet most of  time."
"But I’m a bit unsure about the battery life, which is a big deal for me. I want to be able to use the laptop unplugged for at least ten hours. That’s something I consistently got with the MacBook Pro M1. I never saw the crazy 20+ hours of battery life some Apple enthusiasts claim to get with their Apple Silicon MacBooks—that’s probably only possible if you avoid multiple browser tabs, skip PowerPoint and Excel, don‘t use music production software (which can be pretty CPU-intensive), and basically don’t do any real work. Still, it did let me go for ten solid hours. So yeah, I’d be happy with ten hours of battery life while actually getting stuff done.","하지만 I’m  bit unsure about  배터리 수명, which is  big deal ~을 위한 me. I want ~에 be able ~에 사용  노트북 unplugged ~을 위한 at least ten 시간. That’s something I consistently got ~와 함께  MacBook Pro M1. I never saw  crazy 20+ 시간 of 배터리 수명 some Apple enthusiasts claim ~에 get ~와 함께 their Apple Silicon MacBooks—that’s probably only possible if you avoid multiple browser tabs, skip PowerPoint 그리고 Excel, don‘t 사용 music production software (which can be pretty CPU-intensive), 그리고 basically don’t do any real 작업. Still, it did let me go ~을 위한 ten solid 시간. So yeah, I’d be 만족하는 ~와 함께 ten 시간 of 배터리 수명 while actually getting stuff done."
"I’d like to get a MacBook (current MacBook Pro M4 Pro looks great), but I’m not used to macOS and I enjoy really tinkering/customizing my computer, so I’m afraid it might limit me too much.","I’d 마음에 드는 ~에 get  MacBook (current MacBook Pro M4 Pro looks 훌륭한), 하지만 I’m not used ~에 macOS 그리고 I enjoy really tinkering/customizing my 컴퓨터, so I’m afraid it might limit me too much."
"I have had the same Macbook Pro (2017) for about 7 years now. It has served me well, but the battery is finally giving out and it's time for a new laptop. I have been really wanting the new 2025 Macbook Air, as I am looking for something lighter and slightly smaller than my current brick-heavy Macbook Pro. All of my other devices are also Apple, so I love that I am able to text from my laptop and keep all of my devices seamless. However, because I am in grad school, I constantly use Google Chrome for google docs, sheets, drive, etc. I believe this significantly cuts into battery life on Macs. I don't use my laptop for any graphic design or gaming, but I am frequently multitasking between multiple documents, slideshows and articles with multiple tabs/windows open at any given time. I have heard some say that Windows laptops are much better for tasks like this. So, what should I do? Should I stay with the Mac OS that I know and love, or switch to Windows for potentially better performance?","I have had  same Macbook Pro (2017) ~을 위한 about 7 년 now. It has served me well, 하지만  배터리 is finally giving out 그리고 it's time ~을 위한  새로운 노트북. I have been really wanting  새로운 2025 Macbook Air, as I am looking ~을 위한 something lighter 그리고 slightly smaller than my current brick-heavy Macbook Pro. All of my other devices are also Apple, so I 좋아하는 that I am able ~에 text from my 노트북 그리고 keep all of my devices seamless. However, because I am in grad school, I constantly 사용 Google Chrome ~을 위한 google docs, sheets, drive, etc. I believe this significantly cuts into 배터리 수명 on Macs. I don't 사용 my 노트북 ~을 위한 any graphic 디자인 또는 게임, 하지만 I am frequently multitasking between multiple documents, slideshows 그리고 articles ~와 함께 multiple tabs/windows open at any given time. I have heard some say that Windows 노트북들 are much 더 나은 ~을 위한 tasks 마음에 드는 this. So, what should I do? Should I stay ~와 함께  Mac OS that I know 그리고 좋아하는, 또는 switch ~에 Windows ~을 위한 potentially 더 나은 성능?"
1. ASUS Vivobook Pro 15 OLED N6506MV-MA004W Intel Core Ultra 9-185H /24GB RAM/1TB SSD/NVIDIA GeForce RTX 4060 8GB/15.6 3K(2880x1620) OLED 120Hz/Winodws 11 Home - Earl Grey,1. ASUS Vivobook Pro 15 OLED N6506MV-MA004W Intel Core Ultra 9-185H /24GB RAM/1TB SSD/NVIDIA GeForce RTX 4060 8GB/15.6 3K(2880x1620) OLED 120Hz/Winodws 11 Home - Earl Grey
"5.Lenovo Legion Pro 5i 16"" LCD Gaming Laptop WQXGA 165Hz Intel Core i7-13700HX 32GB RAM 1TB SSD NVIDIA GeForce RTX 4060 8GB Windows 11","5.Lenovo Legion Pro 5i 16"" LCD 게임 노트북 WQXGA 165Hz Intel Core i7-13700HX 32GB RAM 1TB SSD NVIDIA GeForce RTX 4060 8GB Windows 11"
im looking mainly at the vivobook pro 15 oled since it fits all citerias and the zephyrus 2023. The zephyrus has a bad screen tho which is the only turn off. The gigabyte is not on amazon but is also one of my top pics. Thank you for your time.,im looking mainly at  vivobook pro 15 oled since it fits all citerias 그리고  zephyrus 2023.  zephyrus has  bad 화면 tho which is  only turn off.  gigabyte is not on amazon 하지만 is also one of my top pics. Thank you ~을 위한 your time.
"Ps: I heard Lenovo Legion is good. If that's true, what's the pros and cons.","Ps: I heard Lenovo Legion is 좋은. If that's true, what's  장점 그리고 cons."
"So I bought a Samsung book5 pro 360 (Intel core 7 ultra) ( https://www.samsung.com/es/computers/galaxy-book/galaxy-book5-pro-360-16-inch-ultra-7-16gb-1tb-np960qha-kg2es/ ) earlier in January, it's absolutely perfect for college and works surprisingly well with less demanding games. I have a ps5 and NS2 but I wanna know if it's worth it to buy demanding games like God of war, Elden Ring or even cyberpunk in pc to use 3rd party controllers. I want to expand my steam library, but since I have consoles I don't wanna waste money on worse graphics and performance if I had better hardware","So I bought  Samsung book5 pro 360 (Intel core 7 ultra) ( https://www.samsung.com/es/computers/galaxy-book/galaxy-book5-pro-360-16-inch-ultra-7-16gb-1tb-np960qha-kg2es/ ) earlier in January, it's absolutely 완벽한 ~을 위한 college 그리고 works surprisingly well ~와 함께 less demanding games. I have  ps5 그리고 NS2 하지만 I wanna know if it's worth it ~에 buy demanding games 마음에 드는 God of war, Elden Ring 또는 even cyberpunk in pc ~에 사용 3rd party controllers. I want ~에 expand my steam library, 하지만 since I have consoles I don't wanna waste 돈 on worse graphics 그리고 성능 if I had 더 나은 hardware"
"That’s why I’m considering building a docking station for the Thunderbolt port, allowing me to connect a desktop graphics card at home (spare rtx 2070 super). This way, I could use the laptop for everyday tasks on the go, and take advantage of the GPU for gaming and other demanding tasks when I’m at my desk.","That’s why I’m considering building  docking station ~을 위한  Thunderbolt 포트, allowing me ~에 connect  desktop graphics card at home (spare rtx 2070 super). This way, I could 사용  노트북 ~을 위한 everyday tasks on  go, 그리고 take advantage of  GPU ~을 위한 게임 그리고 other demanding tasks when I’m at my desk."
* Slick design and solid build quality—I’ve only heard good things about HP from friends and Officeworks reviews seem positive.,* Slick 디자인 그리고 solid 제작 품질—I’ve only heard 좋은 things about HP from friends 그리고 Officeworks reviews seem positive.
https://www.currys.co.uk/products/lenovo-yoga-pro-9-16-laptop-intel-core-ultra-7-1-tb-ssd-teal-10260138.html,https://www.currys.co.uk/products/lenovo-yoga-pro-9-16-노트북-intel-core-ultra-7-1-tb-SSD-teal-10260138.html
"Macbook Pro M3 Max (40-core GPU, 48GB, 1Tb) vs Asus ROG Zephyrus g16 (Intel i9 285H, RTX 5070 Ti, 32 GB Ram)","Macbook Pro M3 Max (40-core GPU, 48GB, 1Tb) vs Asus ROG Zephyrus g16 (Intel i9 285H, RTX 5070 Ti, 32 GB RAM)"
[https://www.bestbuy.com/site/apple-macbook-pro-16-laptop-m3-max-chip-built-for-apple-intelligence-48gb-memory-40-core-gpu-1tb-ssd-space-black/6534612.p?skuId=6534612](https://www.bestbuy.com/site/apple-macbook-pro-16-laptop-m3-max-chip-built-for-apple-intelligence-48gb-memory-40-core-gpu-1tb-ssd-space-black/6534612.p?skuId=6534612),[https://www.bestbuy.com/site/apple-macbook-pro-16-노트북-m3-max-chip-built-~을 위한-apple-intelligence-48gb-메모리-40-core-gpu-1tb-SSD-space-black/6534612.p?skuId=6534612](https://www.bestbuy.com/site/apple-macbook-pro-16-노트북-m3-max-chip-built-~을 위한-apple-intelligence-48gb-메모리-40-core-gpu-1tb-SSD-space-black/6534612.p?skuId=6534612)
"So had recently purchased a refurbished MacBook Pro M4 Pro (48 Gigs, 2 TB  Hard Drive). Screen had a couple scratches in the glass and some issues with the panel (They said it was likely a result of shipping.) So I returned it with plans of buying another one refurbished since you cant just exchange it because of it being refurbished. But nothing was showing that was either in my budget or had the ram or hard drive space I wanted. So this week I purchased from Best Buy the Asus ROG Zephyrus 16.","So had recently purchased  refurbished MacBook Pro M4 Pro (48 Gigs, 2 TB  하드드라이브). 화면 had  couple scratches in  glass 그리고 some issues ~와 함께  panel (They said it was likely  result of shipping.) So I returned it ~와 함께 plans of buying another one refurbished since you cant just exchange it because of it being refurbished. 하지만 nothing was showing that was either in my 예산 또는 had  RAM 또는 하드드라이브 space I wanted. So this week I purchased from 최고의 Buy  Asus ROG Zephyrus 16."
[https://www.bestbuy.com/site/apple-macbook-pro-16-laptop-m3-max-chip-built-for-apple-intelligence-48gb-memory-40-core-gpu-1tb-ssd-space-black/6534612.p?skuId=6534612](https://www.bestbuy.com/site/apple-macbook-pro-16-laptop-m3-max-chip-built-for-apple-intelligence-48gb-memory-40-core-gpu-1tb-ssd-space-black/6534612.p?skuId=6534612),[https://www.bestbuy.com/site/apple-macbook-pro-16-노트북-m3-max-chip-built-~을 위한-apple-intelligence-48gb-메모리-40-core-gpu-1tb-SSD-space-black/6534612.p?skuId=6534612](https://www.bestbuy.com/site/apple-macbook-pro-16-노트북-m3-max-chip-built-~을 위한-apple-intelligence-48gb-메모리-40-core-gpu-1tb-SSD-space-black/6534612.p?skuId=6534612)
Adobe express Adobe premier pro Adobe photoshop Adobe lightroom,Adobe express Adobe premier pro Adobe photoshop Adobe lightroom
Galaxy book 4 pro 360,Galaxy book 4 pro 360
Temperature Issue on Lenovo Legion 5i Pro Gen 7,Temperature 문제 on Lenovo Legion 5i Pro Gen 7
MacBook Pro M4 16GB vs MacBook Air M4 24GB for CS/CE Student — Need Detailed Advice,MacBook Pro M4 16GB vs MacBook Air M4 24GB ~을 위한 CS/CE Student — Need Detailed Advice
"•	MacBook Pro M4: 16GB RAM, 512GB SSD, 10-core CPU, 10-core GPU","•	MacBook Pro M4: 16GB RAM, 512GB SSD, 10-core CPU, 10-core GPU"
MacBook Pro 14: M2 Pro or M2 Max?,MacBook Pro 14: M2 Pro 또는 M2 Max?
"Hi everyone, as much of a diehard ASUS Laptop fan, I've come to the conclusion to purchase a 14 inch M2 MacBook Pro 14.","Hi everyone, as much of  diehard ASUS 노트북 fan, I've come ~에  conclusion ~에 purchase  14 inch M2 MacBook Pro 14."
"Now the question is, M2 Pro or M2 Max? Does the M2 Max thermal throttle in the 14 inch chassis?","Now  question is, M2 Pro 또는 M2 Max? Does  M2 Max thermal throttle in  14 inch chassis?"
So here’s the idea: add new heatpipes and connect them to the existing heatsinks to support the current ones. Others have already done this with significantly positive results.,So here’s  idea: add 새로운 heatpipes 그리고 connect them ~에  existing heatsinks ~에 지원  current ones. Others have already done this ~와 함께 significantly positive results.
"Recommendations? Are these overkill, and one of the creator series like MSI CreatorPro or","Recommendations? Are these overkill, 그리고 one of  creator series 마음에 드는 MSI CreatorPro 또는"
"|**Processor**|Ryzen 5 5500U (Zen 2, 6c/12t)|Ryzen 5 Pro 5650U (Zen 3, 6c/12t)|","|**Processor**|Ryzen 5 5500U (Zen 2, 6c/12t)|Ryzen 5 Pro 5650U (Zen 3, 6c/12t)|"
Curious if anyone here has found something that consistently holds up  especially during long Premiere Pro or DaVinci exports?,Curious if anyone here has found something that consistently holds up  especially during long Premiere Pro 또는 DaVinci exports?
M4 Macbook Pro is not detecting external display!,M4 Macbook Pro is not detecting external 디스플레이!
"The connector lined up perfectly — 4 positive wires on the left, 4 negative on the right — so it plugged right in. But the upgrade required some changes:","connector lined up perfectly — 4 positive wires on  left, 4 negative on  right — so it plugged right in. 하지만  업그레이드 required some changes:"
"•	If you don’t want to use the mounts, high-strength double-sided tape also works.","•	If you don’t want ~에 사용  mounts, high-strength double-sided tape also works."
•	Prints in four interlocking parts for strength and to fit smaller print beds.,•	Prints in four interlocking parts ~을 위한 strength 그리고 ~에 fit smaller print beds.
Razer Blade Pro 17 Display Issue,Razer Blade Pro 17 디스플레이 문제
"Compared to my aging HP, which lasts about 4–5 hours now, this is a major win. For comparison, the [HP Dragonfly Pro ](https://www.aboutchromebooks.com/hp-dragonfly-pro-chromebook-review-the-pixelbook-of-2023/)from 2023 with an i5 is the worst battery life I ever had on a high powered Chromebook that gave me a max of 3 hours. That thing didn’t last the weekend before it went back.","Compared ~에 my aging HP, which lasts about 4–5 시간 now, this is  major win. ~을 위한 comparison,  [HP Dragonfly Pro ](https://www.aboutchromebooks.com/hp-dragonfly-pro-chromebook-review--pixelbook-of-2023/)from 2023 ~와 함께  i5 is  worst 배터리 수명 I ever had on  high powered Chromebook that gave me  max of 3 시간. That thing didn’t last  weekend before it went back."
"The HP DragonFly Pro was also hyped up to have amazing speakers, but again, good for a chrombook, but in real-world usage, they are just ok.","HP DragonFly Pro was also hyped up ~에 have 놀라운 speakers, 하지만 again, 좋은 ~을 위한  chrombook, 하지만 in real-world usage, they are just ok."
[https://uniway.ca/collections/products/products/copy-of-thinkpad-x390-yoga-2-in-1-laptop-13-3in-fhd-1920x1080-touchscreen-intel-core-i5-8350u-8gb-ddr4-256-gb-solid-state-drive-windows-11-pro-condition-b](https://uniway.ca/collections/products/products/copy-of-thinkpad-x390-yoga-2-in-1-laptop-13-3in-fhd-1920x1080-touchscreen-intel-core-i5-8350u-8gb-ddr4-256-gb-solid-state-drive-windows-11-pro-condition-b),[https://uniway.ca/collections/products/products/copy-of-thinkpad-x390-yoga-2-in-1-노트북-13-3in-fhd-1920x1080-터치스크린-intel-core-i5-8350u-8gb-ddr4-256-gb-solid-state-drive-windows-11-pro-condition-b](https://uniway.ca/collections/products/products/copy-of-thinkpad-x390-yoga-2-in-1-노트북-13-3in-fhd-1920x1080-터치스크린-intel-core-i5-8350u-8gb-ddr4-256-gb-solid-state-drive-windows-11-pro-condition-b)
"Hi! This is my first time posting so apologies if I don't do something right. I'm looking to buy a gaming laptop, or a regular one if those work for sims 4. I'm not a big gamer, I only play sims 4 but I have all expansions, and the tablet I currently play on, has run out of storage. I'm currently using a Surface Pro 7+. It has 8gb RAM and 128gb Storage. I need a laptop that will give me enough room to grow my game over the coming years as well as have space for CC. I would like a number pad with a 13-16"" screen. My budget is about $900 total. I found 2 that seem good, 1 was an option best buy advice gave me, I just don't know if for my needs I should be spending my full budget. The 2nd I just found but I could really use some help, advice, pros cons between the 2. or If there is another laptop I should be looking at please tell me! Below are the links to the 2 Im looking at. Any help would be insanely appreciated!!","Hi! This is my first time posting so apologies if I don't do something right. I'm looking ~에 buy  게임 노트북, 또는  regular one if those 작업 ~을 위한 sims 4. I'm not  big gamer, I only play sims 4 하지만 I have all expansions, 그리고  tablet I currently play on, has run out of 저장장치. I'm currently 사용하는  Surface Pro 7+. It has 8gb RAM 그리고 128gb 저장장치. I need  노트북 that will give me enough room ~에 grow my game over  coming 년 as well as have space ~을 위한 CC. I would 마음에 드는  number pad ~와 함께  13-16"" 화면. My 예산 is about $900 total. I found 2 that seem 좋은, 1 was  옵션 최고의 buy advice gave me, I just don't know if ~을 위한 my needs I should be spending my full 예산.  2nd I just found 하지만 I could really 사용 some 도움, advice, 장점 cons between  2. 또는 If there is another 노트북 I should be looking at please tell me! Below are  links ~에  2 Im looking at. Any 도움 would be insanely appreciated!!"
I am trying to pick between these two and they definitely have their pros and cons for me. I like the screen on the 14 inch but the internals are better on the 16. Could someone help me pick or maybe a better alternative?,I am trying ~에 pick between these two 그리고 they definitely have their 장점 그리고 cons ~을 위한 me. I 마음에 드는  화면 on  14 inch 하지만  internals are 더 나은 on  16. Could someone 도움 me pick 또는 maybe  더 나은 alternative?
The reason for my upgrade is my current laptop is a MacBook Pro that’s from 2016 so I’m no longer able to update it and the battery life is nonexistent and I pretty much need to keep it plugged into the wall like a PC.,reason ~을 위한 my 업그레이드 is my current 노트북 is  MacBook Pro that’s from 2016 so I’m no longer able ~에 update it 그리고  배터리 수명 is nonexistent 그리고 I pretty much need ~에 keep it plugged into  wall 마음에 드는  PC.
"Hello everyone, I am trying to upgrade my laptop because I have been using a run-down Chromebook for about 2 years now. It was passed down to me by my brother and is like 10 years old. I recently bought an ASUS 2 in 1 Vivobook for about $899.99 pre-tax and have some time before I can return it if I change my mind, so I wanted to get some advice on whether I can get something better. I have listed my personal opinion about the pros and cons of the Vivobook below, and some ""ideal"" specs. I honestly don't really know much, but I was just hoping I could get some advice.","Hello everyone, I am trying ~에 업그레이드 my 노트북 because I have been 사용하는  run-down Chromebook ~을 위한 about 2 년 now. It was passed down ~에 me by my brother 그리고 is 마음에 드는 10 년 오래된. I recently bought  ASUS 2 in 1 Vivobook ~을 위한 about $899.99 pre-tax 그리고 have some time before I can return it if I change my mind, so I wanted ~에 get some advice on whether I can get something 더 나은. I have listed my personal opinion about  장점 그리고 cons of  Vivobook below, 그리고 some ""ideal"" specs. I honestly don't really know much, 하지만 I was just hoping I could get some advice."
\-- PROS --,\-- 장점 --
MSI Stealth 16 vs Omen 16 vs Legion 5 vs Legion Pro 16,MSI Stealth 16 vs Omen 16 vs Legion 5 vs Legion Pro 16
"Lenovo Legion Pro 16 16IRX8 Intel Core I9-13900HX/64GB/1TB SSD/16″ WQXGA 165 Hz/RTX 4060 8GB (La que nunca calienta y que viene con todo lo mas bajo, gestion termica impecable)","Lenovo Legion Pro 16 16IRX8 Intel Core I9-13900HX/64GB/1TB SSD/16″ WQXGA 165 Hz/RTX 4060 8GB (La que nunca calienta y que viene con todo lo mas bajo, gestion termica impecable)"
Acer Aspire 7 Pros and Cons,Acer Aspire 7 장점 그리고 Cons
"so im thinking to buy the acer aspire 7 rtx 3050 and i5 12th gen (specificly this one -https://www.flipkart.com/acer-aspire-7-intel-core-i5-12th-gen-12450h-16-gb-512-gb-ssd-windows-11-home-4-graphics-nvidia-geforce-rtx-3050-144-hz-a715-76g-548j-gaming-laptop/p/itm20708ce5793f7?pid=COMGP8QVTK3EQDXE&lid=LSTCOMGP8QVTK3EQDXEKW8XW5&marketplace=FLIPKART&q=acer+aspire+7&store=6bo%2Fb5g&srno=s\_1\_5&otracker=AS\_QueryStore\_OrganicAutoSuggest\_1\_7\_na\_na\_na&otracker1=AS\_QueryStore\_OrganicAutoSuggest\_1\_7\_na\_na\_na&fm=organic&iid=5aa371dd-cdc8-497d-a243-25c2cdab2bc7.COMGP8QVTK3EQDXE.SEARCH&ppt=pp&ppn=pp&ssid=ook0vhqueo0000001751478873309&qH=8b5d26a924ee876e) and i saw some reviews but they dont tell many things about this laptop,they just tell its review and gaming benchmarks and on different videos the laptop performs differently,so if anyone could tell its pro and cons in detail pls reply,also my main tasks are gaming+3d animating(not very heavy) and study purposes.","so im thinking ~에 buy  acer aspire 7 rtx 3050 그리고 i5 12th gen (specificly this one -https://www.flipkart.com/acer-aspire-7-intel-core-i5-12th-gen-12450h-16-gb-512-gb-SSD-windows-11-home-4-graphics-nvidia-geforce-rtx-3050-144-hz-a715-76g-548j-게임-노트북/p/itm20708ce5793f7?pid=COMGP8QVTK3EQDXE&lid=LSTCOMGP8QVTK3EQDXEKW8XW5&marketplace=FLIPKART&q=acer+aspire+7&store=6bo%2Fb5g&srno=s\_1\_5&otracker=AS\_QueryStore\_OrganicAutoSuggest\_1\_7\_na\_na\_na&otracker1=AS\_QueryStore\_OrganicAutoSuggest\_1\_7\_na\_na\_na&fm=organic&iid=5aa371dd-cdc8-497d-a243-25c2cdab2bc7.COMGP8QVTK3EQDXE.SEARCH&ppt=pp&ppn=pp&ssid=ook0vhqueo0000001751478873309&qH=8b5d26a924ee876e) 그리고 i saw some reviews 하지만 they dont tell many things about this 노트북,they just tell its review 그리고 게임 benchmarks 그리고 on different videos  노트북 performs differently,so if anyone could tell its pro 그리고 cons in detail pls reply,also my main tasks are 게임+3d animating(not very heavy) 그리고 study purposes."
So i've been choosing to purchase between these two beasts and really i am having a real hard time to choose. So i'll break down the key point advantages of each afaik and below are the questions i have:,So i've been choosing ~에 purchase between these two beasts 그리고 really i am having  real hard time ~에 choose. So i'll break down  key point 장점들 of each afaik 그리고 below are  questions i have:
Advantage:,Advantage:
"5. So in terms of long term use, is it better to take the better build and cooling of the Legion 7 over all the advantages and better performance of the SCAR 17 SE?","5. So in terms of long term 사용, is it 더 나은 ~에 take  더 나은 build 그리고 cooling of  Legion 7 over all  장점들 그리고 더 나은 성능 of  SCAR 17 SE?"
"I've been looking at a lot of review videos but they all seem to be more than serviceable based on the videos, which makes it really hard to just decide on one. I was hoping you guys would be able to help me pick one or figure out the pros and cons as compared to the other laptops in this list","I've been looking at  lot of review videos 하지만 they all seem ~에 be more than serviceable based on  videos, which makes it really hard ~에 just decide on one. I was hoping you guys would be able ~에 도움 me pick one 또는 figure out  장점 그리고 cons as compared ~에  other 노트북들 in this list"
"I'm still unsure about buying the Huawei MateBook D16 laptop. It has a 12th-generation Intel Core i5-12450H, 1TB SSD, and 16GB RAM. It's very good, but I don't know if it's worth it for its price ($883). The good thing is that it comes with a 15-month interest-free. I want it for studying, programming, and occasionally playing Valorant, although the latter isn't completely necessary. Do you think I should go for a higher-priced laptop, or do you think there are better laptops for a lower price?","I'm still unsure about buying  Huawei MateBook D16 노트북. It has  12th-generation Intel Core i5-12450H, 1TB SSD, 그리고 16GB RAM. It's very 좋은, 하지만 I don't know if it's worth it ~을 위한 its 가격 ($883).  좋은 thing is that it comes ~와 함께  15-month interest-free. I want it ~을 위한 studying, programming, 그리고 occasionally playing Valorant, although  latter isn't completely necessary. Do you think I should go ~을 위한  higher-priced 노트북, 또는 do you think there are 더 나은 노트북들 ~을 위한  lower 가격?"
Pros:,장점:
Pros:,장점:
Pros:,장점:
Pros:,장점:
"1) Samsung Book5 Pro- I've had Galaxy phones forever, so I thought the whole same ecosystem idea was intriguing, & they have the pen. BUT the 5 ultra may not ever exist & was what I'd been hoping for with specs, & obviously won't be in time for July. PLUS the screen cracking issue sounds like a consistent, horrid problem.","1) Samsung Book5 Pro- I've had Galaxy phones forever, so I thought  whole same ecosystem idea was intriguing, & they have  pen. 하지만  5 ultra may not ever exist & was what I'd been hoping ~을 위한 ~와 함께 specs, & obviously won't be in time ~을 위한 July. PLUS  화면 cracking 문제 sounds 마음에 드는  consistent, horrid 문제."
2) Microsoft Surface Pro Copilot+ - people seem to say the Surface laptops have hardware issues & IT people warn against purchasing them because they're not fixable.,2) Microsoft Surface Pro Copilot+ - people seem ~에 say  Surface 노트북들 have hardware issues & IT people warn against purchasing them because they're not fixable.
CANNOT decide on Engineering/Gaming laptop. Proart p16 or Yoga pro 9i?,CANNOT decide on Engineering/게임 노트북. Proart p16 또는 Yoga pro 9i?
"TLDR: I Have 2k, I want the best all around laptop for my Computer engineering degree, and light gaming. I'm deciding on a proart p16 4060 model and a yoga pro 9i 4060 model","TLDR: I Have 2k, I want  최고의 all around 노트북 ~을 위한 my 컴퓨터 engineering degree, 그리고 가벼운 게임. I'm deciding on  proart p16 4060 모델 그리고  yoga pro 9i 4060 모델"
Questions for owners: how's the battery life on the proart p16? Or the yoga pro 9i? How's the performance and heat? The screen?,Questions ~을 위한 owners: how's  배터리 수명 on  proart p16? 또는  yoga pro 9i? How's  성능 그리고 heat?  화면?
"These being the Asus proart p16 4060 model with 32gb ram with the ai9hx370, the 2024 Lenovo yoga pro 9i with a 4060 and Intel ultra 9, and maybe a rog zephyrus g16 which I haven't looked too much into.","These being  Asus proart p16 4060 모델 ~와 함께 32gb RAM ~와 함께  ai9hx370,  2024 Lenovo yoga pro 9i ~와 함께  4060 그리고 Intel ultra 9, 그리고 maybe  rog zephyrus g16 which I haven't looked too much into."
My main problems making me so indecisive are the performance and battery. I can't find data anywhere talking about the 4060 proart model specifically so I can't really compare it to the 4060 model of the yoga pro. I also heard the battery of the yoga is not so good. I hear good things about the heat and fan noise from the yoga and am not too sure if it's the same with the proart.,My main problems making me so indecisive are  성능 그리고 배터리. I can't find data anywhere talking about  4060 proart 모델 specifically so I can't really compare it ~에  4060 모델 of  yoga pro. I also heard  배터리 of  yoga is not so 좋은. I hear 좋은 things about  heat 그리고 fan noise from  yoga 그리고 am not too sure if it's  same ~와 함께  proart.
"Hello Everyone, I want to buy a gaming laptop under 1.7lakhs. priority is mainly gaming and I am a little confused about some laptops. First one is Asus Rog Strix G16 2025 model with Ryzne 9 8940hx and rtx 5060, second is Acer Predetor Helios 16 2024 with i9 14900hx and rtx 4070 and the third one is lenovo legion 5 pro which hasn't released till now, so im waiting for that. Now the thing is there's no online review video about the asus one, so it makes it more confusing. The main problem with acer Helios is that i don't trust the brand so much so I don't know if that is a good choice. Im also confused if i should wait for lenovo legion 5 pro with oled display or buy the other one now. Can anyone also tell me if buying 5060 is better than 4070 or not? And is acer a reliable brand? As it'll be my  first time buying their product. If someone can help with these questions it'll be a lot of help🫶🏻","Hello Everyone, I want ~에 buy  게임 노트북 under 1.7lakhs. priority is mainly 게임 그리고 I am  little confused about some 노트북들. First one is Asus Rog Strix G16 2025 모델 ~와 함께 Ryzne 9 8940hx 그리고 rtx 5060, second is Acer Predetor Helios 16 2024 ~와 함께 i9 14900hx 그리고 rtx 4070 그리고  third one is lenovo legion 5 pro which hasn't released till now, so im waiting ~을 위한 that. Now  thing is there's no online review video about  asus one, so it makes it more confusing.  main 문제 ~와 함께 acer Helios is that i don't trust  brand so much so I don't know if that is  좋은 선택. Im also confused if i should wait ~을 위한 lenovo legion 5 pro ~와 함께 oled 디스플레이 또는 buy  other one now. Can anyone also tell me if buying 5060 is 더 나은 than 4070 또는 not? 그리고 is acer  reliable brand? As it'll be my  first time buying their product. If someone can 도움 ~와 함께 these questions it'll be  lot of 도움🫶🏻"
"I was initially considering the Lenovo Legion Pro 7i (2025), but I'm concerned it might be noisy.","I was initially considering  Lenovo Legion Pro 7i (2025), 하지만 I'm concerned it might be noisy."
"This was probably one of the worst purchases ever made in the whole history of my family's existence. This was a hand-me-down from my father, who was recommended to get it for around 350$-ish. Absolute piece of garbage, the build quality is terrible, the keyboard sinks like crazy, if you shut the lid from one side the whole screen flexes (it has had one screen replacement) and the battery is abhorrent. I have no idea of what happened to this laptop in the three years of owning it, but right now the battery is in such a trash state that it can not run anything heavier than YouTube in battery alone, meaning that it always needs to be plugged in for it not to die. Even light loads discharge it quickly, lasting around one hour on a full charge. Changing my OS to Linux (ZorinOS, I wanted Ubuntu but it refused to boot it) has slightly improved the battery life, but still, this is just a desktop machine, at least for now. The only thing I have no complaints about is the 256gb SSD. Sure, it might not be the biggest sad out there, but it's pretty damn quick and has served me no problems at all, only pro of this laptop. Won't even try fixing this because it'sbmost definitely a pain in the ass, but to it's merit, it has served it's job for now.","This was probably one of  worst purchases ever made in  whole history of my family's existence. This was  hand-me-down from my father, who was recommended ~에 get it ~을 위한 around 350$-ish. Absolute piece of garbage,  제작 품질 is terrible,  키보드 sinks 마음에 드는 crazy, if you shut  lid from one side  whole 화면 flexes (it has had one 화면 replacement) 그리고  배터리 is abhorrent. I have no idea of what happened ~에 this 노트북 in  three 년 of owning it, 하지만 right now  배터리 is in such  trash state that it can not run anything heavier than YouTube in 배터리 alone, meaning that it always needs ~에 be plugged in ~을 위한 it not ~에 die. Even 가벼운 loads discharge it quickly, lasting around one hour on  full 충전. Changing my OS ~에 Linux (ZorinOS, I wanted Ubuntu 하지만 it refused ~에 boot it) has slightly improved  배터리 수명, 하지만 still, this is just  desktop 기계, at least ~을 위한 now.  only thing I have no complaints about is  256gb SSD. Sure, it might not be  biggest sad out there, 하지만 it's pretty damn quick 그리고 has served me no problems at all, only pro of this 노트북. Won't even try fixing this because it'sbmost definitely  pain in  ass, 하지만 ~에 it's merit, it has served it's job ~을 위한 now."
"I looked into Apple’s MacBook Pros they’re *really* appealing in terms of battery life, build quality, and especially unified memory. From what I’ve seen on YouTube, though, gaming performance is pretty limited due to Crossover/Wine. If it weren’t for gaming, I probably would’ve already bought one.","I looked into Apple’s MacBook 장점 they’re *really* appealing in terms of 배터리 수명, 제작 품질, 그리고 especially unified 메모리. From what I’ve seen on YouTube, though, 게임 성능 is pretty limited due ~에 Crossover/Wine. If it weren’t ~을 위한 게임, I probably would’ve already bought one."
"Now here’s the problem I just realized: Why should I spend €2,500 on a laptop when I could build a great desktop for half the price and access it from anywhere via Parsec, SSH, or similar tools? Even when traveling, mobile data is fast enough these days to make this work with decent latency. One of the biggest advantages of this setup is that your local device doesn’t heat up—much more comfortable in, say, a library. Plus, desktop components offer more power per dollar and are less likely to throttle than laptop ones.","Now here’s  문제 I just realized: Why should I spend €2,500 on  노트북 when I could build  훌륭한 desktop ~을 위한 half  가격 그리고 access it from anywhere via Parsec, SSH, 또는 similar tools? Even when traveling, mobile data is 빠른 enough these 일 ~에 make this 작업 ~와 함께 decent latency. One of  biggest 장점들 of this setup is that your local 기기 doesn’t heat up—much more comfortable in, say,  library. Plus, desktop components offer more 전력 per dollar 그리고 are less likely ~에 throttle than 노트북 ones."
"2. **Dell Pro 13 Plus**: Looks interesting, and has an option with Intel Ultra 7 268V CPU, which would be the most power I had since I sold my gaming desktop back in 2012. Recently found one used selling for $900 in good condition with 32GB RAM. Problem: keyboard is messed up and too tiny compared to that of an average Thinkpad keyboard.","2. **Dell Pro 13 Plus**: Looks interesting, 그리고 has  옵션 ~와 함께 Intel Ultra 7 268V CPU, which would be  most 전력 I had since I sold my 게임 desktop back in 2012. Recently found one used selling ~을 위한 $900 in 좋은 condition ~와 함께 32GB RAM. 문제: 키보드 is messed up 그리고 too tiny compared ~에 that of  average Thinkpad 키보드."
It's a 2024 Macbook Pro and it's barely two weeks that I got it.,It's  2024 Macbook Pro 그리고 it's barely two weeks that I got it.
We looked at the Microsoft Surface Pro Copilot+ PC bundle and the HP Spectre x360 14. Both look good but reviews on battery life and reliability are mixed.,We looked at  Microsoft Surface Pro Copilot+ PC bundle 그리고  HP Spectre x360 14. Both look 좋은 하지만 reviews on 배터리 수명 그리고 reliability are mixed.
From the specs and honestly also price quality ratio + also compatibility with the iPad the Macbook Pro M4 / M4 Pro is very good. I do a fair share of Adobe CC work and might also want to start programming a bit.,From  specs 그리고 honestly also 가격 품질 ratio + also compatibility ~와 함께  iPad  Macbook Pro M4 / M4 Pro is very 좋은. I do  fair share of Adobe CC 작업 그리고 might also want ~에 start programming  bit.
"However I‘d also like to game here and there. I do not have a desk PC, so the laptop would be my only possibilty to run some games. I know most games are not native to macOS, however i heard about CrossOver or Paralells that lets you emulate Windows on macOS. Has anyone made experience with that? Is it possible to run battlefield/ red dead redemption 2/ gta v/… on a playable level on a Macbook Pro M4 Pro 24GB 2c CPU/ 16c GPU?","However I‘d also 마음에 드는 ~에 game here 그리고 there. I do not have  desk PC, so  노트북 would be my only possibilty ~에 run some games. I know most games are not native ~에 macOS, however i heard about CrossOver 또는 Paralells that lets you emulate Windows on macOS. Has anyone made experience ~와 함께 that? Is it possible ~에 run battlefield/ red dead redemption 2/ gta v/… on  playable level on  Macbook Pro M4 Pro 24GB 2c CPU/ 16c GPU?"
"I always used windows and for the first time I have tried macbook pro with m4 pro and its performance and sleekness was very aspiring. The problem was the macos and i couldnt quite get used to it after using for a week so i had to return it. I am looking for a windows laptop that is sleek(not a flashy gamer laptop), has okay battery life, can have a power brick but should also be able to charge with a type c when i dont use the gpu.","I always used windows 그리고 ~을 위한  first time I have tried macbook pro ~와 함께 m4 pro 그리고 its 성능 그리고 sleekness was very aspiring.  문제 was  macos 그리고 i couldnt quite get used ~에 it after 사용하는 ~을 위한  week so i had ~에 return it. I am looking ~을 위한  windows 노트북 that is sleek(not  flashy gamer 노트북), has okay 배터리 수명, can have  전력 brick 하지만 should also be able ~에 충전 ~와 함께  type c when i dont 사용  gpu."
Macbook air / pro:,Macbook air / pro:
i’ve seen mixed reviews about both the MacBook and surface pro some people either love it or some just hate it there’s no in the middle and same with the surface pro. i also like the surface pro 7 cuz it’s a 2 in 1 and it would be useful but the MacBook does seem better.,i’ve seen mixed reviews about both  MacBook 그리고 surface pro some people either 좋아하는 it 또는 some just hate it there’s no in  middle 그리고 same ~와 함께  surface pro. i also 마음에 드는  surface pro 7 cuz it’s  2 in 1 그리고 it would be useful 하지만  MacBook does seem 더 나은.
if anyone has any advice or other recommendations please help i’m starting uni in 2 weeks and need a laptop asap!! and if you do recommend a macbook please tell me which one specific like the air or pro etc.,if anyone has any advice 또는 other recommendations please 도움 i’m starting uni in 2 weeks 그리고 need  노트북 asap!! 그리고 if you do 추천하는  macbook please tell me which one specific 마음에 드는  air 또는 pro etc.
"* **Leave any finishing thoughts here that you may feel are necessary and beneficial to the discussion.** I am a huge multitasker so I need something that can withstand having multiple programs open at once and side-by-side. I will be frequently running ArcGIS Pro and other similar programs that are GIS-related. I am almost on Microsoft Office daily along with having multiple Google Chrome tabs open so I just want a laptop that can run smoothly with all of these operations. I have a 5-month old Lenovo IdeaPad 3i 15 inch Windows Laptop Intel Core i7-1255U 16GB RAM 512GB SSD, and it's already running incredibly slow and lagging very badly. Please help! Everyone's input is highly appreciated.","* **Leave any finishing thoughts here that you may feel are necessary 그리고 beneficial ~에  discussion.** I am  huge multitasker so I need something that can withstand having multiple programs open at once 그리고 side-by-side. I will be frequently running ArcGIS Pro 그리고 other similar programs that are GIS-related. I am almost on Microsoft 사무 매일 along ~와 함께 having multiple Google Chrome tabs open so I just want  노트북 that can run smoothly ~와 함께 all of these operations. I have  5-month 오래된 Lenovo IdeaPad 3i 15 inch Windows 노트북 Intel Core i7-1255U 16GB RAM 512GB SSD, 그리고 it's already running incredibly 느린 그리고 lagging very badly. Please 도움! Everyone's input is highly appreciated."
Can't get the base MacBook pro m4 because it way to expensive to buy in my country. Double of the air price.,Can't get  base MacBook pro m4 because it way ~에 expensive ~에 buy in my country. Double of  air 가격.
Ideapad pro 5 vs legion 5,Ideapad pro 5 vs legion 5
"Hi, I am thinking about buying a new laptop for collage and I can't decide which to get. I have been looking at reviews online and so far im interested in ideapad pro 5 gen 10 (ryzen ai 7 350 and rtx 5050) and legion 5 gen 10 (didn't decide on cpu yet and rtx 5060). I care about battery life and fan noise because I spend quite some time in the library. Im also gonna be doing some CAD work for collage and playing some games like minecraft and rocket league (no AAA games) in my free time. Im also open to other suggestions. Thank you :)","Hi, I am thinking about buying  새로운 노트북 ~을 위한 collage 그리고 I can't decide which ~에 get. I have been looking at reviews online 그리고 so far im interested in ideapad pro 5 gen 10 (ryzen ai 7 350 그리고 rtx 5050) 그리고 legion 5 gen 10 (didn't decide on cpu yet 그리고 rtx 5060). I care about 배터리 수명 그리고 fan noise because I spend quite some time in  library. Im also gonna be doing some CAD 작업 ~을 위한 collage 그리고 playing some games 마음에 드는 minecraft 그리고 rocket league (no AAA games) in my free time. Im also open ~에 other suggestions. Thank you :)"
"Finally cannot stand it when the Thinkbook got stuck when I was in a corporate meeting. I end up using my partner's 2017 MacBook Pro. It is way overheatted with the latest MacOS and the fan has max speed almost all the time. So I install Ubuntu 24.04 on it, and spend a bit of time installing drivers for audio, camera, and bluetooth. Now all good with the 2017 MacBook Pro and Ubuntu 24.04. The fan barely makes a noise and it is not overheated any more.","Finally cannot stand it when  Thinkbook got stuck when I was in  corporate meeting. I end up 사용하는 my partner's 2017 MacBook Pro. It is way overheatted ~와 함께  latest MacOS 그리고  fan has max 속도 almost all  time. So I install Ubuntu 24.04 on it, 그리고 spend  bit of time installing drivers ~을 위한 audio, camera, 그리고 bluetooth. Now all 좋은 ~와 함께  2017 MacBook Pro 그리고 Ubuntu 24.04.  fan barely makes  noise 그리고 it is not overheated any more."
"What would be better for me? I use it to make, and edit videos for youtube, i also make thumbnails. I already have a gaming laptop with an i7 and 3060, but the fan noise annoys me, especially when i record and you can hear it in the background. The laptop is also quite heavy, and i travel a lot with it. I will also buy a PC for simracing and if i want gaming. I still need a laptop, because my parents are divorced and i travel quite a bit. I was thinking of buying an macbook m4 pro or just a macbook m4 and sell my old laptop. I want to know if the base model M4 macbook air and macbook pro will have around the same performance (or more) then my laptop.","What would be 더 나은 ~을 위한 me? I 사용 it ~에 make, 그리고 edit videos ~을 위한 youtube, i also make thumbnails. I already have  게임 노트북 ~와 함께  i7 그리고 3060, 하지만  fan noise annoys me, especially when i record 그리고 you can hear it in  background.  노트북 is also quite heavy, 그리고 i travel  lot ~와 함께 it. I will also buy  PC ~을 위한 simracing 그리고 if i want 게임. I still need  노트북, because my parents are divorced 그리고 i travel quite  bit. I was thinking of buying  macbook m4 pro 또는 just  macbook m4 그리고 sell my 오래된 노트북. I want ~에 know if  base 모델 M4 macbook air 그리고 macbook pro will have around  same 성능 (또는 more) then my 노트북."
"ASUS ROG Zephyrus 2024 16"" OLED 240Hz Gaming Laptop, Intel Core Ultra 9 185H, 16GB DDR5x RAM, 1TB NVMe SSD, NVIDIA GeForce RTX 4070, Windows 11 Pro https://a.co/d/6er9bGr","ASUS ROG Zephyrus 2024 16"" OLED 240Hz 게임 노트북, Intel Core Ultra 9 185H, 16GB DDR5x RAM, 1TB NVMe SSD, NVIDIA GeForce RTX 4070, Windows 11 Pro https://.co/d/6er9bGr"
"Dell XPS 9530 Laptop 2023, Intel 14-Core i7-13700H, 15.6"" WUXGA IPS Display, Intel Arc A370M 4GB GDDR6, 32GB DDR5 1TB SSD, Backlit Keyboard, Fingerprint, Thunderbolt 4, Wi-Fi 6E, Win11 Pro https://a.co/d/7A0sOne","Dell XPS 9530 노트북 2023, Intel 14-Core i7-13700H, 15.6"" WUXGA IPS 디스플레이, Intel Arc A370M 4GB GDDR6, 32GB DDR5 1TB SSD, Backlit 키보드, Fingerprint, Thunderbolt 4, Wi-Fi 6E, Win11 Pro https://.co/d/7A0sOne"
Need advice: Dell Pro 16 Plus (Intel Arc integrated) — BSOD when using Quest 3 + Virtual Desktop + Microsoft Loop (Teams) with 3 virtual monitors,Need advice: Dell Pro 16 Plus (Intel Arc integrated) — BSOD when 사용하는 Quest 3 + Virtual Desktop + Microsoft Loop (Teams) ~와 함께 3 virtual monitors
I have a Dell Pro 16 Plus with these specs:,I have  Dell Pro 16 Plus ~와 함께 these specs:
"I have a 2018 MacBook Pro that has been increasingly showing its age over the past year (getting a little slower, getting hot/fans kicking on faster, 2 usb-c ports replaced), so I'm looking to upgrade to a new MBP now before it becomes too much of a problem.","I have  2018 MacBook Pro that has been increasingly showing its age over  past year (getting  little slower, getting hot/fans kicking on faster, 2 USB-c 포트들 replaced), so I'm looking ~에 업그레이드 ~에  새로운 MBP now before it becomes too much of  문제."
"* After looking around, I think the M4 Pro chip would be best (I would certainly like to hear opinions on going to the base M4 chip, I doubt that my use case warrants going for the Max though).","* After looking around, I think  M4 Pro chip would be 최고의 (I would certainly 마음에 드는 ~에 hear opinions on going ~에  base M4 chip, I doubt that my 사용 case warrants going ~을 위한  Max though)."
I have lenovo ideapad 5 pro rtx 4050 amd 8845 hs 16 gb ram and 1 tb ssd,I have lenovo ideapad 5 pro rtx 4050 amd 8845 hs 16 gb RAM 그리고 1 tb SSD
I've only really looked at the Dell Pro which I think is now the new XPS?,I've only really looked at  Dell Pro which I think is now  새로운 XPS?
🎧 Headset: SteelSeries Nova Pro Wireless,🎧 Headset: SteelSeries Nova Pro Wireless
I'm in the market for a new laptop and could use some help narrowing down the options. My budget is around $1200–$1300. I have initially chose two laptops - Asus VivoBook Pro 15 OLED Q533MJ | 2024 Model and Asus zenbook 14 OLED (UX3405). Which one would be better?,I'm in  market ~을 위한  새로운 노트북 그리고 could 사용 some 도움 narrowing down  options. My 예산 is around $1200–$1300. I have initially chose two 노트북들 - Asus VivoBook Pro 15 OLED Q533MJ | 2024 모델 그리고 Asus zenbook 14 OLED (UX3405). Which one would be 더 나은?
macbook pro beating windows laptop,macbook pro beating windows 노트북
"I will be joining uni the next month, and I'm planning to buy a decent laptop for programming, research and light games, I was initially planning on getting the macbook pro with the m4 pro chip but on further research I realised that apple silicon doesn't allow bootcamp(since they use ARM arch now), and plus I feel that I will face compatibility issues in the future since I'm a cs major, so I'm looking for a laptop that beats the macbook pro or is at least comparable in certain aspects such as battery life, screen and performance. I ended up finding the lenovo yoga pro 9i, with rtx 4050 32 gb ram, but its battery life is not that great(approx 7 hrs), and the asus zephyrus g16(2024) with rtx 4070 and 32 gb ram, it provides decent battery life and a good screen. is there a laptop that is better than these in this price range( 2000 usd) ?","I will be joining uni  next month, 그리고 I'm planning ~에 buy  decent 노트북 ~을 위한 programming, research 그리고 가벼운 games, I was initially planning on getting  macbook pro ~와 함께  m4 pro chip 하지만 on further research I realised that apple silicon doesn't allow bootcamp(since they 사용 ARM arch now), 그리고 plus I feel that I will face compatibility issues in  future since I'm  cs major, so I'm looking ~을 위한  노트북 that beats  macbook pro 또는 is at least comparable in certain aspects such as 배터리 수명, 화면 그리고 성능. I ended up finding  lenovo yoga pro 9i, ~와 함께 rtx 4050 32 gb RAM, 하지만 its 배터리 수명 is not that 훌륭한(approx 7 hrs), 그리고  asus zephyrus g16(2024) ~와 함께 rtx 4070 그리고 32 gb RAM, it provides decent 배터리 수명 그리고  좋은 화면. is there  노트북 that is 더 나은 than these in this 가격 range( 2000 usd) ?"
Confused between Lenovo Yoga pro 7 and Asus Zenbook 14 Oled,Confused between Lenovo Yoga pro 7 그리고 Asus Zenbook 14 Oled
"MacBook Pro M3 vs Air M4 – Which is better for competitive programming, dev work, and long-term use?","MacBook Pro M3 vs Air M4 – Which is 더 나은 ~을 위한 competitive programming, dev 작업, 그리고 long-term 사용?"
"•	MacBook Pro M3 (2023, 14-inch)","•	MacBook Pro M3 (2023, 14-inch)"
Would Air M4 (16 GB) be enough? Or is the Pro just better for long coding sessions?,Would Air M4 (16 GB) be enough? 또는 is  Pro just 더 나은 ~을 위한 long coding sessions?
"Hi, I'm yet to buy my first thinkpad. Went though the ones available and thought of getting a used 16gb ram, 500gb ssd t14 gen1 R7 pro 4750U. I love racing, football(soccer), open world games and shooting (CoD, TC, etc). Which recent games between 2013 and 2024 can I play with decent graphics and good FPS?","Hi, I'm yet ~에 buy my first thinkpad. Went though  ones available 그리고 thought of getting  used 16gb RAM, 500gb SSD t14 gen1 R7 pro 4750U. I 좋아하는 racing, football(soccer), open world games 그리고 shooting (CoD, TC, etc). Which recent games between 2013 그리고 2024 can I play ~와 함께 decent graphics 그리고 좋은 FPS?"
Hello! I currently own a mb pro m1 with 8gb/16gb,Hello! I currently own  mb pro m1 ~와 함께 8gb/16gb
Refurbished 14-inch MacBook Pro Apple M4 Chip with 10‑Core CPU and 10‑Core GPU - Space Black,Refurbished 14-inch MacBook Pro Apple M4 Chip ~와 함께 10‑Core CPU 그리고 10‑Core GPU - Space Black
- ASUS ZenBook Pro Duo,- ASUS ZenBook Pro Duo
14” vs 16” MacBook Pro for Music Production — is 14” too small without an external monitor?,14” vs 16” MacBook Pro ~을 위한 Music Production — is 14” too small without  external 모니터?
"I’m looking at either a **MacBook Pro M4 (16"")** or a **Razer Blade 14/16** but am **completely open** to other suggestions that fit my use case and budget tiers.","I’m looking at either  **MacBook Pro M4 (16"")** 또는  **Razer Blade 14/16** 하지만 am **completely open** ~에 other suggestions that fit my 사용 case 그리고 예산 tiers."
"I was searching online for what laptops to get going forward since mine is very old and slow now. I plan on going into A.I when I transfer I was deciding whether to get a macbook or some sort of windows. However, all the people I have asked have given me a mixed response and I really cant decide. I have heard some say that some applications wont be compatible with mac and its so much extra work while others say the M4 chip mac has is perfect for CS and AI. Im really struggling to decide since I cant really afford to regret this later because these laptops are so expensive. The apple workers were telling me to get an M4 pro which is stupidly expensive at 2k although online iv only read good stuff about it. But then one of my friends (doesnt do CS) said that the macbook air m4 should be fine and thats half the price. Or should I just get a windows laptop.","I was searching online ~을 위한 what 노트북들 ~에 get going forward since mine is very 오래된 그리고 느린 now. I plan on going into .I when I transfer I was deciding whether ~에 get  macbook 또는 some sort of windows. However, all  people I have asked have given me  mixed response 그리고 I really cant decide. I have heard some say that some applications wont be compatible ~와 함께 mac 그리고 its so much extra 작업 while others say  M4 chip mac has is 완벽한 ~을 위한 CS 그리고 AI. Im really struggling ~에 decide since I cant really afford ~에 regret this later because these 노트북들 are so expensive.  apple workers were telling me ~에 get  M4 pro which is stupidly expensive at 2k although online iv only read 좋은 stuff about it. 하지만 then one of my friends (doesnt do CS) said that  macbook air m4 should be fine 그리고 thats half  가격. 또는 should I just get  windows 노트북."
M4 PRO: $\~2000 (After Tax),M4 PRO: $\~2000 (After Tax)
"I’m not looking for anything super high-end. Just something reliable enough to handle tools like Adobe Illustrator/Photoshop, Canva, DaVinci Resolve, Premiere Pro and some beginner-level coding (basic HTML/CSS/JS, etc.) without constant lag or crashes.","I’m not looking ~을 위한 anything super high-end. Just something reliable enough ~에 handle tools 마음에 드는 Adobe Illustrator/Photoshop, Canva, DaVinci Resolve, Premiere Pro 그리고 some beginner-level coding (basic HTML/CSS/JS, etc.) without constant lag 또는 crashes."
"The 1080p camera is really good. The color balance is perfect and it works well with studio effects. Unfortunately, studio effects doesn't work with my USB Kiyo Pro so if you are one of the few people who is excited about AI features like studio effects, keep in mind they may not work with your peripherals.","1080p camera is really 좋은.  색상 balance is 완벽한 그리고 it works well ~와 함께 studio effects. Unfortunately, studio effects doesn't 작업 ~와 함께 my USB Kiyo Pro so if you are one of  few people who is excited about AI 기능들 마음에 드는 studio effects, keep in mind they may not 작업 ~와 함께 your peripherals."
"* **Leave any finishing thoughts here that you may feel are necessary and beneficial to the discussion.**\-Current Laptop is ASUS GL553VE. I want something that is better in every way to this (shouldnt be hard as it is 7 years old). Battery has started to drain faster and speaker quality is going away. I want to be able to run heavy programs like premier pro if I want, but most of the time I just watch youtube and movies.","* **Leave any finishing thoughts here that you may feel are necessary 그리고 beneficial ~에  discussion.**\-Current 노트북 is ASUS GL553VE. I want something that is 더 나은 in every way ~에 this (shouldnt be hard as it is 7 년 오래된). 배터리 has started ~에 drain faster 그리고 speaker 품질 is going away. I want ~에 be able ~에 run heavy programs 마음에 드는 premier pro if I want, 하지만 most of  time I just watch youtube 그리고 movies."
Please tell me the pros and cons of this laptop.,Please tell me  장점 그리고 cons of this 노트북.
5. Bigger screen. This can be a pro or a con because bigger means more consumption of power and that with cpu idk and i dont really care about the screen size.,5. Bigger 화면. This can be  pro 또는  con because bigger means more consumption of 전력 그리고 that ~와 함께 cpu idk 그리고 i dont really care about  화면 size.
"I’m 17, about to be a HS senior and i’m think of getting the Microsoft surface pro 12in. It’s lightweight, compact, and is the perfect thing I need for school.","I’m 17, about ~에 be  HS senior 그리고 i’m think of getting  Microsoft surface pro 12in. It’s 가벼운, compact, 그리고 is  완벽한 thing I need ~을 위한 school."
"\* **I have nothing against ARM** APUs (M1, M1 Pro or Snapdragon; I don't see a need in M2 and newer, but we'll see), but I don't want to be a beta-tester and especially pay for it with my own money. I don't want to have VS/NPM/VST/.NET (not .NET Core) and other more common-usage (old software) compatibility problems. May this even cost me a small(!) downgrade in price, performance, or battery life -- reliability is more valuable to me. So **x64 is preferable**. But if you have pleasant personal experience with ARM -- I'll gladly listen to your arguments, why not.","\* **I have nothing against ARM** APUs (M1, M1 Pro 또는 Snapdragon; I don't see  need in M2 그리고 newer, 하지만 we'll see), 하지만 I don't want ~에 be  beta-tester 그리고 especially pay ~을 위한 it ~와 함께 my own 돈. I don't want ~에 have VS/NPM/VST/.NET (not .NET Core) 그리고 other more common-usage (오래된 software) compatibility problems. May this even cost me  small(!) downgrade in 가격, 성능, 또는 배터리 수명 -- reliability is more valuable ~에 me. So **x64 is preferable**. 하지만 if you have pleasant personal experience ~와 함께 ARM -- I'll gladly listen ~에 your arguments, why not."
"\* **Macbook Pro 16"" M1 Pro 16/512 or 16/1024**. Yes, ARM, compatibility problems (potential and confirmed). But if x64 alternatives are much worse and/or much pricier -- seems like I'll have to deal with those problems then, spend personal time on relearning a lot of things (never used Mac before).","\* **Macbook Pro 16"" M1 Pro 16/512 또는 16/1024**. Yes, ARM, compatibility problems (potential 그리고 confirmed). 하지만 if x64 alternatives are much worse 그리고/또는 much pricier -- seems 마음에 드는 I'll have ~에 deal ~와 함께 those problems then, spend personal time on relearning  lot of things (never used Mac before)."
"\* **Macbook Air 15"" M2 16/512 or 16/1024**. Older 13"" is way too small. And this is at the same price as a Mac Pro higher, so I don't see a point in this one.","\* **Macbook Air 15"" M2 16/512 또는 16/1024**. Older 13"" is way too small. 그리고 this is at  same 가격 as  Mac Pro higher, so I don't see  point in this one."
"\* **Lenovo Yoga 6/7, Yoga Slim 6, Yoga Pro 7, Yoga Slim 7 Pro**. Brightness looks very low (300-400 nits), but except that -- this is the closest I've found. There are complaints about noise too, but, in comparison, there seem to be not as many of them (of complaints).","\* **Lenovo Yoga 6/7, Yoga 슬림한 6, Yoga Pro 7, Yoga 슬림한 7 Pro**. 밝기 looks very low (300-400 nits), 하지만 except that -- this is  closest I've found. There are complaints about noise too, 하지만, in comparison, there seem ~에 be not as many of them (of complaints)."
"2. Apple MacBook Pro 16""","2. Apple MacBook Pro 16"""
https://www.bestbuy.com/product/lenovo-legion-pro-5i-16-2-5k-lcd-gaming-laptop-intel-14th-gen-core-i9-32gb-memory-nvidia-geforce-rtx-4070-8gb-2tb-ssd-onyx-grey/6575390/openbox?condition=excellent,https://www.bestbuy.com/product/lenovo-legion-pro-5i-16-2-5k-lcd-게임-노트북-intel-14th-gen-core-i9-32gb-메모리-nvidia-geforce-rtx-4070-8gb-2tb-SSD-onyx-grey/6575390/openbox?condition=뛰어난
Looking for Laptop Advice: Dell Pro Max 14 vs XPS 14 vs MacBook Pro,Looking ~을 위한 노트북 Advice: Dell Pro Max 14 vs XPS 14 vs MacBook Pro
"I'm currently in the market for a new laptop and I'm considering the **Dell Pro Max 14**, **Dell XPS 14**, or **MacBook Pro**.","I'm currently in  market ~을 위한  새로운 노트북 그리고 I'm considering  **Dell Pro Max 14**, **Dell XPS 14**, 또는 **MacBook Pro**."
"3. What has been your **long-term experience** with the Dell Pro Max / XPS / MacBook in terms of reliability, support, and updates?","3. What has been your **long-term experience** ~와 함께  Dell Pro Max / XPS / MacBook in terms of reliability, 지원, 그리고 updates?"
|Dell Pro Max 14 |Dell XPS 14 |Macbook Pro |,|Dell Pro Max 14 |Dell XPS 14 |Macbook Pro |
"|AMD Ryzen™ AI 7 PRO 350, 8 cores |Intel® Core™ Ultra 7 155H, 16 cores |M4 Pro 12-core processor |","|AMD Ryzen™ AI 7 PRO 350, 8 cores |Intel® Core™ Ultra 7 155H, 16 cores |M4 Pro 12-core processor |"
|Windows 11 Pro |Windows 11 Home |Mac iOS |,|Windows 11 Pro |Windows 11 Home |Mac iOS |
Asus Rog Strix G16 2025 or Macbook Pro M4 Pro?,Asus Rog Strix G16 2025 또는 Macbook Pro M4 Pro?
2. https://www.apple.com/in/shop/buy-mac/macbook-pro/14-inch-space-black-standard-display-apple-m4-pro-chip-with-12-core-cpu-16-core-gpu-24gb-memory-512gb,2. https://www.apple.com/in/shop/buy-mac/macbook-pro/14-inch-space-black-standard-디스플레이-apple-m4-pro-chip-~와 함께-12-core-cpu-16-core-gpu-24gb-메모리-512gb
"The Macbook Pro M4 Pro is the 12 Core CPU, 16 Core GPU version with 24 GB Unified Memory.","Macbook Pro M4 Pro is  12 Core CPU, 16 Core GPU 버전 ~와 함께 24 GB Unified 메모리."
"My family members use Macbooks, and are recommending the M4 Pro to me for it's quality, battery life, light weight (and hence portability), reliability as well as longevity.","My family members 사용 Macbooks, 그리고 are recommending  M4 Pro ~에 me ~을 위한 it's 품질, 배터리 수명, 가벼운 무게 (그리고 hence portability), reliability as well as longevity."
"I, however, have many a times took advantage of the freedom Windows PCs offer to","I, however, have many  times took advantage of  freedom Windows PCs offer ~에"
"I’m seriously considering a MacBook Pro 16"" M2 Pro, 16 GB RAM, 512 GB SSD, someone’s offering it to me for $1,300 USD. This would be my first Mac ever, and I’m wondering:","I’m seriously considering  MacBook Pro 16"" M2 Pro, 16 GB RAM, 512 GB SSD, someone’s offering it ~에 me ~을 위한 $1,300 USD. This would be my first Mac ever, 그리고 I’m wondering:"
"The Lenovo Yoga Pro 9i with the tandem OLED, 285H, 32GB is great, but only has a 13 TOPS NPU and the display is very reflective. In fact, as far as I know, the only Intel mobile CPU that has the NPU is the V-series, which are under-powered.","Lenovo Yoga Pro 9i ~와 함께  tandem OLED, 285H, 32GB is 훌륭한, 하지만 only has  13 TOPS NPU 그리고  디스플레이 is very reflective. In fact, as far as I know,  only Intel mobile CPU that has  NPU is  V-series, which are under-powered."
Xiaomi Redmi G Pro 2024 Fan issue,Xiaomi Redmi G Pro 2024 Fan 문제
I have a Xiaomi Redmi G Pro 2024 since 2 years now but both of the fan are starting to have issue and make very loud noises. I would like to replace them but I can't find the parts on any website.,I have  Xiaomi Redmi G Pro 2024 since 2 년 now 하지만 both of  fan are starting ~에 have 문제 그리고 make very loud noises. I would 마음에 드는 ~에 replace them 하지만 I can't find  parts on any website.
"Lenovo IdeaPad Pro 5 $1,099:","Lenovo IdeaPad Pro 5 $1,099:"
**OS: Windows 11 Pro (MacOS is not supported)**,**OS: Windows 11 Pro (MacOS is not supported)**
"[Zenbook S 16 (UM5606)](https://shop.asus.com/ca-en/asus-zenbook-s-16-um5606.html) \- Online reviews aren't very nice to this laptop, multiple reviews online, youtube, blogs, and even reddit state that because of how thin the laptop is it struggles with heat at the at keyboard, and some people say it overheats too. Keeping that in mind, there are A LOT of positive reviews for it too. The current Price of this laptop is $2,200","[Zenbook S 16 (UM5606)](https://shop.asus.com/ca-en/asus-zenbook-s-16-um5606.html) \- Online reviews aren't very nice ~에 this 노트북, multiple reviews online, youtube, blogs, 그리고 even reddit state that because of how 얇은  노트북 is it struggles ~와 함께 heat at  at 키보드, 그리고 some people say it overheats too. Keeping that in mind, there are  LOT of positive reviews ~을 위한 it too.  current 가격 of this 노트북 is $2,200"
"[HP Omnibook 7](https://www.costco.ca/hp-omnibook-7-copilot-pc-173-in-touchscreen-laptop-intel-core-ultra-7-258v-32-gb-ram-1-tb-ssd-intel-arc.product.4000367750.html) \- This laptop is selling on costco right now for $1,650. I have heard a lot of good things about it, and it seems very modern, it meets the requirements and for the price its really good.","[HP Omnibook 7](https://www.costco.ca/hp-omnibook-7-copilot-pc-173-in-터치스크린-노트북-intel-core-ultra-7-258v-32-gb-RAM-1-tb-SSD-intel-arc.product.4000367750.html) \- This 노트북 is selling on costco right now ~을 위한 $1,650. I have heard  lot of 좋은 things about it, 그리고 it seems very modern, it meets  requirements 그리고 ~을 위한  가격 its really 좋은."
In what ways would the 16GBVRAM advantage of the Legion 7 over the 8GBVRAM of the Legion 5 Pro outweighs the latter for a futureproof choice?,In what ways would  16GBVRAM advantage of  Legion 7 over  8GBVRAM of  Legion 5 Pro outweighs  latter ~을 위한  futureproof 선택?
"3. GPU AI Tech. The advantage of the RTX 4070's DLSS3. So as much as the RTX 3080's 16GBVRAM is twice the 4070's, I've seen benchmarks with games that supports DLSS3 that with that on, it performs 65% or higher than the 3080 (although I've heard people uses FSR3.1 Frame Gen with DLSS Upscaling with minimal difference to the performance of DLSS3, not sure if it's compatible on all games tho).","3. GPU AI Tech.  advantage of  RTX 4070's DLSS3. So as much as  RTX 3080's 16GBVRAM is twice  4070's, I've seen benchmarks ~와 함께 games that supports DLSS3 that ~와 함께 that on, it performs 65% 또는 higher than  3080 (although I've heard people uses FSR3.1 Frame Gen ~와 함께 DLSS Upscaling ~와 함께 minimal difference ~에  성능 of DLSS3, not sure if it's compatible on all games tho)."
"The question is, would you choose the 4070's DLSS3 advantage over the RTX 3080's 16GBVRAM? Or would you choose the latter and live with FSR?","question is, would you choose  4070's DLSS3 advantage over  RTX 3080's 16GBVRAM? 또는 would you choose  latter 그리고 live ~와 함께 FSR?"
"So when it comes to purely gaming, do you think the Legion 7 would last 5-8yrs satisfying those conditions I stated or the Legion 5 Pro is better suited for that?","So when it comes ~에 purely 게임, do you think  Legion 7 would last 5-8yrs satisfying those conditions I stated 또는  Legion 5 Pro is 더 나은 suited ~을 위한 that?"
"Other uses as stated above, since not many apps or games supports DLSS3 or DLSS4, is the 16GBVRAM advantage of the Legion 7 far outweighs the 8GBVRAM of the Legion 5 Pro?","Other uses as stated above, since not many apps 또는 games supports DLSS3 또는 DLSS4, is  16GBVRAM advantage of  Legion 7 far outweighs  8GBVRAM of  Legion 5 Pro?"
Lenovo Legion 5 Pro 140WTDP,Lenovo Legion 5 Pro 140WTDP
Will the AX16PRO run the sims 4 (with all packs and mods) well?,Will  AX16PRO run  sims 4 (~와 함께 all packs 그리고 mods) well?
Will the AX16PRO run the sims 4 well?,Will  AX16PRO run  sims 4 well?
Acer Predator Helios Neo 16 or ASUS TUF A16 Advantage Edition,Acer Predator Helios Neo 16 또는 ASUS TUF A16 Advantage Edition
Which one should I choose? Acer Predator Helios Neo 16 or ASUS TUF A16 Advantage Edition?,Which one should I choose? Acer Predator Helios Neo 16 또는 ASUS TUF A16 Advantage Edition?
2. ASUS TUF Gaming A16 Advantage Edition,2. ASUS TUF 게임 A16 Advantage Edition
After thinking so much I decided to buy this laptop for my studies and gaming in free time. Anyone who used this whats your review? What’s the pros and cons. Should I buy it or go for another laptop. Any suggestions are accepted. Thank you.,After thinking so much I decided ~에 buy this 노트북 ~을 위한 my studies 그리고 게임 in free time. Anyone who used this whats your review? What’s  장점 그리고 cons. Should I buy it 또는 go ~을 위한 another 노트북. Any suggestions are accepted. Thank you.
Tengo un macbook pro del 2012 ¿que puedo hacer con el en 2025?,Tengo un macbook pro del 2012 ¿que puedo hacer con el en 2025?
"I'm looking for a better laptop for graphic design/photo editing. I have it narrowed down to a few possibilities I think are good, but I haven't had the best of luck with laptops and have very little experience with these brands. I'm also genuinely confused about IPS vs OLED and which is truly better for my use and the pros and cons of each type. I've heard I absolutely need OLED for graphic design, but also that OLED creates burn in issues.","I'm looking ~을 위한  더 나은 노트북 ~을 위한 graphic 디자인/사진 편집. I have it narrowed down ~에  few possibilities I think are 좋은, 하지만 I haven't had  최고의 of luck ~와 함께 노트북들 그리고 have very little experience ~와 함께 these brands. I'm also genuinely confused about IPS vs OLED 그리고 which is truly 더 나은 ~을 위한 my 사용 그리고  장점 그리고 cons of each type. I've heard I absolutely need OLED ~을 위한 graphic 디자인, 하지만 also that OLED creates burn in issues."
Here are the pros and cons that result from my point of view and for the use that I would make of them:,Here are  장점 그리고 cons that result from my point of view 그리고 ~을 위한  사용 that I would make of them:
Pros: perfect size and superior quality screen (I think!).,장점: 완벽한 size 그리고 superior 품질 화면 (I think!).
Pros: Ips screen that does not have problems with either burn in or PWM and perhaps it reflects less light (but I'm not sure about this). A lot of enthusiastic review.,장점: Ips 화면 that does not have problems ~와 함께 either burn in 또는 PWM 그리고 perhaps it reflects less 가벼운 (하지만 I'm not sure about this).  lot of enthusiastic review.
"In 2023, I switched from a samsung galaxy s10 to an iphone 15 pro max, admittedly mainly to make communication more seamless with most of my friends and family—apple switching to usb c finally made me make the switch because I thought the lightning port was extremely dumb. I’ve been enjoying IOS, maybe even more than android. Since at the time, I needed a laptop for college, I thought it’d be smart to get a macbook since I have an iphone and already have a windows gaming PC.","In 2023, I switched from  samsung galaxy s10 ~에  iphone 15 pro max, admittedly mainly ~에 make communication more seamless ~와 함께 most of my friends 그리고 family—apple switching ~에 USB c finally made me make  switch because I thought  lightning 포트 was extremely dumb. I’ve been enjoying IOS, maybe even more than android. Since at  time, I needed  노트북 ~을 위한 college, I thought it’d be smart ~에 get  macbook since I have  iphone 그리고 already have  windows 게임 PC."
"So my laptop ( Asus tuf gaming a15 2022 with ryzen 5 4600H + rtx 3050)  only has 8gb in it. So I wanna upgrade it but I am not sure whether to buy another 8gb stick and make the total 16gb with dual channel or buy a 16gb instead and make the total 8+16= 24gb. But I did found out that there are some disadvantages of doing 24gb instead of 16gb. I don't really do any heavy video editing or heavy fps mostly wants the laptop to feel more faster, snappier and run several apps in the background while I do my tasks. I do play games like Elden Ring and Dark souls at the moment with no real lags. What should I buy?","So my 노트북 ( Asus tuf 게임 a15 2022 ~와 함께 ryzen 5 4600H + rtx 3050)  only has 8gb in it. So I wanna 업그레이드 it 하지만 I am not sure whether ~에 buy another 8gb stick 그리고 make  total 16gb ~와 함께 dual channel 또는 buy  16gb instead 그리고 make  total 8+16= 24gb. 하지만 I did found out that there are some disadvantages of doing 24gb instead of 16gb. I don't really do any heavy 비디오 편집 또는 heavy fps mostly wants  노트북 ~에 feel more faster, snappier 그리고 run several apps in  background while I do my tasks. I do play games 마음에 드는 Elden Ring 그리고 Dark souls at  moment ~와 함께 no real lags. What should I buy?"
"Update: Or I can get LENOVO Legion Pro 5 for 1,700 EUR with specs:","Update: 또는 I can get LENOVO Legion Pro 5 ~을 위한 1,700 EUR ~와 함께 specs:"
"So recently ive been looking for new laptops since I never really had one to myself. From my almost 7 year experience on my windows gaming pc ( which i wont have access to now ), i am gonna switch to a laptop mostly for studies and other works like research, writing essays, watching videos, editing high end videos and coding and running AI/ML programs. Since ive been a pc gamer for almost a decade (playing fifa, fortnite, valorant and apex legends), i think that i might do some occasional gaming here and there, but ive also been looking for a good battery backup from a full charge (6- 13) hours ideally, where i can do light stuff like colour grading without having to experience lag. So far, the two laptops that ive been looking at, inside my budget (USD 1900), are the m4 mac book pro (24gb unified, 14 inch, 512 gb, nano-texture), and the predator helios( rtx 5070/60, i9 12-14th gen, 16 gb ram, 1/2 tb storage, 16 inch), can you suggest me what system should i choose ( can be a system out of the choices ive mentioned). I would be really thankful if you guys upvoted.","So recently ive been looking ~을 위한 새로운 노트북들 since I never really had one ~에 myself. From my almost 7 year experience on my windows 게임 pc ( which i wont have access ~에 now ), i am gonna switch ~에  노트북 mostly ~을 위한 studies 그리고 other works 마음에 드는 research, writing essays, watching videos, 편집 high end videos 그리고 coding 그리고 running AI/ML programs. Since ive been  pc gamer ~을 위한 almost  decade (playing fifa, fortnite, valorant 그리고 apex legends), i think that i might do some occasional 게임 here 그리고 there, 하지만 ive also been looking ~을 위한  좋은 배터리 backup from  full 충전 (6- 13) 시간 ideally, where i can do 가벼운 stuff 마음에 드는 colour grading without having ~에 experience lag. So far,  two 노트북들 that ive been looking at, inside my 예산 (USD 1900), are  m4 mac book pro (24gb unified, 14 inch, 512 gb, nano-texture), 그리고  predator helios( rtx 5070/60, i9 12-14th gen, 16 gb RAM, 1/2 tb 저장장치, 16 inch), can you suggest me what system should i choose ( can be  system out of  choices ive mentioned). I would be really thankful if you guys upvoted."
"So recently ive been looking for new laptops since I never really had one to myself. From my almost 7 year experience on my windows gaming pc ( which i wont have access to now ), i am gonna switch to a laptop mostly for studies and other works like research, writing essays, watching videos, editing high end videos and coding and running AI/ML programs. Since ive been a pc gamer for almost a decade (playing fifa, fortnite, valorant and apex legends), i dont think that i can live without some occasional gaming with friends, but ive also been looking for a good battery backup from a full charge (6- 13) hours ideally, where i can do light stuff like colour grading without having to experience lag. So far, the two laptops that ive been looking at, inside my budget (USD 1900), are the m4 mac book pro (24gb unified, 14 inch, 512 gb, nano-texture), and the predator helios( rtx 5070/60, i9 12-14th gen, 16 gb ram, 1/2 tb storage, 16 inch), can you suggest me what system should i choose ( can be a system out of the choices ive mentioned). I would be really thankful if you guys upvoted.","So recently ive been looking ~을 위한 새로운 노트북들 since I never really had one ~에 myself. From my almost 7 year experience on my windows 게임 pc ( which i wont have access ~에 now ), i am gonna switch ~에  노트북 mostly ~을 위한 studies 그리고 other works 마음에 드는 research, writing essays, watching videos, 편집 high end videos 그리고 coding 그리고 running AI/ML programs. Since ive been  pc gamer ~을 위한 almost  decade (playing fifa, fortnite, valorant 그리고 apex legends), i dont think that i can live without some occasional 게임 ~와 함께 friends, 하지만 ive also been looking ~을 위한  좋은 배터리 backup from  full 충전 (6- 13) 시간 ideally, where i can do 가벼운 stuff 마음에 드는 colour grading without having ~에 experience lag. So far,  two 노트북들 that ive been looking at, inside my 예산 (USD 1900), are  m4 mac book pro (24gb unified, 14 inch, 512 gb, nano-texture), 그리고  predator helios( rtx 5070/60, i9 12-14th gen, 16 gb RAM, 1/2 tb 저장장치, 16 inch), can you suggest me what system should i choose ( can be  system out of  choices ive mentioned). I would be really thankful if you guys upvoted."
* **CPU:** AMD Ryzen 5 Pro 7540U,* **CPU:** AMD Ryzen 5 Pro 7540U
MacBook Air M4 (32GB) vs MacBook Pro M4 Pro (48GB) for Full-Stack Dev – Is the Price Jump Worth It?,MacBook Air M4 (32GB) vs MacBook Pro M4 Pro (48GB) ~을 위한 Full-Stack Dev – Is  가격 Jump Worth It?
"2. **MacBook Pro M4 Pro** – 48 GB RAM, 1 TB SSD, 16-inch screen","2. **MacBook Pro M4 Pro** – 48 GB RAM, 1 TB SSD, 16-inch 화면"
"My main concern is: since the MacBook Air is passively cooled (no fans), is there a risk that its performance advantage will be lost under sustained workloads due to thermal throttling?","My main concern is: since  MacBook Air is passively cooled (no fans), is there  risk that its 성능 advantage will be lost under sustained workloads due ~에 thermal throttling?"
"* **Lenovo P16s AMD G4** – Ryzen 7 PRO 7840U, 64 GB RAM, 2 TB SSD, AMD Radeon™ 780M, 1920 × 1200 Touchscreen (If the thermals are similar to P15s, I will not choose this one)","* **Lenovo P16s AMD G4** – Ryzen 7 PRO 7840U, 64 GB RAM, 2 TB SSD, AMD Radeon™ 780M, 1920 × 1200 터치스크린 (If  thermals are similar ~에 P15s, I will not choose this one)"
"* **HP EliteBook 865 Gen11** – Ryzen 7 PRO 8840HS, 64 GB RAM, 2 TB SSD, WUXGA (1920 × 1200) Touchscreen, UWVA, Anti-glare, WLED **(Seems the most powerful in these 3 options)**","* **HP EliteBook 865 Gen11** – Ryzen 7 PRO 8840HS, 64 GB RAM, 2 TB SSD, WUXGA (1920 × 1200) 터치스크린, UWVA, Anti-glare, WLED **(Seems  most 강력한 in these 3 options)**"
"Additionally, I may be able to **request an exception** to opt for one of these models instead—if they provide a significant performance advantage over the above options: (Not guaranteed and it will cause much paper work for me)","Additionally, I may be able ~에 **request  exception** ~에 opt ~을 위한 one of these models instead—if they provide  significant 성능 advantage over  above options: (Not guaranteed 그리고 it will cause much paper 작업 ~을 위한 me)"
"* LG Gram Pro 16"" model 16z90ts-g.aug9u1 - biggest gap is lack of haptic touchpad","* LG 그램 Pro 16"" 모델 16z90ts-g.aug9u1 - biggest gap is lack of haptic touchpad"
"I considered the Samsung Galaxy Book5 Pro due to outstanding anti-reflective coatings on their OLED screens (I checked it out myself and it seems really good) but it's still glossy looking and no haptic touchpad.  Also, the 16"" is a little on the heavy side too at \~3.3 lbs.","I considered  Samsung Galaxy Book5 Pro due ~에 outstanding anti-reflective coatings on their OLED screens (I checked it out myself 그리고 it seems really 좋은) 하지만 it's still glossy looking 그리고 no haptic touchpad.  Also,  16"" is  little on  heavy side too at \~3.3 lbs."
I'm looking for a new 2-in-1 and could use some suggestions. I was originally thinking the Lenovo Yoga 9i (or even Yoga Book 9i for the novelty) but with my current dodgy eyesight I could use a larger screen. At the moment I've been leaning towards either the Samsung Galaxy Book5 Pro 360 or LG Gram Pro 16 2-in-1. Does anyone have any opinions between the 2 or just another suggestion that I haven't thought of?,I'm looking ~을 위한  새로운 2-in-1 그리고 could 사용 some suggestions. I was originally thinking  Lenovo Yoga 9i (또는 even Yoga Book 9i ~을 위한  novelty) 하지만 ~와 함께 my current dodgy eyesight I could 사용  larger 화면. At  moment I've been leaning towards either  Samsung Galaxy Book5 Pro 360 또는 LG 그램 Pro 16 2-in-1. Does anyone have any opinions between  2 또는 just another suggestion that I haven't thought of?
"Hey r/SuggestALaptop! Amazon Prime Day 2025 is live now through **July 11**, featuring exclusive deals on a wide range of laptops from top brands like Apple, Dell, HP, and more. Whether you need a budget-friendly option or a high-end machine, there’s likely a deal for you with savings[ **up to $470 on select models**](https://www.amazon.com/primeday?_encoding=UTF8&pf_rd_p=85328aa7-c0a8-437c-9bbc-e148cc2a1ecf&pf_rd_s=nav-sitewide-msg-text&pf_rd_t=4201&pf_rd_i=navbar-4201&pf_rd_m=ATVPDKIKX0DER&pf_rd_r=B93N779PP4EW91KSGQTV&discounts-widget=%2522%257B%255C%2522state%255C%2522%253A%257B%255C%2522refinementFilters%255C%2522%253A%257B%255C%2522departments%255C%2522%253A%255B%255C%2522493964%252F541966%252F13896617011%252F565108%255C%2522%255D%257D%257D%252C%255C%2522version%255C%2522%253A1%257D%2522&linkCode=ll2&tag=graceson0d-20&linkId=ef31a1f6bf2ba5564e2536bd103807f6&language=en_US&ref_=as_li_ss_tl). Share your desired specs and budget in the comments, and I’ll help you find the best offers. Remember, these deals are for Prime members only, but you can [**sign up for a 30-day free trial**](https://www.amazon.com/amazonprime?&linkCode=ll2&tag=graceson0d-20&linkId=ddc10b69f1c21a7a387cffb7eef1a9d6&language=en_US&ref_=as_li_ss_tl) to take advantage of the savings.","Hey r/SuggestALaptop! Amazon Prime Day 2025 is live now through **July 11**, featuring exclusive deals on  wide range of 노트북들 from top brands 마음에 드는 Apple, Dell, HP, 그리고 more. Whether you need  예산-friendly 옵션 또는  high-end 기계, there’s likely  deal ~을 위한 you ~와 함께 savings[ **up ~에 $470 on select models**](https://www.amazon.com/primeday?_encoding=UTF8&pf_rd_p=85328aa7-c0a8-437c-9bbc-e148cc2a1ecf&pf_rd_s=nav-sitewide-msg-text&pf_rd_t=4201&pf_rd_i=navbar-4201&pf_rd_m=ATVPDKIKX0DER&pf_rd_r=B93N779PP4EW91KSGQTV&discounts-widget=%2522%257B%255C%2522state%255C%2522%253A%257B%255C%2522refinementFilters%255C%2522%253A%257B%255C%2522departments%255C%2522%253A%255B%255C%2522493964%252F541966%252F13896617011%252F565108%255C%2522%255D%257D%257D%252C%255C%2522version%255C%2522%253A1%257D%2522&linkCode=ll2&tag=graceson0d-20&linkId=ef31a1f6bf2ba5564e2536bd103807f6&language=en_US&ref_=as_li_ss_tl). Share your desired specs 그리고 예산 in  comments, 그리고 I’ll 도움 you find  최고의 offers. Remember, these deals are ~을 위한 Prime members only, 하지만 you can [**sign up ~을 위한  30-day free trial**](https://www.amazon.com/amazonprime?&linkCode=ll2&tag=graceson0d-20&linkId=ddc10b69f1c21a7a387cffb7eef1a9d6&language=en_US&ref_=as_li_ss_tl) ~에 take advantage of  savings."
"**The form will be like this Laptop name and link (the laptop name is the link) in price order from low to high, Price after deal, specs, and Pros and Cons.**","** form will be 마음에 드는 this 노트북 name 그리고 link ( 노트북 name is  link) in 가격 order from low ~에 high, 가격 after deal, specs, 그리고 장점 그리고 Cons.**"
**Pros and cons:**,**장점 그리고 cons:**
**Pros and cons:**,**장점 그리고 cons:**
**Pros and cons:**,**장점 그리고 cons:**
**Pros and cons:**,**장점 그리고 cons:**
**Pros and cons:**,**장점 그리고 cons:**
**Pros and cons:**,**장점 그리고 cons:**
[**Lenovo V-Series V15 Business Laptop**](https://laptopsdealer.com/product/lenovo-v-series-v15-business-laptop-15-6-fhd-1920-1080-13th-gen-intel-core-i7-13620h-40gb-ram-1tb-ssd-webcam-wi-fi-6-windows-11-pro-black-bundle-with-adata-512gb-external-ssd/) **– $764.15 after 15% off (was $899.00)**,[**Lenovo V-Series V15 비즈니스 노트북**](https://laptopsdealer.com/product/lenovo-v-series-v15-비즈니스-노트북-15-6-fhd-1920-1080-13th-gen-intel-core-i7-13620h-40gb-RAM-1tb-SSD-webcam-wi-fi-6-windows-11-pro-black-bundle-~와 함께-adata-512gb-external-SSD/) **– $764.15 after 15% off (was $899.00)**
**Pros and cons:**,**장점 그리고 cons:**
**Pros and cons:**,**장점 그리고 cons:**
"[**Lenovo ThinkPad E16 Gen 2 Business Laptop**](https://laptopsdealer.com/product/lenovo-thinkpad-e16-gen-2-business-laptop-16-fhd-display-amd-ryzen-7-7735u-32gb-ddr5-ram-1tb-ssd-fingerprint-backlit-wi-fi-6-windows-11-pro-bundle-with-targus-usb-c-100w-docking-station/) – $899.00 after 50% off (was $1,799.00)","[**Lenovo ThinkPad E16 Gen 2 비즈니스 노트북**](https://laptopsdealer.com/product/lenovo-thinkpad-e16-gen-2-비즈니스-노트북-16-fhd-디스플레이-amd-ryzen-7-7735u-32gb-ddr5-RAM-1tb-SSD-fingerprint-backlit-wi-fi-6-windows-11-pro-bundle-~와 함께-targus-USB-c-100w-docking-station/) – $899.00 after 50% off (was $1,799.00)"
**Pros and cons:**,**장점 그리고 cons:**
[**Dell Inspiron 15 3530 Touchscreen Laptop**](https://laptopsdealer.com/product/dell-inspiron-15-3530-touchscreen-laptop-business-student-laptop-computer-w-office-lifetime-win-11-pro-intel-i5-1334u-15-6-fhd-anti-glare-display-external-dvd-drive-64gb-ram-2tb-ssd/) – $899.99,[**Dell Inspiron 15 3530 터치스크린 노트북**](https://laptopsdealer.com/product/dell-inspiron-15-3530-터치스크린-노트북-비즈니스-student-노트북-컴퓨터-w-사무-lifetime-win-11-pro-intel-i5-1334u-15-6-fhd-anti-glare-디스플레이-external-dvd-drive-64gb-RAM-2tb-SSD/) – $899.99
**Pros and cons:**,**장점 그리고 cons:**
"[**Dell 16″ Touchscreen Business Laptop**](https://laptopsdealer.com/product/dell-16-inch-touchscreen-business-laptop-intel-core-7-150u-fhd-display-ai-copilot-key-fingerprint-reader-backlit-kb-w-accessory-windows-11-pro-office-pro-lifetime-32gb-ddr/) – $1,059.99","[**Dell 16″ 터치스크린 비즈니스 노트북**](https://laptopsdealer.com/product/dell-16-inch-터치스크린-비즈니스-노트북-intel-core-7-150u-fhd-디스플레이-ai-copilot-key-fingerprint-reader-backlit-kb-w-accessory-windows-11-pro-사무-pro-lifetime-32gb-ddr/) – $1,059.99"
**Pros and cons:**,**장점 그리고 cons:**
"[**HP 15.6″ Touchscreen Laptop**](https://laptopsdealer.com/product/hp-15-6-fhd-touchscreen-laptop-intel-i7-1355u10-cores-iris-xe-graphics-32gb-ram-2tb-ssd-win-11-pro-lifetime-office-pro-wi-fi-6-bluetooth-numeric-keyboard-w-accessories-natural-silver/) – $1,129.49","[**HP 15.6″ 터치스크린 노트북**](https://laptopsdealer.com/product/hp-15-6-fhd-터치스크린-노트북-intel-i7-1355u10-cores-iris-xe-graphics-32gb-RAM-2tb-SSD-win-11-pro-lifetime-사무-pro-wi-fi-6-bluetooth-numeric-키보드-w-accessories-natural-silver/) – $1,129.49"
"**Specs:** Intel Core i7-1355U (10-core, 12-thread), Intel Iris Xe Graphics, 32GB DDR4 RAM, 2TB PCIe SSD, 15.6″ FHD IPS touchscreen (anti-glare), Wi-Fi 6, Bluetooth 5.3, Windows 11 Pro, Lifetime Office Pro license.","**Specs:** Intel Core i7-1355U (10-core, 12-thread), Intel Iris Xe Graphics, 32GB DDR4 RAM, 2TB PCIe SSD, 15.6″ FHD IPS 터치스크린 (anti-glare), Wi-Fi 6, Bluetooth 5.3, Windows 11 Pro, Lifetime 사무 Pro license."
**Pros and cons:**,**장점 그리고 cons:**
**Pros and cons:**,**장점 그리고 cons:**
"[**HP Spectre x360 16 AI-Powered 2-in-1 Laptop**](https://laptopsdealer.com/product/hp-spectre-x360-ai-powered-2-in-1-laptop-16-0-touchscreen-oled-2-8k-display-intel-ultra-7-155h-32gb-lpddr5x-2tb-pcie-ssd-backlit-kb-fingerprint-win-11-pro-w-dkz-usb-port-expander/) **– $1,367.64 after 21% off (was $1,739.99)**","[**HP Spectre x360 16 AI-Powered 2-in-1 노트북**](https://laptopsdealer.com/product/hp-spectre-x360-ai-powered-2-in-1-노트북-16-0-터치스크린-oled-2-8k-디스플레이-intel-ultra-7-155h-32gb-lpddr5x-2tb-pcie-SSD-backlit-kb-fingerprint-win-11-pro-w-dkz-USB-포트-expander/) **– $1,367.64 after 21% off (was $1,739.99)**"
**Pros and cons:**,**장점 그리고 cons:**
**Pros and cons:**,**장점 그리고 cons:**
"[**LG Gram Pro 16″ Lightweight Laptop**](https://laptopsdealer.com/product/lg-gram-pro-16-inch-lightweight-laptop-computer-intel-evo-edition-powered-by-intel-core-ultra7-258v-processor-copilot-windows-11-home-32gb-ram-2tb-ssd-metal-gray/) **– $1,684.99 after 23% off (was $2,199.99)**","[**LG 그램 Pro 16″ 가벼운 노트북**](https://laptopsdealer.com/product/lg-gram-pro-16-inch-가벼운-노트북-컴퓨터-intel-evo-edition-powered-by-intel-core-ultra7-258v-processor-copilot-windows-11-home-32gb-RAM-2tb-SSD-metal-gray/) **– $1,684.99 after 23% off (was $2,199.99)**"
**Pros and cons:**,**장점 그리고 cons:**
"[**LG Gram Pro 17″ Lightweight Laptop** ](https://laptopsdealer.com/product/lg-gram-pro-17-inch-lightweight-laptop-computer-intel-evo-edition-powered-by-intel-core-ultra7-255h-processor-windows-11-home-16gb-ram-1tb-ssd-obsidian-black/)**– $1,684.99 after 23% off (was $2,199.99)**","[**LG 그램 Pro 17″ 가벼운 노트북** ](https://laptopsdealer.com/product/lg-gram-pro-17-inch-가벼운-노트북-컴퓨터-intel-evo-edition-powered-by-intel-core-ultra7-255h-processor-windows-11-home-16gb-RAM-1tb-SSD-obsidian-black/)**– $1,684.99 after 23% off (was $2,199.99)**"
**Pros and cons:**,**장점 그리고 cons:**
**Pros and cons:**,**장점 그리고 cons:**
**Pros and cons:**,**장점 그리고 cons:**
**Pros and cons:**,**장점 그리고 cons:**
**Pros and cons:**,**장점 그리고 cons:**
[Microsoft Surface Pro 2-in-1](https://www.amazon.com/Microsoft-Surface-Touchscreen-Snapdragon-Platinum/dp/B0DZ4NT67T/?tag=bkadamos_alltest0e-20) 685$,[Microsoft Surface Pro 2-in-1](https://www.amazon.com/Microsoft-Surface-터치스크린-Snapdragon-Platinum/dp/B0DZ4NT67T/?tag=bkadamos_alltest0e-20) 685$
[Microsoft Surface Pro 2-in-1](https://www.amazon.com/Microsoft-Surface-Touchscreen-Snapdragon-Platinum/dp/B0CXKTL1SK/?tag=bkadamos_alltest0e-20) 869$,[Microsoft Surface Pro 2-in-1](https://www.amazon.com/Microsoft-Surface-터치스크린-Snapdragon-Platinum/dp/B0CXKTL1SK/?tag=bkadamos_alltest0e-20) 869$
[SAMSUNG 16” Galaxy Book5 Pro 360](https://www.amazon.com/Business-Ultra-Processor-Touchscreen-NP964QHA-KG2US/dp/B0DVCBC68J/?tag=bkadamos_alltest0e-20) 1649$,[SAMSUNG 16” Galaxy Book5 Pro 360](https://www.amazon.com/비즈니스-Ultra-Processor-터치스크린-NP964QHA-KG2US/dp/B0DVCBC68J/?tag=bkadamos_alltest0e-20) 1649$
[LG gram Pro 16-inch](https://www.amazon.com/LG-16-inch-Lightweight-Computer-Processor/dp/B0F1Z2PSL9/?tag=bkadamos_block2-20) 1685$,[LG 그램 Pro 16-inch](https://www.amazon.com/LG-16-inch-가벼운-컴퓨터-Processor/dp/B0F1Z2PSL9/?tag=bkadamos_block2-20) 1685$
[LG gram Pro 17](https://www.amazon.com/LG-17-inch-Lightweight-Computer-Processor/dp/B0F1YZJYFN/?tag=bkadamos_alltest0e-20) 1685$,[LG 그램 Pro 17](https://www.amazon.com/LG-17-inch-가벼운-컴퓨터-Processor/dp/B0F1YZJYFN/?tag=bkadamos_alltest0e-20) 1685$
* LG Gram Pro 17,* LG 그램 Pro 17
"I am pre-service teacher, was using galaxy book 360 Pro (1st gen), and looking forward to purchase either 14inch 2 in 1 laptop or tablet with keyboard case because my prrvious one is completely dead that the repair store told me it will cost same amount as buying a new one.","I am pre-서비스 teacher, was 사용하는 galaxy book 360 Pro (1st gen), 그리고 looking forward ~에 purchase either 14inch 2 in 1 노트북 또는 tablet ~와 함께 키보드 case because my prrvious one is completely dead that  repair store told me it will cost same amount as buying  새로운 one."
Microsoft Surface Pro 12in,Microsoft Surface Pro 12in
"I currently use the LG Gram Style, a 16-inch laptop with a 3200x2000 OLED display, an Intel 1360p 32GB RAM, 2TB of storage, and most importantly, it weighs only 1.23kg. It is however starting to get a bit slow for editing, its battery life is horrendous, and its lack of IO is rather annoying, and thus I'm looking for something, even just a bit faster, but that keeps pretty much all the same strengths of that one. So,","I currently 사용  LG 그램 Style,  16-inch 노트북 ~와 함께  3200x2000 OLED 디스플레이,  Intel 1360p 32GB RAM, 2TB of 저장장치, 그리고 most importantly, it weighs only 1.23kg. It is however starting ~에 get  bit 느린 ~을 위한 편집, its 배터리 수명 is horrendous, 그리고 its lack of IO is rather annoying, 그리고 thus I'm looking ~을 위한 something, even just  bit faster, 하지만 that keeps pretty much all  same strengths of that one. So,"
"**LG Gram Pro 16** \- I can get for $1,215 with complicated deals through the LG partner store","**LG 그램 Pro 16** \- I can get ~을 위한 $1,215 ~와 함께 complicated deals through  LG partner store"
LG Gram Pro vs. surface laptop,LG 그램 Pro vs. surface 노트북
"Specifically the LG Gram Pro 16Z90TS (which I was looking at without knowing about the collaboration this subreddit did) vs. the Surface Laptop for Business 15"" (the latest one).","Specifically  LG 그램 Pro 16Z90TS (which I was looking at without knowing about  collaboration this subreddit did) vs.  Surface 노트북 ~을 위한 비즈니스 15"" ( latest one)."
"I was looking at the Surface initially because I have a Surface Pro that has worked well for a while, so I knew the quality to expect, but upon further research I found the LG Gram line and it seems to be a much better value.","I was looking at  Surface initially because I have  Surface Pro that has worked well ~을 위한  while, so I knew  품질 ~에 expect, 하지만 upon further research I found  LG 그램 line 그리고 it seems ~에 be  much 더 나은 가치."
"1. LG Gram Pro 16"" OLED ($2,400) Intel Ultra 7, 32GB RAM, 2TB SSD, RTX 3050","1. LG 그램 Pro 16"" OLED ($2,400) Intel Ultra 7, 32GB RAM, 2TB SSD, RTX 3050"
"2. Dell Pro Max 16 ($2,400) Intel Ultra 5, 32GB RAM, 1TB SSD, Intel Integrated","2. Dell Pro Max 16 ($2,400) Intel Ultra 5, 32GB RAM, 1TB SSD, Intel Integrated"
"LG Gram Pro 16Z90TS, Hybrid AI Laptop - Review","LG 그램 Pro 16Z90TS, Hybrid AI 노트북 - Review"
"# LG Gram Pro 16Z90TS, Hybrid AI Laptop – Crazy Thin, Surprisingly Capable","# LG 그램 Pro 16Z90TS, Hybrid AI 노트북 – Crazy 얇은, Surprisingly Capable"
"LG Gram Pro (2025) with Onboard AI - Thin, Light, and Capable","LG 그램 Pro (2025) ~와 함께 Onboard AI - 얇은, 가벼운, 그리고 Capable"
"Overall, the onboard AI capabilities have quite a few beneficial aspects. I was mildly hesitant about what to expect, but will definitely take advantage of some of the features and the conveniences they offer and look forward to playing with the capabilities further.","Overall,  onboard AI capabilities have quite  few beneficial aspects. I was mildly hesitant about what ~에 expect, 하지만 will definitely take advantage of some of  기능들 그리고  conveniences they offer 그리고 look forward ~에 playing ~와 함께  capabilities further."
"📌 Review of the new 2025 LG Gram Pro 17Z90TP AI Laptop; Lightest 17"" Laptop ever ! 📌","📌 Review of  새로운 2025 LG 그램 Pro 17Z90TP AI 노트북; Lightest 17"" 노트북 ever ! 📌"
**LG Gram Pro 17Z90TP - In-Depth Q&A Review**,**LG 그램 Pro 17Z90TP - In-Depth Q& Review**
"The LG Gram series has always intrigued me due to its promise of extreme portability without sacrificing power. However, I had never owned one before, so when LG sent me the Gram Pro 17Z90TP for an early, hands-on review, I was excited to see if it lived up to the reputation. This review is based on my real-world experience with the laptop, focusing on key aspects like build quality, display, performance, battery life, AI features, and more.","LG 그램 series has always intrigued me due ~에 its promise of extreme portability without sacrificing 전력. However, I had never owned one before, so when LG sent me  Gram Pro 17Z90TP ~을 위한  early, hands-on review, I was excited ~에 see if it lived up ~에  reputation. This review is based on my real-world experience ~와 함께  노트북, focusing on key aspects 마음에 드는 제작 품질, 디스플레이, 성능, 배터리 수명, AI 기능들, 그리고 more."
"**Q: What are your first impressions of the LG Gram Pro 17Z90TP?** A: This is the first LG Gram I’ve had the chance to use, and I was excited to finally experience a laptop from this highly regarded ultra-lightweight series. The first thing that struck me was just how light it is—at just 3.02 lbs, it feels even lighter than expected for a 17” laptop. LG’s commitment to portability without sacrificing performance is immediately noticeable. However, the magnesium chassis raises some concerns about durability, and while the design is sleek, it doesn’t exude the premium feel of other ultrabooks in its class.","**Q: What are your first impressions of  LG 그램 Pro 17Z90TP?** : This is  first LG 그램 I’ve had  chance ~에 사용, 그리고 I was excited ~에 finally experience  노트북 from this highly regarded ultra-가벼운 series.  first thing that struck me was just how 가벼운 it is—at just 3.02 lbs, it feels even lighter than expected ~을 위한  17” 노트북. LG’s commitment ~에 portability without sacrificing 성능 is immediately noticeable. However,  magnesium chassis raises some concerns about durability, 그리고 while  디자인 is sleek, it doesn’t exude  premium feel of other ultrabooks in its class."
[Inside of the LG Gram Pro 17Z90TP](https://preview.redd.it/czqed9131ase1.png?width=976&format=png&auto=webp&s=3b991f5a8b6f5b6917e3ed2267b3d56a8703e977),[Inside of  LG 그램 Pro 17Z90TP](https://preview.redd.it/czqed9131ase1.png?width=976&format=png&auto=webp&s=3b991f5a8b6f5b6917e3ed2267b3d56a8703e977)
**Pros & Cons**,**장점 & Cons**
**Pros:**,**장점:**
"|Processor|13th Generation Intel® Core i7-1365U vPro|13th Generation Intel((R) Core(TM) i7-1365U vPro (12 MB cache, 10 cores, up to 5.2 GHz)|","|Processor|13th Generation Intel® Core i7-1365U vPro|13th Generation Intel((R) Core(TM) i7-1365U vPro (12 MB cache, 10 cores, up ~에 5.2 GHz)|"
"[REVIEW] LG Gram Pro 16""","[REVIEW] LG 그램 Pro 16"""
"Hey r/SuggestALaptop! I was lucky enough to win the **LG gram Pro 16Z90TS** through the LG x Reddit giveaway, and as part of the deal, I’m here to share my honest review after using it for a week. I’ve never had a laptop quite like this, especially one that calls itself an AI Laptop, so I was curious how that would translate into real-world use.","Hey r/SuggestALaptop! I was lucky enough ~에 win  **LG 그램 Pro 16Z90TS** through  LG x Reddit giveaway, 그리고 as part of  deal, I’m here ~에 share my honest review after 사용하는 it ~을 위한  week. I’ve never had  노트북 quite 마음에 드는 this, especially one that calls itself  AI 노트북, so I was curious how that would translate into real-world 사용."
"This generation's LG gram Pro is their first Hybrid AI laptop, which comes from its blend of on-device AI with cloud-based GPT-4 AI. I was skeptical at first—AI in laptops always sounded like buzzwords—but this was surprisingly helpful.","This generation's LG 그램 Pro is their first Hybrid AI 노트북, which comes from its blend of on-기기 AI ~와 함께 cloud-based GPT-4 AI. I was skeptical at first—AI in 노트북들 always sounded 마음에 드는 buzzwords—하지만 this was surprisingly helpful."
LG Gram Pro 16Z90TS - Ultra Portable with AI Features,LG 그램 Pro 16Z90TS - Ultra 휴대용 ~와 함께 AI 기능들
***LG Gram Pro 16Z90TS Ultra Portable with AI Features***,***LG 그램 Pro 16Z90TS Ultra 휴대용 ~와 함께 AI 기능들***
"Not too shabby here for an igpu. Tthe 140v is an impressive unit. I was able to keep 100+ fps in rocket league by turning off some effects, and turning down particle and texture detail. You can keep silly games like fall guys maxed and it will keep 60fps. Also enjoyed playing some mx v atv reflex (I know super old game but easy to kill time in freeplay and don’t need wifi). I think the gpu maxed at 40% on that one. Forza Horizon 5 ran great too using their optimized settings which put everything at high, was maintaining 50-60fps [quick clip included](https://imgur.com/wDv30te). The gram pro achieves exactly what I was looking for,  some basic gaming performance in a light/thin laptop.","Not too shabby here ~을 위한  igpu. Tthe 140v is  impressive unit. I was able ~에 keep 100+ fps in rocket league by turning off some effects, 그리고 turning down particle 그리고 texture detail. You can keep silly games 마음에 드는 fall guys maxed 그리고 it will keep 60fps. Also enjoyed playing some mx v atv reflex (I know super 오래된 game 하지만 easy ~에 kill time in freeplay 그리고 don’t need wifi). I think  gpu maxed at 40% on that one. Forza Horizon 5 ran 훌륭한 too 사용하는 their optimized settings which put everything at high, was maintaining 50-60fps [quick clip included](https://imgur.com/wDv30te).  gram pro achieves exactly what I was looking ~을 위한,  some basic 게임 성능 in  가벼운/얇은 노트북."
"Overall I find the lg gram pro to be a fantastic laptop that has converted me to a big screen believer. I really had no intention of getting anything above 14-15in. I wanted something sleek and easy to travel with. If I’m being honest, after I found that sweet refurb deal I considered selling this after doing the review. However the gram pro is so light and sleek I found it more comfortable to use than the smaller Lenovo. I am loving the bigger screen; it actually allows windows to be side by side and still usable. The screen is incredibly smooth with great color making it a joy to use as a daily driver. It’s really a great choice if you’re looking for a big laptop that’s ultra portable, I don’t think anything beats it there. Like I mentioned above, if you’re more concerned with the best screen (though curious about oled version), or highest build quality, there are some better choices out there. I thought I’d miss the lenovo aura screen at first, but I found the smoothness and reflection handling on gram pro to be a bigger plus. Looking forward to seeing how the ai features evolve as well. Let me know if you have any questions and I’ll do my best to answer!","Overall I find  LG 그램 pro ~에 be  fantastic 노트북 that has converted me ~에  big 화면 believer. I really had no intention of getting anything above 14-15in. I wanted something sleek 그리고 easy ~에 travel ~와 함께. If I’m being honest, after I found that sweet refurb deal I considered selling this after doing  review. However  gram pro is so 가벼운 그리고 sleek I found it more comfortable ~에 사용 than  smaller Lenovo. I am loving  bigger 화면; it actually allows windows ~에 be side by side 그리고 still usable.  화면 is incredibly 부드러운 ~와 함께 훌륭한 색상 making it  joy ~에 사용 as  매일 driver. It’s really  훌륭한 선택 if you’re looking ~을 위한  big 노트북 that’s ultra 휴대용, I don’t think anything beats it there. 마음에 드는 I mentioned above, if you’re more concerned ~와 함께  최고의 화면 (though curious about oled 버전), 또는 highest 제작 품질, there are some 더 나은 choices out there. I thought I’d miss  lenovo aura 화면 at first, 하지만 I found  smoothness 그리고 reflection handling on gram pro ~에 be  bigger plus. Looking forward ~에 seeing how  ai 기능들 evolve as well. Let me know if you have any questions 그리고 I’ll do my 최고의 ~에 answer!"
An honest AI Laptop review: 2025’s LG Gram Pro 16” (16Z90TS),honest AI 노트북 review: 2025’s LG 그램 Pro 16” (16Z90TS)
"LG has taken advantage of Intel’s fantastic Lunar Lake series of chips and its included NPU for an on-device version of Gram Chat in addition to the cloud based version. Compared to the GPT-4 cloud based version, the on-device software has a more limited feature set including a search function that puts the windows search bar to shame, and an auto-summarizer tool that based on my experience can be a little hit or miss. It's not that the software isn't useful, but on a device that is already Microsoft Copilot compatible, the Cloud version of LG’s Gram Chat often finds itself as the second best option. The main caveat is that Copilot requires an active internet connection to function so Gram Chat on-device can still give access to basic AI features when offline. I can appreciate this functionality and see work situations when this tool could be useful such as when visiting clients or working in remote places, however this sentiment does not extend to Gram Chat Cloud. Instead of building what feels like a Copilot competitor, I wish LG had leaned more into expanding the features of the on-device version. The included Intel Core Ultra 9 288V’s NPU can absolutely handle more than it is being tasked with and it feels like a bit of a missed opportunity. That being said, the software also has to work across a much wider variety of laptops, most with less compute power then this particular machine so it is likely this software will get better once it is no longer being held back by slower devices. I do think LG is on the right pathway and remain hopeful that Gram Chat On-Device will be expanded in future over the air updates from LG with a wider and more demanding feature set.","LG has taken advantage of Intel’s fantastic Lunar Lake series of chips 그리고 its included NPU ~을 위한  on-기기 버전 of Gram Chat in addition ~에  cloud based 버전. Compared ~에  GPT-4 cloud based 버전,  on-기기 software has  more limited feature set including  search function that puts  windows search bar ~에 shame, 그리고  auto-summarizer tool that based on my experience can be  little hit 또는 miss. It's not that  software isn't useful, 하지만 on  기기 that is already Microsoft Copilot compatible,  Cloud 버전 of LG’s Gram Chat often finds itself as  second 최고의 옵션.  main caveat is that Copilot requires  active internet 연결 ~에 function so Gram Chat on-기기 can still give access ~에 basic AI 기능들 when offline. I can appreciate this functionality 그리고 see 작업 situations when this tool could be useful such as when visiting clients 또는 작업하는 in remote places, however this sentiment does not extend ~에 Gram Chat Cloud. Instead of building what feels 마음에 드는  Copilot competitor, I wish LG had leaned more into expanding  기능들 of  on-기기 버전.  included Intel Core Ultra 9 288V’s NPU can absolutely handle more than it is being tasked ~와 함께 그리고 it feels 마음에 드는  bit of  missed opportunity. That being said,  software also has ~에 작업 across  much wider variety of 노트북들, most ~와 함께 less compute 전력 then this particular 기계 so it is likely this software will get 더 나은 once it is no longer being held back by slower devices. I do think LG is on  right pathway 그리고 remain hopeful that Gram Chat On-기기 will be expanded in future over  air updates from LG ~와 함께  wider 그리고 more demanding feature set."
"Prior to this review, my previous experience with LG’s Gram 14” from 2019 left me disappointed by the device’s performance, subpar battery, thermal management, noise, and flex in the chassis. I am happy to report that after spending some time with LG’s Gram Pro 16”, most if not all of these issues have been solved. The base Gram remains the leader of the ultraportable class of laptops, and the new Gram Pro reclaims its throne once again as the King of the premium ultraportable market segment. If you had told 16 year old me that there would one day be a 16” laptop this powerful with this much battery that weighs 2.7 lbs and is less than half an inch thick, I would have laughed, rolled my eyes, then gone back to goofing off with my 8 lb Dell XPS.","Prior ~에 this review, my previous experience ~와 함께 LG’s Gram 14” from 2019 left me disappointed by  기기’s 성능, subpar 배터리, thermal management, noise, 그리고 flex in  chassis. I am 만족하는 ~에 report that after spending some time ~와 함께 LG’s Gram Pro 16”, most if not all of these issues have been solved.  base Gram remains  leader of  ultraportable class of 노트북들, 그리고  새로운 Gram Pro reclaims its throne once again as  King of  premium ultraportable market segment. If you had told 16 year 오래된 me that there would one day be  16” 노트북 this 강력한 ~와 함께 this much 배터리 that weighs 2.7 lbs 그리고 is less than half  inch thick, I would have laughed, rolled my eyes, then gone back ~에 goofing off ~와 함께 my 8 lb Dell XPS."
"The overall build quality of this device is sublime. For its size the Gram Pro 16” is impressively sturdy with minimal keyboard, chassis, and screen flex. Bezels are appropriately thin,","overall 제작 품질 of this 기기 is sublime. ~을 위한 its size  Gram Pro 16” is impressively sturdy ~와 함께 minimal 키보드, chassis, 그리고 화면 flex. Bezels are appropriately 얇은,"
"The integrated Arc 140V 16gb got a TimeSpy score of 4525 and can somehow on low/medium settings provide 40+ fps in both Baldur's Gate 3 and Cyberpunk 2077 while maxing out at only 15w of power. On less demanding games, expect even higher frame rates to take advantage of the included 144hz display.","integrated Arc 140V 16gb got  TimeSpy score of 4525 그리고 can somehow on low/medium settings provide 40+ fps in both Baldur's Gate 3 그리고 Cyberpunk 2077 while maxing out at only 15w of 전력. On less demanding games, expect even higher frame rates ~에 take advantage of  included 144hz 디스플레이."
"I have been a PC gamer for 15+ years now and honestly, this floored me. This integrated GPU has similar performance to the dedicated Nvidia RTX 3050 mobile which sucks back 35-45w or over twice the power to give the same results. This means significantly better battery life, lower temperatures, quieter fan noise, and a thinner lighter device all without sacrificing performance when you need it. With last year’s Gram Pro rocking the aforementioned RTX 3050, this is a huge generation over generation improvement for LG. The efficiency gains with this absolute beauty of a chip are plain to see and there are few laptops out there better suited than the new Gram Pro 16” to take advantage. Pretty much the only negative I have about Intel’s new flagship laptop chip is the increasingly nonsensical naming scheme. The included 32gb of LPDDR5X RAM and 2TB of storage space are the cherries on top of an already solid device.","I have been  PC gamer ~을 위한 15+ 년 now 그리고 honestly, this floored me. This integrated GPU has similar 성능 ~에  dedicated Nvidia RTX 3050 mobile which sucks back 35-45w 또는 over twice  전력 ~에 give  same results. This means significantly 더 나은 배터리 수명, lower temperatures, quieter fan noise, 그리고  thinner lighter 기기 all without sacrificing 성능 when you need it. ~와 함께 last year’s Gram Pro rocking  aforementioned RTX 3050, this is  huge generation over generation improvement ~을 위한 LG.  efficiency gains ~와 함께 this absolute beauty of  chip are plain ~에 see 그리고 there are few 노트북들 out there 더 나은 suited than  새로운 Gram Pro 16” ~에 take advantage. Pretty much  only negative I have about Intel’s 새로운 flagship 노트북 chip is  increasingly nonsensical naming scheme.  included 32gb of LPDDR5X RAM 그리고 2TB of 저장장치 space are  cherries on top of  already solid 기기."
"Much like a lawyer’s favorite response, the answer to this question is “It depends.” What works for me may or may not work for you given your specific use case, but for those whose needs match the strengths of the 2025 LG Gram Pro 16”, this laptop comes as an easy recommendation providing the price is right. If you need a laptop for work or school, plan to travel frequently, expect to do any sort of light AI or machine learning tasks, and value efficiency, thinness, and lightness over all else, then this device is absolutely for you. If you value raw maximum performance, want to do heavy gaming, or have a very limited budget then you may be better off with something else. Just don't expect something quite as nice as this.","Much 마음에 드는  lawyer’s favorite response,  answer ~에 this question is “It depends.” What works ~을 위한 me may 또는 may not 작업 ~을 위한 you given your specific 사용 case, 하지만 ~을 위한 those whose needs match  strengths of  2025 LG 그램 Pro 16”, this 노트북 comes as  easy recommendation providing  가격 is right. If you need  노트북 ~을 위한 작업 또는 school, plan ~에 travel frequently, expect ~에 do any sort of 가벼운 AI 또는 기계 learning tasks, 그리고 가치 efficiency, thinness, 그리고 lightness over all else, then this 기기 is absolutely ~을 위한 you. If you 가치 raw maximum 성능, want ~에 do heavy 게임, 또는 have  very limited 예산 then you may be 더 나은 off ~와 함께 something else. Just don't expect something quite as nice as this."
The LG Gram Pro laptop absolutely exceeded my expectations in every category!,LG 그램 Pro 노트북 absolutely exceeded my expectations in every category!
📌User Reviews of LG New AI Laptops (LG gram Pro 16 16Z90TS-G.AUG9U1 &  LG Gram Pro 17Z90TP-G.ADB7U1)- See what these users have to say about these two laptops ahead of their official launch on the market 📌,📌사용자 Reviews of LG 새로운 AI 노트북들 (LG 그램 Pro 16 16Z90TS-G.AUG9U1 &  LG 그램 Pro 17Z90TP-G.ADB7U1)- See what these users have ~에 say about these two 노트북들 ahead of their official launch on  market 📌
We recently had a competition here in the r/SuggestALaptop community in collaboration with LG where 10 lucky users were given either the new [LG gram Pro 16 16Z90TS-G.AUG9U1](https://www.lg.com/us/laptops/lg-16z90ts-g.aug9u1-gram-laptop) OR the [LG Gram Pro 17Z90TP-G.ADB7U1](https://www.lg.com/us/laptops/lg-17z90tp-g.adb7u1-gram-laptop). The agreement with these winners was that they would do written reviews of these laptops expressing how they feel about the features of the laptop after putting them through various tests.,We recently had  competition here in  r/SuggestALaptop community in collaboration ~와 함께 LG where 10 lucky users were given either  새로운 [LG 그램 Pro 16 16Z90TS-G.AUG9U1](https://www.lg.com/us/노트북들/lg-16z90ts-g.aug9u1-gram-노트북) 또는  [LG 그램 Pro 17Z90TP-G.ADB7U1](https://www.lg.com/us/노트북들/lg-17z90tp-g.adb7u1-gram-노트북).  agreement ~와 함께 these winners was that they would do written reviews of these 노트북들 expressing how they feel about  기능들 of  노트북 after putting them through various tests.
# [My  Review of the LG Gram Pro 17Z90TP AI Laptop](https://www.reddit.com/r/SuggestALaptop/comments/1jp5ppl/review_of_the_new_2025_lg_gram_pro_17z90tp_ai/?utm_source=share&utm_medium=web3x&utm_name=web3xcss&utm_term=1&utm_content=share_button),# [My  Review of  LG 그램 Pro 17Z90TP AI 노트북](https://www.reddit.com/r/SuggestALaptop/comments/1jp5ppl/review_of_the_new_2025_lg_gram_pro_17z90tp_ai/?utm_source=share&utm_medium=web3x&utm_name=web3xcss&utm_term=1&utm_content=share_button)
* [LG Gram Pro 16Z90TS Review](https://www.reddit.com/r/SuggestALaptop/comments/1jin0ze/lg_gram_pro_16z90ts_review_ai_integration_done/?utm_source=share&utm_medium=web3x&utm_name=web3xcss&utm_term=1&utm_content=share_button) by u/elvinelmoLG,* [LG 그램 Pro 16Z90TS Review](https://www.reddit.com/r/SuggestALaptop/comments/1jin0ze/lg_gram_pro_16z90ts_review_ai_integration_done/?utm_source=share&utm_medium=web3x&utm_name=web3xcss&utm_term=1&utm_content=share_button) by u/elvinelmoLG
* [LG Gram Pro 16Z90TS Review](https://www.reddit.com/r/SuggestALaptop/comments/1jlfboa/an_honest_ai_laptop_review_2025s_lg_gram_pro_16/) by u/[Mazeltiger](https://www.reddit.com/user/Mazeltiger/),* [LG 그램 Pro 16Z90TS Review](https://www.reddit.com/r/SuggestALaptop/comments/1jlfboa/an_honest_ai_laptop_review_2025s_lg_gram_pro_16/) by u/[Mazeltiger](https://www.reddit.com/사용자/Mazeltiger/)
* [LG Gram Pro (2025) with Onboard AI](https://www.reddit.com/r/SuggestALaptop/comments/1jpl7mh/lg_gram_pro_2025_with_onboard_ai_thin_light_and/?utm_source=share&utm_medium=web3x&utm_name=web3xcss&utm_term=1&utm_content=share_button) by u/[CrizzyBill](https://www.reddit.com/user/CrizzyBill/),* [LG 그램 Pro (2025) ~와 함께 Onboard AI](https://www.reddit.com/r/SuggestALaptop/comments/1jpl7mh/lg_gram_pro_2025_with_onboard_ai_thin_light_and/?utm_source=share&utm_medium=web3x&utm_name=web3xcss&utm_term=1&utm_content=share_button) by u/[CrizzyBill](https://www.reddit.com/사용자/CrizzyBill/)
"* [LG gram Pro 17"" Review](https://www.reddit.com/r/SuggestALaptop/comments/1jph7m9/lg_gram_pro_17_review_a_realworld_perspective_of/?utm_source=share&utm_medium=web3x&utm_name=web3xcss&utm_term=1&utm_content=share_button) by [Dramatic-Opinion1403](https://www.reddit.com/user/Dramatic-Opinion1403/)","* [LG 그램 Pro 17"" Review](https://www.reddit.com/r/SuggestALaptop/comments/1jph7m9/lg_gram_pro_17_review_a_realworld_perspective_of/?utm_source=share&utm_medium=web3x&utm_name=web3xcss&utm_term=1&utm_content=share_button) by [Dramatic-Opinion1403](https://www.reddit.com/사용자/Dramatic-Opinion1403/)"
* [LG Gram Pro 16Z90TS](https://www.reddit.com/r/SuggestALaptop/comments/1jm0mwq/lg_gram_pro_16z90ts_ultra_portable_with_ai/?utm_source=share&utm_medium=web3x&utm_name=web3xcss&utm_term=1&utm_content=share_button) Review by u/[mrdobalinaa](https://www.reddit.com/user/mrdobalinaa/),* [LG 그램 Pro 16Z90TS](https://www.reddit.com/r/SuggestALaptop/comments/1jm0mwq/lg_gram_pro_16z90ts_ultra_portable_with_ai/?utm_source=share&utm_medium=web3x&utm_name=web3xcss&utm_term=1&utm_content=share_button) Review by u/[mrdobalinaa](https://www.reddit.com/사용자/mrdobalinaa/)
LG Gram Pro 16Z90TS Review – AI Integration Done Right?  #AI Laptop,LG 그램 Pro 16Z90TS Review – AI Integration Done Right?  #AI 노트북
"The 2025 LG Gram Pro 16Z90TS is packed with cutting-edge specs, but the real highlight is its AI-driven features, instead of dwelling on the hardware details—which you can see in the specs. I want to focus on the AI capabilities and my hands-on experience using them over the past week.","2025 LG 그램 Pro 16Z90TS is packed ~와 함께 cutting-edge specs, 하지만  real highlight is its AI-driven 기능들, instead of dwelling on  hardware details—which you can see in  specs. I want ~에 focus on  AI capabilities 그리고 my hands-on experience 사용하는 them over  past week."
"The LG Gram Pro offers both On-Device AI and Cloud AI, allowing for AI-driven features without always needing an internet connection. This is especially useful for people who travel frequently or work in areas with unstable Wi-Fi. While I personally have a solid internet connection at home and work, I tested it by turning off Wi-Fi, and the AI features still functioned smoothly. Having AI work offline is a major plus for reliability.","LG 그램 Pro offers both On-기기 AI 그리고 Cloud AI, allowing ~을 위한 AI-driven 기능들 without always needing  internet 연결. This is especially useful ~을 위한 people who travel frequently 또는 작업 in areas ~와 함께 unstable Wi-Fi. While I personally have  solid internet 연결 at home 그리고 작업, I tested it by turning off Wi-Fi, 그리고  AI 기능들 still functioned smoothly. Having AI 작업 offline is  major plus ~을 위한 reliability."
📌💻✨LG Gram x r/SuggestALaptop: LG gram Pro AI Laptop Giveaway- Enter to be one of 10 SAL users to get one of the newest LG laptops on the market to Review and to keep! ✨💻 📌,📌💻✨LG 그램 x r/SuggestALaptop: LG 그램 Pro AI 노트북 Giveaway- Enter ~에 be one of 10 SAL users ~에 get one of  newest LG 노트북들 on  market ~에 Review 그리고 ~에 keep! ✨💻 📌
ASUS Zenbook S14 vs. Lenovo Yoga Slim 7i Aura 15 vs. LG gram Pro 16/17 - which would you choose?,ASUS Zenbook S14 vs. Lenovo Yoga 슬림한 7i Aura 15 vs. LG 그램 Pro 16/17 - which would you choose?
"[LG gram Pro 16 - $1,550.00](https://www.amazon.com/LG-16-inch-Lightweight-Laptop-Intel/dp/B0CTD2QP53/ref=asc_df_B0CTD2QP53?th=1)  |  [LG gram Pro 17 - $1,596.98](https://www.amazon.com/LG-16-inch-Lightweight-Laptop-Intel/dp/B0CTD2QP53/ref=asc_df_B0CTD2QP53?th=1)","[LG 그램 Pro 16 - $1,550.00](https://www.amazon.com/LG-16-inch-가벼운-노트북-Intel/dp/B0CTD2QP53/ref=asc_df_B0CTD2QP53?th=1)  |  [LG 그램 Pro 17 - $1,596.98](https://www.amazon.com/LG-16-inch-가벼운-노트북-Intel/dp/B0CTD2QP53/ref=asc_df_B0CTD2QP53?th=1)"
Alternatives to Galaxy Book5 Pro 360,Alternatives ~에 Galaxy Book5 Pro 360
"I'm looking into a laptop for university, one with pen support and 360 mode for writing notes and drawing. It seems to me like the best option is Samsung's Book5 Pro 360, but I wanted to see if anyone had any recommendations. Some things that are important to me:","I'm looking into  노트북 ~을 위한 university, one ~와 함께 pen 지원 그리고 360 mode ~을 위한 writing notes 그리고 drawing. It seems ~에 me 마음에 드는  최고의 옵션 is Samsung's Book5 Pro 360, 하지만 I wanted ~에 see if anyone had any recommendations. Some things that are important ~에 me:"
"I've narrowed it down to the Samsung Book 5 Pro 360, LG Gram Pro 2 in 1 OLED (Hopefully the 2025 version if that comes out soon) and Lenovo Yoga 9i ""Aura edition""","I've narrowed it down ~에  Samsung Book 5 Pro 360, LG 그램 Pro 2 in 1 OLED (Hopefully  2025 버전 if that comes out soon) 그리고 Lenovo Yoga 9i ""Aura edition"""
"I've narrowed it down to the Samsung Book 5 Pro 360, LG Gram Pro 2 in 1 OLED (Hopefully the 2025 version if that comes out soon) and Lenovo Yoga 9i ""Aura edition""","I've narrowed it down ~에  Samsung Book 5 Pro 360, LG 그램 Pro 2 in 1 OLED (Hopefully  2025 버전 if that comes out soon) 그리고 Lenovo Yoga 9i ""Aura edition"""
"LG Gram Pro 16 Ultra-thin and Lightweight Creator Laptop 16"" WQXGA+ OLED (DCI-P3 100%) Intel 16-Core Ultra7 155H 32GB DDR5 1TB SSD Backlit Thunderbolt4 Long-Lasting Battery Win11 Black","LG 그램 Pro 16 Ultra-얇은 그리고 가벼운 Creator 노트북 16"" WQXGA+ OLED (DCI-P3 100%) Intel 16-Core Ultra7 155H 32GB DDR5 1TB SSD Backlit Thunderbolt4 Long-Lasting 배터리 Win11 Black"
anything ultralight oled 16/17 that can compete with lg gram pro 16?,anything ultralight oled 16/17 that can compete ~와 함께 LG 그램 pro 16?
"i have the lg gram 16 pro rtx oled 2024, and its great. im just wondering if there is anything else thats around the same weight (less than 25% heavier), and is oled and has at least the same gfx. or is lg gram the only option.","i have  LG 그램 16 pro rtx oled 2024, 그리고 its 훌륭한. im just wondering if there is anything else thats around  same 무게 (less than 25% heavier), 그리고 is oled 그리고 has at least  same gfx. 또는 is LG 그램  only 옵션."
"(2) Surface 11 Pro for Business (Intel) - Intel 268V, already out. Benefit is light and easy to cary around the house like an iPad; drawback: smaller screen, slower CPU","(2) Surface 11 Pro ~을 위한 비즈니스 (Intel) - Intel 268V, already out. Benefit is 가벼운 그리고 easy ~에 cary around  house 마음에 드는  iPad; drawback: smaller 화면, slower CPU"
"(4) ProArt 13 / Samsung Galaxy Book 5 Pro 360 / other 2 in 1 - benefit: laptop with keyboard, tent mode; drawback, no dual screen, thick & heavy?","(4) ProArt 13 / Samsung Galaxy Book 5 Pro 360 / other 2 in 1 - benefit: 노트북 ~와 함께 키보드, tent mode; drawback, no dual 화면, thick & heavy?"
"Most reviews of the Aspires are positive but overall say it's a bit meh. The older model (-57) has a 12th-gen H series chip, while the newer model has a 13th-gen U series chip. I'm not sure my budget will stretch to a A515-58GM, [which seemingly can come with a 13th-gen H series chip](https://laptopmedia.com/series/acer-aspire-5-a515-58gm/), and I don't need the gamer features.","Most reviews of  Aspires are positive 하지만 overall say it's  bit meh.  older 모델 (-57) has  12th-gen H series chip, while  newer 모델 has  13th-gen U series chip. I'm not sure my 예산 will stretch ~에  A515-58GM, [which seemingly can come ~와 함께  13th-gen H series chip](https://laptopmedia.com/series/acer-aspire-5-a515-58gm/), 그리고 I don't need  gamer 기능들."
"The Vivobook reviews are also really positive, particularly regarding the screen. However, I am wary the 16 GB of ram won't be sufficient, and this is the only thing holding me back from buying it. The budget won't stretch to a Vivobook Pro that offers 32 GB.","Vivobook reviews are also really positive, particularly regarding  화면. However, I am wary  16 GB of RAM won't be sufficient, 그리고 this is  only thing holding me back from buying it.  예산 won't stretch ~에  Vivobook Pro that offers 32 GB."
I’m currently comparing the 2025 ASUS ROG Zephyrus G16 (~$2800) and the 2025 Lenovo Yoga Pro (~$2200). Here’s the spec comparison,I’m currently comparing  2025 ASUS ROG Zephyrus G16 (~$2800) 그리고  2025 Lenovo Yoga Pro (~$2200). Here’s  spec comparison
# My Current Lenovo Legion Pro 7 16IRX8H Specifications,# My Current Lenovo Legion Pro 7 16IRX8H Specifications
* **Computer:** LENOVO Legion Pro 7 16IRX8H,* **컴퓨터:** LENOVO Legion Pro 7 16IRX8H
"* Samsung SSD 990 PRO 2TB, 1953.5 GB, NVMe","* Samsung SSD 990 PRO 2TB, 1953.5 GB, NVMe"
# Replacement PC: Lenovo Legion Pro 7 16IAX10H (Model: 83F500CXIX) Specifications,# Replacement PC: Lenovo Legion Pro 7 16IAX10H (모델: 83F500CXIX) Specifications
"* **Docking:** Various docking solutions supported via Thunderbolt or USB-C. For more compatible docking solutions, please visit [Docking for Legion Pro 7 16IAX10H](https://psref.lenovo.com/accessories/?category=Docking&system=83F5)","* **Docking:** Various docking solutions supported via Thunderbolt 또는 USB-C. ~을 위한 more compatible docking solutions, please visit [Docking ~을 위한 Legion Pro 7 16IAX10H](https://psref.lenovo.com/accessories/?category=Docking&system=83F5)"
"Hello everyone! I am a Computer Science major at the University of Oklahoma, and I am about to graduate in December 2025. Throughout college I've considered a career in software development, but I have recently been leaning more towards a career in IT. I currently have a MacBook Pro (13-inch, 2020, Four Thunderbolt 3 ports) that I have had for 4 years now, and I am afraid it is reaching the end of its lifetime. I would like to find a laptop that would be great for me getting started in an IT career with some optimization for programming in case I fall back to software development, preferably one that runs Windows or Linux. I have found that a Lenovo ThinkPad X1 Carbon Gen 10 14"" Laptop is very doable price-wise and might be up my ally, but I want to know what others think about this model. I am also very open to suggestions for alternatives that would work well for my situation.","Hello everyone! I am  컴퓨터 Science major at  University of Oklahoma, 그리고 I am about ~에 graduate in December 2025. Throughout college I've considered  career in software development, 하지만 I have recently been leaning more towards  career in IT. I currently have  MacBook Pro (13-inch, 2020, Four Thunderbolt 3 포트들) that I have had ~을 위한 4 년 now, 그리고 I am afraid it is reaching  end of its lifetime. I would 마음에 드는 ~에 find  노트북 that would be 훌륭한 ~을 위한 me getting started in  IT career ~와 함께 some optimization ~을 위한 programming in case I fall back ~에 software development, preferably one that runs Windows 또는 Linux. I have found that  Lenovo ThinkPad X1 Carbon Gen 10 14"" 노트북 is very doable 가격-wise 그리고 might be up my ally, 하지만 I want ~에 know what others think about this 모델. I am also very open ~에 suggestions ~을 위한 alternatives that would 작업 well ~을 위한 my situation."
* Surface Pro X: lightweight; most limited performance of all the SP line-up.,* Surface Pro X: 가벼운; most limited 성능 of all  SP line-up.
"I was considering a MacBook M4 Pro for the quiet/cool factor, but I’d like to be able to game which is not possible on the Mac","I was considering  MacBook M4 Pro ~을 위한  quiet/cool factor, 하지만 I’d 마음에 드는 ~에 be able ~에 game which is not possible on  Mac"
"- I've been interested to try Blender, Photoshop, and Adobe Premiere Pro but my current laptop cant run those properly without huge lag spikes. My school can give access to adobe products so id like to experiment with those as well.","- I've been interested ~에 try Blender, Photoshop, 그리고 Adobe Premiere Pro 하지만 my current 노트북 cant run those properly without huge lag spikes. My school can give access ~에 adobe products so id 마음에 드는 ~에 experiment ~와 함께 those as well."
"* **Finishing thoughts.** My current ASUS laptop has carried me for 10y and is held together by tape. At a 2015 price of 750€, I've been able to game without issues and render hours of video footage jumping from Lightroom to Photoshop to After Effects to Premiere Pro pretty smoothly in its heyday. I'm considering an M-chip Macbook, but they're quite expensive, and although I think I'm done with Windows, I've really been enjoying Linux Mint. I'd just like something that can carry me as far as my beloved has done so far, ideally I'll be able to switch again before the 10y mark but one never knows.","* **Finishing thoughts.** My current ASUS 노트북 has carried me ~을 위한 10y 그리고 is held together by tape. At  2015 가격 of 750€, I've been able ~에 game without issues 그리고 render 시간 of video footage jumping from Lightroom ~에 Photoshop ~에 After Effects ~에 Premiere Pro pretty smoothly in its heyday. I'm considering  M-chip Macbook, 하지만 they're quite expensive, 그리고 although I think I'm done ~와 함께 Windows, I've really been enjoying Linux Mint. I'd just 마음에 드는 something that can carry me as far as my beloved has done so far, ideally I'll be able ~에 switch again before  10y mark 하지만 one never knows."
"Hi! I am moving overseas for school and will not be able to take my desktop PC with me—it’s way too much of a hassle to transport :(—and am looking to invest in a laptop that will fill in the gap. The number one thing it needs to be able to handle is Clip Studio Paint—which as I understand it, is mostly CPU-dependent—without lagging with large canvases and lots of layers, hooked up to an XP Pen Artist Pro pen display. It’d also be really nice if it could run BG3 and Clair Obscur: Expedition 33 with decent settings, and I imagine a laptop that can do that can probably handle CSP just fine but I don’t want to go too much higher than $2k USD—so if the gaming is too much of a tall order at that price point, I'm willing to compromise there.","Hi! I am moving overseas ~을 위한 school 그리고 will not be able ~에 take my desktop PC ~와 함께 me—it’s way too much of  hassle ~에 transport :(—그리고 am looking ~에 invest in  노트북 that will fill in  gap.  number one thing it needs ~에 be able ~에 handle is Clip Studio Paint—which as I understand it, is mostly CPU-dependent—without lagging ~와 함께 large canvases 그리고 lots of layers, hooked up ~에  XP Pen Artist Pro pen 디스플레이. It’d also be really nice if it could run BG3 그리고 Clair Obscur: Expedition 33 ~와 함께 decent settings, 그리고 I imagine  노트북 that can do that can probably handle CSP just fine 하지만 I don’t want ~에 go too much higher than $2k USD—so if  게임 is too much of  tall order at that 가격 point, I'm willing ~에 compromise there."
"* **Leave any finishing thoughts here that you may feel are necessary and beneficial to the discussion.**\- The best I can find is:Lenovo Yoga Pro 9i Aura Edition (16"" Intel) *-*  Part Number 83L0CTO1WW (RTX 5070) - Canada/USA, you have to 'build' it by selecting 64GB of RAM, which is also perfect.","* **Leave any finishing thoughts here that you may feel are necessary 그리고 beneficial ~에  discussion.**\-  최고의 I can find is:Lenovo Yoga Pro 9i Aura Edition (16"" Intel) *-*  Part Number 83L0CTO1WW (RTX 5070) - Canada/USA, you have ~에 'build' it by selecting 64GB of RAM, which is also 완벽한."
I would buy this today if it had a 5070ti [https://www.lenovo.com/us/en/p/laptops/yoga/yoga-pro-series/yoga-pro-9i-gen-10-aura-edition-16-inch-intel/83l0cto1wwus1](https://www.lenovo.com/us/en/p/laptops/yoga/yoga-pro-series/yoga-pro-9i-gen-10-aura-edition-16-inch-intel/83l0cto1wwus1),I would buy this today if it had  5070ti [https://www.lenovo.com/us/en/p/노트북들/yoga/yoga-pro-series/yoga-pro-9i-gen-10-aura-edition-16-inch-intel/83l0cto1wwus1](https://www.lenovo.com/us/en/p/노트북들/yoga/yoga-pro-series/yoga-pro-9i-gen-10-aura-edition-16-inch-intel/83l0cto1wwus1)
"TL;DR I need something balancing long battery life, and high processing power, also with high on-board storage. I prioritise them in that order -- if high processing power means the battery life will suffer then I would prefer the option with long battery life. But as much as possible I would like them fairly balanced. From other posts here I've heard the Acer Swift Go 14 is a good option for this. I've also heard the new AI-powered CPUs (e.g. Intel Core Ultra line, AMD Ryzen AI line, etc.) seem to be able to balance high processing power with better battery life, but I have no expertise to evaluate the validity of these claims. I am looking for many options and do not necessarily need to buy immediately, although I might take advantage of the recent sales.","TL;DR I need something balancing long 배터리 수명, 그리고 high processing 전력, also ~와 함께 high on-board 저장장치. I prioritise them in that order -- if high processing 전력 means  배터리 수명 will suffer then I would prefer  옵션 ~와 함께 long 배터리 수명. 하지만 as much as possible I would 마음에 드는 them fairly balanced. From other posts here I've heard  Acer Swift Go 14 is  좋은 옵션 ~을 위한 this. I've also heard  새로운 AI-powered CPUs (e.g. Intel Core Ultra line, AMD Ryzen AI line, etc.) seem ~에 be able ~에 balance high processing 전력 ~와 함께 더 나은 배터리 수명, 하지만 I have no expertise ~에 evaluate  validity of these claims. I am looking ~을 위한 many options 그리고 do not necessarily need ~에 buy immediately, although I might take advantage of  recent sales."
"Definitely need to use FL Studio with CPU-intensive plugins. Need it to run smoothly when using OBS to record FL, preferably at a higher bitrate and resolution. I also use Premiere Pro to edit videos for assignments, but I might not have to do that for university, I'm not sure. I don't necessarily need a high-end graphics card though (especially since that would impact battery life). I ALSO need something that can download and seed multiple torrents at once even with FL running in the background, although I don't torrent too much these days.","Definitely need ~에 사용 FL Studio ~와 함께 CPU-intensive plugins. Need it ~에 run smoothly when 사용하는 OBS ~에 record FL, preferably at  higher bitrate 그리고 해상도. I also 사용 Premiere Pro ~에 edit videos ~을 위한 assignments, 하지만 I might not have ~에 do that ~을 위한 university, I'm not sure. I don't necessarily need  high-end graphics card though (especially since that would impact 배터리 수명). I ALSO need something that can download 그리고 seed multiple torrents at once even ~와 함께 FL running in  background, although I don't torrent too much these 일."
"**Dell pro 16 plus** (however i think the battery and build arent as good as the other 2) **:** Ultra 7 268V, vPro 32gb ram","**Dell pro 16 plus** (however i think  배터리 그리고 build arent as 좋은 as  other 2) **:** Ultra 7 268V, vPro 32gb RAM"
"They are both in my opinion at reasonable prices and within my budget so price is not the question. I pretty much know most pros and cons which come with buying either one but it still does not help me decide. I'm not expecting to find one at this point, but I'm hoping for a definitive answer to which would be better.","They are both in my opinion at reasonable prices 그리고 within my 예산 so 가격 is not  question. I pretty much know most 장점 그리고 cons which come ~와 함께 buying either one 하지만 it still does not 도움 me decide. I'm not expecting ~에 find one at this point, 하지만 I'm hoping ~을 위한  definitive answer ~에 which would be 더 나은."
"|**Processor (CPU)**|AMD Ryzen™ 7 PRO 8840HS (8 cores / 16 threads, 3.30 GHz base, up to 5.10 GHz boost)|","|**Processor (CPU)**|AMD Ryzen™ 7 PRO 8840HS (8 cores / 16 threads, 3.30 GHz base, up ~에 5.10 GHz boost)|"
* **Are you doing any CAD/video editing/photo editing/gaming? List which programs/games you desire to run.** I need to do a lot of heavy coding and gaming. I also use Premiere Pro and Illustrator for graphic designing,* **Are you doing any CAD/비디오 편집/사진 편집/게임? List which programs/games you desire ~에 run.** I need ~에 do  lot of heavy coding 그리고 게임. I also 사용 Premiere Pro 그리고 Illustrator ~을 위한 graphic designing
"Are you doing any CAD/video editing/photo editing/gaming? List which programs/games you desire to run. Not the above, but preferably using ArcGIS Pro (mapping software), which is not compatible with Apple.","Are you doing any CAD/비디오 편집/사진 편집/게임? List which programs/games you desire ~에 run. Not  above, 하지만 preferably 사용하는 ArcGIS Pro (mapping software), which is not compatible ~와 함께 Apple."
"So i am picking between zenbook 14 with i9 ultra s2 32gb and galaxy book 4 pro with i7 evo 16gb. I am not sure which to pick because they are the same price of 899 usd on sale rn, but galaxy book is lacking quiet a bit in performance, while being more reliable and having 120 hz and better display overall aswell as ability to fold and become a sort of ipad for notes. I was also wondering if it is possible to take notes on the zenbook as it is not foldable. I am also open to any other suggestions. Thanks in advance for any help!","So i am picking between zenbook 14 ~와 함께 i9 ultra s2 32gb 그리고 galaxy book 4 pro ~와 함께 i7 evo 16gb. I am not sure which ~에 pick because they are  same 가격 of 899 usd on sale rn, 하지만 galaxy book is lacking quiet  bit in 성능, while being more reliable 그리고 having 120 hz 그리고 더 나은 디스플레이 overall aswell as ability ~에 fold 그리고 become  sort of ipad ~을 위한 notes. I was also wondering if it is possible ~에 take notes on  zenbook as it is not foldable. I am also open ~에 any other suggestions. Thanks in advance ~을 위한 any 도움!"
Galaxy book: [https://www.bestbuy.com/site/samsung-galaxy-book4-pro-360-2-in1-16-amoled-touch-screen-laptop-intel-core-ultra-7-16gb-memory-1tb-ssd-moonstone-gray/6572183.p?skuId=6572183](https://www.bestbuy.com/site/samsung-galaxy-book4-pro-360-2-in1-16-amoled-touch-screen-laptop-intel-core-ultra-7-16gb-memory-1tb-ssd-moonstone-gray/6572183.p?skuId=6572183),Galaxy book: [https://www.bestbuy.com/site/samsung-galaxy-book4-pro-360-2-in1-16-amoled-터치-화면-노트북-intel-core-ultra-7-16gb-메모리-1tb-SSD-moonstone-gray/6572183.p?skuId=6572183](https://www.bestbuy.com/site/samsung-galaxy-book4-pro-360-2-in1-16-amoled-터치-화면-노트북-intel-core-ultra-7-16gb-메모리-1tb-SSD-moonstone-gray/6572183.p?skuId=6572183)
I was thinking about getting a lenovo ideapad pro 5 with ryzen ai 7 350 and rtx 5050 or lenovo legion 5 (don't know which cpu) and rtx 5060. I care about fan noise when doing basic tasks. I wanna know if rtx 5050 is good enough to run all the programs and games or is it necessary to get rtx 5060 and a gaming laptop. Thank you very much on your replies.,I was thinking about getting  lenovo ideapad pro 5 ~와 함께 ryzen ai 7 350 그리고 rtx 5050 또는 lenovo legion 5 (don't know which cpu) 그리고 rtx 5060. I care about fan noise when doing basic tasks. I wanna know if rtx 5050 is 좋은 enough ~에 run all  programs 그리고 games 또는 is it necessary ~에 get rtx 5060 그리고  게임 노트북. Thank you very much on your replies.
The reason for my upgrade is my current laptop is a MacBook Pro that’s from 2016 so I’m no longer able to update it and the battery life is nonexistent and I pretty much need to keep it plugged into the wall like a PC.,reason ~을 위한 my 업그레이드 is my current 노트북 is  MacBook Pro that’s from 2016 so I’m no longer able ~에 update it 그리고  배터리 수명 is nonexistent 그리고 I pretty much need ~에 keep it plugged into  wall 마음에 드는  PC.
"* **Leave any finishing thoughts here that you may feel are necessary and beneficial to the discussion.** I'm coming from a MacBook Pro 16"" and have been a loyal Mac user for the past 10 years—it’s never let me down. My current machine is the M1 Pro 16"", which replaced my 2014 MacBook Pro 16"" that still runs reliably. While I understand I won’t find a Windows laptop that matches Apple’s display quality and build perfectly, I’m willing to make that trade-off to access certain applications that require Windows. What I care about most is a **matte display**, **FHD+ resolution**, and **brightness between 400 and 500 nits**.","* **Leave any finishing thoughts here that you may feel are necessary 그리고 beneficial ~에  discussion.** I'm coming from  MacBook Pro 16"" 그리고 have been  loyal Mac 사용자 ~을 위한  past 10 년—it’s never let me down. My current 기계 is  M1 Pro 16"", which replaced my 2014 MacBook Pro 16"" that still runs reliably. While I understand I won’t find  Windows 노트북 that matches Apple’s 디스플레이 품질 그리고 build perfectly, I’m willing ~에 make that trade-off ~에 access certain applications that require Windows. What I care about most is  **matte 디스플레이**, **FHD+ 해상도**, 그리고 **밝기 between 400 그리고 500 nits**."
"* **Dell Pro plus/premium 16** – These feel the closest to perfect. The trackpad isn’t heavily shifted to the left, and the displays look promising. But because they’re newer, I’m not fully confident in their **long-term build quality** yet.","* **Dell Pro plus/premium 16** – These feel  closest ~에 완벽한.  트랙패드 isn’t heavily shifted ~에  left, 그리고  displays look promising. 하지만 because they’re newer, I’m not fully confident in their **long-term 제작 품질** yet."
* I am already looking at the latest Legion Pro 7i 2025 laptop. But if there are any recommendations I am very open to it.,* I am already looking at  latest Legion Pro 7i 2025 노트북. 하지만 if there are any recommendations I am very open ~에 it.
"* **Finishing thoughts:** I think I am keen to proceed with the 'Asus ProArt 16"" 4K OLED Touchscreen Ryzen AI 9 HX 370, 64GB RAM, 5T (1TB + 4TB) Gen4 SSD, RTX 4070, Windows 11 Pro Office 365 - weight: 2.4kg (RRP $5,500)'.But, I was originally considering the 'Asus ROG Zephyrus G16 GU605CR 16"" OLED 240Hz Core Ultra 9 32GB RAM 1TB RTX 5070 Ti Gaming Laptop - Eclipse Grey - weight: 1.9kg (RRP $5,400)'. Has anyone had experience with either of these? And do you think either would serve me better? And if not these, what would you recommend? Thanks so much for your thoughts!","* **Finishing thoughts:** I think I am keen ~에 proceed ~와 함께  'Asus ProArt 16"" 4K OLED 터치스크린 Ryzen AI 9 HX 370, 64GB RAM, 5T (1TB + 4TB) Gen4 SSD, RTX 4070, Windows 11 Pro 사무 365 - 무게: 2.4kg (RRP $5,500)'.하지만, I was originally considering  'Asus ROG Zephyrus G16 GU605CR 16"" OLED 240Hz Core Ultra 9 32GB RAM 1TB RTX 5070 Ti 게임 노트북 - Eclipse Grey - 무게: 1.9kg (RRP $5,400)'. Has anyone had experience ~와 함께 either of these? 그리고 do you think either would serve me 더 나은? 그리고 if not these, what would you 추천하는? Thanks so much ~을 위한 your thoughts!"
Lenovo Yoga Pro 7 or VivoBook s15,Lenovo Yoga Pro 7 또는 VivoBook s15
**🔹 Lenovo Yoga Pro 7 14IMH**9,**🔹 Lenovo Yoga Pro 7 14IMH**9
•	Video: Short-form content in Adobe Premiere Pro or DaVinci Resolve; may expand into long-form tutorials,•	Video: Short-form content in Adobe Premiere Pro 또는 DaVinci Resolve; may expand into long-form tutorials
"Is that 160$ worth it for the Legion - or is it not. Note build quality matters a lot for me, and I've heard good things about Alienware (but same for legion, but to a lesser extent). Battery also matters a lot - so im wondering if the Alienware would push 6+ hours (in reviews legion is about 7). And obviously performance, but I believe both will be fine for what im doing, but some extra speed and headroom is always appreciated.","Is that 160$ worth it ~을 위한  Legion - 또는 is it not. Note 제작 품질 matters  lot ~을 위한 me, 그리고 I've heard 좋은 things about Alienware (하지만 same ~을 위한 legion, 하지만 ~에  lesser extent). 배터리 also matters  lot - so im wondering if  Alienware would push 6+ 시간 (in reviews legion is about 7). 그리고 obviously 성능, 하지만 I believe both will be fine ~을 위한 what im doing, 하지만 some extra 속도 그리고 headroom is always appreciated."
Is a 2018 MacBook Pro (i5/8GB RAM/256GB SSD) still a good choice in 2025 for studying and casual use?,Is  2018 MacBook Pro (i5/8GB RAM/256GB SSD) still  좋은 선택 in 2025 ~을 위한 studying 그리고 casual 사용?
Hi! I’m considering getting a used 2018 MacBook Pro with the following specs:,Hi! I’m considering getting  used 2018 MacBook Pro ~와 함께  following specs:
"I'm currently on the hunt for a new laptop to replace my old MacBook Pro 13 (2020). I've got my eye on the Asus VivoBook S OLED 2024 series, but I'm a bit puzzled by the pricing. In my country, there's a massive sale (around $200 off) for all Intel Ultra models. However, I've noticed that the model with AMD Ryzen™ 7 8845HS and 32GB/1TB costs **MORE** than the one with Ultra 9 185H 32GB/1TB.","I'm currently on  hunt ~을 위한  새로운 노트북 ~에 replace my 오래된 MacBook Pro 13 (2020). I've got my eye on  Asus VivoBook S OLED 2024 series, 하지만 I'm  bit puzzled by  pricing. In my country, there's  massive sale (around $200 off) ~을 위한 all Intel Ultra models. However, I've noticed that  모델 ~와 함께 AMD Ryzen™ 7 8845HS 그리고 32GB/1TB costs **MORE** than  one ~와 함께 Ultra 9 185H 32GB/1TB."
CPU: AMD Ryzen™ AI 9 HX PRO 370 (2.0 GHz up to 5.1 GHz),CPU: AMD Ryzen™ AI 9 HX PRO 370 (2.0 GHz up ~에 5.1 GHz)
CPU: AMD Ryzen™ AI 7 PRO 350 (2.0 GHz up to 5.0 GHz),CPU: AMD Ryzen™ AI 7 PRO 350 (2.0 GHz up ~에 5.0 GHz)
"|**Processor**|Ryzen 5 5500U (Zen 2, 6c/12t)|Ryzen 5 Pro 5650U (Zen 3, 6c/12t)|","|**Processor**|Ryzen 5 5500U (Zen 2, 6c/12t)|Ryzen 5 Pro 5650U (Zen 3, 6c/12t)|"
"My main concern is: since the MacBook Air is passively cooled (no fans), is there a risk that its performance advantage will be lost under sustained workloads due to thermal throttling?","My main concern is: since  MacBook Air is passively cooled (no fans), is there  risk that its 성능 advantage will be lost under sustained workloads due ~에 thermal throttling?"
* **Lenovo Legion Pro 5i** (Intel Core i7-13700HX + RTX 4060/4070),* **Lenovo Legion Pro 5i** (Intel Core i7-13700HX + RTX 4060/4070)
* **Lenovo Legion Pro 5** (AMD Ryzen 7 7745HX or Ryzen 9 7845HX + RTX 4060/4070),* **Lenovo Legion Pro 5** (AMD Ryzen 7 7745HX 또는 Ryzen 9 7845HX + RTX 4060/4070)
[https://uniway.ca/collections/products/products/copy-of-thinkpad-x390-yoga-2-in-1-laptop-13-3in-fhd-1920x1080-touchscreen-intel-core-i5-8350u-8gb-ddr4-256-gb-solid-state-drive-windows-11-pro-condition-b](https://uniway.ca/collections/products/products/copy-of-thinkpad-x390-yoga-2-in-1-laptop-13-3in-fhd-1920x1080-touchscreen-intel-core-i5-8350u-8gb-ddr4-256-gb-solid-state-drive-windows-11-pro-condition-b),[https://uniway.ca/collections/products/products/copy-of-thinkpad-x390-yoga-2-in-1-노트북-13-3in-fhd-1920x1080-터치스크린-intel-core-i5-8350u-8gb-ddr4-256-gb-solid-state-drive-windows-11-pro-condition-b](https://uniway.ca/collections/products/products/copy-of-thinkpad-x390-yoga-2-in-1-노트북-13-3in-fhd-1920x1080-터치스크린-intel-core-i5-8350u-8gb-ddr4-256-gb-solid-state-drive-windows-11-pro-condition-b)
"So I think it's time for an upgrade. Based on my research, I found myself interested in both the Lenovo Legion Pro 7i Gen 10 and the Eluktronics HYDROC 16 G2, but I was just if anyone knows any possible better options/has any experience with these two! Thank you!","So I think it's time ~을 위한  업그레이드. Based on my research, I found myself interested in both  Lenovo Legion Pro 7i Gen 10 그리고  Eluktronics HYDROC 16 G2, 하지만 I was just if anyone knows any possible 더 나은 options/has any experience ~와 함께 these two! Thank you!"
"MSI Stealth GS77 17.3"" QHD 240Hz Ultra Thin & Light Gaming Laptop: Intel Core i7-12700H RTX 3080 Ti 32GB DDR5 1TB NVMe SSD, USB-Type C, Thunderbolt 4, CNC Aluminum, Win11 Pro: Core Black 12UHS-083.","MSI Stealth GS77 17.3"" QHD 240Hz Ultra 얇은 & 가벼운 게임 노트북: Intel Core i7-12700H RTX 3080 Ti 32GB DDR5 1TB NVMe SSD, USB-Type C, Thunderbolt 4, CNC Aluminum, Win11 Pro: Core Black 12UHS-083."
"Pros: Two separate devices for work and personal use, great for notes, more flexibility Cons: Might stretch the budget; not sure about the long-term performance of a used laptop","장점: Two separate devices ~을 위한 작업 그리고 personal 사용, 훌륭한 ~을 위한 notes, more flexibility Cons: Might stretch  예산; not sure about  long-term 성능 of  used 노트북"
"Pros: One premium device, fast, great battery, macOS learning Cons: No touch/stylus input for handwritten notes, shared environment for personal + work data","장점: One premium 기기, 빠른, 훌륭한 배터리, macOS learning Cons: No 터치/stylus input ~을 위한 handwritten notes, shared environment ~을 위한 personal + 작업 data"
"I've been looking at a lot of review videos but they all seem to be more than serviceable based on the videos, which makes it really hard to just decide on one. I was hoping you guys would be able to help me pick one or figure out the pros and cons as compared to the other laptops in this list","I've been looking at  lot of review videos 하지만 they all seem ~에 be more than serviceable based on  videos, which makes it really hard ~에 just decide on one. I was hoping you guys would be able ~에 도움 me pick one 또는 figure out  장점 그리고 cons as compared ~에  other 노트북들 in this list"
"Pros of this purchase: -higher specs than I was actually looking at (RAM/SSD) so I don't have to buy parts and replace them to start with -Thinkpad P16s seem to be the most repairable entry level business class laptops, with the specs I need -dedicated decent quality GPU -CPU is new enough to be future proof for 4 years -this model of laptop has solid performance even though the battery life is just ok -decent build quality - the aluminum/recycled plastic case seems to be a bit more solid than the all-recycled-plastic in the AMD chip version","장점 of this purchase: -higher specs than I was actually looking at (RAM/SSD) so I don't have ~에 buy parts 그리고 replace them ~에 start ~와 함께 -Thinkpad P16s seem ~에 be  most repairable entry level 비즈니스 class 노트북들, ~와 함께  specs I need -dedicated decent 품질 GPU -CPU is 새로운 enough ~에 be future proof ~을 위한 4 년 -this 모델 of 노트북 has solid 성능 even though  배터리 수명 is just ok -decent 제작 품질 -  aluminum/recycled plastic case seems ~에 be  bit more solid than  all-recycled-plastic in  AMD chip 버전"
Pros of this purchase:,장점 of this purchase:
"I am considering purchasing the Asus Vivobook S14 with the AMD Ryzen 9 AI 370HX processor. If anyone owns this laptop, I would appreciate it if you could share your experience, including the pros and cons.","I am considering purchasing  Asus Vivobook S14 ~와 함께  AMD Ryzen 9 AI 370HX processor. If anyone owns this 노트북, I would appreciate it if you could share your experience, including  장점 그리고 cons."
Pro:,Pro:
b. Strange hinge and rubber cover in center of the hinge. And I am wondering the strength of Asus Hinge as both my office friends: Asus ROG Flow 13x and Zephyrus G14 hinge is broken.,b. Strange hinge 그리고 rubber cover in center of  hinge. 그리고 I am wondering  strength of Asus Hinge as both my 사무 friends: Asus ROG Flow 13x 그리고 Zephyrus G14 hinge is broken.
Pro:,Pro:
Asus ProArt PX13 - Pros and Cons and Tips,Asus ProArt PX13 - 장점 그리고 Cons 그리고 Tips
"What can you guys tell me about **Asus ProArt PX13**, if anyone owns it - I would love to hear feedback, pros and cons, and also TIPS on how to make the most of it. I plan to use it for Graphic Design (Adobe programs) as well as Web Design. I am often travelling so I picked a smaller screen, although I often ask myself whether a 16'' screen would be a better choice.","What can you guys tell me about **Asus ProArt PX13**, if anyone owns it - I would 좋아하는 ~에 hear feedback, 장점 그리고 cons, 그리고 also TIPS on how ~에 make  most of it. I plan ~에 사용 it ~을 위한 Graphic 디자인 (Adobe programs) as well as Web 디자인. I am often travelling so I picked  smaller 화면, although I often ask myself whether  16'' 화면 would be  더 나은 선택."
Looking for feedback on ( msi sword 16 hx b14vfkg ) pros and cons,Looking ~을 위한 feedback on ( msi sword 16 hx b14vfkg ) 장점 그리고 cons
**Pros:**,**장점:**
**Pros:**,**장점:**
"* Xiaomi RedmiBook Pro 14 2024 14"" (2880x1800) IPS 400 nits - Intel Core Ultra 7 155H, 32gb RAM, 1tb SSD, 1.46kg ----- €1200 discounted","* Xiaomi RedmiBook Pro 14 2024 14"" (2880x1800) IPS 400 nits - Intel Core Ultra 7 155H, 32gb RAM, 1tb SSD, 1.46kg ----- €1200 discounted"
"Looking for a Windows laptop that plays nicely with iPhone (currently using a 14 Pro, may upgrade to 16/17 Pro later). Need something that works well for transferring photos, syncing notes, and not causing too much friction with the Apple ecosystem. Hoping to replace the need for both a MacBook and an iPad with one device.","Looking ~을 위한  Windows 노트북 that plays nicely ~와 함께 iPhone (currently 사용하는  14 Pro, may 업그레이드 ~에 16/17 Pro later). Need something that works well ~을 위한 transferring photos, syncing notes, 그리고 not causing too much friction ~와 함께  Apple ecosystem. Hoping ~에 replace  need ~을 위한 both  MacBook 그리고  iPad ~와 함께 one 기기."
"* **Leave any finishing thoughts here that you may feel are necessary and beneficial to the discussion.** my 2013 macbook pro retina 15"" died on me this week, i need to find a new laptop to keep up with uni work, none of that work is performance intensive, i don't think i need a beefy machine, it would be nice to be able to multitask a bit (i'm gonna hook it up to an external monitor, and would like to be able to watch a movie while i study without having the laptop freezing and shutting down like my old one <.<)","* **Leave any finishing thoughts here that you may feel are necessary 그리고 beneficial ~에  discussion.** my 2013 macbook pro retina 15"" died on me this week, i need ~에 find  새로운 노트북 ~에 keep up ~와 함께 uni 작업, none of that 작업 is 성능 intensive, i don't think i need  beefy 기계, it would be nice ~에 be able ~에 multitask  bit (i'm gonna hook it up ~에  external 모니터, 그리고 would 마음에 드는 ~에 be able ~에 watch  movie while i study without having  노트북 freezing 그리고 shutting down 마음에 드는 my 오래된 one <.<)"
"my previous laptop is lenovo legion 5 pro with ryzen 7 5600h and rtx 3070 from 4 years ago, which should still be going strong to use for ongoing years (it hasnt slowed down and hardware is still good), until dgpu died with pc hanging and artifacts (normal usage, no overclocking, cooling pad for elevation).","my previous 노트북 is lenovo legion 5 pro ~와 함께 ryzen 7 5600h 그리고 rtx 3070 from 4 년 ago, which should still be going strong ~에 사용 ~을 위한 ongoing 년 (it hasnt slowed down 그리고 hardware is still 좋은), until dgpu died ~와 함께 pc hanging 그리고 artifacts (normal usage, no overclocking, cooling pad ~을 위한 elevation)."
"I'm aware my price may limit this so I'm happy to be really flexible. Obviously thinner the better, and I like the idea of Surface Pro detachable/convertible laptops but *overall would prefer more money on a bulkier laptop if I get more performance*","I'm aware my 가격 may limit this so I'm 만족하는 ~에 be really flexible. Obviously thinner  더 나은, 그리고 I 마음에 드는  idea of Surface Pro detachable/convertible 노트북들 하지만 *overall would prefer more 돈 on  bulkier 노트북 if I get more 성능*"
"* **Leave any finishing thoughts here that you may feel are necessary and beneficial to the discussion.** I am a huge multitasker so I need something that can withstand having multiple programs open at once and side-by-side. I will be frequently running ArcGIS Pro and other similar programs that are GIS-related. I am almost on Microsoft Office daily along with having multiple Google Chrome tabs open so I just want a laptop that can run smoothly with all of these operations. I have a 5-month old Lenovo IdeaPad 3i 15 inch Windows Laptop Intel Core i7-1255U 16GB RAM 512GB SSD, and it's already running incredibly slow and lagging very badly. Please help! Everyone's input is highly appreciated.","* **Leave any finishing thoughts here that you may feel are necessary 그리고 beneficial ~에  discussion.** I am  huge multitasker so I need something that can withstand having multiple programs open at once 그리고 side-by-side. I will be frequently running ArcGIS Pro 그리고 other similar programs that are GIS-related. I am almost on Microsoft 사무 매일 along ~와 함께 having multiple Google Chrome tabs open so I just want  노트북 that can run smoothly ~와 함께 all of these operations. I have  5-month 오래된 Lenovo IdeaPad 3i 15 inch Windows 노트북 Intel Core i7-1255U 16GB RAM 512GB SSD, 그리고 it's already running incredibly 느린 그리고 lagging very badly. Please 도움! Everyone's input is highly appreciated."
"Build quality & reliability (5+ -year horizon) > Performance (Premiere Pro + CUDA) > Quiet cooling under load > Upgradability (2× SO-DIMM, 2× M.2) > Battery life (nice to have, not critical) > Form factor/looks (don’t care).","제작 품질 & reliability (5+ -year horizon) > 성능 (Premiere Pro + CUDA) > Quiet cooling under load > Upgradability (2× SO-DIMM, 2× M.2) > 배터리 수명 (nice ~에 have, not critical) > 폼 팩터/looks (don’t care)."
"Yes: Adobe Premiere Pro (4K timelines), occasional After Effects, photo editing, programming (VS Code, Docker), general dev workloads. Occasional gaming.","Yes: Adobe Premiere Pro (4K timelines), occasional After Effects, 사진 편집, programming (VS Code, Docker), general dev workloads. Occasional 게임."
"Current front-runner: **Schenker Key 16 Pro** (EU support, upgradeable). Also considering **XMG Neo 16**, **Lenovo Legion Pro 7i**, **ASUS Zephyrus M16**, and **Framework 16** (love modularity but wary of early-gen quirks and weaker dGPU vs RTX 4070). Looking for **owner feedback** on real-world noise/thermals in balanced mode, coil whine, longevity (5-year use), upgrade gotchas, and RMA experiences in Germany. Design doesn’t matter—function, serviceability, and quiet cooling do.","Current front-runner: **Schenker Key 16 Pro** (EU 지원, upgradeable). Also considering **XMG Neo 16**, **Lenovo Legion Pro 7i**, **ASUS Zephyrus M16**, 그리고 **Framework 16** (좋아하는 modularity 하지만 wary of early-gen quirks 그리고 weaker dGPU vs RTX 4070). Looking ~을 위한 **owner feedback** on real-world noise/thermals in balanced mode, coil whine, longevity (5-year 사용), 업그레이드 gotchas, 그리고 RMA experiences in Germany. 디자인 doesn’t matter—function, serviceability, 그리고 quiet cooling do."
Looking for a compact and powerful allrounder similar to a Macbook Pro (Productivity and light gaming) - Germany,Looking ~을 위한  compact 그리고 강력한 allrounder similar ~에  Macbook Pro (생산성 그리고 가벼운 게임) - Germany
Help Choosing Between Yoga 7 vs IdeaPad Pro 5 (AI 7 350 / Ultra 9),도움 Choosing Between Yoga 7 vs IdeaPad Pro 5 (AI 7 350 / Ultra 9)
"IdeaPad Pro 5 (14AKP10) – AMD Ryzen AI 7 350, 32GB, 1TB, 84Wh battery","IdeaPad Pro 5 (14AKP10) – AMD Ryzen AI 7 350, 32GB, 1TB, 84Wh 배터리"
"IdeaPad Pro 5 (14AIH10) – Intel Core Ultra 9 285H, 32GB, 1TB, 84Wh battery","IdeaPad Pro 5 (14AIH10) – Intel Core Ultra 9 285H, 32GB, 1TB, 84Wh 배터리"
"That said, it has a smaller 70Wh battery compared to 84Wh on the IdeaPad Pros and slower memory.","That said, it has  smaller 70Wh 배터리 compared ~에 84Wh on  IdeaPad 장점 그리고 slower 메모리."
"* **If you're gaming, do you have certain games you want to play? At what settings and FPS do you want?**\-I'm a fan of graphics over performance. I used to game on a macbook pro in like 2011 and suffered through the low frame rates without lowering resolution. Story games, party games-","* **If you're 게임, do you have certain games you want ~에 play? At what settings 그리고 FPS do you want?**\-I'm  fan of graphics over 성능. I used ~에 game on  macbook pro in 마음에 드는 2011 그리고 suffered through  low frame rates without lowering 해상도. Story games, party games-"
- Premiere Pro (potentially),- Premiere Pro (potentially)
- Pro Tools (more likely?),- Pro Tools (more likely?)
Want the windows equivalent of a Macbook Pro 16. Unlimited budget but can't find anything comparable.,Want  windows equivalent of  Macbook Pro 16. Unlimited 예산 하지만 can't find anything comparable.
Suggestions for an AMD Advantage laptop in 2025?,Suggestions ~을 위한  AMD Advantage 노트북 in 2025?
"* **Any specific requirements such as good keyboard, reliable build quality, touch-screen, finger-print reader, optical drive or good input devices (keyboard/touchpad)?**  Looking for an AMD Advantage edition laptop or one with Ryzen & Radeon RX config. At least 16 GB DDR4/5 RAM, 1 TB NVMe SSD. 4x USB 3.0 Type A ports, 1x USB Type C Thunderbolt port, HDMI (4K @ 60Hz), 3.5mm audio combo jack, Ethernet port, WiFi 6  (2.4G & 5G), Bluetooth, Webcam, Backlit keyboard, Precision touchpad.","* **Any specific requirements such as 좋은 키보드, reliable 제작 품질, 터치-화면, finger-print reader, optical drive 또는 좋은 input devices (키보드/touchpad)?**  Looking ~을 위한  AMD Advantage edition 노트북 또는 one ~와 함께 Ryzen & Radeon RX config. At least 16 GB DDR4/5 RAM, 1 TB NVMe SSD. 4x USB 3.0 Type  포트들, 1x USB Type C Thunderbolt 포트, HDMI (4K @ 60Hz), 3.5mm audio combo jack, Ethernet 포트, WiFi 6  (2.4G & 5G), Bluetooth, Webcam, Backlit 키보드, Precision touchpad."
"* ASUS TUF Gaming A16 (which is the front-runner for me right now), HP Zbook Ultra G1a, 2025 ASUS ROG Z13 Flow and other Strix Halo or AI Max+ PRO 395 ones.","* ASUS TUF 게임 A16 (which is  front-runner ~을 위한 me right now), HP Zbook Ultra G1a, 2025 ASUS ROG Z13 Flow 그리고 other Strix Halo 또는 AI Max+ PRO 395 ones."
"I was hoping they still made the Advantage Edition ones because, well, it has that authorized-by-AMD kind-of branding and maybe I am a sucker for such certified programs.","I was hoping they still made  Advantage Edition ones because, well, it has that authorized-by-AMD kind-of branding 그리고 maybe I am  sucker ~을 위한 such certified programs."
"ASUS ROG Zephyrus 2024 16"" OLED 240Hz Gaming Laptop, Intel Core Ultra 9 185H, 16GB DDR5x RAM, 1TB NVMe SSD, NVIDIA GeForce RTX 4070, Windows 11 Pro https://a.co/d/6er9bGr","ASUS ROG Zephyrus 2024 16"" OLED 240Hz 게임 노트북, Intel Core Ultra 9 185H, 16GB DDR5x RAM, 1TB NVMe SSD, NVIDIA GeForce RTX 4070, Windows 11 Pro https://.co/d/6er9bGr"
"Dell XPS 9530 Laptop 2023, Intel 14-Core i7-13700H, 15.6"" WUXGA IPS Display, Intel Arc A370M 4GB GDDR6, 32GB DDR5 1TB SSD, Backlit Keyboard, Fingerprint, Thunderbolt 4, Wi-Fi 6E, Win11 Pro https://a.co/d/7A0sOne","Dell XPS 9530 노트북 2023, Intel 14-Core i7-13700H, 15.6"" WUXGA IPS 디스플레이, Intel Arc A370M 4GB GDDR6, 32GB DDR5 1TB SSD, Backlit 키보드, Fingerprint, Thunderbolt 4, Wi-Fi 6E, Win11 Pro https://.co/d/7A0sOne"
"[3. NewLenovo ThinkPad P16 Gen 2 Mobile Workstation (16"" WQUXGA 4K+ (3840 x 2400) Intel i9-13980HX 24 Core, 64GB RAM 4TB SSD, NVIDI.A RTX 4000 Ada 12GB) Laptop for Engineer Designer Architect, Win 11 Pro:](https://www.amazon.com/NewLenovo-ThinkPad-Workstation-i9-13980HX-Architect/dp/B0DRXX41SW/ref=mp_s_a_1_4_maf_1?crid=33ED7WMEJZPY&dib=eyJ2IjoiMSJ9.76G5FnltRXeViaxV0p_4BvSPOKs5gAB2D2hcjQ-iPzz73kFGB8AtFxqCa0v9TanKaGZCIzU4jjbhBc_X3L5eot6UtUMoE1l8xdA1W3i12WQjlbvGqZL1bE8pdB5Sj6UhF2K5T-0wrd6n__m3vqbpCLdgajA9qOmbmBqMmm09moVjReDmGSs9BqPdWWl7ztcgJeLotbWgasn5mmF5WOKDlw.W3Txk32gbSkm30VPPWQeVXODrc-l1Z_cp-5YaqpoYcc&dib_tag=se&keywords=thinkpad%2B128gb%2Bram&qid=1743719815&sprefix=thinkpad%2B128gb%2Bram%2Caps%2C89&sr=8-4&th=1) $3,099 \[note: a little on the pricier side, and less RAM than option 1. But it has a much better GPU that can potentially run games\]","[3. NewLenovo ThinkPad P16 Gen 2 Mobile Workstation (16"" WQUXGA 4K+ (3840 x 2400) Intel i9-13980HX 24 Core, 64GB RAM 4TB SSD, NVIDI. RTX 4000 Ada 12GB) 노트북 ~을 위한 Engineer Designer Architect, Win 11 Pro:](https://www.amazon.com/NewLenovo-ThinkPad-Workstation-i9-13980HX-Architect/dp/B0DRXX41SW/ref=mp_s_a_1_4_maf_1?crid=33ED7WMEJZPY&dib=eyJ2IjoiMSJ9.76G5FnltRXeViaxV0p_4BvSPOKs5gAB2D2hcjQ-iPzz73kFGB8AtFxqCa0v9TanKaGZCIzU4jjbhBc_X3L5eot6UtUMoE1l8xdA1W3i12WQjlbvGqZL1bE8pdB5Sj6UhF2K5T-0wrd6n__m3vqbpCLdgajA9qOmbmBqMmm09moVjReDmGSs9BqPdWWl7ztcgJeLotbWgasn5mmF5WOKDlw.W3Txk32gbSkm30VPPWQeVXODrc-l1Z_cp-5YaqpoYcc&dib_tag=se&keywords=thinkpad%2B128gb%2Bram&qid=1743719815&sprefix=thinkpad%2B128gb%2Bram%2Caps%2C89&sr=8-4&th=1) $3,099 \[note:  little on  pricier side, 그리고 less RAM than 옵션 1. 하지만 it has  much 더 나은 GPU that can potentially run games\]"
"[7. Lenovo Legion 5 16IRX9 Laptop 2024-16"" WQXGA NVIDIA GeForce RTX 4060 - Intel i9-14900HX 24 Cores - 64GB DDR5 2TB NVMe SSD - Four-Zone RGB Backlit Keyboard Wi-Fi 6E - Win11 Pro 32GB USB - Luna Grey](https://www.amazon.com/Lenovo-Legion-16IRX9-2024-16-GeForce/dp/B0DPZGG74K/ref=sr_1_9?crid=38LGXYWSJLN6Z&dib=eyJ2IjoiMSJ9.JsQfbjkTFM7b7CfLunLxyGnKzTEfalcNAJbKZM7hPx68RIqWHGH5wYn_ZQO_0qNutDAuXziulGP3N5rbrjIjbQV2qxbApZz9ycJVeNjzYDUl6lkccXB8QtCBjXTiW53fojFEsPZI0SJOhAGqfbv4uvKaCc7ig_uJRPD4zIibc2k_REKKrwXDp-k3yLVwqgCr4sEw662QRG6mcksRy_rrYoLHEXLo_HQFBjRXYDaBtOQxiTpEgQay89ve-A4Kfbbo5C5CrjkiVKEfHZfir6tz-KBPwtlOj30dkuijVxUdrgw.gHuKtkFmP9EGkbyMwSyWP69j1sryBqV7OGBA-ZT7XGA&dib_tag=se&keywords=lenovo+legion+slim+intel+i9&qid=1743885264&refinements=p_n_feature_four_browse-bin%3A17927742011%2Cp_n_size_browse-bin%3A2242801011%2Cp_n_feature_thirty-three_browse-bin%3A23720421011%7C23720422011&rnid=23720416011&s=electronics&sprefix=lenovo+legion+slim+intel+i9%2Celectronics%2C89&sr=1-9): $2,069 \[this seems to hit every mark. Only issue is that its a ""gaming PC"" that might not be a wise idea in a professional setting\]","[7. Lenovo Legion 5 16IRX9 노트북 2024-16"" WQXGA NVIDIA GeForce RTX 4060 - Intel i9-14900HX 24 Cores - 64GB DDR5 2TB NVMe SSD - Four-Zone RGB Backlit 키보드 Wi-Fi 6E - Win11 Pro 32GB USB - Luna Grey](https://www.amazon.com/Lenovo-Legion-16IRX9-2024-16-GeForce/dp/B0DPZGG74K/ref=sr_1_9?crid=38LGXYWSJLN6Z&dib=eyJ2IjoiMSJ9.JsQfbjkTFM7b7CfLunLxyGnKzTEfalcNAJbKZM7hPx68RIqWHGH5wYn_ZQO_0qNutDAuXziulGP3N5rbrjIjbQV2qxbApZz9ycJVeNjzYDUl6lkccXB8QtCBjXTiW53fojFEsPZI0SJOhAGqfbv4uvKaCc7ig_uJRPD4zIibc2k_REKKrwXDp-k3yLVwqgCr4sEw662QRG6mcksRy_rrYoLHEXLo_HQFBjRXYDaBtOQxiTpEgQay89ve-A4Kfbbo5C5CrjkiVKEfHZfir6tz-KBPwtlOj30dkuijVxUdrgw.gHuKtkFmP9EGkbyMwSyWP69j1sryBqV7OGBA-ZT7XGA&dib_tag=se&keywords=lenovo+legion+슬림한+intel+i9&qid=1743885264&refinements=p_n_feature_four_browse-bin%3A17927742011%2Cp_n_size_browse-bin%3A2242801011%2Cp_n_feature_thirty-three_browse-bin%3A23720421011%7C23720422011&rnid=23720416011&s=electronics&sprefix=lenovo+legion+슬림한+intel+i9%2Celectronics%2C89&sr=1-9): $2,069 \[this seems ~에 hit every mark. Only 문제 is that its  ""게임 PC"" that might not be  wise idea in  professional setting\]"
"[8. Lenovo Slim Pro 9 16IRP8 16"" 3.2K 165Hz Touchscreen Laptop, Intel Core i9-13905H 2.6GHz, 32GB RAM, 1TB SSD, NVIDIA GeForce RTX 4050 6GB, Windows 11 Home, Storm Gray](https://www.amazon.com/Lenovo-Touchscreen-i9-13905H-GeForce-Windows/dp/B0CZJ4TRWW/ref=sr_1_15?crid=38LGXYWSJLN6Z&dib=eyJ2IjoiMSJ9.JsQfbjkTFM7b7CfLunLxyGnKzTEfalcNAJbKZM7hPx68RIqWHGH5wYn_ZQO_0qNutDAuXziulGP3N5rbrjIjbQV2qxbApZz9ycJVeNjzYDUl6lkccXB8QtCBjXTiW53fojFEsPZI0SJOhAGqfbv4uvKaCc7ig_uJRPD4zIibc2k_REKKrwXDp-k3yLVwqgCr4sEw662QRG6mcksRy_rrYoLHEXLo_HQFBjRXYDaBtOQxiTpEgQay89ve-A4Kfbbo5C5CrjkiVKEfHZfir6tz-KBPwtlOj30dkuijVxUdrgw.gHuKtkFmP9EGkbyMwSyWP69j1sryBqV7OGBA-ZT7XGA&dib_tag=se&keywords=lenovo+legion+slim+intel+i9&qid=1743885264&refinements=p_n_feature_four_browse-bin%3A17927742011%2Cp_n_size_browse-bin%3A2242801011%2Cp_n_feature_thirty-three_browse-bin%3A23720421011%7C23720422011&rnid=23720416011&s=electronics&sprefix=lenovo+legion+slim+intel+i9%2Celectronics%2C89&sr=1-15): $1,731.45 \[seems like a good price, and is not as bulky as a legion. but unsure of build quality\]","[8. Lenovo 슬림한 Pro 9 16IRP8 16"" 3.2K 165Hz 터치스크린 노트북, Intel Core i9-13905H 2.6GHz, 32GB RAM, 1TB SSD, NVIDIA GeForce RTX 4050 6GB, Windows 11 Home, Storm Gray](https://www.amazon.com/Lenovo-터치스크린-i9-13905H-GeForce-Windows/dp/B0CZJ4TRWW/ref=sr_1_15?crid=38LGXYWSJLN6Z&dib=eyJ2IjoiMSJ9.JsQfbjkTFM7b7CfLunLxyGnKzTEfalcNAJbKZM7hPx68RIqWHGH5wYn_ZQO_0qNutDAuXziulGP3N5rbrjIjbQV2qxbApZz9ycJVeNjzYDUl6lkccXB8QtCBjXTiW53fojFEsPZI0SJOhAGqfbv4uvKaCc7ig_uJRPD4zIibc2k_REKKrwXDp-k3yLVwqgCr4sEw662QRG6mcksRy_rrYoLHEXLo_HQFBjRXYDaBtOQxiTpEgQay89ve-A4Kfbbo5C5CrjkiVKEfHZfir6tz-KBPwtlOj30dkuijVxUdrgw.gHuKtkFmP9EGkbyMwSyWP69j1sryBqV7OGBA-ZT7XGA&dib_tag=se&keywords=lenovo+legion+슬림한+intel+i9&qid=1743885264&refinements=p_n_feature_four_browse-bin%3A17927742011%2Cp_n_size_browse-bin%3A2242801011%2Cp_n_feature_thirty-three_browse-bin%3A23720421011%7C23720422011&rnid=23720416011&s=electronics&sprefix=lenovo+legion+슬림한+intel+i9%2Celectronics%2C89&sr=1-15): $1,731.45 \[seems 마음에 드는  좋은 가격, 그리고 is not as bulky as  legion. 하지만 unsure of 제작 품질\]"
"I’m currently going to college for art, and I have a pc and drawing tablet at home I use for the really heavy 3D programs, games, and my usual art. My current laptop is a surface pro 8 that I got about 4 years back and over time the battery life would drain immediately with only clip studio paint open and everything runs very slow. I also lost the stylus which was an extra $40 so I really haven’t had a good use for it in months and when I do use it it’s constantly on the charger. I’m wanting to try something new and more reliable but im still open to surface suggestions if there are any!","I’m currently going ~에 college ~을 위한 art, 그리고 I have  pc 그리고 drawing tablet at home I 사용 ~을 위한  really heavy 3D programs, games, 그리고 my usual art. My current 노트북 is  surface pro 8 that I got about 4 년 back 그리고 over time  배터리 수명 would drain immediately ~와 함께 only clip studio paint open 그리고 everything runs very 느린. I also lost  stylus which was  extra $40 so I really haven’t had  좋은 사용 ~을 위한 it in 개월 그리고 when I do 사용 it it’s constantly on  charger. I’m wanting ~에 try something 새로운 그리고 more reliable 하지만 im still open ~에 surface suggestions if there are any!"
"* **Leave any finishing thoughts here that you may feel are necessary and beneficial to the discussion.**\-Current Laptop is ASUS GL553VE. I want something that is better in every way to this (shouldnt be hard as it is 7 years old). Battery has started to drain faster and speaker quality is going away. I want to be able to run heavy programs like premier pro if I want, but most of the time I just watch youtube and movies.","* **Leave any finishing thoughts here that you may feel are necessary 그리고 beneficial ~에  discussion.**\-Current 노트북 is ASUS GL553VE. I want something that is 더 나은 in every way ~에 this (shouldnt be hard as it is 7 년 오래된). 배터리 has started ~에 drain faster 그리고 speaker 품질 is going away. I want ~에 be able ~에 run heavy programs 마음에 드는 premier pro if I want, 하지만 most of  time I just watch youtube 그리고 movies."
* **Leave any finishing thoughts here that you may feel are necessary and beneficial to the discussion.** i have a 2020 honor magicbook pro (4600h) i like it but it's getting old and i'm not finding the right replacement,* **Leave any finishing thoughts here that you may feel are necessary 그리고 beneficial ~에  discussion.** i have  2020 honor magicbook pro (4600h) i 마음에 드는 it 하지만 it's getting 오래된 그리고 i'm not finding  right replacement
"If yall have any alternative options in the 900 to 1.2k ish (USD) price range that yall feel are vastly superior, feel free to share. (also I dont think I would get an OLED laptop personally as I already have a 11 inch m4 ipad pro that I take notes on, which has an OLED screen)","If yall have any alternative options in  900 ~에 1.2k ish (USD) 가격 range that yall feel are vastly superior, feel free ~에 share. (also I dont think I would get  OLED 노트북 personally as I already have  11 inch m4 ipad pro that I take notes on, which has  OLED 화면)"
"I'm strongly leaning towards vendors that specialize in Linux pre-installed laptops. I'm considering the System76 Oryx Pro (US-based, no international shipping/duties) and the TUXEDO InfinityBook Pro 16 (German-based, offers Manjaro as an option).","I'm strongly leaning towards vendors that specialize in Linux pre-installed 노트북들. I'm considering  System76 Oryx Pro (US-based, no international shipping/duties) 그리고  TUXEDO InfinityBook Pro 16 (German-based, offers Manjaro as  옵션)."
* AMD Ryzen™ 7 PRO 7840U cpu,* AMD Ryzen™ 7 PRO 7840U cpu
* AMD Ryzen™ 7 PRO 7840U,* AMD Ryzen™ 7 PRO 7840U
*   AMD Ryzen™ 7 PRO 7840U cpu,*   AMD Ryzen™ 7 PRO 7840U cpu
Vs IdeaPad Pro 5 Gen 10 (16” AMD) \~ 1200 euros:,Vs IdeaPad Pro 5 Gen 10 (16” AMD) \~ 1200 euros:
"I have had a 15.6' Lenovo Yoga 7 for the last 4 years (Model 82BJ0007US) as a daily driver personal laptop (lots of web surfing, movies, vide calls, etc...). It has started to die on me, the screen is flickering regularly so I want to replace it. I'm fairly happy with the computer, so for me, having the same thing but in a more modern version is what I'm aiming for. I found this Idea Pad Pro 5 ([83D40014US](https://www.lenovo.com/us/en/p/laptops/ideapad/ideapad-500/ideapad-pro-5i-gen-9-16-inch-intel/83d40014us#similar_products)) seems fairly similar to what I'm looking for on fake sale for $1000, but I'm not sure if that is where I should go.","I have had  15.6' Lenovo Yoga 7 ~을 위한  last 4 년 (모델 82BJ0007US) as  매일 driver personal 노트북 (lots of web surfing, movies, vide calls, etc...). It has started ~에 die on me,  화면 is flickering regularly so I want ~에 replace it. I'm fairly 만족하는 ~와 함께  컴퓨터, so ~을 위한 me, having  same thing 하지만 in  more modern 버전 is what I'm aiming ~을 위한. I found this Idea Pad Pro 5 ([83D40014US](https://www.lenovo.com/us/en/p/노트북들/ideapad/ideapad-500/ideapad-pro-5i-gen-9-16-inch-intel/83d40014us#similar_products)) seems fairly similar ~에 what I'm looking ~을 위한 on fake sale ~을 위한 $1000, 하지만 I'm not sure if that is where I should go."
"* **Leave any finishing thoughts here that you may feel are necessary and beneficial to the discussion.** My current laptop setup is a Lenovo Legion 5 Pro 16ITH6 - Model 82JF that I got approximately 5 years ago. I have very little to complain about it outside of it having issues related to the battery/charging. The reason I am replacing it is mostly because of issues with the battery and the charger. The laptop currently no longer registers its charger as putting out the appropriate wattage, and so despite it being plugged in it no longer is able to perform at the necessary level to run games. It is not the end of the world, but none of the fixes I have attempted were successful and it is not sustainable. Additionally, doing tasks that require high performance drains the battery beyond what is being input through the charger when it is plugged in. Accordingly, something that is important for me for this laptop is longevity. I want to be able to get this laptop and not have to rebuy chargers, accessories, or get it fixed for at ideally like 5 years at least. Accordingly, something that is durable, reliable, or easily and cheaply fixable would really be nice. On another note,  I use this laptop for both my remote work and gaming.","* **Leave any finishing thoughts here that you may feel are necessary 그리고 beneficial ~에  discussion.** My current 노트북 setup is  Lenovo Legion 5 Pro 16ITH6 - 모델 82JF that I got approximately 5 년 ago. I have very little ~에 complain about it outside of it having issues related ~에  배터리/충전.  reason I am replacing it is mostly because of issues ~와 함께  배터리 그리고  charger.  노트북 currently no longer registers its charger as putting out  appropriate wattage, 그리고 so despite it being plugged in it no longer is able ~에 perform at  necessary level ~에 run games. It is not  end of  world, 하지만 none of  fixes I have attempted were successful 그리고 it is not sustainable. Additionally, doing tasks that require high 성능 drains  배터리 beyond what is being input through  charger when it is plugged in. Accordingly, something that is important ~을 위한 me ~을 위한 this 노트북 is longevity. I want ~에 be able ~에 get this 노트북 그리고 not have ~에 rebuy chargers, accessories, 또는 get it fixed ~을 위한 at ideally 마음에 드는 5 년 at least. Accordingly, something that is durable, reliable, 또는 easily 그리고 cheaply fixable would really be nice. On another note,  I 사용 this 노트북 ~을 위한 both my remote 작업 그리고 게임."
I’m coming from a 2017 13in macbook pro so I’m not really big on screen size. Any size will do.,I’m coming from  2017 13in macbook pro so I’m not really big on 화면 size. Any size will do.
"* MacBook Air M3 / M4, MacBook Pro M3 / M4","* MacBook Air M3 / M4, MacBook Pro M3 / M4"
"My 2017 macbook pro died 6 months ago and I have been on the search for a new laptop since. I was in an accident in 2015 and walked away from it with migraines. I've had issues with screens since, but I primarily thought it was a blue-light problem until this year.","My 2017 macbook pro died 6 개월 ago 그리고 I have been on  search ~을 위한  새로운 노트북 since. I was in  accident in 2015 그리고 walked away from it ~와 함께 migraines. I've had issues ~와 함께 screens since, 하지만 I primarily thought it was  blue-가벼운 문제 until this year."
"I next decided to go back to Apple and bought the base model MacBook Pro M4 13"" as this doesn't have an OLED screen, only for it to also trigger a migraine. The screen also looks like it's vibrating when ""stationary"" (no scrolling/videos or ads playing) for some reason. When I returned it, I found out that their mini-LEDs do a similar ""flashing"" as the OLED, in that the lights turn off to give deepest blacks, and so I'm assuming that's why it also didn't work for me.","I next decided ~에 go back ~에 Apple 그리고 bought  base 모델 MacBook Pro M4 13"" as this doesn't have  OLED 화면, only ~을 위한 it ~에 also trigger  migraine.  화면 also looks 마음에 드는 it's vibrating when ""stationary"" (no scrolling/videos 또는 ads playing) ~을 위한 some reason. When I returned it, I found out that their mini-LEDs do  similar ""flashing"" as  OLED, in that  lights turn off ~에 give deepest blacks, 그리고 so I'm assuming that's why it also didn't 작업 ~을 위한 me."
* **Samsung Galaxy Book3 Pro 360** – looks nice but haven’t seen many real-world reviews,* **Samsung Galaxy Book3 Pro 360** – looks nice 하지만 haven’t seen many real-world reviews
"* **Leave any finishing thoughts here that you may feel are necessary and beneficial to the discussion.**\- I am considering Macbook pro 14(1tb-16ggb or 512gb-24gb), Asus zeyphyrus G16(2024- AMD or Intel) and Asus ProArt P16(2024 RTX4060) but I am afraid I wont be able p\*rate some softwares if needed to on macbook pro, the G16 gets warm and i can afford only 16 gb versions on those, lastly P16 only has a 60 Hz display. I dont know which one I should buy and if there are better alternatives that i should prefer?","* **Leave any finishing thoughts here that you may feel are necessary 그리고 beneficial ~에  discussion.**\- I am considering Macbook pro 14(1tb-16ggb 또는 512gb-24gb), Asus zeyphyrus G16(2024- AMD 또는 Intel) 그리고 Asus ProArt P16(2024 RTX4060) 하지만 I am afraid I wont be able p\*rate some softwares if needed ~에 on macbook pro,  G16 gets warm 그리고 i can afford only 16 gb versions on those, lastly P16 only has  60 Hz 디스플레이. I dont know which one I should buy 그리고 if there are 더 나은 alternatives that i should prefer?"
Refurbished 14-inch MacBook Pro Apple M4 Chip with 10‑Core CPU and 10‑Core GPU - Space Black,Refurbished 14-inch MacBook Pro Apple M4 Chip ~와 함께 10‑Core CPU 그리고 10‑Core GPU - Space Black
"I'm a uni student that has already a windows desktop at home with very good specs. When I go to uni tho, I need a laptop. I currently have a surface pro 9 but I feel like it just doesn't fit my needs and I'm considering selling it to get something more suited for me.","I'm  uni student that has already  windows desktop at home ~와 함께 very 좋은 specs. When I go ~에 uni tho, I need  노트북. I currently have  surface pro 9 하지만 I feel 마음에 드는 it just doesn't fit my needs 그리고 I'm considering selling it ~에 get something more suited ~을 위한 me."
"😊 I've posted for help in the r/computers and r/laptops subs. Because I get really bad migraines, and all my textbooks are digital, I either need a separate laptop and color E-ink tablet, or something with both types of screen. The Lenovo ThinkBook Pro Generation 4 has both, not even on clearance is over $1,300. (Someone was SUPPOSED to be holding one he was serving for $700 for me on eBay so I could buy it when my student loan came in, but he hasn't responded to my messages).","😊 I've posted ~을 위한 도움 in  r/computers 그리고 r/노트북들 subs. Because I get really bad migraines, 그리고 all my textbooks are digital, I either need  separate 노트북 그리고 색상 E-ink tablet, 또는 something ~와 함께 both types of 화면.  Lenovo ThinkBook Pro Generation 4 has both, not even on clearance is over $1,300. (Someone was SUPPOSED ~에 be holding one he was serving ~을 위한 $700 ~을 위한 me on eBay so I could buy it when my student loan came in, 하지만 he hasn't responded ~에 my messages)."
"ASUS Vivobook Pro laptop with 15.6"" OLED M6500XV-MA086 screen","ASUS Vivobook Pro 노트북 ~와 함께 15.6"" OLED M6500XV-MA086 화면"
"15.6"" Ноутбук ASUS Vivobook Pro 15 OLED M6500XV-MA086","15.6"" Ноутбук ASUS Vivobook Pro 15 OLED M6500XV-MA086"
* Windows 11 Pro - We cannot compromise on this.,* Windows 11 Pro - We cannot compromise on this.
* • VMWare Workstation Pro (free for students),* • VMWare Workstation Pro (free ~을 위한 students)
"Thank you all in advance for your help. I'm new to Tech, and while I'm not completely lost, but I know I need some assistance. I'm already starting at a disadvantage due to my job, and I don't want to be even more hobbled because I chose an inadequate machine to practice on—especially one that cost me five times more than my classmates. Thanks again!","Thank you all in advance ~을 위한 your 도움. I'm 새로운 ~에 Tech, 그리고 while I'm not completely lost, 하지만 I know I need some assistance. I'm already starting at  disadvantage due ~에 my job, 그리고 I don't want ~에 be even more hobbled because I chose  inadequate 기계 ~에 practice on—especially one that cost me five times more than my classmates. Thanks again!"
"I'm not super knowledgeable, and they each seem to have pros and cons compared to each other. Thanks!","I'm not super knowledgeable, 그리고 they each seem ~에 have 장점 그리고 cons compared ~에 each other. Thanks!"
"As the title says, I'm facing a dilemma. I'm currently using a Dell Precision 3571, 16GB 1TB provided by my university (programming and data science). I'm hopefully getting my master's in July, and am looking for the laptop that will stay with me as long as possible. My must-haves are **32gb RAM, 1Tb Storage and a metal chassis for 1400€ or less**. Additionnaly, I might play small indie games and I do digital art (on an old Ipad Pro at the moment).","As  title says, I'm facing  dilemma. I'm currently 사용하는  Dell Precision 3571, 16GB 1TB provided by my university (programming 그리고 data science). I'm hopefully getting my master's in July, 그리고 am looking ~을 위한  노트북 that will stay ~와 함께 me as long as possible. My must-haves are **32gb RAM, 1Tb 저장장치 그리고  metal chassis ~을 위한 1400€ 또는 less**. Additionnaly, I might play small indie games 그리고 I do digital art (on  오래된 Ipad Pro at  moment)."
https://www.bestbuy.com/product/lenovo-legion-pro-5i-16-2-5k-lcd-gaming-laptop-intel-14th-gen-core-i9-32gb-memory-nvidia-geforce-rtx-4070-8gb-2tb-ssd-onyx-grey/6575390/openbox?condition=excellent,https://www.bestbuy.com/product/lenovo-legion-pro-5i-16-2-5k-lcd-게임-노트북-intel-14th-gen-core-i9-32gb-메모리-nvidia-geforce-rtx-4070-8gb-2tb-SSD-onyx-grey/6575390/openbox?condition=뛰어난
"Keyboard feel is number one, then it has to have at least a similar amount of ports as a Legion 5 Pro (I'm used to having that many since I use it as the desktop laptop at home) and an OLED screen.","키보드 feel is number one, then it has ~에 have at least  similar amount of 포트들 as  Legion 5 Pro (I'm used ~에 having that many since I 사용 it as  desktop 노트북 at home) 그리고  OLED 화면."
"Basically anything that can live up to the gaming laptop I have now, *Legion 5 Pro 4060 GPU*, but the main thing is that it has to be portable! Close to as portable as the Zenbook. Screen size isn't too much of an issue as long as it's 14"" minimum and 16:10 aspect ratio. OH and keyboard feel is important (the one thing I like about Zenbook is that it doesn't collect the sweat from my fingertips as easily as other laptops) and battery life is really important too (at least 4-5 hours unplugged, just general web browsing). So I'm looking for a unicorn laptop that kind of combines both these laptops which I hope isn't a tall order.","Basically anything that can live up ~에  게임 노트북 I have now, *Legion 5 Pro 4060 GPU*, 하지만  main thing is that it has ~에 be 휴대용! Close ~에 as 휴대용 as  Zenbook. 화면 size isn't too much of  문제 as long as it's 14"" minimum 그리고 16:10 aspect ratio. OH 그리고 키보드 feel is important ( one thing I 마음에 드는 about Zenbook is that it doesn't collect  sweat from my fingertips as easily as other 노트북들) 그리고 배터리 수명 is really important too (at least 4-5 시간 unplugged, just general web browsing). So I'm looking ~을 위한  unicorn 노트북 that kind of combines both these 노트북들 which I hope isn't  tall order."
"For context, my current laptop has the keyboard failing. It is a Slimbook Pro X 15, basically a Spanish rebrand of a Tongfang model. Purchased in 2021, keyboard started having issues in 2023 and was replaced. Now, 2 years later, same issue again so I don’t want to risk that brand anymore.","~을 위한 context, my current 노트북 has  키보드 failing. It is  Slimbook Pro X 15, basically  Spanish rebrand of  Tongfang 모델. Purchased in 2021, 키보드 started having issues in 2023 그리고 was replaced. Now, 2 년 later, same 문제 again so I don’t want ~에 risk that brand anymore."
"The Lenovo Yoga Pro 9i with the tandem OLED, 285H, 32GB is great, but only has a  13 TOPS NPU and the display is very reflective.  In fact, as far as I know, the only Intel mobile CPU that has the NPU is the V-series, which are under-powered.","Lenovo Yoga Pro 9i ~와 함께  tandem OLED, 285H, 32GB is 훌륭한, 하지만 only has   13 TOPS NPU 그리고  디스플레이 is very reflective.  In fact, as far as I know,  only Intel mobile CPU that has  NPU is  V-series, which are under-powered."
"Hello, I appreciate any inputs you all may have. For reference, my last laptop was a legion pro 5i. Its performance was solid, however it has failed on me after 2 years (sadly dealing with warranty issues also). I’m now looking to move toward desktop gaming and will dedicate my laptop toward more digital audio oriented tasks in addition to standard browsing etc. I am a bit weary of Lenovo now from this experience but am open to being convinced otherwise.","Hello, I appreciate any inputs you all may have. ~을 위한 reference, my last 노트북 was  legion pro 5i. Its 성능 was solid, however it has failed on me after 2 년 (sadly dealing ~와 함께 warranty issues also). I’m now looking ~에 move toward desktop 게임 그리고 will dedicate my 노트북 toward more digital audio oriented tasks in addition ~에 standard browsing etc. I am  bit weary of Lenovo now from this experience 하지만 am open ~에 being convinced otherwise."
I'd like a system running Win11 Pro (or whatever the equivelent from Win 10 Pro,I'd 마음에 드는  system running Win11 Pro (또는 whatever  equivelent from Win 10 Pro
"Confused as to what computer to buy, I have used a 2019 MacBook Pro throughout high school and my current main choice is a 14‑inch MacBook Pro with Apple M4 Pro chip with 12‑core CPU, 16‑core GPU, 16‑core Neural Engine. Overkill? Is Mac a terrible option for engineering? Where to buy from (Apple directly, 12th man technology, Best Buy)?","Confused as ~에 what 컴퓨터 ~에 buy, I have used  2019 MacBook Pro throughout high school 그리고 my current main 선택 is  14‑inch MacBook Pro ~와 함께 Apple M4 Pro chip ~와 함께 12‑core CPU, 16‑core GPU, 16‑core Neural Engine. Overkill? Is Mac  terrible 옵션 ~을 위한 engineering? Where ~에 buy from (Apple directly, 12th man technology, 최고의 Buy)?"
• Adobe Premiere Pro / Rush (1080p social edits),• Adobe Premiere Pro / Rush (1080p social edits)
"* Before this, I was planning to just get a Lenovo Yoga 9i 2-in-1 (aura edition maybe) since it fit what I was looking for (besides the battery life), but I wanted to see if there was any better laptops that would fit my needs since I want this laptop to last me throughout college and maybe into the workforce (5-7 years maybe?) I would like it to run Windows though, and I'm not really a big fan of IOS products but I'm willing to try anything once. I was also looking at a Microsoft Surface Pro as a recommendation, but I'm not sure!","* Before this, I was planning ~에 just get  Lenovo Yoga 9i 2-in-1 (aura edition maybe) since it fit what I was looking ~을 위한 (besides  배터리 수명), 하지만 I wanted ~에 see if there was any 더 나은 노트북들 that would fit my needs since I want this 노트북 ~에 last me throughout college 그리고 maybe into  workforce (5-7 년 maybe?) I would 마음에 드는 it ~에 run Windows though, 그리고 I'm not really  big fan of IOS products 하지만 I'm willing ~에 try anything once. I was also looking at  Microsoft Surface Pro as  recommendation, 하지만 I'm not sure!"
"No, unless it offers advantages to a new one (i.e. discontinued model which is better than a newer one).","No, unless it offers 장점들 ~에  새로운 one (i.e. discontinued 모델 which is 더 나은 than  newer one)."
"**Refurbished (Good) - Lenovo Legion Pro 5i 16** **// (1,544.97)**","**Refurbished (좋은) - Lenovo Legion Pro 5i 16** **// (1,544.97)**"
"I'm starting my degree in the fall was was thinking about getting the Surface Pro for my laptop. It has 16 GB of memory and 256 GB of storage. It also detaches into a tablet so I could take notes on it. I was wondering if this laptop could run programs like CAD without it lagging or heating up, and just if it's a good thing to buy overall. Thank you!!","I'm starting my degree in  fall was was thinking about getting  Surface Pro ~을 위한 my 노트북. It has 16 GB of 메모리 그리고 256 GB of 저장장치. It also detaches into  tablet so I could take notes on it. I was wondering if this 노트북 could run programs 마음에 드는 CAD without it lagging 또는 heating up, 그리고 just if it's  좋은 thing ~에 buy overall. Thank you!!"
"I've been using my 2016 macbook pro for 7 years. One day I was doing school work and the screen just went black. (It goes black past a 70 degree angle and can only see the screen if I use my ipad as a second display) Repairs are pricy so I thought I might as well upgrade. I mostly used my mac for school, but I do like to play games on it as well. My macbook would get hot in 5 min (fan is really loud) if I tried running games like moonstone island or used a nintendo switch emulater.","I've been 사용하는 my 2016 macbook pro ~을 위한 7 년. One day I was doing school 작업 그리고  화면 just went black. (It goes black past  70 degree angle 그리고 can only see  화면 if I 사용 my ipad as  second 디스플레이) Repairs are pricy so I thought I might as well 업그레이드. I mostly used my mac ~을 위한 school, 하지만 I do 마음에 드는 ~에 play games on it as well. My macbook would get hot in 5 min (fan is really loud) if I tried running games 마음에 드는 moonstone island 또는 used  nintendo switch emulater."
"As I do travel and work, it's beneficial to be light and thin - but as someone who is looking at exclusively macs neither the air or the pro is particularly heavy.","As I do travel 그리고 작업, it's beneficial ~에 be 가벼운 그리고 얇은 - 하지만 as someone who is looking at exclusively macs neither  air 또는  pro is particularly heavy."
•	Video editing in Adobe Premiere Pro and Media Encoder,•	비디오 편집 in Adobe Premiere Pro 그리고 Media Encoder
"•	I’d love to hear if the MacBook Pro M3 Pro is a better choice than Windows, but I’m open to either.","•	I’d 좋아하는 ~에 hear if  MacBook Pro M3 Pro is  더 나은 선택 than Windows, 하지만 I’m open ~에 either."
"|**Lenovo Legion Pro 7i Gen 10 (RTX 5080)**|16″ OLED 240 Hz, Core Ultra 9, 64 GB RAM, 1 TB Gen 5 SSD, per-key RGB|[Affiliate Link](https://www.amazon.com/Lenovo-Legion-Pro-Gen-5080/dp/B0F3GJ3VBD/?tag=adviser100-20)|","|**Lenovo Legion Pro 7i Gen 10 (RTX 5080)**|16″ OLED 240 Hz, Core Ultra 9, 64 GB RAM, 1 TB Gen 5 SSD, per-key RGB|[Affiliate Link](https://www.amazon.com/Lenovo-Legion-Pro-Gen-5080/dp/B0F3GJ3VBD/?tag=adviser100-20)|"
* Lenovo Legion Pro 7i Gen 10 (RTX 5080),* Lenovo Legion Pro 7i Gen 10 (RTX 5080)
"Looking for something that blends professional capability and gaming performance in a sleek, well-built form. Had a ThinkPad P1 Gen 7 with a U9 i9 + RTX 4070 (60W) for $2900 but realized I could get far better performance in the same budget. Now eyeing the Legion Pro 7i with 5070Ti or 5080 GPUs. Also considered the Omen Max 16 (5080), but heard too many reliability issues. Open to other suggestions with better price-to-performance.","Looking ~을 위한 something that blends professional capability 그리고 게임 성능 in  sleek, well-built form. Had  ThinkPad P1 Gen 7 ~와 함께  U9 i9 + RTX 4070 (60W) ~을 위한 $2900 하지만 realized I could get far 더 나은 성능 in  same 예산. Now eyeing  Legion Pro 7i ~와 함께 5070Ti 또는 5080 GPUs. Also considered  Omen Max 16 (5080), 하지만 heard too many reliability issues. Open ~에 other suggestions ~와 함께 더 나은 가격-~에-성능."
Asus vivobook pro 15 Vs Dell Inspiron 16 plus,Asus vivobook pro 15 Vs Dell Inspiron 16 plus
"ASUS Vivobook Pro 15 OLED 2024 Gaming Laptop 15.6"" FHD 16-Core Intel Ultra 7 155H 16GB DDR5 1TB SSD NVIDIA GeForce RTX 3050 6GB","ASUS Vivobook Pro 15 OLED 2024 게임 노트북 15.6"" FHD 16-Core Intel Ultra 7 155H 16GB DDR5 1TB SSD NVIDIA GeForce RTX 3050 6GB"
**Are you doing any CAD/video editing/photo editing/gaming? List which programs/games you desire to run.** 100%. Avid Pro Tools is what i hear we're using for my program (media production!) and i expect we use Adobe suite and stuff. i'll prolly be running Krita on it too.,**Are you doing any CAD/비디오 편집/사진 편집/게임? List which programs/games you desire ~에 run.** 100%. Avid Pro Tools is what i hear we're 사용하는 ~을 위한 my program (media production!) 그리고 i expect we 사용 Adobe suite 그리고 stuff. i'll prolly be running Krita on it too.
"Currently, I own a Microsoft surface pro 6 but the battery life has gone bad (doesn’t last more than 4-6 hours on a full charge), and the detachable keyboard is peeling. I’ve had it for about 7 years now so I figured it may be time to retire.","Currently, I own  Microsoft surface pro 6 하지만  배터리 수명 has gone bad (doesn’t last more than 4-6 시간 on  full 충전), 그리고  detachable 키보드 is peeling. I’ve had it ~을 위한 about 7 년 now so I figured it may be time ~에 retire."
"I LOVED my surface pro but did not like the hinge in the back because it made it difficult to use as an actual “laptop”. That is why I’m strongly considering the surface laptop 7 as I figured it would be similar to the surface pro minus the detachable keyboard and hinge. Also, I heard the battery life is good and I like windows OS in general.","I LOVED my surface pro 하지만 did not 마음에 드는  hinge in  back because it made it difficult ~에 사용 as  actual “노트북”. That is why I’m strongly considering  surface 노트북 7 as I figured it would be similar ~에  surface pro minus  detachable 키보드 그리고 hinge. Also, I heard  배터리 수명 is 좋은 그리고 I 마음에 드는 windows OS in general."
"I’ll be using this laptop in college, and I’m majoring in finance and computer science. Right now, I’m strongly considering the MacBook Pro 16”. I already have a fairly capable pc, so right now I’m leaning towards an MacBook (I could be persuaded otherwise). My biggest fear is that the 16” will be too big, but I also don’t like small screens.","I’ll be 사용하는 this 노트북 in college, 그리고 I’m majoring in finance 그리고 컴퓨터 science. Right now, I’m strongly considering  MacBook Pro 16”. I already have  fairly capable pc, so right now I’m leaning towards  MacBook (I could be persuaded otherwise). My biggest fear is that  16” will be too big, 하지만 I also don’t 마음에 드는 small screens."
"* **Leave any finishing thoughts here that you may feel are necessary and beneficial to the discussion.** I am switching from a Mac to a PC with this purchase. I have only ever used Mac for my photo editing (currently using 2018 MacBook Pro with 8GB RAM) but I am too drawn to 2-in-1s to continue using a Mac. I am looking forward to utilizing a pen on a touchscreen with the laptop in a tablet orientation, to be precise with masks during photo editing. I use an Android phone, so ""staying in the ecosystem"" is not a concern.","* **Leave any finishing thoughts here that you may feel are necessary 그리고 beneficial ~에  discussion.** I am switching from  Mac ~에  PC ~와 함께 this purchase. I have only ever used Mac ~을 위한 my 사진 편집 (currently 사용하는 2018 MacBook Pro ~와 함께 8GB RAM) 하지만 I am too drawn ~에 2-in-1s ~에 continue 사용하는  Mac. I am looking forward ~에 utilizing  pen on  터치스크린 ~와 함께  노트북 in  tablet orientation, ~에 be precise ~와 함께 masks during 사진 편집. I 사용  Android phone, so ""staying in  ecosystem"" is not  concern."
"Would the Ryzen 9 7845HX be a good choice for Virtual Machines, multitasking, and gaming? Or does the i9 14900HX offer significant advantages for my workload?","Would  Ryzen 9 7845HX be  좋은 선택 ~을 위한 Virtual Machines, multitasking, 그리고 게임? 또는 does  i9 14900HX offer significant 장점들 ~을 위한 my workload?"
"MacBook Pro M4, 16GB (1600$)","MacBook Pro M4, 16GB (1600$)"
"So when the iPhone 16 has an M12 material set for the emitters, and is manufactured by both LG and BOE, does that mean the material set is licensed to both? Or the M14 in the Pro models with LG & Samsung?","So when  iPhone 16 has  M12 material set ~을 위한  emitters, 그리고 is manufactured by both LG 그리고 BOE, does that mean  material set is licensed ~에 both? 또는  M14 in  Pro models ~와 함께 LG & Samsung?"
"People have been calling for CPUs and GPUs to merge [almost since the GPU's inception](https://web.archive.org/web/20040617192403/http://www.beyond3d.com/interviews/sweeney04/index.php?p=4). They might have been wrong about the timescale, but the general trend held true: GPUs have evolved into general-purpose SIMD processors, and CPUs have become manycores with fast SIMD. There are important advantages in specialization, but an eventual true hybrid is not yet out of the question.","People have been calling ~을 위한 CPUs 그리고 GPUs ~에 merge [almost since  GPU's inception](https://web.archive.org/web/20040617192403/http://www.beyond3d.com/interviews/sweeney04/index.php?p=4). They might have been wrong about  timescale, 하지만  general trend held true: GPUs have evolved into general-purpose SIMD processors, 그리고 CPUs have become manycores ~와 함께 빠른 SIMD. There are important 장점들 in specialization, 하지만  eventual true hybrid is not yet out of  question."
"Apple's phone and tablet CPUs are absurdly fast, going [almost neck-to-neck with vastly higher clocked desktop chips](https://www.anandtech.com/show/14892/the-apple-iphone-11-pro-and-max-review/4) at a fraction of the power and clocks. Rumours (and common sense) foretell Apple bringing these Arm cores to the rest of their lineup, shaking up the industry forever.","Apple's phone 그리고 tablet CPUs are absurdly 빠른, going [almost neck-~에-neck ~와 함께 vastly higher clocked desktop chips](https://www.anandtech.com/show/14892/-apple-iphone-11-pro-그리고-max-review/4) at  fraction of  전력 그리고 clocks. Rumours (그리고 common sense) foretell Apple bringing these Arm cores ~에  rest of their lineup, shaking up  industry forever."
"Most silicon-silicon stacks communicate with physical metal connections. An alternative is ‘inductive coupling’, the same process used in wireless charging. This has some advantages and some disadvantages, with the main advantage being price. Refer to ‘Thru-Chip Interface’, and [this Arm blog post](https://community.arm.com/developer/research/b/articles/posts/wireless-3d-integration-making-stacking-silicon-as-easy-as-stacking-lego-1-2)","Most silicon-silicon stacks communicate ~와 함께 physical metal connections.  alternative is ‘inductive coupling’,  same process used in wireless 충전. This has some 장점들 그리고 some disadvantages, ~와 함께  main advantage being 가격. Refer ~에 ‘Thru-Chip Interface’, 그리고 [this Arm blog post](https://community.arm.com/developer/research/b/articles/posts/wireless-3d-integration-making-stacking-silicon-as-easy-as-stacking-lego-1-2)"
Optical communication has inherent advantages for bandwidth and signal integrity. Intel (have I mentioned them a lot recently?) [have made major advances in this space](https://www.servethehome.com/hands-on-with-the-intel-co-packaged-optics-and-silicon-photonics-switch/).,Optical communication has inherent 장점들 ~을 위한 bandwidth 그리고 signal integrity. Intel (have I mentioned them  lot recently?) [have made major advances in this space](https://www.servethehome.com/hands-on-~와 함께--intel-co-packaged-optics-그리고-silicon-photonics-switch/).
"TSS has two primary advantages for VR environments. First, both eyes can reuse all or some shaded texels. Second, texture-space foveated rendering will probably have fewer artefacts than traditional downscaling approaches.","TSS has two primary 장점들 ~을 위한 VR environments. First, both eyes can reuse all 또는 some shaded texels. Second, texture-space foveated rendering will probably have fewer artefacts than traditional downscaling approaches."
"Light has several theoretical advantages over electricity, so there is continual interest in using it for computations directly. The best early progress has been in using light for matrix multiplication for AI applications.","가벼운 has several theoretical 장점들 over electricity, so there is continual interest in 사용하는 it ~을 위한 computations directly.  최고의 early progress has been in 사용하는 가벼운 ~을 위한 matrix multiplication ~을 위한 AI applications."
* [AMD's new FreeSync tiers](https://www.engadget.com/2020/01/06/amd-freesync-premium-pro-ces-2020/),* [AMD's 새로운 FreeSync tiers](https://www.engadget.com/2020/01/06/amd-freesync-premium-pro-ces-2020/)
[**Mobo:** Pictures of 970A Gaming Pro Carbon](https://www.techpowerup.com/222933/msi-970a-gaming-pro-carbon-motherboard-pictured),[**Mobo:** Pictures of 970A 게임 Pro Carbon](https://www.techpowerup.com/222933/msi-970a-게임-pro-carbon-motherboard-pictured)
[**SD card:** UHS-II and ED PRO-II compliant sd cards](https://www.techpowerup.com/222913/patriot-presents-uhs-ii-capable-ep-pro-ii-sdxc-and-microsdxc),[**SD card:** UHS-II 그리고 ED PRO-II compliant sd cards](https://www.techpowerup.com/222913/patriot-presents-uhs-ii-capable-ep-pro-ii-sdxc-그리고-microsdxc)
**Motherboard** | [Asus H87-PRO ATX LGA1150 Motherboard](http://pcpartpicker.com/part/asus-motherboard-h87pro) | Purchased For $100.00,**Motherboard** | [Asus H87-PRO ATX LGA1150 Motherboard](http://pcpartpicker.com/part/asus-motherboard-h87pro) | Purchased ~을 위한 $100.00
**Motherboard** | [Asus P8Z77-V PRO ATX  LGA1155 Motherboard](http://pcpartpicker.com/part/asus-motherboard-p8z77vpro) | $189.99 @ NCIX US,**Motherboard** | [Asus P8Z77-V PRO ATX  LGA1155 Motherboard](http://pcpartpicker.com/part/asus-motherboard-p8z77vpro) | $189.99 @ NCIX US
MacBook Pro Keyboard Failures: Why Apples dust excuse is bullshit! [Teardown + Explanations],MacBook Pro 키보드 Failures: Why Apples dust excuse is bullshit! [Teardown + Explanations]
"Today we will be tearing down a MacBook Pro keyboard to try and figure out some possible causes for all the failures that these keyboards get.  Settle down, because this will be a bit of a long post. Hopefully you'll at least learn something from this.","Today we will be tearing down  MacBook Pro 키보드 ~에 try 그리고 figure out some possible causes ~을 위한 all  failures that these keyboards get.  Settle down, because this will be  bit of  long post. Hopefully you'll at least learn something from this."
"You may have also seen articles like [https://www.digitaltrends.com/computing/macbook-pro-keyboard-failure-rate-double-older-models/](https://www.digitaltrends.com/computing/macbook-pro-keyboard-failure-rate-double-older-models/) that say that keyboard failure is in the low 10% range, but these should not be accepted at all since they do not take into account a number of things that critically invalidate these statistics as a whole:","You may have also seen articles 마음에 드는 [https://www.digitaltrends.com/computing/macbook-pro-키보드-failure-rate-double-older-models/](https://www.digitaltrends.com/computing/macbook-pro-키보드-failure-rate-double-older-models/) that say that 키보드 failure is in  low 10% range, 하지만 these should not be accepted at all since they do not take into account  number of things that critically invalidate these statistics as  whole:"
"1. The first red flag about the dust hypothesis should be the failure types. Only 1/3 are related to physical objects actually preventing the keys from working. The other 2/3 are related to electricity, specifically whether the circuit in the switch itself is ""closed"" or ""open"". Open circuit means that the positive and negative terminals are not connected, which is the equivalent of a keyboard button that is not pressed. Closed circuit is the opposite.","1.  first red flag about  dust hypothesis should be  failure types. Only 1/3 are related ~에 physical objects actually preventing  키 from 작업하는.  other 2/3 are related ~에 electricity, specifically whether  circuit in  switch itself is ""closed"" 또는 ""open"". Open circuit means that  positive 그리고 negative terminals are not connected, which is  equivalent of  키보드 button that is not pressed. Closed circuit is  opposite."
"In front of me, I have what's referred to as a Top Case assembly. Its essentially the metal frame, battery, keyboard and trackpad, all shipped and prepared as one piece for Apple techs to swap out. This particular one came from a 2017 model MacBook Pro 13"", which rocks the 2nd generation of the Butterfly keyboard. This specific top case came from a machine that was ""liquid damaged by my drunk roommate"" so I have no issues tearing it apart for the greater good.","In front of me, I have what's referred ~에 as  Top Case assembly. Its essentially  metal frame, 배터리, 키보드 그리고 트랙패드, all shipped 그리고 prepared as one piece ~을 위한 Apple techs ~에 swap out. This particular one came from  2017 모델 MacBook Pro 13"", which rocks  2nd generation of  Butterfly 키보드. This specific top case came from  기계 that was ""liquid damaged by my drunk roommate"" so I have no issues tearing it apart ~을 위한  greater 좋은."
"Butterfly Mechanism in action. This is actually a genius idea, since it eliminates individual moving parts in favour of a single Large one. Youtube creator Veritasium made a video talking about how flexible moving pieces have a lot more advantages over multi-piece hinges ([https://www.youtube.com/watch?v=97t7Xj\_iBv0](https://www.youtube.com/watch?v=97t7Xj_iBv0)).","Butterfly Mechanism in action. This is actually  genius idea, since it eliminates individual moving parts in favour of  single Large one. Youtube creator Veritasium made  video talking about how flexible moving pieces have  lot more 장점들 over multi-piece hinges ([https://www.youtube.com/watch?v=97t7Xj\_iBv0](https://www.youtube.com/watch?v=97t7Xj_iBv0))."
"* **All** 12"" MacBooks + 2018 Air + all 2016-2018 Pro models **will eventually develop keyboard issues, its a matter of time.**","* **All** 12"" MacBooks + 2018 Air + all 2016-2018 Pro models **will eventually develop 키보드 issues, its  matter of time.**"
"* **All 2016/2017 pros (and 12"" 2015-2017) have the extended keyboard warranty program.** *This program covers these units for 4 years from original purchase date*, meaning that 2016 models coverage ends around 2020/2021, depending on exact purchase date, and 2017 models coverage ends around 2021/2022. **2015 12"" Macbook coverage is ending between this year and next year, so 2015 12"" owners be prepared!**","* **All 2016/2017 장점 (그리고 12"" 2015-2017) have  extended 키보드 warranty program.** *This program covers these units ~을 위한 4 년 from original purchase date*, meaning that 2016 models coverage ends around 2020/2021, depending on exact purchase date, 그리고 2017 models coverage ends around 2021/2022. **2015 12"" Macbook coverage is ending between this year 그리고 next year, so 2015 12"" owners be prepared!**"
"So, to take advantage of the 30-bit signal, you'll need a direct output from the discrete card; passing through integrated graphics will be a weak link. I also suspect that 4096x2160x30bpp@60Hz exceeds the bandwidth of DisplayPort 1.2, so take care to check ad claims against the capabilities of all components.","So, ~에 take advantage of  30-bit signal, you'll need  direct output from  discrete card; passing through integrated graphics will be  weak link. I also suspect that 4096x2160x30bpp@60Hz exceeds  bandwidth of DisplayPort 1.2, so take care ~에 check ad claims against  capabilities of all components."
Pros and cons of ultra wide monitors,장점 그리고 cons of ultra wide monitors
HP OfficeJet pro 8600 Flashing lights problem,HP OfficeJet pro 8600 Flashing lights 문제
"All the big display makers (Samsung, LG, BOE) are working on Tandem OLEDs. Some niche products like the Thinkpad Z Fold already use it. It is widely known that Apple's 2024 OLED iPad Pro will make use of 2-stack Tandem OLED.","All  big 디스플레이 makers (Samsung, LG, BOE) are 작업하는 on Tandem OLEDs. Some niche products 마음에 드는  Thinkpad Z Fold already 사용 it. It is widely known that Apple's 2024 OLED iPad Pro will make 사용 of 2-stack Tandem OLED."
"**Description:** Sounds like it addresses an issue with false positives by splitting BVH for each instance of a geometry reducing overlapping BVHs. IDK how this works only that it significantly reduces false hits with ray tracing and also implements limiting criterion, which essentially ask does the ray pass through the instanced BLAS.","**Description:** Sounds 마음에 드는 it addresses  문제 ~와 함께 false positives by splitting BVH ~을 위한 each instance of  geometry reducing overlapping BVHs. IDK how this works only that it significantly reduces false hits ~와 함께 ray tracing 그리고 also implements limiting criterion, which essentially ask does  ray pass through  instanced BLAS."
">Like many startups, Nvidia spent its early years bouncing between near-fatal crises. The company designed its first chip on the assumption that developers would be willing to rewrite their software to take advantage of its unique capabilities. Few developers did, which meant that many games performed poorly on Nvidia chips, including, crucially, the megahit first-person shooter *Doom*. Nvidia’s second chip didn’t do so well either, and there were several moments where collapse seemed imminent.That collapse never came, and the early stumbles were integrated into Nvidia lore. They’re now seen as a key reason the company sped up its development cycle for new products, and ingrained the efficient and hard-charging culture that exists to this day.",">마음에 드는 many startups, Nvidia spent its early 년 bouncing between near-fatal crises.  company designed its first chip on  assumption that developers would be willing ~에 rewrite their software ~에 take advantage of its unique capabilities. Few developers did, which meant that many games performed poorly on Nvidia chips, including, crucially,  megahit first-person shooter *Doom*. Nvidia’s second chip didn’t do so well either, 그리고 there were several moments where collapse seemed imminent.That collapse never came, 그리고  early stumbles were integrated into Nvidia lore. They’re now seen as  key reason  company sped up its development cycle ~을 위한 새로운 products, 그리고 ingrained  효율적인 그리고 hard-충전 culture that exists ~에 this day."
"The positive feedback on my RTX 30 series vs 40 series post (pinned on userpage) encouraged me to redo the math, that have been organized in a spreadsheet. AMD's RDNA 2 and 3 GPUs have been added as well. Scaling efficiency and FPS/TFLOP are compared across different tiers and the entire stack.","positive feedback on my RTX 30 series vs 40 series post (pinned on userpage) encouraged me ~에 redo  math, that have been organized in  spreadsheet. AMD's RDNA 2 그리고 3 GPUs have been added as well. Scaling efficiency 그리고 FPS/TFLOP are compared across different tiers 그리고  entire stack."
"Leaks of Google's foray in making a custom SoC to power the Pixel smartphone, first began to surface in 2020. The following year- October of 2021, Google unveiled the Pixel 6 and Pixel 6 Pro powered by the 'Tensor' SoC. Since then, Google has released several subsequent generations of Tensor SoCs;","Leaks of Google's foray in making  custom SoC ~에 전력  Pixel smartphone, first began ~에 surface in 2020.  following year- October of 2021, Google unveiled  Pixel 6 그리고 Pixel 6 Pro powered by  'Tensor' SoC. Since then, Google has released several subsequent generations of Tensor SoCs;"
"Geekerwan discovered that the Snapdragon 8+ Gen 1 has a double-digit percentage efficiency advantage over the Snapdragon 8 Gen 1. These two SoCs are identical, save for the fact that the former is manufactured on TSMC 4nm, and the latter on Samsung's 4nm. Thus, it's clear that Samsung's nodes are inferior to TSMC's.","Geekerwan discovered that  Snapdragon 8+ Gen 1 has  double-digit percentage efficiency advantage over  Snapdragon 8 Gen 1. These two SoCs are identical, save ~을 위한  fact that  former is manufactured on TSMC 4nm, 그리고  latter on Samsung's 4nm. Thus, it's clear that Samsung's nodes are inferior ~에 TSMC's."
"SuperDepth supports multiple 3D formats, including anaglyph. The advantage here being low cost and compatibility with any full color display. The most interesting of which is Infincolor3D, you might remember this from Batman Arkham Asylum for 360 and PS3 — it has much better color reproduction than other anaglyph solutions. Unfortunately, the trade off to good color is low depth, but you have to keep in mind the cost of entry is $6. Some people swear by ColorCode, and while the 3D effect is impressive, all things considered, I found retinal rivalry to be far too stark.","SuperDepth supports multiple 3D formats, including anaglyph.  advantage here being low cost 그리고 compatibility ~와 함께 any full 색상 디스플레이.  most interesting of which is Infincolor3D, you might remember this from Batman Arkham Asylum ~을 위한 360 그리고 PS3 — it has much 더 나은 색상 reproduction than other anaglyph solutions. Unfortunately,  trade off ~에 좋은 색상 is low depth, 하지만 you have ~에 keep in mind  cost of entry is $6. Some people swear by ColorCode, 그리고 while  3D effect is impressive, all things considered, I found retinal rivalry ~에 be far too stark."
"What’s needed to take advantage of all this and make a play for the average gamer here? Slapping a FPR passive 3D layer on the display. That’s it. The technology is relatively cheap and modern passive glasses weigh nothing, with little to no discomfort. Unfortunately, it can’t be done after the fact, it has to be part of the manufacturing process.","What’s needed ~에 take advantage of all this 그리고 make  play ~을 위한  average gamer here? Slapping  FPR passive 3D layer on  디스플레이. That’s it.  technology is relatively cheap 그리고 modern passive glasses weigh nothing, ~와 함께 little ~에 no discomfort. Unfortunately, it can’t be done after  fact, it has ~에 be part of  manufacturing process."
What are your thoughts and experiences on the pros and cons?  How would you configure your set up?  Would you have some smaller secondary monitors to avoid issues such as OLED burn in?  Are there potentially better sets to use than the 48 in LG CX?,What are your thoughts 그리고 experiences on  장점 그리고 cons?  How would you configure your set up?  Would you have some smaller secondary monitors ~에 avoid issues such as OLED burn in?  Are there potentially 더 나은 sets ~에 사용 than  48 in LG CX?
"In addition, the Radeon RX 9060 XT 8GB is unlikely to receive such a good rating. The VRAM disadvantage is simply too significant for a new graphics card purchase in 2025. However, there are still too few reviews on this 8 GB variant.","In addition,  Radeon RX 9060 XT 8GB is unlikely ~에 receive such  좋은 rating.  VRAM disadvantage is simply too significant ~을 위한  새로운 graphics card purchase in 2025. However, there are still too few reviews on this 8 GB variant."
"I'm not getting the greatest reception in my room from our Linksys router with DD-WRT on it downstairs. I've read some pros and cons about WDS, and I have a spare Airport Express (Dual Band N) laying around that could become a spare ethernet port. Do you guys reccomend WDS? I've read that it halves speed for all wireless users... is this true? We currently get around 16 mbs max, although that does drop down at times. Just wondering your thoughts.","I'm not getting  greatest reception in my room from our Linksys router ~와 함께 DD-WRT on it downstairs. I've read some 장점 그리고 cons about WDS, 그리고 I have  spare Airport Express (Dual Band N) laying around that could become  spare ethernet 포트. Do you guys reccomend WDS? I've read that it halves 속도 ~을 위한 all wireless users... is this true? We currently get around 16 mbs max, although that does drop down at times. Just wondering your thoughts."
"|Lenovo Legion Pro 5|16"" WQXGA (2560x1600)|Up to 32GB DDR5|Up to RTX 5070|Up to 2TB PCIe|80WHr|364.38x268.06x21.69-25.95mm|2.53 kg|","|Lenovo Legion Pro 5|16"" WQXGA (2560x1600)|Up ~에 32GB DDR5|Up ~에 RTX 5070|Up ~에 2TB PCIe|80WHr|364.38x268.06x21.69-25.95mm|2.53 kg|"
|Lenovo Legion Pro Series|Up to OLED QHD+|Up to 32GB DDR5|Up to RTX 5090|Up to 2TB PCIe|Up to 100WHr|Varies by model|2.53-3.6 kg|,|Lenovo Legion Pro Series|Up ~에 OLED QHD+|Up ~에 32GB DDR5|Up ~에 RTX 5090|Up ~에 2TB PCIe|Up ~에 100WHr|Varies by 모델|2.53-3.6 kg|
The next development in Big SoCs came when [Apple unveiled the M1 Pro and M1 Max in 2021.](https://www.anandtech.com/show/17019/apple-announced-m1-pro-m1-max-giant-new-socs-with-allout-performance),next development in Big SoCs came when [Apple unveiled  M1 Pro 그리고 M1 Max in 2021.](https://www.anandtech.com/show/17019/apple-announced-m1-pro-m1-max-giant-새로운-socs-~와 함께-allout-성능)
| - | M1 Pro | M1 Max |,| - | M1 Pro | M1 Max |
Advantages of Big SoCs in laptops compared to traditional CPU + dGPU combo;,장점들 of Big SoCs in 노트북들 compared ~에 traditional CPU + dGPU combo;
"With all the major silicon vendors introducing their own Big SoCs, this will drive a major change in the laptop market. Many laptops will come with a Big SoC instead of a CPU + dGPU combo, due to the above mentioned advantages for Big SoCs.","~와 함께 all  major silicon vendors introducing their own Big SoCs, this will drive  major change in  노트북 market. Many 노트북들 will come ~와 함께  Big SoC instead of  CPU + dGPU combo, due ~에  above mentioned 장점들 ~을 위한 Big SoCs."
"The speakers were also super noticable, it's definitely not a priority, but these were so nice! I was surprised at how good the sound is. It is loud, the bass is great, and yeah... it just feels really great. Watching, working, or doing anything with this laptop that requires the speakers and being able to take advantage of the HDR display is a treat.","speakers were also super noticable, it's definitely not  priority, 하지만 these were so nice! I was surprised at how 좋은  sound is. It is loud,  bass is 훌륭한, 그리고 yeah... it just feels really 훌륭한. Watching, 작업하는, 또는 doing anything ~와 함께 this 노트북 that requires  speakers 그리고 being able ~에 take advantage of  HDR 디스플레이 is  treat."
"Apple iPhone 16 Pro Max review: Huge display, insane battery life","Apple iPhone 16 Pro Max review: Huge 디스플레이, insane 배터리 수명"
iPhone 16 Pro leak hints at significant battery upgrades across the lineup,iPhone 16 Pro leak hints at significant 배터리 upgrades across  lineup
MacBook Pro vs x86 battery life,MacBook Pro vs x86 배터리 수명
"Just wrote the gist of this up as a reply but it is worth its own discussion/post. With the recent hyped launch of the Snapdragon Elite X and ‘all day battery life,’ much was promised on Windows battery life. Macroscopically, It’s generally accepted that MacBook Pros have longer battery life than x86 laptops. But there are a few simple reasons for it and when adjusted, AMD’s last generation Phoenix  based 14” corporate laptops have more battery life per Whr battery (that is, higher platform efficiency) than MacBook Pro 14”.","Just wrote  gist of this up as  reply 하지만 it is worth its own discussion/post. ~와 함께  recent hyped launch of  Snapdragon Elite X 그리고 ‘all day 배터리 수명,’ much was promised on Windows 배터리 수명. Macroscopically, It’s generally accepted that MacBook 장점 have longer 배터리 수명 than x86 노트북들. 하지만 there are  few simple reasons ~을 위한 it 그리고 when adjusted, AMD’s last generation Phoenix  based 14” corporate 노트북들 have more 배터리 수명 per Whr 배터리 (that is, higher platform efficiency) than MacBook Pro 14”."
"Starting with the MacBook Pro 16”, the Macbook Pro 16 has a 99.6 Whr battery while Dell XPS (86 Whr) and other brand 15-16” notebooks have typically 70-82 Whr. A few gaming laptops have 99.9 Whr. The point is the MacBook Pro 16 gets ‘much longer battery life’ due to having 15-20%+ larger battery capacity to start with. So same 6 W system idle power consumption (screen, wi-fi, processor, etc) yields 16+ hours on a MacBook Pro 16 while only 10-14 hours on x86 laptops.","Starting ~와 함께  MacBook Pro 16”,  Macbook Pro 16 has  99.6 Whr 배터리 while Dell XPS (86 Whr) 그리고 other brand 15-16” notebooks have typically 70-82 Whr.  few 게임 노트북들 have 99.9 Whr.  point is  MacBook Pro 16 gets ‘much longer 배터리 수명’ due ~에 having 15-20%+ larger 배터리 capacity ~에 start ~와 함께. So same 6 W system idle 전력 consumption (화면, wi-fi, processor, etc) yields 16+ 시간 on  MacBook Pro 16 while only 10-14 시간 on x86 노트북들."
Macbook Pro 14 M3 Pro gets 979 minutes Wi-Fi time from 72.6 Whr battery (13.48 min per Whr).,Macbook Pro 14 M3 Pro gets 979 분 Wi-Fi time from 72.6 Whr 배터리 (13.48 min per Whr).
"From the absolute difference in minutes (almost 200 more for MBP 14” M3), it looks like an easy Apple win. But remember, Apple is almost always on a more advanced node with lower leakage rates. The 14” MacBook Pro M2 Pro has almost 20% worse idle/Wi-Fi battery life than the 14” M3 Pro (774 min from 70.0 Whr battery = 11 min per Whr). So almost exactly the same Wi-fi time as the 7840U from an almost 50% larger battery and substantially worse system efficiency. Regardless, 7840U based corporate notebooks are more efficient than even the M3 Pro on N3B while being almost 40% more efficient than M2 Pro based systems.","From  absolute difference in 분 (almost 200 more ~을 위한 MBP 14” M3), it looks 마음에 드는  easy Apple win. 하지만 remember, Apple is almost always on  more advanced node ~와 함께 lower leakage rates.  14” MacBook Pro M2 Pro has almost 20% worse idle/Wi-Fi 배터리 수명 than  14” M3 Pro (774 min from 70.0 Whr 배터리 = 11 min per Whr). So almost exactly  same Wi-fi time as  7840U from  almost 50% larger 배터리 그리고 substantially worse system efficiency. Regardless, 7840U based corporate notebooks are more 효율적인 than even  M3 Pro on N3B while being almost 40% more 효율적인 than M2 Pro based systems."
Xiaomi RedmiBook Pro 16 2024 review - Perhaps the best Meteor Lake laptop with a long battery life,Xiaomi RedmiBook Pro 16 2024 review - Perhaps  최고의 Meteor Lake 노트북 ~와 함께  long 배터리 수명
"Lenovo IdeaPad Pro 5 Gen 8 (14"", Intel) specs available: Core i7-13700H, faster LPDDR5-5200, 120Hz display, larger 75Wh battery, Wi-Fi 6E and Thunderbolt 4.","Lenovo IdeaPad Pro 5 Gen 8 (14"", Intel) specs available: Core i7-13700H, faster LPDDR5-5200, 120Hz 디스플레이, larger 75Wh 배터리, Wi-Fi 6E 그리고 Thunderbolt 4."
"The full specs of the Lenovo IdeaPad 5 Pro Gen 8 (14"", Intel), a.k.a. [14IRH8](https://psref.lenovo.com/Product/IdeaPad_Pro_5_14IRH8) are published. Some highlights:","full specs of  Lenovo IdeaPad 5 Pro Gen 8 (14"", Intel), .k.. [14IRH8](https://psref.lenovo.com/Product/IdeaPad_Pro_5_14IRH8) are published. Some highlights:"
"* Apple has a history of taking great pains to minimize standby power, for example with being one of the first to use LPDDR3 in laptops even when DDR4 was available. [This is the famous reason why Macbooks have generally been limited to 16GB of RAM](https://www.macrumors.com/2016/10/28/new-macbook-pros-no-32gb-ram-battery-life/).","* Apple has  history of taking 훌륭한 pains ~에 minimize standby 전력, ~을 위한 example ~와 함께 being one of  first ~에 사용 LPDDR3 in 노트북들 even when DDR4 was available. [This is  famous reason why Macbooks have generally been limited ~에 16GB of RAM](https://www.macrumors.com/2016/10/28/새로운-macbook-장점-no-32gb-RAM-배터리-life/)."
"**TL;DR summary: WoA seems set to take the marketplace by storm in late-2018 through 2019, provided vendors are keen to spread out from the high-end segment (particularly towards the budget detachable and mid-level tablet markets), and yet I've hardly read a positive thing about it despite the performance numbers staring us in the face for 5 months.**","**TL;DR summary: WoA seems set ~에 take  marketplace by storm in late-2018 through 2019, provided vendors are keen ~에 spread out from  high-end segment (particularly towards  예산 detachable 그리고 mid-level tablet markets), 그리고 yet I've hardly read  positive thing about it despite  성능 numbers staring us in  face ~을 위한 5 개월.**"
"Developers of high-level ADASs and self-driving cars have yet to reach a consensus regarding whether a central brain or a network of distributed smart sensors is the best architecture, but the v-MP6000 has the scalability to address the entire range. Combined with its technology for processing video bit streams, Videantis can offer customers a complete vision-processing subsystem that takes advantage of its core strength in automotive cameras, but the IP is also well suited to drones, video surveillance, and other applications.","Developers of high-level ADASs 그리고 self-driving cars have yet ~에 reach  consensus regarding whether  central brain 또는  network of distributed smart sensors is  최고의 architecture, 하지만  v-MP6000 has  scalability ~에 address  entire range. Combined ~와 함께 its technology ~을 위한 processing video bit streams, Videantis can offer customers  complete vision-processing subsystem that takes advantage of its core strength in automotive cameras, 하지만  IP is also well suited ~에 drones, video surveillance, 그리고 other applications."
"[**Laptop:** Ridiculous X7 Laptop w/ dual 1080m, 4k 120Hz display](http://www.tweaktown.com/news/52368/aorus-x7-pro-laptop-rocks-dual-gtx-1080m-sli-4k-120hz-display/index.html)","[**노트북:** Ridiculous X7 노트북 w/ dual 1080m, 4k 120Hz 디스플레이](http://www.tweaktown.com/news/52368/aorus-x7-pro-노트북-rocks-dual-gtx-1080m-sli-4k-120hz-디스플레이/index.html)"
[**Laptop:** Transformer 3 Pro 2:1](http://www.anandtech.com/show/10378/asus-announces-transformer-3-pro-2in1-with-core-i5i7),[**노트북:** Transformer 3 Pro 2:1](http://www.anandtech.com/show/10378/asus-announces-transformer-3-pro-2in1-~와 함께-core-i5i7)
[**Case:** Dark Base Pro 900 and 900 Pro full tower](http://www.pcper.com/news/Cases-and-Cooling/be-quiet-Announces-Dark-Base%C2%A0900-and-900%C2%A0PRO-Modular-Enclosures),[**Case:** Dark Base Pro 900 그리고 900 Pro full tower](http://www.pcper.com/news/Cases-그리고-Cooling/be-quiet-Announces-Dark-Base%C2%A0900-그리고-900%C2%A0PRO-Modular-Enclosures)
[**Case:** More info on Dark Base 900 Pro](https://www.techpowerup.com/223110/be-quiet-unveils-dark-base-pro-900-chassis),[**Case:** More info on Dark Base 900 Pro](https://www.techpowerup.com/223110/be-quiet-unveils-dark-base-pro-900-chassis)
"[**Product lineup:** New Master series (cases, psus, cpu coolers, thermalpaste, fans, peripherals)](http://www.guru3d.com/news-story/cooler-master-presents-new-gear-incl-masterliquid-pro-coolers-and-psus.html)","[**Product lineup:** 새로운 Master series (cases, psus, cpu coolers, thermalpaste, fans, peripherals)](http://www.guru3d.com/news-story/cooler-master-presents-새로운-gear-incl-masterliquid-pro-coolers-그리고-psus.html)"
[**Cooling:** 3 new Master Fans](https://www.techpowerup.com/223064/cooler-master-intros-the-master-fan-pro-series),[**Cooling:** 3 새로운 Master Fans](https://www.techpowerup.com/223064/cooler-master-intros--master-fan-pro-series)
[**Case:** OLA Cylindrical Mac Pro competitor](https://www.techpowerup.com/223114/cryorig-unveils-the-ola-cylindrical-chassis),[**Case:** OLA Cylindrical Mac Pro competitor](https://www.techpowerup.com/223114/cryorig-unveils--ola-cylindrical-chassis)
[**PC:** More info on Silverstone partnered LIVA Pro SFF Pc](https://www.techpowerup.com/223025/ecs-partners-with-silverstone-to-develop-liva-pro),[**PC:** More info on Silverstone partnered LIVA Pro SFF Pc](https://www.techpowerup.com/223025/ecs-partners-~와 함께-silverstone-~에-develop-liva-pro)
[**CPU:** Xeon E3-1500 v5 family w/ integrated graphics launched](http://www.anandtech.com/show/10361/intel-announces-xeon-e3-1500-v5-iris-pro-and-edram-for-streaming-video),[**CPU:** Xeon E3-1500 v5 family w/ integrated graphics launched](http://www.anandtech.com/show/10361/intel-announces-xeon-e3-1500-v5-iris-pro-그리고-edram-~을 위한-streaming-video)
Positives:,Positives:
"* Trackpad: Small size, but positive click, ok in conjunction with touch creen, may not be ideal for everyone.","* 트랙패드: Small size, 하지만 positive click, ok in conjunction ~와 함께 터치 creen, may not be ideal ~을 위한 everyone."
"* Battery Life: Still assessing how it holds up during intensive tasks, can drop down to 12W tdp in Premiere Pro and this seems to add battery life, upto around 3.5 hours.","* 배터리 수명: Still assessing how it holds up during intensive tasks, can drop down ~에 12W tdp in Premiere Pro 그리고 this seems ~에 add 배터리 수명, upto around 3.5 시간."
"Orico recently launched the IG740-PRO, marketing it as an ""Industry grade"" (Note that is different from the actual ""Industrial grade"", Orico has used the same word play in [their Chinese promotional material](https://www.orico.com.cn/product/detail/15532.html)). The drive garnered positive attention from reviewers, including prominent outlets like [Tweaktown](https://www.tweaktown.com/reviews/11047/orico-ig740-pro-2tb-ssd-mass-tlc-on-the-cheap/index.html), [Dong Knows Tech](https://techteamgb.co.uk/2025/04/14/truly-made-in-china-ssd-orico-ig740-pro-2tb-review/), and even [Forbes](https://www.forbes.com/sites/marksparrow/2025/04/16/orico-addresses-the-need-for-speed-with-industrial-grade-nvme-pcie-40-ssd/). These reviews often highlighted the drive's competitive pricing and the use of YMTC 232L TLC (Tri-Level Cell) NAND flash, a detail Orico explicitly stated in [Amazon's promotional materials ](https://archive.is/vka0h)and [their official homepage](https://web.archive.org/web/20250514231050/https://oricotechs.com/products/oirco-ig740pro).","Orico recently launched  IG740-PRO, marketing it as  ""Industry grade"" (Note that is different from  actual ""Industrial grade"", Orico has used  same word play in [their Chinese promotional material](https://www.orico.com.cn/product/detail/15532.html)).  drive garnered positive attention from reviewers, including prominent outlets 마음에 드는 [Tweaktown](https://www.tweaktown.com/reviews/11047/orico-ig740-pro-2tb-SSD-mass-tlc-on--cheap/index.html), [Dong Knows Tech](https://techteamgb.co.uk/2025/04/14/truly-made-in-china-SSD-orico-ig740-pro-2tb-review/), 그리고 even [Forbes](https://www.forbes.com/sites/marksparrow/2025/04/16/orico-addresses--need-~을 위한-속도-~와 함께-industrial-grade-nvme-pcie-40-SSD/). These reviews often highlighted  drive's competitive pricing 그리고  사용 of YMTC 232L TLC (Tri-Level Cell) NAND flash,  detail Orico explicitly stated in [Amazon's promotional materials ](https://archive.is/vka0h)그리고 [their official homepage](https://web.archive.org/web/20250514231050/https://oricotechs.com/products/oirco-ig740pro)."
"However, discrepancies have emerged. A [video review by TechteamGB ](https://www.youtube.com/watch?v=5_WBtAM3etI&t=122)shows that the NAND flash on their IG740-PRO review unit was QLC (Quad-Level Cell) NAND, based on the part numbering etched onto the flash chips. YMTC's part numbering system uses the 6th digit to denote the flash type, with ""T"" for TLC and ""Q"" for QLC – the latter being present on the reviewed hardware. In fact, [Techinsights has directly called NAND with this exact same part number QLC](https://www.techinsights.com/blog/ymtc-ymn0aqf1b1hcad-232-layer-qlc-3d-nand-flash-memory-floorplan-analysis). This observation was not an isolated incident, as a separate [video review by Mike's Unboxing ](https://youtu.be/LOv9WiqhrJ8&t=89)also reportedly showcased the same QLC NAND flash in their sample. Using QLC instead of TLC impacts sustained write performance and endurance, and is in direct contradiction to Orico's own promotional materials.","However, discrepancies have emerged.  [video review by TechteamGB ](https://www.youtube.com/watch?v=5_WBtAM3etI&t=122)shows that  NAND flash on their IG740-PRO review unit was QLC (Quad-Level Cell) NAND, based on  part numbering etched onto  flash chips. YMTC's part numbering system uses  6th digit ~에 denote  flash type, ~와 함께 ""T"" ~을 위한 TLC 그리고 ""Q"" ~을 위한 QLC –  latter being present on  reviewed hardware. In fact, [Techinsights has directly called NAND ~와 함께 this exact same part number QLC](https://www.techinsights.com/blog/ymtc-ymn0aqf1b1hcad-232-layer-qlc-3d-nand-flash-메모리-floorplan-analysis). This observation was not  isolated incident, as  separate [video review by Mike's Unboxing ](https://youtu.be/LOv9WiqhrJ8&t=89)also reportedly showcased  same QLC NAND flash in their sample. 사용하는 QLC instead of TLC impacts sustained write 성능 그리고 endurance, 그리고 is in direct contradiction ~에 Orico's own promotional materials."
"A less invasive, though not entirely definitive, method to infer the NAND type is to prepare a single file that is larger than one-third of the drive's total capacity, then copy this file to the IG740-PRO and observe the write speed after the SLC cache is exhausted. If the write speed drops significantly to \~300MB/s or even lower, it may indicate the presence of QLC NAND, as exhibited in [TechteamGB's review](https://youtu.be/5_WBtAM3etI&t=428), compared to [500-800MB/s showcased by the TLC variant](https://youtu.be/cg092Kas9JY&t=502). If you suspect you have received a QLC variant, you should reach out to Orico or the retailer from whom the drive was purchased for further support.","less invasive, though not entirely definitive, method ~에 infer  NAND type is ~에 prepare  single file that is larger than one-third of  drive's total capacity, then copy this file ~에  IG740-PRO 그리고 observe  write 속도 after  SLC cache is exhausted. If  write 속도 drops significantly ~에 \~300MB/s 또는 even lower, it may indicate  presence of QLC NAND, as exhibited in [TechteamGB's review](https://youtu.be/5_WBtAM3etI&t=428), compared ~에 [500-800MB/s showcased by  TLC variant](https://youtu.be/cg092Kas9JY&t=502). If you suspect you have received  QLC variant, you should reach out ~에 Orico 또는  retailer from whom  drive was purchased ~을 위한 further 지원."
"As a side note, TechPowerUp has already updated with the QLC variant in their [SSD database](https://www.techpowerup.com/ssd-specs/orico-ig740-pro-1-tb.d2395).","As  side note, TechPowerUp has already updated ~와 함께  QLC variant in their [SSD database](https://www.techpowerup.com/SSD-specs/orico-ig740-pro-1-tb.d2395)."
"**Traversal and Intersection Testing:** There's many patent filings about faster BVH traversal and intersection testing. One about [dynamically reassigning ressources](https://patents.justia.com/patent/20240212259) to boost speed and reduce idle time, another [reordering rays together in cache lines](https://patents.justia.com/patent/20240282044) to reduce memory transactions, [precomputations alongside low precision ray intersections](https://patents.justia.com/patent/20250111587) to boost the intersection rate, [split BVH's for instances](https://patents.justia.com/patent/20240412446) reducing false positives (redundant calculations), [shuffling around bounding boxes to other parts of BVH](https://patents.justia.com/patent/20240203034) boosting traversal rate, [improved BVH traversal by picking the right nodes more often](https://patents.justia.com/patent/11928770), [bundling coherent rays into one big frustrum bundle acting as one ray](https://patents.justia.com/patent/11741658) massively speeding up coherent rays like primary, shadow and ambient occlusion rays, and [prioritizing execution ressources to finish slow rays ASAP](https://patents.justia.com/patent/11908065) boosting parallelization for ray traversal. For a GPU's SIMD this is key for good performance. There's also [data coherency sorting through partial sorting across multiple wavefronts](https://patents.justia.com/patent/12032967) boosting data efficiency and increasing speed.","**Traversal 그리고 Intersection Testing:** There's many patent filings about faster BVH traversal 그리고 intersection testing. One about [dynamically reassigning ressources](https://patents.justia.com/patent/20240212259) ~에 boost 속도 그리고 reduce idle time, another [reordering rays together in cache lines](https://patents.justia.com/patent/20240282044) ~에 reduce 메모리 transactions, [precomputations alongside low precision ray intersections](https://patents.justia.com/patent/20250111587) ~에 boost  intersection rate, [split BVH's ~을 위한 instances](https://patents.justia.com/patent/20240412446) reducing false positives (redundant calculations), [shuffling around bounding boxes ~에 other parts of BVH](https://patents.justia.com/patent/20240203034) boosting traversal rate, [improved BVH traversal by picking  right nodes more often](https://patents.justia.com/patent/11928770), [bundling coherent rays into one big frustrum bundle acting as one ray](https://patents.justia.com/patent/11741658) massively speeding up coherent rays 마음에 드는 primary, shadow 그리고 ambient occlusion rays, 그리고 [prioritizing execution ressources ~에 finish 느린 rays ASAP](https://patents.justia.com/patent/11908065) boosting parallelization ~을 위한 ray traversal. ~을 위한  GPU's SIMD this is key ~을 위한 좋은 성능. There's also [data coherency sorting through partial sorting across multiple wavefronts](https://patents.justia.com/patent/12032967) boosting data efficiency 그리고 increasing 속도."
**A Ray Tracing Arms Race:** The prospect of AMD basically having hardware feature level parity with NVIDIA Blackwell as a minimum and likely even exceeded it as soon as nextgen would strengthen AMD's competitive advantage *if they keep up the RDNA 4 momentum into the nextgen*. With Ada Lovelace NVIDIA threw the gauntlet and AMD might finally have picked it up with nextgen but for now NVIDIA is still cruising along with mediocre Blackwell.,** Ray Tracing Arms Race:**  prospect of AMD basically having hardware feature level parity ~와 함께 NVIDIA Blackwell as  minimum 그리고 likely even exceeded it as soon as nextgen would strengthen AMD's competitive advantage *if they keep up  RDNA 4 momentum into  nextgen*. ~와 함께 Ada Lovelace NVIDIA threw  gauntlet 그리고 AMD might finally have picked it up ~와 함께 nextgen 하지만 ~을 위한 now NVIDIA is still cruising along ~와 함께 mediocre Blackwell.
"**Performant Neurally Enhanced Path Tracers:** AMD likely building their own well rounded path tracer to compete with ReSTIR would be a good thing and assuming something good comes out of Project Amethyst related to neural rendering SDKs, then they could have a very well rounded and performant alternative to NVIDIA's ressource hog ReSTIR, and likely even one turbocharged by neural rendering. Not expecting NVIDIA to be complacent here so it'll be interesting to see what both companies come up with in the future.","**Performant Neurally Enhanced Path Tracers:** AMD likely building their own well rounded path tracer ~에 compete ~와 함께 ReSTIR would be  좋은 thing 그리고 assuming something 좋은 comes out of Project Amethyst related ~에 neural rendering SDKs, then they could have  very well rounded 그리고 performant alternative ~에 NVIDIA's ressource hog ReSTIR, 그리고 likely even one turbocharged by neural rendering. Not expecting NVIDIA ~에 be complacent here so it'll be interesting ~에 see what both companies come up ~와 함께 in  future."
"**On the performance of the GeForce RTX 5060 Ti _16GB_:** The card beats the GeForce RTX 4060 Ti with +14-17% more performance, in line with the gains of most other RTX50 cards. Another advantage of the GeForce RTX 5060 Ti is that the 16 GB version is now the primary version (in contrast to the GeForce RTX 4060 Ti) and also comes at no major additional cost. On the AMD side, the Radeon RX 7700 XT is only a suitable counterpart at raster rendering, but is clearly beaten at ray tracing - and of course also has the smaller amount of VRAM. At best, the Radeon RX 7800 XT is a passable opponent to the GeForce RTX 5060 Ti, but also costs a little more (in Europe). Unfortunately, the US prices are difficult to assess at the moment, as the US market is completely overbought.","**On  성능 of  GeForce RTX 5060 Ti _16GB_:**  card beats  GeForce RTX 4060 Ti ~와 함께 +14-17% more 성능, in line ~와 함께  gains of most other RTX50 cards. Another advantage of  GeForce RTX 5060 Ti is that  16 GB 버전 is now  primary 버전 (in contrast ~에  GeForce RTX 4060 Ti) 그리고 also comes at no major additional cost. On  AMD side,  Radeon RX 7700 XT is only  suitable counterpart at raster rendering, 하지만 is clearly beaten at ray tracing - 그리고 of course also has  smaller amount of VRAM. At 최고의,  Radeon RX 7800 XT is  passable opponent ~에  GeForce RTX 5060 Ti, 하지만 also costs  little more (in Europe). Unfortunately,  US prices are difficult ~에 assess at  moment, as  US market is completely overbought."
"**Important note on the GeForce RTX 5060 Ti _8GB_:** The above performance evaluation based on average frame rates does not show the complete picture for this GPU. But even with average frame rates, it can be seen that the card lags behind in raster rendering from 2160p, but in ray tracing from 1080p. However, differences at average frame rates are always only the very last sign of too less VRAM. Long before that, there are already (sometimes considerable) disadvantages at the minimum frame rates as well as a declining image quality due to missing textures, delayed loading textures or even a generally lower texture quality. This was explained quite well in a video by [Hardware Unboxed](https://www.youtube.com/watch?v=AdZoa6Gzl6s), and is a known problem with too less VRAM. The GeForce RTX 5060 Ti 8GB is therefore already borderline even under 1080p and can therefore not be recommended with a clear conscience for a GPU purchase in 2025.","**Important note on  GeForce RTX 5060 Ti _8GB_:**  above 성능 evaluation based on average frame rates does not show  complete picture ~을 위한 this GPU. 하지만 even ~와 함께 average frame rates, it can be seen that  card lags behind in raster rendering from 2160p, 하지만 in ray tracing from 1080p. However, differences at average frame rates are always only  very last sign of too less VRAM. Long before that, there are already (sometimes considerable) disadvantages at  minimum frame rates as well as  declining image 품질 due ~에 missing textures, delayed loading textures 또는 even  generally lower texture 품질. This was explained quite well in  video by [Hardware Unboxed](https://www.youtube.com/watch?v=AdZoa6Gzl6s), 그리고 is  known 문제 ~와 함께 too less VRAM.  GeForce RTX 5060 Ti 8GB is therefore already borderline even under 1080p 그리고 can therefore not be recommended ~와 함께  clear conscience ~을 위한  GPU purchase in 2025."
| | Switch 1 Lite   | Switch 2    | OnePlus Ace 5 Pro     | Tegra T234     | Realme Neo 7     | OnePlus Ace 5 | Steam Deck LCD |,| | Switch 1 Lite   | Switch 2    | OnePlus Ace 5 Pro     | Tegra T234     | Realme Neo 7     | OnePlus Ace 5 | Steam Deck LCD |
"Another N5 class product is the PS5 Pro’s SoC that includes a CPU, 60CU GPU, and some other IP and yet remains only \~279mm\^2. If we exclude infinite cache on Navi 32 this gets pretty close to a reasonable estimate for the GPU die size on the PS5 Pro’s Viola die. Not saying they’re apples to apple at all. However PS5 Pro’s big investments into RT and AI vs PS5’s RDNA 2 and even RDNA 3 should offset any die savings from not adopting the RDNA 3 ISA and any other architectural changes. As the next chapter will show RDNA 4 goes a lot further than any previous architecture including the PS5 Pro as indicated by truly massive silicon investments.","Another N5 class product is  PS5 Pro’s SoC that includes  CPU, 60CU GPU, 그리고 some other IP 그리고 yet remains only \~279mm\^2. If we exclude infinite cache on Navi 32 this gets pretty close ~에  reasonable estimate ~을 위한  GPU die size on  PS5 Pro’s Viola die. Not saying they’re apples ~에 apple at all. However PS5 Pro’s big investments into RT 그리고 AI vs PS5’s RDNA 2 그리고 even RDNA 3 should offset any die savings from not adopting  RDNA 3 ISA 그리고 any other architectural changes. As  next chapter will show RDNA 4 goes  lot further than any previous architecture including  PS5 Pro as indicated by truly massive silicon investments."
"I guess we can wear our tin foil hats as to why the aren't using their hardware optical flow accelerator but I'm not here to entertain that discussion. But rather the improvements, the positive side of things. Anyways, some may have noticed for a while that DLSS FG while is consistently better visually depending on implementation compared to FSR FG, there are times where performance isn't as good with noticeable overhead.","I guess we can wear our tin foil hats as ~에 why  aren't 사용하는 their hardware optical flow accelerator 하지만 I'm not here ~에 entertain that discussion. 하지만 rather  improvements,  positive side of things. Anyways, some may have noticed ~을 위한  while that DLSS FG while is consistently 더 나은 visually depending on implementation compared ~에 FSR FG, there are times where 성능 isn't as 좋은 ~와 함께 noticeable overhead."
">This ultimately means that the DLSS Frame Generation algorithm apparently requires significantly more computing time than that of FSR FG. This has the effect that the positive benefit of frame generation quickly decreases when the render frame rate reaches the 100 FPS mark - until the ""FG effect"" even becomes negative.",">This ultimately means that  DLSS Frame Generation algorithm apparently requires significantly more computing time than that of FSR FG. This has  effect that  positive benefit of frame generation quickly decreases when  render frame rate reaches  100 FPS mark - until  ""FG effect"" even becomes negative."
"**Impact of higher clocks + other changes on 40 series:** 40-50% higher clocks + likely some secret low level transistor optimizations known only by NVIDIA helped 40 series mostly overcome the resolutionscaling woes of 30 series. The reduced latencies and increased bandwidth on critical data stores like instruction caches, L1 and Vector Register Files + the speed bump across the board (benefits everything) ensures that low saturation shaders finish much faster resulting in higher overall saturation and therefore less occupancy. This is why 40 series like RDNA 2, but unlike 30 series, performs well at 1080p and why the advantage diminishes with higher resolutions. For example check [4070S vs 3080 10GB](https://www.techspot.com/review/2793-nvidia-geforce-rtx-4070-ti-super/#Average_Gaming_Performance_Raster) \+14.06% (1080p), +12.5% (1440p) and +7.14% (4K). The only explanation is either that 40 series is mem BW limited and/or as previous mentioned the higher frequency disproportionately benefits low saturation shaders vs high saturation shaders.","**Impact of higher clocks + other changes on 40 series:** 40-50% higher clocks + likely some secret low level transistor optimizations known only by NVIDIA helped 40 series mostly overcome  resolutionscaling woes of 30 series.  reduced latencies 그리고 increased bandwidth on critical data stores 마음에 드는 instruction caches, L1 그리고 Vector Register Files +  속도 bump across  board (이점들 everything) ensures that low saturation shaders finish much faster resulting in higher overall saturation 그리고 therefore less occupancy. This is why 40 series 마음에 드는 RDNA 2, 하지만 unlike 30 series, performs well at 1080p 그리고 why  advantage diminishes ~와 함께 higher resolutions. ~을 위한 example check [4070S vs 3080 10GB](https://www.techspot.com/review/2793-nvidia-geforce-rtx-4070-ti-super/#Average_Gaming_Performance_Raster) \+14.06% (1080p), +12.5% (1440p) 그리고 +7.14% (4K).  only explanation is either that 40 series is mem BW limited 그리고/또는 as previous mentioned  higher frequency disproportionately 이점들 low saturation shaders vs high saturation shaders."
"The low *HWINFO64 reported* power draw without low GPU utilization persists. ~~The B580 has a sizeable power effíciency advantage is the 4060.~~ *RTX 4060 has the clear efficiency lead, but that lead is massively shrink in titles where B580 destroys it (like CB2077 and RDR2).*","low *HWINFO64 reported* 전력 draw without low GPU utilization persists. ~~ B580 has  sizeable 전력 effíciency advantage is  4060.~~ *RTX 4060 has  clear efficiency lead, 하지만 that lead is massively shrink in titles where B580 destroys it (마음에 드는 CB2077 그리고 RDR2).*"
"**Conclusion:** Results are now much less in the B580's favour despite the 1440p resolution. But the big picture still showed a slight advantage at 1440p, most likely due to larger memory bandwith and VRAM buffer (12GB vs 8GB).","**Conclusion:** Results are now much less in  B580's favour despite  1440p 해상도. 하지만  big picture still showed  slight advantage at 1440p, most likely due ~에 larger 메모리 bandwith 그리고 VRAM buffer (12GB vs 8GB)."
"The Spider-Man MM lead from before shrank within margin of error and only two games, which had \~120W *HWINFO64 reported* power draw saw sizeable performance advantages vs the RTX 4060:","Spider-Man MM lead from before shrank within margin of error 그리고 only two games, which had \~120W *HWINFO64 reported* 전력 draw saw sizeable 성능 장점들 vs  RTX 4060:"
~~The B580 has a sizeable power effíciency advantage vs the 4060.~~ *The 4060 once again has the clear power efficiency advantage.*,~~ B580 has  sizeable 전력 effíciency advantage vs  4060.~~ * 4060 once again has  clear 전력 efficiency advantage.*
> Testing the memory access latency curve of the M4 Pro big/small core,> Testing  메모리 access latency curve of  M4 Pro big/small core
"> The single-thread bandwidth of M4 Pro and the comparison with x86. Unlike the latency test, in the bandwidth test we can easily see that a single core can access all 32M L2 caches of two P clusters at full speed, and the bandwidth is basically maintained at around 120 GB/s.",">  single-thread bandwidth of M4 Pro 그리고  comparison ~와 함께 x86. Unlike  latency test, in  bandwidth test we can easily see that  single core can access all 32M L2 caches of two P clusters at full 속도, 그리고  bandwidth is basically maintained at around 120 GB/s."
"> In addition, it is easy to find that Apple's current advantage over x86 lies in 128-bit SIMD throughput. Zen5 requires 256/512-bit SIMD to make each level of cache fully utilized.","> In addition, it is easy ~에 find that Apple's current advantage over x86 lies in 128-bit SIMD throughput. Zen5 requires 256/512-bit SIMD ~에 make each level of cache fully utilized."
"> Finally, regarding multi-core, the current generation M4 Pro can achieve 220+ GB/s memory bandwidth using a single cluster of 5 cores for pure reading, which is no longer limited by the single cluster bandwidth of the M1 era. This may be because a P cluster can now not only use the cache of another P cluster, but also read and write memory through the data path of another P cluster.","> Finally, regarding multi-core,  current generation M4 Pro can achieve 220+ GB/s 메모리 bandwidth 사용하는  single cluster of 5 cores ~을 위한 pure reading, which is no longer limited by  single cluster bandwidth of  M1 era. This may be because  P cluster can now not only 사용  cache of another P cluster, 하지만 also read 그리고 write 메모리 through  data path of another P cluster."
"We have ST & MT. Not all laptops on both. Cinebench is FP and Integer is more important by an order of magnitude for most common use than this stuff, but there is a modest to strong positive correlation between integer and FP performance/W curves, so this gives us directionally useful indications.","We have ST & MT. Not all 노트북들 on both. Cinebench is FP 그리고 Integer is more important by  order of magnitude ~을 위한 most common 사용 than this stuff, 하지만 there is  modest ~에 strong positive correlation between integer 그리고 FP 성능/W curves, so this gives us directionally useful indications."
| AMD | ryzen ai 9 365 | yoga pro 7 14asp g9 | 15W | 580 | 25.4 | 23.2 |,| AMD | ryzen ai 9 365 | yoga pro 7 14asp g9 | 15W | 580 | 25.4 | 23.2 |
| AMD | ryzen ai 9 365 | yoga pro 7 14asp g9 20w | nan | 683 | 31.9 | 21.4 |,| AMD | ryzen ai 9 365 | yoga pro 7 14asp g9 20w | nan | 683 | 31.9 | 21.4 |
| AMD | ryzen 7 8845hs | via 14 pro (m24) | Quiet 20W | 567 | 27.7 | 20.5 |,| AMD | ryzen 7 8845hs | via 14 pro (m24) | Quiet 20W | 567 | 27.7 | 20.5 |
| AMD | ryzen ai 9 365 | yoga pro 7 14asp g9 | 28W | 787 | 43.8 | 18.0 |,| AMD | ryzen ai 9 365 | yoga pro 7 14asp g9 | 28W | 787 | 43.8 | 18.0 |
| AMD | ryzen 7 8845hs | via 14 pro (m24) | Balanced 40W | 842 | 56.8 | 14.8 |,| AMD | ryzen 7 8845hs | via 14 pro (m24) | Balanced 40W | 842 | 56.8 | 14.8 |
| AMD | ryzen ai 9 365 | yoga pro 7 14asp g9 | nan | 996 | 79.68 | 12.5 |,| AMD | ryzen ai 9 365 | yoga pro 7 14asp g9 | nan | 996 | 79.68 | 12.5 |
| AMD | ryzen 7 8845hs | via 14 pro (m24) performance 54w | Performance 54W | 912 | 82.91 | 11.0 |,| AMD | ryzen 7 8845hs | via 14 pro (m24) 성능 54w | 성능 54W | 912 | 82.91 | 11.0 |
| Apple | m2 pro | macbook pro 14 2023 m2 pro | nan | 1030 | 60.1 | 17.1 |,| Apple | m2 pro | macbook pro 14 2023 m2 pro | nan | 1030 | 60.1 | 17.1 |
| Intel | core ultra 7 155h | redmibook pro 14 2024 | 35W | 752 | 52.0 | 14.5 |,| Intel | core ultra 7 155h | redmibook pro 14 2024 | 35W | 752 | 52.0 | 14.5 |
| Intel | core ultra 7 155h | redmibook pro 14 2024 | 20W | 440 | 31.1 | 14.1 |,| Intel | core ultra 7 155h | redmibook pro 14 2024 | 20W | 440 | 31.1 | 14.1 |
| Intel | core ultra 7 155h | redmibook pro 14 2024 | 50W | 878 | 68.9 | 12.7 |,| Intel | core ultra 7 155h | redmibook pro 14 2024 | 50W | 878 | 68.9 | 12.7 |
| Qualcomm | snapdragon x elite x1e-80-100 | surface pro oled copilot+ | Best Performance | 893 | 39.6 | 22.6 |,| Qualcomm | snapdragon x elite x1e-80-100 | surface pro oled copilot+ | 최고의 성능 | 893 | 39.6 | 22.6 |
"| Qualcomm | snapdragon x plus x1p-64-100 | surface pro copilot+, best performance | Best Performance | 795 | 38.78 | 20.5 |","| Qualcomm | snapdragon x plus x1p-64-100 | surface pro copilot+, 최고의 성능 | 최고의 성능 | 795 | 38.78 | 20.5 |"
| Apple MacBook Pro 14 2024 M4 Pro | Apple M4 Pro (14 cores)                 | 177.6                            | 16.0          | 11.1                        |,| Apple MacBook Pro 14 2024 M4 Pro | Apple M4 Pro (14 cores)                 | 177.6                            | 16.0          | 11.1                        |
| Apple MacBook Pro 14 2023 M2 Pro | Apple M2 Pro                            | 123.03                           | 13.7          | 8.98                        |,| Apple MacBook Pro 14 2023 M2 Pro | Apple M2 Pro                            | 123.03                           | 13.7          | 8.98                        |
| Microsoft Surface Pro Copilot+   | Qualcomm Snapdragon X Plus X1P-64-100   | 108.99                           | 13.1          | 8.32                        |,| Microsoft Surface Pro Copilot+   | Qualcomm Snapdragon X Plus X1P-64-100   | 108.99                           | 13.1          | 8.32                        |
| Microsoft Surface Pro OLED       | Qualcomm Snapdragon X Elite X1E-80-100  | 123.07                           | 18.2          | 6.76                        |,| Microsoft Surface Pro OLED       | Qualcomm Snapdragon X Elite X1E-80-100  | 123.07                           | 18.2          | 6.76                        |
| Lenovo Yoga Pro 7                | AMD Ryzen AI 9 365                      | 113.48                           | 28.3          | 4.01                        |,| Lenovo Yoga Pro 7                | AMD Ryzen AI 9 365                      | 113.48                           | 28.3          | 4.01                        |
| SCHENKER VIA 14 Pro              | AMD Ryzen 7 8845HS                      | 101.57                           | 32.8          | 3.11                        |,| SCHENKER VIA 14 Pro              | AMD Ryzen 7 8845HS                      | 101.57                           | 32.8          | 3.11                        |
| Xiaomi RedmiBook Pro 14          | Intel Core Ultra 7 155H                | 101.57                           | 32.8          | 3.11                        |,| Xiaomi RedmiBook Pro 14          | Intel Core Ultra 7 155H                | 101.57                           | 32.8          | 3.11                        |
"Both the A18 Pro and Dimensity 9400 have efficiency cores. In the case of the Dimensity 9400, the Cortex A720 cores act as the efficiency cores.","Both  A18 Pro 그리고 Dimensity 9400 have efficiency cores. In  case of  Dimensity 9400,  Cortex A720 cores act as  efficiency cores."
"Closely looking at the SPEC2017 graph, at similar power levels of 6.2W, the A18 pro retains a 22% performance lead in SPECint2017.","Closely looking at  SPEC2017 graph, at similar 전력 levels of 6.2W,  A18 pro retains  22% 성능 lead in SPECint2017."
"In SPECfp2017, the A18 pro is 15% faster at similar power level of 8.2W than the X925.","In SPECfp2017,  A18 pro is 15% faster at similar 전력 level of 8.2W than  X925."
"In the second game, Mediatek has a 20% performance advantage but uses 15% more power to gain that lead.","In  second game, Mediatek has  20% 성능 advantage 하지만 uses 15% more 전력 ~에 gain that lead."
iPhone 16 Pro Max Testing Reveals A18 Pro Still Limited in Raster Performance Despite Improved Ray Tracing,iPhone 16 Pro Max Testing Reveals A18 Pro Still Limited in Raster 성능 Despite Improved Ray Tracing
"This is without mentioning how heavily gimped most smartphones are in their base storage and memory configurations just because manufacturers are being a bunch of stingy assholes. You can literally get 1 TB of SSD storage at consumer pricing for less than 80$ yet system integrators are giving us ""Pro"" phones that start at 128 GB and charge 100$ for every extra NAND chip. And it's crazy how even the entire frenzy for AI-capable hardware couldn't even push Apple to put more than 8 GB of RAM on their newest iPhones. You can be sure that those 8 GB of RAM will turn into a bottleneck wayyy before the A18/Pro ever become too slow to keep up with modern software.","This is without mentioning how heavily gimped most smartphones are in their base 저장장치 그리고 메모리 configurations just because manufacturers are being  bunch of stingy assholes. You can literally get 1 TB of SSD 저장장치 at consumer pricing ~을 위한 less than 80$ yet system integrators are giving us ""Pro"" phones that start at 128 GB 그리고 충전 100$ ~을 위한 every extra NAND chip. 그리고 it's crazy how even  entire frenzy ~을 위한 AI-capable hardware couldn't even push Apple ~에 put more than 8 GB of RAM on their newest iPhones. You can be sure that those 8 GB of RAM will turn into  bottleneck wayyy before  A18/Pro ever become too 느린 ~에 keep up ~와 함께 modern software."
">In summary, **2019 will be a growth year, largely driven by logic.** On the ASML product side let me start with an update of our EUV business. In EUV, we continue to make solid progress as evident in the positive public comments from our logic and memory customers on the use of EUV in their most advanced nodes. **Logic customers are installing systems in support of volume manufacturing for their 7 and 5 nanometer nodes. DRAM customers are also working on qualifying EUV for their future nodes.** And this year we expect the first commercial EUV enabled chip to reach the consumer market.",">In summary, **2019 will be  growth year, largely driven by logic.** On  ASML product side let me start ~와 함께  update of our EUV 비즈니스. In EUV, we continue ~에 make solid progress as evident in  positive public comments from our logic 그리고 메모리 customers on  사용 of EUV in their most advanced nodes. **Logic customers are installing systems in 지원 of volume manufacturing ~을 위한 their 7 그리고 5 nanometer nodes. DRAM customers are also 작업하는 on qualifying EUV ~을 위한 their future nodes.** 그리고 this year we expect  first commercial EUV enabled chip ~에 reach  consumer market."
>analog generating is really driven by the logic strength in the second half. We do expect when we talk to our memory customer that they do expect some recovery in H2. But when you look at H2 it will be strong logic driven half.,>analog generating is really driven by  logic strength in  second half. We do expect when we talk ~에 our 메모리 customer that they do expect some recovery in H2. 하지만 when you look at H2 it will be strong logic driven half.
"I've been using the Fractal Torrent Nano for the past 3-4 months with hundreds of hours of gaming and tens of hours of benchmarking. Now that I've seen its strengths and weaknesses (versus receiving the case and immediately publishing a YT review), here are my thoughts and recommendations.","I've been 사용하는  Fractal Torrent Nano ~을 위한  past 3-4 개월 ~와 함께 hundreds of 시간 of 게임 그리고 tens of 시간 of benchmarking. Now that I've seen its strengths 그리고 weaknesses (versus receiving  case 그리고 immediately publishing  YT review), here are my thoughts 그리고 recommendations."
"The fans included with the Scythe FUMA 2 have both pros and cons. Because the included fans are low RPM, no matter what setting I used for fan speeds I was unable to discern the sound of the CPU fans from the rest of the computer, which will be appreciated by those who want a quiet build.","fans included ~와 함께  Scythe FUMA 2 have both 장점 그리고 cons. Because  included fans are low RPM, no matter what setting I used ~을 위한 fan speeds I was unable ~에 discern  sound of  CPU fans from  rest of  컴퓨터, which will be appreciated by those who want  quiet build."
"* *EVE* - Surface Pro lookalike called ""Eve V"", 3:2 12.3"" 2,736x1,824 screen, 799$. [CNet](https://www.cnet.com/products/eve-v/preview/?ftag=COS-05-10aaa0b&linkId=38138128)","* *EVE* - Surface Pro lookalike called ""Eve V"", 3:2 12.3"" 2,736x1,824 화면, 799$. [CNet](https://www.cnet.com/products/eve-v/preview/?ftag=COS-05-10aaa0b&linkId=38138128)"
"* *CoolerMaster* - UFO/mushroom-shaped cooler, also RGB liquid AIOs and some mice/keyboards [Guru3D](http://shorturl.at/aiyO2l). MasterCase H500P with 240mm liquid cooling [Guru3D](http://www.guru3d.com/news-story/computex-2017-cooler-master-haf-back-in-da-house.html). RGB fans [Guru3D](http://www.guru3d.com/news-story/computex-2017-cooler-master-masterfan-pro-rgb-w-master-software-control.html)","* *CoolerMaster* - UFO/mushroom-shaped cooler, also RGB liquid AIOs 그리고 some mice/keyboards [Guru3D](http://shorturl.at/aiyO2l). MasterCase H500P ~와 함께 240mm liquid cooling [Guru3D](http://www.guru3d.com/news-story/computex-2017-cooler-master-haf-back-in-da-house.html). RGB fans [Guru3D](http://www.guru3d.com/news-story/computex-2017-cooler-master-masterfan-pro-rgb-w-master-software-control.html)"
"So it seems a fair amount of ulta portable tech this year will be rocking intels new U processors and a fanless design. What i'm concerned about is performance throttling. The new surface pro for instance will most likely sport a fanless design (as is apple's new macbook) and i can imagine that as it's not actively cooled, intensive applications will cause significantly more throttling which may reduce and effectively nullify performance gains over previous gen products. Traditionally, when an intensive application starts up, so do the fans, the fans increase RPM to match the temperatures and therefore keep them stable. This may cause throttling as the fan's may not be able to keep up with the rise in temperature. The new fanless designs will not be able to match thermal exhaust with thermal output. Thoughts on this anyone?","So it seems  fair amount of ulta 휴대용 tech this year will be rocking intels 새로운 U processors 그리고  fanless 디자인. What i'm concerned about is 성능 throttling.  새로운 surface pro ~을 위한 instance will most likely sport  fanless 디자인 (as is apple's 새로운 macbook) 그리고 i can imagine that as it's not actively cooled, intensive applications will cause significantly more throttling which may reduce 그리고 effectively nullify 성능 gains over previous gen products. Traditionally, when  intensive application starts up, so do  fans,  fans increase RPM ~에 match  temperatures 그리고 therefore keep them stable. This may cause throttling as  fan's may not be able ~에 keep up ~와 함께  rise in temperature.  새로운 fanless designs will not be able ~에 match thermal exhaust ~와 함께 thermal output. Thoughts on this anyone?"
"Lee Kun-hee's strategy is very simple, take advantage of Samsung's diversified advantages, fan out from single points into a whole expanse, to break free from encirclement. For example, in facing Qualcomm, the largest customer of TSMC, Samsung adopted the method of ""using purchasing to find selling opportunities,"" having Samsung phones buy Qualcomm chips, and then persuading Qualcomm to hand over the chip manufacturing to Samsung. For Apple, Samsung bundled together storage chips, display panels, and chip foundries in a sales strategy, the so-called strategy of “selling a cabbage and giving away some spring onions.”","Lee Kun-hee's strategy is very simple, take advantage of Samsung's diversified 장점들, fan out from single points into  whole expanse, ~에 break free from encirclement. ~을 위한 example, in facing Qualcomm,  largest customer of TSMC, Samsung adopted  method of ""사용하는 purchasing ~에 find selling opportunities,"" having Samsung phones buy Qualcomm chips, 그리고 then persuading Qualcomm ~에 hand over  chip manufacturing ~에 Samsung. ~을 위한 Apple, Samsung bundled together 저장장치 chips, 디스플레이 panels, 그리고 chip foundries in  sales strategy,  so-called strategy of “selling  cabbage 그리고 giving away some spring onions.”"
"Samsung's bundling strategy is a common way for semiconductor companies to develop business. For example, Qualcomm also uses the advantages of baseband processing to pair unsalable goods up with goods that sell well; AMD also sells CPUs and GPUs together. Samsung’s foundry revenue was only $75 million in 2006, but four years later it tripled, with A-series chips for Apple’s foundry accounting for 85%. It can be said that Samsung's chip division grew up by eating apples one by one.","Samsung's bundling strategy is  common way ~을 위한 semiconductor companies ~에 develop 비즈니스. ~을 위한 example, Qualcomm also uses  장점들 of baseband processing ~에 pair unsalable goods up ~와 함께 goods that sell well; AMD also sells CPUs 그리고 GPUs together. Samsung’s foundry revenue was only $75 million in 2006, 하지만 four 년 later it tripled, ~와 함께 -series chips ~을 위한 Apple’s foundry accounting ~을 위한 85%. It can be said that Samsung's chip division grew up by eating apples one by one."
"Taiwanese media regretfully commented, ""the technical advantages of TSMC have been wiped out overnight.""","Taiwanese media regretfully commented, "" technical 장점들 of TSMC have been wiped out overnight."""
"Note that this is not a criticism of benchmark *intensity* or length. Geekbench makes a reasonable choice to only benchmark peak performance, by only running quick workloads, with gaps between each bench. This makes sense if you're interested in the performance of the chip, independent of cooling. This is likely why the fanless Macbook Air performs about the same as the 13"" Macbook Pro with a fan. Peak performance is just a different measure, not more or less ‘correct’ than sustained.","Note that this is not  criticism of benchmark *intensity* 또는 length. Geekbench makes  reasonable 선택 ~에 only benchmark peak 성능, by only running quick workloads, ~와 함께 gaps between each bench. This makes sense if you're interested in  성능 of  chip, independent of cooling. This is likely why  fanless Macbook Air performs about  same as  13"" Macbook Pro ~와 함께  fan. Peak 성능 is just  different measure, not more 또는 less ‘correct’ than sustained."
"To make things even better, Geekbench is disaggregated, so you can get past the bad score aggregation and questionable benchmarks just by looking at the disaggregated scores. In the comparison before, if you scroll down you can see individual scores. M1 wins the majority, including Clang and Ray Tracing, but loses some others like LZMA and JPEG compression. This is what you'd expect given the M1 has the advantage of better speculation (eg. larger ROB) whereas the 5900X has a faster clock.","~에 make things even 더 나은, Geekbench is disaggregated, so you can get past  bad score aggregation 그리고 questionable benchmarks just by looking at  disaggregated scores. In  comparison before, if you scroll down you can see individual scores. M1 wins  majority, including Clang 그리고 Ray Tracing, 하지만 loses some others 마음에 드는 LZMA 그리고 JPEG compression. This is what you'd expect given  M1 has  advantage of 더 나은 speculation (eg. larger ROB) whereas  5900X has  faster clock."
"[If you look at older phone reviews](https://www.anandtech.com/show/14892/the-apple-iphone-11-pro-and-max-review/5), you can see runs of the A13 with browser benchmarks.","[If you look at older phone reviews](https://www.anandtech.com/show/14892/-apple-iphone-11-pro-그리고-max-review/5), you can see runs of  A13 ~와 함께 browser benchmarks."
"Of course, [then there are Apple's first-party benchmarks](https://www.reddit.com/r/hardware/comments/jt1ik4/apple_m1_performance_claims_and_the_corresponding/gc365on/?context=10). This includes real applications (Final Cut Pro, Adobe Lightroom, Pixelmator Pro and Logic Pro) and various undisclosed benchmark suites (select industry-standard benchmarks, commercial applications, and open source applications).","Of course, [then there are Apple's first-party benchmarks](https://www.reddit.com/r/hardware/comments/jt1ik4/apple_m1_performance_claims_and_the_corresponding/gc365on/?context=10). This includes real applications (Final Cut Pro, Adobe Lightroom, Pixelmator Pro 그리고 Logic Pro) 그리고 various undisclosed benchmark suites (select industry-standard benchmarks, commercial applications, 그리고 open source applications)."
* Adobe Premiere Pro video encode (MT),* Adobe Premiere Pro video encode (MT)
"To sum it up, ryzen 3000 might have a small efficiency advantage in full load all core workloads, and be slightly behind in everything else. Its very equal overall and seems to just have been hype/marketing.","~에 sum it up, ryzen 3000 might have  small efficiency advantage in full load all core workloads, 그리고 be slightly behind in everything else. Its very equal overall 그리고 seems ~에 just have been hype/marketing."
"One of the most intentional misleading attempt was done by Intel 1151 chipset. After AMD claimed AM4 will live for 4 to 5 years, Intel panicked and even though their coffee lake is totally incompatible with 1151 they named it LGA 1151, not even a v2 mark. Good thing the boxes are marked 300 chipset based and not LGA 1151. But still, people can still be deceived while buying 6 core prcoessors for z270 etc. Intel never really officially marked z370 z390 as LGA 1151-v2 in any of the official websites, we had to have the gaming community callout them v2.","One of  most intentional misleading attempt was done by Intel 1151 chipset. After AMD claimed AM4 will live ~을 위한 4 ~에 5 년, Intel panicked 그리고 even though their coffee lake is totally incompatible ~와 함께 1151 they named it LGA 1151, not even  v2 mark. 좋은 thing  boxes are marked 300 chipset based 그리고 not LGA 1151. 하지만 still, people can still be deceived while buying 6 core prcoessors ~을 위한 z270 etc. Intel never really officially marked z370 z390 as LGA 1151-v2 in any of  official websites, we had ~에 have  게임 community callout them v2."
"I then measured it after the upgrade by putting the new 16GB kit in the preferred channel ( the one farthest from the cpu socket, A2/B2 according to my mobo's manual, mobo being the MSI Z370 PC PRO ), with the 8GB kit in the other channel and also by swapping the channels so the 8GB kit is in the preferred channel and the 16GB in the other channel.","I then measured it after  업그레이드 by putting  새로운 16GB kit in  preferred channel (  one farthest from  cpu socket, A2/B2 according ~에 my mobo's manual, mobo being  MSI Z370 PC PRO ), ~와 함께  8GB kit in  other channel 그리고 also by swapping  channels so  8GB kit is in  preferred channel 그리고  16GB in  other channel."
"Now, I know that some people will and some people already have mentioned that Linux has great open-source drivers. I'm aware and I just want to say that this of course is a thread about the driver situation on Windows and I'm not interested in hearing about Linux every time I write something like this. I paid for Windows 10 Pro for a reason and that's because I want to use Windows 10 Pro, otherwise I could've ordered the FreeDOS variant of my device. I need Windows 10 Pro, want Windows 10 Pro and dislike Windows 10 Pro and there are many other reasons for not wanting to or not being capable to switch to Linux which is why this is an issue and switching to Linux isn't an answer.","Now, I know that some people will 그리고 some people already have mentioned that Linux has 훌륭한 open-source drivers. I'm aware 그리고 I just want ~에 say that this of course is  thread about  driver situation on Windows 그리고 I'm not interested in hearing about Linux every time I write something 마음에 드는 this. I paid ~을 위한 Windows 10 Pro ~을 위한  reason 그리고 that's because I want ~에 사용 Windows 10 Pro, otherwise I could've ordered  FreeDOS variant of my 기기. I need Windows 10 Pro, want Windows 10 Pro 그리고 dislike Windows 10 Pro 그리고 there are many other reasons ~을 위한 not wanting ~에 또는 not being capable ~에 switch ~에 Linux which is why this is  문제 그리고 switching ~에 Linux isn't  answer."
"Now all of that wouldn't be so bad if the systems at least ran stable. Especially the PRO variants found in devices like the HP EliteBook 755 G5 shine a terrible light on Ryzen Mobile because these devices (and the ThinkPad series) are marketed at enterprise users that require a little more GPU power than can be found in an Intel SoC and would be perfect for the use-case if it wasn't for their lackluster stability; from VLC crashing, Adobe Programs not recognizing the GPU all the way to the system showing multiple BSoDs an hour means that getting an Intel system is the better option for those who really need to get work done and can't upgrade to a 2'000+ CHF device. If GPU performance really matters, the only stable option is something like the EliteBook 1050 G1, Dell XPS 15 or a workstation for ridiculous amounts of money, which is terrible because not everyone (including myself) can afford a device like that.","Now all of that wouldn't be so bad if  systems at least ran stable. Especially  PRO variants found in devices 마음에 드는  HP EliteBook 755 G5 shine  terrible 가벼운 on Ryzen Mobile because these devices (그리고  ThinkPad series) are marketed at enterprise users that require  little more GPU 전력 than can be found in  Intel SoC 그리고 would be 완벽한 ~을 위한  사용-case if it wasn't ~을 위한 their lackluster stability; from VLC crashing, Adobe Programs not recognizing  GPU all  way ~에  system showing multiple BSoDs  hour means that getting  Intel system is  더 나은 옵션 ~을 위한 those who really need ~에 get 작업 done 그리고 can't 업그레이드 ~에  2'000+ CHF 기기. If GPU 성능 really matters,  only stable 옵션 is something 마음에 드는  EliteBook 1050 G1, Dell XPS 15 또는  workstation ~을 위한 ridiculous amounts of 돈, which is terrible because not everyone (including myself) can afford  기기 마음에 드는 that."
"*But in the end of the day, people still buy intel/nVidia systems even if they cost more and intel and nVidia are less pro-consumers because those systems just work and in terms of drivers intel and nVidia are actually more pro-consumer than AMD is.*","*하지만 in  end of  day, people still buy intel/nVidia systems even if they cost more 그리고 intel 그리고 nVidia are less pro-consumers because those systems just 작업 그리고 in terms of drivers intel 그리고 nVidia are actually more pro-consumer than AMD is.*"
"The only thing AMD is doing that's really pro-consumer is making ""pro"" hardware available for the masses and not hiding products like Vega and Threadripper behind ""pro"" paywalls. And it does seem that their taking notice of what's going on with their recently made [post](https://www.reddit.com/r/Amd/comments/9yxdu4/amd_ryzen_mobile_driver_update/) and as this [post](https://www.reddit.com/r/Amd/comments/9z0tfp/has_anyone_else_had_mobile_drivers_do_some_sort/) shows, it seems that they have done some kind of ""silent update"" and quite possibly are working on Raven Ridge Mobile drivers meaning that there's a chance for us believers.","only thing AMD is doing that's really pro-consumer is making ""pro"" hardware available ~을 위한  masses 그리고 not hiding products 마음에 드는 Vega 그리고 Threadripper behind ""pro"" paywalls. 그리고 it does seem that their taking notice of what's going on ~와 함께 their recently made [post](https://www.reddit.com/r/Amd/comments/9yxdu4/amd_ryzen_mobile_driver_update/) 그리고 as this [post](https://www.reddit.com/r/Amd/comments/9z0tfp/has_anyone_else_had_mobile_drivers_do_some_sort/) shows, it seems that they have done some kind of ""silent update"" 그리고 quite possibly are 작업하는 on Raven Ridge Mobile drivers meaning that there's  chance ~을 위한 us believers."
">Our first generation NVMe SSD is in the final stages of product development. Looking ahead, **we are focused on introducing new NVMe SSDs over the course of the next several quarters. Consumer and client NVMe SSDs will come first and then late in calendar 2019 cloud and enterprise NVMe drives.** As the market rapidly shifts to NVMe, 2019 will be a year of transition for us following solid SSD share gains in 2018, and we expect to start growing SSD share again in 2020 with a fuller product portfolio. We also look forward to leveraging our market advantage with QLC SSDs in 2019 and beyond.",">Our first generation NVMe SSD is in  final stages of product development. Looking ahead, **we are focused on introducing 새로운 NVMe SSDs over  course of  next several quarters. Consumer 그리고 client NVMe SSDs will come first 그리고 then late in calendar 2019 cloud 그리고 enterprise NVMe drives.** As  market rapidly shifts ~에 NVMe, 2019 will be  year of transition ~을 위한 us following solid SSD share gains in 2018, 그리고 we expect ~에 start growing SSD share again in 2020 ~와 함께  fuller product portfolio. We also look forward ~에 leveraging our market advantage ~와 함께 QLC SSDs in 2019 그리고 beyond."
There is no TRIM bug or issue with 840/850 PRO SSDs,There is no TRIM bug 또는 문제 ~와 함께 840/850 PRO SSDs
I just discovered by going back to an 'old' one month article about the 840/850 Pro SSDs (& others) having a trim bug that erased small bits of data from a linux server environment.,I just discovered by going back ~에  '오래된' one month article about  840/850 Pro SSDs (& others) having  trim bug that erased small bits of data from  linux server environment.
"I've got a brand new 15"" MacBook Pro that comes with Thunderbolt and the magsafe2 power connector. The Thunderbolt Displays have the added cable for power so I wouldn't have to buy a second charger for my desktop setup. It's a pain in the ass to get a 6' cable out of your bag everyday when you get home, crawl under your desk, plug it in, snake it around.","I've got  brand 새로운 15"" MacBook Pro that comes ~와 함께 Thunderbolt 그리고  magsafe2 전력 connector.  Thunderbolt Displays have  added cable ~을 위한 전력 so I wouldn't have ~에 buy  second charger ~을 위한 my desktop setup. It's  pain in  ass ~에 get  6' cable out of your bag everyday when you get home, crawl under your desk, plug it in, snake it around."
"**Notes** : There is quite a bit to like about the XPS 15, but is it powerful enough to satisfy my Rift development needs over the coming year or two? In many ways this machine embodies the most modern tech of the three. The light weight and thing form factor are very attractive. I've never used a Retina class display outside of an Apple store, so I don't know if I'd absolutely love it or not for Unity work. Same goes for Touch. I haven't yet realized that I want to touch my laptop screen too much and I'm not sure that I will in the near future. As far as the power of the CPU/GPU combo goes, is it fast enough such that I will be able to create Rift experiences that will maximize the capabilities of the modern hardware out there for coming period? Some of you might point out that Dell also sells the M3800 Precision Mobile Workstation, but the single difference is that it comes with a Quadro K1100M GPU which is significantly slower in terms of DirectX Game performance and has only dubious advantages in other parts of my Unity Pipeline such as Cinema 4D.","**Notes** : There is quite  bit ~에 마음에 드는 about  XPS 15, 하지만 is it 강력한 enough ~에 satisfy my Rift development needs over  coming year 또는 two? In many ways this 기계 embodies  most modern tech of  three.  가벼운 무게 그리고 thing 폼 팩터 are very attractive. I've never used  Retina class 디스플레이 outside of  Apple store, so I don't know if I'd absolutely 좋아하는 it 또는 not ~을 위한 Unity 작업. Same goes ~을 위한 터치. I haven't yet realized that I want ~에 터치 my 노트북 화면 too much 그리고 I'm not sure that I will in  near future. As far as  전력 of  CPU/GPU combo goes, is it 빠른 enough such that I will be able ~에 create Rift experiences that will maximize  capabilities of  modern hardware out there ~을 위한 coming period? Some of you might point out that Dell also sells  M3800 Precision Mobile Workstation, 하지만  single difference is that it comes ~와 함께  Quadro K1100M GPU which is significantly slower in terms of DirectX Game 성능 그리고 has only dubious 장점들 in other parts of my Unity Pipeline such as Cinema 4D."
They all have pro and cons and I can make a decision... Any advice?,They all have pro 그리고 cons 그리고 I can make  decision... Any advice?
• Windows 8.1 Pro 64,• Windows 8.1 Pro 64
Disadvantages of using laptop as desktop replacement?,Disadvantages of 사용하는 노트북 as desktop replacement?
"I want to know the apparent disadvantages of using laptop as a desktop replacement. The placement is pretty well ventilated, so in most cases, the heat is well under control. What drawbacks or losses is my laptop is likely to suffer if I keep using it like this?","I want ~에 know  apparent disadvantages of 사용하는 노트북 as  desktop replacement.  placement is pretty well ventilated, so in most cases,  heat is well under control. What drawbacks 또는 losses is my 노트북 is likely ~에 suffer if I keep 사용하는 it 마음에 드는 this?"
"I'm thinking about getting another DV9000 (or 9500) and building one out of that since I liked it so much, but I may go a different route all together. Has anyone else done a build like this before? Is there a certain brand or model that I should really go after, or should I just stick with what I know? I could even do it with a Macbook pro if it came out cheap enough.","I'm thinking about getting another DV9000 (또는 9500) 그리고 building one out of that since I liked it so much, 하지만 I may go  different route all together. Has anyone else done  build 마음에 드는 this before? Is there  certain brand 또는 모델 that I should really go after, 또는 should I just stick ~와 함께 what I know? I could even do it ~와 함께  Macbook pro if it came out cheap enough."
* Storage for ripped kids dvd's (ADVANTAGE: GTab7 for expandable microSD slot),* 저장장치 ~을 위한 ripped kids dvd's (ADVANTAGE: GTab7 ~을 위한 expandable microSD slot)
"* Newer, better screen and HW (ADVANTAGE: Nexus7)","* Newer, 더 나은 화면 그리고 HW (ADVANTAGE: Nexus7)"
"* Warranty, returnability, ease of purchase (ADVANTAGE: GTab7 is available from Costco which has extended warranty and no hassle return vs Google Play which requires shipping and harder to return defective or just plain don't like it returns)","* Warranty, returnability, ease of purchase (ADVANTAGE: GTab7 is available from Costco which has extended warranty 그리고 no hassle return vs Google Play which requires shipping 그리고 harder ~에 return defective 또는 just plain don't 마음에 드는 it returns)"
Xiaomi 15S Pro review: Newfound independence and strong battery life in a flagship smartphone [Xring O1 SoC],Xiaomi 15S Pro review: Newfound independence 그리고 strong 배터리 수명 in  flagship smartphone [Xring O1 SoC]
Pros and cons just what I was trying to do here.,장점 그리고 cons just what I was trying ~에 do here.
Claim: Linus “comes across as overwhelmingly positive but his findings don’t really match that”,Claim: Linus “comes across as overwhelmingly positive 하지만 his findings don’t really match that”
"Response: No, we did not, and it’s a good thing to know. Obviously, we did not have HP’s note when making our video (as you say, it was issued after we published), but we could have identified the issue ourselves (and perhaps we would have if we didn’t run all those endurance tests, see above). Ultimately, a single video cannot be all things to all people, which is why we have always emphasized that it is important to watch/read multiple reviews.","Response: No, we did not, 그리고 it’s  좋은 thing ~에 know. Obviously, we did not have HP’s note when making our video (as you say, it was issued after we published), 하지만 we could have identified  문제 ourselves (그리고 perhaps we would have if we didn’t run all those endurance tests, see above). Ultimately,  single video cannot be all things ~에 all people, which is why we have always emphasized that it is important ~에 watch/read multiple reviews."
"There are some pretty big pros and cons to each case. Neither case is perfect, by any means. But both cases are still excellent. So pick whichever one aligns the best with your needs and design tastes. And if this was helpful, please remember to upvote since this represents a full day of work!","There are some pretty big 장점 그리고 cons ~에 each case. Neither case is 완벽한, by any means. 하지만 both cases are still 뛰어난. So pick whichever one aligns  최고의 ~와 함께 your needs 그리고 디자인 tastes. 그리고 if this was helpful, please remember ~에 upvote since this represents  full day of 작업!"
"7. B660M Aorus Pro - add USB 3.2 gen 2 type a, 4-pin ATX power connector, water cooling headers. Slightly better heatsinks. 12 + 1 +1 power.","7. B660M Aorus Pro - add USB 3.2 gen 2 type , 4-pin ATX 전력 connector, water cooling headers. Slightly 더 나은 heatsinks. 12 + 1 +1 전력."
"* B660M Aorus Pro AX, B660 Aorus Master, B660I Aorus Pro - ???","* B660M Aorus Pro AX, B660 Aorus Master, B660I Aorus Pro - ???"
"There is one H610 board, the PRO H610M DDR4, which has B (HDMI/dsub) and G (adds displayport, RGB and 2x ARGB) variations. You only get one case fan header, and no RGB header - this is a 'business' motherboard. M.2 is in PCI 3 x4 version, and there is a second M.2 slot for wifi daughterboard only. PCIEx16 and x1","There is one H610 board,  PRO H610M DDR4, which has B (HDMI/dsub) 그리고 G (adds displayport, RGB 그리고 2x ARGB) variations. You only get one case fan header, 그리고 no RGB header - this is  '비즈니스' motherboard. M.2 is in PCI 3 x4 버전, 그리고 there is  second M.2 slot ~을 위한 wifi daughterboard only. PCIEx16 그리고 x1"
"1. PRO B660M-E - Intel GbE LAN, no wifi M.2 slot, M.2 PCI 3.0 x4,  no Gen 2 or USB C ports, no RGB headers. RAID for SATA only.","1. PRO B660M-E - Intel GbE LAN, no wifi M.2 slot, M.2 PCI 3.0 x4,  no Gen 2 또는 USB C 포트들, no RGB headers. RAID ~을 위한 SATA only."
"2. PRO B660M-G (£115) double M.2 PCI 4.0 x 4 slots, Realtek 2.5GbE. 1x RGB and 2x ARGB headers. Second case fan header.","2. PRO B660M-G (£115) double M.2 PCI 4.0 x 4 slots, Realtek 2.5GbE. 1x RGB 그리고 2x ARGB headers. Second case fan header."
"3. PRO B660M-A - USB-C front connection,  2 rear USB-A Gen 2 ports, MOS and M.2 heatsinks. Adds third PCIE (x4). Water pump fan header.","3. PRO B660M- - USB-C front 연결,  2 rear USB- Gen 2 포트들, MOS 그리고 M.2 heatsinks. Adds third PCIE (x4). Water pump fan header."
"1. Pro Z690-P. PCIE 5x16, 3x4, 3x1, 3x1. M.2 4x4, 4x4. Wifi M2. Rear USB-C 3.2 2x2 . 2.5 GbE","1. Pro Z690-P. PCIE 5x16, 3x4, 3x1, 3x1. M.2 4x4, 4x4. Wifi M2. Rear USB-C 3.2 2x2 . 2.5 GbE"
"1. Pro Z690-A (Wifi 802.11ax) PCIE 5x16, 3x4, 3x4, 3x1. M.2 4x4, 4x4, 4x4, 3x4. Front USB 3.2 type 2, and rear. 14+1+1 power. Better heatsinks.","1. Pro Z690- (Wifi 802.11ax) PCIE 5x16, 3x4, 3x4, 3x1. M.2 4x4, 4x4, 4x4, 3x4. Front USB 3.2 type 2, 그리고 rear. 14+1+1 전력. 더 나은 heatsinks."
1. B660M Pro RS. M.2 heatshield and MOS heatsink. 4 RAM Slots. Added PCIE x4.  8 phase power. 3 aRGB and 1 RGB header.  Extra fan/pump header  USBC is front.,1. B660M Pro RS. M.2 heatshield 그리고 MOS heatsink. 4 RAM Slots. Added PCIE x4.  8 phase 전력. 3 aRGB 그리고 1 RGB header.  Extra fan/pump header  USBC is front.
"1. H670M Pro RS. Vs. B660M Pro RS, power is only 7 phase.  Upgrade is that both M.2 slots are 4x4, with RAID support. PCIE slot is still only 4.0","1. H670M Pro RS. Vs. B660M Pro RS, 전력 is only 7 phase.  업그레이드 is that both M.2 slots are 4x4, ~와 함께 RAID 지원. PCIE slot is still only 4.0"
"1. Pro RS. 13 phase power. PCIE 5x16, 4x4, 3x4, 3x1, 3x1. M.2 4x4, 4x4, 3x4. 2.5 GbE. £187","1. Pro RS. 13 phase 전력. PCIE 5x16, 4x4, 3x4, 3x1, 3x1. M.2 4x4, 4x4, 3x4. 2.5 GbE. £187"
"1. The Pro B660M-C (£190) is a 'business' motherboard, so no anti-moisture coating, but there are now 4 RAM slots, OC to 5GHz, plus M.2 wifi slot. One USB-C front connector, but no USB 3.2 gen 2 support.COM & parallel headers. This motherboard is probably slightly weaker than the H610M-A","1.  Pro B660M-C (£190) is  '비즈니스' motherboard, so no anti-moisture coating, 하지만 there are now 4 RAM slots, OC ~에 5GHz, plus M.2 wifi slot. One USB-C front connector, 하지만 no USB 3.2 gen 2 지원.COM & parallel headers. This motherboard is probably slightly weaker than  H610M-"
1. TUF Gaming H670-PRO Wifi ($230). Power is now 14+1. PCIE is the same. Now 4 M.2 4x4 slots. Front USB-C upgraded from Gen 1 to Gen 2.,1. TUF 게임 H670-PRO Wifi ($230). 전력 is now 14+1. PCIE is  same. Now 4 M.2 4x4 slots. Front USB-C upgraded from Gen 1 ~에 Gen 2.
"In view of nVidia's reference design, which can be called ""average"" at best, the graphics card manufacturers have the opportunity to distinguish themselves from the Founders Edition of the GeForce RXT 3080 Ti with their own designs some stronger than just with the usual performance advantage of 2-3%. According to **TechPowerUp**'s extensive tests of five GeForce RTX 3080 Ti AIB designs, this is partly successful, but the performance effect of (at best) +6% on a factory water-cooled Asus card is not really outstanding.","In view of nVidia's reference 디자인, which can be called ""average"" at 최고의,  graphics card manufacturers have  opportunity ~에 distinguish themselves from  Founders Edition of  GeForce RXT 3080 Ti ~와 함께 their own designs some stronger than just ~와 함께  usual 성능 advantage of 2-3%. According ~에 **TechPowerUp**'s extensive tests of five GeForce RTX 3080 Ti AIB designs, this is partly successful, 하지만  성능 effect of (at 최고의) +6% on  factory water-cooled Asus card is not really outstanding."
Palit GeForce RTX 3080 Ti GamingPro Review on [TechPowerUp](https://www.techpowerup.com/review/palit-geforce-rtx-3080-ti-gamingpro/),Palit GeForce RTX 3080 Ti GamingPro Review on [TechPowerUp](https://www.techpowerup.com/review/palit-geforce-rtx-3080-ti-gamingpro/)
"So I thought this was pretty interesting! Note that ambient was slightly warmer the second test, so overall under load I gained about 2c for the CPU, which is a little less than expected, however it sounded like there was some air gurgling around a bit which might have limited performance a little. (This has since cleared up, so I guess I should repeat the test). With GPU heavy loads however, the CPU is a whopping 11c cooler! Also, although I didn't accurately measure it, idle temps seem to be a good 5c cooler.... for whatever that is worth. Fan speeds were both controlled with the same settings for both tests, which I think is actually a disadvantage for the Artics, as based on reviews, they can spin faster for the same noise level. Something I do need to tweak.","So I thought this was pretty interesting! Note that ambient was slightly warmer  second test, so overall under load I gained about 2c ~을 위한  CPU, which is  little less than expected, however it sounded 마음에 드는 there was some air gurgling around  bit which might have limited 성능  little. (This has since cleared up, so I guess I should repeat  test). ~와 함께 GPU heavy loads however,  CPU is  whopping 11c cooler! Also, although I didn't accurately measure it, idle temps seem ~에 be  좋은 5c cooler.... ~을 위한 whatever that is worth. Fan speeds were both controlled ~와 함께  same settings ~을 위한 both tests, which I think is actually  disadvantage ~을 위한  Artics, as based on reviews, they can spin faster ~을 위한  same noise level. Something I do need ~에 tweak."
"It takes all the benefits of blower cards (exhausting heat, simpler heatsink design), and combines it with the pros of traditional cpu heatsinks (sheer mass of heatsink, low noise of axial fans).","It takes all  이점들 of blower cards (exhausting heat, simpler heatsink 디자인), 그리고 combines it ~와 함께  장점 of traditional cpu heatsinks (sheer mass of heatsink, low noise of axial fans)."
"If you’d like to keep some positive pressure in the case to combat dust, consider running the intake fans at about +150 rpm, compared to the exhaust fans. This has the effect of creating higher pressure within the case, while also maintaining a high exhaust velocity, and the barriers mentioned above.","If you’d 마음에 드는 ~에 keep some positive pressure in  case ~에 combat dust, consider running  intake fans at about +150 rpm, compared ~에  exhaust fans. This has  effect of creating higher pressure within  case, while also maintaining  high exhaust velocity, 그리고  barriers mentioned above."
"I see many modern motherboards with thermal probe function, this is great, you can just use a thermal probe, stick it in your heat sink/radiator, and control the fan speed with that, this would be almost exactly the ideal way to control it. If you're going to generate noise by spinning up the fans, you want the noise to be worth every db, so you really only want to do that when it can achieve the maximum increase in cooling power, and that only happens when the radiator/heatsink is already hot, regardless of what temperature the CPU is at. I guess that's a good thing about AIOs, is they can measure liquid temperature and control the fans by itself, where as air coolers can't do this correctly by itself.","I see many modern motherboards ~와 함께 thermal probe function, this is 훌륭한, you can just 사용  thermal probe, stick it in your heat sink/radiator, 그리고 control  fan 속도 ~와 함께 that, this would be almost exactly  ideal way ~에 control it. If you're going ~에 generate noise by spinning up  fans, you want  noise ~에 be worth every db, so you really only want ~에 do that when it can achieve  maximum increase in cooling 전력, 그리고 that only happens when  radiator/heatsink is already hot, regardless of what temperature  CPU is at. I guess that's  좋은 thing about AIOs, is they can measure liquid temperature 그리고 control  fans by itself, where as air coolers can't do this correctly by itself."
"The question I had while reading a recent thread was: is the extra up front cost for a better PSU worth it? Each of us has to answer that for his or herself. I am satisfied that my Corsair RM850x was an okay choice and this is why: my usage is roughly 6 hours at 200W and 2 hours at 500W and so (3\*$21.45=$64.35 + $53.68 = **$118.03 paid per year** for my computer electricity...roughly estimated. That VS450 would cost **$129.87 per year**, $11.84 more expensive. That means **$118.40** more electricity fees paid over the ten years minimum I'll have this RM850x (10 year warranty), not that I'd expect a VS450 to last that long. I'd expect to buy a second or third unit after the prior one dies = more costs in this cheaper PSU. However, similar math does *not* prove that my RM850x was a better buy than an RM550x would have been. My savings with this bigger PSU are just **$1.20** **per year** at 500W for two hours a day, with no savings at all while using the computer more gently due to equivalent efficiency at 200W usage. The only cost advantage is the three additional years of warranty. The user advantage is that the extra capacity means that the fans do not kick in as early, so it's probably a bit quieter.","question I had while reading  recent thread was: is  extra up front cost ~을 위한  더 나은 PSU worth it? Each of us has ~에 answer that ~을 위한 his 또는 herself. I am 만족하는 that my Corsair RM850x was  okay 선택 그리고 this is why: my usage is roughly 6 시간 at 200W 그리고 2 시간 at 500W 그리고 so (3\*$21.45=$64.35 + $53.68 = **$118.03 paid per year** ~을 위한 my 컴퓨터 electricity...roughly estimated. That VS450 would cost **$129.87 per year**, $11.84 more expensive. That means **$118.40** more electricity fees paid over  ten 년 minimum I'll have this RM850x (10 year warranty), not that I'd expect  VS450 ~에 last that long. I'd expect ~에 buy  second 또는 third unit after  prior one dies = more costs in this cheaper PSU. However, similar math does *not* prove that my RM850x was  더 나은 buy than  RM550x would have been. My savings ~와 함께 this bigger PSU are just **$1.20** **per year** at 500W ~을 위한 two 시간  day, ~와 함께 no savings at all while 사용하는  컴퓨터 more gently due ~에 equivalent efficiency at 200W usage.  only cost advantage is  three additional 년 of warranty.  사용자 advantage is that  extra capacity means that  fans do not kick in as early, so it's probably  bit quieter."
Jerry's videos about the 8K Samsung QLED or the LG OLED are filled with details which are totally false. They are sometimes outright lies and sometimes half-truths construed so as to put the shilled product into a positive light while misleading viewers.,Jerry's videos about  8K Samsung QLED 또는  LG OLED are filled ~와 함께 details which are totally false. They are sometimes outright lies 그리고 sometimes half-truths construed so as ~에 put  shilled product into  positive 가벼운 while misleading viewers.
">""NVIDIA is of course interested in expanding its footprint in consoles – right now they are supplying the biggest selling console supplier, and are calling on Microsoft and Sony every week to try and get back in,"" Peddie said. ""NVIDIA was in the first Xbox, and in PlayStation 3. But AMD has a cost-performance advantage with their APUs, which NVIDIA hopes to match with Grace. And since Windows runs on Arm, NVIDIA has a shot at Microsoft. Sony's custom OS would not be much of a challenge for NVIDIA.""",">""NVIDIA is of course interested in expanding its footprint in consoles – right now they are supplying  biggest selling console supplier, 그리고 are calling on Microsoft 그리고 Sony every week ~에 try 그리고 get back in,"" Peddie said. ""NVIDIA was in  first Xbox, 그리고 in PlayStation 3. 하지만 AMD has  cost-성능 advantage ~와 함께 their APUs, which NVIDIA hopes ~에 match ~와 함께 Grace. 그리고 since Windows runs on Arm, NVIDIA has  shot at Microsoft. Sony's custom OS would not be much of  challenge ~을 위한 NVIDIA."""
Thinking about adding a SSD to my Macbook pro as the main HD.  Would my secondary HD still drain battery even when idle?,Thinking about adding  SSD ~에 my Macbook pro as  main HD.  Would my secondary HD still drain 배터리 even when idle?
I am just trying outweigh the pros and cons of having a SSD with a HD and SSD hybrid (also factoring price vs performance vs battery life).,I am just trying outweigh  장점 그리고 cons of having  SSD ~와 함께  HD 그리고 SSD hybrid (also factoring 가격 vs 성능 vs 배터리 수명).
[Hardwareluxx] Cyberpunk 2077 on Mac: Benchmarks with the M3 Pro (Cyberpunk 2077 auf dem Mac: Benchmarks mit dem M3 Pro),[Hardwareluxx] Cyberpunk 2077 on Mac: Benchmarks ~와 함께  M3 Pro (Cyberpunk 2077 auf dem Mac: Benchmarks mit dem M3 Pro)
"First look so far on a Macbook Pro M3 Pro. Resolution is 1800 x 1125. Auto or ""For this Mac"" preset was used, unsure of the exact settings. MetalFX dynamic res is applied, 50% scaling min and 80% max. No FG was used (which uses FSR 3.1 FG).","First look so far on  Macbook Pro M3 Pro. 해상도 is 1800 x 1125. Auto 또는 ""~을 위한 this Mac"" preset was used, unsure of  exact settings. MetalFX dynamic res is applied, 50% scaling min 그리고 80% max. No FG was used (which uses FSR 3.1 FG)."
"This might appear as a subtle difference but raises a very important question, that of whose job is it to identify such independent data for parallel execution? With TLP, that burden is shared by the application programmer and the hardware: while the programmer is responsible for writing thread-aware code takes advantage of multiple processing cores, the processor itself ultimately schedules threads for parallel execution at run-time, maximizing utilization. TLP thus follows a dynamic, run-time approach to scheduling wherein the processor itself acts as the scheduler.","This might appear as  subtle difference 하지만 raises  very important question, that of whose job is it ~에 identify such independent data ~을 위한 parallel execution? ~와 함께 TLP, that burden is shared by  application programmer 그리고  hardware: while  programmer is responsible ~을 위한 writing thread-aware code takes advantage of multiple processing cores,  processor itself ultimately schedules threads ~을 위한 parallel execution at run-time, maximizing utilization. TLP thus follows  dynamic, run-time approach ~에 scheduling wherein  processor itself acts as  scheduler."
"While the compiler gets the advantage of a full view of the program and could therefore be expected to schedule intelligently, there are conditions the compiler remains blind to as some outcomes remain unknown until actual execution time. Exacerbating this problem is the fact that scheduling set by the compiler cannot be altered at run-time by the processor leaving us with a static, compile-time approach to scheduling in stark contrast to TLP.","While  compiler gets  advantage of  full view of  program 그리고 could therefore be expected ~에 schedule intelligently, there are conditions  compiler remains blind ~에 as some outcomes remain unknown until actual execution time. Exacerbating this 문제 is  fact that scheduling set by  compiler cannot be altered at run-time by  processor leaving us ~와 함께  static, compile-time approach ~에 scheduling in stark contrast ~에 TLP."
- Box: COOLER MASTER Centurion 590 + Power Supply Silent Pro 500Watts - Black,- Box: COOLER MASTER Centurion 590 + 전력 Supply Silent Pro 500Watts - Black
- Motherboard: ASUS P5Q Pro - Chipset Intel P45 / ICH10R | Socket LGA775 - DDR2 1200/1066/800/667 - 2x PCI-Express 16x - SATAII - LAN Gigabit - Audio 7.1 - Firewire - eSATA,- Motherboard: ASUS P5Q Pro - Chipset Intel P45 / ICH10R | Socket LGA775 - DDR2 1200/1066/800/667 - 2x PCI-Express 16x - SATAII - LAN Gigabit - Audio 7.1 - Firewire - eSATA
"The picture becomes even clearer in a direct generation comparison of all tested models against each other: With the new benchmarks, Ryzen 9000 gains almost nothing over Ryzen 7000 at application performance, and the (relative) gain is also small at gaming performance. However, the advantages of the new benchmarks of Ryzen 9000 compared to Core1-14000 are very clear: Under applications it is only +2.4% more, but under games it is +8.9% more.","picture becomes even clearer in  direct generation comparison of all tested models against each other: ~와 함께  새로운 benchmarks, Ryzen 9000 gains almost nothing over Ryzen 7000 at application 성능, 그리고  (relative) gain is also small at 게임 성능. However,  장점들 of  새로운 benchmarks of Ryzen 9000 compared ~에 Core1-14000 are very clear: Under applications it is only +2.4% more, 하지만 under games it is +8.9% more."
"And this brings us to the crux of price offensives: You can't usually counter technology offensives immediately, technology first needs to be developed and brought to market (which takes at least quarters, but usually years). But price offensives can be launched at any time - or  can be countered immediately. Every price offensive by AMD thus challenges nVidia to an immediate counter-reaction, which nVidia could also follow immediately in this field. Of course, nVidia does not have to do this, nVidia could rely on the strength of its own product and brand and hope that the market will continue to pay a certain nVidia premium. But the more aggressive AMD's price move is, the less this thesis works.","그리고 this brings us ~에  crux of 가격 offensives: You can't usually counter technology offensives immediately, technology first needs ~에 be developed 그리고 brought ~에 market (which takes at least quarters, 하지만 usually 년). 하지만 가격 offensives can be launched at any time - 또는  can be countered immediately. Every 가격 offensive by AMD thus challenges nVidia ~에  immediate counter-reaction, which nVidia could also follow immediately in this field. Of course, nVidia does not have ~에 do this, nVidia could rely on  strength of its own product 그리고 brand 그리고 hope that  market will continue ~에 pay  certain nVidia premium. 하지만  more aggressive AMD's 가격 move is,  less this thesis works."
"However, if AMD really wanted to gain on nVidia, it can be assumed that even more than that is necessary: Either a performance plus or a feature set plus - but in any case no more disadvantages in ray tracing performance and on the feature side. AMD seems to be working hard on the latter, and this can be seen as conceivable preparation for a new, serious attack on nVidia. This attack is really not worthwhile for AMD before then - which does not mean that high-end solutions could not be developed, but these would then have to be deliberately set below nVidia's top solution. After all, at the current price level, nVidia certainly offers the possibility of developing 1000 dollar/euro accelerators that only have to compete with the second-best nVidia graphics chip.","However, if AMD really wanted ~에 gain on nVidia, it can be assumed that even more than that is necessary: Either  성능 plus 또는  feature set plus - 하지만 in any case no more disadvantages in ray tracing 성능 그리고 on  feature side. AMD seems ~에 be 작업하는 hard on  latter, 그리고 this can be seen as conceivable preparation ~을 위한  새로운, serious attack on nVidia. This attack is really not worthwhile ~을 위한 AMD before then - which does not mean that high-end solutions could not be developed, 하지만 these would then have ~에 be deliberately set below nVidia's top 해결책. After all, at  current 가격 level, nVidia certainly offers  possibility of developing 1000 dollar/euro accelerators that only have ~에 compete ~와 함께  second-최고의 nVidia graphics chip."
The M3 Macbook pro is 31% faster than the X E while consuming 20% lesser power than the X Elite.,M3 Macbook pro is 31% faster than  X E while consuming 20% lesser 전력 than  X Elite.
This gives the M3 P core a 61.7% better P/W advantage over the X Elite. Bear in mind this would increase if we compare them at iso performance.,This gives  M3 P core  61.7% 더 나은 P/W advantage over  X Elite. Bear in mind this would increase if we compare them at iso 성능.
"This also shows an unexpected direction for DDR5 development that is fortuitous for current buyers. My initial expectation was for MT/s frequency to ramp up as DDR5 matures, up to DDR5-8000 and DDR-10000 and beyond, and for DDR5 latency to go below DDR4 with these faster frequencies. However, early adopters would be put at a disadvantage because today's \~$300 DDR5 motherboards only have memory traces rated for DDR5-6400. It has been unclear if somebody buying a $300 motherboard today could ever experience such truly fast DDR5 with the memory trace on their current motherboard. Meanwhile Intel 12th gen's IMC is also only rated for DDR5-4800, and although users have been running this well past 6400, it is unclear if the IMC would ever drive those aforementioned future DDR5 MT/s speeds. But the fact that we are now seeing a tightening of CAS timings from g.skill means today's adopters can see significantly better latency performance with the memory traces and IMCs they have now!","This also shows  unexpected direction ~을 위한 DDR5 development that is fortuitous ~을 위한 current buyers. My initial expectation was ~을 위한 MT/s frequency ~에 ramp up as DDR5 matures, up ~에 DDR5-8000 그리고 DDR-10000 그리고 beyond, 그리고 ~을 위한 DDR5 latency ~에 go below DDR4 ~와 함께 these faster frequencies. However, early adopters would be put at  disadvantage because today's \~$300 DDR5 motherboards only have 메모리 traces rated ~을 위한 DDR5-6400. It has been unclear if somebody buying  $300 motherboard today could ever experience such truly 빠른 DDR5 ~와 함께  메모리 trace on their current motherboard. Meanwhile Intel 12th gen's IMC is also only rated ~을 위한 DDR5-4800, 그리고 although users have been running this well past 6400, it is unclear if  IMC would ever drive those aforementioned future DDR5 MT/s speeds. 하지만  fact that we are now seeing  tightening of CAS timings from g.skill means today's adopters can see significantly 더 나은 latency 성능 ~와 함께  메모리 traces 그리고 IMCs they have now!"
Clamshelling is generally a premium option that you see on workstation cards like the [AMD FirePro S9100](https://www.amd.com/en/products/professional-graphics/firepro-w9100-32gb) that reached 32GB of VRAM on a single GPU all the way back in 2014 (!) despite using the same bog-standard 512-bit Grenada GPU that showed up in the Radeon R9 390 and 390X of the same era.,Clamshelling is generally  premium 옵션 that you see on workstation cards 마음에 드는  [AMD FirePro S9100](https://www.amd.com/en/products/professional-graphics/firepro-w9100-32gb) that reached 32GB of VRAM on  single GPU all  way back in 2014 (!) despite 사용하는  same bog-standard 512-bit Grenada GPU that showed up in  Radeon R9 390 그리고 390X of  same era.
General advantages of clamshelling include:,General 장점들 of clamshelling include:
General disadvantages of clamshelling include:,General disadvantages of clamshelling include:
"Needless to say, clamshelling is expected on >$1000 products like the RTX 3090 or FirePro 9100, but it is unexpected on a commodity like a $300 gaming console.","Needless ~에 say, clamshelling is expected on >$1000 products 마음에 드는  RTX 3090 또는 FirePro 9100, 하지만 it is unexpected on  commodity 마음에 드는  $300 게임 console."
These types of chip would be perfect for something like the Apple Mac Pro in 2022 or maybe if MS wants to being a desktop Surface machine to compete with Apple in this space?,These types of chip would be 완벽한 ~을 위한 something 마음에 드는  Apple Mac Pro in 2022 또는 maybe if MS wants ~에 being  desktop Surface 기계 ~에 compete ~와 함께 Apple in this space?
"* 7nm will initially be very expensive. While AMD's first 7nm GPU, Vega 20, can afford being 331mm2 because it's pro-only, a consumer-centric GPU must be smaller. Just like AMD started with mid-range on 14nm with Polaris, they will start with mid-range on 7nm with Navi. The chips are smaller and simpler since they only need 4 shader engines (which is still a fundamental limitation of GCN as of Vega).","* 7nm will initially be very expensive. While AMD's first 7nm GPU, Vega 20, can afford being 331mm2 because it's pro-only,  consumer-centric GPU must be smaller. Just 마음에 드는 AMD started ~와 함께 mid-range on 14nm ~와 함께 Polaris, they will start ~와 함께 mid-range on 7nm ~와 함께 Navi.  chips are smaller 그리고 simpler since they only need 4 shader engines (which is still  fundamental limitation of GCN as of Vega)."
"The solution to the problem described in the previous section is to turn-off NUMA. In fact, the default setting of many BIOS is to be UMA by default, called ""Creative Mode"" by AMD. When in UMA mode or ""Memory-Interleaving"" mode, every thread will try its best to take advantage of both of the memory nodes, alternating between them as if they were in RAID0. But, half of the memory requests will be done quickly, while the other half will have a cross-NUMA delay. In many ""creative"" applications, the latency increase is not a big deal.","해결책 ~에  문제 described in  previous section is ~에 turn-off NUMA. In fact,  default setting of many BIOS is ~에 be UMA by default, called ""Creative Mode"" by AMD. When in UMA mode 또는 ""메모리-Interleaving"" mode, every thread will try its 최고의 ~에 take advantage of both of  메모리 nodes, alternating between them as if they were in RAID0. 하지만, half of  메모리 requests will be done quickly, while  other half will have  cross-NUMA delay. In many ""creative"" applications,  latency increase is not  big deal."
"* Video Games are often designed for client systems -- It seems like NUMA / HEDT systems can play video games just fine, but video games are unlikely to take advantage of these high-end features of HEDT processors. As such, HEDT systems at best performs equally in video games, and in many cases can perform worse (!!) due to lower clocks and increased latencies. ""Creative Mode"" or ""UMA mode"" definitely  slows down video games in the typical case.","* Video Games are often designed ~을 위한 client systems -- It seems 마음에 드는 NUMA / HEDT systems can play video games just fine, 하지만 video games are unlikely ~에 take advantage of these high-end 기능들 of HEDT processors. As such, HEDT systems at 최고의 performs equally in video games, 그리고 in many cases can perform worse (!!) due ~에 lower clocks 그리고 increased latencies. ""Creative Mode"" 또는 ""UMA mode"" definitely  slows down video games in  typical case."
"The hardware I used was a USB3 hub, sandisk extreme USB 3.0 32gb (around 100mb/s) and sandisk extreme pro SD card 32gb (95mb/s). Card reader is a Kingston Mobilelite G4. No issues getting nearly full speed using those devices connected to a desktop.","hardware I used was  USB3 hub, sandisk extreme USB 3.0 32gb (around 100mb/s) 그리고 sandisk extreme pro SD card 32gb (95mb/s). Card reader is  Kingston Mobilelite G4. No issues getting nearly full 속도 사용하는 those devices connected ~에  desktop."
"Desktop graphics cards were therefore not weaker at all, but in contrast to the overall market, even sold slightly stronger from last quarter (not from last year, of course). The overall market is primarily dependent on the total PC sales: If these do not run, then both iGPUs and discrete laptop graphics solutions will logically sell poorly. This was even explicitly proven by Jon Peddie Research via processor sales figures, which dropped by a whopping -18% from the third to the fourth quarter. Desktop graphics cards alone have the chance to act slightly anti-cyclically at this point, since they are not so directly linked to PC sales (due to the refit option of desktop PCs). The often-maligned DIY market is not that bad for graphics card manufacturers after all - if it is able to turn a lousy performance from the entire PC market into a slightly positive result.","Desktop graphics cards were therefore not weaker at all, 하지만 in contrast ~에  overall market, even sold slightly stronger from last quarter (not from last year, of course).  overall market is primarily dependent on  total PC sales: If these do not run, then both iGPUs 그리고 discrete 노트북 graphics solutions will logically sell poorly. This was even explicitly proven by Jon Peddie Research via processor sales figures, which dropped by  whopping -18% from  third ~에  fourth quarter. Desktop graphics cards alone have  chance ~에 act slightly anti-cyclically at this point, since they are not so directly linked ~에 PC sales (due ~에  refit 옵션 of desktop PCs).  often-maligned DIY market is not that bad ~을 위한 graphics card manufacturers after all - if it is able ~에 turn  lousy 성능 from  entire PC market into  slightly positive result."
"To address specific problems you have noted, I’ll start with the 900P paper and review. You claim that our test suite for the 900P review on PC Perspective was created for the Intel work done with Shrout Research. This is not true. The first review to use Allyn’s Latency Percentile performance testing methodology was with the launch of the Samsung 960 EVO in November of 2016 and research of this new testing process was first shown with the 950 PRO review in October of 2015. The 900P review was using this same testing method.","~에 address specific problems you have noted, I’ll start ~와 함께  900P paper 그리고 review. You claim that our test suite ~을 위한  900P review on PC Perspective was created ~을 위한  Intel 작업 done ~와 함께 Shrout Research. This is not true.  first review ~에 사용 Allyn’s Latency Percentile 성능 testing methodology was ~와 함께  launch of  Samsung 960 EVO in November of 2016 그리고 research of this 새로운 testing process was first shown ~와 함께  950 PRO review in October of 2015.  900P review was 사용하는 this same testing method."
"If you follow PC Perspective at all, you know that we were going to publish a review on PC Perspective of the 900P regardless of the existence of the white paper or our arrangements with Intel. And our opinion of the product would not be have been swayed. Our agreement with Intel was to vet and evaluate the 900P so it could get an idea of how the device stood in the market and how it might be received in the public. The white paper was only to be written if Intel thought the results from our testing were positive in their eyes, however the fee Shrout Research was paid was the same regardless of whether or not the paper was produced.","If you follow PC Perspective at all, you know that we were going ~에 publish  review on PC Perspective of  900P regardless of  existence of  white paper 또는 our arrangements ~와 함께 Intel. 그리고 our opinion of  product would not be have been swayed. Our agreement ~와 함께 Intel was ~에 vet 그리고 evaluate  900P so it could get  idea of how  기기 stood in  market 그리고 how it might be received in  public.  white paper was only ~에 be written if Intel thought  results from our testing were positive in their eyes, however  fee Shrout Research was paid was  same regardless of whether 또는 not  paper was produced."
"If any of these companies saw me, or Shrout Research, or anyone on our team as unreliable or capable of bias, they would have no reason to work with me, especially on the Shrout Research side. Instead, the 18+ years of work that I have under me and the positive results I have produced in terms of relevant, honest, and useful content leads them to partner with us to help make their products, messaging, and companies better.","If any of these companies saw me, 또는 Shrout Research, 또는 anyone on our team as unreliable 또는 capable of bias, they would have no reason ~에 작업 ~와 함께 me, especially on  Shrout Research side. Instead,  18+ 년 of 작업 that I have under me 그리고  positive results I have produced in terms of relevant, honest, 그리고 useful content leads them ~에 partner ~와 함께 us ~에 도움 make their products, messaging, 그리고 companies 더 나은."
"Add up **Tech Spec** percentage figures(in bold), divide by the number of them you pick to average them(experiment to see where strengths and weaknesses are, such as bottlenecks or lack thereof), multiply by coefficient of GPU Core(italic, to get the coefficient divide the percentage by 100, you may want to save the previous result before you do this to get a range), and I'll bet you have a new percentage that's very close to Rel. Perf.! I can go into this more in-depth if anyone has questions. Memory bandwidth is another value you may want to average in, but these cards probably won't have any issues in that department.","Add up **Tech Spec** percentage figures(in bold), divide by  number of them you pick ~에 average them(experiment ~에 see where strengths 그리고 weaknesses are, such as bottlenecks 또는 lack thereof), multiply by coefficient of GPU Core(italic, ~에 get  coefficient divide  percentage by 100, you may want ~에 save  previous result before you do this ~에 get  range), 그리고 I'll bet you have  새로운 percentage that's very close ~에 Rel. Perf.! I can go into this more in-depth if anyone has questions. 메모리 bandwidth is another 가치 you may want ~에 average in, 하지만 these cards probably won't have any issues in that department."
"""*Compared to RDNA 2, RDNA 3 obviously has a large advantage in compute throughput. After all, it has a higher WGP count. But potential increases in compute throughput go beyond that, because RDNA 3’s SIMDs gain a* ***limited dual issue capability***. *Certain common operations can be packaged into a single VOPD (vector operation, dual) instruction in wave32 mode. In wave64 mode, the SIMD will naturally try to start executing a 64-wide wavefront over a single cycle, provided the instruction can be dual issued.*""","""*Compared ~에 RDNA 2, RDNA 3 obviously has  large advantage in compute throughput. After all, it has  higher WGP count. 하지만 potential increases in compute throughput go beyond that, because RDNA 3’s SIMDs gain * ***limited dual 문제 capability***. *Certain common operations can be packaged into  single VOPD (vector operation, dual) instruction in wave32 mode. In wave64 mode,  SIMD will naturally try ~에 start executing  64-wide wavefront over  single cycle, provided  instruction can be dual issued.*"""
"I'm genuinely curious. My way to not to be an XY brand fanboy is to listen to all sides, and hear thier pros and cons. Right now a lot of cons float around Intel, so I'm here to ask about thier pros. (Outside of socket compability, like into an Intel motherboard only Intel CPUs can be inserted.)","I'm genuinely curious. My way ~에 not ~에 be  XY brand fanboy is ~에 listen ~에 all sides, 그리고 hear thier 장점 그리고 cons. Right now  lot of cons float around Intel, so I'm here ~에 ask about thier 장점. (Outside of socket compability, 마음에 드는 into  Intel motherboard only Intel CPUs can be inserted.)"
OCZ ModXStream Pro OCZ700MXSP 700W ATX12V V2.2 / EPS12V,OCZ ModXStream Pro OCZ700MXSP 700W ATX12V V2.2 / EPS12V
"I'm on a late 2006 Macbook Pro (model #A1211).  The optical drive (""SuperDrive"", Hitachi-LG model GWA-4080MA)  isn't working properly.  The disc goes in, it makes some clicking sounds, and then pops back out.","I'm on  late 2006 Macbook Pro (모델 #A1211).   optical drive (""SuperDrive"", Hitachi-LG 모델 GWA-4080MA)  isn't 작업하는 properly.   disc goes in, it makes some clicking sounds, 그리고 then pops back out."
"* I haven’t noticed any softness in the chassis as I type. My suspicion is if you’re used to typing on an older macbook, where the positive response was the key cap hitting the chassis, you probably got in the habit of tapping hard in order to type fast.","* I haven’t noticed any softness in  chassis as I type. My suspicion is if you’re used ~에 타이핑 on  older macbook, where  positive response was  key cap hitting  chassis, you probably got in  habit of tapping hard in order ~에 type 빠른."
"In closing, I am more happy with this machine every day. It lets me go to bed earlier while not stopping projects that I’m “almost done with,” and it lets me get out of the house without being burdened by my 8 pound, 2011 17” MacBook Pro with a weak battery :) It’s replaced my Nexus 6P as my portable screen of choice.","In closing, I am more 만족하는 ~와 함께 this 기계 every day. It lets me go ~에 bed earlier while not stopping projects that I’m “almost done ~와 함께,” 그리고 it lets me get out of  house without being burdened by my 8 pound, 2011 17” MacBook Pro ~와 함께  weak 배터리 :) It’s replaced my Nexus 6P as my 휴대용 화면 of 선택."
[**Microsoft Surface Pro 4**](https://www.amazon.com/gp/product/B01606IDL0/ref=as_li_qf_sp_asin_il_tl?ie=UTF8&tag=techneeqcom-20&camp=1789&creative=9325&linkCode=as2&creativeASIN=B01606IDL0&linkId=6ab5a6d08cd2e07150b5d7fc612a0cf6),[**Microsoft Surface Pro 4**](https://www.amazon.com/gp/product/B01606IDL0/ref=as_li_qf_sp_asin_il_tl?ie=UTF8&tag=techneeqcom-20&camp=1789&creative=9325&linkCode=as2&creativeASIN=B01606IDL0&linkId=6ab5a6d08cd2e07150b5d7fc612a0cf6)
[**Microsoft Surface Pro 4 $699**](https://www.amazon.com/gp/product/B01N4OZN8B/ref=as_li_qf_sp_asin_il_tl?ie=UTF8&tag=techneeqcom-20&camp=1789&creative=9325&linkCode=as2&creativeASIN=B01N4OZN8B&linkId=cce2519e8fe262c41f26c9ecd518075b),[**Microsoft Surface Pro 4 $699**](https://www.amazon.com/gp/product/B01N4OZN8B/ref=as_li_qf_sp_asin_il_tl?ie=UTF8&tag=techneeqcom-20&camp=1789&creative=9325&linkCode=as2&creativeASIN=B01N4OZN8B&linkId=cce2519e8fe262c41f26c9ecd518075b)
* Microsoft Surface Pro 4 features a 6th generation Intel Core M processor,* Microsoft Surface Pro 4 기능들  6th generation Intel Core M processor
* Windows 10 Pro operating system,* Windows 10 Pro operating system
[**Microsoft Surface Pro 4 $994.97**](https://www.amazon.com/gp/product/B01606IDL0/ref=as_li_qf_sp_asin_il_tl?ie=UTF8&tag=techneeqcom-20&camp=1789&creative=9325&linkCode=as2&creativeASIN=B01606IDL0&linkId=8aed244fd48a4a21c21bb243a466bae3),[**Microsoft Surface Pro 4 $994.97**](https://www.amazon.com/gp/product/B01606IDL0/ref=as_li_qf_sp_asin_il_tl?ie=UTF8&tag=techneeqcom-20&camp=1789&creative=9325&linkCode=as2&creativeASIN=B01606IDL0&linkId=8aed244fd48a4a21c21bb243a466bae3)
"A long, long time ago, in a galaxy far, far away (Australia), I decided to give Microsoft a go after more than 10 years on Mac, just to see what hybrids were like. I purchased a Surface Pro 3.","long, long time ago, in  galaxy far, far away (Australia), I decided ~에 give Microsoft  go after more than 10 년 on Mac, just ~에 see what hybrids were 마음에 드는. I purchased  Surface Pro 3."
"It took 6 months of follows up to even get them to email back to my complaint, and believe it or not, their actual response was ""what do you expect us to do?"".  How about a #(\*\^&$ apology for one? By that stage, I'd sold my Surface Pro 3, and purchased a quad core MacBook Pro 15.","It took 6 개월 of follows up ~에 even get them ~에 email back ~에 my complaint, 그리고 believe it 또는 not, their actual response was ""what do you expect us ~에 do?"".  How about  #(\*\^&$ apology ~을 위한 one? By that stage, I'd sold my Surface Pro 3, 그리고 purchased  quad core MacBook Pro 15."
"From there, I extended my Mac acquisition with Macbook Pro 13 as a lightweight machine for business travel and an iPad Pro which I used for note taking, mark ups, with the Apple pencil which I loved. For a period I was happy, like most marriages, it knew there were compromises. I still lived in hope that Apple would produce a hybrid so I didn't have to lug around two devices.","From there, I extended my Mac acquisition ~와 함께 Macbook Pro 13 as  가벼운 기계 ~을 위한 비즈니스 travel 그리고  iPad Pro which I used ~을 위한 note taking, mark ups, ~와 함께  Apple pencil which I loved. ~을 위한  period I was 만족하는, 마음에 드는 most marriages, it knew there were compromises. I still lived in hope that Apple would produce  hybrid so I didn't have ~에 lug around two devices."
"The cracks in my relationship started to appear progressively when Apple progressively removed all upgrade capability and when it got to a point of making iMac drives non-user replaceable, I was starting to beat my chest like an angry 5 year old. It's a desktop, why the hell would you make the drives non-replaceable, other than ripping off the consumer by facing them to upgrade? I was planning on the new Mac Pro when Apple released a $7,000 screen with a $1000 stand alongside a stupidly overpriced $7,000 Mac Pro that came with a 256 GB drive. What the? They produced a screen for the 12","cracks in my relationship started ~에 appear progressively when Apple progressively removed all 업그레이드 capability 그리고 when it got ~에  point of making iMac drives non-사용자 replaceable, I was starting ~에 beat my chest 마음에 드는  angry 5 year 오래된. It's  desktop, why  hell would you make  drives non-replaceable, other than ripping off  consumer by facing them ~에 업그레이드? I was planning on  새로운 Mac Pro when Apple released  $7,000 화면 ~와 함께  $1000 stand alongside  stupidly overpriced $7,000 Mac Pro that came ~와 함께  256 GB drive. What ? They produced  화면 ~을 위한  12"
Part two was the replacement of my 2018 Macbook Pro 13 and my iPad Pro which weren't necessarily due for replacement. I didn't have to replace them but I we're in lock down and I don't feel like having multiple operating systems.,Part two was  replacement of my 2018 Macbook Pro 13 그리고 my iPad Pro which weren't necessarily due ~을 위한 replacement. I didn't have ~에 replace them 하지만 I we're in lock down 그리고 I don't feel 마음에 드는 having multiple operating systems.
That's astounding. My 2018 12.9 iPad Pro with smart keyboard runs at 1070 grams with a smaller lower resolution screen. It's also lighter than the new iPad Pro 12.9 and Magic keyboard (3 Pounds/1.36 kg's) and the new Macbook Air (1.27kg's).,That's astounding. My 2018 12.9 iPad Pro ~와 함께 smart 키보드 runs at 1070 grams ~와 함께  smaller lower 해상도 화면. It's also lighter than  새로운 iPad Pro 12.9 그리고 Magic 키보드 (3 Pounds/1.36 kg's) 그리고  새로운 Macbook Air (1.27kg's).
"If Apple wants a lesson in construction, unlike the equally expensive and heavier Macbook Pro and Air, HP put a bigger battery, 4K display, fingerprint reader and LTE in the Dragonfly and both the battery and M2 are user replaceable. Some would try argue that Apple focus on aesthetics first, but even that HP got right. What they managed to produce a good looking light weight laptop without screwing the consumer by making it non-user replaceable?","If Apple wants  lesson in construction, unlike  equally expensive 그리고 heavier Macbook Pro 그리고 Air, HP put  bigger 배터리, 4K 디스플레이, fingerprint reader 그리고 LTE in  Dragonfly 그리고 both  배터리 그리고 M2 are 사용자 replaceable. Some would try argue that Apple focus on aesthetics first, 하지만 even that HP got right. What they managed ~에 produce  좋은 looking 가벼운 무게 노트북 without screwing  consumer by making it non-사용자 replaceable?"
"Coming from the Macbook Pro 13"", the Dragonfly is amazing. I don't think the Macbook Pro is necessarily bad, but the difference in resolution between the two is noticeable. It's one of the best screens I've seen on a laptop.","Coming from  Macbook Pro 13"",  Dragonfly is 놀라운. I don't think  Macbook Pro is necessarily bad, 하지만  difference in 해상도 between  two is noticeable. It's one of  최고의 screens I've seen on  노트북."
* Windows 10 Pro operating system,* Windows 10 Pro operating system
[**Microsoft Surface Pro 4 $780**](https://www.amazon.com/gp/product/B01606KJ6C/ref=as_li_qf_sp_asin_il_tl?ie=UTF8&tag=techneeqcom-20&camp=1789&creative=9325&linkCode=as2&creativeASIN=B01606KJ6C&linkId=dd3119b84631f393a30c0bea42d0ddb9),[**Microsoft Surface Pro 4 $780**](https://www.amazon.com/gp/product/B01606KJ6C/ref=as_li_qf_sp_asin_il_tl?ie=UTF8&tag=techneeqcom-20&camp=1789&creative=9325&linkCode=as2&creativeASIN=B01606KJ6C&linkId=dd3119b84631f393a30c0bea42d0ddb9)
[**ASUSPRO B9440 Ultra Thin and Light Business Laptop $939**](https://www.amazon.com/gp/product/B06XFZZ3RX/ref=as_li_qf_sp_asin_il_tl?ie=UTF8&tag=techneeqcom-20&camp=1789&creative=9325&linkCode=as2&creativeASIN=B06XFZZ3RX&linkId=0502cac08ec514e71b41ad32fcd4bc07),[**ASUSPRO B9440 Ultra 얇은 그리고 가벼운 비즈니스 노트북 $939**](https://www.amazon.com/gp/product/B06XFZZ3RX/ref=as_li_qf_sp_asin_il_tl?ie=UTF8&tag=techneeqcom-20&camp=1789&creative=9325&linkCode=as2&creativeASIN=B06XFZZ3RX&linkId=0502cac08ec514e71b41ad32fcd4bc07)
Dell XPS 13 - My main concern with this laptop is the screen size. I am coming from a MacBook Pro 15 and a ASUS G46VW. The 16:9 ratio of the XPS 13 kinda of scares me. Would love some feedback on this.,Dell XPS 13 - My main concern ~와 함께 this 노트북 is  화면 size. I am coming from  MacBook Pro 15 그리고  ASUS G46VW.  16:9 ratio of  XPS 13 kinda of scares me. Would 좋아하는 some feedback on this.
"good batter life and better screen with srgb/adobe rgb coverage for photo editing. Quad core, atlease 16gb ram, 512ssd, gpu, digitizer screen and 2in1 would be added advantage for phot editing","좋은 batter life 그리고 더 나은 화면 ~와 함께 srgb/adobe rgb coverage ~을 위한 사진 편집. Quad core, atlease 16gb RAM, 512ssd, gpu, digitizer 화면 그리고 2in1 would be added advantage ~을 위한 phot 편집"
PROS:,장점:
PROS:,장점:
3) Lenovo IdeaPad Yoga 2 Pro:,3) Lenovo IdeaPad Yoga 2 Pro:
PROS:,장점:
4) Dell Venue 11 Pro + Bluetooth Keyboard,4) Dell Venue 11 Pro + Bluetooth 키보드
PROS:,장점:
PROS:,장점:
"-Price(?) Base model starts at $1100 it looks like. Depending on the specs of the model, that might be exactly what I need, right around the same price as a comparable Surface Pro 2 with type cover.","-가격(?) Base 모델 starts at $1100 it looks 마음에 드는. Depending on  specs of  모델, that might be exactly what I need, right around  same 가격 as  comparable Surface Pro 2 ~와 함께 type cover."
"I've been doing research on what would be a good school CPU but also a good home Cpu (my wife's 5 year old 13in MacBook Pro has performed its duty as the ""household device"" well enough, but it is time for a replacement and I still don't know iOS very well so I'm trying to stay away from a new MacBook). So I am looking at a great grad/business school, home, and family use laptop and the fast, powerful, lightweight, portable, and alittle-expensive ""ultrabook class"" of laptops seem best fit to meet those demands.","I've been doing research on what would be  좋은 school CPU 하지만 also  좋은 home Cpu (my wife's 5 year 오래된 13in MacBook Pro has performed its duty as  ""household 기기"" well enough, 하지만 it is time ~을 위한  replacement 그리고 I still don't know iOS very well so I'm trying ~에 stay away from  새로운 MacBook). So I am looking at  훌륭한 grad/비즈니스 school, home, 그리고 family 사용 노트북 그리고  빠른, 강력한, 가벼운, 휴대용, 그리고 alittle-expensive ""ultrabook class"" of 노트북들 seem 최고의 fit ~에 meet those demands."
"I've somewhat settled on about 5 or 6 brands/models: HP Spectre x360, Lenovo Yoga, Lenovo Carbon ThinkPad, Samsung Notebook 9, Asus Zenbook, Microsoft Surface Pro 4, and the Dell XPS 13. Having a 2-in-1 isn't a must, but it seems like that is where everything is going and seeing they are just as fast as non 2-in-1 laptops, I figured why not have a laptop that can be used as a tablet and is more comfortable when browsing or watching videos while on the couch? But that isn't make or break at all.","I've somewhat settled on about 5 또는 6 brands/models: HP Spectre x360, Lenovo Yoga, Lenovo Carbon ThinkPad, Samsung 노트북 9, Asus Zenbook, Microsoft Surface Pro 4, 그리고  Dell XPS 13. Having  2-in-1 isn't  must, 하지만 it seems 마음에 드는 that is where everything is going 그리고 seeing they are just as 빠른 as non 2-in-1 노트북들, I figured why not have  노트북 that can be used as  tablet 그리고 is more comfortable when browsing 또는 watching videos while on  couch? 하지만 that isn't make 또는 break at all."
"It seems I'm in a great situation because there isn't a bad choice. There are just better ""buys"" and small pros and cons to each. So, I know alot of my decision rides on what has the better back to school package, of which we don't have a clue about yet, so asking this so soon might be futile.","It seems I'm in  훌륭한 situation because there isn't  bad 선택. There are just 더 나은 ""buys"" 그리고 small 장점 그리고 cons ~에 each. So, I know alot of my decision rides on what has  더 나은 back ~에 school package, of which we don't have  clue about yet, so asking this so soon might be futile."
\- [Dell Latitude 3400](https://www.notebookcheck.net/Dell-Latitude-3400-Laptop-Review-An-affordable-business-laptop-with-long-battery-life.436543.0.html#toc-verdict) \- no real advantage over the other + higher price,\- [Dell Latitude 3400](https://www.notebookcheck.net/Dell-Latitude-3400-노트북-Review--affordable-비즈니스-노트북-~와 함께-long-배터리-life.436543.0.html#toc-verdict) \- no real advantage over  other + higher 가격
"Other notes: I am basically looking for a high end, ultraportable, light, long battery lasting laptop that do some light gaming (mainly I just want to play overwatch, and medium settings is fine). I was and to some extent still am deciding between a macbook pro and the xps 15, but was overwhelmed with the xps options and am not sure which would fit my needs. Do you guys have any advice?","Other notes: I am basically looking ~을 위한  high end, ultraportable, 가벼운, long 배터리 lasting 노트북 that do some 가벼운 게임 (mainly I just want ~에 play overwatch, 그리고 medium settings is fine). I was 그리고 ~에 some extent still am deciding between  macbook pro 그리고  xps 15, 하지만 was overwhelmed ~와 함께  xps options 그리고 am not sure which would fit my needs. Do you guys have any advice?"
Trying to figure out what is out there in 2018 that is lightweight (3lbs or less) and with a graphics card better than an Intel HD 620. All I can think of is a Macbook Pro 13. Anyone else have any other suggestions?,Trying ~에 figure out what is out there in 2018 that is 가벼운 (3lbs 또는 less) 그리고 ~와 함께  graphics card 더 나은 than  Intel HD 620. All I can think of is  Macbook Pro 13. Anyone else have any other suggestions?
"**Other notes:**  I've been anti-Apple for a long time, but finally came around to wanting to give them a try.  However, they then released the 2016 MacBook Pro and took away everything I wanted.  I'm not sure I want the keyboard, the USB-C, and the touchbar that come with the MacBook Pro now.","**Other notes:**  I've been anti-Apple ~을 위한  long time, 하지만 finally came around ~에 wanting ~에 give them  try.  However, they then released  2016 MacBook Pro 그리고 took away everything I wanted.  I'm not sure I want  키보드,  USB-C, 그리고  touchbar that come ~와 함께  MacBook Pro now."
"[**Samsung 850 PRO - 256GB - 2.5-Inch SATA III Internal SSD (MZ-7KE256BW)**](https://www.amazon.com/gp/product/B00LMXBOP4/ref=as_li_qf_sp_asin_il_tl?ie=UTF8&tag=techneeqcom-20&camp=1789&creative=9325&linkCode=as2&creativeASIN=B00LMXBOP4&linkId=9c939aa53ac1258073964eeceda9a6fb) $109, 32% off!","[**Samsung 850 PRO - 256GB - 2.5-Inch SATA III Internal SSD (MZ-7KE256BW)**](https://www.amazon.com/gp/product/B00LMXBOP4/ref=as_li_qf_sp_asin_il_tl?ie=UTF8&tag=techneeqcom-20&camp=1789&creative=9325&linkCode=as2&creativeASIN=B00LMXBOP4&linkId=9c939aa53ac1258073964eeceda9a6fb) $109, 32% off!"
"|[**Microsoft Surface Pro 2-in-1 Laptop/Tablet (2024)**](https://progamerstech.com/product/microsoft-surface-pro-2-in-1-laptop-tablet-2024-13-touchscreen-display-16gb-ram-256gb-storage-windows-11-copilot-pc-snapdragon-x-plus-10-core-platinum/)|**Windows 11 Copilot+ PC, 13"" Touchscreen Display, Snapdragon X Plus (10 Core), 16GB RAM, 256GB Storage** **$860** **General Use/School/Work Productivity.**|**$815**|**General Use/School/Work Productivity.**|","|[**Microsoft Surface Pro 2-in-1 노트북/Tablet (2024)**](https://progamerstech.com/product/microsoft-surface-pro-2-in-1-노트북-tablet-2024-13-터치스크린-디스플레이-16gb-RAM-256gb-저장장치-windows-11-copilot-pc-snapdragon-x-plus-10-core-platinum/)|**Windows 11 Copilot+ PC, 13"" 터치스크린 디스플레이, Snapdragon X Plus (10 Core), 16GB RAM, 256GB 저장장치** **$860** **General 사용/School/작업 생산성.**|**$815**|**General 사용/School/작업 생산성.**|"
"|[**ASUS VivoBook Pro 15 Laptop**](https://www.ebay.com/itm/204800592891?mkcid=1&mkrid=711-53200-19255-0&siteid=0&campid=5338849294&customid=GameChanger&toolid=10001&mkevt=1)|**15.6"", FHD (1920 x 1080) 16:9, 60Hz, 400-nits SDR, 600-nits HDR, 100% DCI-P3 OLED Display, Intel Ultra 9 185H, RTX 3050, 24GB RAM, 2TB SSD.**|**$1,049.99**|**General Use/School/Work Productivity + Light Gaming/Video Editing**|","|[**ASUS VivoBook Pro 15 노트북**](https://www.ebay.com/itm/204800592891?mkcid=1&mkrid=711-53200-19255-0&siteid=0&campid=5338849294&customid=GameChanger&toolid=10001&mkevt=1)|**15.6"", FHD (1920 x 1080) 16:9, 60Hz, 400-nits SDR, 600-nits HDR, 100% DCI-P3 OLED 디스플레이, Intel Ultra 9 185H, RTX 3050, 24GB RAM, 2TB SSD.**|**$1,049.99**|**General 사용/School/작업 생산성 + 가벼운 게임/비디오 편집**|"
"|[**Apple 2024 MacBook Pro Laptop with M4 chip**](https://progamerstech.com/product/apple-2024-macbook-pro-laptop-with-m4-chip-with-10%E2%80%91core-cpu-and-10%E2%80%91core-gpu-built-for-apple-intelligence-14-2-inch-liquid-retina-xdr-display-16gb-unified-memory-512gb-ssd-storage/)|**with 10‑core CPU and 10‑core GPU: Built for Apple Intelligence, 14.2-inch Liquid Retina XDR Display, 16GB Unified Memory, 512GB SSD Storage**|**$1,299**|**General Use/School/Work Productivity + Light Gaming/Video Editing**|","|[**Apple 2024 MacBook Pro 노트북 ~와 함께 M4 chip**](https://progamerstech.com/product/apple-2024-macbook-pro-노트북-~와 함께-m4-chip-~와 함께-10%E2%80%91core-cpu-그리고-10%E2%80%91core-gpu-built-~을 위한-apple-intelligence-14-2-inch-liquid-retina-xdr-디스플레이-16gb-unified-메모리-512gb-SSD-저장장치/)|**~와 함께 10‑core CPU 그리고 10‑core GPU: Built ~을 위한 Apple Intelligence, 14.2-inch Liquid Retina XDR 디스플레이, 16GB Unified 메모리, 512GB SSD 저장장치**|**$1,299**|**General 사용/School/작업 생산성 + 가벼운 게임/비디오 편집**|"
"|[**Apple MacBook Pro; M4 Pro**](https://progamerstech.com/product/apple-2024-macbook-pro-laptop-with-m4-pro-12%E2%80%91core-cpu-16%E2%80%91core-gpu-built-for-apple-intelligence-14-2-inch-liquid-retina-xdr-display-24gb-unified-memory-512gb-ssd-storage-silver/)|**12‑core CPU, 16‑core GPU, 14.2"" 3024-by-1964 1000 nits 120Hz Liquid Retina XDR Display, 24GB RAM, 512GB SSD**| **$1,699**|**General Use/School/Work Productivity + Light Gaming/Video Editing**|","|[**Apple MacBook Pro; M4 Pro**](https://progamerstech.com/product/apple-2024-macbook-pro-노트북-~와 함께-m4-pro-12%E2%80%91core-cpu-16%E2%80%91core-gpu-built-~을 위한-apple-intelligence-14-2-inch-liquid-retina-xdr-디스플레이-24gb-unified-메모리-512gb-SSD-저장장치-silver/)|**12‑core CPU, 16‑core GPU, 14.2"" 3024-by-1964 1000 nits 120Hz Liquid Retina XDR 디스플레이, 24GB RAM, 512GB SSD**| **$1,699**|**General 사용/School/작업 생산성 + 가벼운 게임/비디오 편집**|"
"|[**Lenovo Legion Pro 7i Gaming Notebook**](https://www.ebay.com/itm/306301779985?amdata=enc%3AAQAKAAAAoFkggFvd1GGDu0w3yXCmi1etFzoti1iIelfa6hcFKfPt48BMxEaPB%2FLCoFdiHwOj3W4xmvyWc8ReOVwKgW27E3cy04f5DrS64VBhvV75v9mqIkCw9FVJjJ1mXfCrk5fpBNucxyxBOo6iAHfzZB7A4ZGy6OaIzWpC7J9PoZCZ8T3vd4fZNL2gd%2FUr1lj5JXFs6AcSN1F89uhh8IBbrYeELlc%3D&mkcid=1&mkrid=711-53200-19255-0&siteid=0&campid=5338849294&customid=GameChanger&toolid=10001&mkevt=1)|**16"" WQXGA OLED 240Hz Display, Intel Core Ultra 9 275HX, RTX 5070Ti, 32GB RAM, 1TB SSD**|**$2,199.99**|**Competitive Gaming/Video Editing/Content Creation**|","|[**Lenovo Legion Pro 7i 게임 노트북**](https://www.ebay.com/itm/306301779985?amdata=enc%3AAQAKAAAAoFkggFvd1GGDu0w3yXCmi1etFzoti1iIelfa6hcFKfPt48BMxEaPB%2FLCoFdiHwOj3W4xmvyWc8ReOVwKgW27E3cy04f5DrS64VBhvV75v9mqIkCw9FVJjJ1mXfCrk5fpBNucxyxBOo6iAHfzZB7A4ZGy6OaIzWpC7J9PoZCZ8T3vd4fZNL2gd%2FUr1lj5JXFs6AcSN1F89uhh8IBbrYeELlc%3D&mkcid=1&mkrid=711-53200-19255-0&siteid=0&campid=5338849294&customid=GameChanger&toolid=10001&mkevt=1)|**16"" WQXGA OLED 240Hz 디스플레이, Intel Core Ultra 9 275HX, RTX 5070Ti, 32GB RAM, 1TB SSD**|**$2,199.99**|**Competitive 게임/비디오 편집/Content Creation**|"
"[Amazon] LG gram Pro AI Thin & Lightweight Laptop: 16"" WQXGA+ (2880 x 1800) OLED, Intel Ultra 7 255H, Intel Arc Graphics, 16GB LPDDR5X, 1TB SSD, Win11 Home - for $1,299 after 38% off","[Amazon] LG 그램 Pro AI 얇은 & 가벼운 노트북: 16"" WQXGA+ (2880 x 1800) OLED, Intel Ultra 7 255H, Intel Arc Graphics, 16GB LPDDR5X, 1TB SSD, Win11 Home - ~을 위한 $1,299 after 38% off"
"[Amazon] LG gram Pro AI Thin & Lightweight Laptop: 16"" WQXGA+ (2880 x 1800) OLED, Intel Core Ultra 7 255H, Intel Arc Graphics, 32GB LPDDR5X, 1TB SSD, Win11 Home - for $1,599.99 after 30% off","[Amazon] LG 그램 Pro AI 얇은 & 가벼운 노트북: 16"" WQXGA+ (2880 x 1800) OLED, Intel Core Ultra 7 255H, Intel Arc Graphics, 32GB LPDDR5X, 1TB SSD, Win11 Home - ~을 위한 $1,599.99 after 30% off"
"[Amazon] LG gram Pro Thin & Lightweight Laptop: 16” WQXGA (2560 x 1600) IPS Touch, Intel Ultra 7 155H, Intel Arc Graphics, 16GB LPDDR5x, 512GB SSD, Win11 Home - for $1,199.99 after 20% off","[Amazon] LG 그램 Pro 얇은 & 가벼운 노트북: 16” WQXGA (2560 x 1600) IPS 터치, Intel Ultra 7 155H, Intel Arc Graphics, 16GB LPDDR5x, 512GB SSD, Win11 Home - ~을 위한 $1,199.99 after 20% off"
"[Amazon] LG gram Pro Thin & Lightweight Laptop: 16” WQXGA (2560 x 1600) IPS Touchscreen, Intel Ultra 7 155H, Intel Arc Graphics, 16GB LPDDR5X, 1TB SSD, Win11 Home - for $1,199.99 after $100 off","[Amazon] LG 그램 Pro 얇은 & 가벼운 노트북: 16” WQXGA (2560 x 1600) IPS 터치스크린, Intel Ultra 7 155H, Intel Arc Graphics, 16GB LPDDR5X, 1TB SSD, Win11 Home - ~을 위한 $1,199.99 after $100 off"
"|[**Lenovo Yoga Pro 7**](https://www.ebay.com/itm/156225250830?amdata=enc%3AAQAJAAAAoHoV3kP08IDx%2BKZ9MfhVJKkunhs0jJZ4XGL6A2EXlfKFfsQLBsaE8TvhPP706L84KdU0UjGiCy0g5naRCZIyjU1AgvGZ93JqL4aVepymjKDh8NlA%2BTvHiZQ1UehbJvjE1BwUMNkMElqmpwMGS2aFlpbV%2BkQTPXEvRow0H6ZBdD5Su3hyoe3LsVlE07VvlbblVS0MXWZpYuQFgk9FNHtWl3c%3D&mkcid=1&mkrid=711-53200-19255-0&siteid=0&campid=5338849294&customid=GameChanger&toolid=10001&mkevt=1)|**Ryzen 7 8845HS, RTX 3050, 16GB RAM, 1TB SSD, QHD+ 14.5"" 90Hz IPS Touch Display.**|**$841.99**|","|[**Lenovo Yoga Pro 7**](https://www.ebay.com/itm/156225250830?amdata=enc%3AAQAJAAAAoHoV3kP08IDx%2BKZ9MfhVJKkunhs0jJZ4XGL6A2EXlfKFfsQLBsaE8TvhPP706L84KdU0UjGiCy0g5naRCZIyjU1AgvGZ93JqL4aVepymjKDh8NlA%2BTvHiZQ1UehbJvjE1BwUMNkMElqmpwMGS2aFlpbV%2BkQTPXEvRow0H6ZBdD5Su3hyoe3LsVlE07VvlbblVS0MXWZpYuQFgk9FNHtWl3c%3D&mkcid=1&mkrid=711-53200-19255-0&siteid=0&campid=5338849294&customid=GameChanger&toolid=10001&mkevt=1)|**Ryzen 7 8845HS, RTX 3050, 16GB RAM, 1TB SSD, QHD+ 14.5"" 90Hz IPS 터치 디스플레이.**|**$841.99**|"
"|[**LG Gram Pro Laptop**](https://progamerstech.com/product/lg-gram-pro-16-inch-2in1-thin-and-lightweight-laptop-intel-evo-edition-ai-enabled-intel-core-ultra-7-processor-windows-11-home-16gb-ram-512gb-ssd-touch-ips-display-black/)|**16” WQXGA (2560 x 1600) IPS Pen Touch, Intel Ultra 7 155H, Intel Arc Graphics, 16GB LPDDR5x, 512GB SSD**|**$1,199**|","|[**LG 그램 Pro 노트북**](https://progamerstech.com/product/lg-gram-pro-16-inch-2in1-얇은-그리고-가벼운-노트북-intel-evo-edition-ai-enabled-intel-core-ultra-7-processor-windows-11-home-16gb-RAM-512gb-SSD-터치-ips-디스플레이-black/)|**16” WQXGA (2560 x 1600) IPS Pen 터치, Intel Ultra 7 155H, Intel Arc Graphics, 16GB LPDDR5x, 512GB SSD**|**$1,199**|"
"|[**Apple 2024 MacBook Pro Laptop**](https://progamerstech.com/product/apple-2024-macbook-pro-laptop-with-m4-chip-with-10%E2%80%91core-cpu-and-10%E2%80%91core-gpu-built-for-apple-intelligence-14-2-inch-liquid-retina-xdr-display-16gb-unified-memory-1tb-ssd-storage-sp/)|**with M4 chip with 10‑core CPU and 10‑core GPU: Built for Apple Intelligence, 14.2-inch Liquid Retina XDR Display, 16GB Unified Memory, 1TB SSD Storage; Space Black**|**$1,589**|","|[**Apple 2024 MacBook Pro 노트북**](https://progamerstech.com/product/apple-2024-macbook-pro-노트북-~와 함께-m4-chip-~와 함께-10%E2%80%91core-cpu-그리고-10%E2%80%91core-gpu-built-~을 위한-apple-intelligence-14-2-inch-liquid-retina-xdr-디스플레이-16gb-unified-메모리-1tb-SSD-저장장치-sp/)|**~와 함께 M4 chip ~와 함께 10‑core CPU 그리고 10‑core GPU: Built ~을 위한 Apple Intelligence, 14.2-inch Liquid Retina XDR 디스플레이, 16GB Unified 메모리, 1TB SSD 저장장치; Space Black**|**$1,589**|"
"[Amazon] LG gram Pro 2in1 Laptop: 16” WQXGA (2560 x 1600) IPS Touchscreen, Intel Ultra 7 155H, Intel Arc Graphics, 16GB RAM, 1TB SSD, Win11 Home - Now: $1,279. After 20% Off","[Amazon] LG 그램 Pro 2in1 노트북: 16” WQXGA (2560 x 1600) IPS 터치스크린, Intel Ultra 7 155H, Intel Arc Graphics, 16GB RAM, 1TB SSD, Win11 Home - Now: $1,279. After 20% Off"
"[Amazon] LG gram Pro 2in1 Laptop: 16” WQXGA (2560 x 1600) IPS Touchscreen, Intel Ultra 7 155H, Intel Arc Graphics, 16GB RAM, 1TB SSD, Win11 Home - Now: $1,199.99 After 25% Off","[Amazon] LG 그램 Pro 2in1 노트북: 16” WQXGA (2560 x 1600) IPS 터치스크린, Intel Ultra 7 155H, Intel Arc Graphics, 16GB RAM, 1TB SSD, Win11 Home - Now: $1,199.99 After 25% Off"
📌💻✨LG Gram x r/SuggestALaptop: LG gram Pro AI Laptop Giveaway- Enter to be one of 10 SAL users to get one of the newest LG laptops on the market to Review and to keep! ✨💻 📌,📌💻✨LG 그램 x r/SuggestALaptop: LG 그램 Pro AI 노트북 Giveaway- Enter ~에 be one of 10 SAL users ~에 get one of  newest LG 노트북들 on  market ~에 Review 그리고 ~에 keep! ✨💻 📌
"[Amazon] LG gram Pro 2in1 Laptop: 16” WQXGA (2560 x 1600) IPS Touchscreen, Intel Ultra 7 155H, Intel Arc Graphics, 16GB RAM, 1TB SSD, Win11 Home - Now: $1,199.99 After 25% Off","[Amazon] LG 그램 Pro 2in1 노트북: 16” WQXGA (2560 x 1600) IPS 터치스크린, Intel Ultra 7 155H, Intel Arc Graphics, 16GB RAM, 1TB SSD, Win11 Home - Now: $1,199.99 After 25% Off"
"[Amazon] LG gram Pro 2in1 Laptop: 16” WQXGA (2560 x 1600) IPS Touchscreen, Intel Ultra 7 155H, Intel Arc Graphics, 16GB RAM, 1TB SSD, Win11 Home - Now: $1,279.99 After 20% Off","[Amazon] LG 그램 Pro 2in1 노트북: 16” WQXGA (2560 x 1600) IPS 터치스크린, Intel Ultra 7 155H, Intel Arc Graphics, 16GB RAM, 1TB SSD, Win11 Home - Now: $1,279.99 After 20% Off"
"|[**Lenovo Yoga Pro 7**](https://www.ebay.com/itm/156225250830?amdata=enc%3AAQAJAAAAoHoV3kP08IDx%2BKZ9MfhVJKkunhs0jJZ4XGL6A2EXlfKFfsQLBsaE8TvhPP706L84KdU0UjGiCy0g5naRCZIyjU1AgvGZ93JqL4aVepymjKDh8NlA%2BTvHiZQ1UehbJvjE1BwUMNkMElqmpwMGS2aFlpbV%2BkQTPXEvRow0H6ZBdD5Su3hyoe3LsVlE07VvlbblVS0MXWZpYuQFgk9FNHtWl3c%3D&mkcid=1&mkrid=711-53200-19255-0&siteid=0&campid=5338849294&customid=GameChanger&toolid=10001&mkevt=1)|**Ryzen 7 8845HS, RTX 3050, 16GB RAM, 1TB SSD, QHD+ 14.5"" 90Hz IPS Touch Display.**|**$949.99**|","|[**Lenovo Yoga Pro 7**](https://www.ebay.com/itm/156225250830?amdata=enc%3AAQAJAAAAoHoV3kP08IDx%2BKZ9MfhVJKkunhs0jJZ4XGL6A2EXlfKFfsQLBsaE8TvhPP706L84KdU0UjGiCy0g5naRCZIyjU1AgvGZ93JqL4aVepymjKDh8NlA%2BTvHiZQ1UehbJvjE1BwUMNkMElqmpwMGS2aFlpbV%2BkQTPXEvRow0H6ZBdD5Su3hyoe3LsVlE07VvlbblVS0MXWZpYuQFgk9FNHtWl3c%3D&mkcid=1&mkrid=711-53200-19255-0&siteid=0&campid=5338849294&customid=GameChanger&toolid=10001&mkevt=1)|**Ryzen 7 8845HS, RTX 3050, 16GB RAM, 1TB SSD, QHD+ 14.5"" 90Hz IPS 터치 디스플레이.**|**$949.99**|"
"|[**LG Gram Pro Laptop**](https://progamerstech.com/product/lg-gram-pro-16-inch-2in1-thin-and-lightweight-laptop-intel-evo-edition-ai-enabled-intel-core-ultra-7-processor-windows-11-home-16gb-ram-512gb-ssd-touch-ips-display-black/)|**16” WQXGA (2560 x 1600) IPS Pen Touch, Intel Ultra 7 155H, Intel Arc Graphics, 16GB LPDDR5x, 512GB SSD**| **$1,197**|","|[**LG 그램 Pro 노트북**](https://progamerstech.com/product/lg-gram-pro-16-inch-2in1-얇은-그리고-가벼운-노트북-intel-evo-edition-ai-enabled-intel-core-ultra-7-processor-windows-11-home-16gb-RAM-512gb-SSD-터치-ips-디스플레이-black/)|**16” WQXGA (2560 x 1600) IPS Pen 터치, Intel Ultra 7 155H, Intel Arc Graphics, 16GB LPDDR5x, 512GB SSD**| **$1,197**|"
"|[**Apple 2024 MacBook Pro Laptop**](https://progamerstech.com/product/apple-2024-macbook-pro-laptop-with-m4-chip-with-10%E2%80%91core-cpu-and-10%E2%80%91core-gpu-built-for-apple-intelligence-14-2-inch-liquid-retina-xdr-display-16gb-unified-memory-1tb-ssd-storage-sp/)|**with M4 chip with 10‑core CPU and 10‑core GPU: Built for Apple Intelligence, 14.2-inch Liquid Retina XDR Display, 16GB Unified Memory, 1TB SSD Storage; Space Black**|**$1,599**|","|[**Apple 2024 MacBook Pro 노트북**](https://progamerstech.com/product/apple-2024-macbook-pro-노트북-~와 함께-m4-chip-~와 함께-10%E2%80%91core-cpu-그리고-10%E2%80%91core-gpu-built-~을 위한-apple-intelligence-14-2-inch-liquid-retina-xdr-디스플레이-16gb-unified-메모리-1tb-SSD-저장장치-sp/)|**~와 함께 M4 chip ~와 함께 10‑core CPU 그리고 10‑core GPU: Built ~을 위한 Apple Intelligence, 14.2-inch Liquid Retina XDR 디스플레이, 16GB Unified 메모리, 1TB SSD 저장장치; Space Black**|**$1,599**|"
"|[**HP Pavilion Plus 14-eh1299nr (2023)**](https://progamerstech.com/product/hp-pavilion-plus-14-inch-laptop-2-8k-oled-display-13th-generation-intel-core-i7-1355u-16-gb-ram-1-tb-ssd-nvidia-geforce-rtx-2050-graphics-windows-11-pro-14-eh1299nr-2023-4/)|**14"" 2.8K OLED Display, 13th Generation Intel Core i7-1355U, 16 GB RAM, 1 TB SSD, NVIDIA GeForce RTX 2050 Graphics, Windows 11 Pro**|**$1,096.98**|","|[**HP Pavilion Plus 14-eh1299nr (2023)**](https://progamerstech.com/product/hp-pavilion-plus-14-inch-노트북-2-8k-oled-디스플레이-13th-generation-intel-core-i7-1355u-16-gb-RAM-1-tb-SSD-nvidia-geforce-rtx-2050-graphics-windows-11-pro-14-eh1299nr-2023-4/)|**14"" 2.8K OLED 디스플레이, 13th Generation Intel Core i7-1355U, 16 GB RAM, 1 TB SSD, NVIDIA GeForce RTX 2050 Graphics, Windows 11 Pro**|**$1,096.98**|"
"|[**ASUS VivoBook Pro 15X Laptop**](https://progamerstech.com/product/asus-vivobook-pro-15x-laptop-144hz-15-6-fhd-display-amd-ryzen-9-6900hx-mobile-cpu-nvidia-geforce-rtx-3070-gpu-32gb-ddr5-ram-1tb-pcie-ssd-windows-11-home-0black-m6501rr-db96/)|**144Hz 15.6” FHD Display, AMD Ryzen 9 6900HX Mobile CPU, NVIDIA GeForce RTX 3070 GPU, 32GB DDR5 RAM, 1TB PCIe SSD, Windows 11 Home**|**$1,660**|","|[**ASUS VivoBook Pro 15X 노트북**](https://progamerstech.com/product/asus-vivobook-pro-15x-노트북-144hz-15-6-fhd-디스플레이-amd-ryzen-9-6900hx-mobile-cpu-nvidia-geforce-rtx-3070-gpu-32gb-ddr5-RAM-1tb-pcie-SSD-windows-11-home-0black-m6501rr-db96/)|**144Hz 15.6” FHD 디스플레이, AMD Ryzen 9 6900HX Mobile CPU, NVIDIA GeForce RTX 3070 GPU, 32GB DDR5 RAM, 1TB PCIe SSD, Windows 11 Home**|**$1,660**|"
"|[**ASUS VivoBook Pro 14 OLED Laptop**](https://progamerstech.com/product/asus-vivobook-pro-14-oled-laptop-14-2-8k-oled-display-amd-ryzen-7-6800h-mobile-cpu-nvidia-geforce-rtx-3050-gpu-16gb-ram-1tb-ssd-windows-11-home-quiet-blue-m6400rc-eb74/)|**14” 2.8K OLED Display, AMD Ryzen 7 6800H Mobile CPU, NVIDIA® GeForce® RTX™ 3050 GPU,16GB RAM, 1TB SSD, Windows 11 Home**|**$1,149.99**|","|[**ASUS VivoBook Pro 14 OLED 노트북**](https://progamerstech.com/product/asus-vivobook-pro-14-oled-노트북-14-2-8k-oled-디스플레이-amd-ryzen-7-6800h-mobile-cpu-nvidia-geforce-rtx-3050-gpu-16gb-RAM-1tb-SSD-windows-11-home-quiet-blue-m6400rc-eb74/)|**14” 2.8K OLED 디스플레이, AMD Ryzen 7 6800H Mobile CPU, NVIDIA® GeForce® RTX™ 3050 GPU,16GB RAM, 1TB SSD, Windows 11 Home**|**$1,149.99**|"
"[Amazon] LG gram Pro Thin & Lightweight Laptop: 16” WQXGA (2560 x 1600) IPS Pen Touch, Intel Ultra 7 155H, Intel Arc Graphics, 16GB LPDDR5x, 512GB SSD, Win11 Home - for $1,197 after 20% off","[Amazon] LG 그램 Pro 얇은 & 가벼운 노트북: 16” WQXGA (2560 x 1600) IPS Pen 터치, Intel Ultra 7 155H, Intel Arc Graphics, 16GB LPDDR5x, 512GB SSD, Win11 Home - ~을 위한 $1,197 after 20% off"
"[Amazon] LG gram Pro 2in1 Laptop: 16” WQXGA (2560 x 1600) IPS Touchscreen, Intel Ultra 7 155H, Intel Arc Graphics, 16GB RAM, 1TB SSD, Win11 Home - Now: $1,279.99 After 20% Off","[Amazon] LG 그램 Pro 2in1 노트북: 16” WQXGA (2560 x 1600) IPS 터치스크린, Intel Ultra 7 155H, Intel Arc Graphics, 16GB RAM, 1TB SSD, Win11 Home - Now: $1,279.99 After 20% Off"
"[Amazon] LG gram Pro 2in1 Laptop: 16” WQXGA (2560 x 1600) IPS Touchscreen, Intel Ultra 7 155H, Intel Arc Graphics, 16GB RAM, 1TB SSD, Win11 Home - Now: $1,199.99 After 25% Off","[Amazon] LG 그램 Pro 2in1 노트북: 16” WQXGA (2560 x 1600) IPS 터치스크린, Intel Ultra 7 155H, Intel Arc Graphics, 16GB RAM, 1TB SSD, Win11 Home - Now: $1,199.99 After 25% Off"
"[Amazon] LG gram Pro 2in1 Laptop: 16” WQXGA (2560 x 1600) IPS Touchscreen, Intel Ultra 7 155H, Intel Arc Graphics, 16GB LPDDR5x, 1TB SSD, Win11 Home - for $1,199.99 after 25% off","[Amazon] LG 그램 Pro 2in1 노트북: 16” WQXGA (2560 x 1600) IPS 터치스크린, Intel Ultra 7 155H, Intel Arc Graphics, 16GB LPDDR5x, 1TB SSD, Win11 Home - ~을 위한 $1,199.99 after 25% off"
"|[**Lenovo Yoga Pro 7**](https://www.ebay.com/itm/156225250830?amdata=enc%3AAQAJAAAAoHoV3kP08IDx%2BKZ9MfhVJKkunhs0jJZ4XGL6A2EXlfKFfsQLBsaE8TvhPP706L84KdU0UjGiCy0g5naRCZIyjU1AgvGZ93JqL4aVepymjKDh8NlA%2BTvHiZQ1UehbJvjE1BwUMNkMElqmpwMGS2aFlpbV%2BkQTPXEvRow0H6ZBdD5Su3hyoe3LsVlE07VvlbblVS0MXWZpYuQFgk9FNHtWl3c%3D&mkcid=1&mkrid=711-53200-19255-0&siteid=0&campid=5338849294&customid=GameChanger&toolid=10001&mkevt=1)|**Ryzen 7 8845HS, RTX 3050, 16GB RAM, 1TB SSD, QHD+ 14.5"" 90Hz IPS Touch Display.**|**$890.99**|","|[**Lenovo Yoga Pro 7**](https://www.ebay.com/itm/156225250830?amdata=enc%3AAQAJAAAAoHoV3kP08IDx%2BKZ9MfhVJKkunhs0jJZ4XGL6A2EXlfKFfsQLBsaE8TvhPP706L84KdU0UjGiCy0g5naRCZIyjU1AgvGZ93JqL4aVepymjKDh8NlA%2BTvHiZQ1UehbJvjE1BwUMNkMElqmpwMGS2aFlpbV%2BkQTPXEvRow0H6ZBdD5Su3hyoe3LsVlE07VvlbblVS0MXWZpYuQFgk9FNHtWl3c%3D&mkcid=1&mkrid=711-53200-19255-0&siteid=0&campid=5338849294&customid=GameChanger&toolid=10001&mkevt=1)|**Ryzen 7 8845HS, RTX 3050, 16GB RAM, 1TB SSD, QHD+ 14.5"" 90Hz IPS 터치 디스플레이.**|**$890.99**|"
"|[**Apple 2024 MacBook Pro Laptop**](https://progamerstech.com/product/apple-2024-macbook-pro-laptop-with-m4-chip-with-10%E2%80%91core-cpu-and-10%E2%80%91core-gpu-built-for-apple-intelligence-14-2-inch-liquid-retina-xdr-display-16gb-unified-memory-1tb-ssd-storage-sp/) |**with M4 chip with 10‑core CPU and 10‑core GPU: Built for Apple Intelligence, 14.2-inch Liquid Retina XDR Display, 16GB Unified Memory, 1TB SSD Storage; Space Black**|**$1,599**|","|[**Apple 2024 MacBook Pro 노트북**](https://progamerstech.com/product/apple-2024-macbook-pro-노트북-~와 함께-m4-chip-~와 함께-10%E2%80%91core-cpu-그리고-10%E2%80%91core-gpu-built-~을 위한-apple-intelligence-14-2-inch-liquid-retina-xdr-디스플레이-16gb-unified-메모리-1tb-SSD-저장장치-sp/) |**~와 함께 M4 chip ~와 함께 10‑core CPU 그리고 10‑core GPU: Built ~을 위한 Apple Intelligence, 14.2-inch Liquid Retina XDR 디스플레이, 16GB Unified 메모리, 1TB SSD 저장장치; Space Black**|**$1,599**|"
"|[**HP Pavilion Plus 14-eh1299nr (2023)**](https://progamerstech.com/product/hp-pavilion-plus-14-inch-laptop-2-8k-oled-display-13th-generation-intel-core-i7-1355u-16-gb-ram-1-tb-ssd-nvidia-geforce-rtx-2050-graphics-windows-11-pro-14-eh1299nr-2023-4/)|**14"" 2.8K OLED Display, 13th Generation Intel Core i7-1355U, 16 GB RAM, 1 TB SSD, NVIDIA GeForce RTX 2050 Graphics, Windows 11 Pro**|**$1,096.98**|","|[**HP Pavilion Plus 14-eh1299nr (2023)**](https://progamerstech.com/product/hp-pavilion-plus-14-inch-노트북-2-8k-oled-디스플레이-13th-generation-intel-core-i7-1355u-16-gb-RAM-1-tb-SSD-nvidia-geforce-rtx-2050-graphics-windows-11-pro-14-eh1299nr-2023-4/)|**14"" 2.8K OLED 디스플레이, 13th Generation Intel Core i7-1355U, 16 GB RAM, 1 TB SSD, NVIDIA GeForce RTX 2050 Graphics, Windows 11 Pro**|**$1,096.98**|"
"|[**ASUS VivoBook Pro 15X Laptop**](https://progamerstech.com/product/asus-vivobook-pro-15x-laptop-144hz-15-6-fhd-display-amd-ryzen-9-6900hx-mobile-cpu-nvidia-geforce-rtx-3070-gpu-32gb-ddr5-ram-1tb-pcie-ssd-windows-11-home-0black-m6501rr-db96/)|**144Hz 15.6” FHD Display, AMD Ryzen 9 6900HX Mobile CPU, NVIDIA GeForce RTX 3070 GPU, 32GB DDR5 RAM, 1TB PCIe SSD, Windows 11 Home**|**$1,660**|","|[**ASUS VivoBook Pro 15X 노트북**](https://progamerstech.com/product/asus-vivobook-pro-15x-노트북-144hz-15-6-fhd-디스플레이-amd-ryzen-9-6900hx-mobile-cpu-nvidia-geforce-rtx-3070-gpu-32gb-ddr5-RAM-1tb-pcie-SSD-windows-11-home-0black-m6501rr-db96/)|**144Hz 15.6” FHD 디스플레이, AMD Ryzen 9 6900HX Mobile CPU, NVIDIA GeForce RTX 3070 GPU, 32GB DDR5 RAM, 1TB PCIe SSD, Windows 11 Home**|**$1,660**|"
"|[**ASUS VivoBook Pro 14 OLED Laptop**](https://progamerstech.com/product/asus-vivobook-pro-14-oled-laptop-14-2-8k-oled-display-amd-ryzen-7-6800h-mobile-cpu-nvidia-geforce-rtx-3050-gpu-16gb-ram-1tb-ssd-windows-11-home-quiet-blue-m6400rc-eb74/)|**14” 2.8K OLED Display, AMD Ryzen 7 6800H Mobile CPU, NVIDIA® GeForce® RTX™ 3050 GPU,16GB RAM, 1TB SSD, Windows 11 Home**|**$1,149.99**|","|[**ASUS VivoBook Pro 14 OLED 노트북**](https://progamerstech.com/product/asus-vivobook-pro-14-oled-노트북-14-2-8k-oled-디스플레이-amd-ryzen-7-6800h-mobile-cpu-nvidia-geforce-rtx-3050-gpu-16gb-RAM-1tb-SSD-windows-11-home-quiet-blue-m6400rc-eb74/)|**14” 2.8K OLED 디스플레이, AMD Ryzen 7 6800H Mobile CPU, NVIDIA® GeForce® RTX™ 3050 GPU,16GB RAM, 1TB SSD, Windows 11 Home**|**$1,149.99**|"
"|[**SAMSUNG 14"" Galaxy Book4 Pro Laptop (2024)**](https://progamerstech.com/product/samsung-14-galaxy-book4-pro-laptop-pc-computer-intel-core-7-ultra-processor-512gb-3k-amoled-2880-x-1800-touchscreen-advanced-security-2024-model-np940xgk-kg1us-moonstone-gray-2/)|**14.0"" 3K (2880 x 1800) 16:10, 120Hz, 100% DCI-P3, Multi-touch, Glossy with Antireflective Coating, AMOLED Display, Intel Core 7 Ultra Processor, Intel Arc Graphics, 16GB RAM**|**$1,149.99** |**Gaming & Video Editing**|","|[**SAMSUNG 14"" Galaxy Book4 Pro 노트북 (2024)**](https://progamerstech.com/product/samsung-14-galaxy-book4-pro-노트북-pc-컴퓨터-intel-core-7-ultra-processor-512gb-3k-amoled-2880-x-1800-터치스크린-advanced-security-2024-모델-np940xgk-kg1us-moonstone-gray-2/)|**14.0"" 3K (2880 x 1800) 16:10, 120Hz, 100% DCI-P3, Multi-터치, Glossy ~와 함께 Antireflective Coating, AMOLED 디스플레이, Intel Core 7 Ultra Processor, Intel Arc Graphics, 16GB RAM**|**$1,149.99** |**게임 & 비디오 편집**|"
"|[**Lenovo Yoga Pro 7**](https://www.ebay.com/itm/156225250830?amdata=enc%3AAQAJAAAAoHoV3kP08IDx%2BKZ9MfhVJKkunhs0jJZ4XGL6A2EXlfKFfsQLBsaE8TvhPP706L84KdU0UjGiCy0g5naRCZIyjU1AgvGZ93JqL4aVepymjKDh8NlA%2BTvHiZQ1UehbJvjE1BwUMNkMElqmpwMGS2aFlpbV%2BkQTPXEvRow0H6ZBdD5Su3hyoe3LsVlE07VvlbblVS0MXWZpYuQFgk9FNHtWl3c%3D&mkcid=1&mkrid=711-53200-19255-0&siteid=0&campid=5338849294&customid=GameChanger&toolid=10001&mkevt=1)|**Ryzen 7 8845HS, RTX 3050, 16GB RAM, 1TB SSD, QHD+ 14.5"" 90Hz IPS Touch Display.**|**$1,099.99** |","|[**Lenovo Yoga Pro 7**](https://www.ebay.com/itm/156225250830?amdata=enc%3AAQAJAAAAoHoV3kP08IDx%2BKZ9MfhVJKkunhs0jJZ4XGL6A2EXlfKFfsQLBsaE8TvhPP706L84KdU0UjGiCy0g5naRCZIyjU1AgvGZ93JqL4aVepymjKDh8NlA%2BTvHiZQ1UehbJvjE1BwUMNkMElqmpwMGS2aFlpbV%2BkQTPXEvRow0H6ZBdD5Su3hyoe3LsVlE07VvlbblVS0MXWZpYuQFgk9FNHtWl3c%3D&mkcid=1&mkrid=711-53200-19255-0&siteid=0&campid=5338849294&customid=GameChanger&toolid=10001&mkevt=1)|**Ryzen 7 8845HS, RTX 3050, 16GB RAM, 1TB SSD, QHD+ 14.5"" 90Hz IPS 터치 디스플레이.**|**$1,099.99** |"
"|[**Lenovo IdeaPad Pro 5i Laptop (Cert. Refurbished)**](https://www.ebay.com/itm/226356725190?mkcid=1&mkrid=711-53200-19255-0&siteid=0&campid=5338849294&customid=GameChanger&toolid=10001&mkevt=1)|**16"" 2K (2048x1280) 16:9, 120Hz, 400-nits, 100% DCI-P3, Multi-touch, Glossy, OLED Display, Intel Ultra 9 185H, RTX 4050, 32GB RAM, 1TB SSD**|**$899**|","|[**Lenovo IdeaPad Pro 5i 노트북 (Cert. Refurbished)**](https://www.ebay.com/itm/226356725190?mkcid=1&mkrid=711-53200-19255-0&siteid=0&campid=5338849294&customid=GameChanger&toolid=10001&mkevt=1)|**16"" 2K (2048x1280) 16:9, 120Hz, 400-nits, 100% DCI-P3, Multi-터치, Glossy, OLED 디스플레이, Intel Ultra 9 185H, RTX 4050, 32GB RAM, 1TB SSD**|**$899**|"
"|[**HP Pavilion Plus 14-eh1299nr (2023)**](https://progamerstech.com/product/hp-pavilion-plus-14-inch-laptop-2-8k-oled-display-13th-generation-intel-core-i7-1355u-16-gb-ram-1-tb-ssd-nvidia-geforce-rtx-2050-graphics-windows-11-pro-14-eh1299nr-2023-4/)|**14"" 2.8K OLED Display, 13th Generation Intel Core i7-1355U, 16 GB RAM, 1 TB SSD, NVIDIA GeForce RTX 2050 Graphics, Windows 11 Pro**|**$1,096.98**|","|[**HP Pavilion Plus 14-eh1299nr (2023)**](https://progamerstech.com/product/hp-pavilion-plus-14-inch-노트북-2-8k-oled-디스플레이-13th-generation-intel-core-i7-1355u-16-gb-RAM-1-tb-SSD-nvidia-geforce-rtx-2050-graphics-windows-11-pro-14-eh1299nr-2023-4/)|**14"" 2.8K OLED 디스플레이, 13th Generation Intel Core i7-1355U, 16 GB RAM, 1 TB SSD, NVIDIA GeForce RTX 2050 Graphics, Windows 11 Pro**|**$1,096.98**|"
"|[**ASUS VivoBook Pro 15X Laptop**](https://progamerstech.com/product/asus-vivobook-pro-15x-laptop-144hz-15-6-fhd-display-amd-ryzen-9-6900hx-mobile-cpu-nvidia-geforce-rtx-3070-gpu-32gb-ddr5-ram-1tb-pcie-ssd-windows-11-home-0black-m6501rr-db96/)|**144Hz 15.6” FHD Display, AMD Ryzen 9 6900HX Mobile CPU, NVIDIA GeForce RTX 3070 GPU, 32GB DDR5 RAM, 1TB PCIe SSD, Windows 11 Home**|**$1,660**|","|[**ASUS VivoBook Pro 15X 노트북**](https://progamerstech.com/product/asus-vivobook-pro-15x-노트북-144hz-15-6-fhd-디스플레이-amd-ryzen-9-6900hx-mobile-cpu-nvidia-geforce-rtx-3070-gpu-32gb-ddr5-RAM-1tb-pcie-SSD-windows-11-home-0black-m6501rr-db96/)|**144Hz 15.6” FHD 디스플레이, AMD Ryzen 9 6900HX Mobile CPU, NVIDIA GeForce RTX 3070 GPU, 32GB DDR5 RAM, 1TB PCIe SSD, Windows 11 Home**|**$1,660**|"
"|[**ASUS VivoBook Pro 14 OLED Laptop**](https://progamerstech.com/product/asus-vivobook-pro-14-oled-laptop-14-2-8k-oled-display-amd-ryzen-7-6800h-mobile-cpu-nvidia-geforce-rtx-3050-gpu-16gb-ram-1tb-ssd-windows-11-home-quiet-blue-m6400rc-eb74/)|**14” 2.8K OLED Display, AMD Ryzen 7 6800H Mobile CPU, NVIDIA® GeForce® RTX™ 3050 GPU,16GB RAM, 1TB SSD, Windows 11 Home**|**$1,149.99**|","|[**ASUS VivoBook Pro 14 OLED 노트북**](https://progamerstech.com/product/asus-vivobook-pro-14-oled-노트북-14-2-8k-oled-디스플레이-amd-ryzen-7-6800h-mobile-cpu-nvidia-geforce-rtx-3050-gpu-16gb-RAM-1tb-SSD-windows-11-home-quiet-blue-m6400rc-eb74/)|**14” 2.8K OLED 디스플레이, AMD Ryzen 7 6800H Mobile CPU, NVIDIA® GeForce® RTX™ 3050 GPU,16GB RAM, 1TB SSD, Windows 11 Home**|**$1,149.99**|"
"|[Apple 2024 MacBook Pro](https://laptopsdeals.net/product/apple-2024-macbook-pro-laptop-with-m4-chip-with-10%e2%80%91core-cpu-and-10%e2%80%91core-gpu-built-for-apple-intelligence-14-2-inch-liquid-retina-xdr-display-16gb-unified-memory-512gb-ssd-storage/)|Apple M4 10-Core Chip, 16GB  RAM,512GB SSD, 14"" (3024 x 1964) Liquid Retina XDR Screen, 10-Core GPU ,  Wi-Fi 6E|13%|$1399|Amazon|✅|","|[Apple 2024 MacBook Pro](https://laptopsdeals.net/product/apple-2024-macbook-pro-노트북-~와 함께-m4-chip-~와 함께-10%e2%80%91core-cpu-그리고-10%e2%80%91core-gpu-built-~을 위한-apple-intelligence-14-2-inch-liquid-retina-xdr-디스플레이-16gb-unified-메모리-512gb-SSD-저장장치/)|Apple M4 10-Core Chip, 16GB  RAM,512GB SSD, 14"" (3024 x 1964) Liquid Retina XDR 화면, 10-Core GPU ,  Wi-Fi 6E|13%|$1399|Amazon|✅|"
"|[Samsung 16"" Galaxy Book4 Pr](https://laptopsdeals.net/product/samsung-16-galaxy-book4-pro-business-laptop-wi-fi-pc-computer-windows-11-pro-intel-core-7-ultra-155h-32gb-1tb-3k-amoled-touchscreen-2024-model/)|Intel Core 7 Ultra 155H / 32GB RAM / 1TB SSD, 3K AMOLED Touchscreen, Windows 11 PRO|24%|$1550|Amazon|✅|","|[Samsung 16"" Galaxy Book4 Pr](https://laptopsdeals.net/product/samsung-16-galaxy-book4-pro-비즈니스-노트북-wi-fi-pc-컴퓨터-windows-11-pro-intel-core-7-ultra-155h-32gb-1tb-3k-amoled-터치스크린-2024-모델/)|Intel Core 7 Ultra 155H / 32GB RAM / 1TB SSD, 3K AMOLED 터치스크린, Windows 11 PRO|24%|$1550|Amazon|✅|"
"|♻️ [Cert.Refurb Lenovo Legion Pro 7i](https://www.ebay.com/itm/155702751887?_skw=Lenovo+Legion+Pro+7i&epid=22059706621&itmmeta=01JDW14SYN0E7V9JDZ4YS1RS1J&hash=item24409b728f:g:qcAAAOSwyclkzP46&itmprp=enc%3AAQAJAAAA0HoV3kP08IDx%2BKZ9MfhVJKnrUtX1iPE7YyHB%2Ficv5Z1uE0s3ld1fOXGzg64LX2HMB7hcCorMwcuXzLoYLpQojVQrJZeFLTqr8SqWQcVhQMslFBGv1z7uwbyA50fzLSiuIOCkLSUNm7zrvnsQNMaC9wGdFeIKQ2hI8a%2FlR9OBkqE4X1GRzInS%2BP%2BII6fmRdWAjSFOV7FiNDrLktXUJR5qy4A3y7dWWsDVfPwN1QBzhEmGY%2FRn936q3igS%2FSRMfxifKLawws%2FVbGaWKJR2U4IWdfY%3D%7Ctkp%3ABk9SR7afk4HvZA&mkcid=1&mkrid=711-53200-19255-0&siteid=0&campid=5338037063&toolid=11800&mkevt=1)|16"" QHD+ (2560x1600, WQXGA+) 16:10, 240Hz, 500-nits, 100% sRGB, DisplayHDR 400, IPS Display, Intel i9-13900HX, RTX 4080, 32GB DDR5 RAM, 1TB SSD|33%+ 9 in cart|$1,683.49|eBay|✅|","|♻️ [Cert.Refurb Lenovo Legion Pro 7i](https://www.ebay.com/itm/155702751887?_skw=Lenovo+Legion+Pro+7i&epid=22059706621&itmmeta=01JDW14SYN0E7V9JDZ4YS1RS1J&hash=item24409b728f:g:qcAAAOSwyclkzP46&itmprp=enc%3AAQAJAAAA0HoV3kP08IDx%2BKZ9MfhVJKnrUtX1iPE7YyHB%2Ficv5Z1uE0s3ld1fOXGzg64LX2HMB7hcCorMwcuXzLoYLpQojVQrJZeFLTqr8SqWQcVhQMslFBGv1z7uwbyA50fzLSiuIOCkLSUNm7zrvnsQNMaC9wGdFeIKQ2hI8a%2FlR9OBkqE4X1GRzInS%2BP%2BII6fmRdWAjSFOV7FiNDrLktXUJR5qy4A3y7dWWsDVfPwN1QBzhEmGY%2FRn936q3igS%2FSRMfxifKLawws%2FVbGaWKJR2U4IWdfY%3D%7Ctkp%3ABk9SR7afk4HvZA&mkcid=1&mkrid=711-53200-19255-0&siteid=0&campid=5338037063&toolid=11800&mkevt=1)|16"" QHD+ (2560x1600, WQXGA+) 16:10, 240Hz, 500-nits, 100% sRGB, DisplayHDR 400, IPS 디스플레이, Intel i9-13900HX, RTX 4080, 32GB DDR5 RAM, 1TB SSD|33%+ 9 in cart|$1,683.49|eBay|✅|"
"|[Lenovo Legion Pro 7i](https://laptopsdeals.net/product/lenovo-legion-pro-7i-laptop-16-qhd-240hz-i9-14900hx-rtx-4090-32gb-ddr5-1tb-ssd/#google_vignette)|16"" QHD+ 240Hz 500 nits display, i9-14900HX, RTX 4090, 32GB DDR5, 1TB SSD|27%|$2399|B&H|✅|","|[Lenovo Legion Pro 7i](https://laptopsdeals.net/product/lenovo-legion-pro-7i-노트북-16-qhd-240hz-i9-14900hx-rtx-4090-32gb-ddr5-1tb-SSD/#google_vignette)|16"" QHD+ 240Hz 500 nits 디스플레이, i9-14900HX, RTX 4090, 32GB DDR5, 1TB SSD|27%|$2399|B&H|✅|"
"|[**Microsoft Surface Pro 2-in-1 Laptop (2024)**](https://progamerstech.com/product/microsoft-surface-pro-2-in-1-laptop-tablet-2024-windows-11-copilot-pc-13-touchscreen-display-snapdragon-x-plus-10-core-16gb-ram-512gb-storage-black/)|**Windows 11 Copilot+ PC, 13"" Touchscreen Display, Snapdragon X Plus (10 Core), Integrated Graphics Card, 16GB RAM, 512GB SSD**|**~~$1,199.99~~**|**$849.99**|","|[**Microsoft Surface Pro 2-in-1 노트북 (2024)**](https://progamerstech.com/product/microsoft-surface-pro-2-in-1-노트북-tablet-2024-windows-11-copilot-pc-13-터치스크린-디스플레이-snapdragon-x-plus-10-core-16gb-RAM-512gb-저장장치-black/)|**Windows 11 Copilot+ PC, 13"" 터치스크린 디스플레이, Snapdragon X Plus (10 Core), Integrated Graphics Card, 16GB RAM, 512GB SSD**|**~~$1,199.99~~**|**$849.99**|"
"|[**Microsoft Surface Pro 2-in-1**](https://progamerstech.com/product/microsoft-surface-pro-2-in-1-laptop-tablet-2024-windows-11-copilot-pc-13-touchscreen-oled-display-snapdragon-x-elite-12-core-16gb-ram-256gb-storage-black-amazon-exclusive/)|**Windows 11 Copilot+ PC, 13"" Touchscreen OLED Display, Snapdragon X Elite (12 Core), 16GB RAM, 256GB Storage**|**~~$1399~~**|**$899**|","|[**Microsoft Surface Pro 2-in-1**](https://progamerstech.com/product/microsoft-surface-pro-2-in-1-노트북-tablet-2024-windows-11-copilot-pc-13-터치스크린-oled-디스플레이-snapdragon-x-elite-12-core-16gb-RAM-256gb-저장장치-black-amazon-exclusive/)|**Windows 11 Copilot+ PC, 13"" 터치스크린 OLED 디스플레이, Snapdragon X Elite (12 Core), 16GB RAM, 256GB 저장장치**|**~~$1399~~**|**$899**|"
"|[**Samsung 16” Galaxy Book5 Pro 360 Copilot+ PC**](https://progamerstech.com/product/samsung-16-galaxy-book5-pro-360-copilot-pc-ai-computer-intel-core-7-ultra-processor-3k-amoled-2880x1800-touchscreen-s-pen120hz-dolby-atmos-student-laptop-lightweight-all-day-batte/)|**Intel Core 7 Ultra Processor, 16” 3K  AMOLED (2880x1800) Touchscreen, S Pen,120Hz,  1 TB SSD, 16 GB RAM, 25 hours video playback**| **~~$1,699.99~~** |**$1399**|","|[**Samsung 16” Galaxy Book5 Pro 360 Copilot+ PC**](https://progamerstech.com/product/samsung-16-galaxy-book5-pro-360-copilot-pc-ai-컴퓨터-intel-core-7-ultra-processor-3k-amoled-2880x1800-터치스크린-s-pen120hz-dolby-atmos-student-노트북-가벼운-all-day-batte/)|**Intel Core 7 Ultra Processor, 16” 3K  AMOLED (2880x1800) 터치스크린, S Pen,120Hz,  1 TB SSD, 16 GB RAM, 25 시간 video playback**| **~~$1,699.99~~** |**$1399**|"
"|[**SAMSUNG 16” Galaxy Book5 Pro 360 Copilot+ PC, AI Business Laptop**](https://progamerstech.com/product/samsung-16-galaxy-book5-pro-360-copilot-pc-ai-business-laptop-windows-11-pro-intel-core-ultra-7-processor-258v-3k-amoled-touchscreen-32gb-1tb-120hz-2025-model-np964qha-kg2us-gray/)|**Windows 11 Pro, Intel Core Ultra 7 Processor 258V, 3K AMOLED Touchscreen, 32GB / 1TB, 120Hz**|**~~$1,999.99~~**|**$1,649.99**|","|[**SAMSUNG 16” Galaxy Book5 Pro 360 Copilot+ PC, AI 비즈니스 노트북**](https://progamerstech.com/product/samsung-16-galaxy-book5-pro-360-copilot-pc-ai-비즈니스-노트북-windows-11-pro-intel-core-ultra-7-processor-258v-3k-amoled-터치스크린-32gb-1tb-120hz-2025-모델-np964qha-kg2us-gray/)|**Windows 11 Pro, Intel Core Ultra 7 Processor 258V, 3K AMOLED 터치스크린, 32GB / 1TB, 120Hz**|**~~$1,999.99~~**|**$1,649.99**|"
"|[**ASUS ROG Strix G16 (2024) Gaming Laptop**](https://progamerstech.com/product/asus-rog-strix-g16-2024-gaming-laptop-16-1610-qhd-240hz-geforce-rtx-4070-intel-core-i9-14900hx-32gb-ddr5-1tb-pcie-ssd-wi-fi-6e-windows-11-pro-g614jir-xs96/)|**16” 16:10 QHD 240Hz, GeForce RTX 4070, Intel® Core™ i9-14900HX, 32GB DDR5, 1TB PCIe SSD**|**~~$2,299.99~~**|**$1,799.99**|","|[**ASUS ROG Strix G16 (2024) 게임 노트북**](https://progamerstech.com/product/asus-rog-strix-g16-2024-게임-노트북-16-1610-qhd-240hz-geforce-rtx-4070-intel-core-i9-14900hx-32gb-ddr5-1tb-pcie-SSD-wi-fi-6e-windows-11-pro-g614jir-xs96/)|**16” 16:10 QHD 240Hz, GeForce RTX 4070, Intel® Core™ i9-14900HX, 32GB DDR5, 1TB PCIe SSD**|**~~$2,299.99~~**|**$1,799.99**|"
"|[**Microsoft Surface Pro 2-in-1 Laptop/Tablet (2024)**](https://progamerstech.com/product/microsoft-surface-pro-2-in-1-laptop-tablet-2024-13-touchscreen-display-16gb-ram-256gb-storage-windows-11-copilot-pc-snapdragon-x-plus-10-core-platinum/)|**Windows 11 Copilot+ PC, 13"" Touchscreen Display, Snapdragon X Plus (10 Core), 16GB RAM, 256GB Storage** **$860** **General Use/School/Work Productivity.**|**$864**|**General Use/School/Work Productivity.**|","|[**Microsoft Surface Pro 2-in-1 노트북/Tablet (2024)**](https://progamerstech.com/product/microsoft-surface-pro-2-in-1-노트북-tablet-2024-13-터치스크린-디스플레이-16gb-RAM-256gb-저장장치-windows-11-copilot-pc-snapdragon-x-plus-10-core-platinum/)|**Windows 11 Copilot+ PC, 13"" 터치스크린 디스플레이, Snapdragon X Plus (10 Core), 16GB RAM, 256GB 저장장치** **$860** **General 사용/School/작업 생산성.**|**$864**|**General 사용/School/작업 생산성.**|"
"|[**ASUS VivoBook Pro 15 Laptop**](https://www.ebay.com/itm/204800592891?mkcid=1&mkrid=711-53200-19255-0&siteid=0&campid=5338849294&customid=GameChanger&toolid=10001&mkevt=1)|**15.6"", FHD (1920 x 1080) 16:9, 60Hz, 400-nits SDR, 600-nits HDR, 100% DCI-P3 OLED Display, Intel Ultra 9 185H, RTX 3050, 24GB RAM, 2TB SSD.**|**$1,199.99**|**General Use/School/Work Productivity + Light Gaming/Video Editing**|","|[**ASUS VivoBook Pro 15 노트북**](https://www.ebay.com/itm/204800592891?mkcid=1&mkrid=711-53200-19255-0&siteid=0&campid=5338849294&customid=GameChanger&toolid=10001&mkevt=1)|**15.6"", FHD (1920 x 1080) 16:9, 60Hz, 400-nits SDR, 600-nits HDR, 100% DCI-P3 OLED 디스플레이, Intel Ultra 9 185H, RTX 3050, 24GB RAM, 2TB SSD.**|**$1,199.99**|**General 사용/School/작업 생산성 + 가벼운 게임/비디오 편집**|"
"|[**Apple MacBook Pro; M4 Pro**](https://progamerstech.com/product/apple-2024-macbook-pro-laptop-with-m4-pro-12%E2%80%91core-cpu-16%E2%80%91core-gpu-built-for-apple-intelligence-14-2-inch-liquid-retina-xdr-display-24gb-unified-memory-512gb-ssd-storage-silver/)|**12‑core CPU, 16‑core GPU, 14.2"" 3024-by-1964 1000 nits 120Hz Liquid Retina XDR Display, 24GB RAM, 512GB SSD**| **$1,779**|**General Use/School/Work Productivity + Light Gaming/Video Editing**|","|[**Apple MacBook Pro; M4 Pro**](https://progamerstech.com/product/apple-2024-macbook-pro-노트북-~와 함께-m4-pro-12%E2%80%91core-cpu-16%E2%80%91core-gpu-built-~을 위한-apple-intelligence-14-2-inch-liquid-retina-xdr-디스플레이-24gb-unified-메모리-512gb-SSD-저장장치-silver/)|**12‑core CPU, 16‑core GPU, 14.2"" 3024-by-1964 1000 nits 120Hz Liquid Retina XDR 디스플레이, 24GB RAM, 512GB SSD**| **$1,779**|**General 사용/School/작업 생산성 + 가벼운 게임/비디오 편집**|"
"|[**Lenovo Legion Pro 7i Gaming Notebook**](https://www.ebay.com/itm/306301779985?amdata=enc%3AAQAKAAAAoFkggFvd1GGDu0w3yXCmi1etFzoti1iIelfa6hcFKfPt48BMxEaPB%2FLCoFdiHwOj3W4xmvyWc8ReOVwKgW27E3cy04f5DrS64VBhvV75v9mqIkCw9FVJjJ1mXfCrk5fpBNucxyxBOo6iAHfzZB7A4ZGy6OaIzWpC7J9PoZCZ8T3vd4fZNL2gd%2FUr1lj5JXFs6AcSN1F89uhh8IBbrYeELlc%3D&mkcid=1&mkrid=711-53200-19255-0&siteid=0&campid=5338849294&customid=GameChanger&toolid=10001&mkevt=1)|**16"" WQXGA OLED 240Hz Display, Intel Core Ultra 9 275HX, RTX 5070Ti, 32GB RAM, 1TB SSD**|**$2,329.99**|**Competitive Gaming/Video Editing/Content Creation**|","|[**Lenovo Legion Pro 7i 게임 노트북**](https://www.ebay.com/itm/306301779985?amdata=enc%3AAQAKAAAAoFkggFvd1GGDu0w3yXCmi1etFzoti1iIelfa6hcFKfPt48BMxEaPB%2FLCoFdiHwOj3W4xmvyWc8ReOVwKgW27E3cy04f5DrS64VBhvV75v9mqIkCw9FVJjJ1mXfCrk5fpBNucxyxBOo6iAHfzZB7A4ZGy6OaIzWpC7J9PoZCZ8T3vd4fZNL2gd%2FUr1lj5JXFs6AcSN1F89uhh8IBbrYeELlc%3D&mkcid=1&mkrid=711-53200-19255-0&siteid=0&campid=5338849294&customid=GameChanger&toolid=10001&mkevt=1)|**16"" WQXGA OLED 240Hz 디스플레이, Intel Core Ultra 9 275HX, RTX 5070Ti, 32GB RAM, 1TB SSD**|**$2,329.99**|**Competitive 게임/비디오 편집/Content Creation**|"
"|[**ASUS VivoBook Pro 15 Laptop**](https://www.ebay.com/itm/204800592891?mkcid=1&mkrid=711-53200-19255-0&siteid=0&campid=5338849294&customid=GameChanger&toolid=10001&mkevt=1)|**15.6"", FHD (1920 x 1080) 16:9, 60Hz, 400-nits SDR, 600-nits HDR, 100% DCI-P3 OLED Display, Intel Ultra 9 185H, RTX 3050, 24GB RAM, 2TB SSD.**|**$1,199.99** |**General Use/School/Work Productivity + Light Gaming/Video Editing**|","|[**ASUS VivoBook Pro 15 노트북**](https://www.ebay.com/itm/204800592891?mkcid=1&mkrid=711-53200-19255-0&siteid=0&campid=5338849294&customid=GameChanger&toolid=10001&mkevt=1)|**15.6"", FHD (1920 x 1080) 16:9, 60Hz, 400-nits SDR, 600-nits HDR, 100% DCI-P3 OLED 디스플레이, Intel Ultra 9 185H, RTX 3050, 24GB RAM, 2TB SSD.**|**$1,199.99** |**General 사용/School/작업 생산성 + 가벼운 게임/비디오 편집**|"
"|[**Microsoft Surface Pro 2-in-1 Laptop/Tablet (2024)**](https://progamerstech.com/product/microsoft-surface-pro-2-in-1-laptop-tablet-2024-13-touchscreen-display-16gb-ram-256gb-storage-windows-11-copilot-pc-snapdragon-x-plus-10-core-platinum/)|**Windows 11 Copilot+ PC, 13"" Touchscreen Display, Snapdragon X Plus (10 Core), 16GB RAM, 256GB Storage** **$860** **General Use/School/Work Productivity.**|**$878.89**|**General Use/School/Work Productivity.**|","|[**Microsoft Surface Pro 2-in-1 노트북/Tablet (2024)**](https://progamerstech.com/product/microsoft-surface-pro-2-in-1-노트북-tablet-2024-13-터치스크린-디스플레이-16gb-RAM-256gb-저장장치-windows-11-copilot-pc-snapdragon-x-plus-10-core-platinum/)|**Windows 11 Copilot+ PC, 13"" 터치스크린 디스플레이, Snapdragon X Plus (10 Core), 16GB RAM, 256GB 저장장치** **$860** **General 사용/School/작업 생산성.**|**$878.89**|**General 사용/School/작업 생산성.**|"
"|[**ASUS VivoBook Pro 15 Laptop**](https://www.ebay.com/itm/204800592891?mkcid=1&mkrid=711-53200-19255-0&siteid=0&campid=5338849294&customid=GameChanger&toolid=10001&mkevt=1)|**15.6"", FHD (1920 x 1080) 16:9, 60Hz, 400-nits SDR, 600-nits HDR, 100% DCI-P3 OLED Display, Intel Ultra 9 185H, RTX 3050, 24GB RAM, 2TB SSD.**|**$1,199.99** |**General Use/School/Work Productivity + Light Gaming/Video Editing**|","|[**ASUS VivoBook Pro 15 노트북**](https://www.ebay.com/itm/204800592891?mkcid=1&mkrid=711-53200-19255-0&siteid=0&campid=5338849294&customid=GameChanger&toolid=10001&mkevt=1)|**15.6"", FHD (1920 x 1080) 16:9, 60Hz, 400-nits SDR, 600-nits HDR, 100% DCI-P3 OLED 디스플레이, Intel Ultra 9 185H, RTX 3050, 24GB RAM, 2TB SSD.**|**$1,199.99** |**General 사용/School/작업 생산성 + 가벼운 게임/비디오 편집**|"
"|[**ASUS VivoBook Pro 15 Laptop**](https://www.ebay.com/itm/204800592891?mkcid=1&mkrid=711-53200-19255-0&siteid=0&campid=5338849294&customid=GameChanger&toolid=10001&mkevt=1)|**15.6"", FHD (1920 x 1080) 16:9, 60Hz, 400-nits SDR, 600-nits HDR, 100% DCI-P3 OLED Display, Intel Ultra 9 185H, RTX 3050, 24GB RAM, 2TB SSD.** |**$1,199.99** |**General Use/School/Work Productivity + Light Gaming/Video Editing**|","|[**ASUS VivoBook Pro 15 노트북**](https://www.ebay.com/itm/204800592891?mkcid=1&mkrid=711-53200-19255-0&siteid=0&campid=5338849294&customid=GameChanger&toolid=10001&mkevt=1)|**15.6"", FHD (1920 x 1080) 16:9, 60Hz, 400-nits SDR, 600-nits HDR, 100% DCI-P3 OLED 디스플레이, Intel Ultra 9 185H, RTX 3050, 24GB RAM, 2TB SSD.** |**$1,199.99** |**General 사용/School/작업 생산성 + 가벼운 게임/비디오 편집**|"
"|[**Microsoft Surface Pro 2-in-1 Laptop/Tablet (2024)**](https://progamerstech.com/product/microsoft-surface-pro-2-in-1-laptop-tablet-2024-13-touchscreen-display-16gb-ram-256gb-storage-windows-11-copilot-pc-snapdragon-x-plus-10-core-platinum/)|**Windows 11 Copilot+ PC, 13"" Touchscreen Display, Snapdragon X Plus (10 Core), 16GB RAM, 256GB Storage** **$860** **General Use/School/Work Productivity.**|**$860**|","|[**Microsoft Surface Pro 2-in-1 노트북/Tablet (2024)**](https://progamerstech.com/product/microsoft-surface-pro-2-in-1-노트북-tablet-2024-13-터치스크린-디스플레이-16gb-RAM-256gb-저장장치-windows-11-copilot-pc-snapdragon-x-plus-10-core-platinum/)|**Windows 11 Copilot+ PC, 13"" 터치스크린 디스플레이, Snapdragon X Plus (10 Core), 16GB RAM, 256GB 저장장치** **$860** **General 사용/School/작업 생산성.**|**$860**|"
"|[**SAMSUNG Galaxy Book4 Pro Business Laptop (2024)**](https://progamerstech.com/product/samsung-14-galaxy-book4-pro-business-laptop-wi-fi-pc-computer-windows-11-pro-intel-core-7-ultra-155h-32gb-1tb-3k-amoled-touchscreen-2024-model-np944xgk-kg4us-moonstone-gray/)|**14"" 3K AMOLED Touchscreen Display, Intel Core 7 Ultra 155H, 32GB RAM, 1TB SSD, Wi-Fi, Windows 11 PRO.**|**$1,299.99**|","|[**SAMSUNG Galaxy Book4 Pro 비즈니스 노트북 (2024)**](https://progamerstech.com/product/samsung-14-galaxy-book4-pro-비즈니스-노트북-wi-fi-pc-컴퓨터-windows-11-pro-intel-core-7-ultra-155h-32gb-1tb-3k-amoled-터치스크린-2024-모델-np944xgk-kg4us-moonstone-gray/)|**14"" 3K AMOLED 터치스크린 디스플레이, Intel Core 7 Ultra 155H, 32GB RAM, 1TB SSD, Wi-Fi, Windows 11 PRO.**|**$1,299.99**|"
"|[**Apple 2024 MacBook Pro Laptop**](https://progamerstech.com/product/apple-2024-macbook-pro-laptop-with-m4-chip-with-10%E2%80%91core-cpu-and-10%E2%80%91core-gpu-built-for-apple-intelligence-14-2-inch-liquid-retina-xdr-display-16gb-unified-memory-1tb-ssd-storage-sp/)|**with M4 chip with 10‑core CPU and 10‑core GPU: Built for Apple Intelligence, 14.2-inch Liquid Retina XDR Display, 16GB Unified Memory, 1TB SSD Storage; Space Black**|**$1,599**|","|[**Apple 2024 MacBook Pro 노트북**](https://progamerstech.com/product/apple-2024-macbook-pro-노트북-~와 함께-m4-chip-~와 함께-10%E2%80%91core-cpu-그리고-10%E2%80%91core-gpu-built-~을 위한-apple-intelligence-14-2-inch-liquid-retina-xdr-디스플레이-16gb-unified-메모리-1tb-SSD-저장장치-sp/)|**~와 함께 M4 chip ~와 함께 10‑core CPU 그리고 10‑core GPU: Built ~을 위한 Apple Intelligence, 14.2-inch Liquid Retina XDR 디스플레이, 16GB Unified 메모리, 1TB SSD 저장장치; Space Black**|**$1,599**|"
"|[**ASUS VivoBook Pro 15 Laptop**](https://www.ebay.com/itm/204800592891?mkcid=1&mkrid=711-53200-19255-0&siteid=0&campid=5338849294&customid=GameChanger&toolid=10001&mkevt=1)|**15.6"", FHD (1920 x 1080) 16:9, 60Hz, 400-nits SDR, 600-nits HDR, 100% DCI-P3 OLED Display, Intel Ultra 9 185H, RTX 3050, 24GB RAM, 2TB SSD**|**$1,149.99**|**General Use/School/Work Productivity/Light Gaming or Editing**|","|[**ASUS VivoBook Pro 15 노트북**](https://www.ebay.com/itm/204800592891?mkcid=1&mkrid=711-53200-19255-0&siteid=0&campid=5338849294&customid=GameChanger&toolid=10001&mkevt=1)|**15.6"", FHD (1920 x 1080) 16:9, 60Hz, 400-nits SDR, 600-nits HDR, 100% DCI-P3 OLED 디스플레이, Intel Ultra 9 185H, RTX 3050, 24GB RAM, 2TB SSD**|**$1,149.99**|**General 사용/School/작업 생산성/가벼운 게임 또는 편집**|"
"| [**Microsoft Surface Pro 2-in-1 Laptop/Tablet (2024)**](https://progamerstech.com/product/microsoft-surface-pro-2-in-1-laptop-tablet-2024-13-touchscreen-display-16gb-ram-256gb-storage-windows-11-copilot-pc-snapdragon-x-plus-10-core-platinum/)|**Windows 11 Copilot+ PC, 13"" Touchscreen Display, Snapdragon X Plus (10 Core), 16GB RAM, 256GB Storage** **$860** **General Use/School/Work Productivity.**|**$860**|","| [**Microsoft Surface Pro 2-in-1 노트북/Tablet (2024)**](https://progamerstech.com/product/microsoft-surface-pro-2-in-1-노트북-tablet-2024-13-터치스크린-디스플레이-16gb-RAM-256gb-저장장치-windows-11-copilot-pc-snapdragon-x-plus-10-core-platinum/)|**Windows 11 Copilot+ PC, 13"" 터치스크린 디스플레이, Snapdragon X Plus (10 Core), 16GB RAM, 256GB 저장장치** **$860** **General 사용/School/작업 생산성.**|**$860**|"
"|[**SAMSUNG 16” Galaxy Book5 Pro 360 Copilot+ PC, AI Laptop**](https://progamerstech.com/product/samsung-16-galaxy-book5-pro-360-copilot-pc-ai-laptop-computer-intel-core-7-ultra-processor-3k-amoled-2880-x-1800-touchscreen-120hz-refresh-rate-dolby-atmos-quad-speakers-all-day-batt/)|**3K 120Hz AMOLED (2880 x 1800) Touchscreen Display, Intel Core 7 Ultra Processor, 16GB RAM, 1TB SSD, Dolby Atmos Quad Speakers, All-Day Battery Life**|**$1,499.99**|","|[**SAMSUNG 16” Galaxy Book5 Pro 360 Copilot+ PC, AI 노트북**](https://progamerstech.com/product/samsung-16-galaxy-book5-pro-360-copilot-pc-ai-노트북-컴퓨터-intel-core-7-ultra-processor-3k-amoled-2880-x-1800-터치스크린-120hz-refresh-rate-dolby-atmos-quad-speakers-all-day-batt/)|**3K 120Hz AMOLED (2880 x 1800) 터치스크린 디스플레이, Intel Core 7 Ultra Processor, 16GB RAM, 1TB SSD, Dolby Atmos Quad Speakers, All-Day 배터리 수명**|**$1,499.99**|"
"|[**Apple 2024 MacBook Pro Laptop**](https://progamerstech.com/product/apple-2024-macbook-pro-laptop-with-m4-chip-with-10%E2%80%91core-cpu-and-10%E2%80%91core-gpu-built-for-apple-intelligence-14-2-inch-liquid-retina-xdr-display-16gb-unified-memory-1tb-ssd-storage-sp/)|**with M4 chip with 10‑core CPU and 10‑core GPU: Built for Apple Intelligence, 14.2-inch Liquid Retina XDR Display, 16GB Unified Memory, 1TB SSD Storage; Space Black**|**$1,649**|","|[**Apple 2024 MacBook Pro 노트북**](https://progamerstech.com/product/apple-2024-macbook-pro-노트북-~와 함께-m4-chip-~와 함께-10%E2%80%91core-cpu-그리고-10%E2%80%91core-gpu-built-~을 위한-apple-intelligence-14-2-inch-liquid-retina-xdr-디스플레이-16gb-unified-메모리-1tb-SSD-저장장치-sp/)|**~와 함께 M4 chip ~와 함께 10‑core CPU 그리고 10‑core GPU: Built ~을 위한 Apple Intelligence, 14.2-inch Liquid Retina XDR 디스플레이, 16GB Unified 메모리, 1TB SSD 저장장치; Space Black**|**$1,649**|"
"|[HP EliteBook Ultra G1q](https://www.ebay.com/itm/376336361281?mkcid=1&mkrid=711-53200-19255-0&siteid=0&campid=5338037063&toolid=11800&mkevt=1)|14"" 1400p IPS Touch, X1E-78-100, 16GB LPDDR5, 512GB SSD, Win 11 Pro |40% |$558|eBay|","|[HP EliteBook Ultra G1q](https://www.ebay.com/itm/376336361281?mkcid=1&mkrid=711-53200-19255-0&siteid=0&campid=5338037063&toolid=11800&mkevt=1)|14"" 1400p IPS 터치, X1E-78-100, 16GB LPDDR5, 512GB SSD, Win 11 Pro |40% |$558|eBay|"
"|[Lenovo Legion Pro 5i](https://lenovo.vzew.net/POW9mj)|16"" (2560 x 1600) 240Hz OLED Display, Intel Core Ultra 9 275HX, NVIDIA RTX 5070 Ti, 32GB DDR5 RAM, 1TB SSD|18% with codes : \*\*^(EXTRAFIVE)\*\*^(: & "")**^(BUYMORELENOVO)**|$2050|Lenovo|","|[Lenovo Legion Pro 5i](https://lenovo.vzew.net/POW9mj)|16"" (2560 x 1600) 240Hz OLED 디스플레이, Intel Core Ultra 9 275HX, NVIDIA RTX 5070 Ti, 32GB DDR5 RAM, 1TB SSD|18% ~와 함께 codes : \*\*^(EXTRAFIVE)\*\*^(: & "")**^(BUYMORELENOVO)**|$2050|Lenovo|"
"|[Lenovo Legion Pro 7i](https://www.microcenter.com/product/691630/lenovo-legion-pro-7i-16-gaming-laptop-computer-eclipse-black)|6"" QHD+ 240Hz OLED, RTX 5080, Intel Ultra 9 275HX, 64GB DDR5, 2TB SSD, Win 11 Pro|26%|$2500|Microcenter|","|[Lenovo Legion Pro 7i](https://www.microcenter.com/product/691630/lenovo-legion-pro-7i-16-게임-노트북-컴퓨터-eclipse-black)|6"" QHD+ 240Hz OLED, RTX 5080, Intel Ultra 9 275HX, 64GB DDR5, 2TB SSD, Win 11 Pro|26%|$2500|Microcenter|"
"|[Lenovo Legion Pro 7i](https://www.bhphotovideo.com/c/product/1875947-REG/lenovo_83f50018us_16_legion_pro_7i.html)|16"" QHD+ 240Hz OLED, RTX 5090, Intel Ultra 9 275HX, 32GB DDR5, 2TB SSD|$600|$3300|B&H|","|[Lenovo Legion Pro 7i](https://www.bhphotovideo.com/c/product/1875947-REG/lenovo_83f50018us_16_legion_pro_7i.html)|16"" QHD+ 240Hz OLED, RTX 5090, Intel Ultra 9 275HX, 32GB DDR5, 2TB SSD|$600|$3300|B&H|"
"|[Lenovo ThinkPad Z13 Gen 2](https://lenovo.vzew.net/xLqbrx)|13.3"" FHD+ IPS Touch, Ryzen 7 PRO 7840U, 16GB LPDDR5, Radeon 780M, 512GB SSD, Win 11 Pro|24%|$760|Lenovo & [eBay](https://www.ebay.com/itm/157130366707?mkcid=1&mkrid=711-53200-19255-0&siteid=0&campid=5338037063&toolid=11800&mkevt=1)|","|[Lenovo ThinkPad Z13 Gen 2](https://lenovo.vzew.net/xLqbrx)|13.3"" FHD+ IPS 터치, Ryzen 7 PRO 7840U, 16GB LPDDR5, Radeon 780M, 512GB SSD, Win 11 Pro|24%|$760|Lenovo & [eBay](https://www.ebay.com/itm/157130366707?mkcid=1&mkrid=711-53200-19255-0&siteid=0&campid=5338037063&toolid=11800&mkevt=1)|"
"|[Lenovo ThinkPad P14s Workstation](https://lenovo.vzew.net/yqxLWG)|14″ 2880×1800 2.8K 120Hz 400 nits OLED, AMD PRO 8840HS CPU, 64GB RAM, 1TB SSD|$590|$1149|Lenovo|","|[Lenovo ThinkPad P14s Workstation](https://lenovo.vzew.net/yqxLWG)|14″ 2880×1800 2.8K 120Hz 400 nits OLED, AMD PRO 8840HS CPU, 64GB RAM, 1TB SSD|$590|$1149|Lenovo|"
"|[**ASUS ROG Strix G16 (2024) Gaming Laptop**](https://progamerstech.com/product/asus-rog-strix-g16-2024-gaming-laptop-16-1610-qhd-240hz-geforce-rtx-4070-intel-core-i9-14900hx-32gb-ddr5-1tb-pcie-ssd-wi-fi-6e-windows-11-pro-g614jir-xs96/)|**16” 16:10 QHD 240Hz, GeForce RTX 4070, Intel® Core™ i9-14900HX, 32GB DDR5, 1TB PCIe SSD**|**~~$2,299.99~~**|**$1,799.99**|","|[**ASUS ROG Strix G16 (2024) 게임 노트북**](https://progamerstech.com/product/asus-rog-strix-g16-2024-게임-노트북-16-1610-qhd-240hz-geforce-rtx-4070-intel-core-i9-14900hx-32gb-ddr5-1tb-pcie-SSD-wi-fi-6e-windows-11-pro-g614jir-xs96/)|**16” 16:10 QHD 240Hz, GeForce RTX 4070, Intel® Core™ i9-14900HX, 32GB DDR5, 1TB PCIe SSD**|**~~$2,299.99~~**|**$1,799.99**|"
"|[SAMSUNG Galaxy Book4 Pro](https://laptopsdeals.net/product/samsung-14-galaxy-book4-pro-business-laptop-wi-fi-pc-computer-windows-11-pro-intel-core-7-ultra-155h-16gb-512gb-3k-amoled-touchscreen/)|14"" 3K (2880 x 1800) Touchscreen Display, Intel Ultra 7 155H, Intel ARC Graphics, 16GB RAM, 512GB SSD, Win11 Pro|22%|$1030|Amazon|","|[SAMSUNG Galaxy Book4 Pro](https://laptopsdeals.net/product/samsung-14-galaxy-book4-pro-비즈니스-노트북-wi-fi-pc-컴퓨터-windows-11-pro-intel-core-7-ultra-155h-16gb-512gb-3k-amoled-터치스크린/)|14"" 3K (2880 x 1800) 터치스크린 디스플레이, Intel Ultra 7 155H, Intel ARC Graphics, 16GB RAM, 512GB SSD, Win11 Pro|22%|$1030|Amazon|"
"|[Lenovo Legion Pro 5i](https://lenovo.vzew.net/POW9mj)|16"" (2560 x 1600) 240Hz OLED Display, Intel Core Ultra 9 275HX, NVIDIA RTX 5070 Ti, 32GB DDR5 RAM, 1TB SSD|18% with codes : \*\*^(EXTRAFIVE)\*\*^(: & "")**^(BUYMORELENOVO)**|$2050|Lenovo|","|[Lenovo Legion Pro 5i](https://lenovo.vzew.net/POW9mj)|16"" (2560 x 1600) 240Hz OLED 디스플레이, Intel Core Ultra 9 275HX, NVIDIA RTX 5070 Ti, 32GB DDR5 RAM, 1TB SSD|18% ~와 함께 codes : \*\*^(EXTRAFIVE)\*\*^(: & "")**^(BUYMORELENOVO)**|$2050|Lenovo|"
"|[Apple MacBook Pro 14](https://www.microcenter.com/product/691250/MacBook_Pro_14%22_Z1FE000NK_(Late_2024)_142%22_Laptop_Computer_-_Space_Black;_Apple_M4_Pro_14-Core_CPU;_48GB_Unified_Memory;_1TB_Solid_State_Drive;_20-Cor)|M4, 14.2"" 3024x1964, 48GB RAM, 1TB SSD|$500|$2300|Microcenter|","|[Apple MacBook Pro 14](https://www.microcenter.com/product/691250/MacBook_Pro_14%22_Z1FE000NK_(Late_2024)_142%22_Laptop_Computer_-_Space_Black;_Apple_M4_Pro_14-Core_CPU;_48GB_Unified_Memory;_1TB_Solid_State_Drive;_20-Cor)|M4, 14.2"" 3024x1964, 48GB RAM, 1TB SSD|$500|$2300|Microcenter|"
"|[Lenovo Legion Pro 7i](https://www.bhphotovideo.com/c/product/1875947-REG/lenovo_83f50018us_16_legion_pro_7i.html)|16"" QHD+ 240Hz OLED, RTX 5090, Intel Ultra 9 275HX, 32GB DDR5, 2TB SSD|7%|$3700|B&H|","|[Lenovo Legion Pro 7i](https://www.bhphotovideo.com/c/product/1875947-REG/lenovo_83f50018us_16_legion_pro_7i.html)|16"" QHD+ 240Hz OLED, RTX 5090, Intel Ultra 9 275HX, 32GB DDR5, 2TB SSD|7%|$3700|B&H|"
"|[Apple MacBook Pro 14](https://www.microcenter.com/product/691250/MacBook_Pro_14%22_Z1FE000NK_(Late_2024)_142%22_Laptop_Computer_-_Space_Black;_Apple_M4_Pro_14-Core_CPU;_48GB_Unified_Memory;_1TB_Solid_State_Drive;_20-Cor)|M4, 14.2"" 3024x1964, 48GB RAM, 1TB SSD|$500|$2300|Microcenter|","|[Apple MacBook Pro 14](https://www.microcenter.com/product/691250/MacBook_Pro_14%22_Z1FE000NK_(Late_2024)_142%22_Laptop_Computer_-_Space_Black;_Apple_M4_Pro_14-Core_CPU;_48GB_Unified_Memory;_1TB_Solid_State_Drive;_20-Cor)|M4, 14.2"" 3024x1964, 48GB RAM, 1TB SSD|$500|$2300|Microcenter|"
"* The RTX 4070 performs similarly to a prior generation RTX 3080 in the 3DMark benchmark. In the Time Spy test, the advantage over an RTX 4060 is slightly less than 20%, while in the Port Royal Ray Tracing test, it is slightly less than 30%. But the rising gap is significant. The RTX 4080 outperforms the RTX 4070 by more than half.","*  RTX 4070 performs similarly ~에  prior generation RTX 3080 in  3DMark benchmark. In  Time Spy test,  advantage over  RTX 4060 is slightly less than 20%, while in  포트 Royal Ray Tracing test, it is slightly less than 30%. 하지만  rising gap is significant.  RTX 4080 outperforms  RTX 4070 by more than half."
"* At little over five pounds, the Victus 16 is surprisingly light for a gaming laptop with a 16-inch screen. For a gaming laptop, which typically weighs six pounds or more, that is light. Another positive outcome from the battery test was that it lasted slightly under six hours while browsing the WLAN.","* At little over five pounds,  Victus 16 is surprisingly 가벼운 ~을 위한  게임 노트북 ~와 함께  16-inch 화면. ~을 위한  게임 노트북, which typically weighs six pounds 또는 more, that is 가벼운. Another positive outcome from  배터리 test was that it lasted slightly under six 시간 while browsing  WLAN."
"|[**Lenovo IdeaPad Pro 5**](https://www.ebay.com/itm/166796502693?mkcid=1&mkrid=711-53200-19255-0&siteid=0&campid=5338037063&toolid=11800&mkevt=1)|16"" 2K 120Hz OLED 400 nits|AMD Ryzen 5 8645HS|Nvidia RTX 3050 6GB|16 GB DDR5|512 GB SSD|4.21 lbs|8 hrs|","|[**Lenovo IdeaPad Pro 5**](https://www.ebay.com/itm/166796502693?mkcid=1&mkrid=711-53200-19255-0&siteid=0&campid=5338037063&toolid=11800&mkevt=1)|16"" 2K 120Hz OLED 400 nits|AMD Ryzen 5 8645HS|Nvidia RTX 3050 6GB|16 GB DDR5|512 GB SSD|4.21 lbs|8 hrs|"
"|[**Lenovo 16"" Legion Pro 7i**](https://www.bhphotovideo.com/c/product/1811267-REG/lenovo_83de0008us_16_legion_pro_7.html/specs)|16″ QHD+ (2560 x 1600) 240Hz 500-nits|Intel Core i9 14900HX|NVIDIA GeForce RTX 4090|32 GB DDR5 RAM|1 TB SSD|5.78 lbs|5 hrs|","|[**Lenovo 16"" Legion Pro 7i**](https://www.bhphotovideo.com/c/product/1811267-REG/lenovo_83de0008us_16_legion_pro_7.html/specs)|16″ QHD+ (2560 x 1600) 240Hz 500-nits|Intel Core i9 14900HX|NVIDIA GeForce RTX 4090|32 GB DDR5 RAM|1 TB SSD|5.78 lbs|5 hrs|"
"📌✨💻🔥Q&A + Pros & Cons of the Eluktronics RP-15 G2 Gaming laptop with AMD Ryzen 7 7840HS, 15.6"" QHD 165Hz, RTX 4070 140W GPU, 16GB DDR5 RAM, 1TB SSD currently on Sale at Amazon & Eluktronics.com for $999 after 41% off 🔥✨📌","📌✨💻🔥Q& + 장점 & Cons of  Eluktronics RP-15 G2 게임 노트북 ~와 함께 AMD Ryzen 7 7840HS, 15.6"" QHD 165Hz, RTX 4070 140W GPU, 16GB DDR5 RAM, 1TB SSD currently on Sale at Amazon & Eluktronics.com ~을 위한 $999 after 41% off 🔥✨📌"
"* Eluktronics generally has good customer service, with an emphasis on technical support, returns, and warranty services. Since they are an assembler, their support often relies on third-party component manufacturers, but their customer service team is known to be responsive and helpful. Many customers report positive experiences, while others note that response times may vary, so it’s good to check recent reviews in your region especially if you are outside of the US.","* Eluktronics generally has 좋은 customer 서비스, ~와 함께  emphasis on technical 지원, returns, 그리고 warranty services. Since they are  assembler, their 지원 often relies on third-party component manufacturers, 하지만 their customer 서비스 team is known ~에 be 반응성 좋은 그리고 helpful. Many customers report positive experiences, while others note that response times may vary, so it’s 좋은 ~에 check recent reviews in your region especially if you are outside of  US."
# Strengths of the Eluktronics RP-15 G2:,# Strengths of  Eluktronics RP-15 G2:
# Pros and Cons,# 장점 그리고 Cons
# Pros and Cons,# 장점 그리고 Cons
"Both are solid gaming laptops with full wattage GPUs, however the LOQ does not have a igpu if you desire decent battery life when not gaming, but if you don't care for that the advantage of the RTX 4070 will be yours compared to the RTX 4060. On the other hand, of you desire good battery life when not gaming and will be on the go, the Lenovo Legion 5i is what you should lean towards more. It will get the job done, it may not be easy to carry around due to the 16"" screen size but the 165hz refresh rate gives you better display versus the LOQ and higher fps in competitive games. Both are solid units in their own way and it depends on your needs that will be the real FINAL VERDICT on which one to get.","Both are solid 게임 노트북들 ~와 함께 full wattage GPUs, however  LOQ does not have  igpu if you desire decent 배터리 수명 when not 게임, 하지만 if you don't care ~을 위한 that  advantage of  RTX 4070 will be yours compared ~에  RTX 4060. On  other hand, of you desire 좋은 배터리 수명 when not 게임 그리고 will be on  go,  Lenovo Legion 5i is what you should lean towards more. It will get  job done, it may not be easy ~에 carry around due ~에  16"" 화면 size 하지만  165hz refresh rate gives you 더 나은 디스플레이 versus  LOQ 그리고 higher fps in competitive games. Both are solid units in their own way 그리고 it depends on your needs that will be  real FINAL VERDICT on which one ~에 get."
# Q 8: What are the Pros & Cons of the LOQ's display,# Q 8: What are  장점 & Cons of  LOQ's 디스플레이
**A:** The display of the Lenovo LOQ 83JC009CUS has several pros and cons.,**:**  디스플레이 of  Lenovo LOQ 83JC009CUS has several 장점 그리고 cons.
"[Amazon] Samsung 16” Galaxy Book5 Pro 360 Copilot+ PC, AI Computer, Intel Core 7 Ultra Processor, 3K AMOLED (2880x1800) Touchscreen, S Pen,120Hz, Dolby Atmos, Student Laptop, Lightweight, All-Day Battery Life. Now: $1,399.99 After 18% Off","[Amazon] Samsung 16” Galaxy Book5 Pro 360 Copilot+ PC, AI 컴퓨터, Intel Core 7 Ultra Processor, 3K AMOLED (2880x1800) 터치스크린, S Pen,120Hz, Dolby Atmos, Student 노트북, 가벼운, All-Day 배터리 수명. Now: $1,399.99 After 18% Off"
"[Amazon] Samsung 16” Galaxy Book5 Pro 360 Copilot+ PC, AI Computer, Intel Core 7 Ultra Processor, 3K AMOLED (2880x1800) Touchscreen, S Pen,120Hz, Dolby Atmos, Student Laptop, Lightweight, All-Day Battery Life. Now: $1,399.99 After 18% Off","[Amazon] Samsung 16” Galaxy Book5 Pro 360 Copilot+ PC, AI 컴퓨터, Intel Core 7 Ultra Processor, 3K AMOLED (2880x1800) 터치스크린, S Pen,120Hz, Dolby Atmos, Student 노트북, 가벼운, All-Day 배터리 수명. Now: $1,399.99 After 18% Off"
"[Amazon] Samsung 16” Galaxy Book5 Pro 360 Copilot+ PC, AI Computer, Intel Core 7 Ultra Processor, 3K AMOLED (2880x1800) Touchscreen, S Pen,120Hz, Dolby Atmos, Student Laptop, Lightweight, All-Day Battery Life. Now: $1,399.99 After 18% Off","[Amazon] Samsung 16” Galaxy Book5 Pro 360 Copilot+ PC, AI 컴퓨터, Intel Core 7 Ultra Processor, 3K AMOLED (2880x1800) 터치스크린, S Pen,120Hz, Dolby Atmos, Student 노트북, 가벼운, All-Day 배터리 수명. Now: $1,399.99 After 18% Off"
"[Amazon] SAMSUNG 16” Galaxy Book5 Pro 360 Copilot+ PC, AI Laptop: 3K 120Hz AMOLED (2880 x 1800) Touchscreen Display, Intel Core 7 Ultra Processor, 16GB RAM, 1TB SSD, Dolby Atmos Quad Speakers, All-Day Battery Life. Now: $1,499.99 After 12% Off","[Amazon] SAMSUNG 16” Galaxy Book5 Pro 360 Copilot+ PC, AI 노트북: 3K 120Hz AMOLED (2880 x 1800) 터치스크린 디스플레이, Intel Core 7 Ultra Processor, 16GB RAM, 1TB SSD, Dolby Atmos Quad Speakers, All-Day 배터리 수명. Now: $1,499.99 After 12% Off"
"[Amazon] SAMSUNG 16” Galaxy Book5 Pro 360 Copilot+ PC, AI Laptop: 3K 120Hz AMOLED (2880 x 1800) Touchscreen Display, Intel Core 7 Ultra Processor, 16GB RAM, 1TB SSD, Dolby Atmos Quad Speakers, All-Day Battery Life. Now: $1,499.99 After 12% Off","[Amazon] SAMSUNG 16” Galaxy Book5 Pro 360 Copilot+ PC, AI 노트북: 3K 120Hz AMOLED (2880 x 1800) 터치스크린 디스플레이, Intel Core 7 Ultra Processor, 16GB RAM, 1TB SSD, Dolby Atmos Quad Speakers, All-Day 배터리 수명. Now: $1,499.99 After 12% Off"
"[Amazon] SAMSUNG 16” Galaxy Book5 Pro 360 Copilot+ PC, AI Laptop: 3K 120Hz AMOLED (2880 x 1800) Touchscreen Display, Intel Core 7 Ultra Processor, Dolby Atmos Quad Speakers, All-Day Battery Life. Now: $1,474.99 After 13% Off","[Amazon] SAMSUNG 16” Galaxy Book5 Pro 360 Copilot+ PC, AI 노트북: 3K 120Hz AMOLED (2880 x 1800) 터치스크린 디스플레이, Intel Core 7 Ultra Processor, Dolby Atmos Quad Speakers, All-Day 배터리 수명. Now: $1,474.99 After 13% Off"
I have seen questions and decided to revamp and add more info to this Short Review + Pros and Cons to help those that are on the fence of purchasing either the [**Lenovo LOQ Gaming Laptop**](https://www.walmart.com/ip/Lenovo-LOQ-15-6-FHD-144Hz-Gaming-Notebook-Ryzen-7-7435HS-16GB-RAM-512GB-SSD-NVIDIA-GeForce-RTX-4070-Luna-Grey-Octa-Core-Display-Ram/13376108763?clickid=0STS93WvdxyKUWpzotVvFUZOUkCQLQ0CE0LB1g0&irgwc=1&sourceid=imp_0STS93WvdxyKUWpzotVvFUZOUkCQLQ0CE0LB1g0&veh=aff&wmlspartner=imp_2553023&affiliates_ad_id=565706&campaign_id=9383&sharedid=)**.**,I have seen questions 그리고 decided ~에 revamp 그리고 add more info ~에 this Short Review + 장점 그리고 Cons ~에 도움 those that are on  fence of purchasing either  [**Lenovo LOQ 게임 노트북**](https://www.walmart.com/ip/Lenovo-LOQ-15-6-FHD-144Hz-게임-노트북-Ryzen-7-7435HS-16GB-RAM-512GB-SSD-NVIDIA-GeForce-RTX-4070-Luna-Grey-Octa-Core-디스플레이-RAM/13376108763?clickid=0STS93WvdxyKUWpzotVvFUZOUkCQLQ0CE0LB1g0&irgwc=1&sourceid=imp_0STS93WvdxyKUWpzotVvFUZOUkCQLQ0CE0LB1g0&veh=aff&wmlspartner=imp_2553023&affiliates_ad_id=565706&campaign_id=9383&sharedid=)**.**
# Pros and Cons,# 장점 그리고 Cons
"|[Lenovo ThinkPad Z16 G1](https://www.ebay.com/itm/126581175588?mkcid=1&mkrid=711-53200-19255-0&siteid=0&campid=5338037063&toolid=11800&mkevt=1)|16"" FHD+ IPS 400 nits sRGB 100% Touchscreen, Ryzen 7 PRO 6850H,16GB RAM, 1TB SSD|67%|$659.99|","|[Lenovo ThinkPad Z16 G1](https://www.ebay.com/itm/126581175588?mkcid=1&mkrid=711-53200-19255-0&siteid=0&campid=5338037063&toolid=11800&mkevt=1)|16"" FHD+ IPS 400 nits sRGB 100% 터치스크린, Ryzen 7 PRO 6850H,16GB RAM, 1TB SSD|67%|$659.99|"
"|[♻️Refurbished Lenovo IdeaPad Pro 5i](https://www.ebay.com/itm/305816263745?mkcid=1&mkrid=711-53200-19255-0&siteid=0&campid=5338037063&toolid=11800&mkevt=1)|16"" 2K (2048x1280) 16:9, 120Hz, 400-nits, 100% DCI-P3, Eyesafe, DisplayHDR True Black 500, Glossy, OLED Display, Intel Ultra 9 185H, RTX 4050, 32GB RAM, 1TB SSD|24%|$841|","|[♻️Refurbished Lenovo IdeaPad Pro 5i](https://www.ebay.com/itm/305816263745?mkcid=1&mkrid=711-53200-19255-0&siteid=0&campid=5338037063&toolid=11800&mkevt=1)|16"" 2K (2048x1280) 16:9, 120Hz, 400-nits, 100% DCI-P3, Eyesafe, DisplayHDR True Black 500, Glossy, OLED 디스플레이, Intel Ultra 9 185H, RTX 4050, 32GB RAM, 1TB SSD|24%|$841|"
"|[ASUS TUF A16 AE ](https://www.microcenter.com/product/677533/asus-tuf-gaming-a16-advantage-edition-(2023)-16-laptop-computer-platinum-collection-sandstorm)|16"" FHD+165Hz, Ryzen 7 7435HS, RX 7600S, 16GB DDR5, 512GB SSD|$400|$599.99|","|[ASUS TUF A16 AE ](https://www.microcenter.com/product/677533/asus-tuf-게임-a16-advantage-edition-(2023)-16-노트북-컴퓨터-platinum-collection-sandstorm)|16"" FHD+165Hz, Ryzen 7 7435HS, RX 7600S, 16GB DDR5, 512GB SSD|$400|$599.99|"
"|[Apple MacBook Pro](https://www.costco.com/macbook-pro-14-inch---apple-m3-pro-chip-with-11-core-cpu-and-14-core-gpu%2c-512gb-ssd.product.4000225276.html)|14.2"" 3K, M3 Pro, 18GB RAM, 512GB SSD|28%|$1250|","|[Apple MacBook Pro](https://www.costco.com/macbook-pro-14-inch---apple-m3-pro-chip-~와 함께-11-core-cpu-그리고-14-core-gpu%2c-512gb-SSD.product.4000225276.html)|14.2"" 3K, M3 Pro, 18GB RAM, 512GB SSD|28%|$1250|"
"|[HP 255 G10](https://www.staples.com/hp-255-g10-15-6-laptop-amd-ryzen-5-7530u-16gb-memory-1tb-ssd-windows-11-pro-a29t1ua-aba/product_24599294)|  15.6"" FHD, Ryzen 7530U, 16GB Ram, 1TB SSD|52%|$399.99|Staples|","|[HP 255 G10](https://www.staples.com/hp-255-g10-15-6-노트북-amd-ryzen-5-7530u-16gb-메모리-1tb-SSD-windows-11-pro-a29t1ua-aba/product_24599294)|  15.6"" FHD, Ryzen 7530U, 16GB RAM, 1TB SSD|52%|$399.99|Staples|"
"| [Lenovo ThinkPad P14s](https://lenovo.vzew.net/c/1883484/218864/3808?u=https%3A%2F%2Fwww.lenovo.com%2Fus%2Fvipmembers%2Fbeneplaceoffer%2Fen%2Fp%2Flaptops%2Fthinkpad%2Fthinkpadp%2Flenovo-thinkpad-p14s-gen-5-14-inch-amd-mobile-workstation%2F21me001lus)| Ryzen 7 PRO 8840HS, 14"" FHD IPS, 32GB DDR5, 1TB SSD|61% |$889|Lenovo|","| [Lenovo ThinkPad P14s](https://lenovo.vzew.net/c/1883484/218864/3808?u=https%3A%2F%2Fwww.lenovo.com%2Fus%2Fvipmembers%2Fbeneplaceoffer%2Fen%2Fp%2Flaptops%2Fthinkpad%2Fthinkpadp%2Flenovo-thinkpad-p14s-gen-5-14-inch-amd-mobile-workstation%2F21me001lus)| Ryzen 7 PRO 8840HS, 14"" FHD IPS, 32GB DDR5, 1TB SSD|61% |$889|Lenovo|"
"|[**SAMSUNG Galaxy Book4 Pro Laptop (2024 Model)**](https://progamerstech.com/product/samsung-14-galaxy-book4-pro-laptop-pc-computer-intel-core-7-ultra-processor-512gb-3k-amoled-2880-x-1800-touchscreen-advanced-security-2024-model-np940xgk-kg1us-moonstone-gray-2/) |**14"" 3K Dynamic AMOLED 2X 120Hz (2880 x 1800) Touchscreen, Intel Core 7 Ultra Processor, 16GB RAM, 512GB SSD** |**~~$1,449.99~~**|**$1,001.71** |","|[**SAMSUNG Galaxy Book4 Pro 노트북 (2024 모델)**](https://progamerstech.com/product/samsung-14-galaxy-book4-pro-노트북-pc-컴퓨터-intel-core-7-ultra-processor-512gb-3k-amoled-2880-x-1800-터치스크린-advanced-security-2024-모델-np940xgk-kg1us-moonstone-gray-2/) |**14"" 3K Dynamic AMOLED 2X 120Hz (2880 x 1800) 터치스크린, Intel Core 7 Ultra Processor, 16GB RAM, 512GB SSD** |**~~$1,449.99~~**|**$1,001.71** |"
"|[**Samsung Galaxy Book4 Pro Business Laptop (2024 Model)**](https://progamerstech.com/product/samsung-16-galaxy-book4-pro-business-laptop-wi-fi-pc-computer-windows-11-pro-intel-core-5-ultra-125h-16gb-512gb-3k-amoled-touchscreen-2024-model-np964xgk-kg3us-moonstone-gray/) |**16"" (‎3840 x 2160) 3K Dynamic AMOLED 2X 120Hz Touchscreen Display, Intel® Core™ Ultra 5 125H, 16GB RAM, 512GB SSD, Windows 11 PRO** |**~~$1,549.99~~** |**$1,149.99** |","|[**Samsung Galaxy Book4 Pro 비즈니스 노트북 (2024 모델)**](https://progamerstech.com/product/samsung-16-galaxy-book4-pro-비즈니스-노트북-wi-fi-pc-컴퓨터-windows-11-pro-intel-core-5-ultra-125h-16gb-512gb-3k-amoled-터치스크린-2024-모델-np964xgk-kg3us-moonstone-gray/) |**16"" (‎3840 x 2160) 3K Dynamic AMOLED 2X 120Hz 터치스크린 디스플레이, Intel® Core™ Ultra 5 125H, 16GB RAM, 512GB SSD, Windows 11 PRO** |**~~$1,549.99~~** |**$1,149.99** |"
"|[**Samsung 16"" Galaxy Book4 Pr**](https://progamerstech.com/product/samsung-16-galaxy-book4-pro-business-laptop-wi-fi-pc-computer-windows-11-pro-intel-core-7-ultra-155h-32gb-1tb-3k-amoled-touchscreen-2024-model-np964xgk-kg1us-moonstone-gray/)|**Intel Core 7 Ultra 155H / 32GB RAM / 1TB SSD, 3K AMOLED Touchscreen, Windows 11 PRO**|**$2,049**|**$1,549.99**|","|[**Samsung 16"" Galaxy Book4 Pr**](https://progamerstech.com/product/samsung-16-galaxy-book4-pro-비즈니스-노트북-wi-fi-pc-컴퓨터-windows-11-pro-intel-core-7-ultra-155h-32gb-1tb-3k-amoled-터치스크린-2024-모델-np964xgk-kg1us-moonstone-gray/)|**Intel Core 7 Ultra 155H / 32GB RAM / 1TB SSD, 3K AMOLED 터치스크린, Windows 11 PRO**|**$2,049**|**$1,549.99**|"
"No, the **AMD Ryzen 7 7435HS processor** does not feature integrated graphics. This laptop relies entirely on the dedicated **NVIDIA GeForce RTX 4060 GPU** for all graphical processing, which is a significant advantage for gaming and other GPU-intensive tasks.","No,  **AMD Ryzen 7 7435HS processor** does not feature integrated graphics. This 노트북 relies entirely on  dedicated **NVIDIA GeForce RTX 4060 GPU** ~을 위한 all graphical processing, which is  significant advantage ~을 위한 게임 그리고 other GPU-intensive tasks."
#### Q11: What are the major strengths of this laptop?,#### Q11: What are  major strengths of this 노트북?
Crucial X6 2TB / X9 Pro 4TB SSDs Fail on Thunderbolt Until Firmware Is Updated — But You Need Another PC to Do It,Crucial X6 2TB / X9 Pro 4TB SSDs Fail on Thunderbolt Until Firmware Is Updated — 하지만 You Need Another PC ~에 Do It
"If you're using a Crucial X6 or X9 Pro portable SSD and your Thunderbolt-equipped laptop (like LG Gram) can't detect it — you're not alone. The issue lies in the out-of-box firmware, which fails to initialize properly on certain Thunderbolt controllers. The catch? You must update the firmware using Crucial Storage Executive, but you can’t do that unless the drive is recognized — which it isn’t on affected systems.","If you're 사용하는  Crucial X6 또는 X9 Pro 휴대용 SSD 그리고 your Thunderbolt-equipped 노트북 (마음에 드는 LG 그램) can't detect it — you're not alone.  문제 lies in  out-of-box firmware, which fails ~에 initialize properly on certain Thunderbolt controllers.  catch? You must update  firmware 사용하는 Crucial 저장장치 Executive, 하지만 you can’t do that unless  drive is recognized — which it isn’t on affected systems."
• 	SSD Models: Crucial X6 2TB / X9 Pro 4TB,• 	SSD Models: Crucial X6 2TB / X9 Pro 4TB
"If your Crucial X6 or X9 Pro SSD isn’t working on Thunderbolt, it’s likely a firmware issue. You’ll need to find another PC that can detect the drive, update the firmware using Crucial Storage Executive, and only then will it work on your main machine.","If your Crucial X6 또는 X9 Pro SSD isn’t 작업하는 on Thunderbolt, it’s likely  firmware 문제. You’ll need ~에 find another PC that can detect  drive, update  firmware 사용하는 Crucial 저장장치 Executive, 그리고 only then will it 작업 on your main 기계."
Distorted Visuals with LG Gram Pro 16 inch 2-in-1,Distorted Visuals ~와 함께 LG 그램 Pro 16 inch 2-in-1
My brand new LG Gram Pro 16” isn’t recognizing any USBs whatsoever.,My brand 새로운 LG 그램 Pro 16” isn’t recognizing any USBs whatsoever.
Asus Zenbook 15pro or Lg Gram 360,Asus Zenbook 15pro 또는 LG 그램 360
"Hey reddit, I am looking for a laptop and wouldnt want a latest cus my babudget is not really good so I am looking for second hand (so that I can get a better specs one) The question is I cant choose between LG gram 360 16T90P-GR5 BK (SSD 256GB and Asus zenbook 15pro UP6502ZA-M8008W (SSD 512GB) I know a little about laptops and cant choose between these two. Can you tell me the downside s and what to choose. Much appreciated.","Hey reddit, I am looking ~을 위한  노트북 그리고 wouldnt want  latest cus my babudget is not really 좋은 so I am looking ~을 위한 second hand (so that I can get  더 나은 specs one)  question is I cant choose between LG 그램 360 16T90P-GR5 BK (SSD 256GB 그리고 Asus zenbook 15pro UP6502ZA-M8008W (SSD 512GB) I know  little about 노트북들 그리고 cant choose between these two. Can you tell me  downside s 그리고 what ~에 choose. Much appreciated."
Asus Zenbook 15pro or Lg Gram 360,Asus Zenbook 15pro 또는 LG 그램 360
The question is I cant choose between LG gram 360 16T90P-GR5 BK (SSD 256GB and Asus zenbook 15pro UP6502ZA-M8008W (SSD 512GB),question is I cant choose between LG 그램 360 16T90P-GR5 BK (SSD 256GB 그리고 Asus zenbook 15pro UP6502ZA-M8008W (SSD 512GB)
"LG Gram Pro 2-in-1 16"", only a few months old.","LG 그램 Pro 2-in-1 16"", only  few 개월 오래된."
LG Gram 16 Pro (Core Ultra 7 155H) strange poor performance behavior,LG 그램 16 Pro (Core Ultra 7 155H) strange poor 성능 behavior
"I just got my hands on a brand new Gram 16 Pro with the 155H CPU. I've been seeing strange behavior with it...if you do stuff that only uses about 1-2 cores it's fine, but as soon as you do more, even as mundane as opening Chrome while Windows Update runs it slows to a crawl.","I just got my hands on  brand 새로운 Gram 16 Pro ~와 함께  155H CPU. I've been seeing strange behavior ~와 함께 it...if you do stuff that only uses about 1-2 cores it's fine, 하지만 as soon as you do more, even as mundane as opening Chrome while Windows Update runs it slows ~에  crawl."
LG Gram Pro 2 in 1: Touchscreen stops working FIX,LG 그램 Pro 2 in 1: 터치스크린 stops 작업하는 수정
"PROBLEM: LG Gram Pro 2-in-1 16"" OLED (2024, 16T90SP): Touchscreen stops working in non-standard OS Windows 11 Pro (without LG bloatware = LG Update, LG Smart Assistant, etc.). Device manager shows one ""! Unknown USB Device"" (Device Descriptor Request Failed), HID-compliant touch screen is hidden/not connected.","문제: LG 그램 Pro 2-in-1 16"" OLED (2024, 16T90SP): 터치스크린 stops 작업하는 in non-standard OS Windows 11 Pro (without LG bloatware = LG Update, LG Smart Assistant, etc.). 기기 manager shows one ""! Unknown USB 기기"" (기기 Descriptor Request Failed), HID-compliant 터치 화면 is hidden/not connected."
SSD/HDD: 2x Samsung 990 pro (2TB) + 1x Samsung 870 Evo (2TB),SSD/HDD: 2x Samsung 990 pro (2TB) + 1x Samsung 870 Evo (2TB)
I recently harvested the internal SSD of an SanDisk Extreme PRO Portable SSD because its AES module failed.,I recently harvested  internal SSD of  SanDisk Extreme PRO 휴대용 SSD because its AES module failed.
"OS - Windows 11 Pro x64, version 23H2","OS - Windows 11 Pro x64, 버전 23H2"
`Type: Desktop System: ASRock product: B760 Pro RS/D4 v: N/A serial: <superuser required>`,`Type: Desktop System: ASRock product: B760 Pro RS/D4 v: N/ serial: <superuser required>`
`Mobo: ASRock model: B760 Pro RS/D4 serial: <superuser required> uuid: <superuser required>`,`Mobo: ASRock 모델: B760 Pro RS/D4 serial: <superuser required> uuid: <superuser required>`
**Storage** | [Samsung 990 Pro 2 TB M.2-2280 PCIe 4.0 X4 NVME Solid State Drive](https://pcpartpicker.com/product/34ytt6/samsung-990-pro-2-tb-m2-2280-pcie-40-x4-nvme-solid-state-drive-mz-v9p2t0bw) | Purchased For $164.01,**저장장치** | [Samsung 990 Pro 2 TB M.2-2280 PCIe 4.0 X4 NVME Solid State Drive](https://pcpartpicker.com/product/34ytt6/samsung-990-pro-2-tb-m2-2280-pcie-40-x4-nvme-solid-state-drive-mz-v9p2t0bw) | Purchased ~을 위한 $164.01
**Custom**| Inland Gaming MK PRO 75% Wired DIY Custom RGB Gaming Keyboard| Purchased For $99.99,**Custom**| Inland 게임 MK PRO 75% Wired DIY Custom RGB 게임 키보드| Purchased ~을 위한 $99.99
* **SSD**: Samsung 990 Pro 2TB (M.2),* **SSD**: Samsung 990 Pro 2TB (M.2)
Model Number:                       Samsung SSD 980 PRO 1TB,모델 Number:                       Samsung SSD 980 PRO 1TB
* **Motherboard:** MSI H310M PRO-VDH (MS-7B29),* **Motherboard:** MSI H310M PRO-VDH (MS-7B29)
OS: Windows 10 Pro // *10.0.19045 Build 19045*,OS: Windows 10 Pro // *10.0.19045 Build 19045*
"- Laptop: Lenovo Ideapad Pro 5 16"" (Ryzen 7, WQXGA, USB-C and HDMI ports)","- 노트북: Lenovo Ideapad Pro 5 16"" (Ryzen 7, WQXGA, USB-C 그리고 HDMI 포트들)"
\[CPU / Processor:5955WX AMD Ryzen Threadripper PRO 16-Core 4.0 GHz (4.5 GHz Turbo) Socket sWRX8 280W Processor\],\[CPU / Processor:5955WX AMD Ryzen Threadripper PRO 16-Core 4.0 GHz (4.5 GHz Turbo) Socket sWRX8 280W Processor\]
\[Operating System:Microsoft Windows 10 Pro 64-bit - Includes Original Media + Free USB Recovery Drive\],\[Operating System:Microsoft Windows 10 Pro 64-bit - Includes Original Media + Free USB Recovery Drive\]
I have 2 monitors. I have a gaming windows PC and a work 16 inch M4 pro Macbook. Windows machine has a RTX 3070 feeding 2 display port 1.4 cables into the KVM. The mac has 1 a usb c to display port 1.4 feeding the KVM. I also have a hub with display port 1.4 feeding the second display port to the KVM.,I have 2 monitors. I have  게임 windows PC 그리고  작업 16 inch M4 pro Macbook. Windows 기계 has  RTX 3070 feeding 2 디스플레이 포트 1.4 cables into  KVM.  mac has 1  USB c ~에 디스플레이 포트 1.4 feeding  KVM. I also have  hub ~와 함께 디스플레이 포트 1.4 feeding  second 디스플레이 포트 ~에  KVM.
**Memory** | Corsair Vengeance RGB Pro 32 GB (2 x 16 GB) DDR4-3600 CL18 Memory,**메모리** | Corsair Vengeance RGB Pro 32 GB (2 x 16 GB) DDR4-3600 CL18 메모리
**Memory** | Corsair Vengeance RGB Pro 32 GB (2 x 16 GB) DDR4-3600 CL18 Memory,**메모리** | Corsair Vengeance RGB Pro 32 GB (2 x 16 GB) DDR4-3600 CL18 메모리
CPU Cooler: be quiet! Dark Rock Pro 5 CPU Cooler,CPU Cooler: be quiet! Dark Rock Pro 5 CPU Cooler
Storage: Samsung 980 Pro 1 TB M.2-2280 PCIe 4.0 X4 NVME Solid State Drive,저장장치: Samsung 980 Pro 1 TB M.2-2280 PCIe 4.0 X4 NVME Solid State Drive
Storage: Samsung 990 Pro 4 TB M.2-2280 PCIe 4.0 X4 NVME Solid State Drive,저장장치: Samsung 990 Pro 4 TB M.2-2280 PCIe 4.0 X4 NVME Solid State Drive
* Microsoft Windows 10 Pro Version 10.0.19045,* Microsoft Windows 10 Pro 버전 10.0.19045
* Samsung 990 Pro 2 TB M.2,* Samsung 990 Pro 2 TB M.2
"* Potential False Positives: Google Safe Browsing and some antivirus solutions flag MSEdgeRedirect (this is according to Claude ai, idk if this part is fully true but my antivirus didn't flag it (i have f secure as my antivirus)","* Potential False Positives: Google Safe Browsing 그리고 some antivirus solutions flag MSEdgeRedirect (this is according ~에 Claude ai, idk if this part is fully true 하지만 my antivirus didn't flag it (i have f secure as my antivirus)"
* False positives are common for tools that modify Windows behavior,* False positives are common ~을 위한 tools that modify Windows behavior
* 	Corsair Vengeance RGB Pro 32 GB (2 x 16 GB) DDR4-3600 CL18 Memory,* 	Corsair Vengeance RGB Pro 32 GB (2 x 16 GB) DDR4-3600 CL18 메모리
Uninstalling/reinstalling drivers for the pro x2 microphone.,Uninstalling/reinstalling drivers ~을 위한  pro x2 microphone.
"I was planning to switch to the Apple ecosystem from Andriod. I was planning to buy the new iphone 17 when it launches in September 2025 and the Macbook Pro M4 chip (14""). But I had a questions. I have heard friends say that a Macbook, if taken care of, can last 8-10 years. How realistic is that considering I upgrade all my electronics every 6-8 years. I take care of my laptops, phones and earpods well to a points where I avoid keeping it in direct sun or any form of moisture. I have been using my current android phone for 6 years and I believe it has reached the end of its life, the camera quality has deteriorated, the battery is weak, and most importantly it randomly shuts down. Currently I was just mock shopping on the Apple website just to get an estimate where I added the Iphone 16 pro 256GB, Macbook Pro, Charging adapter and Airpods 4. My total is 2896 UK pounds (US$3589). What should I do?","I was planning ~에 switch ~에  Apple ecosystem from Andriod. I was planning ~에 buy  새로운 iphone 17 when it launches in September 2025 그리고  Macbook Pro M4 chip (14""). 하지만 I had  questions. I have heard friends say that  Macbook, if taken care of, can last 8-10 년. How realistic is that considering I 업그레이드 all my electronics every 6-8 년. I take care of my 노트북들, phones 그리고 earpods well ~에  points where I avoid keeping it in direct sun 또는 any form of moisture. I have been 사용하는 my current android phone ~을 위한 6 년 그리고 I believe it has reached  end of its life,  camera 품질 has deteriorated,  배터리 is weak, 그리고 most importantly it randomly shuts down. Currently I was just mock shopping on  Apple website just ~에 get  estimate where I added  Iphone 16 pro 256GB, Macbook Pro, 충전 adapter 그리고 Airpods 4. My total is 2896 UK pounds (US$3589). What should I do?"
"Windows 11 PRO (to clarify, I would go to Linux if Adobe wasn't holding me host\*ge in Windows)","Windows 11 PRO (~에 clarify, I would go ~에 Linux if Adobe wasn't holding me host\*ge in Windows)"
ASRock Z790 PRO RS WIFI ATX LGA1700 Motherboard,ASRock Z790 PRO RS WIFI ATX LGA1700 Motherboard
"My iPhone 14 Pro Max has a charging port or charging dock issues last May and I had it changed thru an iPhone repair shop here in Japan and then last July I’ve been encountering this issue that battery is not recognized and my phone will just automatically restarts on its own even when I’m using it or not using it, then after it restarts, the error message of","My iPhone 14 Pro Max has  충전 포트 또는 충전 dock issues last May 그리고 I had it changed thru  iPhone repair shop here in Japan 그리고 then last July I’ve been encountering this 문제 that 배터리 is not recognized 그리고 my phone will just automatically restarts on its own even when I’m 사용하는 it 또는 not 사용하는 it, then after it restarts,  error message of"
Storage - Crucial P310 M.2 1TB NVMe SSD Case - Montech King 65 Pro ATX Mid Tower Gaming PC Case with 3 Pre-Installed ARGB Fans Motherboard - GIGABYTE Z790 S WIFI DDR4,저장장치 - Crucial P310 M.2 1TB NVMe SSD Case - Montech King 65 Pro ATX Mid Tower 게임 PC Case ~와 함께 3 Pre-Installed ARGB Fans Motherboard - GIGABYTE Z790 S WIFI DDR4
"For material context, the computer I'm talking about is a 2021 Lenovo Thinkpad T14s Gen 2 (AMD) with an AMD Ryzen 5 PRO 5650U with Radeon Graphics processor at a nominal 2.30 GHz, 16 GB of RAM (of which 14.8 GB is usable), the 1920 × 1080 display, and an SSD advertised as 512 GB; currently running Windows 10 Pro version 22H2, build 19045.6093 on its internal drive.","~을 위한 material context,  컴퓨터 I'm talking about is  2021 Lenovo Thinkpad T14s Gen 2 (AMD) ~와 함께  AMD Ryzen 5 PRO 5650U ~와 함께 Radeon Graphics processor at  nominal 2.30 GHz, 16 GB of RAM (of which 14.8 GB is usable),  1920 × 1080 디스플레이, 그리고  SSD advertised as 512 GB; currently running Windows 10 Pro 버전 22H2, build 19045.6093 on its internal drive."
"I’m looking for advice regarding a series of persistent, unusual digital behaviors on my iPhone 16 Pro that began in June. The issues involve iCloud, ChatGPT mobile app, strange voice and text outputs, unexplained hotspot and roaming activity, and UI inconsistencies which continued despite performing full resets and manual security checks.","I’m looking ~을 위한 advice regarding  series of persistent, unusual digital behaviors on my iPhone 16 Pro that began in June.  issues involve iCloud, ChatGPT mobile app, strange voice 그리고 text outputs, unexplained hotspot 그리고 roaming activity, 그리고 UI inconsistencies which continued despite performing full resets 그리고 manual security checks."
"Since mid-June 2025, I’ve been experiencing suspicious digital behavior on my iPhone 16 Pro after a trip where my phone was taken without consent twice. Key anomalies:","Since mid-June 2025, I’ve been experiencing suspicious digital behavior on my iPhone 16 Pro after  trip where my phone was taken without consent twice. Key anomalies:"
"On the same day, I had also replaced my *Logitech K120* keyboard with an identical model, and my *Logitech G PRO X SUPERLIGHT 2* mouse with a *Logitech G PRO X SUPERLIGHT 2 SE*.","On  same day, I had also replaced my *Logitech K120* 키보드 ~와 함께  identical 모델, 그리고 my *Logitech G PRO X SUPERLIGHT 2* 마우스 ~와 함께  *Logitech G PRO X SUPERLIGHT 2 SE*."
**Operating System:** Windows 11 Pro 64-bit,**Operating System:** Windows 11 Pro 64-bit
**Motherboard:** MSI PRO Z790-S WIFI (Intel Socket 1700),**Motherboard:** MSI PRO Z790-S WIFI (Intel Socket 1700)
**SSD (OS):** Samsung SSD 990 PRO M.2 PCIe NVMe 1 TB with heatsink (MZ-V9P1T0GW),**SSD (OS):** Samsung SSD 990 PRO M.2 PCIe NVMe 1 TB ~와 함께 heatsink (MZ-V9P1T0GW)
**Mouse:** Logitech G PRO X Superlight 2 SE Black,**마우스:** Logitech G PRO X Superlight 2 SE Black
"All drivers and BIOS (version **[7D88v1F](https://www.msi.com/Motherboard/PRO-Z790-S-WIFI/support)** dated **April 18, 2025**) are up to date.","All drivers 그리고 BIOS (버전 **[7D88v1F](https://www.msi.com/Motherboard/PRO-Z790-S-WIFI/지원)** dated **April 18, 2025**) are up ~에 date."
Storage: Samsung 990 Pro Gen 4 M.2 NVME SSD,저장장치: Samsung 990 Pro Gen 4 M.2 NVME SSD
* 1 TB Samsung 990 Pro NVME,* 1 TB Samsung 990 Pro NVME
* (3) 14TB WD Red Pro - can't initialize,* (3) 14TB WD Red Pro - can't initialize
"**Or try to flash** the newest (or the oldest i.e. ""factory"" version of BIOS) from Gigabyte's website and hope that this will change sth in a positive direction? Although disconnecting everything incl CMOS-batt. for up to 24 hours I can't say 100% surely that for some very strange reasons, maybe bricked BIOS or so, somehow the wanted BIOS reset still didn't apply...but that's just between idea and my feeling.","**또는 try ~에 flash**  newest (또는  oldest i.e. ""factory"" 버전 of BIOS) from Gigabyte's website 그리고 hope that this will change sth in  positive direction? Although disconnecting everything incl CMOS-batt. ~을 위한 up ~에 24 시간 I can't say 100% surely that ~을 위한 some very strange reasons, maybe bricked BIOS 또는 so, somehow  wanted BIOS reset still didn't apply...하지만 that's just between idea 그리고 my feeling."
"System issues specs: 5800x3D, 64 GB Ram 3600MHz (2 sticks), 4080 Super ventus, B550I Aorus PRO AX","System issues specs: 5800x3D, 64 GB RAM 3600MHz (2 sticks), 4080 Super ventus, B550I Aorus PRO AX"
Windows 10 Pro 64-bit,Windows 10 Pro 64-bit
Windows 11 Pro 64-bit,Windows 11 Pro 64-bit
1. OS: Windows 11 Pro 64-bit (fully updated),1. OS: Windows 11 Pro 64-bit (fully updated)
Low Random Write speeds on my brand new  Samsung 990 Pro 2TB SSD.,Low Random Write speeds on my brand 새로운  Samsung 990 Pro 2TB SSD.
"I just completed a build on the Gigabyte B850 Aorus Elite Gaming WiFi 7, a Ryzen 7 9800X3D, a Gigabyte Gaming OC RTX 5080 and a Samsung 990 Pro 2TB NVME SSD.","I just completed  build on  Gigabyte B850 Aorus Elite 게임 WiFi 7,  Ryzen 7 9800X3D,  Gigabyte 게임 OC RTX 5080 그리고  Samsung 990 Pro 2TB NVME SSD."
Motherboard: msi pro b650m-p,Motherboard: msi pro b650m-p
"I’m running an AMD Ryzen 7 7800X3D (8-core, 16 threads) on a B850 Pro RS motherboard, with a 5070 Ti GPU and 32GB RAM with a 1440p, 144hz monitor.","I’m running  AMD Ryzen 7 7800X3D (8-core, 16 threads) on  B850 Pro RS motherboard, ~와 함께  5070 Ti GPU 그리고 32GB RAM ~와 함께  1440p, 144hz 모니터."
* **Motherboard:** MSI B450M Pro-VDH Max,* **Motherboard:** MSI B450M Pro-VDH Max
"**Conclusion:** I just think the game is very bad optimized or I'm just coping and buying this Laptop was a mistake. If you see any mistakes I did or wrongs I said, please feel free to lecture me. I just want to play CS2 stable and without stutters, but also use my little competitive-advantage with 300 hz, if possible. I don't have a lot of knowlege in Benchmarking by the way, whatever I'm saying comes from different people with different opinions, which makes it hard for me to know, what's factual and what's not.","**Conclusion:** I just think  game is very bad optimized 또는 I'm just coping 그리고 buying this 노트북 was  mistake. If you see any mistakes I did 또는 wrongs I said, please feel free ~에 lecture me. I just want ~에 play CS2 stable 그리고 without stutters, 하지만 also 사용 my little competitive-advantage ~와 함께 300 hz, if possible. I don't have  lot of knowlege in Benchmarking by  way, whatever I'm saying comes from different people ~와 함께 different opinions, which makes it hard ~을 위한 me ~에 know, what's factual 그리고 what's not."
"A few days ago I opened up a secondary PC I built around 3–4 years ago. It had always worked perfectly without a single issue. The build uses an Intel Core i3‑10105 and an MSI H510M‑A PRO motherboard, along with a Seasonic GC-500 PSU. It’s not a high-end setup, but the components were chosen to be solid and reliable.","few 일 ago I opened up  secondary PC I built around 3–4 년 ago. It had always worked perfectly without  single 문제.  build uses  Intel Core i3‑10105 그리고  MSI H510M‑ PRO motherboard, along ~와 함께  Seasonic GC-500 PSU. It’s not  high-end setup, 하지만  components were chosen ~에 be solid 그리고 reliable."
# Pros for Blade 16 (4070):,# 장점 ~을 위한 Blade 16 (4070):
# Pros for Blade 15 (3080 Ti):,# 장점 ~을 위한 Blade 15 (3080 Ti):
* OS: Windows 11 Pro OEM 64-bit,* OS: Windows 11 Pro OEM 64-bit
* **Motherboard**: MSI PRO Z790-A MAX WIFI (MS-7E07),* **Motherboard**: MSI PRO Z790- MAX WIFI (MS-7E07)
"CPU, MOBA, GPU, RAM: All from 2022, i5-12400F, MSI Pro B660M-A DDDR4, ASRock Rx 6500 4GB,  T-Force Vulcan 16GB DDR4","CPU, MOBA, GPU, RAM: All from 2022, i5-12400F, MSI Pro B660M- DDDR4, ASRock Rx 6500 4GB,  T-Force Vulcan 16GB DDR4"
"I recently learned about windows Driver Verifier, since I wasn't getting any useful event viewer info besides ""The system turned off unexpectedly lel"" I was excited to try it, so I manually turned on verification for both Nvidia, and all non microsoft drivers in the list to see if the minidumps would bear fruit. What happened was that every load into windows caused a crash with Driver Verifier saying it caught something, and being unable to boot into windows. So I grabbed the minidumps, looked at them in winDBG a bit, then copied them to the desktop before disabling verifier so I could boot normally again. What I need clarification on, is if I'm just getting a false positive here because I flagged some drivers that load on startup that aren't doing anything bad, and that's just what Driver Verifier does when used that way, I'm new to it and don't know how it works, just have an idea of how I think it works.","I recently learned about windows Driver Verifier, since I wasn't getting any useful event viewer info besides "" system turned off unexpectedly lel"" I was excited ~에 try it, so I manually turned on verification ~을 위한 both Nvidia, 그리고 all non microsoft drivers in  list ~에 see if  minidumps would bear fruit. What happened was that every load into windows caused  crash ~와 함께 Driver Verifier saying it caught something, 그리고 being unable ~에 boot into windows. So I grabbed  minidumps, looked at them in winDBG  bit, then copied them ~에  desktop before disabling verifier so I could boot normally again. What I need clarification on, is if I'm just getting  false positive here because I flagged some drivers that load on startup that aren't doing anything bad, 그리고 that's just what Driver Verifier does when used that way, I'm 새로운 ~에 it 그리고 don't know how it works, just have  idea of how I think it works."
Play video files from Hard drive in Zidoo 4k pro: stuttering,Play video files from 하드드라이브 in Zidoo 4k pro: stuttering
* **RAM**: Replaced with **Crucial Pro DDR5 32GB (2x16GB) 6000 MHz CL36** — still shuts down.,* **RAM**: Replaced ~와 함께 **Crucial Pro DDR5 32GB (2x16GB) 6000 MHz CL36** — still shuts down.
* **RAM**: Crucial Pro DDR5 32GB (2x16GB) 6000 MHz CL36,* **RAM**: Crucial Pro DDR5 32GB (2x16GB) 6000 MHz CL36
"OS: Windows 10 Pro 64-bit, version 2009 (22H2 is available; was it not out already??)","OS: Windows 10 Pro 64-bit, 버전 2009 (22H2 is available; was it not out already??)"
* **Operating System**: Windows 11 Pro Version 24H2 (OS Build 26100.3624),* **Operating System**: Windows 11 Pro 버전 24H2 (OS Build 26100.3624)
* **Motherboard**: MSI PRO Z790-P WIFI DDR4 (MS-7E06),* **Motherboard**: MSI PRO Z790-P WIFI DDR4 (MS-7E06)
Motherboard: X570 MSI Carbon Gaming Pro Wifi,Motherboard: X570 MSI Carbon 게임 Pro Wifi
Windows 10 Pro 22H2,Windows 10 Pro 22H2
* MSI PRO Z890-P motherboard,* MSI PRO Z890-P motherboard
"I've had a Lenovo Legion Pro 5 for about 4 years now. It's performed well, but recently have been having issues with struggling framerates and lurching in games as basic as Minecraft. Not sure what the deal is, and although it's definitely on the older side I wouldn't expect it to perform as poorly as it does in benchmarks. It definitely gets a little toasty, but I don't believe it's hot enough to thermal throttle for the short period of booting up and running the benchmark (only about 65 celsius max according to NZXTcam while load spikes above 80%). My GPU isn't overclocked and hasn't been majorly damaged in any way in the time I've owned it. Any suggestions appreciated.","I've had  Lenovo Legion Pro 5 ~을 위한 about 4 년 now. It's performed well, 하지만 recently have been having issues ~와 함께 struggling framerates 그리고 lurching in games as basic as Minecraft. Not sure what  deal is, 그리고 although it's definitely on  older side I wouldn't expect it ~에 perform as poorly as it does in benchmarks. It definitely gets  little toasty, 하지만 I don't believe it's hot enough ~에 thermal throttle ~을 위한  short period of booting up 그리고 running  benchmark (only about 65 celsius max according ~에 NZXTcam while load spikes above 80%). My GPU isn't overclocked 그리고 hasn't been majorly damaged in any way in  time I've owned it. Any suggestions appreciated."
* Placa base: MSI B650-S PRO WIFI (BIOS actualizada a la última versión de 2025),* Placa base: MSI B650-S PRO WIFI (BIOS actualizada  la última versión de 2025)
Lenovo Legion 5 Pro has horrendous performance,Lenovo Legion 5 Pro has horrendous 성능
"My Legion 5 Pro 16ACH6H (\~2.5 years old) with Ryzen 7 5800H, RTX 3070 and 16GB RAM has horrible performance across games. TLOU 1 runs at \~25 fps on medium/high. Dota 2 runs at an abysmal 30 fps at the highest settings. These are the issues I have observed:","My Legion 5 Pro 16ACH6H (\~2.5 년 오래된) ~와 함께 Ryzen 7 5800H, RTX 3070 그리고 16GB RAM has horrible 성능 across games. TLOU 1 runs at \~25 fps on medium/high. Dota 2 runs at  abysmal 30 fps at  highest settings. These are  issues I have observed:"
**OS:**	Microsoft Windows 11 Pro (Version 10.0.22631 Build 22631),**OS:**	Microsoft Windows 11 Pro (버전 10.0.22631 Build 22631)
"PS5 Pro causing horizontal line on my monitor, but only on this monitor","PS5 Pro causing horizontal line on my 모니터, 하지만 only on this 모니터"
"The problem started when I began switching between my laptop (HDMI 1) and the PS5 Pro (HDMI 2). At some point, when I switched to the PS5, I noticed a thin horizontal black line across the screen.","문제 started when I began switching between my 노트북 (HDMI 1) 그리고  PS5 Pro (HDMI 2). At some point, when I switched ~에  PS5, I noticed  얇은 horizontal black line across  화면."
PS5 Pro → another screen = fine,PS5 Pro → another 화면 = fine
"I bought a HDMI to AV converter yesterday along with new AV and HDMI cables to connect my 2015 MacBook Pro to an old LG TV. It was working fine (aside from having to majorly adjust colour/picture settings) for a while after I hooked everything up. I was moving some stuff around and the converter got moved a bit and suddenly the video stopped working and the TV is displaying no signal. The audio is coming out of the TV just fine plus my MacBook is displaying as if it’s connected, with a 4:3 ratio.","I bought  HDMI ~에 AV converter yesterday along ~와 함께 새로운 AV 그리고 HDMI cables ~에 connect my 2015 MacBook Pro ~에  오래된 LG TV. It was 작업하는 fine (aside from having ~에 majorly adjust colour/picture settings) ~을 위한  while after I hooked everything up. I was moving some stuff around 그리고  converter got moved  bit 그리고 suddenly  video stopped 작업하는 그리고  TV is displaying no signal.  audio is coming out of  TV just fine plus my MacBook is displaying as if it’s connected, ~와 함께  4:3 ratio."
"I setup an EliteDesk 705G4 with AMD Ryzen 5 Pro 2400G (8 core 3.6Ghz) with Radeon Vega Graphics.  It has 16GB of RAM and i sattached to a 34"" LG Ultrawide Curved monitor at 3440x1440. .  It has a clean install of windows 11 pro. Primary purposes are to act as a server alongside attached storage and occasional low power gaming (AoE and a few other old games via steam).","I setup  EliteDesk 705G4 ~와 함께 AMD Ryzen 5 Pro 2400G (8 core 3.6Ghz) ~와 함께 Radeon Vega Graphics.  It has 16GB of RAM 그리고 i sattached ~에  34"" LG Ultrawide Curved 모니터 at 3440x1440. .  It has  clean install of windows 11 pro. Primary purposes are ~에 act as  server alongside attached 저장장치 그리고 occasional low 전력 게임 (AoE 그리고  few other 오래된 games via steam)."
Samsung 990pro 2tb,Samsung 990pro 2tb
I've got a networking issue with my Intel nuc (model Intel NUC 12 Pro NUC12WSHi50Z). I have debian installed on it.,I've got  networking 문제 ~와 함께 my Intel nuc (모델 Intel NUC 12 Pro NUC12WSHi50Z). I have debian installed on it.
Samsung 990 pro 2tb ssd,Samsung 990 pro 2tb SSD
This is for Pro Evolution Soccer.,This is ~을 위한 Pro Evolution Soccer.
OS: Windows 11 Pro 24H2 - Just freshly installed,OS: Windows 11 Pro 24H2 - Just freshly installed
BeQuiet Dark Power Pro 13 1000W,BeQuiet Dark 전력 Pro 13 1000W
Corsair MP600 Pro 8TB SSD,Corsair MP600 Pro 8TB SSD
"I have two Macs - a MacBook Pro (2.3 GHz 8-Core Intel Core i9 processor with Intel UHD Graphics 630 1536 MB graphics, on Sequoia 15.2) and another MacBook Pro (Apple M3 Pro chip on Sonoma 14.7.1).","I have two Macs -  MacBook Pro (2.3 GHz 8-Core Intel Core i9 processor ~와 함께 Intel UHD Graphics 630 1536 MB graphics, on Sequoia 15.2) 그리고 another MacBook Pro (Apple M3 Pro chip on Sonoma 14.7.1)."
* **Operating System & Version:** WINDOWS 11 PRO 24H2 (Current update: KB5048667 as newer updates have current unresolved issues),* **Operating System & 버전:** WINDOWS 11 PRO 24H2 (Current update: KB5048667 as newer updates have current unresolved issues)
[Consulta] Problemas con iGPU y WiFi en Zorin OS con kernel 6.5 y 5.15 en una Pro H510M-B 2 + i5 10105,[Consulta] Problemas con iGPU y WiFi en Zorin OS con kernel 6.5 y 5.15 en una Pro H510M-B 2 + i5 10105
Motherboard: MSI Pro H510M-B 2,Motherboard: MSI Pro H510M-B 2
* Motherboard: MSI PRO Z690-A,* Motherboard: MSI PRO Z690-
"But then it started again, and worse than ever. I flashed my BIOS (just in case), disabled the Intel power boost performance thingy on my CPU, locked my CPU clock to 100mhz, turned off XMP on my RAM and set my case fans to a performance profile to reduce power draw, just in case the issue was power-related and fluctuations were causing the issue. Since I did that the fans no longer go haywire when the issue occurs, but as for the problem itself, it's happening more frequently than ever. My system fritzed out when I didn't even have a game open, and again when it was in sleep mode overnight (it was off in the morning when there was no power outage, and I'm 100% positive I slept it, no shutdown).","하지만 then it started again, 그리고 worse than ever. I flashed my BIOS (just in case), disabled  Intel 전력 boost 성능 thingy on my CPU, locked my CPU clock ~에 100mhz, turned off XMP on my RAM 그리고 set my case fans ~에  성능 profile ~에 reduce 전력 draw, just in case  문제 was 전력-related 그리고 fluctuations were causing  문제. Since I did that  fans no longer go haywire when  문제 occurs, 하지만 as ~을 위한  문제 itself, it's happening more frequently than ever. My system fritzed out when I didn't even have  game open, 그리고 again when it was in sleep mode overnight (it was off in  morning when there was no 전력 outage, 그리고 I'm 100% positive I slept it, no shutdown)."
Motherboard: MSI B550M PRO-VDH Micro ATX AM4,Motherboard: MSI B550M PRO-VDH Micro ATX AM4
Press F1 to continue and take advantage of ASUS optimized performance!,Press F1 ~에 continue 그리고 take advantage of ASUS optimized 성능!
OS Drive: *Samsung 990 Pro w/Heatsink* (up-to-date firmware),OS Drive: *Samsung 990 Pro w/Heatsink* (up-~에-date firmware)
"I recently had to replace my main drive due to failure (it was 8 years old), and went with Samsung 990 Pro due to availability and pricing. I know it's overpowered and not even fully compatible, but I needed something quick and potentially reliable.","I recently had ~에 replace my main drive due ~에 failure (it was 8 년 오래된), 그리고 went ~와 함께 Samsung 990 Pro due ~에 availability 그리고 pricing. I know it's overpowered 그리고 not even fully compatible, 하지만 I needed something quick 그리고 potentially reliable."
Currently running Windows 10 Pro version 22H2.,Currently running Windows 10 Pro 버전 22H2.
Auros pro wifi mb,Auros pro wifi mb
"Operating System: Windows 11 Pro 64-bit (10.0, Build 26100) (26100.ge\_release.240331-1435)","Operating System: Windows 11 Pro 64-bit (10.0, Build 26100) (26100.ge\_release.240331-1435)"
My asus vivobook pro 16 K6502VU suddenly showed your device ran into a problem and shut down itself and since then whenever I press power button only keyboard light is getting on and if I plug it in fans are working even my mobile is getting charged it connect my phone through usb but nothing on display I tried pressing power button for 1min and also let the battery drain out but no solution,My asus vivobook pro 16 K6502VU suddenly showed your 기기 ran into  문제 그리고 shut down itself 그리고 since then whenever I press 전력 button only 키보드 가벼운 is getting on 그리고 if I plug it in fans are 작업하는 even my mobile is getting charged it connect my phone through USB 하지만 nothing on 디스플레이 I tried pressing 전력 button ~을 위한 1min 그리고 also let  배터리 drain out 하지만 no 해결책
"I need help from the tech gurus. My phone (iPhone 16 Pro Max) has been experiencing a plethora of problems, it is (roughly) 6 months old, and I purchased in November of 2024. I have a warranty through ATT and it says in my iPhone settings that I have one through Apple (I assume). My phone is up to date on all updates.","I need 도움 from  tech gurus. My phone (iPhone 16 Pro Max) has been experiencing  plethora of problems, it is (roughly) 6 개월 오래된, 그리고 I purchased in November of 2024. I have  warranty through ATT 그리고 it says in my iPhone settings that I have one through Apple (I assume). My phone is up ~에 date on all updates."
"OS: Windows 11 Pro (fully updated, including 24H2)","OS: Windows 11 Pro (fully updated, including 24H2)"
MB: ASRock Z790 Pro RS,MB: ASRock Z790 Pro RS
1TB + 2TB Samsung 990 Pro (replaces over the years),1TB + 2TB Samsung 990 Pro (replaces over  년)
Surface Pro 11 (Ultra 7 268V) - Insane PCH Power Draw (Up to 48W!) Killing Battery,Surface Pro 11 (Ultra 7 268V) - Insane PCH 전력 Draw (Up ~에 48W!) Killing 배터리
"Just picked up a Surface Pro 11 “For Business” model with the Intel Ultra 7 268V and 32GB RAM for £2k+. Based on reviews, I expected solid battery life of 14+  hrs — but I’m getting *awful* battery drain, and the device runs sometimes hot even on Best Power Efficiency mode, 60Hz, HDR off, and no peripherals.","Just picked up  Surface Pro 11 “~을 위한 비즈니스” 모델 ~와 함께  Intel Ultra 7 268V 그리고 32GB RAM ~을 위한 £2k+. Based on reviews, I expected solid 배터리 수명 of 14+  hrs — 하지만 I’m getting *awful* 배터리 drain, 그리고  기기 runs sometimes hot even on 최고의 전력 Efficiency mode, 60Hz, HDR off, 그리고 no peripherals."
"Ummm HI!! I'm quite exicted for the 2025 google event more than i am for the apple event but i'm quite confused on what to pick. If it should be a pixel 10 or a lower iphone series(probably the 15 or 15 pro max when the value for it drops). i'm currently using a pixel 6 with my screen partially cracked open😭😭(still holding onto it because it's my first BIG phone :') ). Since pixels back then were fondly known for their terrible battery life and fragile screen(got my screen completely shattered 3 days after i'd bought it😊) i'm expecting a lot from pixel 10 and it sure is a big jump. My pixel OS is wonderful, google never fails on proving how good their U.I is but i've had a lot of safety issues!😔   i would cosider samsung since they've been doing wonderful with their flagship models (s25,ultra) but it definitely is hard to switch from a pixel UI 😓.","Ummm HI!! I'm quite exicted ~을 위한  2025 google event more than i am ~을 위한  apple event 하지만 i'm quite confused on what ~에 pick. If it should be  pixel 10 또는  lower iphone series(probably  15 또는 15 pro max when  가치 ~을 위한 it drops). i'm currently 사용하는  pixel 6 ~와 함께 my 화면 partially cracked open😭😭(still holding onto it because it's my first BIG phone :') ). Since pixels back then were fondly known ~을 위한 their terrible 배터리 수명 그리고 fragile 화면(got my 화면 completely shattered 3 일 after i'd bought it😊) i'm expecting  lot from pixel 10 그리고 it sure is  big jump. My pixel OS is wonderful, google never fails on proving how 좋은 their U.I is 하지만 i've had  lot of safety issues!😔   i would cosider samsung since they've been doing wonderful ~와 함께 their flagship models (s25,ultra) 하지만 it definitely is hard ~에 switch from  pixel UI 😓."
**Motherboard** | [MSI MPG Z390 GAMING PRO CARBON ATX LGA1151 Motherboard](https://pcpartpicker.com/product/p2GxFT/msi-mpg-z390-gaming-pro-carbon-atx-lga1151-motherboard-mpg-z390-gaming-pro-carbon) | $309.00 @ Amazon,**Motherboard** | [MSI MPG Z390 게임 PRO CARBON ATX LGA1151 Motherboard](https://pcpartpicker.com/product/p2GxFT/msi-mpg-z390-게임-pro-carbon-atx-lga1151-motherboard-mpg-z390-게임-pro-carbon) | $309.00 @ Amazon
**Operating System** | [Microsoft Windows 10 Pro Retail - USB 32/64-bit](https://pcpartpicker.com/product/M9GnTW/microsoft-windows-10-pro-retail-usb-3264-bit-hav-00059) | $254.59 @ Amazon,**Operating System** | [Microsoft Windows 10 Pro Retail - USB 32/64-bit](https://pcpartpicker.com/product/M9GnTW/microsoft-windows-10-pro-retail-USB-3264-bit-hav-00059) | $254.59 @ Amazon
"So, let's start with the good. I will not evaluate the traditional pros and cons of OLED and the features of QD - OLED . No, my story is specifically about the experience of owning a Samsung Odyssey G 6 OLED and nothing more.","So, let's start ~와 함께  좋은. I will not evaluate  traditional 장점 그리고 cons of OLED 그리고  기능들 of QD - OLED . No, my story is specifically about  experience of owning  Samsung Odyssey G 6 OLED 그리고 nothing more."
Pros:,장점:
"2) The monitor cannot be turned off by the power button (as well as in the monitor menu), it simply goes into sleep mode. Because of this, it remains available in Windows as an external display . With all the resulting disadvantages (and do not forget that in order to activate DSR again, we need to physically turn off the G 6 OLED in Windows !). Therefore, I am forced to use a DisplayPort splitter and turn on / off the signal to the monitor via this splitter.","2)  모니터 cannot be turned off by  전력 button (as well as in  모니터 menu), it simply goes into sleep mode. Because of this, it remains available in Windows as  external 디스플레이 . ~와 함께 all  resulting disadvantages (그리고 do not forget that in order ~에 activate DSR again, we need ~에 physically turn off  G 6 OLED in Windows !). Therefore, I am forced ~에 사용  DisplayPort splitter 그리고 turn on / off  signal ~에  모니터 via this splitter."
Help please! I have a personal MacBook Pro (2019) and just received a new Lenovo Thinkpad for work. My problem is: I’ve already set up my MacBook to my one widescreen monitor (LG) and I hate clutter with extra cords because I need my desk space. I do not want to adjust my setup all for work. And I do not want to have to buy a new mouse and keyboard just for this.,도움 please! I have  personal MacBook Pro (2019) 그리고 just received  새로운 Lenovo Thinkpad ~을 위한 작업. My 문제 is: I’ve already set up my MacBook ~에 my one widescreen 모니터 (LG) 그리고 I hate clutter ~와 함께 extra cords because I need my desk space. I do not want ~에 adjust my setup all ~을 위한 작업. 그리고 I do not want ~에 have ~에 buy  새로운 마우스 그리고 키보드 just ~을 위한 this.
Motherboard : MSI PRO B850-P WIFI Motherboard,Motherboard : MSI PRO B850-P WIFI Motherboard
"RAM : [](https://www.amazon.co.uk/dp/B0CTHXMYL8?ref=ppx_yo2ov_dt_b_fed_asin_title)Crucial Pro DDR5 RAM 32GB Kit (2x16GB) 6000MHz CL36,","RAM : [](https://www.amazon.co.uk/dp/B0CTHXMYL8?ref=ppx_yo2ov_dt_b_fed_asin_title)Crucial Pro DDR5 RAM 32GB Kit (2x16GB) 6000MHz CL36,"
MOBO: B550M PRO-VDH WIFI (MS-7C95),MOBO: B550M PRO-VDH WIFI (MS-7C95)
OS: Windows 11 Pro (Version	10.0.26100 Build 26100),OS: Windows 11 Pro (버전	10.0.26100 Build 26100)
Storage: Samsung 990 Pro 1 TB M.2-2280 PCIe 4.0 X4 NVME Solid State Drive  ($99.99 @ Abt),저장장치: Samsung 990 Pro 1 TB M.2-2280 PCIe 4.0 X4 NVME Solid State Drive  ($99.99 @ Abt)
Dell Vostro 15 3549 no longer detects Huion Kamvas Pro 16 via HDMI adapter (used to work before),Dell Vostro 15 3549 no longer detects Huion Kamvas Pro 16 via HDMI adapter (used ~에 작업 before)
"I own a Dell Vostro 15 3549 Laptop and I’m trying to connect my Huion Kamvas Pro 16 drawing tablet to it. For doing so I use The original 3-in-1 original cable included with the Huion tablet, which uses an HDMI cable to share screen, but since my Vostro’s HDMI port isn’t directly compatible, I use the adapter that came with the tablet in order to connect it through the laptop's VGA port. The thing is that after I connect everything as it should nothing appears in the Huion tablet's screen and instead it says ""No signal"" and then ""Power saving"".","I own  Dell Vostro 15 3549 노트북 그리고 I’m trying ~에 connect my Huion Kamvas Pro 16 drawing tablet ~에 it. ~을 위한 doing so I 사용  original 3-in-1 original cable included ~와 함께  Huion tablet, which uses  HDMI cable ~에 share 화면, 하지만 since my Vostro’s HDMI 포트 isn’t directly compatible, I 사용  adapter that came ~와 함께  tablet in order ~에 connect it through  노트북's VGA 포트.  thing is that after I connect everything as it should nothing appears in  Huion tablet's 화면 그리고 instead it says ""No signal"" 그리고 then ""전력 saving""."
- Huion Kamvas Pro 16,- Huion Kamvas Pro 16
So... Has anyone had success getting a Kamvas Pro 16 working again on this exacto laptop after it suddenly stopped detecting it? Or maybe did/does someone have this problem with a different laptop or PC?,So... Has anyone had success getting  Kamvas Pro 16 작업하는 again on this exacto 노트북 after it suddenly stopped detecting it? 또는 maybe did/does someone have this 문제 ~와 함께  different 노트북 또는 PC?
"* 2021 16"" Macbook Pro M1 Pro","* 2021 16"" Macbook Pro M1 Pro"
this is my full specs: msi mag a550bn msi a520m-a pro 2x8gb 3200mhz ripjaws v 5600g gigabyte 6600xt gaming oc adata sx8200pro 1tb teamgroup mp33 256gb seagate barracuda 5400rpm 1tb lg 24mr400-b,this is my full specs: msi mag a550bn msi a520m- pro 2x8gb 3200mhz ripjaws v 5600g gigabyte 6600xt 게임 oc adata sx8200pro 1tb teamgroup mp33 256gb seagate barracuda 5400rpm 1tb lg 24mr400-b
- ran driver booster to detect out of date drivers (says display driver is faulty but can only update by upgrading to pro for $35),- ran driver booster ~에 detect out of date drivers (says 디스플레이 driver is faulty 하지만 can only update by upgrading ~에 pro ~을 위한 $35)
"**RAM** 32 GB Corsair Vengeance RGB Pro DDR4‑3600 (2 × 16) , XMP on , 18‑22‑22‑42‑64 , Gear 1,  CR 2T","**RAM** 32 GB Corsair Vengeance RGB Pro DDR4‑3600 (2 × 16) , XMP on , 18‑22‑22‑42‑64 , Gear 1,  CR 2T"
**Storage** Samsung 990 Pro 1 TB,**저장장치** Samsung 990 Pro 1 TB
**OS** Windows 10 Pro 22H2 (19045.5737),**OS** Windows 10 Pro 22H2 (19045.5737)
\* Performed a clean install of Windows 11 Pro from the latest media (problem occurred).,\* Performed  clean install of Windows 11 Pro from  latest media (문제 occurred).
\* Changed the key \`xHCI Hand-off\` setting to both \`Enabled\` and \`Disabled\` - with no positive result.,\* Changed  key \`xHCI Hand-off\` setting ~에 both \`Enabled\` 그리고 \`Disabled\` - ~와 함께 no positive result.
"I built a pc not too long ago, around Christmas of 2024. It included a ryzen 5 7600x, 32 gigabytes of  ddr5 ram (6400 mhz, and expo is on), an rtx 4070 super, and an asrock a620m pro RS WIFI motherboard. My computer worked perfectly fine and didn't have any fps issues, stuttering, etc...","I built  pc not too long ago, around Christmas of 2024. It included  ryzen 5 7600x, 32 gigabytes of  ddr5 RAM (6400 mhz, 그리고 expo is on),  rtx 4070 super, 그리고  asrock a620m pro RS WIFI motherboard. My 컴퓨터 worked perfectly fine 그리고 didn't have any fps issues, stuttering, etc..."
* **Storage:** Samsung 990 Pro 2TB,* **저장장치:** Samsung 990 Pro 2TB
OS: Windows 11 Pro 24H2,OS: Windows 11 Pro 24H2
I have been working with this Kingstons external SSD for some months now. I bought it to use with my Iphone 16 Pro for pictures and videos.,I have been 작업하는 ~와 함께 this Kingstons external SSD ~을 위한 some 개월 now. I bought it ~에 사용 ~와 함께 my Iphone 16 Pro ~을 위한 pictures 그리고 videos.
MSI Pro B650-P WiFi Motherboard,MSI Pro B650-P WiFi Motherboard
Windows 10 Pro 22H2 64-bit,Windows 10 Pro 22H2 64-bit
* **Storage:** Samsung 990 PRO 1TB (OS) + 990 PRO 4TB (games/files),* **저장장치:** Samsung 990 PRO 1TB (OS) + 990 PRO 4TB (games/files)
* **OS:** Windows 11 Pro (build 26100+),* **OS:** Windows 11 Pro (build 26100+)
"13 pro currently running iOS 18.5 but constantly having issues.  Endless lagging, crashing, phone just not behaving like a phone.","13 pro currently running iOS 18.5 하지만 constantly having issues.  Endless lagging, crashing, phone just not behaving 마음에 드는  phone."
**Memory** | Corsair Vengeance RGB Pro 32 GB (2 x 16 GB) DDR4-3600 CL18 Memory,**메모리** | Corsair Vengeance RGB Pro 32 GB (2 x 16 GB) DDR4-3600 CL18 메모리
**Memory** | Corsair Vengeance RGB Pro 32 GB (2 x 16 GB) DDR4-3600 CL18 Memory,**메모리** | Corsair Vengeance RGB Pro 32 GB (2 x 16 GB) DDR4-3600 CL18 메모리
PS: certe volte quando apro delle app è come se non funzionano e se clicco qualcosa lì dentro mi si aprono app tipo calcolatrice e Microsoft shop ecc. ma non sempre,PS: certe volte quando apro delle app è come se non funzionano e se clicco qualcosa lì dentro mi si aprono app tipo calcolatrice e Microsoft shop ecc. ma non sempre
Macbook is a M4 MacBook Pro with the M4 Pro Chip,Macbook is  M4 MacBook Pro ~와 함께  M4 Pro Chip
"Typically after about two minutes elapsing, on Hardware Monitor Pro I can see Package and P-Cores (Max) hitting 100c. As well as P-Core #5 and #7.","Typically after about two 분 elapsing, on Hardware 모니터 Pro I can see Package 그리고 P-Cores (Max) hitting 100c. As well as P-Core #5 그리고 #7."
"* **Motherboard:** ASUS TUF B450 Gaming Pro S , its PCIe 3.0 x16","* **Motherboard:** ASUS TUF B450 게임 Pro S , its PCIe 3.0 x16"
"Hi guys. I have a 16 pro max and my service provider is Xfinity. Everything is updated to jos 18. Recently I ported a number to replace mine. Since then, one of my contacts - my cousin, who I message has been saying she never got my messages. I'm receiving hers, but she's not getting mine. Even in group chats, she can't see my messages. She has metro by T-Mobile and an iPhone 15, and before my number changed, this wasn't an issue. I tried sending a message to her through the email attached to my Apple account but that didn't work either. My mms is on, and so is RCS. How can I fix this? I don't know what to do and I don't want to contact my service provider due to this happening with only one of my contacts. Please help ! I can only contact her through Instagram 😭😭😭","Hi guys. I have  16 pro max 그리고 my 서비스 provider is Xfinity. Everything is updated ~에 jos 18. Recently I ported  number ~에 replace mine. Since then, one of my contacts - my cousin, who I message has been saying she never got my messages. I'm receiving hers, 하지만 she's not getting mine. Even in group chats, she can't see my messages. She has metro by T-Mobile 그리고  iPhone 15, 그리고 before my number changed, this wasn't  문제. I tried sending  message ~에 her through  email attached ~에 my Apple account 하지만 that didn't 작업 either. My mms is on, 그리고 so is RCS. How can I 수정 this? I don't know what ~에 do 그리고 I don't want ~에 contact my 서비스 provider due ~에 this happening ~와 함께 only one of my contacts. Please 도움 ! I can only contact her through Instagram 😭😭😭"
Motherboard: 	**MSI PRO B760M-P Micro ATX LGA1700 Motherboard**,Motherboard: 	**MSI PRO B760M-P Micro ATX LGA1700 Motherboard**
"RAM: Corsair Vengeance RGB PRO DDR4 (speed not listed, RGB LED)","RAM: Corsair Vengeance RGB PRO DDR4 (속도 not listed, RGB LED)"
"•	Mobo: MSI B550-A PRO (BIOS build date July 13, 2024)","•	Mobo: MSI B550- PRO (BIOS build date July 13, 2024)"
"Lenovo Legion 7i Pro Charging & Heating Issues — Need Help, Extremely Frustrated","Lenovo Legion 7i Pro 충전 & Heating Issues — Need 도움, Extremely Frustrated"
"I’m using a Lenovo Legion 7i Pro (around 2 years old, out of warranty, foreign unit), and to be honest, I’ve never been fully happy with its performance. Recently, things got worse — it started heating up excessively and the charging started acting up.","I’m 사용하는  Lenovo Legion 7i Pro (around 2 년 오래된, out of warranty, foreign unit), 그리고 ~에 be honest, I’ve never been fully 만족하는 ~와 함께 its 성능. Recently, things got worse — it started heating up excessively 그리고  충전 started acting up."
"Disk Drive Samsung SSD 980 PRO 2TB  (2000 GB, PCI-E 4.0 x4)","Disk Drive Samsung SSD 980 PRO 2TB  (2000 GB, PCI-E 4.0 x4)"
* I’m using an MSI PRO Z690-A DDR4 motherboard with an Intel i5-12400F.,* I’m 사용하는  MSI PRO Z690- DDR4 motherboard ~와 함께  Intel i5-12400F.
* **Motherboard:** MSI PRO Z690-A DDR4,* **Motherboard:** MSI PRO Z690- DDR4
* A: Samsung 990 Pro 1TB NVMe (Games),* : Samsung 990 Pro 1TB NVMe (Games)
RAM: Crucial Pro RAM DDR5 32GB Kit (2x16GB) 6000MHz,RAM: Crucial Pro RAM DDR5 32GB Kit (2x16GB) 6000MHz
"1. MacBook Pro 14"" (M3 Pro)","1. MacBook Pro 14"" (M3 Pro)"
Laptop: 2019 16-inch Macbook Pro (Intel),노트북: 2019 16-inch Macbook Pro (Intel)
"MacBook Pro 13"" M1 2020","MacBook Pro 13"" M1 2020"
"Currently, I can play TES IV: Oblivion but cannot play CoD: MW 3. I can edit videos taken from my camera but if I download some resource/template videos from Youtube and convert them to be compatible with Premiere Pro with Handbrake, it glitches out.","Currently, I can play TES IV: Oblivion 하지만 cannot play CoD: MW 3. I can edit videos taken from my camera 하지만 if I download some resource/template videos from Youtube 그리고 convert them ~에 be compatible ~와 함께 Premiere Pro ~와 함께 Handbrake, it glitches out."
DEVICE: Lenovo legion-pro-7-16irx8h,기기: Lenovo legion-pro-7-16irx8h
"SO today I took my brand new DJI Mini 3 (drone) out and my iPhone 16 Pro of course,  to get some footage of a surf school for my client right?","SO today I took my brand 새로운 DJI Mini 3 (drone) out 그리고 my iPhone 16 Pro of course,  ~에 get some footage of  surf school ~을 위한 my client right?"
Motherboard: MSI B550M PRO-VDH WIFI,Motherboard: MSI B550M PRO-VDH WIFI
"I guess laptops are made to be used as mobile devices and, thus, also outside - but I was wondering whether you can damage them with that? For example, the lid of the Lenovo Yoga Pro 9i 16 get's very hot when facing the sun - can this damage/break the display? (it is a miniLED display), in particular if the brightness is fully cranked up (because of using it in the sun ;-)","I guess 노트북들 are made ~에 be used as mobile devices 그리고, thus, also outside - 하지만 I was wondering whether you can damage them ~와 함께 that? ~을 위한 example,  lid of  Lenovo Yoga Pro 9i 16 get's very hot when facing  sun - can this damage/break  디스플레이? (it is  miniLED 디스플레이), in particular if  밝기 is fully cranked up (because of 사용하는 it in  sun ;-)"
•	iPad Pro M4,•	iPad Pro M4
•	iPhone 16 Pro Max,•	iPhone 16 Pro Max
•	MacBook Pro M3 Max,•	MacBook Pro M3 Max
•	OS: Windows 11 Pro (fully updated),•	OS: Windows 11 Pro (fully updated)
iPhone 11 Pro Kernel Panics and Bootlooping Issues,iPhone 11 Pro Kernel Panics 그리고 Bootlooping Issues
"As i said in the title, i recently bought a iPhone 11 Pro for around 90$ (320pln) thats mint but has kernel panics and bootloops pretty frequently. I have been watching the phone very carefully and i will list all of the things i noticed under this. I ask for help of resolving this issue since i have no prior knowledge of understanding kernel panics and other stuff.","As i said in  title, i recently bought  iPhone 11 Pro ~을 위한 around 90$ (320pln) thats mint 하지만 has kernel panics 그리고 bootloops pretty frequently. I have been watching  phone very carefully 그리고 i will list all of  things i noticed under this. I ask ~을 위한 도움 of resolving this 문제 since i have no prior knowledge of understanding kernel panics 그리고 other stuff."
"Later I took out Maytag MVWP575GW from the race as 2019 and later SQ TC5 changed the [agitation action](https://www.youtube.com/watch?v=amP-dEZwcYE). I also read the that model of Maytag 575 were eating up the gearboxes as it has a plastic gear box unlike SQ has aluminium, Maytag 575 has a hanging suspension which is also not desired. One good thing though it has dual action agitator, push and pull unlike SQ TC5. Any-who, the Maytag was out.","Later I took out Maytag MVWP575GW from  race as 2019 그리고 later SQ TC5 changed  [agitation action](https://www.youtube.com/watch?v=amP-dEZwcYE). I also read  that 모델 of Maytag 575 were eating up  gearboxes as it has  plastic gear box unlike SQ has aluminium, Maytag 575 has  hanging suspension which is also not desired. One 좋은 thing though it has dual action agitator, push 그리고 pull unlike SQ TC5. Any-who,  Maytag was out."
BURST Pro Sonic Electric Toothbrush Review + Oral-B Smart 1500 Comparison,BURST Pro Sonic Electric Toothbrush Review + Oral-B Smart 1500 Comparison
"BURST recently released an upgraded version of their popular ""Original Sonic Toothbrush,"" named the ""Pro Sonic"" Electric Toothbrush, for $79.99.","BURST recently released  upgraded 버전 of their popular ""Original Sonic Toothbrush,"" named  ""Pro Sonic"" Electric Toothbrush, ~을 위한 $79.99."
* Burst Pro - 50db,* Burst Pro - 50db
* There is no travel case. They are apparently actively developing a new case for the pro brush and hope to have a release in early 2024.,* There is no travel case. They are apparently actively developing  새로운 case ~을 위한  pro brush 그리고 hope ~에 have  release in early 2024.
* The Pro charger is not sold separately,*  Pro charger is not sold separately
"The Burst Pro Sonic Electric Toothbrush cleans your teeth well (especially in between your teeth and under your gums), has stellar battery life, has USB C, but has a poor implementation of the pressure sensor and a non haptic power button.","Burst Pro Sonic Electric Toothbrush cleans your teeth well (especially in between your teeth 그리고 under your gums), has stellar 배터리 수명, has USB C, 하지만 has  poor implementation of  pressure sensor 그리고  non haptic 전력 button."
"- Buck Mason - Field Spec - this is 100% cotton versus the Heavy bag which is approx half cotton, half polyester. Field spec has a nice subtle texture to it, and nice seams. Its a tad softer than heavy bag, which may be a pro or a con depending on how you look at it.","- Buck Mason - Field Spec - this is 100% cotton versus  Heavy bag which is approx half cotton, half polyester. Field spec has  nice subtle texture ~에 it, 그리고 nice seams. Its  tad softer than heavy bag, which may be  pro 또는  con depending on how you look at it."
"* Samsung Galaxy Xcover Pro  (no LOS support yet, but still supported by manufacturer)","* Samsung Galaxy Xcover Pro  (no LOS 지원 yet, 하지만 still supported by manufacturer)"
"Galaxy Book5 Pro (14"", Core Ultra 7, 16GB) vs Microsoft Surface pro 11 laptop 256gb 13""?","Galaxy Book5 Pro (14"", Core Ultra 7, 16GB) vs Microsoft Surface pro 11 노트북 256gb 13""?"
"I am very torn between these two laptops and am hoping you guys can help me out with your honest input and insight, the Book5 Pro was the original laptop I was looking at for a while as the new laptop I will inevitablely need to get to replace my current lenovo thats kind of going now and is a 15/16 ish inch which is too big for my liking","I am very torn between these two 노트북들 그리고 am hoping you guys can 도움 me out ~와 함께 your honest input 그리고 insight,  Book5 Pro was  original 노트북 I was looking at ~을 위한  while as  새로운 노트북 I will inevitablely need ~에 get ~에 replace my current lenovo thats kind of going now 그리고 is  15/16 ish inch which is too big ~을 위한 my liking"
The Galaxy Book Pro 5 comes with a free Galaxy tab9 tablet too,Galaxy Book Pro 5 comes ~와 함께  free Galaxy tab9 tablet too
"I am looking for a laptop that has at least 24gb ram (32gb ram would be better as i currently have one) and 512gb ssd (i really dont care about this one but 512 is min). I am currently trying to choose between a windows laptop and macbook… I found a m1 pro macbook pro for $837 that has good specs (32gb ram, 16 core gpu (idk if thats good), 512gb ssd) with 1 year warranty and (free) 30 days returns. I am using it for 1080p video editing, photo editing, 3d rendering (fusion360 and blender) and programming (doesnt really matter). Macbooks have good battery life but windows dont (depends but most dont). I will be traveling with a laptop so portitbilt is also important. I currently have a 2019 16inch macbook pro, i9-9980HK 32gb ram 1tb ssd and its overheating and has a terrible battery life (dies in 2 hours 30 minutes to 3 hours and 30 mins) because of its 1200 charge cycles (which i think is good cuz thats alot). I need to replace the battery but its having lagging issues with multiple (2) browsers running for long (payed $3000+ on this 5 years ago which is crazy) so getting a new one is probably better.","I am looking ~을 위한  노트북 that has at least 24gb RAM (32gb RAM would be 더 나은 as i currently have one) 그리고 512gb SSD (i really dont care about this one 하지만 512 is min). I am currently trying ~에 choose between  windows 노트북 그리고 macbook… I found  m1 pro macbook pro ~을 위한 $837 that has 좋은 specs (32gb RAM, 16 core gpu (idk if thats 좋은), 512gb SSD) ~와 함께 1 year warranty 그리고 (free) 30 일 returns. I am 사용하는 it ~을 위한 1080p 비디오 편집, 사진 편집, 3d rendering (fusion360 그리고 blender) 그리고 programming (doesnt really matter). Macbooks have 좋은 배터리 수명 하지만 windows dont (depends 하지만 most dont). I will be traveling ~와 함께  노트북 so portitbilt is also important. I currently have  2019 16inch macbook pro, i9-9980HK 32gb RAM 1tb SSD 그리고 its overheating 그리고 has  terrible 배터리 수명 (dies in 2 시간 30 분 ~에 3 시간 그리고 30 mins) because of its 1200 충전 cycles (which i think is 좋은 cuz thats alot). I need ~에 replace  배터리 하지만 its having lagging issues ~와 함께 multiple (2) browsers running ~을 위한 long (payed $3000+ on this 5 년 ago which is crazy) so getting  새로운 one is probably 더 나은."
"Edit: Thank you so much the suggestions and advice regarding sharing at college! I’m going with either [Kenmore Intuition](http://hwturtle.com/go/B08CXPQXL5?p=kat), or [Miele C1](https://hwturtle.com/go/B07P97CD5T?p=kat), due to my budget and the positive reviews you shared about them, and as most of you suggested, I won’t be splitting it with dormmates. I did a comparison between the different models mentioned and I'm sharing it here as it may prove useful to someone else.","Edit: Thank you so much  suggestions 그리고 advice regarding sharing at college! I’m going ~와 함께 either [Kenmore Intuition](http://hwturtle.com/go/B08CXPQXL5?p=kat), 또는 [Miele C1](https://hwturtle.com/go/B07P97CD5T?p=kat), due ~에 my 예산 그리고  positive reviews you shared about them, 그리고 as most of you suggested, I won’t be splitting it ~와 함께 dormmates. I did  comparison between  different models mentioned 그리고 I'm sharing it here as it may prove useful ~에 someone else."
"Fourth is display. A high quality screen helps with color accuracy and detail. Generally, MacBooks have pretty good screens, but the M4 Pros do give you the option to upgrade to a nanotexture display, which gives you that crystal clear clarity and helps reduce glare. Honestly, it's pretty sweet, and if you have the budget, I would recommend getting it, especially if you take your laptop around to different places a lot where there might be sunlight or glare.","Fourth is 디스플레이.  high 품질 화면 helps ~와 함께 색상 accuracy 그리고 detail. Generally, MacBooks have pretty 좋은 screens, 하지만  M4 장점 do give you  옵션 ~에 업그레이드 ~에  nanotexture 디스플레이, which gives you that crystal clear clarity 그리고 helps reduce glare. Honestly, it's pretty sweet, 그리고 if you have  예산, I would 추천하는 getting it, especially if you take your 노트북 around ~에 different places  lot where there might be sunlight 또는 glare."
"And last is portability. In this video, we're just talking about MacBooks, not iMacs or Mac Pros or anything like that. If you're a professional editor, you might want to look into that. But the cool thing is MacBooks are phenomenal for almost all video editing. So that's what we're covering today, but we will talk about how screen size factors into that.","그리고 last is portability. In this video, we're just talking about MacBooks, not iMacs 또는 Mac 장점 또는 anything 마음에 드는 that. If you're  professional editor, you might want ~에 look into that. 하지만  cool thing is MacBooks are phenomenal ~을 위한 almost all 비디오 편집. So that's what we're covering today, 하지만 we will talk about how 화면 size factors into that."
* [Lenovo Yoga Pro 9i 16” Laptop](https://laptopgamings.com/laptops-for-video-editing/#Lenovo_Yoga_Pro_9i_16%E2%80%9D_Laptop),* [Lenovo Yoga Pro 9i 16” 노트북](https://laptopgamings.com/노트북들-~을 위한-video-편집/#Lenovo_Yoga_Pro_9i_16%E2%80%9D_Laptop)
* [Acer ConceptD 5 Pro Laptop](https://laptopgamings.com/laptops-for-video-editing/#Acer_ConceptD_5_Pro_Laptop),* [Acer ConceptD 5 Pro 노트북](https://laptopgamings.com/노트북들-~을 위한-video-편집/#Acer_ConceptD_5_Pro_Laptop)
"Hi, looking for a well padded rolling laptop bag (getting old and don't want to carry a backpack). I have  a 16"" Macbook Pro - primary use is for a laptop, cords, batteries, small accessories/cables etc.","Hi, looking ~을 위한  well padded rolling 노트북 bag (getting 오래된 그리고 don't want ~에 carry  backpack). I have   16"" Macbook Pro - primary 사용 is ~을 위한  노트북, cords, batteries, small accessories/cables etc."
"I have 4 dogs (2 German shepherd, 1 husky, and 1 pitbull) my LG washer recently kicked the bucket and refuses to drain. I have VERY thoroughly cleaned it and replaced the drain pump motor to no avail. So I guess I need a new washer (unless anyone has anything to recommend for my broken one) I have been looking at the Maytag pet pro washer, and although nothing is wrong with my dryer my brother needs one so I will probably give it to him. Is the washer dryer set im looking at good? Or is there something better for 4 dogs, we have a lot of dog hair in the house.","I have 4 dogs (2 German shepherd, 1 husky, 그리고 1 pitbull) my LG washer recently kicked  bucket 그리고 refuses ~에 drain. I have VERY thoroughly cleaned it 그리고 replaced  drain pump motor ~에 no avail. So I guess I need  새로운 washer (unless anyone has anything ~에 추천하는 ~을 위한 my broken one) I have been looking at  Maytag pet pro washer, 그리고 although nothing is wrong ~와 함께 my dryer my brother needs one so I will probably give it ~에 him. Is  washer dryer set im looking at 좋은? 또는 is there something 더 나은 ~을 위한 4 dogs, we have  lot of dog hair in  house."
"**EDIT #2:** All right gaiz, after digging through all of this, the non-pro white Eneloop battery claims the budget crown when it comes to price vs. performance in the US (for a 4-bay charger, at least): https://smile.amazon.com/gp/product/B00JHKSMJU","**EDIT #2:** All right gaiz, after digging through all of this,  non-pro white Eneloop 배터리 claims  예산 crown when it comes ~에 가격 vs. 성능 in  US (~을 위한  4-bay charger, at least): https://smile.amazon.com/gp/product/B00JHKSMJU"
"* You can supposedly kickstart a fully spent battery that refuses to charge by touching its negative side with a charged battery's positive side, probably for several seconds (hopefully I'll never need to do this).","* You can supposedly kickstart  fully spent 배터리 that refuses ~에 충전 by touching its negative side ~와 함께  charged 배터리's positive side, probably ~을 위한 several seconds (hopefully I'll never need ~에 do this)."
"I have 35 feet of Amsteel blue synthetic winch line. Compared to some electric bumper mounted winches I am at a disadvantage due to the lack of line. Depending upon the type of area you may need to winch this can be a draw back. Personally, I have had to do several pulls over 100 feet in total length. And, it is very time consuming with a manual winch. However, you do not have to worry about draining your battery when you are miles away from help! Did I mention a manual winch is very time consuming? lol.","I have 35 feet of Amsteel blue synthetic winch line. Compared ~에 some electric bumper mounted winches I am at  disadvantage due ~에  lack of line. Depending upon  type of area you may need ~에 winch this can be  draw back. Personally, I have had ~에 do several pulls over 100 feet in total length. 그리고, it is very time consuming ~와 함께  manual winch. However, you do not have ~에 worry about draining your 배터리 when you are miles away from 도움! Did I mention  manual winch is very time consuming? lol."
·       Biggest positive: it’s truly spacious and fits comforters easily.,·       Biggest positive: it’s truly spacious 그리고 fits comforters easily.
Does anyone have experience using it? Are they useful and worth it? What might be the pros and cons?,Does anyone have experience 사용하는 it? Are they useful 그리고 worth it? What might be  장점 그리고 cons?
* Pro baffle filter (I think no mesh?),* Pro baffle filter (I think no mesh?)
"Sodium bicarbonate, often referred to as baking soda, transcends its role as a mere kitchen staple; it emerges as a formidable, natural ally in the realm of personal care. This unassuming compound has the remarkable ability to substitute traditional products such as soap, deodorant, and toothpaste, all while offering a gentle cleansing alternative devoid of the harsh chemicals that often infiltrate our bodies. Delve into the myriad benefits of sodium bicarbonate, its positive environmental impact, and discover how to incorporate it seamlessly into your daily routine for a healthier, toxin-free lifestyle. After all, who knew that such a humble ingredient could wield such transformative power?","Sodium bicarbonate, often referred ~에 as baking soda, transcends its role as  mere kitchen staple; it emerges as  formidable, natural ally in  realm of personal care. This unassuming compound has  remarkable ability ~에 substitute traditional products such as soap, deodorant, 그리고 toothpaste, all while offering  gentle cleansing alternative devoid of  harsh chemicals that often infiltrate our bodies. Delve into  myriad 이점들 of sodium bicarbonate, its positive environmental impact, 그리고 discover how ~에 incorporate it seamlessly into your 매일 routine ~을 위한  healthier, toxin-free lifestyle. After all, who knew that such  humble ingredient could wield such transformative 전력?"
"Incorporating sodium bicarbonate into skincare regimens allows individuals to enjoy its gentle exfoliation benefits, leading to a complexion that practically glows. This unique compound not only refreshes the skin but also fosters a sense of well-being by helping the body release toxic acids from the body and regain a basic pH balance of the body, proving that its multifaceted advantages extend well beyond mere culinary delights into the realm of daily life improvements.","Incorporating sodium bicarbonate into skincare regimens allows individuals ~에 enjoy its gentle exfoliation 이점들, leading ~에  complexion that practically glows. This unique compound not only refreshes  skin 하지만 also fosters  sense of well-being by helping  body release toxic acids from  body 그리고 regain  basic pH balance of  body, proving that its multifaceted 장점들 extend well beyond mere culinary delights into  realm of 매일 life improvements."
"I've heard good things about the LG LP1419IVSM, though it's not dual hose? Dual hoses don't seem super popular, yet also highly desired? The smart control seems nice so I could make it work most efficiently/comfortable for me based on time and if I'm around/coming home, etc. At least that's my thought...","I've heard 좋은 things about  LG LP1419IVSM, though it's not dual hose? Dual hoses don't seem super popular, yet also highly desired?  smart control seems nice so I could make it 작업 most efficiently/comfortable ~을 위한 me based on time 그리고 if I'm around/coming home, etc. At least that's my thought..."
"Hello! I'm looking to invest in a solid backpack (currently in college), as I've gone through several in the past years. I'm going to outline the pros and cons of the backpack I have now as to highlight the features which I value. The current backpack I have is some no-name brand that my father got as a gift from his work. When he learned that I was in need of a new backpack, he gladly gave it to me, but the quality is lacking to say they least (I've had it for about 16 months).","Hello! I'm looking ~에 invest in  solid backpack (currently in college), as I've gone through several in  past 년. I'm going ~에 outline  장점 그리고 cons of  backpack I have now as ~에 highlight  기능들 which I 가치.  current backpack I have is some no-name brand that my father got as  gift from his 작업. When he learned that I was in need of  새로운 backpack, he gladly gave it ~에 me, 하지만  품질 is lacking ~에 say they least (I've had it ~을 위한 about 16 개월)."
Pros:,장점:
"*Good things come to those who wait and we’re pleased to say that HebTroCo t-shirts will be back this Spring/Summer 2025.""*","*좋은 things come ~에 those who wait 그리고 we’re pleased ~에 say that HebTroCo t-shirts will be back this Spring/Summer 2025.""*"
"* **Image quality**: Sharp enough for casual use. Not GoPro Max level, but good enough for YouTube/VR headset playback. Stitching is better than expected—only really noticeable if you look closely at the seams.","* **Image 품질**: Sharp enough ~을 위한 casual 사용. Not GoPro Max level, 하지만 좋은 enough ~을 위한 YouTube/VR headset playback. Stitching is 더 나은 than expected—only really noticeable if you look closely at  seams."
"Last weekend, I went camping in the mountains with friends. The plan was all set, but when night fell, we found that the small power supply we brought couldn't hold up at all — phones were almost dead, making it impossible to contact the outside world; the small desk lamp flickered on and off, and even boiling instant noodles had to be done in the dark. We were in a flurry when Dave, who was with us, took out a GRECELL T-1000. After plugging in the appliances, it actually held steady until the next morning. This incident made me very interested in this power supply, so I studied it carefully and now I'll talk about its pros and cons.​","Last weekend, I went camping in  mountains ~와 함께 friends.  plan was all set, 하지만 when night fell, we found that  small 전력 supply we brought couldn't hold up at all — phones were almost dead, making it impossible ~에 contact  outside world;  small desk lamp flickered on 그리고 off, 그리고 even boiling instant noodles had ~에 be done in  dark. We were in  flurry when Dave, who was ~와 함께 us, took out  GRECELL T-1000. After plugging in  appliances, it actually held steady until  next morning. This incident made me very interested in this 전력 supply, so I studied it carefully 그리고 now I'll talk about its 장점 그리고 cons.​"
Let's start with the advantages of the GRECELL T-1000​,Let's start ~와 함께  장점들 of  GRECELL T-1000​
* [Shokz OpenRun Pro 2 Wireless Earbuds](https://homeofficeworld.com/best-headphones-for-running/#Shokz_OpenRun_Pro_2_Wireless_Earbuds),* [Shokz OpenRun Pro 2 Wireless Earbuds](https://homeofficeworld.com/최고의-headphones-~을 위한-running/#Shokz_OpenRun_Pro_2_Wireless_Earbuds)
* [Beats Fit Pro Wireless Earbuds](https://homeofficeworld.com/best-headphones-for-running/#Beats_Fit_Pro_Wireless_Earbuds),* [Beats Fit Pro Wireless Earbuds](https://homeofficeworld.com/최고의-headphones-~을 위한-running/#Beats_Fit_Pro_Wireless_Earbuds)
* [Apple AirPods Pro 2](https://homeofficeworld.com/best-headphones-for-running/#Apple_AirPods_Pro_2),* [Apple AirPods Pro 2](https://homeofficeworld.com/최고의-headphones-~을 위한-running/#Apple_AirPods_Pro_2)
"Battery life is the other important feature no one can afford to ignore. The [Apple AirPods Pro 2](https://homeofficeworld.com/best-headphones-for-running/#Apple_AirPods_Pro_2) has a lower lifespan, the Bose set, at 8.5 hours, is firmly in the middle, and the [Shokz OpenRun Pro 2 Wireless Earbuds](https://homeofficeworld.com/best-headphones-for-running/#Shokz_OpenRun_Pro_2_Wireless_Earbuds) keep right on working for 12 whole hours.","배터리 수명 is  other important feature no one can afford ~에 ignore.  [Apple AirPods Pro 2](https://homeofficeworld.com/최고의-headphones-~을 위한-running/#Apple_AirPods_Pro_2) has  lower lifespan,  Bose set, at 8.5 시간, is firmly in  middle, 그리고  [Shokz OpenRun Pro 2 Wireless Earbuds](https://homeofficeworld.com/최고의-headphones-~을 위한-running/#Shokz_OpenRun_Pro_2_Wireless_Earbuds) keep right on 작업하는 ~을 위한 12 whole 시간."
* [**Zendure SuperBase Pro 2000**](https://scogig.com/zendure-superbase-pro-2000/),* [**Zendure SuperBase Pro 2000**](https://scogig.com/zendure-superbase-pro-2000/)
[**9. Braun Oral-B Pro 7000:**](https://scogig.com/xiaomi-mijia-t100/),[**9. Braun Oral-B Pro 7000:**](https://scogig.com/xiaomi-mijia-t100/)
* **Why It Stands Out:** The Oral-B Pro 7000 is a popular choice known for its effective plaque removal and user-friendly interface. Bluetooth connectivity allows for app integration and personalized brushing guidance.,* **Why It Stands Out:**  Oral-B Pro 7000 is  popular 선택 known ~을 위한 its effective plaque removal 그리고 사용자-friendly interface. Bluetooth 연결성 allows ~을 위한 app integration 그리고 personalized brushing guidance.
I've read good things about Sony and Bose. What do you suggest?,I've read 좋은 things about Sony 그리고 Bose. What do you suggest?
Oral B pro 100,Oral B pro 100
Oral B pro 700,Oral B pro 700
Previously I had the Powerbeats pro and I hated them. I thought the sound was kind of muddy and turning it up muffled out the finer details of music. The battery life was also a major downside.,Previously I had  Powerbeats pro 그리고 I hated them. I thought  sound was kind of muddy 그리고 turning it up muffled out  finer details of music.  배터리 수명 was also  major downside.
I am looking to get new earbuds.  I have the apple AirPod pros and they are making a high pitch screeching sound. I’ve had them for about 4 years.  Noise cancelling preferred. Fairly good battery life. Good microphone for calls.  I’d love to know what people have had experience with.,I am looking ~에 get 새로운 earbuds.  I have  apple AirPod 장점 그리고 they are making  high pitch screeching sound. I’ve had them ~을 위한 about 4 년.  Noise cancelling preferred. Fairly 좋은 배터리 수명. 좋은 microphone ~을 위한 calls.  I’d 좋아하는 ~에 know what people have had experience ~와 함께.
"The existing fan is 59""  Can probably go up a couple inches, the most important thing for this is airflow.  Don't care about velocity, just airflow.  The wall panel control is #2, the timer is #3, and replacable light is last.  I couldn't care less about the noise, especially since I'm looking at wanting one with larger blades.  Because of the location of the fan, I know I'll need to get a pro to come in anyway - too dangerous for an amateur to get on a ladder that's half on stairs and get into the electrical wiring.","existing fan is 59""  Can probably go up  couple inches,  most important thing ~을 위한 this is airflow.  Don't care about velocity, just airflow.   wall panel control is #2,  timer is #3, 그리고 replacable 가벼운 is last.  I couldn't care less about  noise, especially since I'm looking at wanting one ~와 함께 larger blades.  Because of  location of  fan, I know I'll need ~에 get  pro ~에 come in anyway - too dangerous ~을 위한  amateur ~에 get on  ladder that's half on stairs 그리고 get into  electrical wiring."
I have the Logitech MX Keys. It is okay. It can connect with two PCs and switch easily. That is huge pro for me so that I don't have to deal with something like a KMV switch. Battery life and Bluetooth connection works great.,I have  Logitech MX 키. It is okay. It can connect ~와 함께 two PCs 그리고 switch easily. That is huge pro ~을 위한 me so that I don't have ~에 deal ~와 함께 something 마음에 드는  KMV switch. 배터리 수명 그리고 Bluetooth 연결 works 훌륭한.
"yesterday my lasko utility fan [U15610M](https://www.lasko.com/mx-en/products/pro-performance-pivoting-utility-fan-u15610/) started doing weird noise ,so I dismantled it and noticed a few cracks on the blower wheel, I want to repair if possible but I don't really know how as the material is too rigid , so I'm looking for replacement parts , but lasko only sells the freaking knob.","yesterday my lasko utility fan [U15610M](https://www.lasko.com/mx-en/products/pro-성능-pivoting-utility-fan-u15610/) started doing weird noise ,so I dismantled it 그리고 noticed  few cracks on  blower wheel, I want ~에 repair if possible 하지만 I don't really know how as  material is too rigid , so I'm looking ~을 위한 replacement parts , 하지만 lasko only sells  freaking knob."
"So yeah, pretty much the main differences.  Everything else is the same (Great washing, great reliability, great water efficciency).  The only advantage (according to the chart) is that the 7100 has less vibration than the wm3500.  That aside, everything is still is good.","So yeah, pretty much  main differences.  Everything else is  same (훌륭한 washing, 훌륭한 reliability, 훌륭한 water efficciency).   only advantage (according ~에  chart) is that  7100 has less vibration than  wm3500.  That aside, everything is still is 좋은."
"Despite me thinking a computer case would outlast the rest of the computer, apparently the Phanteks Enthoo Pro I got in 2016 isn't that good for durability, with its parts failing long before anything in my PC came to being even close to obsolete. Although it could probably last a lifetime technically, as everything is fairly easily replacable and they will send replacement parts upon request, I would prefer not to need to buy replacement parts after only a couple of years. First, I accidentally broke a tab holding in the front dust filter, but I could glue that back on. Later on, a few months ago, my headphone jack started failing, and eventually I had to buy a new front panel for it for a bit over $20 to replace quickly. Now that I have two panels, I could try to repair the old one while the new one is still in use, though the design itself is dumb, with the end of the headphone jack being on the PCB instead of the long side being mounted on a perpendicular PCB. Recently, my fans made weird noises on one of my rare start-ups (I run this computer as both a PC, router, and server) too, but maybe those will amount to nothing. Still, I am not confident in the quality of this case anymore.","Despite me thinking  컴퓨터 case would outlast  rest of  컴퓨터, apparently  Phanteks Enthoo Pro I got in 2016 isn't that 좋은 ~을 위한 durability, ~와 함께 its parts failing long before anything in my PC came ~에 being even close ~에 obsolete. Although it could probably last  lifetime technically, as everything is fairly easily replacable 그리고 they will send replacement parts upon request, I would prefer not ~에 need ~에 buy replacement parts after only  couple of 년. First, I accidentally broke  tab holding in  front dust filter, 하지만 I could glue that back on. Later on,  few 개월 ago, my headphone jack started failing, 그리고 eventually I had ~에 buy  새로운 front panel ~을 위한 it ~을 위한  bit over $20 ~에 replace quickly. Now that I have two panels, I could try ~에 repair  오래된 one while  새로운 one is still in 사용, though  디자인 itself is dumb, ~와 함께  end of  headphone jack being on  PCB instead of  long side being mounted on  perpendicular PCB. Recently, my fans made weird noises on one of my rare start-ups (I run this 컴퓨터 as both  PC, router, 그리고 server) too, 하지만 maybe those will amount ~에 nothing. Still, I am not confident in  품질 of this case anymore."
* Xiaomi TV S Pro 75 L75MA-SM,* Xiaomi TV S Pro 75 L75MA-SM
* (Hisense) Vidda Discovery X Pro 2026,* (Hisense) Vidda Discovery X Pro 2026
Fjallraven Vidda Pro Warranty Turn Around Time,Fjallraven Vidda Pro Warranty Turn Around Time
"I'm looking for a bag that is comfortable and can hold my 16"" MacBook Pro that is great for flying and going through security but also provide a good amount of back ventilation so I don't sweat like a pig.","I'm looking ~을 위한  bag that is comfortable 그리고 can hold my 16"" MacBook Pro that is 훌륭한 ~을 위한 flying 그리고 going through security 하지만 also provide  좋은 amount of back ventilation so I don't sweat 마음에 드는  pig."
• Laptop Compartment – Fits a 16” MacBook Pro (M3) securely.,• 노트북 Compartment – Fits  16” MacBook Pro (M3) securely.
"I'm a big, active guy, (6'5"", 320 pounds, built like a recently retired pro wrestler) and clothing that looks good, fits properly, and doesn't wear out quickly is difficult to find. I'm specifically looking for cargo pants, khakis, socks, and walking shoes. Athletic wear is usually pretty easy to find if somewhat overpriced, but workwear seems to be made for guys my size who don't actually move much. I can't seem to find shoes that last longer than 6 months( I average about 11 miles a work day on foot), and durable socks don't seem to go beyond size 15(I wear a 17). I also have a problem with splitting pants at the inner thighs halfway to the knee.","I'm  big, active guy, (6'5"", 320 pounds, built 마음에 드는  recently retired pro wrestler) 그리고 clothing that looks 좋은, fits properly, 그리고 doesn't wear out quickly is difficult ~에 find. I'm specifically looking ~을 위한 cargo pants, khakis, socks, 그리고 walking shoes. Athletic wear is usually pretty easy ~에 find if somewhat overpriced, 하지만 workwear seems ~에 be made ~을 위한 guys my size who don't actually move much. I can't seem ~에 find shoes that last longer than 6 개월( I average about 11 miles  작업 day on foot), 그리고 durable socks don't seem ~에 go beyond size 15(I wear  17). I also have  문제 ~와 함께 splitting pants at  inner thighs halfway ~에  knee."
"The exterior is a TPE Laminate, so it feels a lot like those rain jackets from North Face. It has 4 pockets, the back one (close to your back) has a slot for your notebook that is fleece lined. I put my 13 inch Macbook Pro in there as well as my 15 inch Razer Blade, which fits snuggly. not sure if it can accommodate a 17 inch. THere is a smaller pouch for a tablet, in which I put my 10 inch Ipad Pro in. its lined with some kind of microfiber lining rather than fleece like the laptop.  Next to that is an area designated for paper and books.  The next compartment is a general open area space that goes all the way down. In the front are two smaller compartments intended for your pens, mouse, chargers etc.  This backpack is definitely intended for apple products because the way the charger pockets, tablet pockets, etc are shaped and designed, they fit very well for Apple's computers.   The bottom is rubberized.  One thing I noted is that the exterior gets HOT. Probably because its black and its material, but when walking around in the sun for just 20 min, the outside was really hot to the touch.  Worried about my laptop, I opened it and felt it, it was still normal inside fortunately.","exterior is  TPE Laminate, so it feels  lot 마음에 드는 those rain jackets from North Face. It has 4 pockets,  back one (close ~에 your back) has  slot ~을 위한 your 노트북 that is fleece lined. I put my 13 inch Macbook Pro in there as well as my 15 inch Razer Blade, which fits snuggly. not sure if it can accommodate  17 inch. THere is  smaller pouch ~을 위한  tablet, in which I put my 10 inch Ipad Pro in. its lined ~와 함께 some kind of microfiber lining rather than fleece 마음에 드는  노트북.  Next ~에 that is  area designated ~을 위한 paper 그리고 books.   next compartment is  general open area space that goes all  way down. In  front are two smaller compartments intended ~을 위한 your pens, 마우스, chargers etc.  This backpack is definitely intended ~을 위한 apple products because  way  charger pockets, tablet pockets, etc are shaped 그리고 designed, they fit very well ~을 위한 Apple's computers.    bottom is rubberized.  One thing I noted is that  exterior gets HOT. Probably because its black 그리고 its material, 하지만 when walking around in  sun ~을 위한 just 20 min,  outside was really hot ~에  터치.  Worried about my 노트북, I opened it 그리고 felt it, it was still normal inside fortunately."
Pros:,장점:
Pros:,장점:
Lowepro life expectancy,Lowepro life expectancy
My Lowepro Ridgeline 300’s grab handle and compression straps broke over the past couple of weeks. I’ve had this bag since 2015/16.,My Lowepro Ridgeline 300’s grab handle 그리고 compression straps broke over  past couple of weeks. I’ve had this bag since 2015/16.
"1.  what type of materials are coloured straps made of, and if they typically fail faster than other straps? No luck with lowepro literature.","1.  what type of materials are coloured straps made of, 그리고 if they typically fail faster than other straps? No luck ~와 함께 lowepro literature."
"Honestly I had my doubts but I’m impressed. The silicone around the case is very soft and smooth, sturdy but not stiff in a way that makes cases hard to take off and put on. The buttons all click very nicely. I have the 16 pro max and the camera cutout slot is actually also very nice, it doesn’t obstruct at all and actually divots in a way that’s nice to rest your finger on when using. It’s not an insane protection case or anything from what I can tell but I’d say it’s standard. As it stands by itself I could see myself using the case without a back and laying some stickers (still covered) on the inside as an extra way to design and have fun with it.","Honestly I had my doubts 하지만 I’m 감명받은.  silicone around  case is very soft 그리고 부드러운, sturdy 하지만 not stiff in  way that makes cases hard ~에 take off 그리고 put on.  buttons all click very nicely. I have  16 pro max 그리고  camera cutout slot is actually also very nice, it doesn’t obstruct at all 그리고 actually divots in  way that’s nice ~에 rest your finger on when 사용하는. It’s not  insane protection case 또는 anything from what I can tell 하지만 I’d say it’s standard. As it stands by itself I could see myself 사용하는  case without  back 그리고 laying some stickers (still covered) on  inside as  extra way ~에 디자인 그리고 have fun ~와 함께 it."
"I’m looking into buying a new luggage set (carry-on + medium/large checked luggage, ideally spinners) in the next couple months. I’m a remote tech worker and frequently go on 2–3 day business trips for in-person meetings and events (domestic travel within the US, typically two about 1-hour flights with a 2-hour layover). I’m a short small-framed woman and have to pack a bit heavy due to a chronic illness. I pack a small soft-sided cooler in my checked luggage so I can bring my own food (frozen) that won’t set off my illness, and I also keep a bunch of stuff on me while in the airport to ensure as smooth a trip as possible. I also have a 16"" MacBook Pro for work. The point of this is that my travel gear tends to get quite heavy and cumbersome.","I’m looking into buying  새로운 luggage set (carry-on + medium/large checked luggage, ideally spinners) in  next couple 개월. I’m  remote tech worker 그리고 frequently go on 2–3 day 비즈니스 trips ~을 위한 in-person meetings 그리고 events (domestic travel within  US, typically two about 1-hour flights ~와 함께  2-hour layover). I’m  short small-framed woman 그리고 have ~에 pack  bit heavy due ~에  chronic illness. I pack  small soft-sided cooler in my checked luggage so I can bring my own food (frozen) that won’t set off my illness, 그리고 I also keep  bunch of stuff on me while in  airport ~에 ensure as 부드러운  trip as possible. I also have  16"" MacBook Pro ~을 위한 작업.  point of this is that my travel gear tends ~에 get quite heavy 그리고 cumbersome."
"- [Travel Pro Crew VersaPack Max Carry-On + 25"" Checked](https://travelpro.com/collections/crew™-versapack™-collection/products/crew-versapack-max-25-luggage-set?variant=31897425936482)","- [Travel Pro Crew VersaPack Max Carry-On + 25"" Checked](https://travelpro.com/collections/crew™-versapack™-collection/products/crew-versapack-max-25-luggage-set?variant=31897425936482)"
"- [TravelPro MaxLite 5 21"" Carry-On + 25"" Checked](https://travelpro.com/products/maxlite®-5-breakaway-luggage-set?variant=19640858280034)","- [TravelPro MaxLite 5 21"" Carry-On + 25"" Checked](https://travelpro.com/products/maxlite®-5-breakaway-luggage-set?variant=19640858280034)"
"- [TravelPro Platinum Elite 21"" Carry-On + 25"" Checked](https://travelpro.com/products/platinum®-elite-first-class?variant=20371575275618)","- [TravelPro Platinum Elite 21"" Carry-On + 25"" Checked](https://travelpro.com/products/platinum®-elite-first-class?variant=20371575275618)"
"My favorite in terms of features is the TravelPro Crew VersaPack. I like its weight, wedge shape, and zip-in organizers. I almost bought it but I wanted to ask the company about the availability of one of their colorways. I then realized that their website does not have an email listing or live chat even though their contact page mentions them and their contact form does not have an option for general questions (the FAQ option just bounces me to their FAQ page). I tried pinging their social media and got no response. I then tried calling their hotline during business hours and it hung up on me citing high call volume. This whole experience has made me extremely hesitant to do business with them. If it’s this hard just to ask a simple sales question, how hard will it be to get service if something goes wrong? Does anyone have recent experience dealing with TravelPro customer service? B&R is expensive but at least they list their customer service email in big letters.","My favorite in terms of 기능들 is  TravelPro Crew VersaPack. I 마음에 드는 its 무게, wedge shape, 그리고 zip-in organizers. I almost bought it 하지만 I wanted ~에 ask  company about  availability of one of their colorways. I then realized that their website does not have  email listing 또는 live chat even though their contact page mentions them 그리고 their contact form does not have  옵션 ~을 위한 general questions ( FAQ 옵션 just bounces me ~에 their FAQ page). I tried pinging their social media 그리고 got no response. I then tried calling their hotline during 비즈니스 시간 그리고 it hung up on me citing high call volume. This whole experience has made me extremely hesitant ~에 do 비즈니스 ~와 함께 them. If it’s this hard just ~에 ask  simple sales question, how hard will it be ~에 get 서비스 if something goes wrong? Does anyone have recent experience dealing ~와 함께 TravelPro customer 서비스? B&R is expensive 하지만 at least they list their customer 서비스 email in big letters."
I'm looking for a pair of really durable daily wear boots/shoes for my husband. I've heard really good things about Wolverine and I was hoping for some more info from those of you with experience.,I'm looking ~을 위한  pair of really durable 매일 wear boots/shoes ~을 위한 my husband. I've heard really 좋은 things about Wolverine 그리고 I was hoping ~을 위한 some more info from those of you ~와 함께 experience.
I hear all the pros of the Miele. An ex boyfriend had one so I also have experience using them. It did make me appreciate the ease of maneuvering a canister and how light and quiet it is.,I hear all  장점 of  Miele.  ex boyfriend had one so I also have experience 사용하는 them. It did make me appreciate  ease of maneuvering  canister 그리고 how 가벼운 그리고 quiet it is.
Daimer KleenJet Pro Plus 200S - Up to 75 PSI. $1095. Steam temp up to 310ºF. Weighs 23lbs. Warranty is 1 year on labor/3 years on parts with a lifetime boiler warranty.,Daimer KleenJet Pro Plus 200S - Up ~에 75 PSI. $1095. Steam temp up ~에 310ºF. Weighs 23lbs. Warranty is 1 year on labor/3 년 on parts ~와 함께  lifetime boiler warranty.
* Oral-B Pro 100,* Oral-B Pro 100
